TP_NoTP,actual_label,oof_predicted_label,oof_is_error,oof_p_tp,oof_p_notp,is_boundary_band,ptp_distance_from_boundary,local_nn_dist,coverage_cell_key,A_Cell_D,C_Barrier_Thx,E_Barrier_Outer_Thx,F_ThermalResin_Thx,B_Barrier_Type,D_Barrier_Outer_Type,discrete_combo_id,Eval#,MaxT_TB,MaxT_Adj,MaxT_Adj_Y,MaxT_Adj_Z,Max_Power,Time_MaxT,Time_Max_Power,Unnamed: 15,Unnamed: 16,CellD_x_Resin,Barrier_x_Outer,oof_tmax_pred
1,1,1,False,0.999345600605011,0.0006543993949890137,False,0.499345600605011,0.33059940773385615,3_0_0_3,14.4030054,0.504457417,1.351974252,2.177480305,Si1,Si1,combo_002,1,451.1424865,916.7147143,-0.000350925,0.044567507,1332.955958,134.000001,94.9,Initial,,31.362260591308647,0.6820134390144271,444.3812425777198
1,1,1,False,0.9999996423721313,3.5762786865234375e-07,False,0.49999964237213135,0.18579068083449135,3_0_3_2,14.90789813,0.549540979,2.642394944,1.787474521,Si1,Si1,combo_002,2,431.4329144,538.9130314,-0.000363548,0.044716343,1341.339405,169.000001,94.5,,,26.647488069038545,1.45210430443041,432.99778421829615
1,1,1,False,0.9921724200248718,0.007827579975128174,False,0.4921724200248718,0.23795360435278395,1_0_1_2,10.70219176,0.876237523,1.657999209,1.664449727,Si1,Si1,combo_002,3,377.783906,703.7643878,0.026615689,0.038502308,1033.336124,143.000001,82.9,,,17.81326015323365,1.4528011200301194,373.9029161544308
0,0,0,False,0.004103043116629124,0.9958969568833709,False,0.4958969568833709,0.1090636114512702,0_1_3_3,9.277227738,1.211448606,2.543938484,2.42540283,Si1,Si1,combo_002,4,336.3691273,282.5199847,-0.000668342,0.055374813,871.2643327,186.7,76.1,,,22.5010144102997,3.081850730191553,336.8979708082289
1,1,1,False,0.955520510673523,0.04447948932647705,False,0.45552051067352295,0.12799710291796812,2_0_3_3,13.88514749,0.708211121,2.843611137,2.21911424,Si1,Si1,combo_002,5,412.7974615,668.1009903,-0.001013936,0.030756066,1216.364805,195.000001,93.1,,,30.812728519559258,2.013877031022855,412.11747605469066
0,0,0,False,1.0655346613930305e-06,0.9999989344653386,False,0.4999989344653386,0.1089361748622679,3_1_3_2,14.45889967,1.003030175,2.999787974,1.72359812,Si1,Si1,combo_002,6,401.9500636,277.9786148,0.002466258,0.055231155,1197.645034,238.3,97.1,,,24.921332288480617,3.008877856524115,400.61609379219914
1,1,1,False,0.9688746333122253,0.031125366687774658,False,0.46887463331222534,0.16395689507243516,2_0_1_2,13.33534914,0.792727938,1.969203664,1.975665307,Si1,Si1,combo_002,7,412.2865544,792.2907573,0.023669062,0.034044541,1222.357589,180.000001,91.8,,,26.346186652630287,1.5610427600647647,412.64407544169467
1,1,1,False,1.0,0.0,False,0.5,0.2852354259579887,0_0_3_1,9.711760907,0.513741627,2.896365883,1.209815956,Si1,Si1,combo_002,8,369.5111908,593.1825765,0.000233644,0.040420412,1005.118725,114.000001,76.9,,,11.749443306145631,1.4879837211197118,368.31101812128037
0,0,0,False,3.1775215347806807e-08,0.9999999682247847,False,0.49999996822478465,0.2978957916426766,3_2_0_3,14.6034658,1.849575612,1.279083666,2.497886544,Si1,Si1,combo_002,9,382.6814224,269.577313,0.000355937,0.05515713,1094.939165,237.7,94.5,,,36.477800717584195,2.3657619543411537,384.515509035152
1,1,1,False,0.9999998211860657,1.7881393432617188e-07,False,0.4999998211860657,0.2599084749136205,0_0_1_3,8.871051147,0.739229422,1.618180107,2.291143164,Si1,Si1,combo_002,10,362.8462977,653.338085,-0.000212626,0.042312624,931.5141542,112.000001,74.9,,,20.32484819294341,1.196206345189508,360.6020398088387
0,0,0,False,5.41355675565125e-11,0.9999999999458644,False,0.4999999999458644,0.300221316958579,3_2_2_0,14.98731777,1.578348137,2.494534358,0.742598557,Si1,Si1,combo_002,11,378.5229739,260.5301258,0.000365533,0.055164975,1142.559396,234.5,103.4,,,11.129560549302457,3.9372436566317917,379.62269863691307
1,1,1,False,1.0,0.0,False,0.5,0.13287037677007799,1_0_0_3,11.90366821,0.573073028,1.410814098,2.489698147,Si1,Si1,combo_002,12,414.2164946,794.7020064,-0.002019092,0.042977813,1152.382785,121.000001,88.2,,,29.636540684939803,0.8084995070859488,408.5445739979255
0,0,0,False,2.4139358174579684e-06,0.9999975860641825,False,0.49999758606418254,0.19800611359229686,1_2_2_2,10.5409877,1.47653842,2.421191725,1.6471982,Si1,Si1,combo_002,13,335.7844445,271.7492477,0.002289373,0.055222473,885.3009739,208.2,82.3,,,17.36309596566214,3.5749826041485746,335.3417436997192
0,0,0,False,4.5886201405664906e-05,0.9999541137985943,False,0.49995411379859434,0.20571375921962567,1_3_0_3,10.12486991,2.389110332,1.496922138,2.351863531,Si1,Si1,combo_002,14,298.2144884,257.3380683,0.002195746,0.055318808,765.904808,209.5,84.5,,,23.812312297448248,3.5763121460953298,300.33052370819064
0,0,0,False,0.0008904668502509594,0.999109533149749,False,0.49910953314974904,0.3206393058020357,1_2_3_3,11.05605998,1.755874274,2.912454606,2.387237757,Si1,Si1,combo_002,15,329.7043451,261.6280806,0.000267252,0.055276905,863.4735816,227.8,85.5,,,26.393443827912666,5.113904116868206,330.4741844468924
1,1,1,False,0.9002732038497925,0.09972679615020752,False,0.4002732038497925,0.07970091196833881,2_1_0_3,13.15044621,1.16594142,1.226932391,2.253377731,Si1,Si1,combo_002,16,400.5222103,798.3703781,0.043786728,0.038672949,1129.194861,188.000001,86.4,,,29.63292264232735,1.4305312942065354,399.06148266760215
1,1,1,False,0.9068406224250793,0.09315937757492065,False,0.40684062242507935,0.1560501773718534,1_0_3_0,10.24682028,0.921435014,2.80632519,0.668970615,Si1,Si1,combo_002,17,349.0689651,831.7834309,0.000247021,0.033347768,945.2323661,161.000001,80.1,,,6.854821664506072,2.5858462907362028,350.1934949715353
1,1,1,False,1.0,0.0,False,0.5,0.25953531065492635,2_0_1_0,12.00408497,0.619828684,1.90947607,0.591471772,Si1,Si1,combo_002,18,398.6728436,588.3063808,0.000290952,0.044515675,1171.001807,126.000001,86.2,,,7.100077408444466,1.183548039597592,396.7660615875279
0,0,0,False,0.0005617554998025298,0.9994382445001975,False,0.49943824450019747,0.16483864538385778,0_2_2_3,8.186490662,1.91811608,2.249524305,2.109970561,Si1,Si1,combo_002,19,290.2857717,264.2801914,0.001368586,0.055317227,712.4012227,183.3,74.0,,,17.2732542947214,4.314848741771324,288.8745567235787
1,1,1,False,1.0,0.0,False,0.5,0.21217538219942955,2_0_2_1,12.22832837,0.501428682,2.399133012,1.310690718,Si1,Si1,combo_002,20,406.3885816,618.7459303,0.001482791,0.043594055,1152.38133,127.000001,84.2,,,16.02755649121507,1.2029941041498502,406.0962900840704
1,1,1,False,0.9300400018692017,0.06995999813079834,False,0.43004000186920166,0.12339411626084448,1_0_3_3,11.53079879,0.698546095,2.939396175,2.040166702,Si1,Si1,combo_002,21,383.6702897,638.2451252,0.032098797,0.036006477,1063.938064,167.000001,83.3,,,23.52475173881989,2.0533037197041866,383.0949141334731
0,0,0,False,9.319913078797981e-05,0.999906800869212,False,0.499906800869212,0.1581559499859062,2_1_3_3,13.0535609,1.034229167,2.56977531,2.151037919,Si1,Si1,combo_002,22,389.8942223,277.4001598,-0.000317189,0.055345445,1115.983557,223.3,92.2,,,28.07870447387577,2.6577365782384663,390.2057753150807
0,0,0,False,2.2965825074994228e-10,0.9999999997703417,False,0.49999999977034176,0.2854616748635322,3_2_2_3,15.23958487,1.592728603,2.13134733,2.01074464,Si1,Si1,combo_002,23,392.4079801,267.2466066,0.00037184,0.055266123,1190.547336,253.9,104.3,,,30.642913593177596,3.3946578554186804,393.04916547090716
1,1,1,False,0.9079636335372925,0.09203636646270752,False,0.4079636335372925,0.11233926237871912,3_0_3_0,15.52269754,0.639305463,2.751998239,0.800713539,Si1,Si1,combo_002,24,425.6539238,520.3013039,-0.000378918,0.042059843,1349.272553,198.000001,97.5,,,12.429234082079994,1.7593675083590798,426.4167055486149
0,0,0,False,0.00012410439376253635,0.9998758956062375,False,0.49987589560623746,0.2671247586437029,3_3_3_1,15.72510127,2.125455429,2.862582939,1.074423359,Si1,Si1,combo_002,25,368.2279546,245.8362916,0.000383978,0.05539638,1098.768881,260.4,107.4,,,16.895416127128566,6.084292448660326,360.78792833227556
0,0,0,False,7.043257088668042e-10,0.9999999992956743,False,0.4999999992956743,0.18727093907073813,0_2_3_0,9.3906414,1.688101297,2.607965856,0.615911572,Si1,Si1,combo_002,26,301.8196819,271.1522907,0.002030544,0.055275152,791.7846392,193.2,77.2,,,5.783804706762281,4.402510544045315,302.6162874995344
0,0,0,False,2.6853081180888694e-06,0.9999973146918819,False,0.4999973146918819,0.27984384625712955,2_3_3_1,12.27285946,2.078057068,2.814394704,1.396802566,Si1,Si1,combo_002,27,326.5953973,253.5232588,0.001488357,0.055433447,886.4979637,236.8,91.3,,,17.142761585885374,5.848472806788968,327.1650781762223
1,1,1,False,1.0,0.0,False,0.5,0.21906488521305684,0_0_2_1,8.33796206,0.643407986,2.483834204,1.122476514,Si1,Si1,combo_002,28,355.459812,947.7506747,0.000199299,0.041254893,897.8462108,109.000001,72.4,,,9.359166586973059,1.5981187627535531,350.036667262802
0,0,0,False,0.0001368006196571514,0.9998631993803428,False,0.49986319938034285,0.23239114064858243,1_1_1_1,11.44641156,1.432112239,1.935058473,1.231966637,Si1,Si1,combo_002,29,350.9504974,274.3876237,0.001385052,0.05517402,964.5400799,207.8,86.3,,,14.101597155291122,2.771220922363951,351.93578912219186
1,1,1,False,0.9999958872795105,4.112720489501953e-06,False,0.4999958872795105,0.16210445619809413,3_0_2_0,15.10141638,0.521750771,2.21088038,0.943518921,Si1,Si1,combo_002,30,437.7442284,847.884353,0.002578699,0.043837875,1404.801538,155.000001,95.3,,,14.248472088429326,1.153528542853773,435.26903545796654
0,0,0,False,4.0474528617551186e-08,0.9999999595254714,False,0.4999999595254714,0.16483864538385778,0_3_2_3,9.080830208,1.990215089,2.322999861,2.327953945,Si1,PU,combo_001,31,303.1515201,265.0104704,0.000217871,0.055419585,762.4401279,193.5,79.0,,,21.13975450658877,4.623269375107103,304.00455258011016
1,1,1,False,1.0,0.0,False,0.5,0.13287037677007799,1_0_0_3,11.5994219,0.532842525,1.438647501,2.239986514,Si1,PU,combo_001,32,411.5364314,530.8239888,-0.003650862,0.04858455,1152.54659,110.000001,86.2,,,25.982548626196255,0.76657256701778,409.2843997335839
0,0,0,False,0.2605960965156555,0.7394039034843445,False,0.23940390348434448,0.13145809138747278,0_1_1_2,9.987513583,1.35758654,1.739590153,1.8733312,Si1,PU,combo_001,33,345.8330237,320.8776544,0.00216484,0.055411841,912.1954084,176.5,81.1,,,18.70992080545769,2.3616441768293406,345.50381167955527
1,1,1,False,1.0,0.0,False,0.5,0.25914666613574644,1_0_1_3,11.26112356,0.500171972,2.037294948,2.462450732,Si1,PU,combo_001,34,407.625864,793.1965374,0.000817134,0.04221859,1123.234734,115.000001,83.8,,,27.729961953464446,1.0189978316867974,403.7482638946551
0,0,0,False,8.701573702308164e-15,0.9999999999999913,False,0.4999999999999913,0.4062901635053754,1_3_3_0,10.34386155,2.436721223,2.983961895,0.87986646,Si1,PU,combo_001,35,288.0502193,251.2885876,0.002245019,0.055438562,742.208872,218.8,84.4,,,9.101216844728613,7.271083278169798,290.15057331096517
1,1,1,False,0.9954886436462402,0.004511356353759766,False,0.49548864364624023,0.21217538219942955,2_0_2_2,12.73686507,0.51522735,2.086959448,1.546783166,Si1,PU,combo_001,36,425.8682655,505.3798842,-0.000309272,0.047937102,1208.287565,124.0,87.5,,,19.70116847788941,1.0752585859505028,422.82858937712547
1,1,1,False,0.9344808459281921,0.06551915407180786,False,0.43448084592819214,0.10453986395896069,3_0_3_3,14.19757507,0.784718346,2.629447057,2.368650868,Si1,PU,combo_001,37,425.4487736,834.7074491,0.001728948,0.037691056,1293.451234,170.000001,92.3,,,33.62909851305066,2.0633753454636077,424.15221044958633
0,0,0,False,4.558617305860935e-08,0.9999999544138269,False,0.49999995441382694,0.27984384625712955,2_2_2_1,12.47270295,1.83224038,2.342103965,1.453123973,Si1,PU,combo_001,38,349.6349529,263.4500318,0.001513338,0.055292749,975.3129773,222.4,91.0,,,18.124383664752823,4.2912974588311075,348.9207613219186
1,1,1,False,0.9994542002677917,0.000545799732208252,False,0.49945420026779175,0.2795778058578261,0_0_0_0,9.471366336,0.560851252,1.569097242,0.522783824,Si1,PU,combo_001,39,370.9607249,578.890237,0.000227634,0.047575558,1011.693879,98.000001,75.6,,,4.951477111638949,0.8800301526854469,372.2006462052397
1,1,1,False,0.9999998211860657,1.7881393432617188e-07,False,0.4999998211860657,0.21876900238349464,3_0_1_3,15.91493419,0.666482501,1.834361701,2.076364175,Si1,PU,combo_001,40,452.6783854,801.2857252,-0.000388723,0.043925727,1435.883939,173.000001,99.6,,,33.04519919959865,1.222569974221094,452.2414479888395
0,0,0,False,0.04405619576573372,0.9559438042342663,False,0.4559438042342663,0.15417322635748348,0_1_3_2,9.79563474,1.236096836,2.995137414,1.599804221,Si1,PU,combo_001,41,341.8140585,282.0191344,0.001650185,0.055331668,893.8991446,190.5,78.8,,,15.671097804426239,3.702279880830622,340.88976906585555
1,1,1,False,1.0,0.0,False,0.5,0.03731328257816665,0_0_0_3,8.458299304,0.587280037,1.156297886,2.47490185,Si1,PU,combo_001,42,407.0448488,540.0458014,0.000202308,0.006271533,949.1164383,78.000001,63.9,,,20.933460595323314,0.6790706652731017,371.7507525198987
1,1,1,False,0.9999998211860657,1.7881393432617188e-07,False,0.4999998211860657,0.25577336565901393,0_0_0_1,8.769077072,0.973645182,1.122690056,1.155854016,Si1,PU,combo_001,43,351.1037684,843.7232211,-0.011974389,0.042225477,886.9552921,105.000001,68.3,,,10.135772950284721,1.0931017639037102,348.85202046964923
0,0,0,False,1.1540126632070269e-09,0.9999999988459873,False,0.49999999884598734,0.20881572933226727,3_3_1_2,14.11097311,2.255763284,1.68575654,1.91992554,Si1,PU,combo_001,44,357.9605233,258.4167191,-0.000343624,0.05523994,1036.638144,245.1,98.8,,,27.092017668142226,3.8026677086948775,356.55695077780075
0,0,0,False,0.02061297558248043,0.9793870244175196,False,0.47938702441751957,0.14698482150117445,3_1_3_1,14.77787692,1.13602359,2.964930191,1.476564894,Si1,PU,combo_001,45,406.3031061,277.2696752,-0.000360297,0.055132572,1242.490328,233.3,98.6,,,21.820494267924847,3.3682306396792057,406.64105873783956
0,0,0,False,2.427685830141968e-10,0.9999999997572314,False,0.4999999997572314,0.3206393058020357,1_3_3_2,10.4507631,2.037060751,2.785120777,1.847508326,Si1,PU,combo_001,46,314.3302928,260.4008849,0.001260595,0.055230971,808.8010089,216.8,83.0,,,19.30787184030357,5.673460221621323,313.75771987398656
1,1,1,False,0.8622319102287292,0.13776808977127075,False,0.36223191022872925,0.10279607832788781,2_0_3_3,13.43030129,0.839720755,2.969632058,2.481108127,Si1,PU,combo_001,47,410.406597,560.3518301,-0.032987358,0.031680928,1205.811017,210.000001,91.5,,,33.32202967867758,2.493661673815964,409.1844369219037
1,1,1,False,0.9992008209228516,0.0007991790771484375,False,0.49920082092285156,0.3029620903307971,0_0_1_2,8.056883314,0.508237078,1.845112362,1.827143649,Si1,PU,combo_001,48,362.8049189,551.8531792,0.001345904,0.044414832,927.4734069,94.000001,70.9,,,14.721083177909172,0.9377545154445582,364.9254717559366
1,1,1,False,1.0,0.0,False,0.5,0.16210445619809413,3_0_2_1,15.85822607,0.602909739,2.433992627,1.030525901,Si1,PU,combo_001,49,448.1576114,557.7474919,0.005809586,0.045314773,1495.851653,176.000001,99.0,,,16.34231270904844,1.4674778594724942,445.7227631617018
0,0,0,False,0.2699984610080719,0.7300015389919281,False,0.2300015389919281,0.12176756095230953,2_1_2_2,13.56362331,1.086477729,2.095301205,1.956604525,Si1,PU,combo_001,50,405.3222588,283.296562,-0.000329941,0.055135062,1221.422603,219.2,91.8,,,26.538646743741477,2.2764980947793636,404.6824444054393
1,1,0,True,0.3962450623512268,0.6037549376487732,False,0.1037549376487732,0.03593724297678286,2_1_0_3,13.81225562,1.278013041,1.30677945,2.439894897,Si1,PU,combo_001,51,404.8669592,582.7382892,0.037313372,0.035968746,1167.300532,200.000001,88.0,,,33.70045200329757,1.6700811788108074,404.8451707167725
1,1,1,False,0.9999966621398926,3.337860107421875e-06,False,0.4999966621398926,0.1875238757740491,1_0_3_2,10.90292935,0.536393095,2.94662593,1.740716285,Si1,PU,combo_001,52,393.9597747,571.4287344,0.000263423,0.040303757,1080.733403,128.000001,82.2,,,18.978906673749467,1.5805498023999534,390.2107143780217
0,0,0,False,0.005679287947714329,0.9943207120522857,False,0.49432071205228567,0.15806931659657303,2_1_3_3,12.84982617,1.056834817,2.885198342,2.133366649,Si1,PU,combo_001,53,391.0113908,279.6127966,-0.000312096,0.055214417,1129.600885,216.5,89.1,,,27.413390596525407,3.049178061776273,392.4751362469473
0,0,0,False,6.943424523342401e-06,0.9999930565754767,False,0.49999305657547666,0.22329365062000056,2_2_1_0,13.71115831,1.516819076,1.760447543,0.736536948,Si1,PU,combo_001,54,378.8373835,274.1188644,-0.000333629,0.055107578,1154.274237,212.0,94.8,,,10.098774695192239,2.67028041551973,380.0150575431058
1,1,1,False,0.9859751462936401,0.014024853706359863,False,0.48597514629364014,0.17791763519173104,1_0_3_2,11.09739754,0.750470563,2.687772852,1.527912492,Si1,PU,combo_001,55,385.5942103,820.776171,0.029243065,0.037828185,1064.190059,149.000001,83.2,,,16.955852330056068,2.017094405456556,384.065745490988
1,1,1,False,0.9872873425483704,0.012712657451629639,False,0.48728734254837036,0.18325961839887914,0_0_2_0,8.99995617,0.911918424,2.298208866,0.889472575,Si1,PU,combo_001,56,354.334329,881.4019611,0.003669433,0.038636971,912.5437773,125.000001,74.6,,,8.005214189417039,2.095779007105547,348.2489229563026
0,0,0,False,0.0017951929476112127,0.9982048070523888,False,0.4982048070523888,0.2671247586437029,3_2_3_1,15.43470197,1.665994537,2.70817874,1.280896749,Si1,PU,combo_001,57,388.9437753,264.7160807,-0.002637023,0.055250378,1193.163062,242.9,104.4,,,19.770259575156896,4.511810986059544,388.03369146858665
0,0,0,False,0.0024059133138507605,0.9975940866861492,False,0.49759408668614924,0.13616466931181706,2_1_3_1,12.59282279,1.349565683,2.726753058,1.342611595,Si1,PU,combo_001,58,372.2804676,272.1085661,-0.000305671,0.055260352,1060.517142,216.5,89.9,,,16.90726989163425,3.6799323530921084,370.8158566866685
0,0,0,False,0.0012718011857941747,0.9987281988142058,False,0.4987281988142058,0.20571375921962567,0_3_0_3,8.532951007,2.310786502,1.541974489,2.301852257,Si1,PU,combo_001,59,284.0430047,254.8609789,0.000204174,0.055313456,688.5729696,184.1,82.3,,,19.641592534333373,3.5631738356095477,278.9171065863622
0,0,0,False,1.3437680536299013e-05,0.9999865623194637,False,0.4999865623194637,0.36866140298802696,1_3_2_3,11.83528426,2.184009165,2.17406533,2.413524809,Si1,PU,combo_001,60,330.6788225,257.3599222,0.002580589,0.055276282,883.6767459,229.6,88.9,,,28.564752183077207,4.748178606028749,333.43638395186684
0,0,0,False,0.03262834995985031,0.9673716500401497,False,0.4673716500401497,0.05200120146866477,3_1_0_1,15.54531875,1.450385014,1.212317857,1.291704882,Si1,Si1,combo_002,1,406.8435491,277.5987245,0.000379483,0.055072776,1245.255627,229.6,95.5,Itr_1,,20.07996412162114,1.758327651997395,410.29528949180707
0,0,0,False,0.023526176810264587,0.9764738231897354,False,0.4764738231897354,0.05200120146866477,3_1_0_1,15.54644773,1.45309986,1.2033606,1.395243037,Si1,PU,combo_001,2,414.6673237,273.9235583,0.000379511,0.05507481,1257.002334,226.3,94.5,,,21.691072945366955,1.748603119389516,411.4306149292919
0,0,0,False,0.00869031436741352,0.9913096856325865,False,0.4913096856325865,0.13670456615824098,3_2_0_1,14.16200775,1.488784142,1.157777162,1.420451851,Si1,PU,combo_001,3,395.1831768,282.453787,0.002414302,0.05534202,1149.297106,209.4,90.0,,,20.116450122363844,1.723680278755365,394.7934562145502
1,1,1,False,0.9499258995056152,0.050074100494384766,False,0.44992589950561523,0.09114950202361488,0_1_0_0,8.086292454,1.308219549,1.467327805,0.670358546,Si1,Si1,combo_002,4,318.7919878,989.5260725,-0.000579022,0.046128733,785.8114136,141.000001,73.1,,,5.420715251994213,1.9195869192922599,313.5434739039563
0,0,0,False,0.000784585892688483,0.9992154141073115,False,0.4992154141073115,0.10150652068877104,2_2_0_0,12.85289986,1.485869873,1.169436726,0.619592105,Si1,Si1,combo_002,5,370.3500109,280.2434562,0.000312173,0.05522118,1040.857641,196.5,86.1,,,7.963555279611605,1.7376307995431557,370.7666471529505
1,1,1,False,0.9720777273178101,0.02792227268218994,False,0.47207772731781006,0.09114950202361488,0_1_1_0,8.473601043,1.248477686,1.587833669,0.605567693,Si1,Si1,combo_002,6,321.7899592,533.8186259,0.00060807,0.04357835,815.407218,142.000001,74.3,,,5.131339035011904,1.9823749048260098,320.8807482706727
1,1,1,False,0.7225013971328735,0.27749860286712646,False,0.22250139713287354,0.09105714226753979,0_1_0_0,9.846369757,1.440450919,1.239013635,0.702533181,Si1,Si1,combo_002,7,331.5178937,862.0830784,-0.005451213,0.043372693,873.9810357,151.000001,74.4,,,6.917401466687406,1.7847383291892809,332.66500335747554
0,0,0,False,0.03575707599520683,0.9642429240047932,False,0.46424292400479317,0.0885166882390135,2_2_0_0,13.16970418,1.472876761,1.191677773,0.804590912,Si1,Si1,combo_002,8,376.7092546,279.435545,-0.000320093,0.055277964,1064.199695,201.0,87.2,,,10.596224296956413,1.7551944984519334,376.1688483030061
0,0,0,False,0.00041367695666849613,0.9995863230433315,False,0.4995863230433315,0.0885166882390135,2_2_0_0,13.79975398,1.491463044,1.155320337,0.735884826,Si1,Si1,combo_002,9,383.075107,281.4842217,-0.000335844,0.055289188,1109.313523,204.2,89.5,,,10.155029556415109,1.723117586617126,382.4280820734388
0,0,0,False,0.4790596067905426,0.5209403932094574,True,0.020940393209457397,0.09374232955556312,0_1_0_0,8.752161841,1.467544847,1.210559771,0.912920274,Si1,Si1,combo_002,10,313.6089676,284.3520239,0.000209654,0.055424328,791.1412561,161.3,70.1,,,7.990025985978064,1.7765507539165502,316.40270459136957
1,1,0,True,0.1930023431777954,0.8069976568222046,False,0.3069976568222046,0.07968987022537871,1_2_0_0,10.11422216,1.553123278,1.106329208,0.736713214,Si1,Si1,combo_002,11,330.9980509,895.3526074,0.010479337,0.037774353,868.5492916,168.000001,75.9,,,7.451281114603622,1.7182656460761039,329.2801372546009
1,1,0,True,0.22547343373298645,0.7745265662670135,False,0.27452656626701355,0.05033156231766361,1_2_0_1,11.50600979,1.519278196,1.12111284,1.167976136,Si1,PU,combo_001,12,358.6823673,950.8795501,-0.023672521,0.037597534,971.2930595,180.000001,80.2,,,13.438744855302373,1.7032822930676368,358.4547071770208
1,1,1,False,0.871874988079071,0.12812501192092896,False,0.37187498807907104,0.10903403769232214,1_1_0_0,10.42939501,1.336014985,1.420025805,0.716988638,Si1,Si1,combo_002,13,342.2103804,946.1754227,-0.000251585,0.040505185,938.9204532,169.000001,83.6,,,7.477757723383896,1.897175754566688,343.8048449192767
1,1,1,False,0.943071186542511,0.056928813457489014,False,0.443071186542511,0.10903403769232214,1_1_0_0,10.15596041,1.336325429,1.409532862,0.510206899,Si1,Si1,combo_002,14,338.4386137,573.1574563,-0.002202741,0.037446597,915.2220174,164.000001,82.5,,,5.181641067152869,1.8835946065017477,339.5466593203639
1,1,1,False,0.9210256338119507,0.07897436618804932,False,0.4210256338119507,0.14092498713007884,0_1_0_3,9.224567768,1.259515512,1.552298304,2.491545207,Si1,PU,combo_001,15,345.6014227,587.7676331,-0.00730832,0.041856743,873.2528888,148.000001,76.3,,,22.98342760900709,1.9551437931392914,344.5123189187824
1,1,1,False,0.9809073209762573,0.019092679023742676,False,0.4809073209762573,0.11417794730288353,1_1_1_3,10.04618612,1.204656137,1.681317953,2.36586938,Si1,PU,combo_001,16,357.2749129,574.559047,0.000242005,0.040414793,948.4531793,160.000001,81.0,,,23.767964127089005,2.0254099903297273,356.5605963890527
0,0,0,False,0.36697426438331604,0.633025735616684,False,0.13302573561668396,0.08688232957669399,2_1_0_2,12.02893371,1.360571341,1.410126794,1.979542703,Si1,PU,combo_001,17,376.014388,279.7620881,-0.000291573,0.055157895,1067.275312,208.3,88.7,,,23.811787950501216,1.9185781030926108,376.1598739566443
0,0,0,False,0.0001843543432187289,0.9998156456567813,False,0.49981564565678127,0.1649640760337748,3_1_1_1,15.98485026,1.228117004,1.695651661,1.343838083,Si1,Si1,combo_002,18,418.8180081,277.1807523,-0.000390471,0.055082988,1345.97628,254.0,105.5,,,21.481050530440452,2.082458637734944,421.35999388570406
1,1,1,False,1.0,0.0,False,0.5,0.30089791346756245,3_0_0_0,15.99677728,0.505277475,1.215799871,0.579764381,Si1,PU,combo_001,19,462.0132381,816.0161307,0.003516926,0.046501571,1489.949133,124.000001,90.6,,,9.274361677734065,0.6143162889242056,454.2984298845503
0,0,0,False,5.131961966498011e-09,0.999999994868038,False,0.49999999486803803,0.2970548983151819,3_2_1_1,15.78449336,1.818161506,1.722904732,1.382335307,Si1,PU,combo_001,20,392.4145507,265.0650809,0.000385462,0.05511782,1246.486432,249.9,105.3,,,21.819462474635063,3.1325190622276464,394.0635770711798
0,0,0,False,0.032416850328445435,0.9675831496715546,False,0.46758314967155457,0.04157489983290738,0_2_0_2,8.611426682,1.586287918,1.142178957,1.980463809,Si1,Si1,combo_002,1,310.4169969,277.4941367,0.000618407,0.055372191,760.0142628,161.7,70.6,Itr_2,,17.05461888755795,1.8118246796829416,311.09162045285444
0,0,0,False,0.25418272614479065,0.7458172738552094,False,0.24581727385520935,0.14933996071274153,2_0_3_0,12.65421167,0.922213549,2.885255584,0.594349469,Si1,PU,combo_001,2,388.4219569,283.8234718,0.001536027,0.055398477,1139.281548,197.4,87.6,,,7.521023986678103,2.6608217918927073,388.3147642595524
1,1,1,False,0.9450691342353821,0.05493086576461792,False,0.4450691342353821,0.16306099614168262,0_1_3_2,8.033139199,1.017509101,2.9245117,1.657762946,Si1,Si1,combo_002,3,328.088562,858.6612478,0.000191679,0.043894377,820.0672923,141.000001,72.0,,,13.317040504162321,2.9757172707309816,326.52127755971003
1,1,1,False,0.5434402227401733,0.45655977725982666,True,0.04344022274017334,0.1014276765101223,2_0_2_0,13.53521044,0.975158004,2.45834952,0.857210104,Si1,PU,combo_001,4,401.5007221,560.0153147,0.02666765,0.031935334,1210.748474,198.000001,91.0,,,11.602519148934286,2.3972792110575583,402.7220262629987
1,1,1,False,0.9396085739135742,0.06039142608642578,False,0.4396085739135742,0.11482815668219742,0_1_2_2,8.13332939,1.184250611,2.159547255,1.81290021,Si1,Si1,combo_002,5,324.5920355,801.2453659,0.00058255,0.042526132,805.3335474,148.000001,72.8,,,14.744914559130173,2.5574451562171228,324.224293837001
0,0,0,False,0.004742269869893789,0.9952577301301062,False,0.4952577301301062,0.08009595663577851,1_0_3_1,11.08082413,0.959330752,2.876249383,1.319063545,Si1,Si1,combo_002,6,360.881098,283.8289777,0.000267871,0.055340662,999.6346551,198.8,83.6,,,14.61631115843934,2.759274483532926,361.3280927269326
1,1,1,False,0.9379827380180359,0.06201726198196411,False,0.4379827380180359,0.15417322635748348,0_1_3_2,9.264649103,1.003301051,2.850979997,1.584454642,Si1,Si1,combo_002,7,340.3354162,555.3193516,0.000222466,0.037596796,902.8306336,157.000001,75.7,,,14.679416277749487,2.860391227370077,340.9051613092093
0,0,0,False,0.3362922668457031,0.6637077331542969,False,0.16370773315429688,0.13067792363644784,1_1_0_3,10.00289377,1.365863857,1.491217076,2.239527467,Si1,Si1,combo_002,8,345.5326763,284.9538437,0.001686456,0.055215137,908.7941441,188.0,81.9,,,22.40175534739818,2.036799507049622,345.2789413557043
0,0,0,False,0.1276479959487915,0.8723520040512085,False,0.3723520040512085,0.0704613030299358,3_1_1_3,15.36293294,1.05248265,1.892838562,2.216401087,Si1,Si1,combo_002,9,423.5348944,282.5693936,0.000374923,0.055119397,1318.304183,252.4,101.4,,,34.050421267724104,1.9921797457559491,423.8561410089542
0,0,0,False,0.006140555255115032,0.993859444744885,False,0.49385944474488497,0.04780145889435185,2_0_3_1,12.09476566,0.918064093,2.99090376,1.179573001,Si1,Si1,combo_002,10,374.9488423,280.0261797,-0.001466096,0.0553126,1054.072753,206.4,87.8,,,14.266659025957948,2.74584134767469,375.0407829845009
0,0,0,False,0.009344534017145634,0.9906554659828544,False,0.49065546598285437,0.18967975060345438,3_1_2_2,15.97660426,0.990469613,2.084873516,1.65341062,Si1,Si1,combo_002,11,428.6143517,276.6443803,-0.000390265,0.05506855,1360.702661,249.0,103.5,,,26.41588715502124,2.0650038645464694,428.9054552108498
0,0,0,False,0.433574914932251,0.566425085067749,True,0.06642508506774902,0.05967339488405854,1_2_0_2,10.87335827,1.48521741,1.210199363,1.720858471,Si1,Si1,combo_002,12,352.6206688,283.4211941,0.000262684,0.05533182,919.316375,189.0,78.8,,,18.711510687147406,1.7974091634985099,350.8614898543887
0,0,1,True,0.727178156375885,0.272821843624115,False,0.227178156375885,0.15838381713027397,3_1_1_1,14.9658049,1.045432066,1.970217485,1.403471948,Si1,PU,combo_001,13,421.1995387,284.5415244,-0.000364995,0.055124625,1362.926145,230.9,98.8,,,21.004087356390944,2.0597285358128743,423.45377682705555
0,0,0,False,0.09751638770103455,0.9024836122989655,False,0.40248361229896545,0.08688232957669399,1_1_0_2,11.89134441,1.310356643,1.474922557,1.831767883,Si1,Si1,combo_002,14,372.1093429,280.3158885,-0.001440668,0.055410826,1051.174431,210.0,87.6,,,21.782182775929584,1.9326745704754962,372.09600239988066
1,1,1,False,0.8241710662841797,0.1758289337158203,False,0.3241710662841797,0.1361819273675073,3_0_2_3,15.91794723,0.957779805,2.284616635,2.397299451,Si1,PU,combo_001,15,434.6506361,521.6264921,-0.000388799,0.037713479,1410.504023,229.000001,100.3,,,38.16008615552597,2.188159675170056,433.99003429585815
0,0,0,False,0.008273662067949772,0.9917263379320502,False,0.49172633793205023,0.1512080212682009,2_0_3_0,13.93955585,0.975459004,2.939035355,0.507816395,Si1,PU,combo_001,16,401.1613099,282.8285203,-0.000339339,0.055236459,1210.926424,206.5,94.3,,,7.0787349996481606,2.8669085001090866,400.0475170294784
1,1,0,True,0.25995272397994995,0.74004727602005,False,0.24004727602005005,0.050334995756575504,1_0_3_0,11.66372029,0.963934401,2.892410322,0.75588978,Si1,PU,combo_001,17,372.3804656,934.6603,0.002541987,0.055429414,1068.585718,187.5,85.0,,,8.816486963989636,2.788093811183287,373.3973956903161
1,1,1,False,0.7219709157943726,0.27802908420562744,False,0.22197091579437256,0.056807539615361904,0_1_3_3,9.953592006,1.048904121,2.662986041,2.469850011,Si1,PU,combo_001,18,359.0317,902.7628,-0.001677828,0.055314321,949.8326378,168.6,79.5,,,24.58387932550861,2.793217032570375,358.92494263239865
1,1,1,False,0.9997513890266418,0.0002486109733581543,False,0.49975138902664185,0.14511911672289052,0_0_0_0,8.172744691,0.524030106,1.188614013,0.736069728,Si1,Si1,combo_002,19,389.6045393,521.3323174,-0.000585506,0.00526955,931.7842166,75.000001,62.5,,,6.015709961717814,0.6228695272254754,354.4684069652697
0,0,0,False,0.0041396599262952805,0.9958603400737047,False,0.4958603400737047,0.24433280884111583,0_2_3_1,9.746510275,1.595207506,2.932021793,1.275352613,Si1,Si1,combo_002,20,313.4425515,271.3841689,-0.000703538,0.055422504,819.2718114,200.4,79.1,,,12.430237346852598,4.677183171949178,313.7111097777778
0,0,0,False,0.37325745820999146,0.6267425417900085,False,0.12674254179000854,0.05967339488405854,1_2_0_2,10.42070701,1.519686532,1.195453348,1.717895885,Si1,PU,combo_001,1,344.7377268,319.5508498,-0.001759574,0.055400453,901.1605721,173.8,75.8,Itr_3,case20 -> rom 매크로 수정 안된 채로 해석되어서 삭제처리,17.901689691269652,1.816714352589909,345.9625092147273
0,0,0,False,0.046381741762161255,0.9536182582378387,False,0.45361825823783875,0.07099941083471126,0_1_1_1,8.055424218,1.467319737,1.587444227,1.270641406,Si1,PU,combo_001,2,311.2749913,284.3429525,0.001345649,0.055431912,774.1623831,158.2,72.3,,,10.235555554285972,2.329288245663808,310.1930023901884
0,0,0,False,0.2081972360610962,0.7918027639389038,False,0.2918027639389038,0.15161831117455482,2_1_0_1,13.59199525,1.242046715,1.510642952,1.142046223,Si1,PU,combo_001,3,397.2790386,280.7758845,-0.00033065,0.05519395,1218.7076,212.4,94.2,,,15.52268683829644,1.8762891160695028,397.6146525712412
0,0,0,False,0.19472934305667877,0.8052706569433212,False,0.30527065694332123,0.10249869746732927,2_1_1_2,12.25625117,1.215651769,1.735923467,1.522205573,Si1,PU,combo_001,4,382.0075618,282.283363,-0.001486281,0.055394834,1117.403907,205.7,87.6,,,18.65653383506177,2.110278433507163,381.1568534539515
0,0,0,False,0.05898379161953926,0.9410162083804607,False,0.44101620838046074,0.09547549965042491,0_2_0_2,9.093542353,1.621408866,1.117046103,1.832265727,Si1,PU,combo_001,5,317.2188686,280.2716228,-0.000654566,0.055241751,791.7376091,162.3,72.2,,,16.661785990424836,1.811188455134949,317.80405066487987
0,0,0,False,0.0208989717066288,0.9791010282933712,False,0.4791010282933712,0.09434233942992533,0_2_0_3,9.36610741,1.509685664,1.304738746,2.255586688,Si1,PU,combo_001,6,333.2818112,283.5979493,0.002025025,0.055425338,840.5224692,173.7,80.4,,,21.12606719237416,1.9697453801015372,331.23148781437436
0,0,0,False,0.014563502743840218,0.9854364972561598,False,0.4854364972561598,0.04157489983290738,0_2_0_2,8.444111575,1.636686375,1.132331086,1.930296285,Si1,PU,combo_001,7,305.4915674,274.5400263,0.00222148,0.055417527,748.9973737,155.2,69.0,,,16.299637203348002,1.8532708604451533,307.0011219973685
0,0,0,False,0.16766275465488434,0.8323372453451157,False,0.33233724534511566,0.10249869746732927,2_1_1_2,12.51154189,1.15205949,1.906864408,1.56130795,Si1,PU,combo_001,8,387.3467801,282.6830228,0.001518193,0.055381108,1142.45982,207.3,88.5,,,19.534369819615026,2.196821237379632,387.6645151316623
0,0,0,False,0.057574741542339325,0.9424252584576607,False,0.4424252584576607,0.14624429217085674,3_1_1_0,14.59717798,1.171814397,1.60241721,0.675906947,Si1,PU,combo_001,9,409.966209,282.1178236,-0.00035578,0.055145022,1311.508184,212.9,98.2,,,9.866334003277426,1.8777355566785723,410.04346815196885
1,1,0,True,0.20455136895179749,0.7954486310482025,False,0.2954486310482025,0.07927849145615137,1_2_0_2,10.34399027,1.561396275,1.130514059,1.582396536,Si1,PU,combo_001,10,339.6169286,686.7543141,-0.007732942,0.035671314,886.7994994,170.000001,74.9,,,16.36829437166571,1.76518044055773,340.62781167153486
0,0,0,False,0.003539270954206586,0.9964607290457934,False,0.4964607290457934,0.07437702811063718,0_2_0_1,8.964757388,1.595153751,1.170572945,1.489517573,Si1,PU,combo_001,11,314.6722776,280.5377608,-0.000644907,0.055266032,788.6226728,161.6,71.7,,,13.353163667107582,1.8672438240358666,315.02013786286386
0,0,0,False,0.3812336325645447,0.6187663674354553,False,0.11876636743545532,0.13405741352376474,1_1_0_2,11.29556768,1.330656078,1.534009044,1.618646453,Si1,PU,combo_001,12,364.8096724,282.268103,0.002459153,0.055347164,1011.674977,200.0,86.5,,,18.28353055985344,2.04123845810557,364.43801534001824
0,0,0,False,0.008166246116161346,0.9918337538838387,False,0.49183375388383865,0.13601567699926156,3_1_0_0,15.6918248,1.175302516,1.48124605,0.637135737,Si1,PU,combo_001,13,422.3069902,281.533415,-0.000383146,0.055336476,1391.581811,229.9,104.5,,,9.997822358822878,1.7409122093800617,421.15328842769185
0,0,1,True,0.5416818857192993,0.4583181142807007,True,0.041681885719299316,0.13145809138747278,1_1_1_3,10.60895805,1.286467086,1.737465949,2.073143277,Si1,PU,combo_001,14,357.5419643,328.6705566,0.002304666,0.055405992,974.0081231,177.9,83.2,,,21.99389005733253,2.2351927564342544,358.5867223954789
1,1,1,False,0.8325203657150269,0.16747963428497314,False,0.33252036571502686,0.1602909453987195,3_0_3_2,15.97296741,0.838936285,2.871621313,1.670524645,Si1,PU,combo_001,15,433.6453679,557.6574572,-0.001950871,0.037066554,1403.325343,227.000001,99.9,,,26.68323571218682,2.409107316255042,432.28626627876906
1,1,1,False,0.7027807235717773,0.29721927642822266,False,0.20278072357177734,0.08320764893201112,2_0_3_1,13.99767871,0.918833763,2.695386398,1.351074969,Si1,PU,combo_001,16,411.5138018,537.5343143,-0.003067128,0.037146328,1245.098003,185.000001,94.1,,,18.91191332918521,2.476612026813356,411.31575506539156
0,0,0,False,0.09427934139966965,0.9057206586003304,False,0.40572065860033035,0.050724093600133136,1_1_2_3,11.69171969,1.10711204,2.243685465,2.386163796,Si1,PU,combo_001,17,379.7768035,282.3695033,0.001415715,0.055214871,1073.224583,206.3,85.3,,,27.898358237258343,2.4840111922744987,378.68018309216484
1,1,1,False,0.7523750066757202,0.24762499332427979,False,0.2523750066757202,0.08204045154131101,0_1_3_2,9.881964238,1.099430224,2.673421705,1.892218877,Si1,PU,combo_001,18,353.550196,879.9395417,0.001665293,0.028785779,938.9059654,178.000001,79.2,,,18.69883927298252,2.939240623974612,352.84026217495415
1,1,1,False,1.0,0.0,False,0.5,0.14511911672289052,0_0_0_1,8.077111528,0.512140297,1.153069751,1.02264498,Si1,PU,combo_001,19,434.8377633,557.8196782,0.000192778,-0.000192778,937.7557237,73.000001,62.4,,,8.260017557009329,0.590533484738856,364.24005800544506
0,0,0,False,0.0005426594289019704,0.999457340571098,False,0.49945734057109803,0.04567657384074781,3_0_3_1,14.45130578,0.915320162,2.589303033,1.399563722,Si1,Si1,combo_002,1,408.1386641,283.1381244,-0.000352133,0.055216355,1230.282104,226.5,96.6,Itr_4,,20.22552330521691,2.3700412716326515,409.27748060313974
0,0,0,False,0.0007154938066378236,0.9992845061933622,False,0.4992845061933622,0.04567657384074781,3_0_3_1,14.60882285,0.918763492,2.573233908,1.480165841,Si1,Si1,combo_002,2,410.2243113,282.7015683,0.000356071,0.055167429,1243.208089,231.6,97.2,,,21.623480559790266,2.3641933710468868,411.37114098861696
1,1,1,False,0.9225893020629883,0.07741069793701172,False,0.4225893020629883,0.041475874980903084,0_1_2_0,9.900176245,1.151306175,2.176379765,0.64676278,Si1,Si1,combo_002,3,339.134064,580.1009093,0.000238355,0.035038112,910.1034426,172.000001,78.9,,,6.403065510706162,2.505679462589549,339.482558442238
1,1,1,False,0.8925207257270813,0.1074792742729187,False,0.3925207257270813,0.08872643833532359,1_1_2_0,10.09776407,1.161073593,2.057503871,0.971938552,Si1,Si1,combo_002,4,343.854022,907.5644526,0.000243294,0.039170334,932.5873163,168.000001,80.9,,,9.814406188633427,2.3889134121133786,344.08035898047626
1,1,1,False,0.9923607707023621,0.0076392292976379395,False,0.49236077070236206,0.13708840838811084,0_1_2_0,8.708921383,1.217888925,2.202329544,0.724420579,Si1,Si1,combo_002,5,321.563582,941.1321635,0.008134347,0.041923173,836.9635358,155.000001,74.3,,,6.308921870738341,2.6821927608379,322.945370554489
1,1,1,False,0.7941745519638062,0.20582544803619385,False,0.29417455196380615,0.15027577929686894,0_1_2_1,8.648994566,1.206118421,2.450512006,1.118300977,Si1,Si1,combo_002,6,323.0028969,956.5920886,0.000207075,0.041207875,834.7872083,165.000001,74.1,,,9.672179073225493,2.9556076713182624,323.93653386677795
1,1,1,False,0.9699831008911133,0.03001689910888672,False,0.4699831008911133,0.126299768628281,0_1_2_0,9.648561387,1.138743125,2.387552949,0.545372157,Si1,Si1,combo_002,7,334.4364054,954.2245363,-0.005337472,0.028543872,900.6300665,174.000001,77.9,,,5.262056735575102,2.7188095062472253,334.1170439632849
0,0,0,False,0.08174333721399307,0.9182566627860069,False,0.4182566627860069,0.07437702811063718,0_2_0_1,8.529271464,1.513040413,1.114374079,1.483803178,Si1,Si1,combo_002,8,311.5200748,279.9546561,0.000612245,0.055301036,762.2272419,158.4,69.7,,,12.655760104307914,1.6860930167266546,311.1664415974187
0,0,0,False,0.09197249263525009,0.9080275073647499,False,0.4080275073647499,0.1120885818651116,2_0_3_2,13.38759806,0.910701055,2.653438927,1.579153058,Si1,Si1,combo_002,9,397.1443206,281.1702632,-0.00032554,0.055420896,1155.942836,218.1,92.6,,,21.141066415723866,2.416489630196968,397.48455800937586
1,1,1,False,0.922081470489502,0.07791852951049805,False,0.42208147048950195,0.08218687882808753,1_1_2_0,10.11914979,1.128601713,2.219883545,0.937430176,Si1,Si1,combo_002,10,344.2891161,528.6447161,0.002194459,0.032429224,931.4072318,173.000001,80.1,,,9.485996368610063,2.5053643715475125,344.4671898760258
0,0,0,False,0.0005387160927057266,0.9994612839072943,False,0.4994612839072943,0.15551495707051954,2_0_3_0,13.58201215,0.891824261,2.729308988,0.948355402,Si1,Si1,combo_002,11,397.6521512,282.5292595,-0.0003304,0.055173221,1165.643594,213.3,93.3,,,12.880574592482136,2.434063971263758,397.12016996866123
0,0,0,False,0.16730919480323792,0.8326908051967621,False,0.3326908051967621,0.10505233647809123,1_1_3_1,10.50618204,1.055547156,2.549243282,1.238344895,Si1,Si1,combo_002,12,351.3714815,284.9724693,0.002281541,0.055381991,954.25205,193.4,81.9,,,13.010276895174686,2.690846496267206,352.064251146616
1,1,1,False,0.8952543139457703,0.10474568605422974,False,0.39525431394577026,0.16629153085952322,1_1_1_0,10.4234577,1.189513712,1.853287317,0.551771248,Si1,Si1,combo_002,13,344.4608266,569.1711704,0.005280167,0.03595542,944.5481418,171.000001,82.0,,,5.751364263604209,2.2045106758471906,345.62838372409067
0,0,0,False,0.07290078699588776,0.9270992130041122,False,0.42709921300411224,0.08525659652591297,2_1_2_0,12.03263349,0.993864099,2.429992263,0.668172287,Si1,Si1,combo_002,14,372.2522275,280.826679,0.001458329,0.055166588,1066.157842,197.9,87.0,,,8.039872237646092,2.4150820710434657,372.6156804518384
0,0,0,False,0.4762782156467438,0.5237217843532562,True,0.023721784353256226,0.1839137305164506,3_1_0_3,15.9857585,1.203872808,1.193499477,2.47515984,Si1,Si1,combo_002,15,434.7637791,276.9403966,-0.000390494,0.05508458,1330.59688,234.2,97.0,,,39.56730745113864,1.4368215667225215,425.86278715678543
1,1,0,True,0.39957982301712036,0.6004201769828796,False,0.10042017698287964,0.18169891255862147,2_1_1_3,13.99466797,1.154759959,1.644252038,2.038116494,Si1,PU,combo_001,16,409.9947431,545.9784253,0.028960924,0.033049525,1265.885888,212.000001,95.4,,,28.5227636177105,1.8987164159865464,410.16867330559154
0,0,0,False,0.24923360347747803,0.750766396522522,False,0.250766396522522,0.14020055905699216,1_0_3_2,11.96451925,0.977477138,2.877955673,1.662897407,Si1,PU,combo_001,17,382.6934564,283.2278577,0.000289963,0.055296483,1089.018866,205.2,85.8,,,19.895768036826585,2.813135874534904,383.12561165806693
1,1,1,False,0.7255585789680481,0.2744414210319519,False,0.2255585789680481,0.15891686373504435,0_1_2_3,9.968981313,1.213228216,2.082808829,2.492800012,Si1,PU,combo_001,18,354.0420311,971.0765389,0.001200373,0.037691697,937.4743389,172.000001,80.2,,,24.850676736674178,2.5269224398767194,354.25259804796553
1,1,1,False,0.9776918292045593,0.022308170795440674,False,0.4776918292045593,0.041475874980903084,0_1_2_0,9.821372038,1.172347049,2.135138829,0.582221447,Si1,Si1,combo_002,19,336.459166,578.4148775,0.000236384,0.037112327,904.7872848,165.000001,78.6,,,5.718213439489699,2.503123705383466,336.4600425738363
1,1,1,False,0.8484700918197632,0.15152990818023682,False,0.3484700918197632,0.1220597314709077,0_1_1_0,9.658321629,1.3448167,1.66062974,0.964675544,Si1,PU,combo_001,20,336.5611044,518.2426137,0.000232308,0.043906212,896.8577577,155.000001,80.2,,,9.31714667158254,2.233242606868658,337.31305558671306
0,0,1,True,0.7037726640701294,0.2962273359298706,False,0.2037726640701294,0.05659481973799337,2_1_1_0,12.03882215,1.124473455,2.015579815,0.544372891,Si1,PU,combo_001,1,374.9283524,284.0620909,-0.000291821,0.055181132,1110.997404,193.7,85.8,Itr_5,,6.553608418030335,2.266465998401311,373.6851354635193
1,1,0,True,0.1914520412683487,0.8085479587316513,False,0.3085479587316513,0.13860525219210681,1_1_2_0,11.43013014,1.114888706,2.261158985,0.579141747,Si1,PU,combo_001,2,363.8988415,903.7484,0.01189394,0.02959655,1051.22116,192.0,84.1,,,6.619665537716954,2.520940614846923,364.98702114275306
0,0,0,False,0.2793728709220886,0.7206271290779114,False,0.22062712907791138,0.09771467629988163,0_2_0_0,8.913048729,1.551780237,1.182620567,0.50396045,Si1,PU,combo_001,3,311.0863501,282.7727655,0.001068381,0.055314236,790.8323914,160.4,71.1,,,4.491824048338768,1.8351672237403345,311.53414235054385
0,0,0,False,0.4683280885219574,0.5316719114780426,True,0.0316719114780426,0.18479381785439739,1_1_2_1,11.97090622,1.067822651,2.205648366,1.183619162,Si1,PU,combo_001,4,380.2583755,284.8876553,-0.001450613,0.055311652,1106.716753,198.8,85.8,,,14.168993988496988,2.3552412853559384,379.80836909620405
0,0,0,False,0.0889335423707962,0.9110664576292038,False,0.4110664576292038,0.09374232955556312,0_2_0_0,9.180279841,1.566330371,1.101986336,0.942498924,Si1,PU,combo_001,5,317.9625796,283.7836734,-0.000661071,0.055294625,806.0912789,161.5,72.1,,,8.652403872161392,1.7260746665038107,317.60342907962814
0,0,1,True,0.5851229429244995,0.4148770570755005,True,0.08512294292449951,0.08525659652591297,2_1_2_0,12.30884734,1.000491549,2.479087253,0.815113543,Si1,PU,combo_001,6,384.213685,283.5529252,0.001492856,0.055218549,1127.77322,198.9,87.1,,,10.033108165553527,2.4803058458601246,383.8921609517327
0,0,0,False,0.1390882432460785,0.8609117567539215,False,0.3609117567539215,0.10767944375917168,1_0_3_3,11.46218297,0.939764217,2.979647604,2.404168149,Si1,PU,combo_001,7,379.37083,284.3519708,0.001387023,0.055213053,1066.190154,204.8,83.9,,,27.557015214484228,2.8001661975089864,380.2067900679723
0,0,1,True,0.5058279037475586,0.4941720962524414,True,0.005827903747558594,0.12593498177602383,1_1_3_1,11.50539229,1.029614874,2.534272148,1.227559433,Si1,PU,combo_001,8,374.0003201,284.5108889,0.001392424,0.055319995,1061.538707,198.0,84.1,,,14.12355283595497,2.6093242983447293,373.6939278389818
1,1,0,True,0.30243101716041565,0.6975689828395844,False,0.19756898283958435,0.09771467629988163,0_1_0_0,8.343391202,1.466429671,1.269276384,0.5519769,Si1,PU,combo_001,9,311.1324763,618.4117366,-0.000199435,0.04407508,786.2336651,148.000001,72.3,,,4.605359211167233,1.8613045501971899,308.2955270184817
0,0,0,False,0.20555217564105988,0.7944478243589401,False,0.2944478243589401,0.05007171795880877,3_1_1_3,15.19943197,1.112263266,1.806846237,2.296532992,Si1,PU,combo_001,10,424.0609228,284.3463659,0.000370836,0.055191846,1364.023185,246.2,98.8,,,34.90599697876455,2.00968869672543,423.80829794628164
0,0,0,False,0.34016498923301697,0.659835010766983,False,0.15983501076698303,0.05160719273332825,0_2_0_1,8.904539842,1.50507795,1.118165676,1.220872911,Si1,PU,combo_001,11,318.2714434,284.0776199,0.000213464,0.055286792,796.9099811,157.3,71.0,,,10.87131147801802,1.6829265033944443,317.60773993934777
0,0,0,False,0.3852914571762085,0.6147085428237915,False,0.1147085428237915,0.1477686570066252,3_1_2_3,14.59148135,1.002475245,2.446538666,2.093411607,Si1,PU,combo_001,12,419.111486,284.5845954,0.000355637,0.055134049,1285.116186,236.9,96.9,,,30.545976421414032,2.452594448600323,418.39230940373443
0,0,0,False,0.10740935802459717,0.8925906419754028,False,0.39259064197540283,0.08762719105084019,0_1_3_3,9.433376644,1.125333942,2.728304454,2.088797935,Si1,Si1,combo_002,13,340.1415726,316.668974,0.000226685,0.04329674,894.0838903,177.6,76.7,,,19.704417654064432,3.0702536061959775,339.4358148877717
0,0,1,True,0.8004438281059265,0.1995561718940735,False,0.3004438281059265,0.10167435808614676,0_1_0_0,8.080901898,1.44711893,1.158711716,0.704050247,Si1,PU,combo_001,14,306.0849239,281.026656,0.000192873,0.055330768,752.8775881,144.6,68.2,,,5.6893609772696685,1.6767936586363839,307.48295676475357
1,1,1,False,0.9990862607955933,0.0009137392044067383,False,0.49908626079559326,0.13835784080217345,3_1_0_2,15.94533773,1.016142564,1.12429307,1.763414489,Si1,Si1,combo_002,15,435.8663527,632.6739325,-0.005063286,0.042453702,1375.465016,172.000001,96.2,,,28.11823958508037,1.1424420428372315,436.75908856596476
1,1,0,True,0.35676708817481995,0.64323291182518,False,0.14323291182518005,0.05070678762967066,2_1_2_3,13.9319673,1.049997399,2.181545924,2.226610357,Si1,PU,combo_001,16,411.2173031,611.6297869,-0.023401298,0.030862582,1253.267641,206.000001,93.0,,,31.02106268356533,2.2906175459990514,411.3387221671095
0,0,0,False,0.20552754402160645,0.7944724559783936,False,0.29447245597839355,0.05080558801542252,1_1_1_3,11.87373144,0.994706936,2.015208437,2.454258806,Si1,Si1,combo_002,17,384.4798323,283.5410884,-0.001438466,0.055368554,1083.083671,211.1,86.4,,,29.14120994669906,2.004541809769619,383.78633219486164
1,1,0,True,0.19625437259674072,0.8037456274032593,False,0.3037456274032593,0.12999833079651132,0_1_2_3,9.989821187,1.237723701,2.24724414,2.023632105,Si1,PU,combo_001,18,349.8204229,672.9946091,-0.000240596,0.033442775,930.0774311,178.000001,80.1,,,20.215722877222408,2.781467334011362,349.92233270932365
1,1,1,False,1.0,0.0,False,0.5,0.12529666370359052,0_0_0_2,8.014357747,0.539256138,1.149211025,1.906145509,Si1,Si1,combo_002,19,458.1224741,676.9343431,0.000191209,0.002103299,917.9595635,76.000001,62.4,,,15.276532026963407,0.6197190990885215,358.1888321558636
0,0,0,False,2.5488600385870086e-07,0.9999997451139961,False,0.49999974511399614,0.2681611489327263,1_3_0_1,11.19234946,2.025815508,1.279962183,1.042017215,Si1,PU,combo_001,20,325.599937,269.4431705,0.000270659,0.055357193,859.3262648,196.1,80.3,,,11.662620813615955,2.592967239974934,322.82289596925506
0,0,0,False,0.04305059462785721,0.9569494053721428,False,0.4569494053721428,0.07833603360879897,1_2_0_0,10.51252552,1.623057067,1.327445982,0.666895059,Si1,PU,combo_001,1,331.4010114,281.0490288,0.002282969,0.055399294,905.6374982,187.7,84.7,Itr_6,,7.010751326899406,2.154520582145855,333.21433008110023
1,1,0,True,0.09025443345308304,0.909745566546917,False,0.40974556654691696,0.13494439823147744,1_2_0_1,10.24979304,1.555388792,1.243939082,1.238341693,Si1,PU,combo_001,2,336.4529201,834.1571,0.010130885,0.036322928,884.0263962,174.000001,75.2,,,12.692746066053216,1.934808906073569,337.26440411088413
1,1,1,False,0.8248245120048523,0.1751754879951477,False,0.3248245120048523,0.1120885818651116,2_1_2_2,13.5566024,0.988948534,2.466286287,1.519676309,Si1,PU,combo_001,3,405.7873114,547.7456011,-0.037922975,0.031327675,1216.629005,217.000001,92.5,,,20.60164749781254,2.4390302079529533,405.41738591608043
1,1,1,False,0.7961552739143372,0.20384472608566284,False,0.29615527391433716,0.1014276765101223,2_1_2_1,13.74830467,1.001804977,2.369301122,1.026962517,Si1,PU,combo_001,4,405.2674666,523.1240515,-0.032452078,0.032452078,1229.26822,208.000001,93.5,,,14.118993568386054,2.373577656031284,405.5300909031858
1,1,1,False,0.807148277759552,0.192851722240448,False,0.307148277759552,0.15213374234417804,0_1_1_3,8.268105557,1.246524879,1.937945696,2.381885019,Si1,Si1,combo_002,5,326.6346181,852.8437483,0.000592658,0.040103208,806.0019386,169.000001,73.3,,,19.69367676172895,2.415697524214971,326.7573700662485
0,0,0,False,0.05049131065607071,0.9495086893439293,False,0.4495086893439293,0.07833603360879897,1_2_0_0,11.0866684,1.577189286,1.335943319,0.708844733,Si1,PU,combo_001,6,342.8530467,278.9455385,-0.000268017,0.055355725,947.6333682,193.8,87.5,,,7.858726501857537,2.1070354894300807,344.2255993551599
1,1,0,True,0.47925347089767456,0.5207465291023254,True,0.02074652910232544,0.13360424724766254,0_1_1_3,8.25461398,1.332088622,1.589094113,2.181028636,Si1,PU,combo_001,7,325.7565774,538.6792303,0.002169368,0.042795709,805.6328373,145.000001,72.8,,,18.003549469505934,2.1168141872144823,326.93960378750614
1,1,0,True,0.4899139404296875,0.5100860595703125,True,0.0100860595703125,0.05152603014251455,3_1_2_0,14.23314983,1.007623431,2.19830984,0.753267796,Si1,PU,combo_001,8,408.6051943,558.8258497,0.000346679,0.035707911,1276.286553,188.000001,93.8,,,10.721373402581875,2.215068503381861,410.5550432092539
0,0,0,False,0.19073188304901123,0.8092681169509888,False,0.30926811695098877,0.087241477019764,0_2_0_0,9.744257716,1.62249221,1.156329232,0.617098996,Si1,PU,combo_001,9,320.4567999,283.7133084,0.002110109,0.055415867,835.472317,168.1,73.2,,,6.013171653308853,1.876135171115283,320.6037935600236
0,0,0,False,0.08404234051704407,0.9159576594829559,False,0.41595765948295593,0.12434533265881262,0_2_0_1,9.962319947,1.480429834,1.492448936,1.044297835,Si1,PU,combo_001,10,335.5468833,284.4784564,-0.000719724,0.05533942,896.0495845,182.1,81.7,,,10.403629152229415,2.2094659305759565,334.3521767481647
1,1,1,False,0.9272534251213074,0.07274657487869263,False,0.4272534251213074,0.11608968840424563,3_0_2_1,14.66762934,0.98113128,2.248799582,1.335221493,Si1,PU,combo_001,11,418.9365375,656.2312118,-0.00464803,0.030390964,1313.166345,209.000001,95.4,,,19.584533946125404,2.206367612351125,418.0221923330427
0,0,0,False,0.1880788505077362,0.8119211494922638,False,0.3119211494922638,0.12209639239190251,0_2_0_0,9.511881013,1.512343463,1.362870891,0.527751454,Si1,Si1,combo_002,12,322.1636686,284.0944279,-0.001600529,0.055416287,844.7702513,180.0,81.3,,,5.019909034885743,2.0611288829168357,318.8893144497206
0,0,1,True,0.9610225558280945,0.03897744417190552,False,0.4610225558280945,0.08948677007088017,3_1_0_2,15.98158308,1.187326118,1.207313101,1.962283103,Si1,PU,combo_001,13,430.888746,281.752425,-0.00039039,0.055077265,1348.501327,231.6,95.7,,,31.3603904370747,1.433474377420872,435.0955426877471
0,0,0,False,0.036806944757699966,0.9631930552423,False,0.46319305524230003,0.10854704009289173,2_0_2_3,13.94250716,0.961701172,2.241094065,2.456377205,Si1,Si1,combo_002,14,408.4998075,284.0261224,-0.000339413,0.055242433,1208.536545,230.7,94.9,,,34.24805676837329,2.1552627888727445,409.1786726224715
1,1,1,False,0.9280061721801758,0.07199382781982422,False,0.4280061721801758,0.10512209938561412,1_1_0_3,11.98138737,1.07031997,1.531637045,2.487444336,Si1,Si1,combo_002,15,387.3913744,870.1364,-0.01539039,0.04442886,1111.268,214.0,87.4,,,29.803034150928436,1.6393417160552886,386.8090714364425
0,0,0,False,0.160626620054245,0.839373379945755,False,0.339373379945755,0.07105603450091857,0_0_3_3,9.973421096,0.944506627,2.928297126,2.478759423,Si1,Si1,combo_002,16,354.9811372,284.9215153,0.00216167,0.055371333,930.7750284,190.6,79.4,,,24.721711521256985,2.7657960413320537,354.4223371396723
0,0,0,False,0.16174791753292084,0.8382520824670792,False,0.33825208246707916,0.056807539615361904,0_1_3_3,9.849331779,1.043002734,2.560076803,2.491291927,Si1,Si1,combo_002,17,351.3845548,315.0704531,-0.000237083,0.046231234,920.8615755,183.6,78.7,,,24.537560747367245,2.6701671047789794,351.8833203011343
0,0,1,True,0.709213137626648,0.29078686237335205,False,0.20921313762664795,0.05033156231766361,1_2_0_1,11.178827,1.549786974,1.114944267,1.217671014,Si1,PU,combo_001,18,353.0944028,282.8830769,0.000270321,0.055322717,943.523056,184.6,78.9,,,13.612133608420578,1.7279261017325782,351.11539207350813
1,1,0,True,0.3268570303916931,0.6731429696083069,False,0.17314296960830688,0.05016553278084961,3_1_2_3,14.12974066,1.066220666,2.104525158,2.194927523,Si1,PU,combo_001,19,414.1818127,608.8895512,-0.011355086,0.029247948,1266.611,206.000001,93.8,,,31.013756667486184,2.243888215576515,413.12561712131725
1,1,1,False,1.0,0.0,False,0.5,0.12529666370359052,0_0_0_3,8.012492482,0.507165801,1.258800718,2.126281011,Si1,PU,combo_001,20,363.5910252,576.2690931,-0.000191162,0.050275672,913.8094743,92.000001,70.5,,,17.03681061525686,0.6384206744438451,363.5126220808186
1,1,1,False,0.9812434911727905,0.018756508827209473,False,0.4812434911727905,0.17054728711091177,3_1_0_1,14.01649629,1.07770962,1.153703225,1.463003868,Si1,PU,combo_001,21,415.7948189,819.9859233,0.016039338,0.037880138,1222.519989,153.000001,87.8,,,20.50618828807765,1.2433570642075247,414.89200306500595
0,0,1,True,0.6529905200004578,0.34700947999954224,False,0.15299052000045776,0.0,1_1_3_1,10.7259286,1.053354999,2.838396469,1.233265381,Si1,PU,combo_001,1,360.2338732,284.8967852,0.002330984,0.055203815,991.777179,193.2,82.3,Itr_7,,13.227916421457797,2.9898391097650987,359.8828085156496
0,0,0,False,0.25820067524909973,0.7417993247509003,False,0.24179932475090027,0.0,1_1_2_0,10.58497393,1.203193646,2.303839371,0.928335897,Si1,PU,combo_001,2,351.8519299,320.8520094,0.002299268,0.055341219,964.4070009,186.0,82.3,,,9.826411268028165,2.7719648925918365,351.8325643833553
0,0,0,False,0.0014836459886282682,0.9985163540113717,False,0.49851635401137173,0.0,0_1_2_0,8.915445738,1.416715016,2.439425496,0.814823221,Si1,PU,combo_001,3,318.9446982,283.4693717,0.000213736,0.055321976,825.8973772,176.8,75.0,,,7.264512212887883,3.455970730596448,319.05801532935936
1,1,1,False,0.5123152732849121,0.4876847267150879,True,0.01231527328491211,0.0,1_1_2_1,10.47135777,1.172157031,2.41710613,1.343814337,Si1,PU,combo_001,4,353.8265793,612.6093,0.000757902,0.02652657,967.0293795,181.0,81.8,,,14.071560699182347,2.8332279449527,354.1053018623128
0,0,0,False,0.005298784468322992,0.994701215531677,False,0.494701215531677,0.0,0_1_3_0,8.779365057,1.408685599,2.627502445,0.902708195,Si1,PU,combo_001,5,317.7100288,282.4770477,0.000210334,0.055303787,819.8983228,177.0,74.5,,,7.925204783850542,3.7013248556087897,317.6548186231504
0,0,0,False,0.039237089455127716,0.9607629105448723,False,0.4607629105448723,0.0,0_1_3_0,8.505471178,1.428222781,2.621745598,0.769417225,Si1,PU,combo_001,6,312.428644,282.6727073,0.000203487,0.055424198,801.2501676,173.4,73.8,,,6.544256031094242,3.7444367890500683,312.5820504595672
0,0,0,False,0.025478336960077286,0.9745216630399227,False,0.4745216630399227,0.0,0_1_2_1,8.515256571,1.434159964,2.27258893,1.072107471,Si1,PU,combo_001,7,316.0028412,283.0586195,0.000203732,0.055457484,798.4599287,171.9,73.8,,,9.129270187250942,3.2592560580355983,316.1521303797441
1,1,1,False,0.6050360202789307,0.39496397972106934,False,0.10503602027893066,0.0,0_1_1_2,8.878318252,1.329234301,1.792260656,1.599449391,Si1,Si1,combo_002,8,327.2003173,588.7012144,0.000212808,0.041923176,835.5482686,174.000001,75.5,,,14.200420721265585,2.3823343402879615,328.257538434207
0,0,0,False,0.3149722218513489,0.6850277781486511,False,0.18502777814865112,0.0,3_0_3_3,15.02318617,0.980430757,2.595102463,2.363776672,Si1,PU,combo_001,9,423.6334708,283.8761508,0.00036643,0.055232231,1313.006201,247.8,98.4,,,35.51145700775903,2.5443182722916546,423.08412988552016
1,1,1,False,0.534864604473114,0.465135395526886,True,0.034864604473114014,0.0,3_1_2_3,15.26823416,1.037588939,2.08035474,2.132568155,Si1,PU,combo_001,10,425.3453274,823.0395492,0.005588336,0.02719657,1357.275412,226.000001,98.3,,,32.560549952699176,2.158553067420221,426.5642843435782
1,1,0,True,0.21929821372032166,0.7807017862796783,False,0.28070178627967834,0.0,2_1_0_1,13.55547571,1.222507141,1.225656791,1.180724894,Si1,Si1,combo_002,11,397.18294,819.1930564,0.047811865,0.035941333,1146.234909,204.000001,87.9,,,16.005287620809323,1.4983741794126444,395.7691361933629
0,0,1,True,0.6318200826644897,0.36817991733551025,False,0.13182008266448975,0.0,2_1_0_2,13.32329935,1.121678322,1.504883555,1.589377483,Si1,Si1,combo_002,12,398.2473763,284.6857766,-0.000323932,0.05528426,1204.491747,216.2,92.8,,,21.175751986158534,1.6879952607777946,398.3858783666881
0,0,0,False,0.008926854468882084,0.9910731455311179,False,0.4910731455311179,0.0,3_0_1_0,15.96007833,0.943168992,1.678329184,0.512505813,Si1,Si1,combo_002,13,426.5300513,281.0729357,-0.000389852,0.05503964,1402.0402,234.1,102.3,,,8.179632920060332,1.5829480447174626,428.35947542704037
1,1,0,True,0.10953791439533234,0.8904620856046677,False,0.39046208560466766,0.0,2_0_3_2,13.97991519,0.960052693,2.875245206,1.842322884,Si1,PU,combo_001,14,410.1406866,829.2875357,-0.035055844,0.029610276,1226.467227,218.000001,94.3,,,25.75551767091621,2.76038690305564,409.1696779263282
0,0,0,False,0.21202144026756287,0.7879785597324371,False,0.28797855973243713,0.0,1_0_3_3,11.92889038,0.795902742,2.825672635,2.335557432,Si1,Si1,combo_002,15,384.979147,282.7719893,0.000289072,0.055211864,1071.837244,209.1,84.9,,,27.860608582522303,2.248960598190865,385.42114954673247
0,0,0,False,0.062424320727586746,0.9375756792724133,False,0.43757567927241325,0.0,0_1_2_3,9.984331748,1.216312983,2.517324343,2.300818584,Si1,PU,combo_001,16,351.0946793,284.0806876,-0.001683208,0.055402699,927.4231178,189.9,80.2,,,22.972136034619606,3.061854280812845,351.02802895180247
0,0,0,False,0.19445320963859558,0.8055467903614044,False,0.3055467903614044,0.0,3_1_1_3,15.15484558,1.133281752,1.77851066,2.203942285,Si1,PU,combo_001,17,423.0338207,283.4984613,0.000369721,0.055109373,1362.220423,244.9,100.7,,,33.40040499640735,2.0155536767154763,422.824520497622
0,0,0,False,0.12207864224910736,0.8779213577508926,False,0.37792135775089264,0.0,1_1_2_3,11.9143147,1.045291255,2.255878155,2.329520884,Si1,PU,combo_001,18,384.0811568,323.5714485,-0.000288708,0.055177248,1106.768385,202.0,85.7,,,27.754644912198195,2.3580497077670346,384.9374828045861
1,1,1,False,1.0,0.0,False,0.5,0.0,0_0_0_3,8.453771432,0.519461751,1.130929037,2.458920092,Si1,Si1,combo_002,19,409.7895666,544.7070597,0.000202194,0.007885576,953.2726376,76.000001,63.2,,,20.78714842732041,0.5874743778167638,368.5974296135229
0,0,0,False,4.609597859667192e-12,0.9999999999953904,False,0.4999999999953904,0.0,2_3_1_0,12.25382311,2.128086768,2.012521472,0.536322795,Si1,PU,combo_001,20,325.3279815,259.47661,0.001485978,0.055389188,918.4418189,215.3,89.8,,,6.572004659790793,4.282820314879083,325.4737261547918
0,0,1,True,0.6529905200004578,0.34700947999954224,False,0.15299052000045776,0.0,1_1_3_1,10.7259286,1.053354999,2.838396469,1.233265381,Si1,PU,combo_001,1,360.2338732,284.8967852,0.002330984,0.055203815,991.777179,193.2,82.3,Itr_8,,13.227916421457797,2.9898391097650987,359.8828085156496
0,0,0,False,0.36939701437950134,0.6306029856204987,False,0.13060298562049866,0.0,1_1_2_0,10.58497393,1.203193646,2.303839371,0.928335897,Si1,PU,combo_001,2,351.8519299,320.8520094,0.002299268,0.055341219,964.4070009,186.0,82.3,,,9.826411268028165,2.7719648925918365,351.7309873947466
0,0,0,False,0.011518709361553192,0.9884812906384468,False,0.4884812906384468,0.0,0_1_2_0,8.915445738,1.416715016,2.439425496,0.814823221,Si1,PU,combo_001,3,318.9446982,283.4693717,0.000213736,0.055321976,825.8973772,176.8,75.0,,,7.264512212887883,3.455970730596448,318.9268345036693
1,1,0,True,0.42773890495300293,0.5722610950469971,True,0.07226109504699707,0.0,1_1_2_1,10.47135777,1.172157031,2.41710613,1.343814337,Si1,PU,combo_001,4,353.8265793,612.6093,0.000757902,0.02652657,967.0293795,181.0,81.8,,,14.071560699182347,2.8332279449527,354.61019902122194
0,0,0,False,0.033709846436977386,0.9662901535630226,False,0.4662901535630226,0.0,0_1_3_0,8.779365057,1.408685599,2.627502445,0.902708195,Si1,PU,combo_001,5,317.7100288,282.4770477,0.000210334,0.055303787,819.8983228,177.0,74.5,,,7.925204783850542,3.7013248556087897,317.65642106987343
0,0,0,False,0.0036050293128937483,0.9963949706871063,False,0.49639497068710625,0.0,0_1_3_0,8.505471178,1.428222781,2.621745598,0.769417225,Si1,PU,combo_001,6,312.428644,282.6727073,0.000203487,0.055424198,801.2501676,173.4,73.8,,,6.544256031094242,3.7444367890500683,312.56025627091435
0,0,0,False,0.06276922672986984,0.9372307732701302,False,0.43723077327013016,0.0,0_1_2_1,8.515256571,1.434159964,2.27258893,1.072107471,Si1,PU,combo_001,7,316.0028412,283.0586195,0.000203732,0.055457484,798.4599287,171.9,73.8,,,9.129270187250942,3.2592560580355983,315.91040967485725
1,1,0,True,0.38220247626304626,0.6177975237369537,False,0.11779752373695374,0.0,0_1_1_2,8.878318252,1.329234301,1.792260656,1.599449391,Si1,Si1,combo_002,8,327.2003173,588.7012144,0.000212808,0.041923176,835.5482686,174.000001,75.5,,,14.200420721265585,2.3823343402879615,327.9373553506632
0,0,0,False,0.416963666677475,0.583036333322525,True,0.08303633332252502,0.0,3_0_3_3,15.02318617,0.980430757,2.595102463,2.363776672,Si1,PU,combo_001,9,423.6334708,283.8761508,0.00036643,0.055232231,1313.006201,247.8,98.4,,,35.51145700775903,2.5443182722916546,423.5027683587016
1,1,1,False,0.534864604473114,0.465135395526886,True,0.034864604473114014,0.0,3_1_2_3,15.26823416,1.037588939,2.08035474,2.132568155,Si1,PU,combo_001,10,425.3453274,823.0395492,0.005588336,0.02719657,1357.275412,226.000001,98.3,,,32.560549952699176,2.158553067420221,426.5642843435782
1,1,0,True,0.21929821372032166,0.7807017862796783,False,0.28070178627967834,0.0,2_1_0_1,13.55547571,1.222507141,1.225656791,1.180724894,Si1,Si1,combo_002,11,397.18294,819.1930564,0.047811865,0.035941333,1146.234909,204.000001,87.9,,,16.005287620809323,1.4983741794126444,395.7691361933629
0,0,1,True,0.6082011461257935,0.39179885387420654,False,0.10820114612579346,0.0,2_1_0_2,13.32329935,1.121678322,1.504883555,1.589377483,Si1,Si1,combo_002,12,398.2473763,284.6857766,-0.000323932,0.05528426,1204.491747,216.2,92.8,,,21.175751986158534,1.6879952607777946,398.31184398238486
0,0,0,False,0.008926854468882084,0.9910731455311179,False,0.4910731455311179,0.0,3_0_1_0,15.96007833,0.943168992,1.678329184,0.512505813,Si1,Si1,combo_002,13,426.5300513,281.0729357,-0.000389852,0.05503964,1402.0402,234.1,102.3,,,8.179632920060332,1.5829480447174626,428.35947542704037
1,1,0,True,0.10953791439533234,0.8904620856046677,False,0.39046208560466766,0.0,2_0_3_2,13.97991519,0.960052693,2.875245206,1.842322884,Si1,PU,combo_001,14,410.1406866,829.2875357,-0.035055844,0.029610276,1226.467227,218.000001,94.3,,,25.75551767091621,2.76038690305564,409.1696779263282
0,0,0,False,0.08462585508823395,0.915374144911766,False,0.41537414491176605,0.0,1_0_3_3,11.92889038,0.795902742,2.825672635,2.335557432,Si1,Si1,combo_002,15,384.979147,282.7719893,0.000289072,0.055211864,1071.837244,209.1,84.9,,,27.860608582522303,2.248960598190865,385.46669714672254
0,0,0,False,0.07968396693468094,0.9203160330653191,False,0.42031603306531906,0.0,0_1_2_3,9.984331748,1.216312983,2.517324343,2.300818584,Si1,PU,combo_001,16,351.0946793,284.0806876,-0.001683208,0.055402699,927.4231178,189.9,80.2,,,22.972136034619606,3.061854280812845,350.810298289125
0,0,0,False,0.11034464836120605,0.889655351638794,False,0.38965535163879395,0.0,3_1_1_3,15.15484558,1.133281752,1.77851066,2.203942285,Si1,PU,combo_001,17,423.0338207,283.4984613,0.000369721,0.055109373,1362.220423,244.9,100.7,,,33.40040499640735,2.0155536767154763,422.96998441447374
0,0,0,False,0.11763002723455429,0.8823699727654457,False,0.3823699727654457,0.0,1_1_2_3,11.9143147,1.045291255,2.255878155,2.329520884,Si1,PU,combo_001,18,384.0811568,323.5714485,-0.000288708,0.055177248,1106.768385,202.0,85.7,,,27.754644912198195,2.3580497077670346,385.43651227004966
1,1,1,False,1.0,0.0,False,0.5,0.0,0_0_0_3,8.453771432,0.519461751,1.130929037,2.458920092,Si1,Si1,combo_002,19,409.7895666,544.7070597,0.000202194,0.007885576,953.2726376,76.000001,63.2,,,20.78714842732041,0.5874743778167638,366.42294782290554
0,0,0,False,3.1459461752092466e-05,0.9999685405382479,False,0.4999685405382479,0.0,2_3_1_0,12.25382311,2.128086768,2.012521472,0.536322795,Si1,PU,combo_001,20,325.3279815,259.47661,0.001485978,0.055389188,918.4418189,215.3,89.8,,,6.572004659790793,4.282820314879083,325.6592723366152
1,1,1,False,0.9794219732284546,0.02057802677154541,False,0.4794219732284546,0.10279607832788781,2_0_3_3,13.90552133,0.685101367,2.992163054,2.420413309,Si1,Si1,combo_002,1,414.1651556,583.205975,-0.015908936,0.031479384,1215.393586,206.000001,92.9,Itr_9,,33.65710889571538,2.049934998582295,411.803163431826
1,1,1,False,0.9993716478347778,0.000628352165222168,False,0.49937164783477783,0.11591705714024182,3_0_2_3,15.688585,0.729993555,2.501334394,2.479323164,Si1,Si1,combo_002,2,431.9904517,543.075099,-0.001149194,0.040987928,1369.333208,209.000001,100.4,,,38.897072200882945,1.8259579865198308,434.5843949849889
1,1,1,False,0.9903591871261597,0.009640812873840332,False,0.49035918712615967,0.10854704009289173,2_0_2_3,13.5180657,0.796955937,2.31188723,2.400018193,Si1,Si1,combo_002,3,411.9063202,793.0054859,0.027948149,0.03189377,1210.06074,197.000001,92.3,,,32.443603614169284,1.8424722536229845,410.5819155898681
1,1,1,False,0.9987346529960632,0.0012653470039367676,False,0.49873465299606323,0.11591705714024182,3_0_2_3,15.24591033,0.757891799,2.309830938,2.470068334,Si1,Si1,combo_002,4,430.9174224,596.1069445,0.000371998,0.039803759,1346.30673,200.000001,99.0,,,37.65844032913649,1.7506019249866778,431.8634726560718
0,0,0,False,0.491232305765152,0.508767694234848,True,0.008767694234848022,0.14158992124608782,1_1_1_3,11.42344303,1.122037269,1.716698297,2.179040196,Si1,Si1,combo_002,5,373.648415,283.6089072,0.002487925,0.055393608,1036.290819,204.1,85.6,,,24.892141539086033,1.9261994688628308,373.8539215889949
0,0,1,True,0.786250114440918,0.21374988555908203,False,0.28625011444091797,0.07864620004222057,0_1_3_0,8.14737947,1.285340297,2.657002323,0.63365998,Si1,Si1,combo_002,6,308.9991915,317.2983068,-0.000194535,0.041435849,787.0897567,162.2,72.7,,,5.162668312012611,3.41515215497451,310.11106939687664
0,0,0,False,0.24245616793632507,0.7575438320636749,False,0.2575438320636749,0.12339411626084448,1_0_3_2,11.83832745,0.793660321,2.823147853,1.864174514,Si1,Si1,combo_002,7,383.0124727,320.8138882,0.002581274,0.055283585,1070.501301,203.5,86.3,,,22.068708320676606,2.2406204312424407,382.60906579723866
1,1,1,False,0.5219722390174866,0.4780277609825134,True,0.021972239017486572,0.0794202918851327,1_0_3_3,11.48252029,0.773429381,2.737863351,2.396622402,Si1,Si1,combo_002,8,381.5385641,802.2479,-0.009726955,0.04418817,1049.281772,202.0,83.5,,,27.51926535843354,2.1175439568265157,382.34100719695317
1,1,1,False,0.9903165102005005,0.009683489799499512,False,0.4903165102005005,0.10278226577847685,0_1_3_0,8.330999402,1.179255136,2.802706066,0.56036355,Si1,PU,combo_001,9,321.7165742,810.5004117,-0.000199125,0.045997875,822.7412954,143.000001,72.9,,,4.6683883999525975,3.305105523028855,321.36742812461176
1,1,1,False,0.9081729054450989,0.09182709455490112,False,0.4081729054450989,0.1052363924027173,0_1_3_1,8.359498502,1.198093712,2.744740288,1.076267858,Si1,PU,combo_001,10,324.6322171,543.7046132,0.000599513,0.040966688,824.3250589,147.000001,73.0,,,8.997059546701749,3.288456080125869,325.33726859208423
1,1,1,False,0.8892157673835754,0.11078423261642456,False,0.38921576738357544,0.1445471632421059,0_1_3_3,9.021305031,1.056164476,2.990898919,2.066501013,Si1,PU,combo_001,11,347.1987255,898.6242678,-0.000216383,0.036135919,890.234737,161.000001,74.8,,,18.642535985143496,3.1588811895546014,344.0340314692392
1,1,1,False,0.9758232831954956,0.024176716804504395,False,0.4758232831954956,0.14466649625148692,0_1_3_0,9.281090096,1.105456055,2.87261737,0.688561222,Si1,PU,combo_001,12,337.1575381,872.4647098,0.000222877,0.047472854,894.222553,149.000001,75.6,,,6.390598737993858,3.1755522653646757,336.15114262882776
1,1,1,False,0.9995065927505493,0.0004934072494506836,False,0.4995065927505493,0.11962337527272708,3_0_0_3,15.97979604,0.945680067,1.447662205,2.482315568,Si1,Si1,combo_002,13,442.4125678,865.4572532,0.000390345,0.036302085,1461.561336,214.000001,105.5,,,39.666896483556755,1.3690252910177678,442.0879481010448
1,1,1,False,0.9516518712043762,0.04834812879562378,False,0.4516518712043762,0.050048509084201914,2_0_3_2,13.9608088,0.786303707,2.527042609,1.934800543,Si1,Si1,combo_002,14,413.5130954,819.5131618,0.006457535,0.02752949,1225.80827,201.000001,94.0,,,27.01138044695918,1.9870229712036516,412.33268388420106
0,0,0,False,0.4287353456020355,0.5712646543979645,True,0.07126465439796448,0.12705886749367354,1_0_2_2,11.94995076,0.876822438,2.40858508,1.986593679,Si1,Si1,combo_002,15,385.3255638,284.9460518,-0.001447994,0.055261884,1083.552011,208.5,85.7,,,23.739696644177247,2.111901441976025,384.5262028902404
1,1,1,False,0.5947168469429016,0.4052831530570984,True,0.09471684694290161,0.07105603450091857,0_1_3_3,9.886665828,1.004740639,2.965256869,2.357996429,Si1,PU,combo_001,16,358.1539767,918.6529335,-0.00071405,0.041176898,946.254326,182.000001,78.8,,,23.31272271714033,2.9793140813581993,357.8630368767325
1,1,1,False,0.7915700078010559,0.2084299921989441,False,0.2915700078010559,0.05016553278084961,3_1_2_3,14.25093432,1.018294264,2.117874521,2.113355891,Si1,PU,combo_001,17,416.8106536,568.119838,0.000347123,0.031588216,1284.032902,202.000001,94.1,,,30.11729599742608,2.1566194766060476,416.63677808560396
1,1,1,False,0.9085100293159485,0.09148997068405151,False,0.4085100293159485,0.050334995756575504,1_0_3_0,11.60859702,0.867362898,2.868887149,0.758205449,Si1,PU,combo_001,18,378.0423643,609.9698843,0.033446726,0.036819505,1088.622502,166.000001,84.1,,,8.801701515809162,2.4883662715915977,378.72665127564295
1,1,1,False,0.8615028262138367,0.13849717378616333,False,0.36150282621383667,0.19244581640008002,3_0_3_3,15.49091174,0.728131852,2.863552113,2.461431407,Si1,Si1,combo_002,19,426.523267,824.0736846,-0.000378123,0.03440917,1327.044816,220.000001,97.8,,,38.12981667990102,2.0850435033372032,429.90712035400554
0,0,0,False,0.040289901196956635,0.9597100988030434,False,0.45971009880304337,0.19734417726975148,3_2_0_2,14.03440127,1.59649394,1.119347042,1.837730768,Si1,PU,combo_001,20,389.3093083,280.4804765,-0.00034171,0.05542851,1124.049189,215.2,90.2,,,25.791451024337274,1.7870307693099254,390.63588353073544
1,1,1,False,0.7923986911773682,0.20760130882263184,False,0.29239869117736816,0.1487357414858902,3_0_1_1,15.67999267,0.937653639,1.657333916,1.183529757,Si1,Si1,combo_002,1,430.0933652,822.9891215,0.00038285,0.037136426,1400.590012,206.000001,101.0,Itr_10,,18.557737914486882,1.5540051773755204,430.3772953644057
1,1,1,False,0.8148395419120789,0.18516045808792114,False,0.31483954191207886,0.10611476607742155,3_1_0_1,15.75058789,1.070476334,1.216731821,1.246789464,Si1,Si1,combo_002,2,428.9197334,561.4840348,-0.000384615,0.034999942,1335.114555,204.000001,95.6,,,19.63766703305799,1.3024826192052243,428.72087450549094
1,1,1,False,0.7800444960594177,0.21995550394058228,False,0.2800444960594177,0.08023336775955686,3_0_0_0,15.69808892,0.956859107,1.463647538,0.967815248,Si1,Si1,combo_002,3,429.6461556,609.9365556,-0.004982929,0.032580691,1410.949459,227.000001,102.2,,,15.192849821235852,1.4005044761734287,430.3052578478361
0,0,0,False,0.1944599449634552,0.8055400550365448,False,0.3055400550365448,0.16902158000716616,0_1_3_2,8.231838573,1.289879363,2.806872604,1.807047922,Si1,PU,combo_001,4,323.6591833,283.9574447,0.00098323,0.05528044,806.8214266,171.7,72.8,,,14.875326787579093,3.6205270464696713,322.3756509974995
0,0,0,False,0.4116511344909668,0.5883488655090332,True,0.0883488655090332,0.03593724297678286,2_1_0_3,13.87229154,1.214764033,1.286390109,2.46179462,Si1,Si1,combo_002,5,405.3079183,284.9465514,-0.000337657,0.055100237,1167.253074,218.4,88.7,,,34.150732680243514,1.5626604368201498,407.23080709859425
0,0,0,False,0.1696075052022934,0.8303924947977066,False,0.3303924947977066,0.13360424724766254,0_1_1_3,8.074779188,1.39719844,1.829565761,2.148379032,Si1,Si1,combo_002,6,315.7052149,281.9770691,0.001349037,0.055308889,771.6280671,167.5,73.2,,,17.347686295529186,2.5562664271466127,317.3144246629283
0,0,0,False,0.3547130525112152,0.6452869474887848,False,0.1452869474887848,0.08294031946551174,2_1_0_3,13.48195512,1.276141152,1.424790501,2.367347765,Si1,PU,combo_001,7,400.1522614,280.2752474,-0.000327899,0.055293516,1166.500272,223.8,95.9,,,31.916476321162307,1.818233791304797,399.8221342132235
0,0,0,False,0.32346636056900024,0.6765336394309998,False,0.17653363943099976,0.15113439462422917,2_1_1_3,12.90639382,1.188910861,1.686618074,2.320380507,Si1,PU,combo_001,8,394.7380151,281.6848715,0.001567549,0.055338867,1138.639398,215.9,92.1,,,29.947744635593263,2.0052385465375018,395.38725134701053
0,0,0,False,0.050128716975450516,0.9498712830245495,False,0.4498712830245495,0.08214501550113958,0_1_3_3,8.152773061,1.345124634,2.538888792,2.42792588,Si1,PU,combo_001,9,321.8700514,283.5272966,0.000194669,0.055393034,792.1545982,169.0,72.7,,,19.794328708568717,3.415121857105702,323.51921783244023
0,0,0,False,0.12225896120071411,0.8777410387992859,False,0.3777410387992859,0.05923249786019551,0_1_2_2,8.28058374,1.387159634,2.051627803,1.676956325,Si1,PU,combo_001,10,320.7914277,284.363408,0.000989323,0.05545103,793.6530979,167.4,73.1,,,13.886177277485157,2.8459352723137044,321.0943673090209
0,0,0,False,0.08601092547178268,0.9139890745282173,False,0.4139890745282173,0.05923249786019551,0_1_2_2,8.273810685,1.393333009,2.078084523,1.79192328,Si1,PU,combo_001,11,319.805878,284.5171234,0.000197695,0.055427335,794.7912319,166.7,73.2,,,14.82603398076425,2.8954637613879193,321.32059276315994
0,0,0,False,0.38073211908340454,0.6192678809165955,False,0.11926788091659546,0.15893503075892632,1_1_1_0,11.39756566,1.166022417,1.95770133,0.850947989,Si1,Si1,combo_002,12,359.7516157,281.9476407,0.001378946,0.055328925,1013.06657,197.7,84.7,,,9.698735577872458,2.2827236365707146,361.01558665154454
1,1,1,False,0.7347284555435181,0.26527154445648193,False,0.23472845554351807,0.09052447927487049,1_1_0_3,10.77082494,1.37234616,1.144052121,2.367621303,Si1,Si1,combo_002,13,360.1693122,609.9637639,0.007023254,0.035636509,943.553288,168.000001,77.6,,,25.5012345788277,1.5700355350942055,359.9559315110273
1,1,1,False,0.9301217794418335,0.0698782205581665,False,0.4301217794418335,0.05080734413139104,1_1_0_2,10.04148199,1.369281136,1.258598749,1.776769863,Si1,Si1,combo_002,14,349.9252871,944.8817682,0.002176983,0.041362677,899.9412166,155.000001,75.0,,,17.841402579689266,1.7233755247988987,345.2544409116998
1,1,1,False,0.7550044059753418,0.2449955940246582,False,0.2550044059753418,0.08948677007088017,3_1_0_3,15.89970239,1.158606806,1.111766748,2.106061922,Si1,Si1,combo_002,15,431.6688941,512.586024,0.000388343,0.039222593,1342.730597,200.000001,96.9,,,33.48575777471139,1.2881005209172869,427.67361741616304
1,1,0,True,0.4538014531135559,0.5461985468864441,True,0.04619854688644409,0.1512080212682009,2_0_3_0,13.97016477,0.764310965,2.733515211,0.511239398,Si1,Si1,combo_002,16,406.2093227,618.7010446,-0.000340104,0.035030712,1217.200468,186.000001,93.9,,,7.142098626975608,2.0892556487615885,405.02944017800337
0,0,0,False,0.19967427849769592,0.8003257215023041,False,0.3003257215023041,0.07929829061167033,1_0_3_3,11.96020534,0.939341799,2.689605564,2.476563345,Si1,PU,combo_001,17,391.568677,284.1658284,0.000289855,0.055286237,1123.468866,206.9,85.2,,,29.620206143717265,2.5264589290881694,388.2323701949516
1,1,1,False,0.7378446459770203,0.26215535402297974,False,0.23784464597702026,0.11605812140345516,0_1_2_3,9.955859939,1.084224751,2.175030919,2.219044836,Si1,Si1,combo_002,18,352.400788,558.2965365,-0.007432142,0.031886285,934.6432042,171.000001,79.9,,,22.092499585577226,2.358222356570076,352.9257695436416
0,0,0,False,0.0833662673830986,0.9166337326169014,False,0.4166337326169014,0.05084674711568333,1_1_3_0,11.66815384,1.052190079,2.862408185,0.795309338,Si1,PU,combo_001,19,368.5306241,283.6467899,0.002542985,0.055440277,1052.784555,195.1,85.0,,,9.279791706172558,3.0117974943053967,369.72397126436016
1,1,1,False,0.844610869884491,0.15538913011550903,False,0.34461086988449097,0.05152603014251455,3_0_2_0,14.18114692,0.963994047,2.117855449,0.716186983,Si1,PU,combo_001,20,411.674956,552.2530637,-0.001036136,0.041790829,1287.058869,172.000001,93.5,,,10.156352828114542,2.0416000452425123,412.66193792871474
1,1,1,False,0.9940210580825806,0.005978941917419434,False,0.49402105808258057,0.1336449456884138,3_1_0_0,15.15739011,1.064115728,1.128284431,0.549478437,Si1,PU,combo_001,21,422.863116,706.8851344,-0.000369785,0.03660869,1301.742068,171.000001,92.2,,,8.328659026642057,1.2006252086846307,422.0019378949033
0,0,0,False,0.04039084538817406,0.9596091546118259,False,0.45960915461182594,0.1508391472705072,2_1_1_2,12.80138498,1.383211893,1.639368801,1.7687046,Si1,Si1,combo_002,22,379.6409078,276.5945251,0.001554423,0.055418732,1094.927291,221.6,91.5,,,22.64186850049691,2.2675944225563502,377.417956451179
1,1,0,True,0.3665035367012024,0.6334964632987976,False,0.1334964632987976,0.11962337527272708,3_1_1_3,15.94553706,1.026733187,1.626768593,2.359631676,Si1,Si1,combo_002,1,431.9025871,620.4693228,0.000389489,0.0338855,1397.66176,235.000001,102.7,Itr_11,,37.62559433760791,1.6702573020023959,435.825914271123
0,0,0,False,0.10941217094659805,0.890587829053402,False,0.39058782905340195,0.18109873888979833,3_0_2_0,15.79042276,0.834026829,2.305755691,0.787085383,Si1,Si1,combo_002,2,425.584634,282.1163819,0.000385611,0.055128346,1357.342099,237.2,101.7,,,12.428410945786517,1.9230621074134338,425.45533512137706
1,1,0,True,0.48808297514915466,0.5119170248508453,True,0.011917024850845337,0.13058032879286893,3_1_0_2,15.22524812,1.128244768,1.563781922,1.552518755,Si1,PU,combo_001,3,423.090562,558.3072687,-0.004086294,0.023403319,1292.402533,241.000001,101.8,,,23.63748325582849,1.7643287717894842,426.1422899778515
1,1,1,False,0.7428568601608276,0.25714313983917236,False,0.24285686016082764,0.226094979922915,2_0_1_1,13.54262801,0.964625124,1.835068044,1.016829155,Si1,Si1,combo_002,4,403.5178991,614.2877536,-0.031294496,0.034588654,1214.383385,198.000001,92.0,,,13.77053899588763,1.7701527394919374,403.3423724459043
1,1,0,True,0.475792795419693,0.524207204580307,True,0.024207204580307007,0.14624429217085674,2_1_0_0,13.83083009,1.128110339,1.45900394,0.52052151,Si1,PU,combo_001,5,401.0815783,604.2902108,-0.029959247,0.033325454,1264.60819,198.000001,94.5,,,7.199244563000236,1.6459174293557357,402.44468853703006
1,1,1,False,0.8138986825942993,0.18610131740570068,False,0.3138986825942993,0.15627479128554767,1_0_1_2,11.62179194,0.975361816,2.030638544,1.5647179,Si1,Si1,combo_002,6,377.1511954,851.5228674,-0.053746407,0.036299929,1072.606033,191.000001,85.2,,,18.184825878593724,1.9806072979154359,377.2627452546747
0,0,0,False,0.4919675290584564,0.5080324709415436,True,0.008032470941543579,0.11237311786106936,1_1_0_0,11.92941023,1.418116609,1.218691284,0.84228234,Si1,Si1,combo_002,7,363.9402321,283.0388204,0.000289085,0.055213099,991.1720794,191.9,82.5,,,10.047931563344338,1.7282463510839357,363.01255901881626
0,0,1,True,0.6120378971099854,0.38796210289001465,False,0.11203789710998535,0.13285130992379787,1_1_0_0,11.46786426,1.345904786,1.393179297,0.642560496,Si1,PU,combo_001,8,359.1996312,283.3602146,0.001387733,0.055227113,1009.819232,192.4,87.2,,,7.368796546966273,1.8750866835884155,359.711174686973
1,1,1,False,0.6688736081123352,0.3311263918876648,False,0.1688736081123352,0.09562779216233551,0_1_1_0,8.890321739,1.407347745,1.583911398,0.627211353,Si1,PU,combo_001,9,321.985039,855.475796,-0.007884996,0.042834708,824.3506129,157.000001,75.4,,,5.576110726523502,2.2291141342550973,321.3472221805237
1,1,1,False,0.7457767724990845,0.2542232275009155,False,0.24577677249908447,0.1714375205946829,0_1_1_0,8.619590296,1.384475076,1.880608618,0.505064553,Si1,PU,combo_001,10,317.8520879,950.4098226,-0.00804725,0.040236251,812.4019068,157.000001,74.1,,,4.3534495198923775,2.603655759331805,316.99324017565044
0,0,1,True,0.6463322639465332,0.3536677360534668,False,0.1463322639465332,0.1730352331022167,0_1_2_2,9.809012688,1.147467315,2.306825493,1.623565428,Si1,Si1,combo_002,11,344.2835273,284.9992617,0.002124677,0.055370804,907.485866,188.0,78.4,,,15.92557388305015,2.6470068546262615,343.2591249001233
1,1,1,False,0.7939568758010864,0.20604312419891357,False,0.2939568758010864,0.07864620004222057,0_1_3_0,8.011430922,1.268178127,2.745499213,0.754546084,Si1,PU,combo_001,12,314.7397529,915.604971,0.000573407,0.042623272,787.5205953,150.000001,72.0,,,6.04499382943161,3.481782049622314,315.89978787786964
0,0,0,False,0.07253988087177277,0.9274601191282272,False,0.42746011912822723,0.1602909453987195,3_0_3_2,15.79851847,0.81630217,2.974764634,1.968132705,Si1,Si1,combo_002,13,422.3507164,282.2726162,-0.000385813,0.055142723,1326.040126,261.0,101.4,,,31.093580891353557,2.428306825973456,424.9051417758385
1,1,1,False,0.7262118458747864,0.2737881541252136,False,0.22621184587478638,0.050248490318835125,2_1_1_3,13.82273411,1.00620583,1.790432621,2.458390797,Si1,Si1,combo_002,14,410.0430417,610.7093859,-0.021867186,0.03263257,1232.876445,201.000001,95.1,,,33.981682325401984,1.8015437414723805,410.3897447496227
0,0,0,False,0.16965387761592865,0.8303461223840714,False,0.33034612238407135,0.12705886749367354,1_1_3_2,11.95191809,1.021163494,2.607262379,1.988645842,Si1,PU,combo_001,15,384.0593015,283.0493787,0.000289648,0.055266555,1091.929378,208.0,86.1,,,23.76813221360308,2.6624411607143923,383.81994305414645
0,0,0,False,0.24176481366157532,0.7582351863384247,False,0.2582351863384247,0.08762719105084019,0_1_3_3,9.898883989,1.131391553,2.800944817,2.195038995,Si1,PU,combo_001,16,351.6759131,284.9351604,0.002144898,0.055395352,926.4036904,188.0,78.9,,,21.72843636283615,3.168965306372931,352.1820782722505
1,1,1,False,0.8745719194412231,0.12542808055877686,False,0.37457191944122314,0.05080734413139104,0_1_0_2,9.732774756,1.406774439,1.207200124,1.78279601,Si1,Si1,combo_002,17,340.0616216,842.1475801,-0.000234169,0.04378965,874.5007472,153.000001,74.0,,,17.35155200122552,1.6982582772008308,338.33967589591896
0,0,0,False,0.10503003746271133,0.8949699625372887,False,0.39496996253728867,0.051435153099662054,2_0_3_3,12.2534962,0.826636628,2.848439144,2.28577932,Si1,Si1,combo_002,18,387.6853639,284.1774052,0.001485937,0.055388428,1096.344819,211.6,88.3,,,28.008788211658587,2.3546241290593666,387.4791423813321
0,0,0,False,0.05567948892712593,0.9443205110728741,False,0.44432051107287407,0.11233926237871912,3_0_3_0,15.95647377,0.778056111,2.868213498,0.867821673,Si1,Si1,combo_002,19,421.8927646,278.8808567,-0.000389762,0.055033323,1348.402138,242.7,101.9,,,13.847373762262018,2.231631039771586,423.3837849835459
0,0,0,False,1.2856592093157815e-06,0.9999987143407907,False,0.4999987143407907,0.13616466931181706,2_1_3_1,13.41078666,1.252787801,2.868640587,1.368568303,Si1,Si1,combo_002,20,377.417595,270.6004424,-0.00032612,0.055144059,1087.795474,222.9,94.4,,,18.353577541171237,3.593797932847079,378.26754966519746
0,0,0,False,0.24578313529491425,0.7542168647050858,False,0.25421686470508575,0.1220597314709077,0_1_1_1,8.834276558,1.405655645,1.664326357,1.080594271,Si1,Si1,combo_002,1,320.39538,284.6702831,0.000211707,0.05527191,818.2579673,174.6,75.6,Itr_12,,9.546268637004399,2.3394697388393353,321.4855275548133
0,0,0,False,0.04577780142426491,0.9542221985757351,False,0.4542221985757351,0.1468200604808733,0_1_0_2,8.000699442,1.442127184,1.234133881,1.702531762,Si1,PU,combo_001,2,309.0331,279.9039,0.000954338,0.05542579,750.4929,145.6,67.4,,,13.621444918220677,1.7797780184855212,312.9208711740507
0,0,0,False,0.22846798598766327,0.7715320140123367,False,0.27153201401233673,0.07099941083471126,0_1_0_1,8.530699846,1.405443508,1.556360553,1.30450125,Si1,Si1,combo_002,3,318.4406306,284.8888426,0.000204118,0.055305863,800.6483942,169.8,74.8,,,11.128308612481806,2.18737683532114,318.58279533559573
0,0,0,False,0.3936346173286438,0.6063653826713562,False,0.1063653826713562,0.0866293230500714,0_1_1_1,8.433879441,1.386859591,1.691180288,1.399091405,Si1,Si1,combo_002,4,318.825451,284.4444809,0.000201697,0.055382489,797.0317135,170.4,74.3,,,11.799768236709305,2.345429602522942,317.8289276858909
0,0,0,False,0.35130196809768677,0.6486980319023132,False,0.14869803190231323,0.157434411732986,2_1_1_0,13.58015275,1.02959112,1.735598712,0.547709353,Si1,Si1,combo_002,5,398.2759919,283.1232822,-0.000330354,0.055169361,1211.89895,205.8,92.7,,,7.437976676343671,1.7869570217586377,397.474890515842
0,0,0,False,0.23728004097938538,0.7627199590206146,False,0.2627199590206146,0.08023336775955686,3_1_0_0,15.43204463,1.011611763,1.511257053,0.842051756,Si1,Si1,combo_002,6,425.4579247,282.6806659,-0.002636557,0.055245523,1368.989533,233.6,101.0,,,12.994580279361871,1.5288054117315146,423.6598857016617
0,0,1,True,0.7947614789009094,0.20523852109909058,False,0.2947614789009094,0.07970091196833881,2_1_0_3,13.56984832,1.285849676,1.230932822,2.248952107,Si1,PU,combo_001,7,401.4340156,283.5066612,-0.000330096,0.055147989,1151.524,208.4,87.3,,,30.517938970934413,1.5827945703464656,401.5271593400957
0,0,1,True,0.640841007232666,0.359158992767334,False,0.14084100723266602,0.18968822800483162,3_0_2_1,15.3900785,0.877107358,2.076726158,1.075074089,Si1,Si1,combo_002,8,426.0813668,280.9251462,-0.002629214,0.055168946,1344.093891,227.3,98.8,,,16.545474623025985,1.8215117937328704,425.1807399377201
1,1,1,False,0.9714957475662231,0.028504252433776855,False,0.47149574756622314,0.050861244648606696,3_1_0_3,14.60175929,1.273100938,1.117842813,2.059093284,Si1,PU,combo_001,9,414.16661,551.5537067,0.024556686,0.035233506,1232.222454,193.000001,91.0,,,30.066384488623605,1.4231267337668585,414.82937099880564
0,0,1,True,0.7978022694587708,0.20219773054122925,False,0.29780226945877075,0.05659481973799337,1_1_1_0,11.62721671,1.157323158,1.9837635,0.539633266,Si1,PU,combo_001,10,366.2313561,324.7668749,0.001407652,0.055339982,1062.53419,187.5,85.1,,,6.274432927707075,2.295855438545133,366.29757260076786
1,1,0,True,0.3157690465450287,0.6842309534549713,False,0.1842309534549713,0.07968987022537871,1_2_0_0,10.52217759,1.498971496,1.208872459,0.716301,Si1,PU,combo_001,11,339.1821684,545.8604855,0.013964748,0.040370816,909.7211744,158.000001,75.7,,,7.53704632989459,1.8120653583404287,339.58896015350604
0,0,1,True,0.5760513544082642,0.42394864559173584,True,0.07605135440826416,0.05056561199187277,1_1_0_0,11.44851295,1.367359986,1.371496994,0.929509814,Si1,PU,combo_001,12,360.1694655,284.6661768,0.001385314,0.05517922,1011.06248,194.9,87.6,,,10.641505142731091,1.875330110514882,361.2062802435197
0,0,0,False,0.32315927743911743,0.6768407225608826,False,0.17684072256088257,0.16122550257449036,3_1_0_3,15.95698005,1.087970087,1.496018536,2.003631739,Si1,Si1,combo_002,13,432.543957,280.4812085,-0.000389775,0.055034215,1401.79728,251.5,103.8,,,31.971911686769804,1.6276234167655326,432.50102904636185
1,1,1,False,0.5750504732131958,0.4249495267868042,True,0.0750504732131958,0.10453986395896069,2_0_3_3,13.89797778,0.946555867,2.71514234,2.307201721,Si1,PU,combo_001,14,411.9987185,563.6084711,-0.02740226,0.030785255,1233.336452,214.000001,93.8,,,32.06543825243576,2.570033911667109,411.8988291082518
0,0,0,False,0.377428263425827,0.622571736574173,False,0.12257173657417297,0.0642474847851596,1_0_3_3,11.8712211,0.914029486,2.803032242,2.377761775,Si1,PU,combo_001,15,387.5689237,284.8071915,-0.001438153,0.05536253,1099.603287,206.2,85.0,,,28.226935754153455,2.5620541193966875,388.53354739732714
0,0,1,True,0.6819695234298706,0.3180304765701294,False,0.1819695234298706,0.11044405477632449,0_0_3_3,9.856193573,0.97947452,2.638308365,2.260035473,Si1,Si1,combo_002,16,353.4216803,320.7323479,0.001660783,0.055271551,926.1419907,175.1,76.7,,,22.275347103734614,2.5841558194203595,353.2173279196327
0,0,0,False,0.07453534752130508,0.9254646524786949,False,0.4254646524786949,0.05080558801542252,1_1_1_3,11.54479058,1.039343993,1.981622731,2.472143787,Si1,Si1,combo_002,17,377.7188952,284.0571601,0.001397349,0.055417508,1050.522436,205.5,85.7,,,28.540382304563128,2.0595876818571046,378.3335776326284
0,0,0,False,0.16443227231502533,0.8355677276849747,False,0.33556772768497467,0.05160719273332825,0_2_0_1,8.830842911,1.524980666,1.158366847,1.311022279,Si1,PU,combo_001,18,315.9648633,282.7914686,0.000211621,0.05526073,794.3139057,158.5,70.8,,,11.577431798670213,1.76648704581038,315.9910808509286
1,1,1,False,0.7217103242874146,0.27828967571258545,False,0.22171032428741455,0.13454476919483643,3_1_0_3,14.59372851,1.282098146,1.108170785,2.474137534,Si1,PU,combo_001,19,415.3947849,829.1577297,0.039481951,0.035925018,1228.536989,205.000001,91.2,,,36.106891467596895,1.4207837088998647,414.9625464786254
0,0,0,False,0.00227836100384593,0.9977216389961541,False,0.49772163899615407,0.20881572933226727,3_3_1_3,15.3384972,1.9944429,1.643545784,2.019812948,Si1,Si1,combo_002,20,380.5860914,260.772311,0.000374313,0.055074813,1156.939362,260.0,105.9,,,30.98089524742175,3.2779582197237334,379.53654116983296
0,0,0,False,0.33002471923828125,0.6699752807617188,False,0.16997528076171875,0.13708840838811084,0_1_2_0,8.523008835,1.390125134,2.257551397,0.524499338,Si1,PU,combo_001,1,314.6246375,284.9340496,0.000203925,0.055279909,803.5923663,170.2,73.8,Itr_13,,4.470312491725652,3.138278938266512,315.05685958439653
1,1,1,False,0.8689213991165161,0.1310786008834839,False,0.3689213991165161,0.1445471632421059,0_0_3_3,9.908486069,0.871015319,2.992445722,2.076477538,Si1,Si1,combo_002,2,356.8875734,683.9524969,0.000238562,0.032205904,944.6969692,159.000001,76.2,,,20.574748757864416,2.606466065138015,355.5861364238113
0,0,0,False,0.37383711338043213,0.6261628866195679,False,0.12616288661956787,0.11097039969753969,3_1_0_1,15.82205939,1.25115508,1.152579589,1.36572838,Si1,PU,combo_001,3,425.5249852,279.7201806,0.000386402,0.055184507,1318.134937,225.4,94.7,,,21.60863553896849,1.4420558078816619,425.8161924432343
1,1,1,False,0.9070959091186523,0.09290409088134766,False,0.40709590911865234,0.11367583409328176,2_1_0_1,12.67741792,1.320681163,1.140566862,1.033162319,Si1,PU,combo_001,4,383.5093155,826.0028597,0.044013319,0.039088752,1077.526625,177.000001,84.0,,,13.097830497159357,1.5063251697854205,381.5244744585759
1,1,0,True,0.48005589842796326,0.5199441015720367,True,0.019944101572036743,0.12060154501813009,3_1_0_1,14.32242197,1.3065989,1.119789726,1.224610451,Si1,PU,combo_001,5,406.429017,822.1314077,0.028959572,0.035937782,1199.607478,183.000001,90.3,,,17.53938762809401,1.4631160242229015,406.09583761918077
1,1,1,False,0.7792881727218628,0.2207118272781372,False,0.2792881727218628,0.11044405477632449,1_0_2_3,10.4486565,0.920344446,2.522838456,2.16739001,Si1,Si1,combo_002,6,363.7575388,888.7778382,-0.001260333,0.042095106,973.6789202,191.000001,81.6,,,22.646313716021567,2.3218803611348156,363.6726042569234
1,1,1,False,0.6412569880485535,0.35874301195144653,False,0.14125698804855347,0.11605812140345516,1_0_2_3,10.45777986,0.983210009,2.272228454,2.351183993,Si1,Si1,combo_002,7,363.0494392,652.7951,-0.00227065,0.03607811,972.9754624,189.0,81.7,,,24.58816460914978,2.234077758707396,363.76830018183426
1,1,1,False,0.9048963785171509,0.09510362148284912,False,0.4048963785171509,0.10512209938561412,1_1_0_3,11.38423132,1.216365206,1.509114886,2.482529496,Si1,PU,combo_001,8,374.3265756,813.984449,0.006335482,0.033881057,1037.723189,191.000001,86.4,,,28.261690041187016,1.8356348391870567,375.5409009829263
0,0,1,True,0.7636537551879883,0.23634624481201172,False,0.2636537551879883,0.19053324922212825,0_1_2_1,8.047564948,1.301436833,2.420675461,1.453759372,Si1,PU,combo_001,9,320.4419458,315.5181735,0.000192039,0.045129165,788.9218757,161.7,72.5,,,11.699222964933691,3.150356205684655,319.33562803362213
1,1,0,True,0.3958102762699127,0.6041897237300873,False,0.10418972373008728,0.18406603521627968,3_1_0_2,14.91469581,1.306795725,1.139216094,1.686125992,Si1,PU,combo_001,10,412.0282888,793.3528097,0.036008033,0.033098293,1247.310061,210.000001,92.1,,,25.148056268014493,1.4887227214903982,414.3783102212617
1,1,1,False,0.9674965143203735,0.032503485679626465,False,0.46749651432037354,0.17871784614890568,2_1_0_2,12.28849609,1.343888698,1.122329911,1.802071426,Si1,PU,combo_001,11,383.7207112,550.350995,0.042026798,0.035469426,1048.197676,183.000001,83.2,,,22.144747672301726,1.5082864828202458,380.07001857434733
1,1,1,False,0.8798803091049194,0.12011969089508057,False,0.37988030910491943,0.11367583409328176,2_1_0_0,12.74489052,1.242885034,1.301195327,0.903689986,Si1,PU,combo_001,12,386.3227776,590.1171211,-0.034970367,0.039302979,1089.708045,169.000001,83.9,,,11.517429935590332,1.6172361982390362,385.76156791810394
1,1,0,True,0.21646833419799805,0.783531665802002,False,0.28353166580200195,0.07188308900079783,0_1_3_0,8.477532287,1.29458051,2.668982936,0.909657101,Si1,PU,combo_001,13,320.2478613,859.4643237,-0.000202788,0.04400505,817.1347456,168.000001,73.4,,,7.711647443826321,3.4552132904681776,320.80389570095286
0,0,0,False,0.03818542882800102,0.961814571171999,False,0.461814571171999,0.12751173920467918,3_1_1_3,15.95600472,1.135578983,1.81840891,2.471386219,Si1,PU,combo_001,14,427.7191048,283.3802745,0.00038975,0.0550325,1344.884375,261.5,104.0,,,39.43345017530696,2.064946940695939,432.9694412525112
1,1,0,True,0.42866429686546326,0.5713357031345367,True,0.07133570313453674,0.11608968840424563,2_0_2_1,13.90001521,0.900571293,2.151506023,1.325136728,Si1,Si1,combo_002,15,408.3690008,649.1917943,-0.007782062,0.030113195,1226.021479,196.000001,94.4,,,18.419420674529633,1.937584561030398,409.6821631263505
0,0,1,True,0.617988109588623,0.38201189041137695,False,0.11798810958862305,0.08344275170526626,1_0_2_3,11.92461479,0.95514946,2.364268424,2.411380054,Si1,PU,combo_001,16,390.4601562,284.4400479,-0.001444827,0.055201711,1101.777022,207.1,86.3,,,28.754778256239398,2.258229708478651,388.3282411435535
1,1,1,False,0.8281699419021606,0.17183005809783936,False,0.32816994190216064,0.08204045154131101,0_1_3_2,9.924840313,1.008329066,2.549614523,1.853179807,Si1,Si1,combo_002,17,351.9735932,583.4715913,0.000238971,0.041341983,934.4247136,185.000001,79.0,,,18.392513655751163,2.570850430636625,350.9541857017422
1,1,1,False,0.662758469581604,0.337241530418396,False,0.162758469581604,0.05056561199187277,1_1_0_1,11.47681446,1.342707332,1.348814284,1.024376147,Si1,PU,combo_001,18,363.0088093,798.7496382,0.01583291,0.042498864,1018.238846,204.000001,87.6,,,11.756574976368684,1.8110628286331303,363.3442529239749
1,1,0,True,0.44639110565185547,0.5536088943481445,True,0.05360889434814453,0.050861244648606696,3_1_0_3,14.49967626,1.302782569,1.181483196,2.124877119,Si1,PU,combo_001,19,410.3205514,669.4295419,-0.028620702,0.034980858,1215.414977,194.000001,90.6,,,30.810030317781496,1.5392157133152105,410.8226330530058
1,1,1,False,0.6756159663200378,0.32438403367996216,False,0.17561596632003784,0.18321456440214395,0_1_3_3,8.033887156,1.060719416,2.999526368,2.337111353,Si1,Si1,combo_002,20,330.1362584,1000.869636,0.000191697,0.043131881,818.3473795,160.000001,72.0,,,18.776088881008484,3.181655857341561,327.9547342173346
1,1,1,False,0.9627557992935181,0.037244200706481934,False,0.46275579929351807,0.1838932167589141,0_0_3_2,8.126060748,0.969243702,2.740169379,1.970847585,Si1,PU,combo_001,21,343.0519394,814.7061232,0.008342065,0.047142365,844.5411954,130.000001,72.1,,,16.015227200759096,2.6558919130090013,339.91986433097503
0,0,0,False,0.3341910243034363,0.6658089756965637,False,0.16580897569656372,0.10316205194784213,2_0_3_1,12.83018789,0.766444423,2.981181108,1.311030195,Si1,Si1,combo_002,1,393.662206,282.5414595,-0.000311605,0.055171214,1132.925759,210.1,89.6,Itr_14,,16.82076373131334,2.2849096341795607,393.20558340477965
1,1,1,False,0.7756754159927368,0.22432458400726318,False,0.2756754159927368,0.0947790207977364,1_1_0_3,10.36478264,1.426550325,1.286127271,2.385613689,Si1,PU,combo_001,2,350.3697877,619.6788001,0.012748445,0.0352457,917.6645934,165.000001,75.0,,,24.726367349493557,1.834725276436413,353.3277590772303
0,0,0,False,0.32567256689071655,0.6743274331092834,False,0.17432743310928345,0.13058032879286893,3_1_1_2,15.922578,1.121647371,1.691874436,1.692480482,Si1,PU,combo_001,3,432.8030357,280.3708268,0.000388915,0.05536293,1347.264406,243.9,104.3,,,26.948652488122594,1.8976865132015075,428.5492352656437
1,1,1,False,0.7023400068283081,0.2976599931716919,False,0.2023400068283081,0.10770161539287317,1_1_0_3,10.67452617,1.305046211,1.573172912,2.43245549,Si1,PU,combo_001,4,359.4535684,540.5069,0.008504537,0.03169873,974.8746104,186.0,83.6,,,25.965309785365175,2.0530633480534366,360.928176354896
0,0,1,True,0.5321558713912964,0.4678441286087036,True,0.03215587139129639,0.08214501550113958,0_1_2_3,8.022530915,1.29668216,2.399743787,2.474092454,Si1,PU,combo_001,5,324.743269,284.2436979,-0.000957066,0.055313508,791.0811433,166.5,72.3,,,19.848483198783217,3.11170495717374,324.9600895502208
0,0,0,False,0.2348402440547943,0.7651597559452057,False,0.2651597559452057,0.1336449456884138,3_1_0_0,15.69350685,1.077986567,1.243725997,0.745746559,Si1,Si1,combo_002,6,421.5364428,284.4300909,-0.000383188,0.055339518,1313.349764,217.5,95.4,,,11.70337873203043,1.3407199177946822,425.0133391490583
0,0,0,False,0.18501517176628113,0.8149848282337189,False,0.31498482823371887,0.10611476607742155,3_1_0_1,15.9761257,1.222839799,1.177721119,1.116553913,Si1,PU,combo_001,7,426.5432755,280.6252623,-0.000390253,0.055067728,1339.020963,225.6,94.9,,,17.838205664914863,1.440164256436015,426.672739963263
1,1,1,False,0.7055047750473022,0.29449522495269775,False,0.20550477504730225,0.16781699772155775,1_2_0_3,10.24339621,1.474019656,1.134344993,2.076379214,Si1,Si1,combo_002,8,346.1318624,544.2756492,0.014075295,0.033830095,893.1528329,169.000001,76.0,,,21.26917497121038,1.6720468163671824,343.8923167784595
0,0,1,True,0.5359991192817688,0.4640008807182312,True,0.0359991192817688,0.1470798078044711,0_1_0_3,8.023007605,1.445981956,1.291267724,2.286789773,Si1,PU,combo_001,9,317.1899977,283.3838751,0.000957126,0.055315236,773.8716092,153.9,71.6,,,18.346931739815226,1.867149829269188,312.54018900240874
0,0,1,True,0.8714708089828491,0.12852919101715088,False,0.3714708089828491,0.10790357685442692,0_2_0_3,9.214904316,1.487747242,1.121347953,2.341592258,Si1,Si1,combo_002,10,328.137013,318.3763457,-0.000663668,0.055402813,822.028527,164.5,72.0,,,21.577548604556384,1.6682823243980955,328.6697722772577
1,1,0,True,0.11885788291692734,0.8811421170830727,False,0.38114211708307266,0.09434233942992533,0_1_0_3,9.031629437,1.413890969,1.43167797,2.295319513,Si1,PU,combo_001,11,333.8837228,509.5177286,-0.002383048,0.035745724,840.0520184,165.000001,76.3,,,20.7304752809313,2.024236552299253,332.5656378121345
0,0,0,False,0.2412523329257965,0.7587476670742035,False,0.2587476670742035,0.04780145889435185,2_0_3_1,12.3592988,0.923711392,2.984613787,1.248060785,Si1,PU,combo_001,12,387.6118151,284.3811575,0.001499162,0.055334587,1119.876363,204.6,86.5,,,15.425156162377558,2.756921755772161,387.18714120806095
0,0,1,True,0.6517556309700012,0.3482443690299988,False,0.15175563097000122,0.13305782290547838,3_0_2_3,15.95863584,0.911694388,2.227029845,2.095969998,Si1,Si1,combo_002,13,432.620553,278.7054255,0.000389816,0.05503712,1368.399005,253.4,103.1,,,33.44882192964753,2.03037061159501,431.02436340469757
1,1,1,False,0.6227755546569824,0.3772244453430176,False,0.12277555465698242,0.06410008581409167,2_0_2_3,13.97079819,0.922620001,2.152096763,2.146208097,Si1,Si1,combo_002,14,412.0687837,613.112692,-0.03095092,0.03095092,1225.491617,219.000001,94.9,,,29.984240196930948,1.9855675176311565,411.407726691275
1,1,0,True,0.49765545129776,0.50234454870224,True,0.0023445487022399902,0.06756561503441992,1_1_2_3,11.96952353,1.040960707,2.077628019,2.348285194,Si1,PU,combo_001,15,387.970129,817.7391713,-0.003771145,0.04728436,1122.252561,222.000001,86.0,,,28.107854884733612,2.1627291315412496,386.6981608239054
0,0,0,False,0.11554116010665894,0.8844588398933411,False,0.38445883989334106,0.08018674101561706,0_1_3_3,9.75774974,1.117252053,2.905962985,2.448143761,Si1,PU,combo_001,16,351.720736,283.4756571,0.001643556,0.055220869,917.3763187,187.7,77.9,,,23.888374147380368,3.246693110933258,351.47501840786003
1,1,1,False,0.996228039264679,0.003771960735321045,False,0.49622803926467896,0.050048509084201914,3_0_2_3,14.19010525,0.747645729,2.510451816,2.005042474,Si1,Si1,combo_002,17,419.3197946,521.8949337,-0.005875247,0.0376707,1248.904081,193.000001,94.6,,,28.45176373678039,1.8769285780926939,416.9501770646032
0,0,0,False,0.12887533009052277,0.8711246699094772,False,0.37112466990947723,0.050248490318835125,2_1_1_3,13.91843298,1.061917514,1.768801922,2.381546638,Si1,Si1,combo_002,18,409.607232,284.1540236,-0.000338811,0.055193671,1228.568673,229.2,95.7,,,33.14739726974732,1.8783217397686618,409.13012188863445
1,1,0,True,0.3969385027885437,0.6030614972114563,False,0.1030614972114563,0.09052447927487049,1_1_0_3,10.25891648,1.458741784,1.112643983,2.456183918,Si1,Si1,combo_002,19,350.5302388,900.2047432,0.001731261,0.037840419,899.8575433,164.000001,76.0,,,25.197785674281167,1.6230602687182856,348.2431962482807
1,1,1,False,0.6501332521438599,0.34986674785614014,False,0.15013325214385986,0.09142503651189887,3_0_2_3,14.6901419,0.9241333,2.12238134,2.225109639,Si1,Si1,combo_002,20,418.0872281,654.2686246,0.023276728,0.026141556,1279.259615,234.000001,97.7,,,32.68717633996777,1.9613632715926221,420.5845514631511
