TP_NoTP,actual_label,oof_predicted_label,oof_is_error,oof_p_tp,oof_p_notp,is_boundary_band,ptp_distance_from_boundary,local_nn_dist,coverage_cell_key,A_Cell_D,C_Barrier_Thx,E_Barrier_Outer_Thx,F_ThermalResin_Thx,B_Barrier_Type,D_Barrier_Outer_Type,discrete_combo_id,Eval#,MaxT_TB,MaxT_Adj,MaxT_Adj_Y,MaxT_Adj_Z,Max_Power,Time_MaxT,Time_Max_Power,Unnamed: 15,Unnamed: 16,CellD_x_Resin,Barrier_x_Outer,oof_tmax_pred
1,1,1,False,0.9999995231628418,4.76837158203125e-07,False,0.4999995231628418,0.33059940773385615,3_0_0_3,14.4030054,0.504457417,1.351974252,2.177480305,Si1,Si1,combo_002,1,451.1424865,916.7147143,-0.000350925,0.044567507,1332.955958,134.000001,94.9,Initial,,31.362260591308647,0.6820134390144271,445.78398142318594
1,1,1,False,0.9999734163284302,2.658367156982422e-05,False,0.4999734163284302,0.18579068083449135,3_0_3_2,14.90789813,0.549540979,2.642394944,1.787474521,Si1,Si1,combo_002,2,431.4329144,538.9130314,-0.000363548,0.044716343,1341.339405,169.000001,94.5,,,26.647488069038545,1.45210430443041,434.87883225858326
1,1,1,False,0.9999637603759766,3.62396240234375e-05,False,0.49996376037597656,0.23795360435278395,1_0_1_2,10.70219176,0.876237523,1.657999209,1.664449727,Si1,Si1,combo_002,3,377.783906,703.7643878,0.026615689,0.038502308,1033.336124,143.000001,82.9,,,17.81326015323365,1.4528011200301194,374.2086553008009
0,0,0,False,0.036589354276657104,0.9634106457233429,False,0.4634106457233429,0.1090636114512702,0_1_3_3,9.277227738,1.211448606,2.543938484,2.42540283,Si1,Si1,combo_002,4,336.3691273,282.5199847,-0.000668342,0.055374813,871.2643327,186.7,76.1,,,22.5010144102997,3.081850730191553,336.79791557480553
1,1,1,False,0.9381845593452454,0.06181544065475464,False,0.43818455934524536,0.12799710291796812,2_0_3_3,13.88514749,0.708211121,2.843611137,2.21911424,Si1,Si1,combo_002,5,412.7974615,668.1009903,-0.001013936,0.030756066,1216.364805,195.000001,93.1,,,30.812728519559258,2.013877031022855,413.1495062906955
0,0,0,False,7.656367961317301e-05,0.9999234363203868,False,0.4999234363203868,0.1089361748622679,3_1_3_2,14.45889967,1.003030175,2.999787974,1.72359812,Si1,Si1,combo_002,6,401.9500636,277.9786148,0.002466258,0.055231155,1197.645034,238.3,97.1,,,24.921332288480617,3.008877856524115,401.61164009077015
1,1,1,False,0.9806933403015137,0.019306659698486328,False,0.48069334030151367,0.1461139451207701,2_0_1_2,13.33534914,0.792727938,1.969203664,1.975665307,Si1,Si1,combo_002,7,412.2865544,792.2907573,0.023669062,0.034044541,1222.357589,180.000001,91.8,,,26.346186652630287,1.5610427600647647,412.6337863026893
1,1,1,False,1.0,0.0,False,0.5,0.2852354259579887,0_0_3_1,9.711760907,0.513741627,2.896365883,1.209815956,Si1,Si1,combo_002,8,369.5111908,593.1825765,0.000233644,0.040420412,1005.118725,114.000001,76.9,,,11.749443306145631,1.4879837211197118,368.2475814248484
0,0,0,False,0.001567437662743032,0.998432562337257,False,0.49843256233725697,0.2978957916426766,3_2_0_3,14.6034658,1.849575612,1.279083666,2.497886544,Si1,Si1,combo_002,9,382.6814224,269.577313,0.000355937,0.05515713,1094.939165,237.7,94.5,,,36.477800717584195,2.3657619543411537,384.68817673366095
1,1,1,False,0.9999724626541138,2.753734588623047e-05,False,0.49997246265411377,0.2599084749136205,0_0_1_3,8.871051147,0.739229422,1.618180107,2.291143164,Si1,Si1,combo_002,10,362.8462977,653.338085,-0.000212626,0.042312624,931.5141542,112.000001,74.9,,,20.32484819294341,1.196206345189508,362.3239524743746
0,0,0,False,2.4261432862715537e-09,0.9999999975738567,False,0.4999999975738567,0.300221316958579,3_2_2_0,14.98731777,1.578348137,2.494534358,0.742598557,Si1,Si1,combo_002,11,378.5229739,260.5301258,0.000365533,0.055164975,1142.559396,234.5,103.4,,,11.129560549302457,3.9372436566317917,380.1990096819378
1,1,1,False,0.9995769262313843,0.00042307376861572266,False,0.4995769262313843,0.13287037677007799,1_0_0_3,11.90366821,0.573073028,1.410814098,2.489698147,Si1,Si1,combo_002,12,414.2164946,794.7020064,-0.002019092,0.042977813,1152.382785,121.000001,88.2,,,29.636540684939803,0.8084995070859488,411.7375889399899
0,0,0,False,0.006092351861298084,0.9939076481387019,False,0.4939076481387019,0.19800611359229686,1_1_2_2,10.5409877,1.47653842,2.421191725,1.6471982,Si1,Si1,combo_002,13,335.7844445,271.7492477,0.002289373,0.055222473,885.3009739,208.2,82.3,,,17.36309596566214,3.5749826041485746,335.37998946083013
0,0,0,False,8.97318699344396e-08,0.9999999102681301,False,0.49999991026813007,0.20571375921962567,1_3_0_3,10.12486991,2.389110332,1.496922138,2.351863531,Si1,Si1,combo_002,14,298.2144884,257.3380683,0.002195746,0.055318808,765.904808,209.5,84.5,,,23.812312297448248,3.5763121460953298,299.67818481886417
0,0,0,False,0.00022465921938419342,0.9997753407806158,False,0.4997753407806158,0.3206393058020357,1_2_3_3,11.05605998,1.755874274,2.912454606,2.387237757,Si1,Si1,combo_002,15,329.7043451,261.6280806,0.000267252,0.055276905,863.4735816,227.8,85.5,,,26.393443827912666,5.113904116868206,329.7868582609321
1,1,1,False,0.950433075428009,0.04956692457199097,False,0.45043307542800903,0.07970091196833881,2_1_0_3,13.15044621,1.16594142,1.226932391,2.253377731,Si1,Si1,combo_002,16,400.5222103,798.3703781,0.043786728,0.038672949,1129.194861,188.000001,86.4,,,29.63292264232735,1.4305312942065354,398.9072912961579
1,1,1,False,0.8646494150161743,0.13535058498382568,False,0.3646494150161743,0.13523198185291702,1_0_3_0,10.24682028,0.921435014,2.80632519,0.668970615,Si1,Si1,combo_002,17,349.0689651,831.7834309,0.000247021,0.033347768,945.2323661,161.000001,80.1,,,6.854821664506072,2.5858462907362028,349.97325001673795
1,1,1,False,0.9999998807907104,1.1920928955078125e-07,False,0.49999988079071045,0.25953531065492635,2_0_1_0,12.00408497,0.619828684,1.90947607,0.591471772,Si1,Si1,combo_002,18,398.6728436,588.3063808,0.000290952,0.044515675,1171.001807,126.000001,86.2,,,7.100077408444466,1.183548039597592,396.38531170310057
0,0,0,False,0.0010709627531468868,0.9989290372468531,False,0.4989290372468531,0.16483864538385778,0_2_2_3,8.186490662,1.91811608,2.249524305,2.109970561,Si1,Si1,combo_002,19,290.2857717,264.2801914,0.001368586,0.055317227,712.4012227,183.3,74.0,,,17.2732542947214,4.314848741771324,288.75992544193855
1,1,1,False,0.9952187538146973,0.004781246185302734,False,0.49521875381469727,0.21217538219942955,2_0_2_1,12.22832837,0.501428682,2.399133012,1.310690718,Si1,Si1,combo_002,20,406.3885816,618.7459303,0.001482791,0.043594055,1152.38133,127.000001,84.2,,,16.02755649121507,1.2029941041498502,406.00284269407166
1,1,1,False,0.958886444568634,0.04111355543136597,False,0.45888644456863403,0.12339411626084448,1_0_3_3,11.53079879,0.698546095,2.939396175,2.040166702,Si1,Si1,combo_002,21,383.6702897,638.2451252,0.032098797,0.036006477,1063.938064,167.000001,83.3,,,23.52475173881989,2.0533037197041866,383.019868442973
0,0,0,False,0.0009603631915524602,0.9990396368084475,False,0.49903963680844754,0.1581559499859062,2_1_3_3,13.0535609,1.034229167,2.56977531,2.151037919,Si1,Si1,combo_002,22,389.8942223,277.4001598,-0.000317189,0.055345445,1115.983557,223.3,92.2,,,28.07870447387577,2.6577365782384663,390.17201775823395
0,0,0,False,0.0015188322868198156,0.9984811677131802,False,0.4984811677131802,0.2854616748635322,3_2_2_3,15.23958487,1.592728603,2.13134733,2.01074464,Si1,Si1,combo_002,23,392.4079801,267.2466066,0.00037184,0.055266123,1190.547336,253.9,104.3,,,30.642913593177596,3.3946578554186804,392.6310775192555
1,1,1,False,0.821025013923645,0.17897498607635498,False,0.321025013923645,0.11233926237871912,3_0_3_0,15.52269754,0.639305463,2.751998239,0.800713539,Si1,Si1,combo_002,24,425.6539238,520.3013039,-0.000378918,0.042059843,1349.272553,198.000001,97.5,,,12.429234082079994,1.7593675083590798,426.83118689777825
0,0,0,False,3.6187368550599786e-06,0.9999963812631449,False,0.49999638126314494,0.2671247586437029,3_3_3_1,15.72510127,2.125455429,2.862582939,1.074423359,Si1,Si1,combo_002,25,368.2279546,245.8362916,0.000383978,0.05539638,1098.768881,260.4,107.4,,,16.895416127128566,6.084292448660326,360.4757826510292
0,0,0,False,0.0035893525928258896,0.9964106474071741,False,0.4964106474071741,0.18727093907073813,0_2_3_0,9.3906414,1.688101297,2.607965856,0.615911572,Si1,Si1,combo_002,26,301.8196819,271.1522907,0.002030544,0.055275152,791.7846392,193.2,77.2,,,5.783804706762281,4.402510544045315,301.55151717167087
0,0,0,False,2.5795199690037407e-05,0.99997420480031,False,0.49997420480030996,0.27984384625712955,2_3_3_1,12.27285946,2.078057068,2.814394704,1.396802566,Si1,Si1,combo_002,27,326.5953973,253.5232588,0.001488357,0.055433447,886.4979637,236.8,91.3,,,17.142761585885374,5.848472806788968,325.8175034577175
1,1,1,False,1.0,0.0,False,0.5,0.21906488521305684,0_0_2_1,8.33796206,0.643407986,2.483834204,1.122476514,Si1,Si1,combo_002,28,355.459812,947.7506747,0.000199299,0.041254893,897.8462108,109.000001,72.4,,,9.359166586973059,1.5981187627535531,349.61286560802716
0,0,0,False,0.003037497866898775,0.9969625021331012,False,0.4969625021331012,0.23239114064858243,1_1_1_1,11.44641156,1.432112239,1.935058473,1.231966637,Si1,Si1,combo_002,29,350.9504974,274.3876237,0.001385052,0.05517402,964.5400799,207.8,86.3,,,14.101597155291122,2.771220922363951,351.13768757127195
1,1,1,False,0.9999842643737793,1.5735626220703125e-05,False,0.4999842643737793,0.16210445619809413,3_0_2_0,15.10141638,0.521750771,2.21088038,0.943518921,Si1,Si1,combo_002,30,437.7442284,847.884353,0.002578699,0.043837875,1404.801538,155.000001,95.3,,,14.248472088429326,1.153528542853773,438.4547531869857
0,0,0,False,2.004709509506597e-09,0.9999999979952905,False,0.4999999979952905,0.16483864538385778,0_3_2_3,9.080830208,1.990215089,2.322999861,2.327953945,Si1,PU,combo_001,31,303.1515201,265.0104704,0.000217871,0.055419585,762.4401279,193.5,79.0,,,21.13975450658877,4.623269375107103,303.3354470473603
1,1,1,False,0.9999995231628418,4.76837158203125e-07,False,0.4999995231628418,0.13287037677007799,1_0_0_3,11.5994219,0.532842525,1.438647501,2.239986514,Si1,PU,combo_001,32,411.5364314,530.8239888,-0.003650862,0.04858455,1152.54659,110.000001,86.2,,,25.982548626196255,0.76657256701778,413.2797324748452
0,0,0,False,0.46710753440856934,0.5328924655914307,True,0.032892465591430664,0.13145809138747278,0_1_1_2,9.987513583,1.35758654,1.739590153,1.8733312,Si1,PU,combo_001,33,345.8330237,320.8776544,0.00216484,0.055411841,912.1954084,176.5,81.1,,,18.70992080545769,2.3616441768293406,346.5048829332766
1,1,1,False,1.0,0.0,False,0.5,0.25914666613574644,1_0_1_3,11.26112356,0.500171972,2.037294948,2.462450732,Si1,PU,combo_001,34,407.625864,793.1965374,0.000817134,0.04221859,1123.234734,115.000001,83.8,,,27.729961953464446,1.0189978316867974,407.7102816787206
0,0,0,False,7.595995612064144e-06,0.9999924040043879,False,0.49999240400438794,0.4062901635053754,1_3_3_0,10.34386155,2.436721223,2.983961895,0.87986646,Si1,PU,combo_001,35,288.0502193,251.2885876,0.002245019,0.055438562,742.208872,218.8,84.4,,,9.101216844728613,7.271083278169798,289.87379963917647
1,1,1,False,0.9999979734420776,2.0265579223632812e-06,False,0.49999797344207764,0.21217538219942955,2_0_2_2,12.73686507,0.51522735,2.086959448,1.546783166,Si1,PU,combo_001,36,425.8682655,505.3798842,-0.000309272,0.047937102,1208.287565,124.0,87.5,,,19.70116847788941,1.0752585859505028,422.39548296826956
1,1,1,False,0.9993175268173218,0.0006824731826782227,False,0.4993175268173218,0.10453986395896069,3_0_3_3,14.19757507,0.784718346,2.629447057,2.368650868,Si1,PU,combo_001,37,425.4487736,834.7074491,0.001728948,0.037691056,1293.451234,170.000001,92.3,,,33.62909851305066,2.0633753454636077,424.7434235023611
0,0,0,False,4.360790839541551e-09,0.9999999956392092,False,0.49999999563920916,0.27984384625712955,2_2_2_1,12.47270295,1.83224038,2.342103965,1.453123973,Si1,PU,combo_001,38,349.6349529,263.4500318,0.001513338,0.055292749,975.3129773,222.4,91.0,,,18.124383664752823,4.2912974588311075,348.78378639431446
1,1,1,False,0.9992903470993042,0.0007096529006958008,False,0.4992903470993042,0.2795778058578261,0_0_0_0,9.471366336,0.560851252,1.569097242,0.522783824,Si1,PU,combo_001,39,370.9607249,578.890237,0.000227634,0.047575558,1011.693879,98.000001,75.6,,,4.951477111638949,0.8800301526854469,374.4678881122498
1,1,1,False,0.9999988675117493,1.1324882507324219e-06,False,0.49999886751174927,0.21876900238349464,3_0_1_3,15.91493419,0.666482501,1.834361701,2.076364175,Si1,PU,combo_001,40,452.6783854,801.2857252,-0.000388723,0.043925727,1435.883939,173.000001,99.6,,,33.04519919959865,1.222569974221094,453.03192520248945
0,0,0,False,0.05177590996026993,0.9482240900397301,False,0.44822409003973007,0.15417322635748348,0_1_3_2,9.79563474,1.236096836,2.995137414,1.599804221,Si1,PU,combo_001,41,341.8140585,282.0191344,0.001650185,0.055331668,893.8991446,190.5,78.8,,,15.671097804426239,3.702279880830622,341.27314262295994
1,1,1,False,1.0,0.0,False,0.5,0.03731328257816665,0_0_0_3,8.458299304,0.587280037,1.156297886,2.47490185,Si1,PU,combo_001,42,407.0448488,540.0458014,0.000202308,0.006271533,949.1164383,78.000001,63.9,,,20.933460595323314,0.6790706652731017,368.24479908871206
1,1,1,False,0.9999995231628418,4.76837158203125e-07,False,0.4999995231628418,0.25577336565901393,0_0_0_1,8.769077072,0.973645182,1.122690056,1.155854016,Si1,PU,combo_001,43,351.1037684,843.7232211,-0.011974389,0.042225477,886.9552921,105.000001,68.3,,,10.135772950284721,1.0931017639037102,345.3125203979041
0,0,0,False,6.71352754579857e-05,0.999932864724542,False,0.499932864724542,0.20881572933226727,3_3_1_2,14.11097311,2.255763284,1.68575654,1.91992554,Si1,PU,combo_001,44,357.9605233,258.4167191,-0.000343624,0.05523994,1036.638144,245.1,98.8,,,27.092017668142226,3.8026677086948775,357.55330321384207
0,0,0,False,0.0003788060275837779,0.9996211939724162,False,0.4996211939724162,0.14698482150117445,3_1_3_1,14.77787692,1.13602359,2.964930191,1.476564894,Si1,PU,combo_001,45,406.3031061,277.2696752,-0.000360297,0.055132572,1242.490328,233.3,98.6,,,21.820494267924847,3.3682306396792057,406.29215661782297
0,0,0,False,5.0252471454903525e-12,0.9999999999949748,False,0.49999999999497474,0.3206393058020357,1_3_3_2,10.4507631,2.037060751,2.785120777,1.847508326,Si1,PU,combo_001,46,314.3302928,260.4008849,0.001260595,0.055230971,808.8010089,216.8,83.0,,,19.30787184030357,5.673460221621323,312.79567285375344
1,1,1,False,0.9047239422798157,0.09527605772018433,False,0.4047239422798157,0.10279607832788781,2_0_3_3,13.43030129,0.839720755,2.969632058,2.481108127,Si1,PU,combo_001,47,410.406597,560.3518301,-0.032987358,0.031680928,1205.811017,210.000001,91.5,,,33.32202967867758,2.493661673815964,410.5203587689416
1,1,1,False,0.9999996423721313,3.5762786865234375e-07,False,0.49999964237213135,0.3029620903307971,0_0_1_2,8.056883314,0.508237078,1.845112362,1.827143649,Si1,PU,combo_001,48,362.8049189,551.8531792,0.001345904,0.044414832,927.4734069,94.000001,70.9,,,14.721083177909172,0.9377545154445582,366.10973045459986
1,1,1,False,0.9502339363098145,0.04976606369018555,False,0.45023393630981445,0.16210445619809413,3_0_2_1,15.85822607,0.602909739,2.433992627,1.030525901,Si1,PU,combo_001,49,448.1576114,557.7474919,0.005809586,0.045314773,1495.851653,176.000001,99.0,,,16.34231270904844,1.4674778594724942,446.58529004458944
0,0,0,False,0.49624308943748474,0.5037569105625153,True,0.003756910562515259,0.11781135592417989,2_1_2_2,13.56362331,1.086477729,2.095301205,1.956604525,Si1,PU,combo_001,50,405.3222588,283.296562,-0.000329941,0.055135062,1221.422603,219.2,91.8,,,26.538646743741477,2.2764980947793636,403.6791578492973
1,1,0,True,0.4147303104400635,0.5852696895599365,True,0.08526968955993652,0.03593724297678286,2_1_0_3,13.81225562,1.278013041,1.30677945,2.439894897,Si1,PU,combo_001,51,404.8669592,582.7382892,0.037313372,0.035968746,1167.300532,200.000001,88.0,,,33.70045200329757,1.6700811788108074,404.6835586286519
1,1,1,False,0.999975323677063,2.467632293701172e-05,False,0.499975323677063,0.1875238757740491,1_0_3_2,10.90292935,0.536393095,2.94662593,1.740716285,Si1,PU,combo_001,52,393.9597747,571.4287344,0.000263423,0.040303757,1080.733403,128.000001,82.2,,,18.978906673749467,1.5805498023999534,391.4603724381738
0,0,0,False,0.005970173981040716,0.9940298260189593,False,0.4940298260189593,0.15806931659657303,2_1_3_3,12.84982617,1.056834817,2.885198342,2.133366649,Si1,PU,combo_001,53,391.0113908,279.6127966,-0.000312096,0.055214417,1129.600885,216.5,89.1,,,27.413390596525407,3.049178061776273,392.76376226165314
0,0,0,False,0.0007206014706753194,0.9992793985293247,False,0.4992793985293247,0.22329365062000056,2_2_1_0,13.71115831,1.516819076,1.760447543,0.736536948,Si1,PU,combo_001,54,378.8373835,274.1188644,-0.000333629,0.055107578,1154.274237,212.0,94.8,,,10.098774695192239,2.67028041551973,380.44299512751485
1,1,1,False,0.9980599284172058,0.0019400715827941895,False,0.4980599284172058,0.17791763519173104,1_0_3_2,11.09739754,0.750470563,2.687772852,1.527912492,Si1,PU,combo_001,55,385.5942103,820.776171,0.029243065,0.037828185,1064.190059,149.000001,83.2,,,16.955852330056068,2.017094405456556,383.9043508018224
1,1,1,False,0.9995032548904419,0.0004967451095581055,False,0.4995032548904419,0.18325961839887914,0_0_2_0,8.99995617,0.911918424,2.298208866,0.889472575,Si1,PU,combo_001,56,354.334329,881.4019611,0.003669433,0.038636971,912.5437773,125.000001,74.6,,,8.005214189417039,2.095779007105547,349.2060871678521
0,0,0,False,0.0006893848185427487,0.9993106151814573,False,0.49931061518145725,0.2671247586437029,3_2_3_1,15.43470197,1.665994537,2.70817874,1.280896749,Si1,PU,combo_001,57,388.9437753,264.7160807,-0.002637023,0.055250378,1193.163062,242.9,104.4,,,19.770259575156896,4.511810986059544,390.4185762963375
0,0,0,False,0.012917174026370049,0.98708282597363,False,0.48708282597362995,0.13616466931181706,2_1_3_1,12.59282279,1.349565683,2.726753058,1.342611595,Si1,PU,combo_001,58,372.2804676,272.1085661,-0.000305671,0.055260352,1060.517142,216.5,89.9,,,16.90726989163425,3.6799323530921084,371.0300869114607
0,0,0,False,3.7584876877438944e-10,0.9999999996241512,False,0.4999999996241512,0.20571375921962567,0_3_0_3,8.532951007,2.310786502,1.541974489,2.301852257,Si1,PU,combo_001,59,284.0430047,254.8609789,0.000204174,0.055313456,688.5729696,184.1,82.3,,,19.641592534333373,3.5631738356095477,278.5072269578586
0,0,0,False,5.4686609407550435e-11,0.9999999999453134,False,0.4999999999453134,0.36866140298802696,1_3_2_3,11.83528426,2.184009165,2.17406533,2.413524809,Si1,PU,combo_001,60,330.6788225,257.3599222,0.002580589,0.055276282,883.6767459,229.6,88.9,,,28.564752183077207,4.748178606028749,331.87588524460625
0,0,0,False,0.0015700258081778884,0.9984299741918221,False,0.4984299741918221,0.05200120146866477,3_1_0_1,15.54531875,1.450385014,1.212317857,1.291704882,Si1,Si1,combo_002,1,406.8435491,277.5987245,0.000379483,0.055072776,1245.255627,229.6,95.5,Itr_1,,20.07996412162114,1.758327651997395,410.6303882138404
0,0,0,False,0.018769297748804092,0.9812307022511959,False,0.4812307022511959,0.05200120146866477,3_1_0_1,15.54644773,1.45309986,1.2033606,1.395243037,Si1,PU,combo_001,2,414.6673237,273.9235583,0.000379511,0.05507481,1257.002334,226.3,94.5,,,21.691072945366955,1.748603119389516,412.0309687414191
0,0,0,False,0.03366192802786827,0.9663380719721317,False,0.46633807197213173,0.13670456615824098,3_2_0_1,14.16200775,1.488784142,1.157777162,1.420451851,Si1,PU,combo_001,3,395.1831768,282.453787,0.002414302,0.05534202,1149.297106,209.4,90.0,,,20.116450122363844,1.723680278755365,395.90270503705204
1,1,1,False,0.951672375202179,0.048327624797821045,False,0.45167237520217896,0.09114950202361488,0_1_0_0,8.086292454,1.308219549,1.467327805,0.670358546,Si1,Si1,combo_002,4,318.7919878,989.5260725,-0.000579022,0.046128733,785.8114136,141.000001,73.1,,,5.420715251994213,1.9195869192922599,313.7723326005356
0,0,0,False,0.002544750925153494,0.9974552490748465,False,0.4974552490748465,0.10150652068877104,2_2_0_0,12.85289986,1.485869873,1.169436726,0.619592105,Si1,Si1,combo_002,5,370.3500109,280.2434562,0.000312173,0.05522118,1040.857641,196.5,86.1,,,7.963555279611605,1.7376307995431557,370.7035958300608
1,1,1,False,0.9749858975410461,0.025014102458953857,False,0.47498589754104614,0.09114950202361488,0_1_1_0,8.473601043,1.248477686,1.587833669,0.605567693,Si1,Si1,combo_002,6,321.7899592,533.8186259,0.00060807,0.04357835,815.407218,142.000001,74.3,,,5.131339035011904,1.9823749048260098,319.98046478406405
1,1,1,False,0.7700303792953491,0.22996962070465088,False,0.2700303792953491,0.09105714226753979,0_1_0_0,9.846369757,1.440450919,1.239013635,0.702533181,Si1,Si1,combo_002,7,331.5178937,862.0830784,-0.005451213,0.043372693,873.9810357,151.000001,74.4,,,6.917401466687406,1.7847383291892809,332.52198917205357
0,0,0,False,0.02131357416510582,0.9786864258348942,False,0.4786864258348942,0.0885166882390135,2_1_0_0,13.16970418,1.472876761,1.191677773,0.804590912,Si1,Si1,combo_002,8,376.7092546,279.435545,-0.000320093,0.055277964,1064.199695,201.0,87.2,,,10.596224296956413,1.7551944984519334,376.3327205009684
0,0,0,False,0.005501905921846628,0.9944980940781534,False,0.49449809407815337,0.08502408961217173,2_2_0_0,13.79975398,1.491463044,1.155320337,0.735884826,Si1,Si1,combo_002,9,383.075107,281.4842217,-0.000335844,0.055289188,1109.313523,204.2,89.5,,,10.155029556415109,1.723117586617126,382.8931547723693
0,0,1,True,0.5516666173934937,0.44833338260650635,True,0.05166661739349365,0.09374232955556312,0_1_0_0,8.752161841,1.467544847,1.210559771,0.912920274,Si1,Si1,combo_002,10,313.6089676,284.3520239,0.000209654,0.055424328,791.1412561,161.3,70.1,,,7.990025985978064,1.7765507539165502,315.3680332838822
1,1,0,True,0.09512868523597717,0.9048713147640228,False,0.4048713147640228,0.07968987022537871,1_2_0_0,10.11422216,1.553123278,1.106329208,0.736713214,Si1,Si1,combo_002,11,330.9980509,895.3526074,0.010479337,0.037774353,868.5492916,168.000001,75.9,,,7.451281114603622,1.7182656460761039,329.81746959521524
1,1,0,True,0.3465290069580078,0.6534709930419922,False,0.1534709930419922,0.05033156231766361,1_2_0_1,11.50600979,1.519278196,1.12111284,1.167976136,Si1,PU,combo_001,12,358.6823673,950.8795501,-0.023672521,0.037597534,971.2930595,180.000001,80.2,,,13.438744855302373,1.7032822930676368,358.1975129554179
1,1,1,False,0.8699095845222473,0.13009041547775269,False,0.3699095845222473,0.10903403769232214,1_1_0_0,10.42939501,1.336014985,1.420025805,0.716988638,Si1,Si1,combo_002,13,342.2103804,946.1754227,-0.000251585,0.040505185,938.9204532,169.000001,83.6,,,7.477757723383896,1.897175754566688,343.08660216463625
1,1,1,False,0.904262900352478,0.09573709964752197,False,0.404262900352478,0.10903403769232214,1_1_0_0,10.15596041,1.336325429,1.409532862,0.510206899,Si1,Si1,combo_002,14,338.4386137,573.1574563,-0.002202741,0.037446597,915.2220174,164.000001,82.5,,,5.181641067152869,1.8835946065017477,336.93396478602466
1,1,1,False,0.912710964679718,0.08728903532028198,False,0.412710964679718,0.14092498713007884,0_1_0_3,9.224567768,1.259515512,1.552298304,2.491545207,Si1,PU,combo_001,15,345.6014227,587.7676331,-0.00730832,0.041856743,873.2528888,148.000001,76.3,,,22.98342760900709,1.9551437931392914,345.11493910461894
1,1,1,False,0.9555131196975708,0.0444868803024292,False,0.4555131196975708,0.11417794730288353,1_1_1_3,10.04618612,1.204656137,1.681317953,2.36586938,Si1,PU,combo_001,16,357.2749129,574.559047,0.000242005,0.040414793,948.4531793,160.000001,81.0,,,23.767964127089005,2.0254099903297273,356.547694790224
0,0,1,True,0.5345542430877686,0.46544575691223145,True,0.034554243087768555,0.08688232957669399,2_1_0_2,12.02893371,1.360571341,1.410126794,1.979542703,Si1,PU,combo_001,17,376.014388,279.7620881,-0.000291573,0.055157895,1067.275312,208.3,88.7,,,23.811787950501216,1.9185781030926108,375.4585008053261
0,0,0,False,0.0015176618471741676,0.9984823381528258,False,0.49848233815282583,0.1649640760337748,3_1_1_1,15.98485026,1.228117004,1.695651661,1.343838083,Si1,Si1,combo_002,18,418.8180081,277.1807523,-0.000390471,0.055082988,1345.97628,254.0,105.5,,,21.481050530440452,2.082458637734944,419.7117498877524
1,1,1,False,1.0,0.0,False,0.5,0.30089791346756245,3_0_0_0,15.99677728,0.505277475,1.215799871,0.579764381,Si1,PU,combo_001,19,462.0132381,816.0161307,0.003516926,0.046501571,1489.949133,124.000001,90.6,,,9.274361677734065,0.6143162889242056,457.34386806788035
0,0,0,False,1.7932190843339413e-08,0.9999999820678092,False,0.49999998206780916,0.28636681287547416,3_2_1_1,15.78449336,1.818161506,1.722904732,1.382335307,Si1,PU,combo_001,20,392.4145507,265.0650809,0.000385462,0.05511782,1246.486432,249.9,105.3,,,21.819462474635063,3.1325190622276464,395.20485930187243
0,0,0,False,0.0029516187496483326,0.9970483812503517,False,0.49704838125035167,0.04157489983290738,0_2_0_2,8.611426682,1.586287918,1.142178957,1.980463809,Si1,Si1,combo_002,1,310.4169969,277.4941367,0.000618407,0.055372191,760.0142628,161.7,70.6,Itr_2,,17.05461888755795,1.8118246796829416,311.5317356771008
0,0,1,True,0.5421223640441895,0.45787763595581055,True,0.04212236404418945,0.14933996071274153,2_0_3_0,12.65421167,0.922213549,2.885255584,0.594349469,Si1,PU,combo_001,2,388.4219569,283.8234718,0.001536027,0.055398477,1139.281548,197.4,87.6,,,7.521023986678103,2.6608217918927073,388.4822525280991
1,1,1,False,0.9752694368362427,0.024730563163757324,False,0.4752694368362427,0.16306099614168262,0_1_3_2,8.033139199,1.017509101,2.9245117,1.657762946,Si1,Si1,combo_002,3,328.088562,858.6612478,0.000191679,0.043894377,820.0672923,141.000001,72.0,,,13.317040504162321,2.9757172707309816,327.2108461411621
1,1,1,False,0.7443760633468628,0.2556239366531372,False,0.2443760633468628,0.1014276765101223,2_0_2_0,13.53521044,0.975158004,2.45834952,0.857210104,Si1,PU,combo_001,4,401.5007221,560.0153147,0.02666765,0.031935334,1210.748474,198.000001,91.0,,,11.602519148934286,2.3972792110575583,402.1911391881716
1,1,1,False,0.8770257830619812,0.1229742169380188,False,0.3770257830619812,0.11482815668219742,0_1_2_2,8.13332939,1.184250611,2.159547255,1.81290021,Si1,Si1,combo_002,5,324.5920355,801.2453659,0.00058255,0.042526132,805.3335474,148.000001,72.8,,,14.744914559130173,2.5574451562171228,325.1390049291355
0,0,0,False,0.025112617760896683,0.9748873822391033,False,0.4748873822391033,0.08009595663577851,1_0_3_1,11.08082413,0.959330752,2.876249383,1.319063545,Si1,Si1,combo_002,6,360.881098,283.8289777,0.000267871,0.055340662,999.6346551,198.8,83.6,,,14.61631115843934,2.759274483532926,361.235614223643
1,1,1,False,0.8434022068977356,0.1565977931022644,False,0.3434022068977356,0.15417322635748348,0_1_3_2,9.264649103,1.003301051,2.850979997,1.584454642,Si1,Si1,combo_002,7,340.3354162,555.3193516,0.000222466,0.037596796,902.8306336,157.000001,75.7,,,14.679416277749487,2.860391227370077,341.0841344264433
0,0,1,True,0.5123071670532227,0.48769283294677734,True,0.012307167053222656,0.13067792363644784,1_1_0_3,10.00289377,1.365863857,1.491217076,2.239527467,Si1,Si1,combo_002,8,345.5326763,284.9538437,0.001686456,0.055215137,908.7941441,188.0,81.9,,,22.40175534739818,2.036799507049622,345.3202366241005
0,0,0,False,0.10975054651498795,0.890249453485012,False,0.39024945348501205,0.0704613030299358,3_1_1_3,15.36293294,1.05248265,1.892838562,2.216401087,Si1,Si1,combo_002,9,423.5348944,282.5693936,0.000374923,0.055119397,1318.304183,252.4,101.4,,,34.050421267724104,1.9921797457559491,424.358459531047
0,0,0,False,0.0007349046063609421,0.9992650953936391,False,0.49926509539363906,0.04780145889435185,2_0_3_1,12.09476566,0.918064093,2.99090376,1.179573001,Si1,Si1,combo_002,10,374.9488423,280.0261797,-0.001466096,0.0553126,1054.072753,206.4,87.8,,,14.266659025957948,2.74584134767469,374.98594674139855
0,0,0,False,0.04463457316160202,0.955365426838398,False,0.455365426838398,0.18967975060345438,3_1_2_2,15.97660426,0.990469613,2.084873516,1.65341062,Si1,Si1,combo_002,11,428.6143517,276.6443803,-0.000390265,0.05506855,1360.702661,249.0,103.5,,,26.41588715502124,2.0650038645464694,428.1695388621116
0,0,0,False,0.38740354776382446,0.6125964522361755,False,0.11259645223617554,0.05967339488405854,1_2_0_2,10.87335827,1.48521741,1.210199363,1.720858471,Si1,Si1,combo_002,12,352.6206688,283.4211941,0.000262684,0.05533182,919.316375,189.0,78.8,,,18.711510687147406,1.7974091634985099,350.78689152319805
0,0,1,True,0.643392026424408,0.35660797357559204,False,0.14339202642440796,0.15838381713027397,3_1_1_1,14.9658049,1.045432066,1.970217485,1.403471948,Si1,PU,combo_001,13,421.1995387,284.5415244,-0.000364995,0.055124625,1362.926145,230.9,98.8,,,21.004087356390944,2.0597285358128743,423.3153096430172
0,0,0,False,0.14819589257240295,0.851804107427597,False,0.35180410742759705,0.08688232957669399,1_1_0_2,11.89134441,1.310356643,1.474922557,1.831767883,Si1,Si1,combo_002,14,372.1093429,280.3158885,-0.001440668,0.055410826,1051.174431,210.0,87.6,,,21.782182775929584,1.9326745704754962,372.85920294472015
1,1,1,False,0.777820885181427,0.222179114818573,False,0.277820885181427,0.1361819273675073,3_0_2_3,15.91794723,0.957779805,2.284616635,2.397299451,Si1,PU,combo_001,15,434.6506361,521.6264921,-0.000388799,0.037713479,1410.504023,229.000001,100.3,,,38.16008615552597,2.188159675170056,434.26947804573626
0,0,0,False,0.038320109248161316,0.9616798907518387,False,0.4616798907518387,0.1512080212682009,2_0_3_0,13.93955585,0.975459004,2.939035355,0.507816395,Si1,PU,combo_001,16,401.1613099,282.8285203,-0.000339339,0.055236459,1210.926424,206.5,94.3,,,7.0787349996481606,2.8669085001090866,400.5433714012131
1,1,0,True,0.2269023209810257,0.7730976790189743,False,0.2730976790189743,0.050334995756575504,1_0_3_0,11.66372029,0.963934401,2.892410322,0.75588978,Si1,PU,combo_001,17,372.3804656,934.6603,0.002541987,0.055429414,1068.585718,187.5,85.0,,,8.816486963989636,2.788093811183287,373.5086351822861
1,1,0,True,0.4042002558708191,0.5957997441291809,True,0.09579974412918091,0.056807539615361904,0_1_3_3,9.953592006,1.048904121,2.662986041,2.469850011,Si1,PU,combo_001,18,359.0317,902.7628,-0.001677828,0.055314321,949.8326378,168.6,79.5,,,24.58387932550861,2.793217032570375,358.73111415652465
1,1,1,False,1.0,0.0,False,0.5,0.14511911672289052,0_0_0_0,8.172744691,0.524030106,1.188614013,0.736069728,Si1,Si1,combo_002,19,389.6045393,521.3323174,-0.000585506,0.00526955,931.7842166,75.000001,62.5,,,6.015709961717814,0.6228695272254754,353.7529508559979
0,0,0,False,0.001388652715831995,0.998611347284168,False,0.498611347284168,0.24433280884111583,0_2_3_1,9.746510275,1.595207506,2.932021793,1.275352613,Si1,Si1,combo_002,20,313.4425515,271.3841689,-0.000703538,0.055422504,819.2718114,200.4,79.1,,,12.430237346852598,4.677183171949178,314.5386746243719
0,0,1,True,0.5965418219566345,0.4034581780433655,True,0.09654182195663452,0.05967339488405854,1_2_0_2,10.42070701,1.519686532,1.195453348,1.717895885,Si1,PU,combo_001,1,344.7377268,319.5508498,-0.001759574,0.055400453,901.1605721,173.8,75.8,Itr_3,case20 -> rom 매크로 수정 안된 채로 해석되어서 삭제처리,17.901689691269652,1.816714352589909,345.9498312119277
0,0,0,False,0.14132674038410187,0.8586732596158981,False,0.35867325961589813,0.07099941083471126,0_1_1_1,8.055424218,1.467319737,1.587444227,1.270641406,Si1,PU,combo_001,2,311.2749913,284.3429525,0.001345649,0.055431912,774.1623831,158.2,72.3,,,10.235555554285972,2.329288245663808,310.47782234842657
0,0,0,False,0.1078871339559555,0.8921128660440445,False,0.3921128660440445,0.15161831117455482,2_1_0_1,13.59199525,1.242046715,1.510642952,1.142046223,Si1,PU,combo_001,3,397.2790386,280.7758845,-0.00033065,0.05519395,1218.7076,212.4,94.2,,,15.52268683829644,1.8762891160695028,397.5397273221561
0,0,0,False,0.2749731242656708,0.7250268757343292,False,0.22502687573432922,0.10249869746732927,2_1_1_2,12.25625117,1.215651769,1.735923467,1.522205573,Si1,PU,combo_001,4,382.0075618,282.283363,-0.001486281,0.055394834,1117.403907,205.7,87.6,,,18.65653383506177,2.110278433507163,381.4794692663652
0,0,0,False,0.07075802236795425,0.9292419776320457,False,0.42924197763204575,0.09547549965042491,0_2_0_2,9.093542353,1.621408866,1.117046103,1.832265727,Si1,PU,combo_001,5,317.2188686,280.2716228,-0.000654566,0.055241751,791.7376091,162.3,72.2,,,16.661785990424836,1.811188455134949,317.40374149398116
0,0,0,False,0.3445412516593933,0.6554587483406067,False,0.1554587483406067,0.09434233942992533,0_2_0_3,9.36610741,1.509685664,1.304738746,2.255586688,Si1,PU,combo_001,6,333.2818112,283.5979493,0.002025025,0.055425338,840.5224692,173.7,80.4,,,21.12606719237416,1.9697453801015372,331.052718519556
0,0,0,False,0.06274519860744476,0.9372548013925552,False,0.43725480139255524,0.04157489983290738,0_2_0_2,8.444111575,1.636686375,1.132331086,1.930296285,Si1,PU,combo_001,7,305.4915674,274.5400263,0.00222148,0.055417527,748.9973737,155.2,69.0,,,16.299637203348002,1.8532708604451533,307.63629585778983
0,0,0,False,0.34556347131729126,0.6544365286827087,False,0.15443652868270874,0.10249869746732927,2_1_1_2,12.51154189,1.15205949,1.906864408,1.56130795,Si1,PU,combo_001,8,387.3467801,282.6830228,0.001518193,0.055381108,1142.45982,207.3,88.5,,,19.534369819615026,2.196821237379632,387.52421716563936
0,0,0,False,0.10495821386575699,0.895041786134243,False,0.395041786134243,0.14624429217085674,3_1_1_0,14.59717798,1.171814397,1.60241721,0.675906947,Si1,PU,combo_001,9,409.966209,282.1178236,-0.00035578,0.055145022,1311.508184,212.9,98.2,,,9.866334003277426,1.8777355566785723,410.75660842985155
1,1,0,True,0.29015231132507324,0.7098476886749268,False,0.20984768867492676,0.07927849145615137,1_2_0_2,10.34399027,1.561396275,1.130514059,1.582396536,Si1,PU,combo_001,10,339.6169286,686.7543141,-0.007732942,0.035671314,886.7994994,170.000001,74.9,,,16.36829437166571,1.76518044055773,340.8685522480206
0,0,0,False,0.05100538209080696,0.948994617909193,False,0.44899461790919304,0.07437702811063718,0_2_0_1,8.964757388,1.595153751,1.170572945,1.489517573,Si1,PU,combo_001,11,314.6722776,280.5377608,-0.000644907,0.055266032,788.6226728,161.6,71.7,,,13.353163667107582,1.8672438240358666,315.212800978494
0,0,0,False,0.42787808179855347,0.5721219182014465,True,0.07212191820144653,0.13405741352376474,1_1_0_2,11.29556768,1.330656078,1.534009044,1.618646453,Si1,PU,combo_001,12,364.8096724,282.268103,0.002459153,0.055347164,1011.674977,200.0,86.5,,,18.28353055985344,2.04123845810557,364.30229087738314
0,0,0,False,0.040336742997169495,0.9596632570028305,False,0.4596632570028305,0.13601567699926156,3_1_0_0,15.6918248,1.175302516,1.48124605,0.637135737,Si1,PU,combo_001,13,422.3069902,281.533415,-0.000383146,0.055336476,1391.581811,229.9,104.5,,,9.997822358822878,1.7409122093800617,422.0947327139598
0,0,1,True,0.6744014024734497,0.3255985975265503,False,0.1744014024734497,0.13145809138747278,1_1_1_3,10.60895805,1.286467086,1.737465949,2.073143277,Si1,PU,combo_001,14,357.5419643,328.6705566,0.002304666,0.055405992,974.0081231,177.9,83.2,,,21.99389005733253,2.2351927564342544,358.9389846085716
1,1,1,False,0.8671618700027466,0.13283812999725342,False,0.3671618700027466,0.1602909453987195,3_0_3_2,15.97296741,0.838936285,2.871621313,1.670524645,Si1,PU,combo_001,15,433.6453679,557.6574572,-0.001950871,0.037066554,1403.325343,227.000001,99.9,,,26.68323571218682,2.409107316255042,432.783145188702
1,1,1,False,0.92481529712677,0.07518470287322998,False,0.42481529712677,0.08320764893201112,2_0_3_1,13.99767871,0.918833763,2.695386398,1.351074969,Si1,PU,combo_001,16,411.5138018,537.5343143,-0.003067128,0.037146328,1245.098003,185.000001,94.1,,,18.91191332918521,2.476612026813356,411.93713284954686
0,0,0,False,0.020029323175549507,0.9799706768244505,False,0.4799706768244505,0.050724093600133136,1_1_2_3,11.69171969,1.10711204,2.243685465,2.386163796,Si1,PU,combo_001,17,379.7768035,282.3695033,0.001415715,0.055214871,1073.224583,206.3,85.3,,,27.898358237258343,2.4840111922744987,379.09841401728556
1,1,1,False,0.7396101951599121,0.2603898048400879,False,0.2396101951599121,0.08204045154131101,0_1_3_2,9.881964238,1.099430224,2.673421705,1.892218877,Si1,PU,combo_001,18,353.550196,879.9395417,0.001665293,0.028785779,938.9059654,178.000001,79.2,,,18.69883927298252,2.939240623974612,353.0558032487021
1,1,1,False,0.9996875524520874,0.00031244754791259766,False,0.4996875524520874,0.14511911672289052,0_0_0_1,8.077111528,0.512140297,1.153069751,1.02264498,Si1,PU,combo_001,19,434.8377633,557.8196782,0.000192778,-0.000192778,937.7557237,73.000001,62.4,,,8.260017557009329,0.590533484738856,362.2322546286771
0,0,0,False,0.009650787338614464,0.9903492126613855,False,0.49034921266138554,0.04567657384074781,3_0_3_1,14.45130578,0.915320162,2.589303033,1.399563722,Si1,Si1,combo_002,1,408.1386641,283.1381244,-0.000352133,0.055216355,1230.282104,226.5,96.6,Itr_4,,20.22552330521691,2.3700412716326515,408.71190293300043
0,0,0,False,0.04533540830016136,0.9546645916998386,False,0.45466459169983864,0.04567657384074781,3_0_3_1,14.60882285,0.918763492,2.573233908,1.480165841,Si1,Si1,combo_002,2,410.2243113,282.7015683,0.000356071,0.055167429,1243.208089,231.6,97.2,,,21.623480559790266,2.3641933710468868,410.2968966657269
1,1,1,False,0.9724380373954773,0.027561962604522705,False,0.4724380373954773,0.041475874980903084,0_1_2_0,9.900176245,1.151306175,2.176379765,0.64676278,Si1,Si1,combo_002,3,339.134064,580.1009093,0.000238355,0.035038112,910.1034426,172.000001,78.9,,,6.403065510706162,2.505679462589549,339.46557159212546
1,1,1,False,0.9288011789321899,0.07119882106781006,False,0.42880117893218994,0.08872643833532359,1_1_2_0,10.09776407,1.161073593,2.057503871,0.971938552,Si1,Si1,combo_002,4,343.854022,907.5644526,0.000243294,0.039170334,932.5873163,168.000001,80.9,,,9.814406188633427,2.3889134121133786,344.6922799098419
1,1,1,False,0.9194068908691406,0.08059310913085938,False,0.4194068908691406,0.13708840838811084,0_1_2_0,8.708921383,1.217888925,2.202329544,0.724420579,Si1,Si1,combo_002,5,321.563582,941.1321635,0.008134347,0.041923173,836.9635358,155.000001,74.3,,,6.308921870738341,2.6821927608379,323.1626354772623
1,1,1,False,0.5994561910629272,0.40054380893707275,True,0.09945619106292725,0.15027577929686894,0_1_2_1,8.648994566,1.206118421,2.450512006,1.118300977,Si1,Si1,combo_002,6,323.0028969,956.5920886,0.000207075,0.041207875,834.7872083,165.000001,74.1,,,9.672179073225493,2.9556076713182624,323.9595415240441
1,1,1,False,0.8171958923339844,0.18280410766601562,False,0.3171958923339844,0.126299768628281,0_1_2_0,9.648561387,1.138743125,2.387552949,0.545372157,Si1,Si1,combo_002,7,334.4364054,954.2245363,-0.005337472,0.028543872,900.6300665,174.000001,77.9,,,5.262056735575102,2.7188095062472253,333.71407284752445
0,0,0,False,0.2102549821138382,0.7897450178861618,False,0.2897450178861618,0.07437702811063718,0_2_0_1,8.529271464,1.513040413,1.114374079,1.483803178,Si1,Si1,combo_002,8,311.5200748,279.9546561,0.000612245,0.055301036,762.2272419,158.4,69.7,,,12.655760104307914,1.6860930167266546,309.83899006454413
0,0,0,False,0.0026823466178029776,0.997317653382197,False,0.497317653382197,0.1120885818651116,2_0_3_2,13.38759806,0.910701055,2.653438927,1.579153058,Si1,Si1,combo_002,9,397.1443206,281.1702632,-0.00032554,0.055420896,1155.942836,218.1,92.6,,,21.141066415723866,2.416489630196968,397.58139141699803
1,1,1,False,0.8006172180175781,0.19938278198242188,False,0.3006172180175781,0.08218687882808753,1_1_2_0,10.11914979,1.128601713,2.219883545,0.937430176,Si1,Si1,combo_002,10,344.2891161,528.6447161,0.002194459,0.032429224,931.4072318,173.000001,80.1,,,9.485996368610063,2.5053643715475125,344.2345790321196
0,0,0,False,0.04046417027711868,0.9595358297228813,False,0.4595358297228813,0.15551495707051954,2_0_3_0,13.58201215,0.891824261,2.729308988,0.948355402,Si1,Si1,combo_002,11,397.6521512,282.5292595,-0.0003304,0.055173221,1165.643594,213.3,93.3,,,12.880574592482136,2.434063971263758,396.847739687099
0,0,0,False,0.27226629853248596,0.727733701467514,False,0.22773370146751404,0.10505233647809123,1_1_3_1,10.50618204,1.055547156,2.549243282,1.238344895,Si1,Si1,combo_002,12,351.3714815,284.9724693,0.002281541,0.055381991,954.25205,193.4,81.9,,,13.010276895174686,2.690846496267206,352.06189179371813
1,1,1,False,0.9698280096054077,0.030171990394592285,False,0.4698280096054077,0.16629153085952322,1_1_1_0,10.4234577,1.189513712,1.853287317,0.551771248,Si1,Si1,combo_002,13,344.4608266,569.1711704,0.005280167,0.03595542,944.5481418,171.000001,82.0,,,5.751364263604209,2.2045106758471906,345.8070643333346
0,0,0,False,0.0858977809548378,0.9141022190451622,False,0.4141022190451622,0.08525659652591297,2_1_2_0,12.03263349,0.993864099,2.429992263,0.668172287,Si1,Si1,combo_002,14,372.2522275,280.826679,0.001458329,0.055166588,1066.157842,197.9,87.0,,,8.039872237646092,2.4150820710434657,372.07600483905856
0,0,0,False,0.2819381356239319,0.7180618643760681,False,0.21806186437606812,0.14475226061782548,3_1_0_3,15.9857585,1.203872808,1.193499477,2.47515984,Si1,Si1,combo_002,15,434.7637791,276.9403966,-0.000390494,0.05508458,1330.59688,234.2,97.0,,,39.56730745113864,1.4368215667225215,424.2109214013753
1,1,0,True,0.4683193564414978,0.5316806435585022,True,0.0316806435585022,0.18169891255862147,2_1_1_3,13.99466797,1.154759959,1.644252038,2.038116494,Si1,PU,combo_001,16,409.9947431,545.9784253,0.028960924,0.033049525,1265.885888,212.000001,95.4,,,28.5227636177105,1.8987164159865464,410.12971091142674
0,0,0,False,0.37116536498069763,0.6288346350193024,False,0.12883463501930237,0.14020055905699216,1_0_3_2,11.96451925,0.977477138,2.877955673,1.662897407,Si1,PU,combo_001,17,382.6934564,283.2278577,0.000289963,0.055296483,1089.018866,205.2,85.8,,,19.895768036826585,2.813135874534904,382.19925456623156
1,1,0,True,0.143408864736557,0.856591135263443,False,0.356591135263443,0.15891686373504435,0_1_2_3,9.968981313,1.213228216,2.082808829,2.492800012,Si1,PU,combo_001,18,354.0420311,971.0765389,0.001200373,0.037691697,937.4743389,172.000001,80.2,,,24.850676736674178,2.5269224398767194,353.90508140702417
1,1,1,False,0.9240065813064575,0.07599341869354248,False,0.4240065813064575,0.041475874980903084,0_1_2_0,9.821372038,1.172347049,2.135138829,0.582221447,Si1,Si1,combo_002,19,336.459166,578.4148775,0.000236384,0.037112327,904.7872848,165.000001,78.6,,,5.718213439489699,2.503123705383466,337.30594952229427
1,1,1,False,0.7551137208938599,0.24488627910614014,False,0.25511372089385986,0.1220597314709077,0_1_1_0,9.658321629,1.3448167,1.66062974,0.964675544,Si1,PU,combo_001,20,336.5611044,518.2426137,0.000232308,0.043906212,896.8577577,155.000001,80.2,,,9.31714667158254,2.233242606868658,337.35981113831326
0,0,0,False,0.38999655842781067,0.6100034415721893,False,0.11000344157218933,0.05659481973799337,2_1_1_0,12.03882215,1.124473455,2.015579815,0.544372891,Si1,PU,combo_001,1,374.9283524,284.0620909,-0.000291821,0.055181132,1110.997404,193.7,85.8,Itr_5,,6.553608418030335,2.266465998401311,373.8125886595806
1,1,0,True,0.2081410139799118,0.7918589860200882,False,0.2918589860200882,0.12014366426816994,1_1_2_0,11.43013014,1.114888706,2.261158985,0.579141747,Si1,PU,combo_001,2,363.8988415,903.7484,0.01189394,0.02959655,1051.22116,192.0,84.1,,,6.619665537716954,2.520940614846923,365.12845056064725
0,0,0,False,0.028788888826966286,0.9712111111730337,False,0.4712111111730337,0.09771467629988163,0_2_0_0,8.913048729,1.551780237,1.182620567,0.50396045,Si1,PU,combo_001,3,311.0863501,282.7727655,0.001068381,0.055314236,790.8323914,160.4,71.1,,,4.491824048338768,1.8351672237403345,311.4915047962245
0,0,0,False,0.48283863067626953,0.5171613693237305,True,0.01716136932373047,0.18479381785439739,1_1_2_1,11.97090622,1.067822651,2.205648366,1.183619162,Si1,PU,combo_001,4,380.2583755,284.8876553,-0.001450613,0.055311652,1106.716753,198.8,85.8,,,14.168993988496988,2.3552412853559384,380.2926071625509
0,0,0,False,0.09542211890220642,0.9045778810977936,False,0.4045778810977936,0.09374232955556312,0_2_0_0,9.180279841,1.566330371,1.101986336,0.942498924,Si1,PU,combo_001,5,317.9625796,283.7836734,-0.000661071,0.055294625,806.0912789,161.5,72.1,,,8.652403872161392,1.7260746665038107,317.0661934959843
0,0,1,True,0.6661462783813477,0.33385372161865234,False,0.16614627838134766,0.08525659652591297,2_1_2_0,12.30884734,1.000491549,2.479087253,0.815113543,Si1,PU,combo_001,6,384.213685,283.5529252,0.001492856,0.055218549,1127.77322,198.9,87.1,,,10.033108165553527,2.4803058458601246,384.37966739001206
0,0,0,False,0.15955322980880737,0.8404467701911926,False,0.3404467701911926,0.10767944375917168,1_0_3_3,11.46218297,0.939764217,2.979647604,2.404168149,Si1,PU,combo_001,7,379.37083,284.3519708,0.001387023,0.055213053,1066.190154,204.8,83.9,,,27.557015214484228,2.8001661975089864,379.1631677138723
0,0,0,False,0.4771789610385895,0.5228210389614105,True,0.022821038961410522,0.12593498177602383,1_1_3_1,11.50539229,1.029614874,2.534272148,1.227559433,Si1,PU,combo_001,8,374.0003201,284.5108889,0.001392424,0.055319995,1061.538707,198.0,84.1,,,14.12355283595497,2.6093242983447293,373.72053880148525
1,1,0,True,0.06642509996891022,0.9335749000310898,False,0.4335749000310898,0.09771467629988163,0_1_0_0,8.343391202,1.466429671,1.269276384,0.5519769,Si1,PU,combo_001,9,311.1324763,618.4117366,-0.000199435,0.04407508,786.2336651,148.000001,72.3,,,4.605359211167233,1.8613045501971899,308.56408218188983
0,0,0,False,0.2964445650577545,0.7035554349422455,False,0.20355543494224548,0.05007171795880877,3_1_1_3,15.19943197,1.112263266,1.806846237,2.296532992,Si1,PU,combo_001,10,424.0609228,284.3463659,0.000370836,0.055191846,1364.023185,246.2,98.8,,,34.90599697876455,2.00968869672543,424.095999858601
0,0,0,False,0.10316115617752075,0.8968388438224792,False,0.39683884382247925,0.05160719273332825,0_2_0_1,8.904539842,1.50507795,1.118165676,1.220872911,Si1,PU,combo_001,11,318.2714434,284.0776199,0.000213464,0.055286792,796.9099811,157.3,71.0,,,10.87131147801802,1.6829265033944443,317.4897306996625
0,0,1,True,0.6558481454849243,0.3441518545150757,False,0.15584814548492432,0.1477686570066252,3_1_2_3,14.59148135,1.002475245,2.446538666,2.093411607,Si1,PU,combo_001,12,419.111486,284.5845954,0.000355637,0.055134049,1285.116186,236.9,96.9,,,30.545976421414032,2.452594448600323,418.1826788098211
0,0,0,False,0.10580386221408844,0.8941961377859116,False,0.39419613778591156,0.08762719105084019,0_1_3_3,9.433376644,1.125333942,2.728304454,2.088797935,Si1,Si1,combo_002,13,340.1415726,316.668974,0.000226685,0.04329674,894.0838903,177.6,76.7,,,19.704417654064432,3.0702536061959775,340.14607259696135
0,0,1,True,0.9747060537338257,0.025293946266174316,False,0.4747060537338257,0.10167435808614676,0_1_0_0,8.080901898,1.44711893,1.158711716,0.704050247,Si1,PU,combo_001,14,306.0849239,281.026656,0.000192873,0.055330768,752.8775881,144.6,68.2,,,5.6893609772696685,1.6767936586363839,304.8799440839238
1,1,1,False,0.954590916633606,0.04540908336639404,False,0.45459091663360596,0.13835784080217345,3_1_0_2,15.94533773,1.016142564,1.12429307,1.763414489,Si1,Si1,combo_002,15,435.8663527,632.6739325,-0.005063286,0.042453702,1375.465016,172.000001,96.2,,,28.11823958508037,1.1424420428372315,437.0808546723305
1,1,0,True,0.43756261467933655,0.5624373853206635,True,0.06243738532066345,0.05070678762967066,2_1_2_3,13.9319673,1.049997399,2.181545924,2.226610357,Si1,PU,combo_001,16,411.2173031,611.6297869,-0.023401298,0.030862582,1253.267641,206.000001,93.0,,,31.02106268356533,2.2906175459990514,411.3436270224365
0,0,1,True,0.6407133936882019,0.3592866063117981,False,0.1407133936882019,0.05080558801542252,1_1_1_3,11.87373144,0.994706936,2.015208437,2.454258806,Si1,Si1,combo_002,17,384.4798323,283.5410884,-0.001438466,0.055368554,1083.083671,211.1,86.4,,,29.14120994669906,2.004541809769619,383.79558052610685
1,1,0,True,0.07012403011322021,0.9298759698867798,False,0.4298759698867798,0.12999833079651132,0_1_2_3,9.989821187,1.237723701,2.24724414,2.023632105,Si1,PU,combo_001,18,349.8204229,672.9946091,-0.000240596,0.033442775,930.0774311,178.000001,80.1,,,20.215722877222408,2.781467334011362,349.96055858107707
1,1,1,False,1.0,0.0,False,0.5,0.12529666370359052,0_0_0_2,8.014357747,0.539256138,1.149211025,1.906145509,Si1,Si1,combo_002,19,458.1224741,676.9343431,0.000191209,0.002103299,917.9595635,76.000001,62.4,,,15.276532026963407,0.6197190990885215,356.101501721154
0,0,0,False,5.410854100773577e-06,0.9999945891458992,False,0.4999945891458992,0.2681611489327263,1_3_0_1,11.19234946,2.025815508,1.279962183,1.042017215,Si1,PU,combo_001,20,325.599937,269.4431705,0.000270659,0.055357193,859.3262648,196.1,80.3,,,11.662620813615955,2.592967239974934,324.2914567751748
0,0,0,False,0.005344646982848644,0.9946553530171514,False,0.49465535301715136,0.07833603360879897,1_2_0_0,10.51252552,1.623057067,1.327445982,0.666895059,Si1,PU,combo_001,1,331.4010114,281.0490288,0.002282969,0.055399294,905.6374982,187.7,84.7,Itr_6,,7.010751326899406,2.154520582145855,332.6690322221209
1,1,0,True,0.039831627160310745,0.9601683728396893,False,0.46016837283968925,0.13494439823147744,1_2_0_1,10.24979304,1.555388792,1.243939082,1.238341693,Si1,PU,combo_001,2,336.4529201,834.1571,0.010130885,0.036322928,884.0263962,174.000001,75.2,,,12.692746066053216,1.934808906073569,337.20587136899866
1,1,1,False,0.7651612162590027,0.23483878374099731,False,0.2651612162590027,0.1120885818651116,2_1_2_2,13.5566024,0.988948534,2.466286287,1.519676309,Si1,PU,combo_001,3,405.7873114,547.7456011,-0.037922975,0.031327675,1216.629005,217.000001,92.5,,,20.60164749781254,2.4390302079529533,404.5142990570077
1,1,1,False,0.5617275238037109,0.43827247619628906,True,0.06172752380371094,0.1014276765101223,2_1_2_1,13.74830467,1.001804977,2.369301122,1.026962517,Si1,PU,combo_001,4,405.2674666,523.1240515,-0.032452078,0.032452078,1229.26822,208.000001,93.5,,,14.118993568386054,2.373577656031284,404.90832671580074
1,1,1,False,0.8506217002868652,0.14937829971313477,False,0.35062170028686523,0.15213374234417804,0_1_1_3,8.268105557,1.246524879,1.937945696,2.381885019,Si1,Si1,combo_002,5,326.6346181,852.8437483,0.000592658,0.040103208,806.0019386,169.000001,73.3,,,19.69367676172895,2.415697524214971,327.27490251189784
0,0,0,False,0.03671747073531151,0.9632825292646885,False,0.4632825292646885,0.07833603360879897,1_2_0_0,11.0866684,1.577189286,1.335943319,0.708844733,Si1,PU,combo_001,6,342.8530467,278.9455385,-0.000268017,0.055355725,947.6333682,193.8,87.5,,,7.858726501857537,2.1070354894300807,343.2304429915048
1,1,0,True,0.489351749420166,0.510648250579834,True,0.010648250579833984,0.13360424724766254,0_1_1_3,8.25461398,1.332088622,1.589094113,2.181028636,Si1,PU,combo_001,7,325.7565774,538.6792303,0.002169368,0.042795709,805.6328373,145.000001,72.8,,,18.003549469505934,2.1168141872144823,326.29542691736447
1,1,0,True,0.49899935722351074,0.5010006427764893,True,0.0010006427764892578,0.05152603014251455,3_1_2_0,14.23314983,1.007623431,2.19830984,0.753267796,Si1,PU,combo_001,8,408.6051943,558.8258497,0.000346679,0.035707911,1276.286553,188.000001,93.8,,,10.721373402581875,2.215068503381861,410.3444706622008
0,0,0,False,0.05485747009515762,0.9451425299048424,False,0.4451425299048424,0.087241477019764,0_2_0_0,9.744257716,1.62249221,1.156329232,0.617098996,Si1,PU,combo_001,9,320.4567999,283.7133084,0.002110109,0.055415867,835.472317,168.1,73.2,,,6.013171653308853,1.876135171115283,321.19454525516716
0,0,0,False,0.24478423595428467,0.7552157640457153,False,0.25521576404571533,0.12434533265881262,0_2_0_1,9.962319947,1.480429834,1.492448936,1.044297835,Si1,PU,combo_001,10,335.5468833,284.4784564,-0.000719724,0.05533942,896.0495845,182.1,81.7,,,10.403629152229415,2.2094659305759565,334.1714227830103
1,1,1,False,0.9195697903633118,0.08043020963668823,False,0.41956979036331177,0.11608968840424563,3_0_2_1,14.66762934,0.98113128,2.248799582,1.335221493,Si1,PU,combo_001,11,418.9365375,656.2312118,-0.00464803,0.030390964,1313.166345,209.000001,95.4,,,19.584533946125404,2.206367612351125,418.1927623726181
0,0,0,False,0.21587757766246796,0.784122422337532,False,0.28412242233753204,0.12209639239190251,0_2_0_0,9.511881013,1.512343463,1.362870891,0.527751454,Si1,Si1,combo_002,12,322.1636686,284.0944279,-0.001600529,0.055416287,844.7702513,180.0,81.3,,,5.019909034885743,2.0611288829168357,318.76038589197486
0,0,1,True,0.7353463172912598,0.26465368270874023,False,0.23534631729125977,0.08948677007088017,3_1_0_2,15.98158308,1.187326118,1.207313101,1.962283103,Si1,PU,combo_001,13,430.888746,281.752425,-0.00039039,0.055077265,1348.501327,231.6,95.7,,,31.3603904370747,1.433474377420872,431.1916653439064
0,0,0,False,0.11831492185592651,0.8816850781440735,False,0.3816850781440735,0.10854704009289173,2_0_2_3,13.94250716,0.961701172,2.241094065,2.456377205,Si1,Si1,combo_002,14,408.4998075,284.0261224,-0.000339413,0.055242433,1208.536545,230.7,94.9,,,34.24805676837329,2.1552627888727445,409.8912990727179
1,1,1,False,0.9905644655227661,0.009435534477233887,False,0.4905644655227661,0.10512209938561412,1_1_0_3,11.98138737,1.07031997,1.531637045,2.487444336,Si1,Si1,combo_002,15,387.3913744,870.1364,-0.01539039,0.04442886,1111.268,214.0,87.4,,,29.803034150928436,1.6393417160552886,386.8782003168324
0,0,0,False,0.4572533667087555,0.5427466332912445,True,0.04274663329124451,0.07105603450091857,0_0_3_3,9.973421096,0.944506627,2.928297126,2.478759423,Si1,Si1,combo_002,16,354.9811372,284.9215153,0.00216167,0.055371333,930.7750284,190.6,79.4,,,24.721711521256985,2.7657960413320537,354.3324630834881
0,0,0,False,0.2560808062553406,0.7439191937446594,False,0.24391919374465942,0.056807539615361904,0_1_3_3,9.849331779,1.043002734,2.560076803,2.491291927,Si1,Si1,combo_002,17,351.3845548,315.0704531,-0.000237083,0.046231234,920.8615755,183.6,78.7,,,24.537560747367245,2.6701671047789794,351.629335588837
0,0,1,True,0.660214900970459,0.339785099029541,False,0.16021490097045898,0.05033156231766361,1_2_0_1,11.178827,1.549786974,1.114944267,1.217671014,Si1,PU,combo_001,18,353.0944028,282.8830769,0.000270321,0.055322717,943.523056,184.6,78.9,,,13.612133608420578,1.7279261017325782,351.05024408858094
1,1,0,True,0.48201584815979004,0.51798415184021,True,0.01798415184020996,0.05016553278084961,3_1_2_3,14.12974066,1.066220666,2.104525158,2.194927523,Si1,PU,combo_001,19,414.1818127,608.8895512,-0.011355086,0.029247948,1266.611,206.000001,93.8,,,31.013756667486184,2.243888215576515,413.32250282879164
1,1,1,False,1.0,0.0,False,0.5,0.12529666370359052,0_0_0_3,8.012492482,0.507165801,1.258800718,2.126281011,Si1,PU,combo_001,20,363.5910252,576.2690931,-0.000191162,0.050275672,913.8094743,92.000001,70.5,,,17.03681061525686,0.6384206744438451,362.6004753589825
1,1,1,False,0.9663505554199219,0.033649444580078125,False,0.4663505554199219,0.17054728711091177,3_1_0_1,14.01649629,1.07770962,1.153703225,1.463003868,Si1,PU,combo_001,21,415.7948189,819.9859233,0.016039338,0.037880138,1222.519989,153.000001,87.8,,,20.50618828807765,1.2433570642075247,413.883443117866
0,0,0,False,0.4116738438606262,0.5883261561393738,True,0.08832615613937378,0.0,1_1_3_1,10.7259286,1.053354999,2.838396469,1.233265381,Si1,PU,combo_001,1,360.2338732,284.8967852,0.002330984,0.055203815,991.777179,193.2,82.3,Itr_7,,13.227916421457797,2.9898391097650987,360.0972544723143
0,0,0,False,0.4145074784755707,0.5854925215244293,True,0.08549252152442932,0.0,1_1_2_0,10.58497393,1.203193646,2.303839371,0.928335897,Si1,PU,combo_001,2,351.8519299,320.8520094,0.002299268,0.055341219,964.4070009,186.0,82.3,,,9.826411268028165,2.7719648925918365,351.7197669471315
0,0,0,False,0.026990238577127457,0.9730097614228725,False,0.47300976142287254,0.0,0_1_2_0,8.915445738,1.416715016,2.439425496,0.814823221,Si1,PU,combo_001,3,318.9446982,283.4693717,0.000213736,0.055321976,825.8973772,176.8,75.0,,,7.264512212887883,3.455970730596448,318.9054321068235
1,1,0,True,0.40461426973342896,0.595385730266571,True,0.09538573026657104,0.0,1_1_2_1,10.47135777,1.172157031,2.41710613,1.343814337,Si1,PU,combo_001,4,353.8265793,612.6093,0.000757902,0.02652657,967.0293795,181.0,81.8,,,14.071560699182347,2.8332279449527,354.4082404477515
0,0,0,False,0.05515950173139572,0.9448404982686043,False,0.4448404982686043,0.0,0_1_3_0,8.779365057,1.408685599,2.627502445,0.902708195,Si1,PU,combo_001,5,317.7100288,282.4770477,0.000210334,0.055303787,819.8983228,177.0,74.5,,,7.925204783850542,3.7013248556087897,317.70132943495076
0,0,0,False,0.005497435107827187,0.9945025648921728,False,0.4945025648921728,0.0,0_1_3_0,8.505471178,1.428222781,2.621745598,0.769417225,Si1,PU,combo_001,6,312.428644,282.6727073,0.000203487,0.055424198,801.2501676,173.4,73.8,,,6.544256031094242,3.7444367890500683,312.9879075298984
0,0,0,False,0.0297758337110281,0.9702241662889719,False,0.4702241662889719,0.0,0_1_2_1,8.515256571,1.434159964,2.27258893,1.072107471,Si1,PU,combo_001,7,316.0028412,283.0586195,0.000203732,0.055457484,798.4599287,171.9,73.8,,,9.129270187250942,3.2592560580355983,316.15566425582153
1,1,1,False,0.5403537154197693,0.4596462845802307,True,0.04035371541976929,0.0,0_1_1_2,8.878318252,1.329234301,1.792260656,1.599449391,Si1,Si1,combo_002,8,327.2003173,588.7012144,0.000212808,0.041923176,835.5482686,174.000001,75.5,,,14.200420721265585,2.3823343402879615,328.12744744231804
0,0,0,False,0.4601649343967438,0.5398350656032562,True,0.039835065603256226,0.0,3_0_3_3,15.02318617,0.980430757,2.595102463,2.363776672,Si1,PU,combo_001,9,423.6334708,283.8761508,0.00036643,0.055232231,1313.006201,247.8,98.4,,,35.51145700775903,2.5443182722916546,423.16707081325757
1,1,1,False,0.6144575476646423,0.38554245233535767,False,0.11445754766464233,0.0,3_1_2_3,15.26823416,1.037588939,2.08035474,2.132568155,Si1,PU,combo_001,10,425.3453274,823.0395492,0.005588336,0.02719657,1357.275412,226.000001,98.3,,,32.560549952699176,2.158553067420221,427.3205031349818
1,1,1,False,0.8263258934020996,0.1736741065979004,False,0.3263258934020996,0.0,2_1_0_1,13.55547571,1.222507141,1.225656791,1.180724894,Si1,Si1,combo_002,11,397.18294,819.1930564,0.047811865,0.035941333,1146.234909,204.000001,87.9,,,16.005287620809323,1.4983741794126444,396.45785250550057
0,0,1,True,0.6531530022621155,0.3468469977378845,False,0.15315300226211548,0.0,2_1_0_2,13.32329935,1.121678322,1.504883555,1.589377483,Si1,Si1,combo_002,12,398.2473763,284.6857766,-0.000323932,0.05528426,1204.491747,216.2,92.8,,,21.175751986158534,1.6879952607777946,398.5633040828423
0,0,0,False,0.06036906689405441,0.9396309331059456,False,0.4396309331059456,0.0,3_0_1_0,15.96007833,0.943168992,1.678329184,0.512505813,Si1,Si1,combo_002,13,426.5300513,281.0729357,-0.000389852,0.05503964,1402.0402,234.1,102.3,,,8.179632920060332,1.5829480447174626,427.89559277103314
1,1,0,True,0.36776819825172424,0.6322318017482758,False,0.13223180174827576,0.0,2_0_3_2,13.97991519,0.960052693,2.875245206,1.842322884,Si1,PU,combo_001,14,410.1406866,829.2875357,-0.035055844,0.029610276,1226.467227,218.000001,94.3,,,25.75551767091621,2.76038690305564,409.3809174803325
0,0,0,False,0.10587839037179947,0.8941216096282005,False,0.39412160962820053,0.0,1_0_3_3,11.92889038,0.795902742,2.825672635,2.335557432,Si1,Si1,combo_002,15,384.979147,282.7719893,0.000289072,0.055211864,1071.837244,209.1,84.9,,,27.860608582522303,2.248960598190865,385.17520819121154
0,0,0,False,0.08990245312452316,0.9100975468754768,False,0.41009754687547684,0.0,0_1_2_3,9.984331748,1.216312983,2.517324343,2.300818584,Si1,PU,combo_001,16,351.0946793,284.0806876,-0.001683208,0.055402699,927.4231178,189.9,80.2,,,22.972136034619606,3.061854280812845,350.84141756312727
0,0,0,False,0.23190990090370178,0.7680900990962982,False,0.2680900990962982,0.0,3_1_1_3,15.15484558,1.133281752,1.77851066,2.203942285,Si1,PU,combo_001,17,423.0338207,283.4984613,0.000369721,0.055109373,1362.220423,244.9,100.7,,,33.40040499640735,2.0155536767154763,422.997273038986
0,0,0,False,0.0698879137635231,0.9301120862364769,False,0.4301120862364769,0.0,1_1_2_3,11.9143147,1.045291255,2.255878155,2.329520884,Si1,PU,combo_001,18,384.0811568,323.5714485,-0.000288708,0.055177248,1106.768385,202.0,85.7,,,27.754644912198195,2.3580497077670346,385.1872126866371
1,1,1,False,0.9999996423721313,3.5762786865234375e-07,False,0.49999964237213135,0.0,0_0_0_3,8.453771432,0.519461751,1.130929037,2.458920092,Si1,Si1,combo_002,19,409.7895666,544.7070597,0.000202194,0.007885576,953.2726376,76.000001,63.2,,,20.78714842732041,0.5874743778167638,370.2280526766804
0,0,0,False,3.464694503518828e-11,0.999999999965353,False,0.49999999996535305,0.0,2_3_1_0,12.25382311,2.128086768,2.012521472,0.536322795,Si1,PU,combo_001,20,325.3279815,259.47661,0.001485978,0.055389188,918.4418189,215.3,89.8,,,6.572004659790793,4.282820314879083,325.4126920051634
0,0,0,False,0.25926417112350464,0.7407358288764954,False,0.24073582887649536,0.0,1_1_3_1,10.7259286,1.053354999,2.838396469,1.233265381,Si1,PU,combo_001,1,360.2338732,284.8967852,0.002330984,0.055203815,991.777179,193.2,82.3,Itr_8,,13.227916421457797,2.9898391097650987,360.21852639300835
0,0,0,False,0.20237478613853455,0.7976252138614655,False,0.29762521386146545,0.0,1_1_2_0,10.58497393,1.203193646,2.303839371,0.928335897,Si1,PU,combo_001,2,351.8519299,320.8520094,0.002299268,0.055341219,964.4070009,186.0,82.3,,,9.826411268028165,2.7719648925918365,351.76412626912224
0,0,0,False,0.009580088779330254,0.9904199112206697,False,0.49041991122066975,0.0,0_1_2_0,8.915445738,1.416715016,2.439425496,0.814823221,Si1,PU,combo_001,3,318.9446982,283.4693717,0.000213736,0.055321976,825.8973772,176.8,75.0,,,7.264512212887883,3.455970730596448,318.91910050198766
1,1,0,True,0.3903178870677948,0.6096821129322052,False,0.1096821129322052,0.0,1_1_2_1,10.47135777,1.172157031,2.41710613,1.343814337,Si1,PU,combo_001,4,353.8265793,612.6093,0.000757902,0.02652657,967.0293795,181.0,81.8,,,14.071560699182347,2.8332279449527,354.6555213945319
0,0,0,False,0.004618981387466192,0.9953810186125338,False,0.4953810186125338,0.0,0_1_3_0,8.779365057,1.408685599,2.627502445,0.902708195,Si1,PU,combo_001,5,317.7100288,282.4770477,0.000210334,0.055303787,819.8983228,177.0,74.5,,,7.925204783850542,3.7013248556087897,317.83267947620595
0,0,0,False,0.005497435107827187,0.9945025648921728,False,0.4945025648921728,0.0,0_1_3_0,8.505471178,1.428222781,2.621745598,0.769417225,Si1,PU,combo_001,6,312.428644,282.6727073,0.000203487,0.055424198,801.2501676,173.4,73.8,,,6.544256031094242,3.7444367890500683,312.9879075298984
0,0,0,False,0.08470036089420319,0.9152996391057968,False,0.4152996391057968,0.0,0_1_2_1,8.515256571,1.434159964,2.27258893,1.072107471,Si1,PU,combo_001,7,316.0028412,283.0586195,0.000203732,0.055457484,798.4599287,171.9,73.8,,,9.129270187250942,3.2592560580355983,316.0195907421064
1,1,0,True,0.4805857539176941,0.5194142460823059,True,0.019414246082305908,0.0,0_1_1_2,8.878318252,1.329234301,1.792260656,1.599449391,Si1,Si1,combo_002,8,327.2003173,588.7012144,0.000212808,0.041923176,835.5482686,174.000001,75.5,,,14.200420721265585,2.3823343402879615,327.85436122102885
0,0,0,False,0.412883996963501,0.587116003036499,True,0.08711600303649902,0.0,3_0_3_3,15.02318617,0.980430757,2.595102463,2.363776672,Si1,PU,combo_001,9,423.6334708,283.8761508,0.00036643,0.055232231,1313.006201,247.8,98.4,,,35.51145700775903,2.5443182722916546,423.6024068380108
1,1,1,False,0.7101325988769531,0.2898674011230469,False,0.21013259887695312,0.0,3_1_2_3,15.26823416,1.037588939,2.08035474,2.132568155,Si1,PU,combo_001,10,425.3453274,823.0395492,0.005588336,0.02719657,1357.275412,226.000001,98.3,,,32.560549952699176,2.158553067420221,426.8201797432107
1,1,1,False,0.7323039770126343,0.2676960229873657,False,0.23230397701263428,0.0,2_1_0_1,13.55547571,1.222507141,1.225656791,1.180724894,Si1,Si1,combo_002,11,397.18294,819.1930564,0.047811865,0.035941333,1146.234909,204.000001,87.9,,,16.005287620809323,1.4983741794126444,396.2980972046551
0,0,1,True,0.6994339227676392,0.30056607723236084,False,0.19943392276763916,0.0,2_1_0_2,13.32329935,1.121678322,1.504883555,1.589377483,Si1,Si1,combo_002,12,398.2473763,284.6857766,-0.000323932,0.05528426,1204.491747,216.2,92.8,,,21.175751986158534,1.6879952607777946,398.5257721814371
0,0,0,False,0.06036906689405441,0.9396309331059456,False,0.4396309331059456,0.0,3_0_1_0,15.96007833,0.943168992,1.678329184,0.512505813,Si1,Si1,combo_002,13,426.5300513,281.0729357,-0.000389852,0.05503964,1402.0402,234.1,102.3,,,8.179632920060332,1.5829480447174626,427.89559277103314
1,1,1,False,0.6049363017082214,0.39506369829177856,False,0.10493630170822144,0.0,2_0_3_2,13.97991519,0.960052693,2.875245206,1.842322884,Si1,PU,combo_001,14,410.1406866,829.2875357,-0.035055844,0.029610276,1226.467227,218.000001,94.3,,,25.75551767091621,2.76038690305564,409.06200251726915
0,0,0,False,0.19834470748901367,0.8016552925109863,False,0.30165529251098633,0.0,1_0_3_3,11.92889038,0.795902742,2.825672635,2.335557432,Si1,Si1,combo_002,15,384.979147,282.7719893,0.000289072,0.055211864,1071.837244,209.1,84.9,,,27.860608582522303,2.248960598190865,385.40424015127695
0,0,0,False,0.13151684403419495,0.868483155965805,False,0.36848315596580505,0.0,0_1_2_3,9.984331748,1.216312983,2.517324343,2.300818584,Si1,PU,combo_001,16,351.0946793,284.0806876,-0.001683208,0.055402699,927.4231178,189.9,80.2,,,22.972136034619606,3.061854280812845,351.0866253799023
0,0,0,False,0.28507623076438904,0.714923769235611,False,0.21492376923561096,0.0,3_1_1_3,15.15484558,1.133281752,1.77851066,2.203942285,Si1,PU,combo_001,17,423.0338207,283.4984613,0.000369721,0.055109373,1362.220423,244.9,100.7,,,33.40040499640735,2.0155536767154763,423.0425986212038
0,0,0,False,0.24996070563793182,0.7500392943620682,False,0.2500392943620682,0.0,1_1_2_3,11.9143147,1.045291255,2.255878155,2.329520884,Si1,PU,combo_001,18,384.0811568,323.5714485,-0.000288708,0.055177248,1106.768385,202.0,85.7,,,27.754644912198195,2.3580497077670346,384.52135519658276
1,1,1,False,1.0,0.0,False,0.5,0.0,0_0_0_3,8.453771432,0.519461751,1.130929037,2.458920092,Si1,Si1,combo_002,19,409.7895666,544.7070597,0.000202194,0.007885576,953.2726376,76.000001,63.2,,,20.78714842732041,0.5874743778167638,365.7473894483835
0,0,0,False,3.3195456694556924e-07,0.999999668045433,False,0.49999966804543305,0.0,2_3_1_0,12.25382311,2.128086768,2.012521472,0.536322795,Si1,PU,combo_001,20,325.3279815,259.47661,0.001485978,0.055389188,918.4418189,215.3,89.8,,,6.572004659790793,4.282820314879083,325.6339121586572
1,1,1,False,0.9732348322868347,0.026765167713165283,False,0.4732348322868347,0.10279607832788781,2_0_3_3,13.90552133,0.685101367,2.992163054,2.420413309,Si1,Si1,combo_002,1,414.1651556,583.205975,-0.015908936,0.031479384,1215.393586,206.000001,92.9,Itr_9,,33.65710889571538,2.049934998582295,413.66185096450704
1,1,1,False,0.9956457018852234,0.004354298114776611,False,0.4956457018852234,0.11591705714024182,3_0_2_3,15.688585,0.729993555,2.501334394,2.479323164,Si1,Si1,combo_002,2,431.9904517,543.075099,-0.001149194,0.040987928,1369.333208,209.000001,100.4,,,38.897072200882945,1.8259579865198308,437.2020578411356
1,1,1,False,0.9546180963516235,0.045381903648376465,False,0.45461809635162354,0.10854704009289173,2_0_2_3,13.5180657,0.796955937,2.31188723,2.400018193,Si1,Si1,combo_002,3,411.9063202,793.0054859,0.027948149,0.03189377,1210.06074,197.000001,92.3,,,32.443603614169284,1.8424722536229845,411.1351545313871
1,1,1,False,0.9954533576965332,0.004546642303466797,False,0.4954533576965332,0.11591705714024182,3_0_2_3,15.24591033,0.757891799,2.309830938,2.470068334,Si1,Si1,combo_002,4,430.9174224,596.1069445,0.000371998,0.039803759,1346.30673,200.000001,99.0,,,37.65844032913649,1.7506019249866778,432.4234156546665
0,0,1,True,0.8476249575614929,0.15237504243850708,False,0.3476249575614929,0.14158992124608782,1_1_1_3,11.42344303,1.122037269,1.716698297,2.179040196,Si1,Si1,combo_002,5,373.648415,283.6089072,0.002487925,0.055393608,1036.290819,204.1,85.6,,,24.892141539086033,1.9261994688628308,373.85622164832523
0,0,0,False,0.36737528443336487,0.6326247155666351,False,0.13262471556663513,0.07864620004222057,0_1_3_0,8.14737947,1.285340297,2.657002323,0.63365998,Si1,Si1,combo_002,6,308.9991915,317.2983068,-0.000194535,0.041435849,787.0897567,162.2,72.7,,,5.162668312012611,3.41515215497451,310.3644845131676
0,0,1,True,0.6843477487564087,0.3156522512435913,False,0.1843477487564087,0.12339411626084448,1_0_3_2,11.83832745,0.793660321,2.823147853,1.864174514,Si1,Si1,combo_002,7,383.0124727,320.8138882,0.002581274,0.055283585,1070.501301,203.5,86.3,,,22.068708320676606,2.2406204312424407,382.51396177454785
1,1,0,True,0.45314937829971313,0.5468506217002869,True,0.046850621700286865,0.0794202918851327,1_0_3_3,11.48252029,0.773429381,2.737863351,2.396622402,Si1,Si1,combo_002,8,381.5385641,802.2479,-0.009726955,0.04418817,1049.281772,202.0,83.5,,,27.51926535843354,2.1175439568265157,382.1773667406294
1,1,1,False,0.9996639490127563,0.00033605098724365234,False,0.49966394901275635,0.07243871757369491,0_1_3_0,8.330999402,1.179255136,2.802706066,0.56036355,Si1,PU,combo_001,9,321.7165742,810.5004117,-0.000199125,0.045997875,822.7412954,143.000001,72.9,,,4.6683883999525975,3.305105523028855,322.2969934732187
1,1,1,False,0.8890897631645203,0.11091023683547974,False,0.38908976316452026,0.1052363924027173,0_1_3_1,8.359498502,1.198093712,2.744740288,1.076267858,Si1,PU,combo_001,10,324.6322171,543.7046132,0.000599513,0.040966688,824.3250589,147.000001,73.0,,,8.997059546701749,3.288456080125869,325.89745133315006
1,1,1,False,0.834811806678772,0.16518819332122803,False,0.334811806678772,0.11421808655996288,0_1_3_3,9.021305031,1.056164476,2.990898919,2.066501013,Si1,PU,combo_001,11,347.1987255,898.6242678,-0.000216383,0.036135919,890.234737,161.000001,74.8,,,18.642535985143496,3.1588811895546014,344.4662535724079
1,1,1,False,0.9984138607978821,0.00158613920211792,False,0.4984138607978821,0.14466649625148692,0_1_3_0,9.281090096,1.105456055,2.87261737,0.688561222,Si1,PU,combo_001,12,337.1575381,872.4647098,0.000222877,0.047472854,894.222553,149.000001,75.6,,,6.390598737993858,3.1755522653646757,337.15332212744386
1,1,1,False,0.9973389506340027,0.0026610493659973145,False,0.4973389506340027,0.11962337527272708,3_0_0_3,15.97979604,0.945680067,1.447662205,2.482315568,Si1,Si1,combo_002,13,442.4125678,865.4572532,0.000390345,0.036302085,1461.561336,214.000001,105.5,,,39.666896483556755,1.3690252910177678,436.0152062631881
1,1,1,False,0.9110668897628784,0.08893311023712158,False,0.4110668897628784,0.050048509084201914,2_0_3_2,13.9608088,0.786303707,2.527042609,1.934800543,Si1,Si1,combo_002,14,413.5130954,819.5131618,0.006457535,0.02752949,1225.80827,201.000001,94.0,,,27.01138044695918,1.9870229712036516,412.7386057153395
0,0,1,True,0.7073220014572144,0.29267799854278564,False,0.20732200145721436,0.12705886749367354,1_0_2_2,11.94995076,0.876822438,2.40858508,1.986593679,Si1,Si1,combo_002,15,385.3255638,284.9460518,-0.001447994,0.055261884,1083.552011,208.5,85.7,,,23.739696644177247,2.111901441976025,384.95145126754403
1,1,1,False,0.586468517780304,0.41353148221969604,True,0.08646851778030396,0.07105603450091857,0_1_3_3,9.886665828,1.004740639,2.965256869,2.357996429,Si1,PU,combo_001,16,358.1539767,918.6529335,-0.00071405,0.041176898,946.254326,182.000001,78.8,,,23.31272271714033,2.9793140813581993,357.8727323811619
1,1,1,False,0.8599016070365906,0.14009839296340942,False,0.3599016070365906,0.05016553278084961,3_1_2_3,14.25093432,1.018294264,2.117874521,2.113355891,Si1,PU,combo_001,17,416.8106536,568.119838,0.000347123,0.031588216,1284.032902,202.000001,94.1,,,30.11729599742608,2.1566194766060476,416.34629163030354
1,1,1,False,0.8428436517715454,0.1571563482284546,False,0.3428436517715454,0.050334995756575504,1_0_3_0,11.60859702,0.867362898,2.868887149,0.758205449,Si1,PU,combo_001,18,378.0423643,609.9698843,0.033446726,0.036819505,1088.622502,166.000001,84.1,,,8.801701515809162,2.4883662715915977,378.2975659135238
1,1,1,False,0.8514416813850403,0.14855831861495972,False,0.3514416813850403,0.19244581640008002,3_0_3_3,15.49091174,0.728131852,2.863552113,2.461431407,Si1,Si1,combo_002,19,426.523267,824.0736846,-0.000378123,0.03440917,1327.044816,220.000001,97.8,,,38.12981667990102,2.0850435033372032,427.56167654744155
0,0,0,False,0.010500406846404076,0.9894995931535959,False,0.4894995931535959,0.19734417726975148,3_2_0_2,14.03440127,1.59649394,1.119347042,1.837730768,Si1,PU,combo_001,20,389.3093083,280.4804765,-0.00034171,0.05542851,1124.049189,215.2,90.2,,,25.791451024337274,1.7870307693099254,390.55842178503735
1,1,1,False,0.5053581595420837,0.49464184045791626,True,0.00535815954208374,0.1262286198573937,3_0_1_1,15.67999267,0.937653639,1.657333916,1.183529757,Si1,Si1,combo_002,1,430.0933652,822.9891215,0.00038285,0.037136426,1400.590012,206.000001,101.0,Itr_10,,18.557737914486882,1.5540051773755204,433.0550678646965
1,1,1,False,0.7108210325241089,0.2891789674758911,False,0.2108210325241089,0.10611476607742155,3_1_0_1,15.75058789,1.070476334,1.216731821,1.246789464,Si1,Si1,combo_002,2,428.9197334,561.4840348,-0.000384615,0.034999942,1335.114555,204.000001,95.6,,,19.63766703305799,1.3024826192052243,428.83877465613716
1,1,1,False,0.7683221101760864,0.23167788982391357,False,0.2683221101760864,0.08023336775955686,3_0_0_0,15.69808892,0.956859107,1.463647538,0.967815248,Si1,Si1,combo_002,3,429.6461556,609.9365556,-0.004982929,0.032580691,1410.949459,227.000001,102.2,,,15.192849821235852,1.4005044761734287,430.7727988576898
0,0,0,False,0.08629478514194489,0.9137052148580551,False,0.4137052148580551,0.16902158000716616,0_1_3_2,8.231838573,1.289879363,2.806872604,1.807047922,Si1,PU,combo_001,4,323.6591833,283.9574447,0.00098323,0.05528044,806.8214266,171.7,72.8,,,14.875326787579093,3.6205270464696713,322.77700913739085
0,0,0,False,0.35339343547821045,0.6466065645217896,False,0.14660656452178955,0.03593724297678286,2_1_0_3,13.87229154,1.214764033,1.286390109,2.46179462,Si1,Si1,combo_002,5,405.3079183,284.9465514,-0.000337657,0.055100237,1167.253074,218.4,88.7,,,34.150732680243514,1.5626604368201498,407.02179082117163
0,0,0,False,0.17983244359493256,0.8201675564050674,False,0.32016755640506744,0.13360424724766254,0_1_1_3,8.074779188,1.39719844,1.829565761,2.148379032,Si1,Si1,combo_002,6,315.7052149,281.9770691,0.001349037,0.055308889,771.6280671,167.5,73.2,,,17.347686295529186,2.5562664271466127,316.21051680321875
0,0,1,True,0.6611749529838562,0.3388250470161438,False,0.1611749529838562,0.08294031946551174,2_1_0_3,13.48195512,1.276141152,1.424790501,2.367347765,Si1,PU,combo_001,7,400.1522614,280.2752474,-0.000327899,0.055293516,1166.500272,223.8,95.9,,,31.916476321162307,1.818233791304797,398.54292683404594
0,0,0,False,0.2544531524181366,0.7455468475818634,False,0.2455468475818634,0.15113439462422917,2_1_1_3,12.90639382,1.188910861,1.686618074,2.320380507,Si1,PU,combo_001,8,394.7380151,281.6848715,0.001567549,0.055338867,1138.639398,215.9,92.1,,,29.947744635593263,2.0052385465375018,395.2160556938434
0,0,0,False,0.06666646897792816,0.9333335310220718,False,0.43333353102207184,0.08214501550113958,0_1_3_3,8.152773061,1.345124634,2.538888792,2.42792588,Si1,PU,combo_001,9,321.8700514,283.5272966,0.000194669,0.055393034,792.1545982,169.0,72.7,,,19.794328708568717,3.415121857105702,323.31435148788495
0,0,0,False,0.09418148547410965,0.9058185145258904,False,0.40581851452589035,0.05923249786019551,0_1_2_2,8.28058374,1.387159634,2.051627803,1.676956325,Si1,PU,combo_001,10,320.7914277,284.363408,0.000989323,0.05545103,793.6530979,167.4,73.1,,,13.886177277485157,2.8459352723137044,320.0101970537293
0,0,0,False,0.023217838257551193,0.9767821617424488,False,0.4767821617424488,0.05923249786019551,0_1_2_2,8.273810685,1.393333009,2.078084523,1.79192328,Si1,PU,combo_001,11,319.805878,284.5171234,0.000197695,0.055427335,794.7912319,166.7,73.2,,,14.82603398076425,2.8954637613879193,320.8325661535797
0,0,0,False,0.28727585077285767,0.7127241492271423,False,0.21272414922714233,0.15893503075892632,1_1_1_0,11.39756566,1.166022417,1.95770133,0.850947989,Si1,Si1,combo_002,12,359.7516157,281.9476407,0.001378946,0.055328925,1013.06657,197.7,84.7,,,9.698735577872458,2.2827236365707146,361.1838399612086
1,1,1,False,0.854062557220459,0.14593744277954102,False,0.354062557220459,0.09052447927487049,1_1_0_3,10.77082494,1.37234616,1.144052121,2.367621303,Si1,Si1,combo_002,13,360.1693122,609.9637639,0.007023254,0.035636509,943.553288,168.000001,77.6,,,25.5012345788277,1.5700355350942055,358.3815058485713
1,1,1,False,0.788530707359314,0.21146929264068604,False,0.28853070735931396,0.05080734413139104,1_1_0_2,10.04148199,1.369281136,1.258598749,1.776769863,Si1,Si1,combo_002,14,349.9252871,944.8817682,0.002176983,0.041362677,899.9412166,155.000001,75.0,,,17.841402579689266,1.7233755247988987,345.4478952058027
1,1,1,False,0.7612737417221069,0.23872625827789307,False,0.26127374172210693,0.08433540704488061,3_1_0_3,15.89970239,1.158606806,1.111766748,2.106061922,Si1,Si1,combo_002,15,431.6688941,512.586024,0.000388343,0.039222593,1342.730597,200.000001,96.9,,,33.48575777471139,1.2881005209172869,426.2121496279715
1,1,0,True,0.31449437141418457,0.6855056285858154,False,0.18550562858581543,0.1512080212682009,2_0_3_0,13.97016477,0.764310965,2.733515211,0.511239398,Si1,Si1,combo_002,16,406.2093227,618.7010446,-0.000340104,0.035030712,1217.200468,186.000001,93.9,,,7.142098626975608,2.0892556487615885,405.6634395545111
0,0,0,False,0.16347858309745789,0.8365214169025421,False,0.3365214169025421,0.07929829061167033,1_0_3_3,11.96020534,0.939341799,2.689605564,2.476563345,Si1,PU,combo_001,17,391.568677,284.1658284,0.000289855,0.055286237,1123.468866,206.9,85.2,,,29.620206143717265,2.5264589290881694,388.77782801503884
1,1,1,False,0.5148748755455017,0.4851251244544983,True,0.014874875545501709,0.11605812140345516,0_1_2_3,9.955859939,1.084224751,2.175030919,2.219044836,Si1,Si1,combo_002,18,352.400788,558.2965365,-0.007432142,0.031886285,934.6432042,171.000001,79.9,,,22.092499585577226,2.358222356570076,352.950478465247
0,0,0,False,0.09108377993106842,0.9089162200689316,False,0.4089162200689316,0.05084674711568333,1_1_3_0,11.66815384,1.052190079,2.862408185,0.795309338,Si1,PU,combo_001,19,368.5306241,283.6467899,0.002542985,0.055440277,1052.784555,195.1,85.0,,,9.279791706172558,3.0117974943053967,369.22723729809525
1,1,1,False,0.8107250332832336,0.18927496671676636,False,0.31072503328323364,0.05152603014251455,3_0_2_0,14.18114692,0.963994047,2.117855449,0.716186983,Si1,PU,combo_001,20,411.674956,552.2530637,-0.001036136,0.041790829,1287.058869,172.000001,93.5,,,10.156352828114542,2.0416000452425123,413.17813929607803
1,1,1,False,0.7930440902709961,0.2069559097290039,False,0.2930440902709961,0.1336449456884138,3_1_0_0,15.15739011,1.064115728,1.128284431,0.549478437,Si1,PU,combo_001,21,422.863116,706.8851344,-0.000369785,0.03660869,1301.742068,171.000001,92.2,,,8.328659026642057,1.2006252086846307,423.9342923728642
0,0,0,False,0.004476673435419798,0.9955233265645802,False,0.4955233265645802,0.1508391472705072,2_1_1_2,12.80138498,1.383211893,1.639368801,1.7687046,Si1,Si1,combo_002,22,379.6409078,276.5945251,0.001554423,0.055418732,1094.927291,221.6,91.5,,,22.64186850049691,2.2675944225563502,377.8567678018857
1,1,0,True,0.434659481048584,0.565340518951416,True,0.06534051895141602,0.11962337527272708,3_1_1_3,15.94553706,1.026733187,1.626768593,2.359631676,Si1,Si1,combo_002,1,431.9025871,620.4693228,0.000389489,0.0338855,1397.66176,235.000001,102.7,Itr_11,,37.62559433760791,1.6702573020023959,435.08511041564554
0,0,0,False,0.08299039304256439,0.9170096069574356,False,0.4170096069574356,0.18109873888979833,3_0_2_0,15.79042276,0.834026829,2.305755691,0.787085383,Si1,Si1,combo_002,2,425.584634,282.1163819,0.000385611,0.055128346,1357.342099,237.2,101.7,,,12.428410945786517,1.9230621074134338,426.5438564878845
1,1,0,True,0.393070250749588,0.606929749250412,False,0.10692974925041199,0.13058032879286893,3_1_0_2,15.22524812,1.128244768,1.563781922,1.552518755,Si1,PU,combo_001,3,423.090562,558.3072687,-0.004086294,0.023403319,1292.402533,241.000001,101.8,,,23.63748325582849,1.7643287717894842,425.0208035068198
1,1,1,False,0.8118236660957336,0.18817633390426636,False,0.31182366609573364,0.20694241553487225,2_0_1_1,13.54262801,0.964625124,1.835068044,1.016829155,Si1,Si1,combo_002,4,403.5178991,614.2877536,-0.031294496,0.034588654,1214.383385,198.000001,92.0,,,13.77053899588763,1.7701527394919374,402.7286119308373
1,1,0,True,0.36295413970947266,0.6370458602905273,False,0.13704586029052734,0.14624429217085674,2_1_0_0,13.83083009,1.128110339,1.45900394,0.52052151,Si1,PU,combo_001,5,401.0815783,604.2902108,-0.029959247,0.033325454,1264.60819,198.000001,94.5,,,7.199244563000236,1.6459174293557357,402.51538597766313
1,1,1,False,0.6867837905883789,0.3132162094116211,False,0.1867837905883789,0.15627479128554767,1_0_1_2,11.62179194,0.975361816,2.030638544,1.5647179,Si1,Si1,combo_002,6,377.1511954,851.5228674,-0.053746407,0.036299929,1072.606033,191.000001,85.2,,,18.184825878593724,1.9806072979154359,377.2414722953096
0,0,1,True,0.55535489320755,0.44464510679244995,True,0.05535489320755005,0.11237311786106936,1_1_0_0,11.92941023,1.418116609,1.218691284,0.84228234,Si1,Si1,combo_002,7,363.9402321,283.0388204,0.000289085,0.055213099,991.1720794,191.9,82.5,,,10.047931563344338,1.7282463510839357,362.93478242809755
0,0,1,True,0.6317052245140076,0.36829477548599243,False,0.13170522451400757,0.13285130992379787,1_1_0_0,11.46786426,1.345904786,1.393179297,0.642560496,Si1,PU,combo_001,8,359.1996312,283.3602146,0.001387733,0.055227113,1009.819232,192.4,87.2,,,7.368796546966273,1.8750866835884155,359.4722349060121
1,1,1,False,0.5744800567626953,0.4255199432373047,True,0.07448005676269531,0.09562779216233551,0_1_1_0,8.890321739,1.407347745,1.583911398,0.627211353,Si1,PU,combo_001,9,321.985039,855.475796,-0.007884996,0.042834708,824.3506129,157.000001,75.4,,,5.576110726523502,2.2291141342550973,320.8288600737136
1,1,1,False,0.7068399786949158,0.29316002130508423,False,0.20683997869491577,0.1714375205946829,0_1_1_0,8.619590296,1.384475076,1.880608618,0.505064553,Si1,PU,combo_001,10,317.8520879,950.4098226,-0.00804725,0.040236251,812.4019068,157.000001,74.1,,,4.3534495198923775,2.603655759331805,317.30458720601405
0,0,1,True,0.6386120915412903,0.3613879084587097,False,0.13861209154129028,0.1730352331022167,0_1_2_2,9.809012688,1.147467315,2.306825493,1.623565428,Si1,Si1,combo_002,11,344.2835273,284.9992617,0.002124677,0.055370804,907.485866,188.0,78.4,,,15.92557388305015,2.6470068546262615,343.55583653352096
1,1,1,False,0.6543475985527039,0.34565240144729614,False,0.15434759855270386,0.07864620004222057,0_1_3_0,8.011430922,1.268178127,2.745499213,0.754546084,Si1,PU,combo_001,12,314.7397529,915.604971,0.000573407,0.042623272,787.5205953,150.000001,72.0,,,6.04499382943161,3.481782049622314,315.6050889939022
0,0,0,False,0.06913063675165176,0.9308693632483482,False,0.43086936324834824,0.1602909453987195,3_0_3_2,15.79851847,0.81630217,2.974764634,1.968132705,Si1,Si1,combo_002,13,422.3507164,282.2726162,-0.000385813,0.055142723,1326.040126,261.0,101.4,,,31.093580891353557,2.428306825973456,426.61102218335293
1,1,1,False,0.7466393709182739,0.2533606290817261,False,0.24663937091827393,0.050248490318835125,2_1_1_3,13.82273411,1.00620583,1.790432621,2.458390797,Si1,Si1,combo_002,14,410.0430417,610.7093859,-0.021867186,0.03263257,1232.876445,201.000001,95.1,,,33.981682325401984,1.8015437414723805,410.9088686005835
0,0,0,False,0.1821700930595398,0.8178299069404602,False,0.3178299069404602,0.12705886749367354,1_1_3_2,11.95191809,1.021163494,2.607262379,1.988645842,Si1,PU,combo_001,15,384.0593015,283.0493787,0.000289648,0.055266555,1091.929378,208.0,86.1,,,23.76813221360308,2.6624411607143923,383.4853505916269
0,0,0,False,0.1989157497882843,0.8010842502117157,False,0.3010842502117157,0.08762719105084019,0_1_3_3,9.898883989,1.131391553,2.800944817,2.195038995,Si1,PU,combo_001,16,351.6759131,284.9351604,0.002144898,0.055395352,926.4036904,188.0,78.9,,,21.72843636283615,3.168965306372931,352.24446060060546
1,1,1,False,0.8161452412605286,0.18385475873947144,False,0.31614524126052856,0.05080734413139104,0_1_0_2,9.732774756,1.406774439,1.207200124,1.78279601,Si1,Si1,combo_002,17,340.0616216,842.1475801,-0.000234169,0.04378965,874.5007472,153.000001,74.0,,,17.35155200122552,1.6982582772008308,337.887152562657
0,0,0,False,0.03848946839570999,0.96151053160429,False,0.46151053160429,0.051435153099662054,2_0_3_3,12.2534962,0.826636628,2.848439144,2.28577932,Si1,Si1,combo_002,18,387.6853639,284.1774052,0.001485937,0.055388428,1096.344819,211.6,88.3,,,28.008788211658587,2.3546241290593666,387.246573037318
0,0,0,False,0.014816311188042164,0.9851836888119578,False,0.48518368881195784,0.11233926237871912,3_0_3_0,15.95647377,0.778056111,2.868213498,0.867821673,Si1,Si1,combo_002,19,421.8927646,278.8808567,-0.000389762,0.055033323,1348.402138,242.7,101.9,,,13.847373762262018,2.231631039771586,424.3767325444814
0,0,0,False,1.450023546567536e-06,0.9999985499764534,False,0.49999854997645343,0.13616466931181706,2_1_3_1,13.41078666,1.252787801,2.868640587,1.368568303,Si1,Si1,combo_002,20,377.417595,270.6004424,-0.00032612,0.055144059,1087.795474,222.9,94.4,,,18.353577541171237,3.593797932847079,377.83629709693474
0,0,0,False,0.36738428473472595,0.632615715265274,False,0.13261571526527405,0.1220597314709077,0_1_1_1,8.834276558,1.405655645,1.664326357,1.080594271,Si1,Si1,combo_002,1,320.39538,284.6702831,0.000211707,0.05527191,818.2579673,174.6,75.6,Itr_12,,9.546268637004399,2.3394697388393353,320.8105974929419
0,0,0,False,0.26384538412094116,0.7361546158790588,False,0.23615461587905884,0.1468200604808733,0_1_0_2,8.000699442,1.442127184,1.234133881,1.702531762,Si1,PU,combo_001,2,309.0331,279.9039,0.000954338,0.05542579,750.4929,145.6,67.4,,,13.621444918220677,1.7797780184855212,312.3444188282824
0,0,0,False,0.2013658583164215,0.7986341416835785,False,0.2986341416835785,0.07099941083471126,0_1_0_1,8.530699846,1.405443508,1.556360553,1.30450125,Si1,Si1,combo_002,3,318.4406306,284.8888426,0.000204118,0.055305863,800.6483942,169.8,74.8,,,11.128308612481806,2.18737683532114,318.16490583133924
0,0,0,False,0.37311697006225586,0.6268830299377441,False,0.12688302993774414,0.0866293230500714,0_1_1_1,8.433879441,1.386859591,1.691180288,1.399091405,Si1,Si1,combo_002,4,318.825451,284.4444809,0.000201697,0.055382489,797.0317135,170.4,74.3,,,11.799768236709305,2.345429602522942,318.17357868504774
0,0,1,True,0.5715683102607727,0.4284316897392273,True,0.0715683102607727,0.157434411732986,2_1_1_0,13.58015275,1.02959112,1.735598712,0.547709353,Si1,Si1,combo_002,5,398.2759919,283.1232822,-0.000330354,0.055169361,1211.89895,205.8,92.7,,,7.437976676343671,1.7869570217586377,397.0641401665564
0,0,0,False,0.4311223030090332,0.5688776969909668,True,0.0688776969909668,0.08023336775955686,3_1_0_0,15.43204463,1.011611763,1.511257053,0.842051756,Si1,Si1,combo_002,6,425.4579247,282.6806659,-0.002636557,0.055245523,1368.989533,233.6,101.0,,,12.994580279361871,1.5288054117315146,423.3479559201865
0,0,1,True,0.9061741828918457,0.0938258171081543,False,0.4061741828918457,0.07970091196833881,2_1_0_3,13.56984832,1.285849676,1.230932822,2.248952107,Si1,PU,combo_001,7,401.4340156,283.5066612,-0.000330096,0.055147989,1151.524,208.4,87.3,,,30.517938970934413,1.5827945703464656,399.6330050008095
0,0,1,True,0.5511575937271118,0.4488424062728882,True,0.051157593727111816,0.05079141199449191,3_0_2_1,15.3900785,0.877107358,2.076726158,1.075074089,Si1,Si1,combo_002,8,426.0813668,280.9251462,-0.002629214,0.055168946,1344.093891,227.3,98.8,,,16.545474623025985,1.8215117937328704,424.62164455597065
1,1,1,False,0.8942974209785461,0.10570257902145386,False,0.39429742097854614,0.050861244648606696,3_1_0_3,14.60175929,1.273100938,1.117842813,2.059093284,Si1,PU,combo_001,9,414.16661,551.5537067,0.024556686,0.035233506,1232.222454,193.000001,91.0,,,30.066384488623605,1.4231267337668585,412.74312987873793
0,0,0,False,0.2791876792907715,0.7208123207092285,False,0.22081232070922852,0.05659481973799337,1_1_1_0,11.62721671,1.157323158,1.9837635,0.539633266,Si1,PU,combo_001,10,366.2313561,324.7668749,0.001407652,0.055339982,1062.53419,187.5,85.1,,,6.274432927707075,2.295855438545133,367.2420172124531
1,1,0,True,0.36200544238090515,0.6379945576190948,False,0.13799455761909485,0.07968987022537871,1_2_0_0,10.52217759,1.498971496,1.208872459,0.716301,Si1,PU,combo_001,11,339.1821684,545.8604855,0.013964748,0.040370816,909.7211744,158.000001,75.7,,,7.53704632989459,1.8120653583404287,340.0452522781716
0,0,1,True,0.5610784888267517,0.4389215111732483,True,0.06107848882675171,0.05056561199187277,1_1_0_0,11.44851295,1.367359986,1.371496994,0.929509814,Si1,PU,combo_001,12,360.1694655,284.6661768,0.001385314,0.05517922,1011.06248,194.9,87.6,,,10.641505142731091,1.875330110514882,361.1509439724619
0,0,0,False,0.29691532254219055,0.7030846774578094,False,0.20308467745780945,0.16122550257449036,3_1_0_3,15.95698005,1.087970087,1.496018536,2.003631739,Si1,Si1,combo_002,13,432.543957,280.4812085,-0.000389775,0.055034215,1401.79728,251.5,103.8,,,31.971911686769804,1.6276234167655326,429.4175658207703
1,1,0,True,0.35495269298553467,0.6450473070144653,False,0.14504730701446533,0.10453986395896069,2_0_3_3,13.89797778,0.946555867,2.71514234,2.307201721,Si1,PU,combo_001,14,411.9987185,563.6084711,-0.02740226,0.030785255,1233.336452,214.000001,93.8,,,32.06543825243576,2.570033911667109,412.087531290148
0,0,0,False,0.23841670155525208,0.7615832984447479,False,0.2615832984447479,0.0642474847851596,1_0_3_3,11.8712211,0.914029486,2.803032242,2.377761775,Si1,PU,combo_001,15,387.5689237,284.8071915,-0.001438153,0.05536253,1099.603287,206.2,85.0,,,28.226935754153455,2.5620541193966875,387.5485639776119
0,0,1,True,0.9276582598686218,0.07234174013137817,False,0.4276582598686218,0.11044405477632449,0_0_3_3,9.856193573,0.97947452,2.638308365,2.260035473,Si1,Si1,combo_002,16,353.4216803,320.7323479,0.001660783,0.055271551,926.1419907,175.1,76.7,,,22.275347103734614,2.5841558194203595,353.02770462885474
0,0,1,True,0.538926899433136,0.461073100566864,True,0.038926899433135986,0.05080558801542252,1_1_1_3,11.54479058,1.039343993,1.981622731,2.472143787,Si1,Si1,combo_002,17,377.7188952,284.0571601,0.001397349,0.055417508,1050.522436,205.5,85.7,,,28.540382304563128,2.0595876818571046,377.6894919512365
0,0,0,False,0.11704200506210327,0.8829579949378967,False,0.38295799493789673,0.05160719273332825,0_2_0_1,8.830842911,1.524980666,1.158366847,1.311022279,Si1,PU,combo_001,18,315.9648633,282.7914686,0.000211621,0.05526073,794.3139057,158.5,70.8,,,11.577431798670213,1.76648704581038,316.0987637672108
1,1,1,False,0.7090235948562622,0.2909764051437378,False,0.2090235948562622,0.13454476919483643,3_1_0_3,14.59372851,1.282098146,1.108170785,2.474137534,Si1,PU,combo_001,19,415.3947849,829.1577297,0.039481951,0.035925018,1228.536989,205.000001,91.2,,,36.106891467596895,1.4207837088998647,415.5229807383665
0,0,0,False,1.2519498682195263e-07,0.9999998748050132,False,0.4999998748050132,0.20881572933226727,3_3_1_3,15.3384972,1.9944429,1.643545784,2.019812948,Si1,Si1,combo_002,20,380.5860914,260.772311,0.000374313,0.055074813,1156.939362,260.0,105.9,,,30.98089524742175,3.2779582197237334,379.60632193929587
0,0,1,True,0.5287026762962341,0.47129732370376587,True,0.02870267629623413,0.13708840838811084,0_1_2_0,8.523008835,1.390125134,2.257551397,0.524499338,Si1,PU,combo_001,1,314.6246375,284.9340496,0.000203925,0.055279909,803.5923663,170.2,73.8,Itr_13,,4.470312491725652,3.138278938266512,314.3748323621697
1,1,1,False,0.7136098742485046,0.28639012575149536,False,0.21360987424850464,0.1445471632421059,0_0_3_3,9.908486069,0.871015319,2.992445722,2.076477538,Si1,Si1,combo_002,2,356.8875734,683.9524969,0.000238562,0.032205904,944.6969692,159.000001,76.2,,,20.574748757864416,2.606466065138015,355.64355682507875
0,0,0,False,0.23232686519622803,0.767673134803772,False,0.267673134803772,0.11097039969753969,3_1_0_1,15.82205939,1.25115508,1.152579589,1.36572838,Si1,PU,combo_001,3,425.5249852,279.7201806,0.000386402,0.055184507,1318.134937,225.4,94.7,,,21.60863553896849,1.4420558078816619,425.458347231679
1,1,1,False,0.797188937664032,0.20281106233596802,False,0.297188937664032,0.11367583409328176,2_1_0_1,12.67741792,1.320681163,1.140566862,1.033162319,Si1,PU,combo_001,4,383.5093155,826.0028597,0.044013319,0.039088752,1077.526625,177.000001,84.0,,,13.097830497159357,1.5063251697854205,382.6866154281078
1,1,0,True,0.4920108914375305,0.5079891085624695,True,0.007989108562469482,0.12060154501813009,3_1_0_1,14.32242197,1.3065989,1.119789726,1.224610451,Si1,PU,combo_001,5,406.429017,822.1314077,0.028959572,0.035937782,1199.607478,183.000001,90.3,,,17.53938762809401,1.4631160242229015,407.19961269939887
1,1,1,False,0.7062441110610962,0.2937558889389038,False,0.2062441110610962,0.11044405477632449,1_0_2_3,10.4486565,0.920344446,2.522838456,2.16739001,Si1,Si1,combo_002,6,363.7575388,888.7778382,-0.001260333,0.042095106,973.6789202,191.000001,81.6,,,22.646313716021567,2.3218803611348156,363.684811730272
1,1,1,False,0.6866534948348999,0.3133465051651001,False,0.1866534948348999,0.11605812140345516,1_0_2_3,10.45777986,0.983210009,2.272228454,2.351183993,Si1,Si1,combo_002,7,363.0494392,652.7951,-0.00227065,0.03607811,972.9754624,189.0,81.7,,,24.58816460914978,2.234077758707396,363.61767732545155
1,1,1,False,0.9213016629219055,0.07869833707809448,False,0.4213016629219055,0.10512209938561412,1_1_0_3,11.38423132,1.216365206,1.509114886,2.482529496,Si1,PU,combo_001,8,374.3265756,813.984449,0.006335482,0.033881057,1037.723189,191.000001,86.4,,,28.261690041187016,1.8356348391870567,375.67361160401924
0,0,1,True,0.7037535309791565,0.2962464690208435,False,0.2037535309791565,0.0863216847537366,0_1_2_1,8.047564948,1.301436833,2.420675461,1.453759372,Si1,PU,combo_001,9,320.4419458,315.5181735,0.000192039,0.045129165,788.9218757,161.7,72.5,,,11.699222964933691,3.150356205684655,319.68890488191465
1,1,0,True,0.40849485993385315,0.5915051400661469,True,0.09150514006614685,0.18406603521627968,3_1_0_2,14.91469581,1.306795725,1.139216094,1.686125992,Si1,PU,combo_001,10,412.0282888,793.3528097,0.036008033,0.033098293,1247.310061,210.000001,92.1,,,25.148056268014493,1.4887227214903982,414.4111203874472
1,1,1,False,0.9087543487548828,0.09124565124511719,False,0.4087543487548828,0.17871784614890568,2_1_0_2,12.28849609,1.343888698,1.122329911,1.802071426,Si1,PU,combo_001,11,383.7207112,550.350995,0.042026798,0.035469426,1048.197676,183.000001,83.2,,,22.144747672301726,1.5082864828202458,380.5208665352183
1,1,1,False,0.9133857488632202,0.08661425113677979,False,0.4133857488632202,0.11367583409328176,2_1_0_0,12.74489052,1.242885034,1.301195327,0.903689986,Si1,PU,combo_001,12,386.3227776,590.1171211,-0.034970367,0.039302979,1089.708045,169.000001,83.9,,,11.517429935590332,1.6172361982390362,386.2535094194094
1,1,0,True,0.4637685716152191,0.5362314283847809,True,0.036231428384780884,0.07188308900079783,0_1_3_0,8.477532287,1.29458051,2.668982936,0.909657101,Si1,PU,combo_001,13,320.2478613,859.4643237,-0.000202788,0.04400505,817.1347456,168.000001,73.4,,,7.711647443826321,3.4552132904681776,320.62704180585274
0,0,0,False,0.15847642719745636,0.8415235728025436,False,0.34152357280254364,0.12751173920467918,3_1_1_3,15.95600472,1.135578983,1.81840891,2.471386219,Si1,PU,combo_001,14,427.7191048,283.3802745,0.00038975,0.0550325,1344.884375,261.5,104.0,,,39.43345017530696,2.064946940695939,431.9749915843587
1,1,1,False,0.638512909412384,0.36148709058761597,False,0.13851290941238403,0.11608968840424563,2_0_2_1,13.90001521,0.900571293,2.151506023,1.325136728,Si1,Si1,combo_002,15,408.3690008,649.1917943,-0.007782062,0.030113195,1226.021479,196.000001,94.4,,,18.419420674529633,1.937584561030398,408.3194825912669
0,0,1,True,0.6594177484512329,0.3405822515487671,False,0.1594177484512329,0.07511257251029836,1_0_2_3,11.92461479,0.95514946,2.364268424,2.411380054,Si1,PU,combo_001,16,390.4601562,284.4400479,-0.001444827,0.055201711,1101.777022,207.1,86.3,,,28.754778256239398,2.258229708478651,389.88464527871645
1,1,1,False,0.8697061538696289,0.1302938461303711,False,0.3697061538696289,0.08204045154131101,0_1_3_2,9.924840313,1.008329066,2.549614523,1.853179807,Si1,Si1,combo_002,17,351.9735932,583.4715913,0.000238971,0.041341983,934.4247136,185.000001,79.0,,,18.392513655751163,2.570850430636625,351.34359606022053
1,1,1,False,0.5269380807876587,0.4730619192123413,True,0.02693808078765869,0.05056561199187277,1_1_0_1,11.47681446,1.342707332,1.348814284,1.024376147,Si1,PU,combo_001,18,363.0088093,798.7496382,0.01583291,0.042498864,1018.238846,204.000001,87.6,,,11.756574976368684,1.8110628286331303,363.12937805990066
1,1,0,True,0.4506670832633972,0.5493329167366028,True,0.04933291673660278,0.050861244648606696,3_1_0_3,14.49967626,1.302782569,1.181483196,2.124877119,Si1,PU,combo_001,19,410.3205514,669.4295419,-0.028620702,0.034980858,1215.414977,194.000001,90.6,,,30.810030317781496,1.5392157133152105,412.03737204920327
1,1,1,False,0.9160512089729309,0.08394879102706909,False,0.4160512089729309,0.1811725269642733,0_1_3_3,8.033887156,1.060719416,2.999526368,2.337111353,Si1,Si1,combo_002,20,330.1362584,1000.869636,0.000191697,0.043131881,818.3473795,160.000001,72.0,,,18.776088881008484,3.181655857341561,327.39810472320937
1,1,1,False,0.9815832376480103,0.018416762351989746,False,0.48158323764801025,0.1838932167589141,0_0_3_2,8.126060748,0.969243702,2.740169379,1.970847585,Si1,PU,combo_001,21,343.0519394,814.7061232,0.008342065,0.047142365,844.5411954,130.000001,72.1,,,16.015227200759096,2.6558919130090013,340.0220731289428
0,0,0,False,0.18793722987174988,0.8120627701282501,False,0.3120627701282501,0.10316205194784213,2_0_3_1,12.83018789,0.766444423,2.981181108,1.311030195,Si1,Si1,combo_002,1,393.662206,282.5414595,-0.000311605,0.055171214,1132.925759,210.1,89.6,Itr_14,,16.82076373131334,2.2849096341795607,393.4242865455021
1,1,1,False,0.8095449209213257,0.19045507907867432,False,0.3095449209213257,0.0947790207977364,1_1_0_3,10.36478264,1.426550325,1.286127271,2.385613689,Si1,PU,combo_001,2,350.3697877,619.6788001,0.012748445,0.0352457,917.6645934,165.000001,75.0,,,24.726367349493557,1.834725276436413,351.31466926965084
0,0,0,False,0.38632047176361084,0.6136795282363892,False,0.11367952823638916,0.13058032879286893,3_1_1_2,15.922578,1.121647371,1.691874436,1.692480482,Si1,PU,combo_001,3,432.8030357,280.3708268,0.000388915,0.05536293,1347.264406,243.9,104.3,,,26.948652488122594,1.8976865132015075,429.3481548397125
1,1,1,False,0.7834901213645935,0.2165098786354065,False,0.2834901213645935,0.10770161539287317,1_1_0_3,10.67452617,1.305046211,1.573172912,2.43245549,Si1,PU,combo_001,4,359.4535684,540.5069,0.008504537,0.03169873,974.8746104,186.0,83.6,,,25.965309785365175,2.0530633480534366,360.82421582336866
0,0,0,False,0.18872059881687164,0.8112794011831284,False,0.31127940118312836,0.08214501550113958,0_1_2_3,8.022530915,1.29668216,2.399743787,2.474092454,Si1,PU,combo_001,5,324.743269,284.2436979,-0.000957066,0.055313508,791.0811433,166.5,72.3,,,19.848483198783217,3.11170495717374,323.49442566537186
0,0,0,False,0.3867817521095276,0.6132182478904724,False,0.11321824789047241,0.1336449456884138,3_1_0_0,15.69350685,1.077986567,1.243725997,0.745746559,Si1,Si1,combo_002,6,421.5364428,284.4300909,-0.000383188,0.055339518,1313.349764,217.5,95.4,,,11.70337873203043,1.3407199177946822,424.96836409823067
0,0,0,False,0.16143491864204407,0.8385650813579559,False,0.33856508135795593,0.10611476607742155,3_1_0_1,15.9761257,1.222839799,1.177721119,1.116553913,Si1,PU,combo_001,7,426.5432755,280.6252623,-0.000390253,0.055067728,1339.020963,225.6,94.9,,,17.838205664914863,1.440164256436015,427.2372937020467
1,1,1,False,0.6306433081626892,0.3693566918373108,False,0.1306433081626892,0.16781699772155775,1_1_0_3,10.24339621,1.474019656,1.134344993,2.076379214,Si1,Si1,combo_002,8,346.1318624,544.2756492,0.014075295,0.033830095,893.1528329,169.000001,76.0,,,21.26917497121038,1.6720468163671824,344.8661251459856
0,0,0,False,0.4741820693016052,0.5258179306983948,True,0.025817930698394775,0.1470798078044711,0_1_0_3,8.023007605,1.445981956,1.291267724,2.286789773,Si1,PU,combo_001,9,317.1899977,283.3838751,0.000957126,0.055315236,773.8716092,153.9,71.6,,,18.346931739815226,1.867149829269188,312.7168258293518
0,0,1,True,0.8734768629074097,0.12652313709259033,False,0.37347686290740967,0.10790357685442692,0_2_0_3,9.214904316,1.487747242,1.121347953,2.341592258,Si1,Si1,combo_002,10,328.137013,318.3763457,-0.000663668,0.055402813,822.028527,164.5,72.0,,,21.577548604556384,1.6682823243980955,328.5206268078241
1,1,0,True,0.48887190222740173,0.5111280977725983,True,0.011128097772598267,0.09434233942992533,0_1_0_3,9.031629437,1.413890969,1.43167797,2.295319513,Si1,PU,combo_001,11,333.8837228,509.5177286,-0.002383048,0.035745724,840.0520184,165.000001,76.3,,,20.7304752809313,2.024236552299253,333.0347652972796
0,0,0,False,0.489475816488266,0.510524183511734,True,0.010524183511734009,0.04780145889435185,2_0_3_1,12.3592988,0.923711392,2.984613787,1.248060785,Si1,PU,combo_001,12,387.6118151,284.3811575,0.001499162,0.055334587,1119.876363,204.6,86.5,,,15.425156162377558,2.756921755772161,387.4363461258153
0,0,1,True,0.6101885437965393,0.3898114562034607,False,0.1101885437965393,0.0501666526550182,3_0_2_3,15.95863584,0.911694388,2.227029845,2.095969998,Si1,Si1,combo_002,13,432.620553,278.7054255,0.000389816,0.05503712,1368.399005,253.4,103.1,,,33.44882192964753,2.03037061159501,431.2682217980647
1,1,1,False,0.7525236010551453,0.24747639894485474,False,0.25252360105514526,0.06410008581409167,2_0_2_3,13.97079819,0.922620001,2.152096763,2.146208097,Si1,Si1,combo_002,14,412.0687837,613.112692,-0.03095092,0.03095092,1225.491617,219.000001,94.9,,,29.984240196930948,1.9855675176311565,412.41760963625603
1,1,0,True,0.17401021718978882,0.8259897828102112,False,0.3259897828102112,0.06756561503441992,1_1_2_3,11.96952353,1.040960707,2.077628019,2.348285194,Si1,PU,combo_001,15,387.970129,817.7391713,-0.003771145,0.04728436,1122.252561,222.000001,86.0,,,28.107854884733612,2.1627291315412496,387.3081548724257
0,0,0,False,0.2552734613418579,0.7447265386581421,False,0.2447265386581421,0.08018674101561706,0_1_3_3,9.75774974,1.117252053,2.905962985,2.448143761,Si1,PU,combo_001,16,351.720736,283.4756571,0.001643556,0.055220869,917.3763187,187.7,77.9,,,23.888374147380368,3.246693110933258,351.40769661246605
1,1,1,False,0.9429832696914673,0.057016730308532715,False,0.4429832696914673,0.050048509084201914,3_0_2_3,14.19010525,0.747645729,2.510451816,2.005042474,Si1,Si1,combo_002,17,419.3197946,521.8949337,-0.005875247,0.0376707,1248.904081,193.000001,94.6,,,28.45176373678039,1.8769285780926939,417.6830108838626
0,0,0,False,0.2426658570766449,0.7573341429233551,False,0.2573341429233551,0.050248490318835125,2_1_1_3,13.91843298,1.061917514,1.768801922,2.381546638,Si1,Si1,combo_002,18,409.607232,284.1540236,-0.000338811,0.055193671,1228.568673,229.2,95.7,,,33.14739726974732,1.8783217397686618,409.0180739745685
1,1,1,False,0.6692701578140259,0.3307298421859741,False,0.16927015781402588,0.09052447927487049,1_1_0_3,10.25891648,1.458741784,1.112643983,2.456183918,Si1,Si1,combo_002,19,350.5302388,900.2047432,0.001731261,0.037840419,899.8575433,164.000001,76.0,,,25.197785674281167,1.6230602687182856,347.1984293765753
1,1,1,False,0.7315688729286194,0.2684311270713806,False,0.23156887292861938,0.09142503651189887,3_0_2_3,14.6901419,0.9241333,2.12238134,2.225109639,Si1,Si1,combo_002,20,418.0872281,654.2686246,0.023276728,0.026141556,1279.259615,234.000001,97.7,,,32.68717633996777,1.9613632715926221,421.0801306409828
1,1,0,True,0.2402220219373703,0.7597779780626297,False,0.2597779780626297,0.07243871757369491,0_1_3_0,8.188685296,1.302146721,2.847193383,0.609642001,Si1,PU,combo_001,1,313.5229227,797.1138711,-0.000195567,0.042829228,796.6777915,157.000001,72.6,Itr_15,,4.992166489412717,3.7074635277263472,314.07939854701124
0,0,0,False,0.2615620493888855,0.7384379506111145,False,0.2384379506111145,0.0962731927621994,1_1_2_0,11.39693364,1.019987694,2.470606628,0.571700559,Si1,Si1,combo_002,2,360.2838687,283.9217104,0.002481959,0.055327325,1021.990663,194.3,84.8,,,6.515633332873906,2.5199883572748356,360.83557186277216
0,0,1,True,0.876086413860321,0.12391358613967896,False,0.37608641386032104,0.13099473311439344,0_1_3_0,8.77886552,1.244655547,2.929281429,0.94306076,Si1,PU,combo_001,3,326.1412194,284.6827378,0.000210322,0.055302149,842.6612191,176.5,74.3,,,8.279003589228996,3.6459463793289366,326.06570326196146
0,0,0,False,0.3616548180580139,0.6383451819419861,False,0.13834518194198608,0.13523198185291702,1_1_3_0,10.33454459,1.031869141,2.755626371,0.909024841,Si1,Si1,combo_002,4,347.4162976,322.1277011,0.002242922,0.055412699,933.806832,180.4,81.1,,,9.39435775273216,2.8434458163607172,346.6939823739196
0,0,1,True,0.6054401397705078,0.3945598602294922,False,0.10544013977050781,0.08433540704488061,3_1_0_3,15.99171086,1.220121637,1.236188073,2.189629733,Si1,PU,combo_001,5,429.4192024,284.3780376,-0.000390643,0.055094993,1335.397517,243.8,95.8,,,35.015925580594995,1.5082998152686358,431.02074578080857
0,0,1,True,0.6867905855178833,0.3132094144821167,False,0.1867905855178833,0.13206165890395097,1_1_3_0,10.36103421,1.183622019,2.562877205,0.501082972,Si1,PU,combo_001,6,344.2650908,319.6183779,0.002248882,0.055236333,946.2669628,182.4,81.1,,,5.191737814940471,3.033477891831177,344.8390227278744
0,0,1,True,0.587448239326477,0.41255176067352295,True,0.08744823932647705,0.0863216847537366,0_1_2_2,8.426081328,1.249142839,2.34117385,1.559177941,Si1,Si1,combo_002,7,322.5835997,317.1036348,0.000201502,0.03727787,816.39577,165.8,73.6,,,13.137760135689586,2.92446054958156,322.8640041192316
0,0,1,True,0.5178738832473755,0.4821261167526245,True,0.01787388324737549,0.08558073490039868,2_1_1_2,13.8111216,1.168099736,1.607577976,1.613515909,Si1,PU,combo_001,8,405.370214,284.7561514,-0.000336128,0.055312496,1249.734072,218.1,94.2,,,22.284464422733535,1.8778114093650145,405.89111731327006
0,0,0,False,0.3862578272819519,0.6137421727180481,False,0.1137421727180481,0.08112092655281615,2_1_0_0,13.83465753,1.323913431,1.161420421,0.708937873,Si1,PU,combo_001,9,394.8581367,284.6295895,-0.000336717,0.055360753,1155.097732,195.3,88.5,,,9.807912683001634,1.5376200943995746,396.5953523040946
1,1,0,True,0.318448007106781,0.681551992893219,False,0.181551992893219,0.1262286198573937,3_1_1_1,14.90671604,1.089041367,1.710663542,1.166417884,Si1,PU,combo_001,10,418.0265457,575.9967312,-0.004725734,0.026536814,1356.25617,223.000001,99.4,,,17.387460180765657,1.8629833622567422,420.512528659331
0,0,0,False,0.2790665328502655,0.7209334671497345,False,0.2209334671497345,0.1534296325287281,3_1_0_0,14.71266792,1.290744923,1.128600555,0.934253776,Si1,PU,combo_001,11,412.3378578,278.4029059,0.002510667,0.05536734,1231.507514,202.4,91.3,,,13.745365559294067,1.4567354364612324,409.2272547001701
1,1,0,True,0.36939001083374023,0.6306099891662598,False,0.13060998916625977,0.1018115951058267,0_1_3_3,9.215553207,1.030230631,2.83763343,2.21856746,Si1,Si1,combo_002,12,343.9917287,884.6675654,-0.000663716,0.033407051,899.2873301,169.000001,75.6,,,20.445326470948842,2.923416879135594,342.24917127022314
1,1,0,True,0.35567325353622437,0.6443267464637756,False,0.14432674646377563,0.08112092655281615,2_1_0_0,13.20157771,1.291916248,1.158714974,0.693410145,Si1,Si1,combo_002,13,385.8573557,523.4242818,-0.03497695,0.038827623,1106.265948,180.000001,86.8,,,9.154107914119868,1.4969627017114975,385.4755052072393
0,0,0,False,0.23997239768505096,0.760027602314949,False,0.26002760231494904,0.13579402412212538,3_1_1_0,15.90461825,1.01774187,1.988220626,0.905499396,Si1,PU,combo_001,14,430.6416342,279.5733235,-0.000388466,0.055331051,1430.789635,230.6,102.8,,,14.401622218985576,2.023495377877811,430.6635582910185
1,1,0,True,0.3151257634162903,0.6848742365837097,False,0.18487423658370972,0.11781135592417989,2_1_1_2,13.78827943,0.993421515,1.968216644,1.795952945,Si1,Si1,combo_002,15,406.8697406,795.3067769,-0.035233485,0.030535687,1217.171392,214.000001,94.7,,,24.76310104879142,1.9552687603306955,406.88567108080355
0,0,0,False,0.28335878252983093,0.7166412174701691,False,0.21664121747016907,0.07511257251029836,1_1_2_3,11.92960808,1.018791577,2.265075421,2.498635419,Si1,PU,combo_001,16,387.4468928,284.1876491,-0.001445451,0.055213569,1113.687633,208.9,85.4,,,29.807741283476588,2.307639760184529,387.31030973862653
1,1,0,True,0.240304633975029,0.759695366024971,False,0.259695366024971,0.14078713105938462,0_1_1_2,9.968852794,1.219175002,1.963147328,1.942087813,Si1,Si1,combo_002,17,346.3551517,631.8720099,-0.000720214,0.036730901,917.9495999,186.000001,80.3,,,19.3603875208184,2.3934201475406947,347.1181518469764
1,1,1,False,0.9415260553359985,0.058473944664001465,False,0.44152605533599854,0.0501666526550182,3_0_2_3,15.83482738,0.822949659,2.259910456,2.09003883,Si1,Si1,combo_002,18,430.9939439,527.7374224,0.000386721,0.039058796,1374.61527,220.000001,100.1,,,33.09540409054717,1.8597925391357344,435.9610601902899
0,0,1,True,0.9227644205093384,0.07723557949066162,False,0.4227644205093384,0.05079141199449191,3_0_2_1,15.62041874,0.814826059,2.07748836,1.130961718,Si1,Si1,combo_002,19,433.3659193,284.7037199,-0.000381361,0.055207956,1382.838137,232.7,99.5,,,17.666095614069796,1.6927916529971732,430.123019840909
0,0,0,False,1.0046478508910183e-20,1.0,False,0.5,0.6492958274425368,3_3_3_3,15.72499048,2.453613854,2.946297473,2.498806103,Si1,Si1,combo_002,20,354.3964287,246.3858116,-0.000383975,0.055396182,1050.323025,285.4,109.0,,,39.293702181040906,7.229076297757991,362.229784992775
0,0,0,False,2.267444720871481e-08,0.9999999773255528,False,0.4999999773255528,0.23404563195319092,3_2_1_0,14.54523908,1.800429488,1.954835035,0.967459446,Si1,PU,combo_001,21,378.6270346,266.4285765,0.002481367,0.055399518,1148.717581,230.3,99.1,,,14.071928942274349,3.519542641189512,375.09409188100136
