input_csv,input_n,batch_size,selected_model,gp_score,mlp_score,gp_composite_score,mlp_composite_score,holdout_accuracy,holdout_precision,holdout_recall,holdout_f1,holdout_tp,holdout_fn,holdout_tn,holdout_fp,holdout_tmax_rmse,holdout_tmax_r2,holdout_tmax_n,boundary_count,notp_high_tmax_count,uncertainty_sparse_count,random_check_count,fill_mixed_count,n_unique_combos_selected,uncertainty_metric_source,uncertainty_high_threshold,uncertainty_mean,uncertainty_p90,uncertainty_high_ratio,itr_num,itr_folder,is_current_run
Initial_dataset.csv,140,23,gp,0.9481828492293467,,,,0.94,0.9333333333333333,0.9333333333333333,0.9333333333333333,42,3,52,3,2.258178591899635,0.9961806191265332,55,17,3,2,1,0,10,clf_uncertainty_scaled,0.7,0.5433533670844651,0.7167204052246123,0.17391304347826086,1,Itr_1,False
Itr_1_dataset.csv,163,23,gp,0.9311210097970684,,,,0.92,0.9111111111111111,0.9111111111111111,0.9111111111111111,41,4,51,4,2.2801394917661857,0.9961059705620415,55,17,3,2,1,0,7,clf_uncertainty_scaled,0.7,0.5641221920858129,0.7215786820088367,0.17391304347826086,2,Itr_2,False
Itr_2_dataset.csv,186,23,gp,0.9056323441136693,,,,0.96,0.9555555555555556,0.9555555555555556,0.9555555555555556,43,2,53,2,2.3552825989035138,0.9958450821241859,55,17,3,2,1,0,7,clf_uncertainty_scaled,0.7,0.6527696911712776,0.8611772992982147,0.4782608695652174,3,Try_1_current,True
