{
  "model_mode": "auto",
  "selected_model": "gp",
  "reason": "MLP is not eligible. Falling back to GP.",
  "gp_cv_result": {
    "fold_count": 5,
    "accuracy_mean": 0.9642857142857142,
    "accuracy_std": 0.03194382824999698,
    "accuracy": 0.9642857142857142,
    "tp_precision_mean": 0.9639705882352942,
    "tp_precision_std": 0.047447840602652,
    "tp_precision": 0.9639705882352942,
    "tp_recall_mean": 0.9733333333333334,
    "tp_recall_std": 0.05333333333333332,
    "tp_recall": 0.9733333333333334,
    "tp_f1_mean": 0.96676267281106,
    "tp_f1_std": 0.030084128537586026,
    "tp_f1": 0.96676267281106,
    "tmax_mae_mean": 1.9081923253529864,
    "tmax_mae_std": 0.1539516482831332,
    "tmax_mae": 1.9081923253529864,
    "tmax_rmse_mean": 2.2676615720475355,
    "tmax_rmse_std": 0.16626925846507917,
    "tmax_rmse": 2.2676615720475355,
    "tmax_r2_mean": 0.9958686145698502,
    "tmax_r2_std": 0.00238258858730485,
    "tmax_r2": 0.9958686145698502,
    "weighted_mean_score": 0.9713621351766513,
    "weighted_std_score": 0.04635857189460913,
    "stable_score": 0.9481828492293467,
    "cv_splits": 5
  },
  "gp_score": 0.9481828492293467,
  "mlp_eligibility": {
    "n_total": 140,
    "n_notp": 64,
    "n_tp": 76,
    "min_combo_count": 10,
    "torch_available": true,
    "notp_total": false,
    "notp_count": false,
    "tp_count": false,
    "combo_floor": true,
    "torch_ready": true,
    "eligible": false
  },
  "mlp_cv_result": null,
  "mlp_score": null,
  "gp_holdout_result": null,
  "mlp_holdout_result": null,
  "composite_weights": {
    "cv": 0.3,
    "holdout": 0.7
  },
  "gp_composite_score": null,
  "mlp_composite_score": null,
  "tuned_gp_params": {
    "kernel": "Matern32",
    "constant": 1.5751320499779735,
    "length_scale": 0.8066708658064159
  },
  "tuned_mlp_params": null,
  "tuned_tmax_params": {
    "kernel": "Matern32",
    "constant": 0.514773223583074,
    "length_scale": 3.1501021796574915,
    "noise_level": 1.2649934299374104e-05,
    "alpha": 9.952508755176829e-05,
    "normalize_y": true
  }
}