TP_NoTP,actual_label,oof_predicted_label,oof_is_error,oof_p_tp,oof_p_notp,is_boundary_band,ptp_distance_from_boundary,local_nn_dist,coverage_cell_key,A_Cell_D,C_Barrier_Thx,E_Barrier_Outer_Thx,F_ThermalResin_Thx,B_Barrier_Type,D_Barrier_Outer_Type,discrete_combo_id,Eval#,MaxT_TB,MaxT_Adj,MaxT_Adj_Y,MaxT_Adj_Z,Max_Power,Time_MaxT,Time_Max_Power,Time_TP,Unnamed: 16,CellD_x_Resin,Barrier_x_Outer,oof_tmax_pred
0,0,0,False,2.3934537239256315e-05,0.9999760654627607,False,0.49997606546276074,0.17191881676321452,2_1_3_3,12.49516417,1.065685793,2.757777081,2.472249461,Si1,Si1,combo_002,1,360.9369783,265.2215126,0.001516146,0.055343849,1002.372406,236.3,91.2,,Initial,30.891162884389015,2.9389238554827104,268.3124694824219
0,0,0,False,6.126709922682494e-05,0.9999387329007732,False,0.4999387329007732,0.16433197950725173,2_2_1_3,13.60289153,1.232379778,1.791011639,2.490497408,Si1,Si1,combo_002,2,375.3898932,269.0235729,-0.000330922,0.055216547,1067.234939,242.3,96.8,,,33.87796609677016,2.207206526066236,269.8899841308594
0,0,0,False,0.16575439274311066,0.8342456072568893,False,0.33424560725688934,0.05186046386953814,1_1_1_0,11.54301664,0.832240359,1.929074394,0.876228667,Si1,Si1,combo_002,3,364.1952641,284.15683,0.001397127,0.055413117,1021.444996,198.9,86.4,,,10.114322083626018,1.6054535662002674,285.1321716308594
0,0,0,False,0.2521830201148987,0.7478169798851013,False,0.24781697988510132,0.05312600642236574,1_0_3_1,11.95834526,0.630832092,2.859924113,1.407055024,Si1,Si1,combo_002,4,373.994549,282.3659108,-0.001449043,0.055281819,1054.14863,204.9,87.8,,,16.826049776809587,1.8041319111650345,283.5558166503906
1,1,1,False,0.999306857585907,0.0006931424140930176,False,0.499306857585907,0.12357864443248757,1_0_1_1,10.99971804,0.653623945,1.885812382,1.498664515,Si1,Si1,combo_002,5,374.0934209,885.3445684,0.008772819,0.040142293,1023.010462,157.000002,83.9,,,16.48488710155335,1.232612128652687,291.4517517089844
1,1,1,False,0.9565871357917786,0.043412864208221436,False,0.45658713579177856,0.09472424635076376,1_0_3_2,10.63940206,0.604259263,2.562426591,1.753868061,Si1,Si1,combo_002,6,366.6855404,1033.012354,0.000770505,0.043918785,999.6288671,169.000002,81.5,,,18.660107461171606,1.5483700033692624,284.91900634765625
0,0,0,False,0.00019912049174308777,0.9998008795082569,False,0.4998008795082569,0.18223407862167876,2_1_3_0,13.24242994,0.960654719,2.82209995,0.945307316,Si1,Si1,combo_002,7,367.0156109,269.3187631,-0.001609554,0.055434325,1062.510637,221.1,94.5,,,12.51816590389944,2.7110636344571644,271.88690185546875
1,1,1,False,0.9964662790298462,0.0035337209701538086,False,0.4964662790298462,0.1318695706722453,3_0_2_3,15.50566817,0.378909762,2.158221953,2.322899401,Si1,Si1,combo_002,8,445.844427,580.0522311,-0.002649442,0.048825436,1402.800679,157.000002,97.2,,,36.01810730419776,0.8177713665544052,288.1868591308594
1,1,1,False,0.5093061923980713,0.4906938076019287,True,0.009306192398071289,0.2053027979670786,0_1_2_2,8.371000135,0.886820718,2.213556803,1.582883802,Si1,Si1,combo_002,9,323.8675239,584.127753,-0.000200125,0.045028125,833.6470488,159.000002,73.7,,,13.250320520231313,1.9630280333702443,288.6609802246094
1,1,1,False,0.9905688166618347,0.009431183338165283,False,0.4905688166618347,0.22366989636162282,3_0_1_0,15.29745022,0.516167697,1.627551111,0.730133722,Si1,Si1,combo_002,10,440.124365,950.5224787,0.007092439,0.045167636,1395.286527,157.000002,98.3,,,11.16918426623832,0.8400893087146614,286.5682678222656
1,1,1,False,0.9996992945671082,0.0003007054328918457,False,0.49969929456710815,0.2157239183001578,3_0_0_3,14.60563961,0.576102125,1.497745196,2.176970275,Si1,Si1,combo_002,11,438.9802119,826.7097587,-0.000355991,0.045922839,1341.222838,153.000002,96.1,,,31.796043278332593,0.8628541901241414,287.74908447265625
0,0,0,False,1.8445784633058793e-07,0.9999998155421537,False,0.49999981554215367,0.1048101418966441,2_2_2_3,13.90415651,1.312493418,2.087070714,2.039159669,Si1,Si1,combo_002,12,368.8299465,264.8468124,-0.000338454,0.055164774,1060.390594,248.8,98.3,,,28.352795186655797,2.7392665750255607,265.2003479003906
1,1,1,False,0.9950727224349976,0.004927277565002441,False,0.49507272243499756,0.1987887842899295,3_0_2_1,14.17510608,0.534711624,2.273982901,1.277394359,Si1,Si1,combo_002,13,416.1134935,612.087796,0.005178416,0.045224835,1240.548266,161.000002,94.6,,,18.107200544818603,1.2159250899419414,284.4571838378906
0,0,0,False,0.08869480341672897,0.911305196583271,False,0.411305196583271,0.13846088672964743,2_0_3_3,12.74537761,0.603772511,2.67494356,2.357745042,Si1,Si1,combo_002,14,391.8885594,283.4656292,0.001547422,0.055294116,1115.014304,219.7,89.9,,,30.05035086839531,1.6150573900044791,283.156982421875
0,0,0,False,1.9766625669603854e-08,0.9999999802333743,False,0.49999998023337433,0.2653238986975748,2_2_1_0,13.67323083,1.430206758,1.681918017,0.793759527,Si1,Si1,combo_002,15,355.0483223,263.8488818,-0.000332681,0.055362502,1025.726722,227.7,98.4,,,10.853257236182616,2.405490514315359,263.60064697265625
0,0,0,False,2.1420404664240777e-05,0.9999785795953358,False,0.49997857959533576,0.13303511788936448,0_1_3_3,9.734218718,1.106563443,2.964493922,2.107040438,Si1,Si1,combo_002,16,320.9208067,269.2131505,0.001639439,0.055386249,833.1507021,205.2,79.8,,,20.510392471162515,3.2804006010808933,268.6170959472656
0,0,0,False,0.1501331627368927,0.8498668372631073,False,0.3498668372631073,0.052620466119806274,1_1_2_3,11.06043499,0.716487261,2.417900697,2.413725059,Si1,Si1,combo_002,17,367.3744497,281.8648987,0.002406247,0.055288157,996.4057561,203.4,83.7,,,26.696849098803412,1.7323950477635208,283.12615966796875
1,1,1,False,0.9505316019058228,0.049468398094177246,False,0.45053160190582275,0.1798549951227679,3_0_2_2,15.35383832,0.544031315,2.509681522,1.935135943,Si1,Si1,combo_002,18,425.843092,595.7586604,-0.000374696,0.043839432,1315.496693,201.000002,99.5,,,29.711764396042735,1.3653453386448615,285.4264221191406
0,0,0,False,0.004520277492702007,0.995479722507298,False,0.495479722507298,0.12887771320147867,3_1_3_0,15.6745359,0.813802406,2.602200713,0.920053039,Si1,Si1,combo_002,19,411.9133026,267.2851061,-0.000382714,0.055305372,1258.147672,237.6,103.0,,,14.4214043897096,2.1176772011343155,277.2705078125
0,0,0,False,1.3222904549081704e-08,0.9999999867770955,False,0.49999998677709545,0.2457561957305822,1_2_3_2,11.63464243,1.533137868,2.722728361,1.899891878,Si1,Si1,combo_002,20,319.9300363,252.8751355,-0.00140858,0.055358173,853.1324869,241.3,89.2,,,22.104562656191185,4.174317954526675,253.6381378173828
1,1,1,False,0.9999812841415405,1.8715858459472656e-05,False,0.4999812841415405,0.27809021376460813,0_0_1_1,9.066963291,0.356830269,1.675784591,1.426011047,Si1,Si1,combo_002,21,373.658858,1016.57922,0.000217524,0.050683092,998.3111901,97.000002,75.3,,,12.929589815709477,0.5979706663925849,297.9866638183594
1,1,1,False,0.9925767779350281,0.007423222064971924,False,0.4925767779350281,0.1128408098990809,2_0_2_3,13.44377164,0.524190542,2.177472834,2.44656053,Si1,Si1,combo_002,22,416.4509439,576.5903564,0.005558052,0.040214143,1197.614027,181.000002,91.7,,,32.89100106875737,1.1414106650447362,284.6412048339844
1,1,1,False,0.9078658223152161,0.09213417768478394,False,0.40786582231521606,0.12353154907098007,1_1_0_3,10.80084342,0.912411599,1.343782688,2.261104933,Si1,Si1,combo_002,23,366.059186,1039.822171,0.000260871,0.044087199,997.6339585,178.000002,85.1,,,24.42184033752259,1.226082911066598,285.50042724609375
0,0,0,False,0.0012713184114545584,0.9987286815885454,False,0.49872868158854544,0.09334718905126302,2_1_3_3,12.30159856,0.715282625,2.940733777,2.072978251,Si1,Si1,combo_002,24,375.5484356,278.5370375,0.00149195,0.055201877,1060.802263,219.5,89.6,,,25.500946267412917,2.1034557754387246,278.38299560546875
0,0,0,False,5.632386290699287e-08,0.9999999436761371,False,0.4999999436761371,0.3154862851530482,0_3_0_2,8.804015526,1.718643963,1.44311328,1.788289259,Si1,Si1,combo_002,25,282.2767013,254.6679107,0.000210951,0.055384516,708.3246173,193.3,78.0,,,15.744126401215036,2.480197926597129,259.0830078125
1,1,1,False,0.9426425099372864,0.05735749006271362,False,0.4426425099372864,0.1570139367651617,2_0_1_2,12.95300209,0.663049437,2.020375241,1.851985386,Si1,Si1,combo_002,26,398.8717811,876.1019323,-0.02926478,0.034928931,1145.817225,198.000002,91.4,,,23.988770575507456,1.3396086660737891,284.0335693359375
1,1,1,False,0.985795795917511,0.014204204082489014,False,0.485795795917511,0.19320376469416087,3_0_3_2,15.79123856,0.481187399,2.845225084,1.563168353,Si1,Si1,combo_002,27,424.7622051,502.9923744,-0.000385631,0.045118827,1350.684489,209.0,98.7,,,24.684364371665293,1.3690864577395165,284.80010986328125
1,1,1,False,0.9998762011528015,0.00012379884719848633,False,0.4998762011528015,0.1427497253568273,0_0_0_0,8.676972128,0.670483415,1.141385036,0.769348326,Si1,Si1,combo_002,28,352.3398792,1017.748127,0.000207774,0.046333658,900.5175397,104.000002,69.0,,,6.675613981425458,0.7652797367671779,296.4241027832031
1,1,1,False,0.9989509582519531,0.001049041748046875,False,0.4989509582519531,0.18270168294789707,1_0_1_2,10.06483844,0.562212303,1.834377388,1.998515708,Si1,Si1,combo_002,29,373.8214215,690.9013582,0.001212355,0.041462541,1000.835136,128.000002,79.0,,,20.114737720822216,1.0313095358786046,290.4012145996094
1,1,1,False,0.9978200197219849,0.0021799802780151367,False,0.49782001972198486,0.15247052230750843,0_0_3_3,9.210980778,0.449744915,2.983407577,2.397904206,Si1,Si1,combo_002,30,364.0247565,934.5097383,-0.007739358,0.039581286,964.7751065,128.000002,73.0,,,22.087049548951352,1.341772387128221,291.8478088378906
0,0,0,False,9.049862248478036e-11,0.9999999999095014,False,0.4999999999095014,0.5052483506330113,0_3_3_0,8.540852329,1.894713891,2.991164587,0.682360961,Si1,PU,combo_001,31,260.6085904,245.6235052,0.000613114,0.055340119,659.0712242,191.9,75.9,,,5.8279442029755275,5.667401093256179,243.7625274658203
1,1,1,False,0.9672145843505859,0.03278541564941406,False,0.46721458435058594,0.1866867271807031,1_1_3_1,11.84377741,0.778702408,2.527897094,1.155674827,Si1,PU,combo_001,32,380.015393,525.5589688,-0.024964165,0.039311386,1087.597312,175.000002,85.5,,,13.687555409328256,1.9684795542740023,284.83319091796875
1,1,1,False,0.9999947547912598,5.245208740234375e-06,False,0.49999475479125977,0.1318695706722453,3_0_1_3,14.81204844,0.411772632,1.974957027,2.293504636,Si1,PU,combo_001,33,457.298388,1008.03238,0.002528059,0.045143906,1381.199507,136.000002,93.5,,,33.97150176579657,0.8132332530946852,290.6222229003906
0,0,0,False,0.03782297298312187,0.9621770270168781,False,0.46217702701687813,0.09630675123197972,2_2_0_0,12.58608793,1.263729586,1.32812667,0.974950651,Si1,PU,combo_001,34,363.4183499,274.0301613,-0.000305502,0.055245198,1039.377355,210.7,92.1,,,12.270814620896742,1.6783929668346587,277.72564697265625
0,0,0,False,1.1130442771900562e-06,0.9999988869557228,False,0.4999988869557228,0.2336758911263466,1_3_2_3,10.23759475,1.636691961,2.107404765,2.165370415,Si1,PU,combo_001,35,311.0496482,259.796669,0.001727528,0.055390452,797.5636882,207.5,83.0,,,22.16818479240932,3.449172437448594,261.2947692871094
1,1,1,False,0.9999604225158691,3.9577484130859375e-05,False,0.49996042251586914,0.16134332623846817,0_0_2_2,9.576880978,0.424467511,2.252287841,1.653169406,Si1,PU,combo_001,36,376.9965765,927.3329303,0.000230272,0.046284672,1014.686866,100.000002,76.2,,,15.832206637732959,0.9560230139248337,294.9624938964844
1,1,1,False,0.9979780912399292,0.0020219087600708008,False,0.4979780912399292,0.0998656276650547,3_0_2_2,14.11038378,0.571702123,2.342565194,1.963596599,Si1,PU,combo_001,37,432.1945103,903.5344448,-0.006528581,0.045012845,1328.95802,145.000002,91.6,,,27.70710160099276,1.339249494675707,285.6639709472656
0,0,0,False,6.781004685763037e-06,0.9999932189953142,False,0.49999321899531424,0.17232748208727156,3_2_3_3,15.17249458,1.215299051,2.976288691,2.49733712,Si1,PU,combo_001,38,401.6741619,263.3503802,0.000370162,0.055142007,1186.418749,258.7,102.8,,,37.89083391763281,3.617080821674332,267.0002136230469
0,0,0,False,4.882166649622377e-06,0.9999951178333504,False,0.4999951178333504,0.2031626158773958,2_2_3_3,12.87688545,1.365483221,2.634430011,2.324795221,Si1,PU,combo_001,39,360.3675305,264.2194619,-0.000312772,0.055273947,1000.313712,233.4,92.3,,,29.936121755524432,3.5972699769193457,265.80596923828125
1,1,1,False,0.9834491014480591,0.016550898551940918,False,0.4834491014480591,0.07743284956725253,0_1_3_2,9.910603468,0.739512669,2.997374104,1.516584068,Si1,PU,combo_001,40,358.6426745,584.4306541,0.002624765,0.042234855,963.3901736,143.000002,78.5,,,15.030263323834347,2.2165961236405236,287.57421875
1,1,1,False,0.9994649887084961,0.0005350112915039062,False,0.4994649887084961,0.14898071984911743,1_0_0_3,10.41484479,0.647026837,1.217871072,2.378110028,Si1,PU,combo_001,42,381.1431115,666.616004,0.000251221,0.048485653,1042.060405,100.000002,73.9,,,24.767646835162555,0.7879952675899593,288.9009704589844
1,1,1,False,0.9998937845230103,0.0001062154769897461,False,0.49989378452301025,0.058378036538684654,2_0_3_3,12.09858022,0.478399995,2.701363005,2.126515193,Si1,PU,combo_001,43,414.0998071,899.344386,-0.000879944,0.043703861,1205.269121,129.000002,84.9,,,25.72781465155928,1.2923320480851852,289.33465576171875
1,1,1,False,0.9987144470214844,0.001285552978515625,False,0.4987144470214844,0.15765381286254132,0_1_0_1,9.675620921,0.98792204,1.183543865,1.189145466,Si1,PU,combo_001,44,350.2500571,974.3623839,-0.010938804,0.043056993,905.000596,126.000002,72.8,,,11.505720748941895,1.1692490695402846,289.6333923339844
1,1,1,False,0.9999818801879883,1.811981201171875e-05,False,0.4999818801879883,0.1427497253568273,0_1_0_0,8.06019862,0.78869847,1.25447499,0.610255496,Si1,PU,combo_001,45,338.2509983,900.5519734,0.000192355,0.047126975,843.8707609,110.000002,71.2,,,4.918780506706615,0.9894025052662654,296.5269470214844
0,0,0,False,0.44324296712875366,0.5567570328712463,True,0.05675703287124634,0.10916391953729179,2_1_1_3,13.76074096,1.014253551,1.753918208,2.233039528,Si1,PU,combo_001,46,401.45397,279.6535216,-0.000334869,0.055209217,1213.901207,225.5,93.8,,,30.728278498248667,1.7789177706275565,283.6961669921875
0,0,0,False,1.1770580385928042e-06,0.9999988229419614,False,0.4999988229419614,0.2407668173921722,3_2_3_1,14.77991196,1.173209052,2.904484593,1.077986344,Si1,PU,combo_001,47,386.2182987,268.5974393,-0.000360348,0.055136429,1163.857539,234.1,100.9,,,15.932543258402273,3.4075676159021357,267.71014404296875
0,0,0,False,1.036877961269056e-08,0.9999999896312204,False,0.4999999896312204,0.3254488061559859,3_2_2_1,14.29465447,1.521996374,2.491628144,1.325357677,Si1,PU,combo_001,48,363.6559913,261.2459658,0.002437514,0.055259084,1062.609675,239.8,99.6,,,18.945530041876864,3.7922490005243494,261.09234619140625
1,1,1,False,0.9971719980239868,0.0028280019760131836,False,0.4971719980239868,0.09472424635076376,1_0_2_2,10.28895136,0.682214066,2.437545541,1.699119334,Si1,PU,combo_001,49,373.9438286,936.0495258,0.000744221,0.041924464,1007.644593,136.000002,80.2,,,17.482156182361596,1.6629278545857797,287.6344909667969
1,1,1,False,0.9994260668754578,0.0005739331245422363,False,0.49942606687545776,0.2133260392393468,2_0_0_2,13.11679385,0.675377244,1.552305526,1.674215959,Si1,PU,combo_001,50,416.4519824,551.1593235,-0.00031877,0.046221628,1203.646106,145.000002,92.9,,,21.960345594583053,1.0483918279958504,287.36962890625
1,1,1,False,0.9940876960754395,0.005912303924560547,False,0.49408769607543945,0.05444056636535601,1_0_3_0,10.73545038,0.636399787,2.925821985,0.565976266,Si1,PU,combo_001,51,369.3566304,528.8310965,0.002851599,0.041737036,1031.30615,142.000002,81.3,,,6.076010119900681,1.8619924880539171,286.4830627441406
1,1,1,False,0.9972435235977173,0.002756476402282715,False,0.4972435235977173,0.09089475429451047,0_1_2_0,8.985290483,0.943535211,2.382019031,0.545309521,Si1,PU,combo_001,52,334.5730729,1073.363105,-0.000215482,0.047621577,862.9844182,147.000002,75.0,,,4.899764449330588,2.2475188290206005,292.3295593261719
1,1,1,False,0.9999690055847168,3.0994415283203125e-05,False,0.4999690055847168,0.22171043071690408,0_0_3_1,8.477938018,0.501974534,2.767433724,1.23392296,Si1,PU,combo_001,53,355.7362769,622.4422913,0.001013993,0.045629663,928.346916,103.000002,72.6,,,10.461122373867092,1.3891812539807846,294.1356201171875
0,0,0,False,3.708529163759522e-07,0.9999996291470836,False,0.4999996291470836,0.199388481693768,3_2_3_3,15.87667106,1.386648823,2.911300349,2.205784302,Si1,PU,combo_001,54,390.6276589,262.9012087,0.000387767,0.055281439,1187.169131,272.2,107.0,,,35.0205117921657,4.036951202340339,259.7723693847656
1,1,1,False,0.999996542930603,3.4570693969726562e-06,False,0.499996542930603,0.24045263428689226,3_0_0_1,15.03765683,0.273224475,1.53007673,1.103543277,Si1,PU,combo_001,55,466.8105543,1022.722806,0.001100375,0.047316104,1445.258275,123.000002,94.8,,,16.59470509657963,0.4180544112639668,292.8721008300781
1,1,1,False,0.9999368786811829,6.312131881713867e-05,False,0.49993687868118286,0.12342574226439675,1_0_1_2,11.30919716,0.59282598,1.863569911,1.812573602,Si1,PU,combo_001,56,398.3516007,806.7907791,0.0013679,0.04404638,1108.475466,127.000002,84.3,,,20.49875223202937,1.1047726587870876,292.0480041503906
0,0,0,False,0.002845525275915861,0.9971544747240841,False,0.49715447472408414,0.162627121278664,2_1_3_3,12.17183304,1.043791885,2.874388169,2.028167818,Si1,PU,combo_001,57,369.8624335,273.5725883,0.001475729,0.055198562,1029.211708,219.1,88.5,,,24.686520057797104,3.0002630451422085,275.8563537597656
1,1,1,False,0.9611266851425171,0.03887331485748291,False,0.4611266851425171,0.1060028377961756,1_0_3_3,11.43860725,0.616126384,2.800402949,2.487719976,Si1,PU,combo_001,58,392.1134887,946.9791251,0.001384076,0.040691831,1097.088575,154.000002,83.5,,,28.45605175344343,1.7254021427103063,285.2322692871094
1,1,1,False,0.9999997019767761,2.980232238769531e-07,False,0.4999997019767761,0.1663207692087232,0_0_0_3,8.199383897,0.437276158,1.377955802,2.425239004,Si1,PU,combo_001,59,361.9959191,581.3761913,-0.000195835,0.051896143,941.8254285,92.000002,72.2,,,19.88546563577392,0.6025472189923687,299.92388916015625
0,0,0,False,0.00064564443891868,0.9993543555610813,False,0.4993543555610813,0.12991310662535957,0_2_3_3,9.430440291,1.152177951,2.659765278,2.465270549,Si1,PU,combo_001,60,330.7429708,276.4936256,0.002039499,0.055396542,847.8995946,187.3,77.1,,,23.24858671350529,3.064522908146986,276.4203186035156
1,1,1,False,0.9538968801498413,0.04610311985015869,False,0.4538968801498413,0.10450790212011453,0_1_3_0,9.454516812,0.704645684,2.908515232,0.986311601,Si1,Si1,combo_002,1,339.3725782,598.7658838,-0.000227213,0.042943257,913.4081608,159.000002,77.6,,Itr_1,9.325099613525136,2.0494727050770587,291.77117919921875
1,1,1,False,0.9383310079574585,0.061668992042541504,False,0.4383310079574585,0.1016784323151728,0_1_3_0,9.209084471,0.760345726,2.759621556,0.879980971,Si1,Si1,combo_002,2,333.2827753,579.9369509,-0.009506311,0.040014937,887.2415173,166.000002,76.5,,,8.103819094811602,2.0982664554820696,285.2479553222656
1,1,1,False,0.9953611493110657,0.004638850688934326,False,0.4953611493110657,0.06300078701171817,0_1_3_0,9.078328609,0.733042037,2.946453623,0.755936154,Si1,Si1,combo_002,3,331.8765355,1002.639105,0.000217808,0.046393157,886.1739905,157.000002,76.2,,,6.86263681343563,2.15987436572995,300.72064208984375
1,1,1,False,0.8192227482795715,0.18077725172042847,False,0.31922274827957153,0.06300078701171817,0_1_3_0,8.734976394,0.784127961,2.897042465,0.804867966,Si1,Si1,combo_002,4,324.7401741,931.7840603,-0.000209225,0.042054125,855.7072884,167.000002,72.2,,,7.0305026832967945,2.2716520010108643,291.65130615234375
1,1,1,False,0.9873167276382446,0.012683272361755371,False,0.48731672763824463,0.08531942390047537,3_0_3_3,15.94052675,0.676812581,2.806172472,2.302029449,Si1,PU,combo_001,5,436.8073538,529.8164825,-0.000389363,0.0455555,1397.045205,198.000002,101.3,,,36.69556201107226,1.8992528335054701,286.1372375488281
1,1,1,False,0.9810430407524109,0.01895695924758911,False,0.4810430407524109,0.05444056636535601,1_0_3_0,10.34520071,0.631386696,2.918077571,0.613277388,Si1,Si1,combo_002,6,349.0919751,950.0800227,-0.00274428,0.03767148,962.9750737,162.000002,81.0,,,6.3444776697645455,1.8424353562253952,287.6210632324219
1,1,1,False,0.5340526103973389,0.46594738960266113,True,0.03405261039733887,0.07452431316517714,2_1_0_1,12.64066419,0.950744049,1.292510009,1.313394875,Si1,Si1,combo_002,7,382.8636023,576.7764259,0.040199525,0.036517125,1061.104273,207.000002,86.0,,,16.602183563742027,1.2288461993296864,283.72259521484375
1,1,1,False,0.9598867297172546,0.04011327028274536,False,0.45988672971725464,0.12028179236890092,1_1_2_0,10.23611342,0.797871794,2.149150635,0.506317296,Si1,Si1,combo_002,8,343.8282017,949.9467486,0.009129852,0.042688226,938.1135176,164.000002,81.0,,,5.1827212683637125,1.7147466727236889,294.88336181640625
1,1,1,False,0.9452406167984009,0.05475938320159912,False,0.4452406167984009,0.08843072925470084,3_0_3_3,15.25309902,0.676534658,2.822763552,2.339977674,Si1,PU,combo_001,9,430.6762352,867.6847048,-0.000372178,0.040567348,1341.16133,194.000002,98.3,,,35.69191116611128,1.9096973742671852,285.2806091308594
1,1,1,False,0.9860912561416626,0.013908743858337402,False,0.4860912561416626,0.15044619312345567,3_1_2_3,15.69849461,0.752574127,2.366178733,2.462536734,Si1,PU,combo_001,10,433.8267969,508.5117064,0.000383312,0.045614158,1383.279969,200.0,100.7,,,38.658119645626,1.780724894313441,286.17266845703125
1,1,0,True,0.4991815686225891,0.5008184313774109,True,0.0008184313774108887,0.12039019916790751,1_0_3_3,10.29484076,0.652583369,2.75909886,2.113774311,Si1,Si1,combo_002,11,357.9663255,999.5243449,0.009680619,0.040460023,966.8617589,179.000002,80.9,,,21.760969934323715,1.8005420294628594,285.7669372558594
0,0,1,True,0.5262867212295532,0.4737132787704468,True,0.026286721229553223,0.05080734872186501,1_1_0_1,11.51866801,1.072443798,1.15773035,1.263005896,Si1,Si1,combo_002,12,364.1421965,284.8933776,0.001394084,0.055352853,971.0141663,195.5,82.8,,,14.548145610696587,1.2416007336138692,283.546630859375
1,1,1,False,0.9838505983352661,0.016149401664733887,False,0.4838505983352661,0.07971917833489216,3_1_3_3,15.71632611,0.697913984,2.819093468,2.472005251,Si1,PU,combo_001,13,434.6892995,576.024233,0.000383758,0.044899715,1373.419958,197.000002,100.4,,,38.850840670348404,1.9674847535202566,284.93939208984375
1,1,1,False,0.8596738576889038,0.1403261423110962,False,0.3596738576889038,0.07413458443302356,2_0_3_3,13.87784765,0.674317709,2.932403146,2.091785876,Si1,PU,combo_001,14,414.8927325,585.0978814,-0.001013389,0.042224531,1236.383377,176.000002,93.2,,,29.02948570354979,1.9773713712751124,284.4525146484375
0,0,0,False,0.3801308870315552,0.6198691129684448,False,0.11986911296844482,0.1308269314493778,1_1_2_3,11.9527146,0.866932361,2.336186913,2.217118761,Si1,PU,combo_001,15,382.6200259,284.4095359,-0.000289668,0.055268448,1083.390482,206.5,86.4,,,26.500587784538613,2.0253160362243916,283.48565673828125
1,1,1,False,0.9953899383544922,0.0046100616455078125,False,0.4953899383544922,0.15672674571597334,0_1_3_0,9.945703901,0.728870859,2.56694467,0.677836682,Si1,Si1,combo_002,16,342.2875723,951.7059235,-0.000239493,0.042390173,933.3821129,159.000002,79.6,,,6.741562932408296,1.8709711666283715,301.6981201171875
0,0,1,True,0.7470709085464478,0.25292909145355225,False,0.24707090854644775,0.05186046386953814,1_1_1_0,11.28418233,0.814551537,1.856844474,0.895757216,Si1,Si1,combo_002,17,362.9578978,284.7226064,0.002456591,0.055318405,1009.353432,196.4,85.4,,,10.107887748757193,1.5124955202666568,287.9371337890625
0,0,0,False,0.06310730427503586,0.9368926957249641,False,0.43689269572496414,0.05312600642236574,1_0_3_1,11.97144787,0.67521127,2.885076014,1.496527787,Si1,Si1,combo_002,18,372.3234102,279.5414514,-0.001450681,0.055312939,1043.018248,209.1,88.2,,,17.915604388076964,1.948035839459478,282.2191467285156
1,1,1,False,0.9959350824356079,0.00406491756439209,False,0.4959350824356079,0.11786983884120511,0_0_3_0,8.117265345,0.65541516,2.991193639,0.788599821,Si1,Si1,combo_002,19,329.8671223,871.3192078,0.000193782,0.041663076,857.5392639,129.000002,72.3,,,6.401273998076503,1.9604736574961672,287.30816650390625
0,0,0,False,2.574631139395933e-07,0.9999997425368861,False,0.49999974253688606,0.2430951767023631,1_2_3_1,11.21949786,1.349643059,2.636047203,1.477387523,Si1,Si1,combo_002,20,323.0890494,260.1646014,0.002442038,0.055426425,866.3843268,226.9,86.8,,,16.575546152689203,3.5577228107253136,261.0760192871094
0,0,0,False,0.12520110607147217,0.8747988939285278,False,0.37479889392852783,0.10294619527294645,3_2_0_3,14.44570289,1.127704252,1.116401461,2.070321165,Si1,Si1,combo_002,1,400.986818,283.0942508,0.000351993,0.055205415,1159.752244,229.1,93.0,237.000002,Itr_2,29.90724443646867,1.2589706745087121,281.7814025878906
0,0,0,False,0.34917768836021423,0.6508223116397858,False,0.15082231163978577,0.12695057887808867,2_1_1_3,13.23878226,0.867727118,1.598756667,2.072333551,Si1,Si1,combo_002,2,396.736225,283.0380115,-0.001609098,0.055426481,1144.459885,224.3,94.2,231.000002,,27.435172651781606,1.3872845150391957,283.8036804199219
0,0,0,False,0.42966216802597046,0.5703378319740295,True,0.07033783197402954,0.04661201396110539,3_1_1_2,15.7961469,0.970852102,1.606102177,1.684762414,Si1,Si1,combo_002,3,418.7366578,283.2035505,0.000385754,0.055138516,1295.970929,259.5,105.8,267.000002,,26.612754583142614,1.559287674567226,282.9970703125
0,0,0,False,0.19620728492736816,0.8037927150726318,False,0.30379271507263184,0.06292916334113348,3_1_0_3,14.54191172,1.096192086,1.17877237,2.260599311,Si1,Si1,combo_002,4,403.6049537,284.0786631,0.002480784,0.055393025,1166.693626,233.8,92.9,241.000002,,32.87343561485483,1.2921609431894638,282.5233154296875
0,0,1,True,0.6402283906936646,0.35977160930633545,False,0.14022839069366455,0.10916391953729179,2_1_1_3,13.91282607,0.833934613,1.747825135,2.172114777,Si1,Si1,combo_002,5,404.6580738,282.8112791,-0.000338671,0.055182331,1188.656999,233.5,96.6,241.000002,,30.220255096477835,1.4575718775478979,283.4462890625
0,0,0,False,0.0006930298404768109,0.9993069701595232,False,0.4993069701595232,0.0534129945444206,0_2_0_3,9.14507984,1.397612375,1.164492177,2.474842545,Si1,PU,combo_001,6,309.6046425,273.4778776,-0.000658431,0.055404102,779.3294494,168.3,73.1,201.000002,,22.63263266545379,1.6275086771658904,273.5990295410156
0,0,0,False,0.0006383125437423587,0.9993616874562576,False,0.49936168745625764,0.06850991753570593,0_2_0_3,8.802263676,1.41541476,1.26375574,2.484720592,Si1,PU,combo_001,7,306.136116,270.1679496,0.000210907,0.055378752,765.3654112,170.9,74.6,201.000002,,21.87116581197082,1.7887385274307224,272.23907470703125
0,0,0,False,0.0028827732894569635,0.997117226710543,False,0.49711722671054304,0.0534129945444206,0_2_0_3,9.406657375,1.349914613,1.206851585,2.428198441,Si1,PU,combo_001,8,316.1910026,277.1047941,-0.00067805,0.055324013,801.9274352,170.0,72.8,201.000002,,22.841230772996155,1.6291465903137115,275.4948425292969
0,0,0,False,0.0009158637258224189,0.9990841362741776,False,0.4990841362741776,0.14853268343551895,0_2_0_3,8.970784948,1.293332197,1.566266032,2.313094488,Si1,PU,combo_001,9,318.026808,275.2002149,-0.000645359,0.055285296,798.4798904,175.4,76.6,201.000002,,20.750273216252168,2.0257022882530324,274.4732360839844
1,1,1,False,0.8960220217704773,0.1039779782295227,False,0.3960220217704773,0.12638779280010118,1_1_1_2,10.88312966,1.042944655,1.64738265,1.665442934,Si1,PU,combo_001,10,357.621085,911.564777,0.000788785,0.040753879,983.1688155,183.000002,84.1,183.000002,,18.12523139205282,1.718128929557236,285.04046630859375
1,1,1,False,0.8899275660514832,0.11007243394851685,False,0.38992756605148315,0.06794879989490818,1_1_1_0,11.77120916,0.903716276,2.013327576,0.850239091,Si1,PU,combo_001,11,372.5465234,808.3415898,0.031649455,0.03792232,1077.062424,178.000002,85.5,178.000002,,10.008342176169272,1.819476899350827,283.8634338378906
1,1,1,False,0.8614528775215149,0.1385471224784851,False,0.3614528775215149,0.15388134293109004,1_1_3_0,11.34429514,0.792777133,2.884328355,0.965645731,Si1,PU,combo_001,12,368.3612588,560.03309,0.010703843,0.035405018,1037.874996,194.000002,83.8,194.000002,,10.954570173145047,2.286629563907506,284.44744873046875
0,0,0,False,0.06405501067638397,0.935944989323616,False,0.43594498932361603,0.05276575377539745,3_0_3_3,15.84599403,0.654514106,2.964878313,2.301019297,Si1,Si1,combo_002,13,414.7704154,283.7170711,0.000387,0.055226982,1312.162181,267.7,102.5,275.000002,,36.461938043176794,1.9405546784319831,281.4299621582031
1,1,0,True,0.49861907958984375,0.5013809204101562,True,0.00138092041015625,0.08993201669138719,2_1_3_3,13.87305012,0.828311041,2.576551261,2.486761632,Si1,PU,combo_001,14,409.3301266,551.2853434,-0.027351776,0.033429949,1213.478957,226.000002,94.3,226.000002,,34.498968757228994,2.134185857188773,284.24029541015625
0,0,1,True,0.743777334690094,0.256222665309906,False,0.243777334690094,0.09334718905126302,1_1_3_3,11.8240527,0.773310662,2.825580569,2.034109142,Si1,PU,combo_001,15,383.0972791,284.3600753,0.002578062,0.055249327,1075.110421,206.0,85.3,212.000002,,24.051413692559784,2.1850515803477264,283.81646728515625
0,0,0,False,0.018625250086188316,0.9813747499138117,False,0.4813747499138117,0.10470238634333084,0_2_0_3,9.990260469,1.238200696,1.449723272,2.247747688,Si1,PU,combo_001,16,336.6872329,279.7753709,-0.001684246,0.055419748,873.8675828,187.0,82.1,201.000002,,22.45558487171255,1.7950483643977972,278.0029296875
0,0,0,False,0.02314998209476471,0.9768500179052353,False,0.4768500179052353,0.05080734872186501,1_2_0_1,11.39944764,1.156979651,1.162721025,1.271703545,Si1,Si1,combo_002,17,356.2161869,280.2574375,0.002482526,0.055333625,937.1059653,197.6,83.1,203.000002,,14.496717974829885,1.3452445657148624,278.935791015625
1,1,1,False,0.794908881187439,0.20509111881256104,False,0.29490888118743896,0.05102635223760211,1_1_0_1,11.24957929,1.020455127,1.203848186,1.261467683,Si1,Si1,combo_002,18,362.2199301,851.7053362,-0.010067312,0.039997157,963.3271865,179.000002,81.4,179.000002,,14.190980721681084,1.2284730535333497,285.3080139160156
1,1,1,False,0.9999998807907104,1.1920928955078125e-07,False,0.49999988079071045,0.14511911672581662,0_0_0_1,8.077111528,0.26062276,1.153069751,1.02264498,Si1,PU,combo_001,19,406.4014517,561.7689591,0.001735,0.005590555,996.5199846,66.000002,61.5,66.000002,,8.260017557009329,0.3005162209781328,295.7652282714844
0,0,0,False,0.00010530873259995133,0.9998946912674,False,0.49989469126740005,0.1048101418966441,3_2_2_3,14.24038675,1.166894662,2.077194669,2.134440463,Si1,Si1,combo_002,20,382.0075466,269.4849998,0.002428018,0.05515192,1112.886868,249.1,100.4,257.000002,,30.395257687969064,2.4238673711909566,269.36993408203125
0,0,0,False,0.09311037510633469,0.9068896248936653,False,0.4068896248936653,0.08763090422301077,2_1_0_0,13.07991151,0.98995982,1.227551252,0.57450861,Si1,Si1,combo_002,1,380.9564596,282.9639111,0.001589239,0.055402759,1082.669836,198.2,87.6,205.000002,Itr_3,7.5145217805331015,1.2152264164706947,282.28521728515625
1,1,0,True,0.3263184428215027,0.6736815571784973,False,0.17368155717849731,0.05356006248239544,1_1_3_3,11.59716218,0.749987548,2.945467538,2.354427476,Si1,PU,combo_001,2,381.9299798,946.1274778,-0.010388825,0.035658939,1064.054957,202.000002,84.6,202.000002,,27.30467728022006,2.209063976538217,283.77410888671875
1,1,1,False,0.6042522192001343,0.3957477807998657,False,0.10425221920013428,0.1006112958826578,1_1_3_2,11.85863792,0.794607572,2.78948706,1.601176619,Si1,PU,combo_001,3,380.6854523,527.1956938,0.033615966,0.037063758,1077.622172,194.000002,85.6,194.000002,,18.987773770690794,2.216547539872018,284.20257568359375
0,0,0,False,0.015010105445981026,0.984989894554019,False,0.484989894554019,0.0504108955815652,3_0_2_0,14.50517256,0.645384201,2.504354529,0.639435453,Si1,Si1,combo_002,4,402.5769513,283.5602467,-0.000353479,0.055321382,1221.505054,217.1,96.9,225.000002,,9.27512158674677,1.6162708467193965,281.94439697265625
0,0,0,False,0.054907698184251785,0.9450923018157482,False,0.4450923018157482,0.09205180506845527,1_1_0_0,11.43472274,0.945239448,1.485437973,0.531307778,Si1,Si1,combo_002,5,358.1002671,283.6168382,0.002490463,0.055421808,1009.283349,196.0,86.5,202.000002,,6.075357131035471,1.404094569636759,283.3052673339844
0,0,0,False,0.00211792578920722,0.9978820742107928,False,0.4978820742107928,0.07734670550965547,0_2_1_0,8.332987067,1.288879812,1.575827349,0.710638666,Si1,PU,combo_001,6,299.1721691,276.0117979,0.000995874,0.05543529,758.0483704,164.4,73.9,201.000002,,5.921742813088133,2.0310520573235786,275.61090087890625
0,0,0,False,0.024759840220212936,0.9752401597797871,False,0.47524015977978706,0.05048860283836832,3_0_3_0,14.55819214,0.627661419,2.60877563,0.617539996,Si1,Si1,combo_002,7,403.1498806,284.4892731,0.002483633,0.055424771,1224.393,217.0,96.9,224.000002,,8.99026591590283,1.637427813778419,281.3663024902344
0,0,0,False,0.0005445674178190529,0.999455432582181,False,0.49945543258218095,0.07734670550965547,0_2_0_0,8.721006898,1.276634938,1.521376585,0.605571727,Si1,PU,combo_001,8,304.3780479,277.8305929,0.000626626,0.055321533,780.8313787,168.6,75.2,201.000002,,5.2811952084007725,1.9422425022661267,277.318359375
0,0,0,False,0.41427677869796753,0.5857232213020325,True,0.08572322130203247,0.0590266168420233,3_1_1_1,14.17614515,1.03514094,1.744125727,1.371713048,Si1,PU,combo_001,9,401.0930024,283.3770717,0.002416776,0.0553703,1229.801154,223.3,95.7,230.000002,,19.445603272596916,1.8054159445249633,282.0853576660156
1,1,1,False,0.6824460029602051,0.3175539970397949,False,0.18244600296020508,0.13584737947347464,1_1_2_2,11.69529104,0.83697941,2.491316244,1.760912232,Si1,PU,combo_001,10,378.3291263,913.6054987,-0.008213736,0.03483757,1068.226884,205.000002,85.1,205.000002,,20.594381049136,2.085180400026536,283.868896484375
0,0,0,False,8.675240678712726e-05,0.9999132475932129,False,0.4999132475932129,0.15398097283258663,0_2_0_0,8.258607739,1.321752945,1.425701819,0.971619216,Si1,PU,combo_001,11,298.0411241,274.2013332,-0.000591946,0.055374135,750.9232398,163.0,73.8,201.000002,,8.024221976618714,1.884425577955107,275.9394226074219
0,0,0,False,0.007078975439071655,0.9929210245609283,False,0.49292102456092834,0.289203496322261,0_2_1_1,8.076766559,1.219209565,1.869148606,1.351780461,Si1,PU,combo_001,12,304.8604531,276.5352553,0.002120462,0.055316003,753.9317291,162.3,72.6,201.000002,,10.918015222514402,2.2788838588416165,278.3819274902344
1,1,1,False,0.9107486605644226,0.08925133943557739,False,0.4107486605644226,0.05337306733061762,3_1_0_3,15.76985046,0.919409158,1.35864212,2.465286049,Si1,Si1,combo_002,13,431.5770622,917.5943331,0.000385096,0.038894721,1342.849998,219.000002,106.5,219.000002,,38.87719233385423,1.249148007572535,284.58526611328125
1,1,1,False,0.8975710868835449,0.10242891311645508,False,0.3975710868835449,0.10723192389435211,2_1_1_1,13.67728957,0.77489739,1.812538212,1.284222011,Si1,Si1,combo_002,14,400.6119311,846.2902068,0.024958669,0.032945443,1183.386676,210.000002,95.1,210.000002,,17.564676316614726,1.4045311297540668,283.6033630371094
0,0,0,False,0.4801552891731262,0.5198447108268738,True,0.01984471082687378,0.050352116936539904,1_1_2_3,11.93910776,0.7018924,2.069095869,2.33935541,Si1,Si1,combo_002,15,384.2298315,284.9742842,-0.001446639,0.055236132,1071.660859,211.3,87.7,218.000002,,27.929816328928982,1.4522826653224954,283.6122131347656
1,1,1,False,0.6993758082389832,0.30062419176101685,False,0.19937580823898315,0.147966225620174,0_1_2_2,9.992472605,0.952707422,2.379606768,1.889296656,Si1,PU,combo_001,16,350.43092,873.0076414,-0.000240662,0.041634483,925.8957658,176.000002,80.1,176.000002,,18.878745077798108,2.267069029315032,284.35321044921875
1,1,1,False,0.8871674537658691,0.11283254623413086,False,0.38716745376586914,0.05208084720865713,1_1_0_1,11.32609822,0.977252794,1.180513115,1.17519742,Si1,Si1,combo_002,17,367.0558567,901.3219294,0.002466023,0.043018393,978.6260263,166.000002,81.7,166.000002,,13.310401406810593,1.1536597399873931,284.278076171875
0,0,1,True,0.6421941518783569,0.35780584812164307,False,0.14219415187835693,0.05177993917639539,1_0_2_3,10.83553945,0.650975953,2.400359264,2.458087857,Si1,Si1,combo_002,18,369.6356158,284.7000084,0.000261739,0.055232543,1006.70706,198.7,82.5,205.000002,,26.634707946089463,1.5625761594247787,284.67919921875
1,1,1,False,1.0,0.0,False,0.5,0.4014535522261277,0_0_2_0,8.16981682,0.259278526,2.189881249,0.529080542,Si1,PU,combo_001,19,360.9241221,609.2872319,0.000195096,0.051310117,968.891158,84.000002,69.9,84.000002,,4.3224911111663165,0.5677891823557589,321.20416259765625
0,0,0,False,0.012763423845171928,0.9872365761548281,False,0.48723657615482807,0.09178741718072816,2_1_0_0,12.33972665,1.104132465,1.3236876,0.978975564,Si1,Si1,combo_002,20,366.192031,277.5196714,-0.001496716,0.055289571,1043.045506,211.0,91.6,218.000002,Itr_4,12.08029085678958,1.461526452677934,279.51727294921875
0,0,0,False,0.22433412075042725,0.7756658792495728,False,0.27566587924957275,0.1555425424022314,2_1_1_0,13.91644543,0.777451934,1.834228244,0.654140949,Si1,Si1,combo_002,1,397.7457914,283.2711243,0.000338761,0.055189661,1183.783697,210.1,96.0,217.000002,,9.103316820286912,1.4260242956952238,282.9298400878906
0,0,0,False,0.016172993928194046,0.983827006071806,False,0.48382700607180595,0.15941421062843236,3_1_1_0,15.27950584,0.802985478,1.828062846,0.510823653,Si1,Si1,combo_002,2,411.8528254,282.7501233,0.000372838,0.055339994,1272.884679,227.6,101.7,235.000002,,7.805132989223634,1.4679079182093502,281.0321350097656
1,1,1,False,0.7600114941596985,0.2399885058403015,False,0.2600114941596985,0.08327586978818764,1_1_2_2,10.90248335,0.726981519,2.067943887,1.686291218,Si1,Si1,combo_002,3,365.93299,977.8450048,0.001843884,0.033453324,1005.575717,181.000002,83.6,181.000002,,18.38476192749622,1.5033569881780244,285.9613037109375
0,0,1,True,0.5592454075813293,0.44075459241867065,True,0.059245407581329346,0.11510367488471297,1_1_1_3,11.62059322,0.982730144,1.844087765,2.451072153,Si1,PU,combo_001,4,375.4440615,283.7051461,0.000281365,0.055323753,1049.82708,203.5,86.2,210.000002,,28.482912442882604,1.8122406348470883,283.87286376953125
1,1,1,False,0.838366687297821,0.16163331270217896,False,0.33836668729782104,0.0513434337501409,3_1_2_1,15.50297621,0.726578347,2.103979977,1.478863562,Si1,Si1,combo_002,5,421.69123,911.7030079,0.004919519,0.037464026,1297.844057,221.000002,101.6,221.000002,,22.92678661952186,1.528706293809758,284.01910400390625
1,1,1,False,0.9066718220710754,0.09332817792892456,False,0.40667182207107544,0.15044619312345567,3_1_2_3,15.53887925,0.726486469,2.099370773,2.366734778,Si1,Si1,combo_002,6,425.6955988,549.3934912,-0.000379322,0.041346098,1310.250812,223.000002,102.0,223.000002,,36.77640593211756,1.5251644599985705,284.8791809082031
0,0,0,False,0.3242316246032715,0.6757683753967285,False,0.17576837539672852,0.10755264957736267,2_1_1_3,12.2481772,0.920743372,1.969182683,2.373476047,Si1,PU,combo_001,7,386.6981515,283.2970399,0.001485272,0.055376062,1111.240044,211.0,87.2,218.000002,,29.07075520361153,1.8131119036294272,283.3128967285156
0,0,0,False,0.366985946893692,0.633014053106308,False,0.13301405310630798,0.11635568507387915,1_1_2_3,11.30528698,0.956958025,2.128410891,2.086676398,Si1,PU,combo_001,8,367.7969928,283.7059838,0.00246134,0.055371707,1020.715796,200.6,84.2,206.000002,,23.590475513782696,2.0367998826398503,283.562744140625
0,0,0,False,0.2971150577068329,0.7028849422931671,False,0.20288494229316711,0.09156820269531593,1_1_2_3,10.90189746,0.998224767,2.073702571,2.286182268,Si1,PU,combo_001,9,362.1963924,282.0292447,0.000263398,0.055406738,980.2555804,199.0,83.7,205.000002,,24.923724660606243,2.070021265763776,283.51788330078125
1,1,1,False,0.64216148853302,0.35783851146698,False,0.14216148853302002,0.08327586978818764,1_1_2_2,10.67194747,0.767451664,2.06600202,1.537045048,Si1,Si1,combo_002,10,359.1215927,910.1927712,-0.000257649,0.038904961,978.9426268,184.000002,82.7,184.000002,,16.403264011279628,1.5855566880763612,287.3724060058594
0,0,0,False,0.1549692153930664,0.8450307846069336,False,0.3450307846069336,0.0962902775212041,0_1_1_3,9.844373593,1.072952949,1.967207118,2.405896468,Si1,PU,combo_001,11,344.1459905,283.7654387,-0.000710878,0.055237273,902.855671,183.6,80.0,188.000002,,23.68454365707117,2.110720678551891,282.3255920410156
0,0,0,False,0.001856151269748807,0.9981438487302512,False,0.4981438487302512,0.1382900813935709,0_2_0_0,8.016128864,1.202529045,1.334492409,0.612772515,Si1,Si1,combo_002,12,298.3053423,277.9168744,-0.001721279,0.055290468,747.7476139,164.9,74.3,201.000002,,4.912063444557373,1.6047658821545194,276.1159973144531
0,0,0,False,0.0010590864112600684,0.9989409135887399,False,0.49894091358873993,0.08585724760067029,0_1_3_3,9.427058649,0.861919557,2.82078324,2.487528445,Si1,Si1,combo_002,13,336.7502107,279.3851172,0.002038739,0.055386233,877.0813278,192.1,77.9,201.000002,,23.45007654207077,2.4312882406138248,277.42041015625
0,0,0,False,0.0352659747004509,0.9647340252995491,False,0.4647340252995491,0.1382900813935709,0_2_0_0,8.368896265,1.227272557,1.126242457,0.75371892,Si1,Si1,combo_002,14,299.194279,276.2396186,0.000200073,0.055360005,753.6150757,161.5,69.6,201.000002,,6.307795454447834,1.3822064600043527,278.949462890625
0,0,0,False,0.13103602826595306,0.8689639717340469,False,0.36896397173404694,0.23534907064257204,3_1_3_2,15.99185854,0.871416724,2.865332724,1.870667941,Si1,PU,combo_001,15,426.9272509,277.3833704,-0.000390647,0.055095255,1334.110495,258.7,103.1,267.000002,,29.915457087785068,2.496898855518076,281.55474853515625
0,0,0,False,0.36949196457862854,0.6305080354213715,False,0.13050803542137146,0.11275411571734209,2_1_3_2,13.96580191,0.885439604,2.544454148,1.843517275,Si1,PU,combo_001,16,405.0199172,284.2395023,0.000339995,0.055289595,1205.421933,226.8,95.4,234.000002,,25.746197080312996,2.252960473201277,282.31072998046875
0,0,1,True,0.7240110635757446,0.27598893642425537,False,0.22401106357574463,0.07074320898911574,1_0_3_3,11.88631635,0.515519353,2.93656055,2.129931783,Si1,Si1,combo_002,17,384.2184699,284.5198441,-0.00144004,0.055398758,1080.200494,209.5,86.4,217.000002,,25.31704297665755,1.513853794781324,283.7330627441406
0,0,0,False,0.007613758556544781,0.9923862414434552,False,0.4923862414434552,0.07389637859819156,0_1_2_3,9.87760257,0.913129323,2.118345209,2.426252629,Si1,Si1,combo_002,18,344.3819531,281.1469918,0.00166453,0.05533364,898.6149515,192.1,79.8,198.000002,,23.965559203679657,1.9343231265744638,280.1689758300781
0,0,0,False,0.07510830461978912,0.9248916953802109,False,0.4248916953802109,0.05276575377539745,3_1_3_3,15.75436788,0.69396048,2.949889141,2.392293028,Si1,Si1,combo_002,19,411.129846,279.8354023,0.000384709,0.055064357,1288.258859,269.6,102.4,278.000002,,37.689064439871146,2.0471064842351474,280.5488586425781
1,1,1,False,0.9742895364761353,0.025710463523864746,False,0.47428953647613525,0.05337306733061762,3_1_0_3,15.97283815,0.949692246,1.300249737,2.403288797,Si1,Si1,combo_002,20,427.9017405,526.4243905,0.007413249,0.040967955,1293.217434,215.000002,98.0,215.000002,,38.3873429821892,1.2348370930924393,284.4071044921875
0,0,0,False,5.702157661912991e-19,1.0,False,0.5,0.5188465057093041,3_3_3_0,15.93194945,1.995962565,2.939585443,0.698058674,Si1,Si1,combo_002,21,348.8949045,230.3366474,0.000389149,0.055379561,1009.955709,271.5,111.1,282.000002,,11.121435507302028,5.867302500846941,232.3488006591797
1,1,1,False,0.9996118545532227,0.00038814544677734375,False,0.49961185455322266,0.14898071984911743,1_0_0_3,10.77472602,0.556080601,1.463710157,2.432120165,Si1,Si1,combo_002,22,390.8244697,839.2564964,0.001821528,0.041895138,1061.865796,131.000002,83.9,131.000002,,26.205428425592192,0.8139408237943644,290.11541748046875
1,1,1,False,0.5964778065681458,0.40352219343185425,True,0.09647780656814575,0.04812456893549514,3_1_2_0,15.40154821,0.789994775,2.323404217,0.662406689,Si1,PU,combo_001,1,420.9046211,926.4823212,0.000375889,0.034205876,1339.175827,215.000002,99.8,215.000002,Itr_5,10.202088555259976,1.8354771916429664,282.10162353515625
1,1,0,True,0.450582355260849,0.549417644739151,True,0.049417644739151,0.04812456893549514,3_1_2_0,15.06063858,0.790202334,2.34707222,0.62526591,Si1,PU,combo_001,2,417.7813849,554.4796855,-0.001102098,0.039308162,1314.298943,208.000002,98.5,208.000002,,9.416903886904809,1.8546619463105611,282.41796875
0,0,1,True,0.5637657046318054,0.4362342953681946,True,0.06376570463180542,0.11647578802268227,3_1_2_0,15.9045163,0.739253646,2.439871738,0.520764759,Si1,PU,combo_001,3,428.6369794,282.97368,-0.000388463,0.055330873,1385.496211,226.2,101.6,233.000002,,8.28251159798107,1.8036840780888566,282.12347412109375
0,0,1,True,0.7758408188819885,0.22415918111801147,False,0.2758408188819885,0.03584748607112404,2_1_0_2,13.48140692,1.071066547,1.174777175,1.798513209,Si1,PU,combo_001,4,397.1136737,284.3697919,-0.000327885,0.055292361,1126.930399,207.5,87.2,214.000002,,24.246488421524006,1.2582645323216648,283.6205139160156
0,0,1,True,0.812203049659729,0.187796950340271,False,0.312203049659729,0.03584748607112404,2_1_0_2,13.21637811,1.072271231,1.197705755,1.785639141,Si1,PU,combo_001,5,392.8632638,284.4974751,-0.000321259,0.055378313,1103.885314,205.7,86.2,213.000002,,23.599682055471607,1.2842654242896345,283.5488586425781
0,0,1,True,0.8221171498298645,0.1778828501701355,False,0.3221171498298645,0.09205180506845527,1_1_1_0,11.36352905,1.0624134,1.577584073,0.610278891,Si1,PU,combo_001,6,354.8480064,284.2610169,0.000274938,0.055243825,1001.477206,192.3,86.2,197.000002,,6.934921906480284,1.6760464587817783,283.26129150390625
0,0,0,False,0.035297296941280365,0.9647027030587196,False,0.46470270305871964,0.08189820388936099,0_1_2_2,9.589230055,0.909371849,2.128297567,1.95987338,Si1,Si1,combo_002,7,340.21221,282.4138457,0.002075227,0.05541969,886.3883943,188.9,78.7,194.000002,,18.793676719490435,1.9354138937249916,283.04620361328125
0,0,0,False,0.16887137293815613,0.8311286270618439,False,0.33112862706184387,0.10149552050054186,1_1_2_2,11.37407448,0.763617499,2.124585434,1.94062436,Si1,Si1,combo_002,8,370.105564,284.0749047,0.001376009,0.055270175,1018.1478,204.3,85.1,211.000002,,22.072806008342333,1.6223706155229096,283.2727355957031
0,0,0,False,0.15139415860176086,0.8486058413982391,False,0.34860584139823914,0.12638779280010118,1_1_1_2,11.40426329,0.920832733,1.664539545,1.830123106,Si1,Si1,combo_002,9,366.4492481,281.2563686,0.002483609,0.055345658,1004.617818,207.3,86.4,214.000002,,20.87120575393658,1.5327624984089265,283.91363525390625
0,0,0,False,0.10152257978916168,0.8984774202108383,False,0.3984774202108383,0.11609046432278346,1_1_2_1,11.59005522,0.750702804,2.264944603,1.443989163,Si1,Si1,combo_002,10,370.3406031,281.868176,0.001403007,0.055248935,1022.096809,205.5,85.6,212.000002,,16.73591413625158,1.7003002643767668,284.4569396972656
1,1,1,False,0.9213815927505493,0.07861840724945068,False,0.4213815927505493,0.11449413398750337,1_1_0_0,10.59219942,0.999397667,1.152991192,0.812184247,Si1,Si1,combo_002,11,352.1690212,858.9522619,0.000766965,0.045762245,936.041286,151.000002,78.1,151.000002,,8.602817510006536,1.152296707356349,286.01702880859375
0,0,0,False,0.02802843414247036,0.9719715658575296,False,0.47197156585752964,0.12204297638425127,0_1_1_2,9.575003037,0.950053514,2.014282415,1.752509343,Si1,Si1,combo_002,12,337.0424591,281.927104,0.002072025,0.055377,876.6243441,188.5,78.7,194.000002,,16.780282281595877,1.9136760865591562,283.4080505371094
0,0,0,False,0.029603388160467148,0.9703966118395329,False,0.47039661183953285,0.1371653869050745,0_1_0_2,9.404878788,1.057990761,1.514254062,1.862527394,Si1,Si1,combo_002,13,333.6766913,283.3563335,-0.000677916,0.055318584,868.1834316,183.1,78.0,188.000002,,17.516844379899517,1.6020668074027211,282.2095642089844
0,0,0,False,0.017678741365671158,0.9823212586343288,False,0.48232125863432884,0.08189820388936099,0_1_2_3,9.143459488,0.935200025,2.102489273,2.073012533,Si1,Si1,combo_002,14,334.1426364,283.4803307,-0.00065831,0.055398999,864.7740455,183.3,76.7,188.000002,,18.954506113601763,1.966248020671832,281.8979797363281
0,0,1,True,0.5327438116073608,0.46725618839263916,True,0.03274381160736084,0.052196572234318735,3_1_3_1,15.98699135,0.760847496,2.786368571,1.162305709,Si1,PU,combo_001,15,428.7951544,280.8678106,-0.000390525,0.055086733,1371.536449,240.4,102.1,248.000002,,18.581771315838616,2.1200015501784484,282.3023376464844
1,1,0,True,0.10012209415435791,0.8998779058456421,False,0.3998779058456421,0.11920658845833387,2_1_3_3,13.95151808,0.836233846,2.825356957,2.258623674,Si1,PU,combo_001,16,409.4056102,527.4216972,-0.026831402,0.031586334,1218.809842,235.4,94.3,235.4,,31.511229023727022,2.3626591144749662,282.6939697265625
1,1,1,False,0.9216005206108093,0.07839947938919067,False,0.4216005206108093,0.08990188077145099,1_0_2_3,11.87471369,0.589445849,2.147315889,2.497347025,Si1,Si1,combo_002,17,391.5511506,877.5110742,0.023880582,0.035964731,1086.588228,177.000002,85.0,177.000002,,29.65528090644827,1.2657264372627948,284.5794372558594
1,1,0,True,0.4797248840332031,0.5202751159667969,True,0.020275115966796875,0.08241792116336231,0_0_3_3,9.973421096,0.638943298,2.928297126,2.478759423,Si1,Si1,combo_002,18,355.7423844,910.5238243,0.000720557,0.039630608,950.4261851,172.000002,79.7,172.000002,,24.721711521256985,1.8710158232103615,284.8463134765625
1,1,1,False,0.9190253019332886,0.08097469806671143,False,0.4190253019332886,0.0513434337501409,3_1_2_2,15.25135761,0.745185201,2.050812275,1.533665069,Si1,Si1,combo_002,19,417.758444,842.3905161,0.000372134,0.036841266,1282.863874,224.000002,101.0,224.000002,,23.390474421284324,1.5282349573591423,284.2026672363281
0,0,1,True,0.7429482340812683,0.2570517659187317,False,0.2429482340812683,0.05356006248239544,1_1_3_3,11.58914386,0.759412684,2.962953811,2.459384004,Si1,PU,combo_001,20,382.4253342,284.9485127,0.001402893,0.055246703,1061.676781,204.9,84.6,212.000002,,28.502155029338816,2.2501047061795387,284.06427001953125
0,0,0,False,5.531253464141628e-07,0.9999994468746536,False,0.4999994468746536,0.5222207274318659,3_3_0_3,15.2593202,1.977041325,1.159742584,2.472436839,Si1,PU,combo_001,21,361.2965707,254.8072979,0.000372333,0.055302642,1016.820012,259.1,98.2,268.000002,,37.72770540057685,2.2928590149302837,257.58331298828125
0,0,0,False,7.469373031199211e-06,0.9999925306269688,False,0.4999925306269688,0.08448533758407517,1_2_2_1,10.35767076,1.303543451,2.332134603,1.18611004,Si1,Si1,combo_002,22,314.4634287,264.2823196,0.002248126,0.055227093,831.8905125,210.1,82.5,216.000002,,12.28533727945043,3.0400387885911346,264.8004455566406
1,1,1,False,0.8528203964233398,0.14717960357666016,False,0.35282039642333984,0.05953910577075578,2_0_3_0,13.18351564,0.476879305,2.950939235,0.97730836,Si1,Si1,combo_002,1,397.757032,886.5212298,-0.01377883,0.03364598,1157.650609,188.000002,90.5,188.000002,Itr_6,12.88436004916275,1.4072418514840315,283.6902770996094
1,1,1,False,0.5483512878417969,0.4516487121582031,True,0.048351287841796875,0.149116204659784,3_0_3_1,15.2855197,0.590363492,2.664887473,1.100060159,Si1,Si1,combo_002,2,416.0726059,894.2108523,-0.00559482,0.03916374,1294.430938,205.000002,99.6,205.000002,,16.814991231579633,1.5732522743473358,282.8664245605469
1,1,1,False,0.8417990803718567,0.1582009196281433,False,0.3417990803718567,0.05953910577075578,2_0_3_1,13.59593358,0.495291181,2.91239867,1.01552444,Si1,Si1,combo_002,3,399.9457858,880.8510829,-0.002976734,0.039359042,1181.11556,172.000002,92.0,172.000002,,13.807002835106697,1.4424853768071293,283.24713134765625
1,1,1,False,0.7099289894104004,0.2900710105895996,False,0.2099289894104004,0.17593081112357406,3_0_3_1,14.31240387,0.526800656,2.913908007,1.428543172,Si1,Si1,combo_002,4,407.1234957,934.8054898,0.00453258,0.03591198,1226.67364,195.000002,95.0,195.000002,,20.445886823394876,1.5350486496112525,284.14593505859375
1,1,1,False,0.7716803550720215,0.22831964492797852,False,0.2716803550720215,0.15395354184686422,3_1_1_3,15.51130038,0.959867608,1.96326713,2.458209077,Si1,PU,combo_001,5,423.3303714,559.9176405,0.000378633,0.039756413,1340.543418,225.000002,101.6,225.000002,,38.130019390189545,1.8844765239381251,283.6087951660156
0,0,1,True,0.9057386517524719,0.09426134824752808,False,0.4057386517524719,0.14557228249878096,1_1_1_1,11.44535656,0.829138704,1.72093207,1.145548873,Si1,Si1,combo_002,6,367.1750926,283.9288137,0.00138492,0.055171409,1024.111155,198.9,86.2,205.000002,,13.111215308391158,1.4268913861918373,287.54852294921875
1,1,1,False,0.7566207051277161,0.24337929487228394,False,0.25662070512771606,0.05089297498450791,1_1_0_2,11.8231766,1.045278436,1.126532208,1.562394333,Si1,Si1,combo_002,7,370.9480536,970.5474688,0.023200783,0.036376537,1000.747658,193.000002,83.3,193.000002,,18.47246411789821,1.1775398244818667,284.6059875488281
0,0,0,False,0.23906102776527405,0.760938972234726,False,0.26093897223472595,0.050988204327917605,1_1_1_0,10.39405512,0.912514792,1.743238171,0.729859669,Si1,Si1,combo_002,8,343.9170528,284.1718576,-0.001754911,0.055327165,926.7857174,189.0,82.5,195.000002,,7.586201629450956,1.5907306170165254,287.2779541015625
1,1,1,False,0.6293954253196716,0.37060457468032837,False,0.12939542531967163,0.05085785130062191,1_1_2_1,10.23474041,0.839176632,2.126943954,1.010266646,Si1,Si1,combo_002,9,345.9111612,845.7693149,-0.000740156,0.039228242,933.1557173,181.000002,81.0,181.000002,,10.339816866691367,1.7848816637704832,291.63739013671875
0,0,0,False,0.07174278795719147,0.9282572120428085,False,0.42825721204280853,0.18174185032290166,0_1_3_1,8.273551543,1.03447117,2.993400399,1.304511683,Si1,PU,combo_001,10,317.2930329,283.0164465,0.000197689,0.055426425,804.0051001,168.6,72.9,173.000002,,10.792944647746177,3.096586413031997,282.65667724609375
0,0,0,False,0.4655776023864746,0.5344223976135254,True,0.03442239761352539,0.12479874610993713,0_1_0_3,9.214904316,1.114278836,1.121347953,2.341592258,Si1,Si1,combo_002,11,331.8685998,284.9318143,-0.000663668,0.055402813,841.4722029,169.7,73.3,174.000002,,21.577548604556384,1.2494942918198226,282.54718017578125
0,0,0,False,0.03761673718690872,0.9623832628130913,False,0.4623832628130913,0.08241792116336231,0_1_3_3,9.544915916,0.742295648,2.958574445,2.451788308,Si1,Si1,combo_002,12,343.9318088,282.7785608,-0.000688419,0.05528676,907.3864937,189.9,78.1,195.000002,,23.40211324369191,2.1961369348075155,281.546630859375
1,1,1,False,0.9840056300163269,0.015994369983673096,False,0.4840056300163269,0.11734357565891647,3_1_0_3,15.91781391,1.011841025,1.487143196,2.297736468,Si1,PU,combo_001,13,429.2378306,586.9607518,-0.000388795,0.042378682,1394.337679,218.000002,105.4,218.000002,,36.57494151184467,1.5047524957624159,284.9898681640625
0,0,1,True,0.8736032247543335,0.1263967752456665,False,0.3736032247543335,0.05086223601855069,2_1_0_3,13.88886555,1.063220778,1.221172473,2.390887041,Si1,PU,combo_001,14,402.9382899,283.7204132,-0.000338072,0.055133812,1159.231353,217.5,88.7,225.000002,,33.20670865768634,1.298375946815244,283.8605041503906
0,0,1,True,0.8545361757278442,0.14546382427215576,False,0.35453617572784424,0.09417395819055754,1_0_3_3,11.92889038,0.508914899,2.825672635,2.335557432,Si1,Si1,combo_002,15,386.8344467,284.8641923,-0.001445361,0.055211864,1086.599792,210.1,86.3,217.000002,,27.860608582522303,1.4380269036480888,283.9290771484375
0,0,0,False,0.11535324156284332,0.8846467584371567,False,0.3846467584371567,0.05488928246929122,0_1_3_3,9.947937043,0.950297145,2.605597265,2.499295118,Si1,PU,combo_001,16,351.2997175,283.6955162,-0.00167684,0.055298078,920.7992875,188.1,79.7,193.000002,,24.862830485741256,2.476091641949308,283.9067077636719
1,1,1,False,0.9549581408500671,0.04504185914993286,False,0.45495814085006714,0.05177993917639539,1_0_2_3,10.51798946,0.633034605,2.356952197,2.41433724,Si1,Si1,combo_002,17,367.7269572,846.6896198,0.0002538,0.042892158,993.2576964,168.000002,81.5,168.000002,,25.39397364320549,1.492032303031777,287.19219970703125
1,1,0,True,0.09795443713665009,0.9020455628633499,False,0.4020455628633499,0.052196572234318735,3_1_3_1,15.92794197,0.76499303,2.776086256,1.264972196,Si1,PU,combo_001,18,427.706501,527.2850338,0.004279534,0.043184384,1366.430377,215.000002,102.0,215.000002,,20.148403731551465,2.1236866365187956,281.0141906738281
1,1,1,False,0.9999998807907104,1.1920928955078125e-07,False,0.49999988079071045,0.1663207692087232,0_0_0_3,8.453771432,0.267029032,1.130929037,2.458920092,Si1,Si1,combo_002,19,571.6320645,924.7591082,0.000202194,-0.001010971,1005.080984,69.000002,62.3,69.000002,,20.78714842732041,0.3019908860108022,301.1637268066406
0,0,0,False,2.8514557035008714e-11,0.9999999999714855,False,0.4999999999714854,0.32048729691770916,1_3_3_3,10.64317512,1.909594844,2.913207073,2.252177508,Si1,PU,combo_001,20,297.1490543,247.3780096,0.001284648,0.055241457,754.9796054,228.7,85.3,236.000002,,23.970319618969203,5.563045206105132,245.1253204345703
0,0,1,True,0.6264265775680542,0.3735734224319458,False,0.1264265775680542,0.13446263943485764,3_1_2_1,14.21933944,0.875633405,2.3212883,1.337880073,Si1,PU,combo_001,1,406.6639306,284.9036331,0.002424335,0.055110347,1236.570623,220.4,96.0,227.000002,Itr_7,19.02377088799898,2.0325975781156616,282.7174987792969
1,1,0,True,0.4346356987953186,0.5653643012046814,True,0.0653643012046814,0.104170135172001,1_1_0_0,11.93183212,1.006523977,1.143881413,0.765553126,Si1,Si1,combo_002,2,368.946216,631.2719881,0.030938601,0.039612975,1009.323498,174.000002,83.5,174.000002,,9.134451378373207,1.1513440690291394,283.8115234375
0,0,0,False,0.4766864776611328,0.5233135223388672,True,0.023313522338867188,0.08221975006843976,3_1_2_2,14.39737002,0.89782747,2.363695935,1.896521777,Si1,PU,combo_001,3,410.0197733,284.703596,-0.00245549,0.055111172,1246.186736,232.0,96.9,239.000002,,27.304925774456926,2.1221911411703345,283.07708740234375
1,1,1,False,0.6222471594810486,0.3777528405189514,False,0.12224715948104858,0.0950888845714779,2_1_2_2,13.79137828,0.867009323,2.310608367,1.802432988,Si1,PU,combo_001,4,405.7581029,642.9795252,-0.022487512,0.033899085,1209.964598,212.000002,94.2,212.000002,,24.8580351618587,2.0033189959908055,282.86968994140625
0,0,1,True,0.8026860952377319,0.19731390476226807,False,0.30268609523773193,0.0737589734825022,2_1_3_3,12.03898746,0.754280327,2.772834887,2.250599915,Si1,PU,combo_001,5,388.1045211,284.7400396,0.000291825,0.055181519,1097.874245,207.8,85.8,214.000002,,27.094944154162064,2.0914948052833684,283.82220458984375
1,1,1,False,0.7617700099945068,0.23822999000549316,False,0.26177000999450684,0.1062439855059141,1_1_2_1,11.56041398,0.69266827,2.195672803,1.106434328,Si1,Si1,combo_002,6,372.0061876,608.3371501,-0.03218394,0.037221427,1038.419759,184.000002,86.4,184.000002,,12.790838873363105,1.5208728819400608,284.43316650390625
1,1,1,False,0.643818199634552,0.356181800365448,False,0.143818199634552,0.13017662797479765,3_1_1_0,14.13339081,0.942071431,1.762460684,0.928391392,Si1,PU,combo_001,7,403.2674068,523.2339229,0.004474402,0.041646355,1265.62982,188.000002,94.8,188.000002,,13.121318367775908,1.660363858657119,282.7494201660156
0,0,1,True,0.9498487710952759,0.05015122890472412,False,0.4498487710952759,0.1062439855059141,1_1_1_1,11.82824913,0.715932096,2.027735243,1.199766475,Si1,Si1,combo_002,8,377.4340386,284.9887206,0.002579006,0.055259398,1056.59778,202.8,86.1,209.000002,,14.191136764121918,1.4517207426540593,286.69158935546875
0,0,1,True,0.8162110447883606,0.1837889552116394,False,0.3162110447883606,0.12164382149455699,1_1_1_2,11.72426115,0.979558603,1.792544549,1.623291119,Si1,PU,combo_001,9,372.9499349,284.6447206,0.001419783,0.055293783,1056.003534,201.1,86.3,207.000002,,19.031889001631725,1.755902434233705,283.43658447265625
1,1,0,True,0.4399721622467041,0.5600278377532959,True,0.0600278377532959,0.13446263943485764,3_1_3_1,14.33342771,0.838805769,2.558720681,1.25260745,Si1,PU,combo_001,10,407.9415255,579.5393722,-0.001745929,0.038759618,1243.290052,198.000002,96.3,198.000002,,17.954158333582438,2.1462696684824087,281.9934387207031
0,0,1,True,0.6358118653297424,0.36418813467025757,False,0.13581186532974243,0.05005018762564428,0_1_2_1,9.862887473,1.050109958,2.187092268,1.207612589,Si1,PU,combo_001,11,338.2836615,283.7557834,0.001661956,0.055290981,895.8691228,182.8,79.6,188.000002,,11.910547076285198,2.2966873696916044,285.2993469238281
1,1,1,False,0.5033098459243774,0.49669015407562256,True,0.0033098459243774414,0.16839147453665576,0_1_2_1,9.863695151,1.002064456,2.426117063,1.489334994,Si1,PU,combo_001,12,341.2119564,1033.204349,0.000712328,0.041077553,906.2711446,181.000002,79.3,181.000002,,14.690346358532414,2.431125674927413,284.59783935546875
1,1,0,True,0.1712052822113037,0.8287947177886963,False,0.3287947177886963,0.09549703546099554,0_1_3_2,9.761660415,0.917111609,2.85132848,1.945996659,Si1,PU,combo_001,13,347.1452712,891.5018353,0.00305359,0.037817532,915.7190062,183.000002,78.5,183.000002,,18.99615855388255,2.614986450080324,283.9127197265625
0,0,1,True,0.6666630506515503,0.3333369493484497,False,0.1666630506515503,0.11362357598314485,3_1_0_0,15.96528394,1.017758372,1.394411448,0.624424939,Si1,PU,combo_001,14,423.002533,276.9758846,0.000389982,0.05504874,1382.754458,233.5,104.4,241.000002,,9.96912145035218,1.419173925214643,282.58001708984375
1,1,1,False,0.6099146008491516,0.3900853991508484,False,0.10991460084915161,0.1128408098990809,2_0_2_3,13.94784998,0.682728863,2.188335245,2.492297994,Si1,Si1,combo_002,15,409.1073466,552.693576,0.002376824,0.039047819,1195.247137,201.000002,95.0,201.000002,,34.76219852576694,1.4940396336816766,284.8063659667969
1,1,1,False,0.7539712190628052,0.24602878093719482,False,0.2539712190628052,0.0963399748346754,1_1_0_3,11.82582415,0.99203886,1.418649653,2.282452322,Si1,PU,combo_001,16,379.1823606,923.2799926,0.00716239,0.036957932,1058.941981,200.000002,88.2,200.000002,,26.99187979073118,1.4073555845015155,284.199462890625
0,0,0,False,0.2399437129497528,0.7600562870502472,False,0.2600562870502472,0.12575542321988958,0_1_3_3,9.77629578,0.923469719,2.885109932,2.24815933,Si1,PU,combo_001,17,347.8654742,284.5476631,0.001646803,0.055275128,909.8975737,185.5,78.7,191.000002,,21.978670570646628,2.6643116581881494,283.37420654296875
0,0,0,False,0.0024008627515286207,0.9975991372484714,False,0.4975991372484714,0.0504108955815652,3_1_2_0,14.43332764,0.712429389,2.465954833,0.687783121,Si1,Si1,combo_002,18,399.0039012,280.7019616,-0.000351683,0.055181294,1204.605705,218.2,97.2,226.000002,,9.926999130654766,1.756818694975787,279.63232421875
0,0,0,False,0.01750996522605419,0.9824900347739458,False,0.4824900347739458,0.05048860283836832,3_0_3_0,14.33779141,0.633932594,2.598373073,0.533939186,Si1,Si1,combo_002,19,398.9760095,283.3878973,0.002445063,0.055344285,1206.343097,211.7,96.0,219.000002,,7.655508674493192,1.6471933823466414,281.6863098144531
1,1,1,False,1.0,0.0,False,0.5,0.18780843259516894,0_0_0_3,8.012492482,0.256270076,1.258800718,2.126281011,Si1,PU,combo_001,20,448.1583535,826.7926205,-0.000191162,0.014337169,954.3541432,84.000002,68.0,84.000002,,17.03681061525686,0.3225929556707146,317.9659729003906
1,1,1,False,0.9993970990180969,0.0006029009819030762,False,0.4993970990180969,0.2504244483523208,0_1_0_3,8.070334292,0.751612511,1.354690932,2.078605857,Si1,Si1,combo_002,21,345.0640369,864.8839803,-0.000192608,0.047959454,848.2726789,124.000002,73.7,124.000002,,16.775044127299147,1.0182026530294503,294.0838928222656
1,1,1,False,0.5511878728866577,0.4488121271133423,True,0.051187872886657715,0.14681394120419003,3_1_0_0,14.03226112,0.954224633,1.21572256,0.967984772,Si1,Si1,combo_002,1,399.7192977,891.4304548,0.023574299,0.036557246,1158.326282,191.000002,90.1,191.000002,Itr_8,13.583015080887664,1.1600724136458205,282.9012756347656
0,0,1,True,0.7385097742080688,0.26149022579193115,False,0.23850977420806885,0.05038680090442296,1_1_2_1,11.75426893,0.91587773,2.152722762,1.392669624,Si1,PU,combo_001,2,373.8984396,283.0519679,0.001423534,0.055366552,1061.304198,199.6,85.4,206.000002,,16.369813291137984,1.97163083657989,284.5125427246094
1,1,1,False,0.9334468841552734,0.06655311584472656,False,0.43344688415527344,0.16737480893723383,3_1_0_1,15.24633975,0.910531512,1.463366558,1.373145988,Si1,Si1,combo_002,4,418.0382844,812.9195861,0.000372009,0.036828842,1295.764425,220.000002,103.5,220.000002,,20.935450259397424,1.3324413646659756,284.47637939453125
0,0,1,True,0.9121785163879395,0.08782148361206055,False,0.41217851638793945,0.07452431316517714,2_1_0_1,13.00074572,0.939004886,1.340860554,1.20689841,Si1,Si1,combo_002,5,386.8411242,283.0511687,0.000315869,0.055230573,1135.771724,213.3,93.3,220.000002,,15.690579338282305,1.2590746116506668,284.4684143066406
1,1,1,False,0.5038232803344727,0.49617671966552734,True,0.0038232803344726562,0.1060028377961756,1_0_3_3,10.60631365,0.598487654,2.766931654,2.489754529,Si1,Si1,combo_002,6,366.2441837,967.282026,0.000768023,0.032000969,992.9782563,182.000002,81.4,182.000002,,26.40711744608202,1.6559744343807998,284.37359619140625
1,1,1,False,0.7935136556625366,0.20648634433746338,False,0.2935136556625366,0.1519175812377726,3_1_0_2,14.72304427,0.907644941,1.489350618,1.680039172,Si1,Si1,combo_002,7,413.183529,600.0279922,-0.003948186,0.036969378,1250.430186,218.000002,101.0,218.000002,,24.73529110469015,1.3518015538029236,283.36175537109375
1,1,1,False,0.9335529208183289,0.06644707918167114,False,0.43355292081832886,0.05018307980449159,1_2_0_1,11.19584821,1.138306485,1.19352063,1.101337574,Si1,PU,combo_001,8,355.2305031,878.4072639,0.002436716,0.044673131,958.9603058,165.000002,78.8,165.000002,,12.330408306473641,1.3585922731102855,284.2992248535156
0,0,1,True,0.8742915987968445,0.12570840120315552,False,0.3742915987968445,0.09178741718072816,2_1_0_1,12.60503714,0.960304069,1.298758358,1.018881925,Si1,Si1,combo_002,9,380.1574881,284.2573751,0.000305976,0.055287833,1057.761295,202.4,85.9,209.000002,,12.843044505899696,1.2472029358351586,284.6556701660156
1,1,1,False,0.6217469573020935,0.3782530426979065,False,0.1217469573020935,0.12124371071618699,0_1_3_0,8.837589081,1.030343863,2.599167386,0.888989149,Si1,PU,combo_001,10,322.467338,991.8764916,0.00021179,0.044687637,839.2399839,170.000002,74.5,170.000002,,7.8565207963298835,2.6780361650748516,287.0340576171875
1,1,1,False,0.6622368097305298,0.3377631902694702,False,0.16223680973052979,0.1522958468908038,1_2_0_2,10.62329005,1.142768229,1.290076618,1.618047571,Si1,PU,combo_001,11,350.3519033,835.8063458,0.005897942,0.04333705,925.0187065,166.000002,76.2,166.000002,,17.18898866143097,1.4742585720261696,283.25543212890625
1,1,1,False,0.6256892085075378,0.37431079149246216,False,0.12568920850753784,0.12124371071618699,0_1_2_0,9.435059439,1.035957748,2.432253937,0.96367779,Si1,PU,combo_001,12,330.9153861,546.0877509,0.004307804,0.041037497,871.3626368,169.000002,78.1,169.000002,,9.092357228694159,2.5197123111386537,285.2322692871094
0,0,1,True,0.5914565324783325,0.4085434675216675,True,0.09145653247833252,0.09089475429451047,0_1_2_0,8.307366891,0.950413249,2.320618981,0.554508085,Si1,Si1,combo_002,13,310.8971909,284.520527,0.000198534,0.055346261,811.0614462,170.6,73.4,175.000002,,4.606502106120813,2.205547025423279,283.9503173828125
1,1,0,True,0.06872066855430603,0.931279331445694,False,0.43127933144569397,0.1341986930895052,0_1_3_3,8.152773061,0.989484054,2.538888792,2.42792588,Si1,PU,combo_001,14,326.1179139,1054.918728,-0.000194669,0.04418992,807.9318499,161.000002,72.7,161.000002,,19.794328708568717,2.5121899745633223,284.0950012207031
1,1,1,False,0.9111773371696472,0.08882266283035278,False,0.4111773371696472,0.04661201396110539,3_1_1_2,15.96200989,1.01543988,1.574883442,1.627362512,Si1,PU,combo_001,15,423.3795108,519.4383289,0.002729302,0.037040524,1382.168338,239.000002,105.0,239.000002,,25.975976511159242,1.5991994533584668,284.1268005371094
1,1,0,True,0.46940651535987854,0.5305934846401215,True,0.03059348464012146,0.1655235809053736,2_1_2_3,13.84254575,0.914958172,2.168490896,2.270124882,Si1,PU,combo_001,16,406.8681537,871.3055437,-0.031332979,0.029985324,1210.071297,232.000002,94.6,232.000002,,31.424307537298354,1.984078466202802,282.98468017578125
1,1,0,True,0.4198532998561859,0.5801467001438141,True,0.08014670014381409,0.08990188077145099,1_0_2_3,11.9784753,0.63087922,2.245515586,2.360492096,Si1,Si1,combo_002,17,387.2393553,518.208027,-0.031063371,0.035708361,1084.967134,200.000002,85.6,200.000002,,28.27509626778123,1.4166491213935226,283.7264709472656
0,0,0,False,0.061890579760074615,0.9381094202399254,False,0.4381094202399254,0.09037729263884074,0_1_2_3,9.9435552,0.799730943,2.485025519,2.324614059,Si1,Si1,combo_002,18,348.7812062,281.6931013,0.002154951,0.055285485,917.4245245,193.2,80.1,200.000002,,23.114928214362557,1.9873518016889347,282.9834899902344
0,0,0,False,0.16535060107707977,0.8346493989229202,False,0.3346493989229202,0.05085785130062191,1_1_2_1,10.2941012,0.884978666,2.111963523,1.094748462,Si1,Si1,combo_002,19,343.3740657,282.6708812,0.001737418,0.055300478,927.893805,192.7,81.5,198.000002,,11.269451456372355,1.8690426612252002,289.606689453125
1,1,1,False,0.8797186613082886,0.12028133869171143,False,0.3797186613082886,0.05086223601855069,3_1_0_3,14.15561101,1.085849822,1.172209894,2.340136276,Si1,PU,combo_001,20,406.1364586,535.7532937,-0.00034474,0.038955648,1172.9732,184.000002,90.0,184.000002,,33.126058833445995,1.2728439047465387,283.87164306640625
1,1,1,False,1.0,0.0,False,0.5,0.2663680460223171,3_0_0_3,15.82165104,0.259695246,1.10153647,2.190873055,Si1,PU,combo_001,21,459.9926058,885.560584,0.005795869,0.050617254,1593.115847,105.000002,82.9,105.000002,,34.66322894914873,0.2860637845546216,295.51153564453125
1,1,1,False,1.0,0.0,False,0.5,0.1744651144617141,1_0_1_2,10.58033962,0.340734264,1.912158468,1.748416572,Si1,PU,combo_001,22,393.2585893,892.5177926,0.000255359,0.049284191,1096.263529,97.000002,78.6,97.000002,,18.498841128996183,0.6515379082453475,302.7557678222656
1,1,1,False,0.6490527391433716,0.3509472608566284,False,0.14905273914337158,0.10467693744506938,3_1_0_0,15.15863707,0.92460388,1.250825532,0.887595092,Si1,Si1,combo_002,1,413.1859117,811.8667457,-0.000369816,0.036611784,1244.045982,198.000002,94.9,198.000002,Itr_9,13.454731864741259,1.1565181400902642,283.3406982421875
0,0,0,False,0.43633031845092773,0.5636696815490723,True,0.06366968154907227,0.06289621593695452,3_1_3_0,15.96834886,0.710169232,2.677128122,0.718077015,Si1,PU,combo_001,2,430.9544662,280.3011919,-0.000390059,0.055054113,1386.206034,233.3,101.5,241.000002,,11.466504283867453,1.9012140223663425,281.7826232910156
1,1,0,True,0.49020734429359436,0.5097926557064056,True,0.00979265570640564,0.0507722183334668,1_0_3_3,11.64648399,0.484018125,2.976629057,2.422048373,Si1,Si1,combo_002,3,383.3914148,625.5220184,0.027919198,0.036379561,1069.91057,183.000002,83.1,183.000002,,28.20834759915005,1.4407424149896582,284.05743408203125
0,0,1,True,0.5301903486251831,0.4698096513748169,True,0.030190348625183105,0.08221975006843976,3_1_2_3,14.41908688,0.902044186,2.393046914,2.05786954,Si1,PU,combo_001,4,410.0523427,284.9392746,0.000351327,0.055153526,1244.273702,234.4,97.1,242.000002,,29.672599684965636,2.158634055598942,282.8719177246094
0,0,1,True,0.5436568260192871,0.4563431739807129,True,0.04365682601928711,0.08763090422301077,2_1_0_0,13.67186267,1.015216031,1.311608347,0.562088597,Si1,PU,combo_001,5,392.8515884,281.9807384,-0.000332647,0.05535966,1205.205474,206.9,95.5,213.000002,,7.684798106556974,1.3315658202678107,282.1053771972656
1,1,1,False,0.7151480913162231,0.28485190868377686,False,0.21514809131622314,0.13017662797479765,3_1_1_1,14.44823042,0.987071296,1.649336106,1.139966431,Si1,PU,combo_001,6,405.937385,840.4732763,-0.005984948,0.033445296,1269.911959,208.000002,96.6,208.000002,,16.47049766615303,1.6280123276890133,282.6513671875
1,1,1,False,0.5987675786018372,0.40123242139816284,True,0.09876757860183716,0.16771833010103385,3_1_0_3,14.53678928,1.059803926,1.430757818,2.059526533,Si1,PU,combo_001,7,410.2949705,630.7703487,-0.001062809,0.031530008,1244.413506,226.000002,100.4,226.000002,,29.938903226789968,1.5163227526715937,283.37139892578125
1,1,0,True,0.4159088134765625,0.5840911865234375,True,0.0840911865234375,0.12028179236890092,1_1_2_0,10.49170679,0.834169191,2.077173302,0.721553432,Si1,Si1,combo_002,8,346.5129446,804.734847,0.000759428,0.038224555,951.762255,186.000002,82.1,186.000002,,7.570327041862203,1.7327139728961385,289.3411560058594
1,1,0,True,0.42827582359313965,0.5717241764068604,True,0.07172417640686035,0.1098577033037637,0_1_1_3,9.987304294,1.074575313,1.703104426,2.321318427,Si1,PU,combo_001,9,346.3675406,551.822067,0.004570118,0.042574253,910.9582091,172.000002,81.1,172.000002,,23.183713493718425,1.8301139716406352,283.583984375
1,1,1,False,0.9254719018936157,0.07452809810638428,False,0.4254719018936157,0.12164382149455699,1_1_1_2,11.83616723,0.770141714,1.786493522,1.590350947,Si1,Si1,combo_002,10,378.5458757,604.5016769,0.034123747,0.03641778,1062.896257,195.000002,86.9,195.000002,,18.823659763080865,1.3758531830829768,285.50775146484375
1,1,1,False,0.6293772459030151,0.37062275409698486,False,0.12937724590301514,0.07350897156708387,1_1_3_3,11.05565623,0.794074276,2.93864961,2.380834766,Si1,PU,combo_001,11,371.6858358,850.3142268,0.000267242,0.032870705,1020.856371,196.000002,83.0,196.000002,,26.321690713328493,2.3335060614784324,284.2806091308594
0,0,1,True,0.5721209645271301,0.4278790354728699,True,0.07212096452713013,0.06961638671570931,0_1_2_1,9.725647314,0.878922218,2.135299117,1.042618334,Si1,Si1,combo_002,12,337.7329298,319.3486304,0.002105921,0.055360968,893.7178523,190.8,79.0,205.000002,,10.140138199594254,1.8767618360070817,283.9817199707031
0,0,0,False,0.12155158817768097,0.878448411822319,False,0.37844841182231903,0.2343609180864727,0_2_0_2,8.218841451,1.253765864,1.201975531,1.961572408,Si1,PU,combo_001,13,307.6474455,277.4424787,-0.000588963,0.055431261,763.761698,156.5,72.5,201.000002,,16.121852616008283,1.5069958901310738,280.54168701171875
0,0,0,False,0.01092725619673729,0.9890727438032627,False,0.4890727438032627,0.16714531236148888,3_1_3_3,15.87015665,0.978849399,2.883515001,2.421138625,Si1,PU,combo_001,14,414.7255417,277.2706004,-0.000387604,0.055269884,1290.446719,267.0,103.4,275.000002,,38.42384925011561,2.8225269257363346,276.09735107421875
0,0,0,False,0.02228875830769539,0.9777112416923046,False,0.4777112416923046,0.12909005890425485,2_1_3_2,13.96539718,0.890890976,2.991278084,1.503281569,Si1,PU,combo_001,15,399.2490011,282.3146827,-0.000339985,0.055288785,1184.496572,224.8,95.3,232.000002,,20.993924184458578,2.66490265174217,277.2830505371094
0,0,1,True,0.6347521543502808,0.36524784564971924,False,0.13475215435028076,0.10770909812023229,1_1_2_3,11.79053321,0.808545311,2.404299454,2.456337628,Si1,PU,combo_001,16,386.1228021,283.6891568,0.00257052,0.055168879,1085.219794,206.3,85.4,213.000002,,28.961530377906623,1.94398504977156,284.6379699707031
0,0,0,False,0.18876850605010986,0.8112314939498901,False,0.31123149394989014,0.07743284956725253,0_1_3_2,9.908754468,0.730808981,2.980508764,1.670106243,Si1,Si1,combo_002,17,344.8321566,284.5725508,0.002147119,0.055423975,926.3554782,191.3,79.5,197.000002,,16.548672697360942,2.17818257268041,283.63519287109375
0,0,0,False,0.03554677963256836,0.9644532203674316,False,0.46445322036743164,0.05005018762564428,0_1_2_1,9.836657719,1.108612618,2.204215875,1.279598045,Si1,PU,combo_001,18,334.7728775,281.0759268,-0.0007103,0.055451681,880.5842507,184.6,79.5,189.000002,,12.586967986566558,2.4436215318209107,280.64373779296875
0,0,1,True,0.6417417526245117,0.3582582473754883,False,0.14174175262451172,0.05018307980449159,1_2_0_1,11.41628896,1.198467574,1.203659846,1.148188405,Si1,PU,combo_001,19,355.9401115,283.4843523,0.001381286,0.055375723,957.5596656,187.3,80.1,193.000002,,13.108050612001508,1.4425472955568337,281.9244079589844
1,1,1,False,1.0,0.0,False,0.5,0.2663680460223171,3_0_0_2,15.88108407,0.270000098,1.119999024,1.658829271,Si1,PU,combo_001,20,464.4893997,974.473968,0.001163631,0.049260379,1590.982582,106.000002,82.8,106.000002,,26.344007110527816,0.30239984623990435,296.4324645996094
0,0,0,False,3.4379615954094334e-06,0.9999965620384046,False,0.4999965620384046,0.08448533758407517,0_2_2_1,9.77814383,1.333352246,2.398846812,1.224430741,Si1,Si1,combo_002,21,305.3176695,265.1153934,0.001647125,0.05528051,801.1013154,203.7,80.2,209.000002,,11.972659895371477,3.1985077845901397,263.6507568359375
0,0,0,False,0.3919115364551544,0.6080884635448456,False,0.10808846354484558,0.10039532585907426,3_1_3_0,14.40609943,0.742769962,2.920808616,0.945744113,Si1,PU,combo_001,1,412.948564,283.4392201,-0.002457018,0.055128195,1246.951864,222.9,95.7,230.000002,Itr_10,13.624483727215155,2.1694889047155925,281.9302978515625
0,0,0,False,0.16503894329071045,0.8349610567092896,False,0.33496105670928955,0.11886424286536343,2_1_3_0,13.28349181,0.792468517,2.850551595,0.51534455,Si1,PU,combo_001,2,392.0602372,280.7312661,0.000322937,0.055199671,1158.170516,201.1,92.0,208.000002,,6.845575109253136,2.258972395121635,282.5193176269531
0,0,0,False,0.08465757966041565,0.9153424203395844,False,0.41534242033958435,0.043728193916326895,1_1_3_0,10.71460622,0.954688051,2.931518692,0.581247535,Si1,PU,combo_001,3,345.1265789,281.9388238,0.002328437,0.055432532,951.7113784,190.9,82.6,197.000002,,6.227838453870668,2.7986858665355494,281.26849365234375
0,0,0,False,0.09069650620222092,0.9093034937977791,False,0.4093034937977791,0.043728193916326895,1_1_3_0,10.4316346,0.96915482,2.930736215,0.629930466,Si1,PU,combo_001,4,340.7873457,282.1771952,-0.002264767,0.055430483,922.058769,189.1,81.6,195.000002,,6.571204444719724,2.8403371289158064,281.5361022949219
1,1,0,True,0.22129686176776886,0.7787031382322311,False,0.27870313823223114,0.10039532585907426,3_1_3_1,14.25159282,0.769574879,2.79595951,1.089323945,Si1,PU,combo_001,5,409.610728,602.6982605,-0.003818537,0.039921071,1241.171034,190.000002,95.3,190.000002,,15.524601313216078,2.151700201597149,282.17413330078125
0,0,0,False,0.0808885246515274,0.9191114753484726,False,0.4191114753484726,0.12970959779827892,1_1_3_0,10.3369511,0.991922922,2.718019685,0.503354505,Si1,PU,combo_001,6,337.5919873,284.9493825,0.002243464,0.055419386,922.3238982,186.4,80.8,192.000002,,5.203150904149706,2.6960660279987194,282.3750915527344
0,0,1,True,0.9367738962173462,0.06322610378265381,False,0.4367738962173462,0.12562798139745693,0_2_0_1,8.645609897,1.201175531,1.202616741,1.121623362,Si1,PU,combo_001,7,308.5875426,280.9449423,0.00020699,0.055279703,776.4860182,154.5,70.1,159.000002,,9.697118039213613,1.4445538024601645,283.74407958984375
0,0,0,False,0.3645879626274109,0.6354120373725891,False,0.1354120373725891,0.10527086530566725,3_1_3_0,14.41492781,0.759148724,2.76629211,0.813388979,Si1,PU,combo_001,8,410.598938,284.6476347,0.000351223,0.055145414,1251.738976,215.7,96.0,223.000002,,11.724943413734605,2.1000271255177676,282.37835693359375
1,1,0,True,0.37276363372802734,0.6272363662719727,False,0.12723636627197266,0.15765381286254132,0_2_0_1,9.619677132,1.202696212,1.106500713,1.369138947,Si1,PU,combo_001,9,327.1548721,586.5099454,-0.001619394,0.044649006,844.826249,153.000002,73.2,153.000002,,13.170674618986459,1.330784216100399,281.5975646972656
1,1,1,False,0.6265496015548706,0.3734503984451294,False,0.1265496015548706,0.13491875340746146,1_2_0_2,10.02548183,1.157714529,1.21139789,1.901949888,Si1,PU,combo_001,10,341.8780551,920.9418195,-0.001207435,0.044675095,887.4017151,153.000002,74.7,153.000002,,19.067964043714536,1.4024529376529438,283.31817626953125
1,1,1,False,0.6343815326690674,0.3656184673309326,False,0.13438153266906738,0.12909005890425485,3_1_3_2,14.09846015,0.780137156,2.789552306,1.5699105,Si1,PU,combo_001,11,409.7331766,914.2850916,0.000343312,0.033987839,1229.590209,201.000002,94.8,201.000002,,22.133320623316575,2.1762334025160817,282.8879089355469
0,0,0,False,0.05726825073361397,0.942731749266386,False,0.44273174926638603,0.18174185032290166,0_1_3_2,8.11230088,1.01178229,2.985888453,1.66473438,Si1,PU,combo_001,12,318.8813043,282.8428235,0.001355603,0.055443023,798.9237722,166.3,72.4,170.000002,,13.504826175840254,3.021069056660897,282.34600830078125
0,0,1,True,0.6972705125808716,0.3027294874191284,False,0.19727051258087158,0.22117950563151675,3_2_0_1,15.99147227,1.173755249,1.142008427,1.151078649,Si1,PU,combo_001,13,415.3959697,281.8321176,-0.000390637,0.055094573,1279.471843,233.7,96.4,241.000002,,18.407442296072563,1.3404383855934834,282.8943786621094
1,1,0,True,0.4629214406013489,0.5370785593986511,True,0.03707855939865112,0.0998656276650547,2_0_2_3,13.91456788,0.656303257,2.42658065,2.106167791,Si1,Si1,combo_002,14,404.3425248,526.5238231,0.000338714,0.032855282,1189.359535,219.000002,94.6,219.000002,,29.30641469453915,1.5925727839681771,284.1347961425781
1,1,0,True,0.16581512987613678,0.8341848701238632,False,0.3341848701238632,0.09421589177028769,1_0_3_3,11.84296028,0.594245131,2.556571599,2.181878428,Si1,Si1,combo_002,15,383.1402631,576.6980546,-0.043325524,0.031274716,1069.488704,218.000002,84.9,218.000002,,25.83989955859284,1.5192302247586345,283.5478210449219
1,1,0,True,0.3514305353164673,0.6485694646835327,False,0.14856946468353271,0.07389637859819156,0_1_2_3,9.768419747,0.786411902,2.108413685,2.4301955,Si1,Si1,combo_002,16,351.8920646,875.5778033,0.000705182,0.041135588,922.5265382,173.000002,79.2,173.000002,,23.739169711270538,1.658081616223679,285.15283203125
0,0,0,False,0.017915023490786552,0.9820849765092134,False,0.48208497650921345,0.11841415998739917,1_1_3_0,11.62571913,0.94931189,2.992589617,0.575382698,Si1,PU,combo_001,19,356.7512728,279.4850168,0.001407465,0.055336312,1004.47555,196.6,85.6,203.000002,,6.689237639209613,2.8409009053086463,277.98492431640625
0,0,0,False,4.326153602018934e-10,0.9999999995673846,False,0.4999999995673846,0.3433435102794758,1_3_2_1,11.10307209,1.876189312,2.447594136,1.214296532,Si1,PU,combo_001,20,299.506017,250.012686,0.000268427,0.055397955,787.5158008,223.7,87.1,231.000002,,13.482421933432992,4.592149958077075,250.467529296875
1,1,1,False,0.8444212079048157,0.15557879209518433,False,0.3444212079048157,0.11494814586658254,0_1_1_0,9.690208398,1.06129044,1.692919851,0.630887367,Si1,PU,combo_001,1,332.4235317,888.8486347,-0.001631737,0.044523103,889.9100508,154.000002,80.1,154.000002,Itr_11,6.1134300618955075,1.7966796535525247,285.6761169433594
0,0,0,False,0.289939820766449,0.710060179233551,False,0.21006017923355103,0.11037480910016133,0_2_0_3,8.963911953,1.20434578,1.265978783,2.498398904,Si1,PU,combo_001,2,320.5171217,281.0797101,0.001074739,0.055263312,805.6124912,161.3,71.1,165.000002,,22.395427798927702,1.5246762048755855,281.8674011230469
1,1,0,True,0.37613075971603394,0.6238692402839661,False,0.12386924028396606,0.13283524525224213,3_1_0_2,15.29273053,1.063462154,1.122922327,1.536921164,Si1,Si1,combo_002,3,412.1817099,846.9862775,0.000373168,0.027987619,1232.789499,229.000002,96.0,229.000002,,23.503721206905936,1.1941853966461122,283.46429443359375
1,1,1,False,0.9007536768913269,0.0992463231086731,False,0.4007536768913269,0.11494814586658254,0_1_1_0,9.50114285,1.056043832,1.906301114,0.619408937,Si1,PU,combo_001,4,328.8706754,795.8019128,0.000228379,0.045904079,874.6661752,152.000002,79.3,152.000002,,5.8850927930036505,2.013137533374429,286.12109375
0,0,1,True,0.5243725776672363,0.47562742233276367,True,0.024372577667236328,0.13423278867736532,2_1_0_3,13.18774151,0.883994058,1.39416477,2.338258446,Si1,Si1,combo_002,5,400.5833576,283.8319983,-0.000320544,0.055316745,1160.087056,226.3,93.2,233.000002,,30.8363479694223,1.2324333725529366,283.44439697265625
0,0,0,False,0.27068692445755005,0.72931307554245,False,0.22931307554244995,0.10467693744506938,3_1_0_0,15.87802398,0.964135493,1.325794001,0.830888732,Si1,Si1,combo_002,6,417.9935092,282.0712096,-0.000387801,0.055283836,1324.078478,247.9,107.5,255.000002,,13.192871211407793,1.2782450527705775,281.77471923828125
1,1,1,False,0.6995304226875305,0.3004695773124695,False,0.19953042268753052,0.05603470876241267,1_2_0_1,11.62845063,1.1720872,1.11664959,1.127007629,Si1,PU,combo_001,7,361.0551311,846.4771798,0.006475909,0.038573895,976.8148345,185.000002,80.9,185.000002,,13.105352573459855,1.3088106913242479,282.8208923339844
0,0,0,False,0.2184842824935913,0.7815157175064087,False,0.2815157175064087,0.10947355696533928,3_1_0_0,15.41601529,0.946556467,1.245954395,0.666175465,Si1,Si1,combo_002,8,412.0811433,282.8464719,-0.002633754,0.055216287,1246.899239,219.8,96.2,227.000002,,10.26977115426286,1.1793661901743224,281.8087158203125
0,0,0,False,0.25485900044441223,0.7451409995555878,False,0.24514099955558777,0.19320376469416087,3_1_3_2,15.79049561,0.70408912,2.569578333,1.57820829,Si1,Si1,combo_002,9,417.3590189,283.1894862,0.000385613,0.055128488,1306.372955,257.5,102.7,265.000002,,24.92069107491061,1.809212147253037,282.8175354003906
1,1,1,False,0.6269162893295288,0.3730837106704712,False,0.1269162893295288,0.050533646318637195,2_1_0_0,12.92749667,1.050516059,1.208923434,0.786465977,Si1,PU,combo_001,10,384.5923464,655.8428652,0.027949331,0.040510828,1087.732602,172.000002,85.2,172.000002,,10.167036298735797,1.2699934815184266,282.9082946777344
1,1,1,False,0.8571252822875977,0.14287471771240234,False,0.35712528228759766,0.09901360591090498,1_1_1_0,10.93221292,1.029781424,1.700546021,0.763524121,Si1,PU,combo_001,11,351.0246525,951.1376264,0.000264155,0.039359132,984.3984389,171.000002,84.1,171.000002,,8.347008260327843,1.7511907030829141,284.2531433105469
1,1,1,False,0.8712316751480103,0.12876832485198975,False,0.37123167514801025,0.07315398093503052,1_2_0_1,10.83709664,1.128288638,1.341597552,1.024898181,Si1,PU,combo_001,12,348.9917663,951.7468484,-0.008638658,0.044240398,956.4009737,179.000002,85.5,179.000002,,11.106920633657213,1.513709274690214,282.9458923339844
1,1,1,False,0.6089520454406738,0.39104795455932617,False,0.10895204544067383,0.10149552050054186,1_1_1_2,11.78389599,0.738973835,1.964982697,1.899513913,Si1,Si1,combo_002,13,378.7973604,575.3483962,0.026546608,0.037964504,1058.926332,182.000002,86.2,182.000002,,22.38367438234991,1.452070799310733,284.42181396484375
1,1,1,False,0.6678088307380676,0.3321911692619324,False,0.16780883073806763,0.07315398093503052,1_2_0_0,10.83683717,1.140705205,1.267734229,0.901774455,Si1,PU,combo_001,14,347.056208,627.120945,0.002879481,0.045809925,938.9720837,155.000002,77.1,155.000002,,9.772382932900493,1.4461110335769618,283.01959228515625
0,0,0,False,0.06964113563299179,0.9303588643670082,False,0.4303588643670082,0.08442663976376256,3_0_3_0,15.78732881,0.519477261,2.894279895,0.69772649,Si1,Si1,combo_002,15,415.5372522,284.2294444,-0.000385533,0.055122861,1329.225847,240.0,100.8,247.000002,,11.015237517077177,1.5035125924219677,281.7859802246094
0,0,0,False,0.3891030550003052,0.6108969449996948,False,0.11089694499969482,0.05116501303956534,2_0_3_3,13.98445722,0.598919187,2.891769448,2.201415715,Si1,Si1,combo_002,16,402.0642377,284.9675694,-0.000340462,0.055327382,1188.294424,235.3,94.3,243.000002,,30.78560388985321,1.7319362067875987,282.83441162109375
1,1,1,False,0.5192338824272156,0.4807661175727844,True,0.019233882427215576,0.1371653869050745,0_1_1_3,9.933561998,0.927465568,1.626597887,2.009331462,Si1,Si1,combo_002,18,348.4963581,796.7485954,-0.000239189,0.043293209,918.0758662,175.000002,80.6,175.000002,,19.959818652308982,1.5086135331740549,285.64105224609375
0,0,0,False,0.2801055312156677,0.7198944687843323,False,0.21989446878433228,0.050352116936539904,1_1_2_3,11.80659218,0.722145374,2.094611476,2.251113192,Si1,Si1,combo_002,19,379.9713224,283.2419689,0.002574133,0.055207421,1048.35543,209.8,87.3,217.000002,,26.57797540896204,1.5126139877207119,283.28143310546875
1,1,1,False,0.8302938342094421,0.16970616579055786,False,0.33029383420944214,0.05038680090442296,1_1_2_1,11.70742308,0.91040331,2.065222713,1.353996275,Si1,PU,combo_001,20,373.2066469,548.2067681,0.000283536,0.04167973,1071.79851,187.000002,85.2,187.000002,,15.851807240169029,1.8801855938023797,284.5291442871094
1,1,0,True,0.4927907884120941,0.5072092115879059,True,0.007209211587905884,0.14890026943858437,2_1_0_3,12.62095861,0.960793607,1.189391346,2.499274118,Si1,Si1,combo_002,21,389.577463,874.0172333,0.040134991,0.036458503,1070.284,204.000002,86.0,204.000002,,31.54323519832226,1.142759601457925,283.5220947265625
0,0,0,False,0.00016968653653748333,0.9998303134634625,False,0.4998303134634625,0.22409671257700808,2_2_0_2,13.84538485,1.312874421,1.499320046,1.610234914,Si1,Si1,combo_002,22,373.8628936,269.5479664,-0.000336985,0.055382729,1080.930335,237.8,99.0,246.000002,,22.294322083236654,1.9684189372859435,269.8270568847656
1,1,1,False,0.7307655811309814,0.26923441886901855,False,0.23076558113098145,0.06456918764839333,1_1_0_3,10.126714,1.075995045,1.548622301,2.464896367,Si1,PU,combo_001,1,350.4788844,995.60035,-0.008540621,0.043679177,920.3741864,182.000002,82.2,182.000002,Itr_12,24.96130054824804,1.6663099224524984,284.6736755371094
0,0,0,False,0.028199542313814163,0.9718004576861858,False,0.47180045768618584,0.09817839459652143,1_1_3_0,10.11604426,0.76614581,2.968749789,0.519951774,Si1,Si1,combo_002,2,336.2533787,283.3170936,0.002193759,0.055293863,917.9922767,188.8,80.3,194.000002,,5.2598551588495175,2.274495211780734,284.2107849121094
0,0,0,False,0.058043528348207474,0.9419564716517925,False,0.4419564716517925,0.16288315460923905,0_1_1_3,8.400918354,1.087563454,1.928720859,2.458494912,Si1,PU,combo_001,3,324.0401516,282.8950043,-0.000602619,0.055269601,804.977553,163.4,73.5,167.000002,,20.653615029436413,2.0976063192158874,281.9015197753906
0,0,0,False,0.11437804996967316,0.8856219500303268,False,0.38562195003032684,0.16160694136319648,0_2_1_3,8.174397684,1.135148085,1.587883292,2.490936572,Si1,PU,combo_001,4,317.2771303,281.9851264,0.00019521,0.05527461,784.627,157.8,72.7,161.000002,,20.3619061451477,1.8024826781172956,281.4500427246094
1,1,1,False,0.6477486491203308,0.3522513508796692,False,0.1477486491203308,0.06456918764839333,0_1_0_3,9.934971252,1.103879902,1.46626254,2.38842833,Si1,PU,combo_001,5,346.2212956,673.2447805,-0.006937503,0.040428898,902.7119928,178.000002,82.4,178.000002,,23.72896679601237,1.6185777489614712,284.1325988769531
1,1,0,True,0.45649927854537964,0.5435007214546204,True,0.04350072145462036,0.05037166525016179,1_1_1_3,10.12988247,1.012180403,2.017358923,2.141235576,Si1,PU,combo_001,7,350.2500725,617.2496948,0.000732291,0.041740587,931.8124223,179.000002,80.8,179.000002,,21.690464725462753,2.041931167677786,284.4583435058594
0,0,0,False,0.3953811824321747,0.6046188175678253,False,0.10461881756782532,0.11699138115311593,1_1_0_3,10.92154359,1.075276761,1.100442233,2.271705771,Si1,Si1,combo_002,8,362.2097119,283.636439,0.000263889,0.055194404,938.4393728,192.7,80.3,198.000002,,24.81053360163106,1.1832799599678474,283.7194519042969
0,0,0,False,0.36181730031967163,0.6381826996803284,False,0.13818269968032837,0.14026542384190097,3_1_1_3,14.48290629,1.026068622,1.820884872,2.435403165,Si1,PU,combo_001,9,408.7413989,283.8375917,-0.000352923,0.055277975,1258.557197,237.7,96.5,245.000002,,35.27171581706441,1.8683528314336861,282.71441650390625
1,1,0,True,0.3136783838272095,0.6863216161727905,False,0.18632161617279053,0.1572764383256041,3_1_1_1,15.90804199,0.919005591,2.039820824,1.111151904,Si1,PU,combo_001,10,424.0464287,924.8384905,0.000388551,0.036135243,1369.367223,222.000002,103.3,222.000002,,17.676251146100448,1.874606741894227,281.86383056640625
1,1,1,False,0.6856265068054199,0.3143734931945801,False,0.18562650680541992,0.11664687373666194,2_1_0_0,12.45609038,0.807633801,1.534842215,0.605931345,Si1,Si1,combo_002,11,381.5025117,612.2998543,0.030527478,0.037177028,1114.587019,189.000002,89.6,189.000002,,7.547535597394961,1.2395904520357093,283.87139892578125
1,1,1,False,0.5383580327033997,0.46164196729660034,True,0.03835803270339966,0.13387576460751546,3_0_2_0,15.2991471,0.598290593,2.183251908,0.626767781,Si1,Si1,combo_002,12,419.6962023,575.194454,0.000373329,0.042932806,1310.66421,201.000002,100.0,201.000002,,9.589012479059585,1.3062190787057013,282.4863586425781
1,1,1,False,0.536207914352417,0.463792085647583,True,0.03620791435241699,0.07498375195847151,2_1_0_0,12.71152431,0.967370023,1.146837726,0.70725508,Si1,Si1,combo_002,13,380.7975841,526.9977008,-0.031789724,0.038579763,1073.360696,186.000002,86.4,186.000002,,8.990290142790995,1.1094164373778876,283.90625
0,0,0,False,0.4931432604789734,0.5068567395210266,True,0.006856739521026611,0.06702840419934755,3_0_3_0,15.54116822,0.635767585,2.973057509,0.669607544,Si1,PU,combo_001,14,429.5692278,282.7348795,0.000379379,0.055065306,1358.858176,224.6,99.2,232.000002,,10.40648348268505,1.8901735925630458,281.06317138671875
0,0,0,False,0.23478055000305176,0.7652194499969482,False,0.26521944999694824,0.14606758207938955,3_1_2_1,15.9773265,0.884159442,2.378200688,1.181424365,Si1,PU,combo_001,15,424.9788672,277.9331645,-0.000390283,0.055069828,1360.110525,243.7,103.0,251.000002,,18.876002814660172,2.102708593266096,281.1416015625
0,0,0,False,0.46848076581954956,0.5315192341804504,True,0.03151923418045044,0.13423278867736532,2_1_0_3,13.90574076,0.890701929,1.550678894,2.450738169,Si1,Si1,combo_002,16,405.9860716,283.2201645,-0.000338494,0.055167974,1192.423824,236.1,97.4,244.000002,,34.07932964875107,1.3811926821453866,283.36309814453125
1,1,0,True,0.4723129868507385,0.5276870131492615,True,0.027687013149261475,0.10755264957736267,1_1_1_3,11.91185502,0.886612892,2.011628226,2.184576593,Si1,PU,combo_001,17,382.6818381,849.5937601,-0.014720965,0.034926211,1097.151794,211.000002,85.6,211.000002,,26.02235965590155,1.7835355190826896,283.69268798828125
0,0,1,True,0.5422350168228149,0.45776498317718506,True,0.04223501682281494,0.10228278932597541,0_1_3_3,9.849331779,0.725127392,2.560076803,2.491291927,Si1,Si1,combo_002,18,352.7393597,283.6019771,0.002133749,0.055251657,929.9338989,189.3,79.4,196.000002,,24.537560747367245,1.8563818154790876,285.4344787597656
1,1,1,False,0.524181604385376,0.475818395614624,True,0.024181604385375977,0.0507722183334668,1_0_3_3,11.303211,0.494700237,2.977147072,2.474936607,Si1,Si1,combo_002,19,378.7499763,535.3785816,-0.031444479,0.035272502,1048.727248,189.000002,82.1,189.000002,,27.974730680545076,1.472795362102256,284.28460693359375
0,0,0,False,0.14455267786979675,0.8554473221302032,False,0.35544732213020325,0.05089297498450791,1_1_0_2,11.64513859,1.120669726,1.150713299,1.544856111,Si1,Si1,combo_002,20,363.7326086,282.7253884,0.001409892,0.055383891,967.0539407,200.0,83.5,206.000002,,17.990063514203424,1.289569557494886,281.6880187988281
1,1,1,False,0.999998927116394,1.0728836059570312e-06,False,0.49999892711639404,0.06405412180726934,0_0_0_0,8.172744691,0.271026343,1.188614013,0.736069728,Si1,Si1,combo_002,21,552.2169817,891.1348578,0.000195169,0.000975843,984.5866306,68.000002,61.6,68.000002,,6.015709961717814,0.32214570918194446,303.96368408203125
0,0,0,False,0.21263964474201202,0.787360355257988,False,0.287360355257988,0.17050828993792808,1_1_3_1,10.37790818,0.751368538,2.662163947,1.467500408,Si1,Si1,combo_002,22,349.8953009,283.3879719,-0.001752084,0.055282753,949.6279349,195.0,81.3,201.000002,,15.229584488336538,2.0002662327736993,286.5592346191406
1,1,1,False,0.5481149554252625,0.45188504457473755,True,0.04811495542526245,0.0963399748346754,1_1_0_3,11.72550064,0.876820511,1.465155085,2.411916535,Si1,Si1,combo_002,23,378.7677823,960.9194317,0.004827788,0.036066416,1061.453178,211.000002,87.4,211.000002,,28.28092887476908,1.2846780303239484,283.8319396972656
1,1,1,False,0.7032465934753418,0.2967534065246582,False,0.2032465934753418,0.12562798139745693,0_1_0_1,8.168055989,1.038892119,1.283606371,1.036711126,Si1,Si1,combo_002,1,316.9516983,876.4953065,0.004876288,0.046617309,792.8429212,153.000002,73.1,153.000002,Itr_13,8.467914521587234,1.3335285427300902,285.55914306640625
0,0,0,False,0.34766292572021484,0.6523370742797852,False,0.15233707427978516,0.050111462207465686,2_0_3_3,12.99981166,0.532937117,2.93126152,2.226109734,Si1,Si1,combo_002,2,396.7400281,282.3334211,0.001579227,0.055228541,1136.293038,222.6,90.2,230.000002,,28.9390072764927,1.5621780636418379,284.3978576660156
0,0,0,False,0.4263401925563812,0.5736598074436188,True,0.07365980744361877,0.05967510711590751,2_0_3_2,12.24538219,0.534743901,2.997606699,1.91831119,Si1,Si1,combo_002,3,386.0475797,284.4309849,-0.001484923,0.055369563,1092.251573,212.0,85.5,219.000002,,23.49045368090371,1.6029518998869927,284.24664306640625
0,0,0,False,0.19970814883708954,0.8002918511629105,False,0.30029185116291046,0.06185983539468987,0_1_3_3,8.507340992,0.985945423,2.689172665,2.124081008,Si1,PU,combo_001,4,329.1363218,284.6301547,0.000203534,0.055430556,833.4707594,168.9,73.6,174.000002,,18.07028142968708,2.6513774807134625,283.78448486328125
0,0,0,False,0.07725054025650024,0.9227494597434998,False,0.42274945974349976,0.06185983539468987,0_1_3_3,8.181644692,1.006354826,2.606865659,2.099054791,Si1,PU,combo_001,5,324.1984814,283.8829829,0.000195391,0.055300131,807.7590002,165.3,72.8,170.000002,,17.17372048900232,2.62343183666832,283.9786682128906
1,1,1,False,0.6958507895469666,0.30414921045303345,False,0.19585078954696655,0.15526035388621684,3_1_0_1,14.31187555,1.100013103,1.191152268,1.338137858,Si1,PU,combo_001,6,402.4446675,812.2425514,0.022662055,0.036607935,1176.475237,192.000002,90.3,192.000002,,19.151262492439574,1.3102831024681676,282.90777587890625
0,0,0,False,0.4571056365966797,0.5428943634033203,True,0.04289436340332031,0.07330617377537281,3_0_3_0,15.79096904,0.501060058,2.740779042,0.595996585,Si1,Si1,combo_002,7,420.9253282,280.718097,0.000385624,0.055129322,1339.676237,229.6,100.6,237.000002,,9.411363621680728,1.3732949057497046,282.8521728515625
0,0,0,False,0.46409934759140015,0.5359006524085999,True,0.035900652408599854,0.11946263485517712,3_0_2_0,15.43994184,0.575439974,2.456496175,0.611539346,Si1,Si1,combo_002,8,421.1996724,281.884282,-0.00263794,0.055259941,1312.502771,224.3,100.2,232.000002,,9.442131935111638,1.4135660950730995,283.7966613769531
0,0,1,True,0.5617091059684753,0.43829089403152466,True,0.06170910596847534,0.15388134293109004,1_0_3_1,11.92739194,0.596063539,2.989162712,1.069319133,Si1,Si1,combo_002,9,373.7202691,283.0782174,-0.001445174,0.055208306,1056.271538,202.2,85.0,209.000002,,12.754188408231988,1.7817309047615577,284.27239990234375
1,1,1,False,0.5473405122756958,0.4526594877243042,True,0.0473405122756958,0.13283524525224213,3_1_0_2,14.47156489,1.112484288,1.172944783,1.687003944,Si1,PU,combo_001,10,404.7090487,809.7363009,-0.025037369,0.035616539,1189.225033,203.000002,91.0,203.000002,,24.413587045281925,1.3048826417790695,283.61090087890625
0,0,0,False,0.4188607335090637,0.5811392664909363,True,0.08113926649093628,0.11664687373666194,1_1_1_0,11.80029445,0.837378903,1.674557237,0.67493828,Si1,Si1,combo_002,11,368.3602463,284.094016,0.002572716,0.055192306,1048.718794,196.6,87.5,203.000002,,7.964470439576546,1.4022389021297708,284.693359375
0,0,0,False,0.1598874032497406,0.8401125967502594,False,0.3401125967502594,0.13089582489729434,1_0_2_3,11.63425232,0.667971368,2.31009986,2.059879584,Si1,Si1,combo_002,12,378.8360066,284.3823702,0.000281706,0.055357217,1043.169696,208.8,86.5,216.000002,,23.965158829072635,1.5430805637008083,283.60968017578125
0,0,0,False,0.41883379220962524,0.5811662077903748,True,0.08116620779037476,0.05967510711590751,1_0_3_2,11.91240072,0.546680182,2.972335847,1.99844224,Si1,Si1,combo_002,13,380.867616,283.1743796,-0.0014433,0.055172702,1074.565986,209.9,86.6,217.000002,,23.806244778654413,1.6249171018030844,284.26617431640625
0,0,1,True,0.7520304918289185,0.24796950817108154,False,0.25203049182891846,0.1482193754522583,1_1_3_0,10.47526934,0.949676896,2.641301594,0.782330494,Si1,PU,combo_001,14,345.7939668,284.8170782,0.002274586,0.055297761,942.0038312,186.7,81.6,192.000002,,8.195122637545253,2.5083830991897726,286.6691589355469
0,0,1,True,0.7870921492576599,0.2129078507423401,False,0.2870921492576599,0.050864525180178,3_0_3_0,15.88327153,0.663114129,2.845932089,0.871924848,Si1,PU,combo_001,15,433.9327108,279.5720587,-0.000387932,0.055293154,1385.070337,225.9,100.7,234.000002,,13.849019114537978,1.8871777783903856,282.826171875
1,1,1,False,0.8994185328483582,0.10058146715164185,False,0.39941853284835815,0.11886424286536343,2_0_3_0,13.93955585,0.666026628,2.939035355,0.507816395,Si1,PU,combo_001,16,408.833382,562.420677,0.000339339,0.043774731,1236.269612,164.000002,93.3,164.000002,,7.0787349996481606,1.957475807063433,282.5924072265625
0,0,1,True,0.5810307264328003,0.4189692735671997,True,0.08103072643280029,0.0737589734825022,1_1_3_3,11.89531148,0.808357614,2.74704794,2.376754591,Si1,PU,combo_001,17,383.2587543,284.5558236,-0.001441164,0.055420346,1074.674053,207.6,85.9,214.000002,,28.272236171465007,2.220597118322015,283.74420166015625
1,1,0,True,0.34651249647140503,0.653487503528595,False,0.15348750352859497,0.05488928246929122,0_1_3_3,9.977282077,0.911059768,2.628101032,2.402210033,Si1,PU,combo_001,18,352.9798383,590.6997912,-0.000240282,0.041088222,935.1170702,174.000002,79.6,174.000002,,23.967527107440475,2.3943571164944806,284.6420593261719
0,0,0,False,0.04661484807729721,0.9533851519227028,False,0.4533851519227028,0.05037166525016179,1_1_1_3,10.22962888,1.093694912,2.042362321,2.153725348,Si1,PU,combo_001,19,345.8132394,283.0725852,0.001726135,0.055368164,919.1818455,190.5,81.0,195.000002,,22.03181101948885,2.233721278938211,280.37298583984375
0,0,0,False,0.22421200573444366,0.7757879942655563,False,0.27578799426555634,0.050533646318637195,2_2_0_0,13.05266966,1.129083744,1.241270488,0.782802487,Si1,PU,combo_001,20,378.8879816,283.3818331,0.001585834,0.055343507,1073.197533,195.5,85.8,202.000002,,10.217662271837444,1.401498329907747,280.93310546875
1,1,1,False,0.8405812978744507,0.15941870212554932,False,0.3405812978744507,0.14339564861566692,0_1_3_3,8.09040563,0.751564818,2.75858575,2.354888235,Si1,Si1,combo_002,21,330.320919,885.9918456,0.00019311,0.045767129,842.5935625,150.000002,72.6,150.000002,,19.052001034464762,2.0732559971361435,289.15338134765625
0,0,0,False,2.272959598315083e-09,0.9999999977270404,False,0.4999999977270404,0.24946167446816075,1_3_1_2,10.66174193,1.962393225,1.961444967,1.890561954,Si1,PU,combo_001,22,293.4614256,250.4023107,0.001286968,0.055291105,770.3595469,217.0,85.9,223.000002,,20.15668365622453,3.8491263144511487,252.2603302001953
1,1,1,False,0.6070257425308228,0.39297425746917725,False,0.10702574253082275,0.08371954261337276,1_1_2_3,10.18245794,0.98143123,2.063882736,2.312906104,Si1,PU,combo_001,23,353.6454108,807.0769793,0.000736235,0.036566314,940.5081029,179.000002,80.9,179.000002,,23.55106912314927,2.025558972168245,284.85443115234375
1,1,0,True,0.44888076186180115,0.5511192381381989,True,0.05111923813819885,0.12636493063454876,0_1_2_0,9.755236005,1.043517865,2.326850311,0.748952728,Si1,PU,combo_001,1,331.306512,1039.317649,0.000234731,0.042955773,888.4239598,170.000002,79.2,170.000002,Itr_14,7.306210618228572,2.428109868709306,283.49530029296875
0,0,1,True,0.6232887506484985,0.37671124935150146,False,0.12328875064849854,0.048939981711507,1_1_1_3,11.0840687,0.806486674,1.816005981,2.183518719,Si1,Si1,combo_002,2,369.0157988,284.0597129,0.000267952,0.05534903,1003.290766,201.5,84.9,208.000002,,24.20227148913199,1.464584623580797,284.6458435058594
0,0,1,True,0.6242172122001648,0.3757827877998352,False,0.1242172122001648,0.048939981711507,1_1_1_3,11.23720669,0.775521952,1.888583285,2.215548855,Si1,Si1,combo_002,3,371.5143911,284.6533696,0.002446022,0.055199805,1021.854514,202.5,85.0,209.000002,,24.896580415427845,1.4646377956977723,284.2209777832031
1,1,0,True,0.4661550521850586,0.5338449478149414,True,0.033844947814941406,0.09533232353268577,1_1_1_3,11.54479058,0.721925994,1.981622731,2.472143787,Si1,Si1,combo_002,4,379.7511934,950.2024896,-0.010340382,0.035492661,1044.995873,202.000002,85.3,202.000002,,28.540382304563128,1.4305849598101696,283.8789367675781
0,0,1,True,0.525105357170105,0.474894642829895,True,0.02510535717010498,0.08705213065160909,3_1_1_1,14.40555068,0.959974244,1.950767061,1.362270809,Si1,PU,combo_001,5,407.2481407,284.9274019,-0.002456921,0.055127123,1263.80566,224.7,95.5,231.000002,,19.6242611789341,1.872686134603577,282.44757080078125
0,0,1,True,0.7605823278427124,0.2394176721572876,False,0.2605823278427124,0.09256858511278941,2_1_0_1,13.60944965,1.025420482,1.363265988,1.178467204,Si1,PU,combo_001,6,395.3676542,283.0848266,-0.000331086,0.055230159,1192.47269,216.9,95.1,224.000002,,16.038290077014278,1.397920866509166,282.83917236328125
0,0,1,True,0.6287743449211121,0.37122565507888794,False,0.12877434492111206,0.12636493063454876,0_1_2_0,9.311093602,1.091607681,2.124683699,0.805839435,Si1,PU,combo_001,7,325.2933916,284.2633254,0.000223627,0.055256152,852.7496917,176.3,78.4,181.000002,,7.5032464074677945,2.319321045523892,284.67474365234375
1,1,1,False,0.8107746243476868,0.18922537565231323,False,0.31077462434768677,0.13972336654002626,2_1_1_0,13.19688047,0.95555324,1.618461995,0.920543341,Si1,PU,combo_001,8,390.5284667,550.4861234,-0.02726562,0.034964148,1190.977493,201.000002,91.2,201.000002,,12.14830043863145,1.5465266031391138,283.10894775390625
1,1,1,False,0.5910307765007019,0.4089692234992981,True,0.0910307765007019,0.06702840419934755,3_0_3_0,15.21576423,0.637732636,2.907968255,0.588036141,Si1,PU,combo_001,9,424.5800286,587.5117537,-0.000371244,0.043435548,1338.126973,188.000002,98.0,188.000002,,8.947419280175037,1.85450626066547,283.1286315917969
1,1,1,False,0.50261390209198,0.49738609790802,True,0.0026139020919799805,0.12353154907098007,1_1_0_3,10.35929473,1.022269314,1.26734487,2.097955696,Si1,Si1,combo_002,10,354.4851399,1042.011745,0.000749497,0.045719302,917.3886985,170.000002,77.6,170.000002,,21.733341385346282,1.2955677708563194,284.7170104980469
0,0,0,False,0.34328216314315796,0.656717836856842,False,0.15671783685684204,0.15493014224034754,0_1_1_3,8.233555444,1.061641424,1.971895177,2.140014155,Si1,PU,combo_001,11,323.1233007,283.7709973,-0.000590067,0.05528646,798.4253541,162.1,73.0,166.000002,,17.61992519613731,2.093445603689012,283.47943115234375
1,1,1,False,0.791191816329956,0.20880818367004395,False,0.29119181632995605,0.14606758207938955,3_1_2_1,15.85990222,0.695129691,2.193921639,1.194953666,Si1,Si1,combo_002,12,421.0424171,912.1220876,0.008908993,0.036023318,1327.097037,229.000002,102.9,229.000002,,18.951848300190537,1.5250600709962836,282.97869873046875
0,0,0,False,0.4423861503601074,0.5576138496398926,True,0.05761384963989258,0.09792548694173606,3_1_2_0,14.80091893,0.863271324,2.225346348,0.728949491,Si1,PU,combo_001,13,411.6083084,282.3737822,-0.000360873,0.055176348,1282.164046,220.6,98.2,228.000002,,10.789122320355764,1.9210776881965246,282.2056579589844
1,1,1,False,0.945330798625946,0.054669201374053955,False,0.44533079862594604,0.07330617377537281,3_0_3_0,15.82656032,0.574277098,2.846014449,0.549700484,Si1,PU,combo_001,14,435.3317999,920.0049321,-0.000386514,0.039810942,1413.154857,205.000002,98.2,205.000002,,8.699867867959195,1.6344009186377892,283.79925537109375
0,0,0,False,0.2728511393070221,0.7271488606929779,False,0.2271488606929779,0.08993201669138719,2_1_3_3,13.94685687,0.906373709,2.72060032,2.454210943,Si1,PU,combo_001,15,403.4181489,281.4815735,-0.000339522,0.055251242,1187.878483,233.4,95.4,241.000002,,34.22852875080873,2.465880602744987,281.51385498046875
1,1,1,False,0.6192978620529175,0.3807021379470825,False,0.11929786205291748,0.13584737947347464,1_0_2_2,11.97570002,0.60782289,2.498950608,1.745065877,Si1,Si1,combo_002,16,382.1952992,808.6698885,0.033958373,0.035699828,1068.894342,193.000002,87.5,193.000002,,20.898385458090218,1.518919380521817,283.7350158691406
0,0,0,False,0.26060351729393005,0.73939648270607,False,0.23939648270606995,0.09037729263884074,0_1_2_3,9.859081424,0.765630657,2.368620814,2.449887847,Si1,Si1,combo_002,17,352.0215165,284.2124713,0.001661289,0.055279932,931.5746173,189.7,79.3,196.000002,,24.15364376324105,1.8134887100066945,284.001953125
0,0,0,False,0.06974850594997406,0.9302514940500259,False,0.43025149405002594,0.050988204327917605,1_1_1_0,10.27573838,0.959839095,1.811712883,0.767326327,Si1,Si1,combo_002,18,338.568284,282.8623777,0.002229692,0.055249529,909.6754053,190.7,81.8,196.000002,,7.88484458833833,1.7389528540185608,282.4339294433594
1,1,1,False,0.7604095339775085,0.23959046602249146,False,0.26040953397750854,0.05116501303956534,3_0_3_3,14.16125144,0.535582533,2.942588333,2.221831616,Si1,Si1,combo_002,19,406.9284578,827.5798838,0.000344881,0.036212531,1213.091418,204.000002,94.4,204.000002,,31.46391617151752,1.5759989129643874,284.08184814453125
1,1,1,False,0.9999998807907104,1.1920928955078125e-07,False,0.49999988079071045,0.06405412180726934,0_0_0_0,8.050668252,0.294499732,1.254072384,0.636005081,Si1,PU,combo_001,20,363.1529289,650.1413648,-0.000192117,0.050910939,943.646959,84.000002,68.2,84.000002,,5.120265913717388,0.36932398099660113,295.2596740722656
1,1,1,False,0.999712347984314,0.00028765201568603516,False,0.49971234798431396,0.16134332623846817,1_0_2_2,10.77412465,0.428302654,2.225669678,1.770367393,Si1,Si1,combo_002,21,385.6456057,630.9509691,0.005464263,0.042413089,1043.198401,132.000002,80.5,132.000002,,19.074158968477533,0.9532602300147255,291.2360534667969
0,0,0,False,0.10237200558185577,0.8976279944181442,False,0.3976279944181442,0.08585724760067029,0_1_3_3,9.03084671,0.927952525,2.909501485,2.41501658,Si1,PU,combo_001,1,340.4423199,284.8220604,0.000216621,0.055260899,875.2911661,176.6,75.1,181.000002,Itr_15,21.809644536088452,2.6998792494969996,283.7713928222656
0,0,0,False,0.49460411071777344,0.5053958892822266,True,0.0053958892822265625,0.11170994036595971,1_1_3_1,10.3798133,0.891611917,2.975290933,1.443098339,Si1,PU,combo_001,2,352.3873903,283.0979993,-0.001752417,0.055287978,940.2259602,190.3,81.2,196.000002,,14.97909133236011,2.6528048524048486,284.8241882324219
1,1,1,False,0.7668898701667786,0.23311012983322144,False,0.26688987016677856,0.08705213065160909,2_1_1_1,13.84892604,0.931850906,1.915607332,1.269831327,Si1,PU,combo_001,3,402.1401158,806.2261978,0.007078538,0.036740984,1239.057365,189.000002,93.3,189.000002,,17.585800130898054,1.7850604278644429,283.3169860839844
0,0,1,True,0.6364162564277649,0.3635837435722351,False,0.1364162564277649,0.06951901147502135,0_1_3_3,8.486761431,0.968515968,2.731274643,2.254251076,Si1,PU,combo_001,4,331.06607,284.2031089,0.000203019,0.055360584,834.8448202,168.6,73.4,174.000002,,19.13129108758705,2.6452831047389993,285.29901123046875
0,0,0,False,0.4324175715446472,0.5675824284553528,True,0.06758242845535278,0.09549703546099554,1_1_3_2,10.49225204,0.884430181,2.870006059,1.909433013,Si1,PU,combo_001,5,358.0257319,284.4401673,0.002278406,0.055344031,957.1073391,193.6,81.7,199.000002,,20.034252425892596,2.538319978232467,284.3330078125
1,1,0,True,0.4813258647918701,0.5186741352081299,True,0.018674135208129883,0.11699138115311593,1_1_0_3,10.959811,1.079380459,1.100250639,2.037965804,Si1,Si1,combo_002,6,359.6718906,959.6861752,0.01562587,0.038402561,946.9451918,175.000002,79.9,175.000002,,22.335720036303044,1.1875890397388633,283.98199462890625
0,0,0,False,0.4185508191585541,0.5814491808414459,True,0.08144918084144592,0.1444370263919345,3_1_2_2,14.72725734,0.932139116,2.161953918,1.723281612,Si1,PU,combo_001,7,412.1474492,283.7940733,0.002513221,0.055395426,1272.077689,235.6,98.6,243.000002,,25.37921176921403,2.0152418139572563,283.4366760253906
0,0,1,True,0.597198486328125,0.402801513671875,True,0.097198486328125,0.11471795720524561,0_1_3_3,9.153123028,0.972456312,2.584910639,2.345658784,Si1,PU,combo_001,8,340.0996584,284.8374856,-0.000659034,0.055429428,871.2713888,177.0,75.4,182.000002,,21.470103431660874,2.5137126668515033,284.7604064941406
1,1,1,False,0.7778457403182983,0.22215425968170166,False,0.27784574031829834,0.10360101698673309,2_1_2_1,13.77294295,0.895102768,2.101712434,1.220524429,Si1,PU,combo_001,9,401.6422559,526.3482747,-0.021115931,0.037204259,1216.585838,203.000002,92.8,203.000002,,16.810213329698325,1.8812486172134173,283.50238037109375
1,1,0,True,0.377856582403183,0.622143417596817,False,0.12214341759681702,0.12185384930273567,3_1_2_0,14.54377409,0.869401659,2.056747119,0.574952674,Si1,PU,combo_001,10,408.7294999,915.7979865,0.003189998,0.034381092,1271.735744,201.000002,97.2,201.000002,,8.361981803097416,1.7881393574020705,281.86492919921875
1,1,1,False,0.7199732065200806,0.28002679347991943,False,0.21997320652008057,0.13312237583500539,1_1_0_3,11.83687245,1.124159383,1.159170113,2.379313972,Si1,PU,combo_001,11,372.7636255,942.3297501,-0.013478275,0.038140649,1003.23819,191.000002,81.2,191.000002,,28.16363600506687,1.3030919590221204,283.68902587890625
1,1,1,False,0.6161926984786987,0.38380730152130127,False,0.11619269847869873,0.0590266168420233,3_1_1_1,14.10543996,0.988236146,1.69789311,1.463267382,Si1,PU,combo_001,12,403.5246845,593.1033068,-0.00858715,0.034692086,1254.521457,205.000002,95.2,205.000002,,20.640030202227383,1.6779193433463542,282.77386474609375
1,1,1,False,0.8187687993049622,0.18123120069503784,False,0.31876879930496216,0.06289621593695452,3_0_3_0,15.94883495,0.638399574,2.739342062,0.648913973,Si1,PU,combo_001,13,434.4541471,960.0503196,0.001168712,0.037009221,1410.433228,208.000002,99.3,208.000002,,10.349421852125756,1.7487948054210816,282.3432312011719
1,1,0,True,0.44565898180007935,0.5543410181999207,True,0.054341018199920654,0.13036068272272447,2_1_1_3,13.94971135,0.952304256,1.930455552,2.059718897,Si1,PU,combo_001,14,405.9345818,645.0679906,-0.03090294,0.032261311,1235.742857,229.000002,93.8,229.000002,,28.732484075290383,1.8383810381884294,283.032958984375
0,0,0,False,0.32013410329818726,0.6798658967018127,False,0.17986589670181274,0.058378036538684654,1_0_3_3,11.93693066,0.554746532,2.728884304,2.186067291,Si1,Si1,combo_002,15,383.9293088,284.86448,-0.001446366,0.055230961,1077.968129,208.1,84.9,215.000002,,26.094933670761044,1.513839103873234,283.6340026855469
0,0,0,False,0.12892888486385345,0.8710711151361465,False,0.37107111513614655,0.12039019916790751,0_1_3_3,9.877885334,0.76925513,2.608412868,2.049192342,Si1,Si1,combo_002,16,347.9137917,283.4282976,0.002140175,0.055334481,919.0964982,191.9,79.7,198.000002,,20.241686981586913,2.0065349798670127,284.5530700683594
1,1,1,False,0.627101719379425,0.37289828062057495,False,0.12710171937942505,0.050111462207465686,2_0_3_3,13.09149762,0.493067101,2.971104818,2.150717334,Si1,Si1,combo_002,17,398.6637131,641.436863,-0.021951484,0.035313257,1150.123385,198.000002,90.0,198.000002,,28.156110859353745,1.4649540393783926,284.7913513183594
1,1,1,False,0.8950937986373901,0.10490620136260986,False,0.39509379863739014,0.050864525180178,3_0_3_0,15.86274599,0.61581114,2.870828239,0.953858634,Si1,PU,combo_001,18,432.0374283,813.4453368,0.000387419,0.043003481,1400.026168,196.000002,98.7,196.000002,,15.130817221510378,1.7678880106027826,281.7041320800781
1,1,1,False,0.9999701380729675,2.9861927032470703e-05,False,0.49997013807296753,0.28739420273774086,3_0_0_0,15.99677728,0.254617791,1.215799871,0.579764381,Si1,PU,combo_001,19,461.9252892,626.0892398,0.00039077,0.053535422,1594.825122,106.000002,82.7,106.000002,,9.274361677734065,0.3095642774521049,291.22601318359375
0,0,0,False,2.3262509785126895e-07,0.9999997673749021,False,0.49999976737490215,0.2336758911263466,0_2_2_2,8.977388852,1.496373475,2.336809364,1.977935703,Si1,Si1,combo_002,20,293.3338772,258.4985161,-0.000645854,0.055306448,739.7027755,202.0,78.0,208.000002,,17.756697930084986,3.49673954842122,259.16790771484375
