{
  "input_csv": "Itr_9_dataset.csv",
  "input_n": 364,
  "batch_size": 23,
  "batch_size_mode": "auto",
  "batch_size_config": 23,
  "batch_size_recommended": 23,
  "batch_size_decision": "hold",
  "bucket_ratio_mode": "auto",
  "bucket_ratio_applied": {
    "boundary": 0.7899628252788103,
    "notp_high_tmax": 0.17286245353159851,
    "uncertainty_sparse": 0.01858736059479554,
    "random_check": 0.01858736059479554
  },
  "bucket_ratio_config": {
    "boundary": 0.75,
    "notp_high_tmax": 0.15,
    "uncertainty_sparse": 0.07,
    "random_check": 0.03
  },
  "bucket_ratio_recommended": {
    "boundary": 0.7899628252788103,
    "notp_high_tmax": 0.17286245353159851,
    "uncertainty_sparse": 0.01858736059479554,
    "random_check": 0.01858736059479554
  },
  "bucket_ratio_decision": "severe_degradation",
  "selected_model": "gp",
  "gp_score": 0.7950828038629967,
  "mlp_score": 0.7497631118816841,
  "gp_composite_score": 0.825701874651722,
  "mlp_composite_score": 0.8353981789671685,
  "holdout_accuracy": 0.96,
  "holdout_precision": 0.9555555555555556,
  "holdout_recall": 0.9555555555555556,
  "holdout_f1": 0.9555555555555556,
  "holdout_tp": 43,
  "holdout_fn": 2,
  "holdout_tn": 53,
  "holdout_fp": 2,
  "holdout_tmax_rmse": 2.339407363384297,
  "holdout_tmax_r2": 0.9959009038797823,
  "holdout_tmax_n": 55,
  "boundary_count": 18,
  "notp_high_tmax_count": 4,
  "uncertainty_sparse_count": 1,
  "random_check_count": 1,
  "fill_mixed_count": 0,
  "n_unique_combos_selected": 9,
  "uncertainty_metric_source": "clf_uncertainty_scaled",
  "uncertainty_high_threshold": 0.7,
  "uncertainty_mean": 0.5755681612370694,
  "uncertainty_p90": 0.8113083116238863,
  "uncertainty_high_ratio": 0.2916666666666667
}