{
  "model_mode": "auto",
  "selected_model": "gp",
  "reason": "GP selected. MLP composite_score did not exceed GP by margin. gp=0.8257, mlp=0.8354.",
  "gp_cv_result": {
    "fold_count": 5,
    "accuracy_mean": 0.8105022831050228,
    "accuracy_std": 0.03015082012642772,
    "accuracy": 0.8105022831050228,
    "tp_precision_mean": 0.8181886087768442,
    "tp_precision_std": 0.02671750049621692,
    "tp_precision": 0.8181886087768442,
    "tp_recall_mean": 0.8218623481781376,
    "tp_recall_std": 0.05892044586955919,
    "tp_recall": 0.8218623481781376,
    "tp_f1_mean": 0.8188869443932735,
    "tp_f1_std": 0.03509844750223931,
    "tp_f1": 0.8188869443932735,
    "tmax_mae_mean": 1.5103359778956744,
    "tmax_mae_std": 0.16479570402825555,
    "tmax_mae": 1.5103359778956744,
    "tmax_rmse_mean": 2.000500855671296,
    "tmax_rmse_std": 0.2458997105729703,
    "tmax_rmse": 2.000500855671296,
    "tmax_r2_mean": 0.9973238668896439,
    "tmax_r2_std": 0.0013535587367457674,
    "tmax_r2": 0.9973238668896439,
    "weighted_mean_score": 0.8209697270426783,
    "weighted_std_score": 0.05177384635936322,
    "stable_score": 0.7950828038629967,
    "cv_splits": 5
  },
  "gp_score": 0.7950828038629967,
  "mlp_eligibility": {
    "n_total": 364,
    "n_notp": 173,
    "n_tp": 191,
    "min_combo_count": 23,
    "torch_available": true,
    "notp_total": true,
    "notp_count": true,
    "tp_count": true,
    "combo_floor": true,
    "torch_ready": true,
    "eligible": true
  },
  "mlp_cv_result": {
    "fold_count": 5,
    "accuracy_mean": 0.7718797564687976,
    "accuracy_std": 0.06080784007856286,
    "accuracy": 0.7718797564687976,
    "tp_precision_mean": 0.7771246051993327,
    "tp_precision_std": 0.05863263255902924,
    "tp_precision": 0.7771246051993327,
    "tp_recall_mean": 0.79527665317139,
    "tp_recall_std": 0.09235897589705494,
    "tp_recall": 0.79527665317139,
    "tp_f1_mean": 0.7835117032590107,
    "tp_f1_std": 0.06438943168015188,
    "tp_f1": 0.7835117032590107,
    "tmax_mae_mean": 4.058802746879925,
    "tmax_mae_std": 0.9098575466219821,
    "tmax_mae": 4.058802746879925,
    "tmax_rmse_mean": 5.104889816981318,
    "tmax_rmse_std": 1.0644597857781588,
    "tmax_rmse": 5.104889816981318,
    "tmax_r2_mean": 0.9815263395109888,
    "tmax_r2_std": 0.012377227604450997,
    "tmax_r2": 0.9815263395109888,
    "weighted_mean_score": 0.7917471681976761,
    "weighted_std_score": 0.08396811263198402,
    "stable_score": 0.7497631118816841,
    "cv_splits": 5
  },
  "mlp_score": 0.7497631118816841,
  "gp_holdout_result": {
    "accuracy": 0.821917808219178,
    "tp_precision": 0.8205128205128205,
    "tp_recall": 0.8421052631578947,
    "tp_f1": 0.8311688311688312,
    "confusion_matrix_labels_NoTP0_TP1": [
      [
        28,
        7
      ],
      [
        6,
        32
      ]
    ],
    "tmax_mae": 1.6829357026788834,
    "tmax_rmse": 2.471085388377447,
    "tmax_r2": 0.9958095517363433,
    "holdout_n": 73,
    "tmax_eval_n": 35,
    "weighted_score": 0.8388243335611756
  },
  "mlp_holdout_result": {
    "accuracy": 0.7945205479452054,
    "tp_precision": 0.7555555555555555,
    "tp_recall": 0.8947368421052632,
    "tp_f1": 0.8192771084337349,
    "confusion_matrix_labels_NoTP0_TP1": [
      [
        24,
        11
      ],
      [
        4,
        34
      ]
    ],
    "tmax_mae": 3.5009845143749985,
    "tmax_rmse": 5.1879699731401425,
    "tmax_r2": 0.9815294475482753,
    "holdout_n": 73,
    "tmax_eval_n": 35,
    "weighted_score": 0.8720989220038047
  },
  "composite_weights": {
    "cv": 0.3,
    "holdout": 0.7
  },
  "gp_composite_score": 0.825701874651722,
  "mlp_composite_score": 0.8353981789671685,
  "tuned_gp_params": {
    "kernel": "Matern32",
    "constant": 1.5751320499779735,
    "length_scale": 0.8066708658064159
  },
  "tuned_mlp_params": {
    "n_layers": 3,
    "width": 256,
    "dropout": 0.2939582228666981,
    "learning_rate": 0.0011417934811629143,
    "weight_decay": 4.264634863702691e-06,
    "tmax_loss_weight": 0.6119763312167545
  },
  "tuned_tmax_params": {
    "kernel": "Matern52",
    "constant": 0.15147749198726185,
    "length_scale": 1.3062829597010435,
    "noise_level": 1.0479943310350623e-05,
    "alpha": 4.687022870017955e-09,
    "normalize_y": true
  }
}