TP_NoTP,actual_label,oof_predicted_label,oof_is_error,oof_p_tp,oof_p_notp,is_boundary_band,ptp_distance_from_boundary,local_nn_dist,coverage_cell_key,A_Cell_D,C_Barrier_Thx,F_ThermalResin_Thx,G_CoolantLPM,B_Barrier_Type,discrete_combo_id,Eval#,MaxT_TB_Center,MaxT_TB_Top,MaxT_TB_Btm,MaxT_Adj,MaxT_Adj_Y,MaxT_Adj_Z,Max_Power,Time_MaxT,Time_Max_Power,Unnamed: 16,CellD_x_Resin,oof_tmax_pred,oof_MaxT_TB_Top_pred,oof_MaxT_TB_Btm_pred,oof_MaxT_Adj_Y_pred,oof_MaxT_Adj_Z_pred,oof_Max_Power_pred,oof_Time_MaxT_pred
0,0,0,False,0.020524448700484754,0.9794755512995152,False,0.47947555129951525,0.23640782892788156,2_2_1_0,13.62064854,2.233007376,1.893774292,3.453895132,ETI,combo_001,1,123.7814469,114.8687825,121.4281739,166.9135213,-0.173679459,0.112040882,847.8564214,312.7,140.1,Initial,25.794434045419333,123.9064501783703,114.98062774691275,121.49198445239388,-0.38747621966906076,0.11265505994993719,848.1869702058232,315.19266540025524
1,1,1,False,0.999986640317843,1.3359682156988129e-05,False,0.499986640317843,0.26671276818730405,3_0_2_1,15.4212917,1.059793309,2.327644861,12.72983229,ETI,combo_001,2,115.9605143,99.130613,113.9749824,544.9556682,-0.214512458,0.092946689,2056.781355,117.000001,81.5,,35.89529037548695,158.70697496602435,137.33215167932357,146.1922844042652,-0.3570271056127867,0.11811495936997807,1936.3636014368776,246.47470291067415
1,1,1,False,0.9959653184420176,0.004034681557982367,False,0.49596531844201763,0.09607049648201903,3_0_0_1,14.69924287,1.403003879,1.409897549,12.63060293,ETI,combo_001,3,125.5401894,112.6551433,121.0941455,718.0871019,-0.177063498,0.105172378,1497.836541,185.300001,95.1,,20.72442649456873,141.01147291753466,131.03782785893503,133.39144962727715,-0.2567905843673478,0.11652447640999088,1493.337701260919,243.41591067912904
1,1,1,False,0.9603660024063174,0.03963399759368258,False,0.4603660024063174,0.16508913188701602,2_0_2_0,13.11039268,1.394320747,2.213860506,0.822784095,ETI,combo_001,4,128.9743768,116.486459,127.1904038,592.1842414,-0.490351437,0.107866163,1498.568107,202.500001,90.4,,29.024580572403497,144.27698658797797,130.91921340784853,138.06693254861588,-0.35514336205036334,0.11189429495278459,1492.0071865573204,248.215719548495
0,0,0,False,2.852521470231295e-05,0.9999714747852977,False,0.4999714747852977,0.2535921713239621,0_1_3_0,11.12368179,1.794243017,2.632029304,5.731029041,ETI,combo_001,5,130.0436429,120.3971253,129.3444118,182.1881694,-0.501700525,0.107203005,1084.736004,270.2,111.4,,29.27785643965117,130.95436783969578,121.83854265326737,130.10436722254457,-0.5143690388304538,0.10692618339011638,1088.3860583289493,274.72932127447245
0,0,0,False,0.2369259307355378,0.7630740692644622,False,0.2630740692644622,0.2356921467806825,1_3_1_3,12.12531974,2.726928024,1.762602773,25.79994151,ETI,combo_001,6,116.0698585,107.8407264,111.426216,145.5462318,-0.488265863,0.115023343,603.9073195,372.1,125.7,,21.37212219723564,116.93404228899595,108.45571427723834,112.62598910140707,-0.42280165226488103,0.11565121796351813,604.2085252611772,373.19643129983126
0,0,0,False,0.0017651445351702932,0.9982348554648297,False,0.4982348554648297,0.20521313654702508,1_2_2_1,11.74369257,2.056341711,2.370376654,9.976600272,ETI,combo_001,7,125.4561819,115.1769443,123.6119816,171.1489608,-0.495937611,0.108404274,917.3473561,293.7,125.3,,27.836974699681264,126.43530388216178,116.30967426258174,124.85576019000881,-0.47143054683803226,0.10856255315381162,927.7136666600361,295.88255690644166
1,1,1,False,0.999993761102246,6.238897753974015e-06,False,0.499993761102246,0.14558246541680245,2_0_2_0,14.40380371,1.11969452,2.23841178,3.197426084,ETI,combo_001,8,116.8034285,99.1699396,114.1953321,541.7288928,-0.210051338,0.096010988,1934.580784,120.300001,81.0,,32.2416439012717,157.36170622930055,136.01816112789135,144.56898310359722,-0.3292218754614239,0.11637244038607528,1843.1014550811065,239.7647590626386
0,0,0,False,0.0004851830780125965,0.9995148169219874,False,0.4995148169219874,0.19606540774681339,1_0_1_2,11.72224902,1.437487493,1.970342224,19.34435109,ETI,combo_001,9,138.0473719,128.5805146,133.5062113,201.9928467,-0.509820703,0.111201797,1418.838351,239.5,90.1,,23.09684220434862,140.89068258219095,129.66701637440335,135.46485294037765,-0.4666647193394161,0.11050257334319599,1414.155501452491,254.51213800865784
1,1,1,False,0.9999970554553101,2.944544689853501e-06,False,0.49999705545531015,0.1281502352543578,3_0_1_0,14.92665386,1.303068539,1.676088367,1.535872215,ETI,combo_001,10,118.7418755,102.782789,114.8147597,827.7120641,-0.189193703,0.100010609,1629.621841,149.100001,90.6,,25.018390892981646,148.05992095416678,132.85615946521094,137.68979870540463,-0.30175199961138205,0.1169225201102149,1608.6561962764308,247.64403441376402
0,0,0,False,8.903440402718843e-07,0.9999991096559597,False,0.49999910965595973,0.1205139593422955,1_1_1_0,12.80941246,1.568575083,1.876953057,3.869547623,ETI,combo_001,11,134.5338733,127.2450259,132.0332797,196.6844954,-0.499013775,0.110469111,1306.870367,249.6,103.6,,24.04266587517089,134.9349371926785,126.9360406878528,132.43391414751838,-0.4352898503653941,0.11034297259734817,1304.8337849189393,251.79702127901896
0,0,0,False,2.5711756848068035e-05,0.9999742882431519,False,0.49997428824315193,0.14732445446995154,0_1_2_3,11.00913509,1.580750537,2.374964595,26.98310887,ETI,combo_001,12,134.2584278,125.9839397,132.2505457,193.6550559,-0.503866221,0.108311476,1167.100043,263.5,104.9,,26.146306060322136,136.1648101965063,126.56262779061093,134.09313650805854,-0.46573719795103874,0.10789605881898867,1211.1789216255725,267.4715527223031
0,0,0,False,0.2986411660209001,0.7013588339790999,False,0.20135883397909993,0.3338933483146959,2_3_2_2,14.16822658,2.916410365,2.176198223,18.9450193,ETI,combo_001,13,116.9335441,109.5021505,115.0962216,145.3189588,-0.479486579,0.133631258,607.1829829,393.6,167.4,,30.83286950645737,115.33277229502461,108.4230931902575,112.94057796822864,-0.3592624343274351,0.12247694369154659,601.0818608785064,398.7247806056394
0,0,0,False,0.23300957985406967,0.7669904201459303,False,0.26699042014593033,0.29228483866605276,2_3_2_0,14.00026777,2.696809283,2.110029912,0.005174258,ETI,combo_001,14,118.4186585,110.2433255,116.4533301,152.9297727,-0.48619194,0.114480678,662.1536772,375.0,137.8,,29.540983770709538,118.81168644791605,111.50331069818807,116.80491538372428,-0.3734872099177554,0.12088168928857453,665.4478412916158,370.0675295609567
0,0,0,False,0.011781175055489257,0.9882188249445107,False,0.48821882494451074,0.26635021146928817,2_2_3_0,13.54296211,2.155818269,2.560542096,0.936482072,ETI,combo_001,15,125.9990969,116.6200616,125.1861887,171.0002819,-0.487549984,0.110243244,895.3382208,310.2,137.6,,34.67732458718798,125.75822598157552,116.41798620710907,124.84714192188954,-0.378038487806419,0.10958527143559377,892.1162386211656,310.88256152286084
1,1,1,False,0.9997976137962041,0.00020238620379586791,False,0.49979761379620413,0.20723374555437934,1_0_1_0,11.61025733,1.231815722,1.849205067,0.036113103,ETI,combo_001,16,123.8487523,106.9504149,117.8031462,635.5276768,-0.458856224,0.096901494,1686.006954,142.600001,79.8,,21.46974668380989,149.14068560878,132.69195416397082,138.68430229384754,-0.35582125957727684,0.11167158580338525,1633.238081789033,248.42996501863624
1,1,1,False,0.9999912621901785,8.737809821468545e-06,False,0.49999126219017853,0.17358502209383156,2_0_1_1,13.1832379,1.187750686,1.816752251,13.65523939,ETI,combo_001,17,117.479339,100.5579025,111.0822544,819.6651743,-0.215695935,0.093569696,1785.873045,127.900001,81.8,,23.950677130293514,151.94816070088496,134.18846580558383,140.23556544789008,-0.2664261092668055,0.11499625016574215,1728.3973271716554,243.9085082546227
0,0,0,False,0.3091333171348083,0.6908666828651917,False,0.1908666828651917,0.23413388553635348,0_3_1_2,10.87733732,2.869754123,2.072497918,21.07095349,ETI,combo_001,18,114.4900061,105.8130493,111.09182,140.2132029,-0.488577059,0.111981391,587.3623452,377.3,150.3,,22.5432589490837,115.21805884291163,106.07875814951215,111.2246451384108,-0.4981279035433026,0.11195314651060766,597.1360563445448,378.66526707491494
0,0,0,False,0.00010057520057671354,0.9998994247994233,False,0.4998994247994233,0.22531005403850965,2_1_2_1,13.72884534,1.907814204,2.456844555,14.2893732,ETI,combo_001,19,128.6724909,119.3778603,127.8678703,181.6940242,-0.172401393,0.108909801,1051.900488,284.2,125.2,,33.72963892001612,129.77141777457854,120.93895701531409,128.34893200947727,-0.3712701936355152,0.10924249024385789,1048.9799107917665,290.11683880282027
0,0,0,False,0.10759036526610544,0.8924096347338946,False,0.39240963473389456,0.2634532405792313,3_2_0_0,14.62355254,2.433388417,1.639075702,0.249634484,ETI,combo_001,20,121.9075184,114.2098027,118.9635266,161.6408959,-0.176090241,0.115766197,760.9502481,344.1,152.3,,23.969109645234383,120.65533087922437,113.33967597972281,117.64352788838912,-0.3406533522309041,0.11497698344570478,756.4200198476804,339.1653169145215
0,0,0,False,0.10376549105251343,0.8962345089474866,False,0.3962345089474866,0.2771694947917222,3_2_3_0,14.90207674,2.393566447,2.745801424,0.09430566,ETI,combo_001,21,123.8317953,115.4377292,123.3199038,165.4671566,-0.487421365,0.110889635,791.2097597,348.6,155.2,,40.91814353324928,124.25124631500607,115.50785771103394,122.71778615523444,-0.31242746026812795,0.11615386126555595,793.3222854967198,346.4514014664358
0,0,0,False,0.09678182797927093,0.9032181720207291,False,0.40321817202072907,0.056820319638612345,2_0_2_3,13.19847239,1.461120901,2.121686619,22.8475716,ETI,combo_001,22,137.8804519,129.0650826,134.0852659,209.9820432,-0.497874166,0.111222915,1374.842575,264.6,102.4,,28.00302226110395,140.93540466938555,129.9931444667977,136.07518583270064,-0.3755590861978706,0.11192940574525066,1401.2163144970764,255.170214794647
0,0,0,False,0.16666824037588412,0.8333317596241159,False,0.3333317596241159,0.3338933483146959,2_3_2_1,13.45750184,2.592039563,2.315864586,11.28892172,ETI,combo_001,23,120.228863,111.7351494,118.5145194,154.3928229,-0.177243073,0.113361222,694.0744422,355.9,132.3,,31.16575192728584,120.29204451084554,111.54577135196637,118.06417535495397,-0.38842234745173326,0.10938076796793418,700.65253459997,362.90304226826845
0,0,0,False,0.0010982297636701333,0.9989017702363299,False,0.49890177023632987,0.1700338051746618,1_0_0_0,12.38042866,1.451160741,1.313559748,0.146825804,ETI,combo_001,24,135.3784733,128.0530249,130.3009519,202.167333,-0.503708319,0.112641563,1402.684714,239.4,91.6,,16.26243275076158,137.28997193141936,128.7737794443471,129.89052805059765,-0.38678301501409407,0.11272037885451577,1410.455013732957,235.58124820967947
1,1,1,False,0.9999879755689562,1.2024431043755612e-05,False,0.49998797556895624,0.2024739525452159,3_0_0_2,15.63504525,1.379136971,1.480843839,20.81970087,ETI,combo_001,25,123.319181,109.3668989,119.5363414,623.3387258,-0.191874234,0.102583366,1495.030216,171.200001,102.3,,23.153060430948713,143.06566876257347,131.8923689653962,134.86124486098115,-0.2269866228244369,0.11760325208674581,1503.655476499457,254.2054991617161
0,0,0,False,0.024196681882926896,0.9758033181170731,False,0.4758033181170731,0.3311377678802834,1_2_0_1,12.21980399,2.281497023,1.2,7.911698289,ETI,combo_001,26,118.4616501,110.9127481,108.5986688,160.607642,-0.492498888,0.113771913,786.6348253,310.9,109.3,,14.663764788,121.69652273178426,112.81113678800013,115.14756237966347,-0.5025683209911795,0.1122205373782303,800.0417074875352,312.5487743503459
0,0,0,False,0.0009142289349028943,0.9990857710650971,False,0.4990857710650971,0.08636271714607997,1_1_3_2,12.75712505,1.530503559,2.837921421,22.31093137,ETI,combo_001,27,140.5068798,129.7048365,137.3001293,206.4664956,-0.498304633,0.108818914,1349.898592,268.8,97.0,,36.2037184497707,138.8650572230872,128.7678930904037,136.522392357437,-0.3503550750556495,0.10790361261676462,1317.478064602401,275.54627630321124
1,1,1,False,0.9999937671672114,6.232832788555243e-06,False,0.49999376716721144,0.050606775631678404,1_0_2_3,12.30485762,1.214186604,2.416089212,24.12369221,ETI,combo_001,28,120.0641872,102.2303714,116.0390656,573.838219,-0.216084651,0.093075609,1674.727971,133.300001,86.1,,29.729633750877998,154.10200726790794,134.45917609375374,143.35836029675806,-0.3551287817281353,0.11253911108931218,1682.2250347419504,262.57423183127725
1,1,1,False,0.9999966549858073,3.345014192746021e-06,False,0.49999665498580725,0.12894542288840602,1_0_1_1,12.92913101,1.200930259,2.042271595,10.28808177,ETI,combo_001,29,118.91894,101.4152705,113.8471016,687.7833453,-0.203833494,0.093426761,1760.032955,128.500001,81.6,,26.40479700975666,153.8239843364985,134.3374641329619,141.4710490700621,-0.311684347029835,0.11415578881302306,1733.2015218273382,245.6862553409847
0,0,0,False,3.465056818185985e-05,0.9999653494318181,False,0.49996534943181814,0.12003239703839946,1_0_2_0,12.72625237,1.478698659,2.136225419,5.013696117,ETI,combo_001,30,139.9672219,129.5725131,135.5075955,202.8042662,-0.500975981,0.110307988,1399.09162,247.3,94.1,,27.18614380140299,139.5189447045275,129.08168869327633,135.49557605382472,-0.42689216015835574,0.11066057093976123,1398.6528235659916,252.00684083318964
0,0,0,False,4.147202616877621e-06,0.9999958527973831,False,0.4999958527973831,0.13512858804121444,1_1_1_3,12.48968121,1.65853431,1.6786106,28.0990017,ETI,combo_001,31,133.2529062,126.1137635,130.6186557,190.5235579,-0.494677424,0.111365092,1142.369311,264.9,112.3,,20.96531126972683,131.68611379269336,124.98288737499547,129.04066979056736,-0.45790652112579894,0.11101814487952708,1146.55836220579,260.235200193118
0,0,0,False,0.3638948852171211,0.6361051147828789,False,0.1361051147828789,0.2821621094617264,1_3_2_0,12.59646442,2.779203713,2.467661829,0.456843482,ETI,combo_001,32,118.5720215,109.9092169,116.6232328,147.7749205,-0.176604796,0.111585332,629.2225015,377.3,154.9,,31.083814429590625,117.40120324103069,108.98722262022372,115.28124661216529,-0.47775919744411643,0.11249294297181497,626.398745714384,379.0895571729026
0,0,0,False,0.00030339247041411,0.9996966075295859,False,0.4996966075295859,0.12711077189733314,2_1_0_0,13.59015313,1.501512065,1.447954045,2.04826547,ETI,combo_001,33,135.7240892,128.5528372,131.3544061,201.9387965,-0.167427616,0.113634816,1374.151635,242.4,97.2,,19.677917196752908,136.00689213319558,128.4868176547869,131.11162313818767,-0.3411989048043978,0.11350607263373313,1378.6596739615832,242.88365397253
0,0,0,False,0.000922187467040203,0.9990778125329598,False,0.4990778125329598,0.12309455139212774,2_1_1_0,13.00527803,1.727866034,1.985786039,1.732489253,ETI,combo_001,34,130.8606287,123.1317249,129.606657,188.1894146,-0.496930479,0.109268691,1165.750455,263.5,112.5,,25.82569954528742,131.25163452157707,123.70386294509542,129.57073442459665,-0.42499640281715645,0.10947932615086489,1167.1226450702245,261.83075683234665
0,0,0,False,0.004241836140181476,0.9957581638598185,False,0.4957581638598185,0.24939047305241596,0_0_0_2,11.28318555,1.35462068,1.610089625,15.66181976,ETI,combo_001,35,144.3751341,131.0303731,134.9232834,205.8155927,-0.515159906,0.111606002,1508.412612,251.5,84.3,,18.16693999100492,142.6944008246115,130.79920063231182,134.34269059381438,-0.4764614924818822,0.11220077305061768,1505.5172254045751,245.6199700659384
0,0,0,False,0.001662870743075473,0.9983371292569245,False,0.4983371292569245,0.15189913374545583,2_1_0_0,13.28419466,1.739597821,1.563146092,0.639091823,ETI,combo_001,36,131.2136214,124.3456056,129.3294011,187.035611,-0.494149595,0.111389002,1158.988633,263.5,113.3,,20.76513696814627,130.0870295345091,123.27151506841841,127.00873467498772,-0.381017882082515,0.11088355149839256,1156.0452806621954,258.42366268407375
1,1,1,False,0.9999946893674405,5.310632559485384e-06,False,0.4999946893674405,0.10437426842009714,2_0_1_0,14.22952623,1.287640737,1.787067237,6.229099074,ETI,combo_001,37,121.5992608,105.4636897,118.2500353,790.7929896,-0.19074827,0.097624115,1652.554364,145.400001,87.8,,25.429120123665125,146.6941341376243,132.69590649607284,138.785885421196,-0.282397365969637,0.11720423806061554,1627.5075813133724,240.25341890974926
1,1,1,False,0.9999646409883098,3.5359011690161424e-05,False,0.49996464098830984,0.09749836405931425,2_0_1_0,14.1017874,1.341482752,2.095596936,2.950140069,ETI,combo_001,38,120.5991325,105.0478561,117.9771069,787.9494829,-0.47018333,0.100954274,1574.540059,159.500001,91.3,,29.551662467563407,147.46212240141247,132.22462384969884,139.02829898317003,-0.3159378773813854,0.11392055838011585,1566.3438121824402,249.18699736521415
0,0,0,False,0.4645056342925358,0.5354943657074642,True,0.035494365707464226,0.05364132422883514,2_0_2_1,13.35065068,1.430194005,2.296082029,9.077405733,ETI,combo_001,39,145.0149576,131.1597196,139.1000703,209.9843995,-0.494992756,0.111517761,1467.622395,246.5,93.3,,30.654189101804626,143.01552969580774,130.50839682573084,137.58895744883742,-0.361642611871745,0.11176766730053139,1461.5256159417709,257.95894783146775
0,0,0,False,1.4588226804335136e-07,0.999999854117732,False,0.49999985411773196,0.17040968178779034,0_1_1_1,11.4589023,1.551103938,2.025864351,8.376097639,ETI,combo_001,40,135.1740172,127.0168559,132.218416,194.1976058,-0.505656481,0.109239106,1301.501165,246.9,99.5,,23.214181671161906,135.4268056600169,126.73761692650461,133.00544538719194,-0.4890764324850527,0.1100126229184564,1300.21108790457,258.7778866399378
1,1,1,False,0.9971020039336054,0.002897996066394626,False,0.4971020039336054,0.05298938758745848,1_0_2_0,12.09571751,1.328031224,2.548387905,4.06959172,ETI,combo_001,41,127.9935738,113.6711892,126.4988497,665.8329814,-0.178496748,0.101755258,1572.552316,174.700001,85.6,,30.824580204780712,148.09976409857748,131.95507081558202,140.82334595718942,-0.4097702565115808,0.11057857523535075,1558.831659331287,263.5551775131525
0,0,0,False,0.13336665587689822,0.8666333441231018,False,0.3666333441231018,0.2776402865428832,1_3_1_1,11.97173635,2.565646493,1.740496388,12.01757663,ETI,combo_001,42,118.7551794,109.9631066,114.8088014,151.6153983,-0.490554284,0.113198274,682.0241471,345.2,141.8,,20.836763875263305,118.48660362482819,109.77286166396621,113.73239284365533,-0.45389716686107473,0.11457558306135748,690.5040883853688,349.0959380871318
0,0,0,False,0.044897206646624,0.955102793353376,False,0.455102793353376,0.1957251786003353,2_2_1_2,13.84883992,2.334902569,1.831013949,16.44410094,ETI,combo_001,43,121.5448532,112.9072987,118.6654266,162.8231479,-0.487830693,0.114168358,798.6030825,324.6,143.8,,25.357419070988044,121.97031034464152,113.54080854370841,119.5966597487291,-0.3441480822293281,0.11225821199374121,786.6586095121886,330.24036936665186
0,0,0,False,1.8470137774784234e-06,0.9999981529862225,False,0.4999981529862225,0.19209813549683413,3_1_0_2,14.52152191,1.600683947,1.228783184,18.16845963,ETI,combo_001,44,132.1120744,126.575296,127.0278629,197.06383,-0.17011568,0.11378632,1277.338185,249.1,103.5,,17.843801929095562,131.99140135187102,126.910733827922,127.40544636282013,-0.27141641519400467,0.11496558601512576,1289.5167379371958,260.59498456452485
0,0,0,False,3.5432001368462807e-06,0.9999964567998632,False,0.49999645679986315,0.0970435668201716,1_1_1_0,12.35701602,1.54475398,1.920165113,1.166156237,ETI,combo_001,45,134.5168123,126.5414066,131.6639061,197.0939563,-0.501871474,0.109592601,1319.358642,246.8,101.2,,23.72751106238611,135.83688845403404,127.40026525718002,132.91040095097532,-0.4604663456212309,0.11017588039404864,1318.5839131116304,248.333996604245
0,0,0,False,0.10204803374654148,0.8979519662534585,False,0.3979519662534585,0.25610967743512275,0_2_2_0,11.41183321,2.481094929,2.509214957,4.468702623,ETI,combo_001,46,121.0833183,111.3644277,118.917445,154.9185571,-0.492485628,0.110522753,709.3797956,339.5,114.7,,28.634742577321322,121.07045717943822,111.3328839864224,118.85165318685122,-0.4797889614806782,0.11101935678412032,699.7115384021631,339.0653643090635
0,0,0,False,0.0008729273076824029,0.9991270726923176,False,0.4991270726923176,0.1650491268331229,1_1_2_0,12.85891605,1.982615911,2.165518116,2.369970241,ETI,combo_001,47,127.2226426,117.8163342,125.7453764,176.2665006,-0.493438715,0.10900341,985.987459,289.6,125.6,,27.846215658398158,127.58275376837747,118.46415732445644,126.02768074112994,-0.4209626192803722,0.10945691411581891,984.829757165221,287.6145346103357
0,0,0,False,0.014990301009220275,0.9850096989907797,False,0.4850096989907797,0.11849939888399455,1_2_2_0,11.91172733,2.197715698,2.27665003,0.03099692,ETI,combo_001,48,125.4794822,115.9640749,123.696579,166.4296602,-0.491168612,0.108729852,838.103812,313.3,132.9,,27.11883438319632,124.07443882520138,114.10793582006886,122.18065727951584,-0.46760710259639837,0.11005153275036857,837.6942679623315,308.3272072315514
0,0,0,False,2.4603105885034893e-05,0.999975396894115,False,0.49997539689411497,0.10409336688503787,1_1_2_0,11.84709055,1.844776281,2.20888605,5.321620453,ETI,combo_001,49,130.2486697,121.5177486,129.1981475,180.1714856,-0.496008237,0.108604612,1063.872438,273.2,115.4,,26.168873048981826,129.14273759364056,120.22639551653259,127.73556717912177,-0.4702017182750935,0.10785330761449265,1058.3260909968828,273.2153265496054
1,1,1,False,0.9999977621197331,2.237880266875436e-06,False,0.4999977621197331,0.12341728997378867,2_0_0_1,14.34698268,1.259593513,1.530310136,8.56371923,ETI,combo_001,50,119.9519021,103.7471295,114.6604385,538.1958972,-0.203547342,0.097719549,1684.56382,140.200001,87.5,,21.955333016220443,148.08142519289615,133.21657347405647,137.1352477668684,-0.2593257591541748,0.1163515378083769,1647.6997250275745,237.6118820521422
0,0,0,False,0.20013080446256026,0.7998691955374397,False,0.29986919553743974,0.2356921467806825,0_3_1_3,10.76713335,2.65734778,1.708659771,27.2075438,ETI,combo_001,51,116.2673587,107.706075,111.6650804,144.9339801,-0.489517303,0.113012896,609.6769197,356.2,120.6,,18.39736760413746,116.89295603661738,107.57664437870488,110.6607680173203,-0.5154257508032785,0.11364162138725376,596.7684677115872,352.35582958777576
0,0,0,False,0.00037438772653786145,0.9996256122734621,False,0.49962561227346214,0.16415484760549962,1_1_0_0,12.64840794,1.950624787,1.586906288,2.631555019,ETI,combo_001,52,127.1701666,118.3939661,123.6960732,175.5125165,-0.492224256,0.110157166,995.5813093,281.9,122.5,,20.071838093175128,126.29542241652175,118.26202434895325,122.53402452293889,-0.43103996292187513,0.11069371993740312,995.0883510847644,279.44100388535054
0,0,0,False,0.00010841745938705571,0.9998915825406129,False,0.49989158254061294,0.057346255491119255,1_1_1_0,12.97830343,1.509045457,1.927776525,0.350262839,ETI,combo_001,53,136.3677307,128.2742501,132.7412609,201.8713448,-0.498151284,0.110796337,1360.977366,248.9,95.7,,25.01926868668098,137.63990917985487,128.44447977059423,133.9746819088303,-0.4064980533276742,0.11112999921722531,1364.7357533255547,246.54625978287507
1,1,1,False,0.9999995369072394,4.630927605830948e-07,False,0.4999995369072394,0.1442310504665802,2_0_3_1,13.94898428,1.273556292,2.652977911,14.97391443,ETI,combo_001,54,118.6686711,101.5547449,116.3554877,789.0604078,-0.200362716,0.097396175,1675.920468,141.600001,86.8,,37.00634717572623,150.9456748553212,134.00277173819634,142.5203149359289,-0.33192627735293917,0.11423287919938828,1666.9042318623906,254.2886423080562
1,1,1,False,0.9999659162681382,3.408373186175595e-05,False,0.49996591626813824,0.10996929426142105,1_0_0_3,12.53373158,1.247558002,1.401437673,24.98180722,ETI,combo_001,55,122.9402947,106.541116,114.712342,647.5336324,-0.458771669,0.099288215,1619.206972,142.700001,88.5,,17.565243619481812,147.81756586477593,133.2697856275044,135.40897602515835,-0.31210219055270305,0.11535423183742219,1608.6111493976443,243.3144474479262
0,0,0,False,0.3533913610324362,0.6466086389675638,False,0.14660863896756382,0.31021662593018795,2_3_1_0,13.0687814,2.954513614,1.805063186,7.397919162,ETI,combo_001,56,113.6902564,106.0681158,109.8411889,141.7921046,-0.488240839,0.117323029,585.3439461,394.5,162.9,,23.58997619102154,114.44586112042876,107.3751905066337,111.50490682932583,-0.4140369182660326,0.12366853907413643,603.4522635420616,392.44149219796276
0,0,0,False,0.14839350301463128,0.8516064969853687,False,0.3516064969853687,0.2535921713239621,0_2_3_0,10.36767759,2.101450004,2.744200514,1.388242365,ETI,combo_001,57,125.6257263,114.7994426,123.7868328,167.5242308,-0.498403245,0.106988465,859.83201,296.2,121.8,,28.45098617146428,126.1488259845352,115.30290212182777,125.11232529596083,-0.584432083333016,0.10637772446599524,869.1653071284836,294.4944721975303
1,1,1,False,0.9995539538582534,0.0004460461417465922,False,0.4995539538582534,0.1330158179551797,2_0_1_0,13.78643865,1.365638359,2.052447613,6.79220526,ETI,combo_001,58,123.9668897,108.6053277,121.4010437,780.1174093,-0.186819058,0.100619216,1541.077717,167.700001,90.7,,28.29594309896344,145.1225819655238,131.58206668557605,137.7671794987399,-0.3031240275629378,0.11399763069784347,1537.904543476428,245.20432564948786
0,0,0,False,0.3076978504651606,0.6923021495348394,False,0.19230214953483937,0.443943981204943,3_3_0_2,15.22528558,2.823602269,1.291640337,17.63303486,ETI,combo_001,59,116.2213977,110.3106041,111.0514035,149.0078979,-0.178870983,0.133557641,631.0933129,378.9,165.3,,19.66559299747244,115.28990703320605,110.17369403098411,111.77925512386403,-0.3787306390484783,0.14216536783487066,639.7174807114868,385.0465154841356
1,1,1,False,0.999867498852268,0.0001325011477320004,False,0.499867498852268,0.2512626115231145,2_0_1_3,13.39675472,1.033479274,1.949136948,29.04013412,ETI,combo_001,60,117.7829599,99.88157327,113.3275614,759.2307683,-0.226818385,0.090432111,1994.370793,112.100001,80.8,,26.112109608045397,160.53931174108283,137.2559154356929,145.3744801929501,-0.26356112375208823,0.11713922748477539,1917.9521251408182,252.92231811586456
1,1,1,False,0.9762001972301277,0.023799802769872258,False,0.47620019723012774,0.05752487384698137,3_0_0_0,14.535,1.0,1.227,0.594,ETI,combo_001,1,115.0,96.9,107.0,668.0,-0.432,0.0908,2140.0,108.0,76.7,Itr_1,17.834445000000002,153.14817574150456,135.57367678050377,140.82300313079443,-0.2722475370607188,0.12624435101368048,1939.1314275140328,231.1797043239329
0,0,0,False,0.38010770418711104,0.619892295812889,False,0.11989229581288896,0.13770298148954915,1_3_2_3,12.105,2.997,2.207,22.8,ETI,combo_001,2,114.0,106.0,111.0,139.0,-0.488,0.115,570.0,398.0,161.0,,26.715735,113.98525377410739,105.55416467078226,110.85500809913339,-0.4667002619590187,0.11593267842382018,554.0805426170865,400.6847510375022
0,0,0,False,0.38111215413033506,0.6188878458696649,False,0.11888784586966494,0.13770298148954915,1_3_2_3,12.355,2.995,2.432,24.0,ETI,combo_001,3,114.0,106.0,111.0,139.0,-0.487,0.116,546.0,409.0,135.0,,30.04736,114.80892585163741,106.30896288960211,112.53945278242944,-0.42189248147936775,0.11548300006547334,569.0244591796949,398.78275997543517
0,0,0,False,0.061615410544732185,0.9383845894552678,False,0.4383845894552678,0.393591922121613,0_2_3_2,10.235,2.339,2.945,18.0,ETI,combo_001,4,123.0,112.0,122.0,158.0,-0.494,0.108,750.0,319.0,109.0,,30.142075,123.03120557647422,111.90204421523478,120.97624948585386,-0.5262056189543969,0.10891433654242479,722.7717122104475,326.6512549774405
1,1,1,False,0.9952423066044958,0.004757693395504248,False,0.49524230660449575,0.2194934669452071,0_0_0_1,10.055,1.012,1.25,7.84,ETI,combo_001,5,121.0,99.7,105.0,599.0,-0.24,0.0918,2020.0,98.3,68.0,,12.56875,153.68657596421005,135.64736337040105,137.44734095063563,-0.38314142295364095,0.11323305255145831,1891.5229332268996,240.27484692837504
1,1,1,False,0.9995361650929908,0.0004638349070091863,False,0.4995361650929908,0.11595678207264097,3_0_0_0,15.995,1.005,1.31,1.2,ETI,combo_001,6,114.0,96.6,108.0,781.0,-0.439,0.0912,2150.0,114.0,80.5,,20.95345,155.72022200776223,136.3876572847414,140.69888135838698,-0.271583714440723,0.1195194707312513,1902.3401672763969,237.23043492229314
1,1,1,False,0.9991006088388303,0.0008993911611696603,False,0.49910060883883034,0.06884176255446198,1_0_0_0,12.185,1.012,1.222,2.45,ETI,combo_001,7,118.0,99.0,105.0,653.0,-0.232,0.093,2080.0,103.0,71.5,,14.89007,153.08607438627135,135.35529103726435,137.52850587433417,-0.2510140071073,0.11486472309254944,1900.2382178548082,238.42243607823804
1,1,1,False,0.9998515655154279,0.00014843448457213526,False,0.49985156551542786,0.05752487384698137,3_0_0_0,14.835,1.014,1.275,0.384,ETI,combo_001,8,114.0,96.8,109.0,863.0,-0.215,0.0909,2100.0,111.0,78.2,,18.914625,157.63733008007114,136.64109476696757,139.83813217789705,-0.27474782540157316,0.12067344219725945,1940.52973388806,240.39205279731766
1,1,1,False,0.977135783885501,0.02286421611449896,False,0.47713578388550104,0.03004076448534886,1_0_0_0,12.491,1.029,1.263,1.27,ETI,combo_001,9,119.0,101.0,110.0,537.0,-0.236,0.0917,2060.0,105.0,72.9,,15.776132999999998,152.6242670137623,135.0321741953528,139.28440119684225,-0.27539354856656495,0.12043440477056175,1896.5569150732954,233.9861097483195
1,1,1,False,0.9998548295176306,0.00014517048236939445,False,0.4998548295176306,0.08794379518255467,3_0_0_0,14.535,1.0,1.404,0.594,ETI,combo_001,10,116.0,97.0,109.0,668.0,-0.429,0.0908,2140.0,108.0,76.8,,20.40714,157.51811301799003,136.97563753114466,139.8058204345769,-0.3070903945278262,0.11682497682754962,1959.4060463178353,227.57190560731354
1,1,1,False,0.9998323600634649,0.00016763993653512443,False,0.4998323600634649,0.08844725358464589,3_0_0_0,15.985,1.01,1.344,5.86,ETI,combo_001,11,114.0,96.7,109.0,674.0,-0.446,0.0912,2140.0,114.0,81.0,,21.48384,155.93133084709146,136.39098824898244,139.2597480012916,-0.28167218303955166,0.12476759517086991,1964.2557362346715,238.1008569457222
1,1,1,False,0.9998223425448032,0.0001776574551968224,False,0.4998223425448032,0.03890229927509295,2_0_0_0,14.204,1.018,1.271,1.84,ETI,combo_001,12,117.0,98.9,111.0,798.0,-0.212,0.0924,2100.0,110.0,76.7,,18.053283999999998,154.83830657710212,135.9978046515142,138.1673084909866,-0.273313184058431,0.12166274718095785,1932.515475237277,226.83894960200465
1,1,1,False,0.9997301597420574,0.0002698402579426329,False,0.49973015974205737,0.03004076448534886,1_0_0_0,12.661,1.036,1.264,1.55,ETI,combo_001,13,118.0,100.0,110.0,690.0,-0.222,0.0917,2040.0,107.0,73.6,,16.003504,153.87860135770723,135.60054534682106,137.55230109077974,-0.2716473278192636,0.11836703427452229,1896.0483312168815,229.32355725411753
1,1,1,False,0.9998821266583491,0.00011787334165092034,False,0.4998821266583491,0.03890229927509295,2_0_0_0,13.981,1.017,1.262,2.15,ETI,combo_001,14,115.0,96.1,107.0,765.0,-0.442,0.0923,2090.0,108.0,75.9,,17.644022,155.7959965848686,136.56183805603263,137.62623774247405,-0.2929595556719606,0.11628410539505832,1940.2504116817727,224.98937375224187
1,1,1,False,0.982020075284936,0.017979924715064044,False,0.48202007528493596,0.06976610482688597,2_0_0_0,13.727,1.032,1.266,0.503,ETI,combo_001,15,116.0,97.7,109.0,822.0,-0.226,0.0922,2060.0,110.0,76.0,,17.378382000000002,152.57354334210325,135.18485879549183,140.06806981074584,-0.27294570260835144,0.12334134666879092,1900.4673464782372,230.21889016354825
1,1,1,False,0.9998799795673676,0.00012002043263237283,False,0.4998799795673676,0.062452461921048315,1_0_0_0,12.998,1.043,1.249,0.777,ETI,combo_001,16,117.0,98.5,105.0,785.0,-0.216,0.0935,2030.0,108.0,74.4,,16.234502,154.3710085243984,135.93689039001364,136.78164073555524,-0.2874746284387977,0.11520922350876268,1894.5839500395855,227.10047036331315
1,1,1,False,0.989913667339124,0.010086332660875996,False,0.489913667339124,0.08844725358464589,3_0_0_0,15.605,1.015,1.347,4.01,ETI,combo_001,17,115.0,98.1,110.0,673.0,-0.442,0.0911,2100.0,113.0,79.9,,21.019935,153.50311536430732,135.76810014197207,142.35198660561326,-0.2787186065750718,0.1280851591587982,1938.8892487891346,238.73845215392976
1,1,1,False,0.9997215779166027,0.000278422083397345,False,0.49972157791660266,0.23305952850540249,3_0_0_1,15.925,1.003,1.214,12.5,ETI,combo_001,18,114.0,96.8,106.0,874.0,-0.216,0.0912,2130.0,114.0,80.3,,19.33295,155.26327328358747,136.5016358931872,138.00192116275872,-0.2710068464749474,0.12492416625045374,1984.3091350769662,238.01745786414028
1,1,1,False,0.9997899941508877,0.0002100058491123491,False,0.49978999415088765,0.18603125616843258,1_0_0_0,12.325,1.015,1.592,0.681,ETI,combo_001,19,117.0,98.4,107.0,687.0,-0.235,0.0916,2080.0,103.0,72.3,,19.6214,156.9774700540136,136.39247403969387,141.32136438561818,-0.3010556940595209,0.11372937408695427,1926.5379368350027,239.6978174455847
1,1,1,False,0.9780431267627137,0.021956873237286345,False,0.47804312676271365,0.17824852850289466,1_0_0_1,12.075,1.016,1.242,10.0,ETI,combo_001,20,119.0,101.0,106.0,685.0,-0.23,0.0915,2070.0,103.0,71.7,,14.99715,152.8655510488509,135.36056928663865,139.08455823191596,-0.27682032451604716,0.1197788083332215,1922.9893496017166,238.1718318431698
1,1,1,False,0.9994932653055457,0.0005067346944542805,False,0.4994932653055457,0.09342219139332787,3_1_3_3,15.78724459,1.511901696,2.828614864,29.58007876,ETI,combo_001,1,126.9124376,114.5077884,126.5454773,822.8521274,-0.182784393,0.104672723,1372.85215,205.900001,111.0,Itr_2,44.656034708877584,140.05237778235778,130.71797412029642,137.48239729848152,-0.3428298588180282,0.11434903086143468,1394.2389224256347,280.5917617212894
1,1,1,False,0.9987156075350185,0.0012843924649814653,False,0.49871560753501853,0.1647568745069068,3_0_2_3,15.53931402,1.497288845,2.324692477,29.05808292,ETI,combo_001,2,127.7402,115.4896,126.7859,712.5905,-0.4829315,0.1081716,1381.336,204.8,108.6,,36.12412640003463,140.72241933198845,130.55356005562933,136.63784066845847,-0.27852884185653026,0.11307281301684408,1383.9753064295498,271.2195581767999
1,1,1,False,0.9844516401774399,0.015548359822560087,False,0.4844516401774399,0.05358270962403595,0_0_1_3,10.21854268,1.271863185,1.906226638,27.22467513,ETI,combo_001,3,130.2850613,115.5133514,126.056477,696.826444,-0.205245899,0.100523026,1526.630765,170.200001,87.6,,19.47885825815591,146.86926424820263,131.9794898277967,137.3138422434814,-0.5065432508248233,0.10818922710148086,1465.2777660918036,260.2993129247117
1,1,1,False,0.9996969801813975,0.00030301981860247906,False,0.4996969801813975,0.13776727228135965,3_1_3_2,15.95908618,1.510392076,2.747808253,21.05287347,ETI,combo_001,4,126.5473718,113.84644,126.2649129,823.9239232,-0.483257196,0.104876794,1376.34135,206.000001,110.3,,43.852508715742246,140.19436110607396,130.4845970500992,137.167654619775,-0.2966888809745663,0.11351763272172508,1398.1943085906184,277.2900929857989
1,1,1,False,0.9984701979636839,0.0015298020363161413,False,0.49847019796368386,0.07286028731971794,3_1_3_1,15.81113547,1.516281751,2.899223247,14.72854287,ETI,combo_001,5,127.2661489,114.676663,127.1166635,723.1718143,-0.483736079,0.104701104,1401.638185,204.700001,104.1,,45.84001151609027,140.23422261876146,130.3991194525698,137.91160729527775,-0.2906731269481051,0.11255587442934492,1404.8660003342968,276.2206287743164
1,1,1,False,0.9997424666169081,0.000257533383091868,False,0.49974246661690813,0.07315867176819699,3_0_3_3,15.62788384,1.495011786,2.942724915,25.27693942,ETI,combo_001,6,126.8244739,113.9900419,126.4475168,760.8515418,-0.474283993,0.104483483,1391.878385,198.000001,108.9,,45.98856314469388,140.21026827067834,130.8315616104252,137.43806671606873,-0.30806498965010737,0.11240385138626201,1395.77135981887,277.6288790033552
1,1,1,False,0.9922472272451159,0.007752772754884063,False,0.49224722724511594,0.13901018445286017,1_0_2_3,12.14630472,1.357842905,2.115175173,29.83356622,ETI,combo_001,7,128.0785832,114.1515903,125.6284447,840.0146565,-0.479712556,0.103294181,1479.196497,182.100001,93.7,,25.691562187436716,145.07056362732382,131.7009805226507,138.23087539291964,-0.37540532086025374,0.11161820782916787,1477.2090041570484,258.0951040653545
1,1,1,False,0.7932615994044454,0.2067384005955546,False,0.2932615994044454,0.09309148841825562,1_0_2_0,12.07494215,1.361663973,2.302288853,7.118573977,ETI,combo_001,8,132.0586961,121.3499763,130.7010799,793.3772521,-0.174374736,0.107582454,1526.376856,212.300001,86.4,,27.800004712564853,145.69701086503102,131.23766716349698,138.86437587451132,-0.4466451153896238,0.11081150950728913,1520.4017132546232,257.10676558943265
1,1,1,False,0.9903958072291061,0.00960419277089386,False,0.49039580722910614,0.057592180347747726,1_0_2_2,12.13595311,1.361262926,2.362726889,18.18874178,ETI,combo_001,9,131.3576716,120.2581661,130.0824493,830.2160541,-0.172091297,0.107693034,1528.528468,208.300001,87.5,,28.67394273664018,145.86490665056806,131.55943287480724,139.4539075329496,-0.42932407491546576,0.11088477848706206,1521.2818513904754,261.20478202747466
1,1,1,False,0.9598091095825794,0.04019089041742063,False,0.45980910958257937,0.17897256010635973,1_0_3_1,12.59185609,1.382132972,2.562626584,13.86028228,ETI,combo_001,10,130.9364199,119.5601804,129.8658147,623.4803496,-0.176662684,0.106991132,1514.566073,202.700001,88.9,,32.2682251581363,145.77443360244473,131.4120913555485,139.68277217431944,-0.3687603710317679,0.11073952068454772,1514.6137137666435,264.1592756481686
0,0,0,False,0.19562721046975184,0.8043727895302482,False,0.30437278953024816,0.13928255407981968,1_0_0_1,12.36629556,1.368437663,1.558795698,9.468403389,ETI,combo_001,11,140.3975959,130.1026707,133.0435036,208.8978753,-0.506504406,0.112610656,1507.193845,234.8,87.8,,19.2765283191245,142.1607697397048,130.78772416227667,134.07544214297207,-0.42263102170996975,0.11311484078722037,1511.1438034903445,240.63481613932967
1,1,1,False,0.9695163107636517,0.030483689236348255,False,0.46951631076365175,0.11978105958328829,2_0_2_2,13.02041474,1.3990183,2.377978491,18.57607029,ETI,combo_001,12,129.9206663,117.7910622,128.3106675,769.9252128,-0.49080289,0.107714325,1493.397664,206.400001,90.6,,30.962266195619357,144.420427462478,131.15287696652723,138.35863258797698,-0.3521883107728083,0.11155002914988575,1490.32925797502,258.01298757446244
1,1,1,False,0.9724000789916545,0.027599921008345518,False,0.4724000789916545,0.06930150609478136,1_0_3_1,12.15280707,1.371591319,2.931497965,9.4234641,ETI,combo_001,13,130.6592668,118.5390181,129.8496661,619.1761245,-0.488635259,0.100356837,1520.145175,200.700001,87.7,,35.62592919474261,146.2888015045398,131.64398730176794,140.16853932875483,-0.3699906476624474,0.10926613198768834,1521.6914459388522,274.87307405965737
1,1,1,False,0.9417666323979574,0.05823336760204256,False,0.44176663239795744,0.08556617796680788,1_0_3_0,12.29325858,1.385713939,2.981748511,2.630740785,ETI,combo_001,14,130.6176512,118.5064495,129.9621457,766.336285,-0.174450166,0.104996344,1503.879512,206.300001,88.3,,36.65540546625297,146.14858277581632,131.34452653035297,140.67596917537364,-0.42795489115921004,0.10927064847314083,1499.959285365017,272.6006779397594
1,1,1,False,0.9989692108258623,0.0010307891741376807,False,0.4989692108258623,0.07406025098924182,3_1_3_3,15.73127933,1.524448446,2.987761521,28.73998822,ETI,combo_001,15,127.4990416,115.2932544,127.1728121,614.914187,-0.18331951,0.10460627,1362.283422,208.800001,111.7,,47.001311058276656,139.1339739454356,130.39475350461086,136.84797720090214,-0.3087756890011307,0.11220966419831126,1371.191509021667,281.8928083744925
1,1,1,False,0.9710732630169332,0.028926736983066803,False,0.4710732630169332,0.07315867176819699,3_1_3_3,15.9614441,1.574564119,2.966912043,25.94699696,ETI,combo_001,16,129.995056,119.5412592,129.9555132,521.1496251,-0.485229685,0.108778445,1317.316131,238.400001,114.9,,47.3562007239613,137.48685654801062,129.50567034045824,135.86649991873242,-0.2980070822051445,0.11264682538474696,1317.144235759404,286.1589237136244
1,1,1,False,0.9999948137264028,5.186273597246327e-06,False,0.49999481372640275,0.050606775631678404,1_0_2_3,12.29976522,1.182859237,2.487023209,23.29556092,ETI,combo_001,17,119.4571268,101.9543236,115.7944806,814.9455374,-0.450333561,0.096056188,1726.386738,130.100001,86.0,,30.589801567390992,156.21518815158242,135.07337359898978,144.60072930883044,-0.3121672427609249,0.11232946333450039,1725.5092870155506,260.1499398885744
1,1,1,False,0.9999628009092021,3.7199090797912504e-05,False,0.4999628009092021,0.05298938758745848,1_0_3_0,11.9887383,1.247897227,2.586317145,4.699295842,ETI,combo_001,18,123.0838271,106.5398492,120.3620565,526.6833352,-0.204579124,0.097256319,1684.091166,139.300001,81.4,,31.006679412208154,152.2453757115411,133.44188152375557,142.9212798648898,-0.3851180405963772,0.11130817518623458,1659.7603771832123,263.5972637057001
0,0,0,False,0.09039603896678727,0.9096039610332127,False,0.4096039610332127,0.2833355298237404,0_0_0_3,10.01299435,1.380149899,1.436965893,29.94281407,ETI,combo_001,19,137.3014992,128.7666445,131.1884532,202.4264398,-0.520175116,0.109874538,1321.045737,241.9,92.5,,14.388331367751704,140.6215417499538,130.11999617653112,130.9526858052877,-0.49505960166566143,0.10498779378828388,1369.7797795595932,250.56539397033544
0,0,0,False,0.17483219354289758,0.8251678064571024,False,0.3251678064571024,0.30298716207740006,3_2_2_0,15.05506446,2.112439727,2.260384028,1.03661592,ETI,combo_001,20,125.8733286,117.3072457,124.8765416,175.2074052,-0.173260671,0.111147789,934.7157688,310.6,141.2,,34.030227245894444,126.39807717913833,118.11320599974614,124.99539084573262,-0.33041396671925444,0.10946234866183678,938.830579859884,313.07258456374234
1,1,1,False,0.9955764432833121,0.004423556716687926,False,0.4955764432833121,0.12135841002293411,3_0_0_3,14.6980689,1.426905015,1.38942203,26.99374678,ETI,combo_001,1,126.2833,113.7478,121.8582,771.5286,-0.4780495,0.1069623,1425.339,195.4,103.0,Itr_3,20.42182072811787,139.76329479655385,130.7249925244194,132.7028676468929,-0.2336198905586247,0.11546178271057496,1421.693905710289,252.08852303500709
1,1,1,False,0.9881972249208957,0.011802775079104322,False,0.4881972249208957,0.14079421921408106,3_0_0_0,14.86413542,1.416245911,1.224055053,4.65479322,ETI,combo_001,2,125.0567,113.1689,117.1975,599.787,-0.1753012,0.1090133,1471.6,191.6,95.7,,18.19452006932728,138.95747215578976,130.53883721551827,131.1711951093346,-0.27042598099891246,0.11713245993758535,1476.0620307363567,247.5111764778112
1,1,1,False,0.9634439092103548,0.03655609078964517,False,0.46344390921035483,0.2770305946346079,0_0_3_3,10.71007665,1.379557158,2.888390077,24.20947854,ETI,combo_001,3,130.7743,119.4364,129.1699,751.183,-0.4847646,0.1038156,1470.979,196.1,84.5,,30.9348791197694,146.45993448543007,131.3093228065569,140.92698415447705,-0.5003714041397856,0.10623737979814465,1437.60095571904,276.4434968200652
1,1,1,False,0.9449218877590511,0.05507811224094894,False,0.44492188775905106,0.1240573431638885,3_0_0_1,15.25293574,1.470185616,1.644681283,10.27696122,ETI,combo_001,4,129.7985,118.9437,127.8653,795.0471,-0.1804502,0.1040382,1437.18,208.8,99.7,,25.086217922379753,139.33282110348873,130.104064359705,133.99403917492688,-0.2334744668570391,0.1157032137726374,1421.5139396533455,254.8671394273504
1,1,1,False,0.9963210819912547,0.0036789180087453133,False,0.4963210819912547,0.18586426026637057,3_0_0_3,15.69091238,1.455609155,1.269577055,28.50121523,ETI,combo_001,5,127.6090771,116.2953088,123.7169262,651.9717614,-0.179874321,0.110305172,1407.493201,204.900001,107.5,,19.92082232966344,138.2846239163945,130.73157445187113,131.49324721383348,-0.21788538859168408,0.11729648041279515,1419.3619719056028,270.3759128389214
1,1,1,False,0.9927464181969299,0.007253581803070119,False,0.4927464181969299,0.08193253308349405,2_0_0_3,13.55195178,1.392355232,1.508070557,28.71263076,ETI,combo_001,6,126.9988766,113.9907956,122.8168357,844.6793765,-0.179435674,0.105314806,1449.729038,188.100001,98.5,,20.43729946930174,140.7769554929421,130.96024078677868,134.0263423484051,-0.2869511416048639,0.11468734953957228,1454.3814886893351,245.18612725693575
1,1,1,False,0.8665789914858806,0.13342100851411942,False,0.3665789914858806,0.17348888140718227,3_1_1_1,15.91651984,1.518225274,1.864640749,11.73339818,ETI,combo_001,7,129.3648899,118.593891,128.174219,520.6418337,-0.177660523,0.110657688,1389.85733,223.200001,103.9,,29.67859147593096,137.7481376012524,129.57721460852449,134.18477414482984,-0.24251988207371322,0.1155332863390084,1389.9892944864866,267.0651722505628
1,1,1,False,0.9970198936896395,0.0029801063103604974,False,0.4970198936896395,0.09830751934442868,2_0_0_3,13.84928706,1.388863176,1.340300927,29.87542716,ETI,combo_001,8,125.0810257,111.6901132,119.0368588,815.516093,-0.184461959,0.104056814,1450.189351,185.700001,99.2,,18.562212284807103,140.79167846891193,131.105981101988,132.52764192395378,-0.2645260684779106,0.11421225134789405,1461.97984419194,246.09943075399764
1,1,1,False,0.9973888607026993,0.002611139297300724,False,0.4973888607026993,0.08193253308349405,2_0_0_3,13.2710437,1.378421642,1.455443088,26.90822441,ETI,combo_001,9,127.8970723,115.1726478,123.4720314,813.8422822,-0.482690832,0.104911001,1465.080851,185.900001,97.6,,19.315248823710945,141.07258085137968,131.067811419828,133.7319411701906,-0.29649520037353805,0.11467082557359363,1463.4022268562812,243.0379025079146
1,1,1,False,0.978856255801702,0.02114374419829801,False,0.478856255801702,0.05294539876243013,2_0_0_3,13.90778368,1.389757389,1.26773941,27.20154291,ETI,combo_001,10,125.7218534,113.0350215,119.9403661,847.3394953,-0.180444015,0.105826315,1449.349957,191.400001,99.4,,17.63144547689083,139.79793192163106,130.91354861434482,131.25599093442122,-0.2876285352538265,0.11556954242204763,1455.0184709429611,242.44790778250416
1,1,1,False,0.9470097076231241,0.052990292376875914,False,0.4470097076231241,0.08210223424301727,2_0_0_2,13.81429229,1.400310329,1.464788225,18.14205635,ETI,combo_001,11,128.6568022,117.1310037,124.8191061,556.917729,-0.174754124,0.109053993,1487.837021,204.200001,92.6,,20.235012683100283,141.05704504426046,130.86884528690396,133.54485193216217,-0.2863524180832593,0.11457403862860734,1488.0858456914382,238.12603360204696
0,0,0,False,0.0639458224630971,0.9360541775369029,False,0.4360541775369029,0.05010496023936851,1_0_3_2,12.56444967,1.461068128,2.983279487,16.34584575,ETI,combo_001,12,144.2212835,130.7345479,139.3637838,206.0272786,-0.501790703,0.108469691,1425.801303,281.5,93.5,,37.483264965954916,142.29682773237877,130.1801241077376,138.65442769942027,-0.4005121640929528,0.10857812625185276,1427.8740425193037,274.21794960664784
0,0,0,False,0.025255101412767544,0.9747448985872325,False,0.47474489858723246,0.1108284982583981,2_1_3_0,14.47897361,1.54670135,2.890158073,1.064519418,ETI,combo_001,13,139.2253332,129.5056031,136.9709175,206.8161025,-0.168832906,0.110175637,1360.198343,266.8,102.6,,41.84652246769545,138.34670004802044,128.95287157034042,136.45198482328513,-0.3773067452723903,0.10978542213536997,1361.1277792846142,265.0002494959925
0,0,0,False,0.001663165703462255,0.9983368342965377,False,0.49833683429653775,0.11540637204436173,2_1_3_0,14.28495583,1.568893916,2.994330846,5.253232146,ETI,combo_001,14,139.1248641,129.2769054,137.0211232,204.4597521,-0.169312071,0.108108369,1340.749318,264.3,103.5,,42.77388387551653,137.6582776462352,128.54540425789205,136.19288140661504,-0.37480663017676497,0.10915943205914805,1339.6100563310358,270.8275456108331
1,1,1,False,0.9002389261676171,0.09976107383238286,False,0.40023892616761714,0.1509419191589103,1_0_3_3,12.03925152,1.43736847,2.774382553,29.6458973,ETI,combo_001,15,136.1081853,126.460611,133.5330649,647.9169511,-0.494405078,0.110436078,1391.505064,254.600001,98.5,,33.40148936826673,143.11686467266665,130.47742908501775,138.58801688086845,-0.4051682571442631,0.10884576068937413,1395.1367693630689,274.60780777751455
1,1,1,False,0.6297285654569009,0.3702714345430991,False,0.12972856545690092,0.05358270962403595,0_0_1_3,10.40836201,1.337663415,1.919956357,26.41432133,ETI,combo_001,17,135.3757482,125.8433126,132.050889,528.5893498,-0.497831883,0.110838253,1427.974376,238.800001,92.2,,19.983600807056796,144.08637404619915,130.90113302365563,136.15219011873475,-0.531045496069978,0.10899911719338312,1401.802153940222,258.02449120773383
0,0,0,False,0.11987261833462526,0.8801273816653747,False,0.38012738166537474,0.05289736291413916,2_0_2_1,13.57871702,1.458700077,2.341151338,8.341044462,ETI,combo_001,18,141.1393081,130.1428693,136.8776658,208.7169891,-0.165916832,0.111959639,1434.173201,248.2,95.4,,31.78983151969637,141.7053062299427,130.0570470583371,137.08807940493773,-0.3606517964356267,0.11146989558553955,1433.572898395114,258.730291599948
1,1,1,False,0.9996843651497329,0.00031563485026708804,False,0.4996843651497329,0.2912010315830637,3_0_3_0,15.01433959,1.001877721,2.961056578,0.08005806,ETI,combo_001,19,113.4390148,95.36726243,112.0453272,865.3543737,-0.208485674,0.089106564,2144.142417,109.900001,78.1,,44.45830900729533,159.56567713101967,137.10011304431777,147.4914274939703,-0.297289032014985,0.11766955364750008,1931.9605858383325,258.4845633948868
0,0,0,False,0.054329599509401305,0.9456704004905987,False,0.4456704004905987,0.1957251786003353,2_2_0_1,13.46189793,2.372225363,1.602911916,12.44809564,ETI,combo_001,20,121.3005563,113.0374986,117.3883954,160.5204669,-0.175554706,0.113370289,774.436524,327.4,142.8,,21.578236603972734,121.5249889943111,112.98070887667451,117.66221660682007,-0.4137190808531679,0.1141615863843709,782.4761269107998,330.50487685802443
1,1,1,False,0.8722330720838727,0.12776692791612732,False,0.3722330720838727,0.10168850012201454,2_0_3_3,13.62144669,1.488222091,2.99294012,23.77593981,ETI,combo_001,1,130.5979,119.8368,130.3354,502.8607,-0.48683,0.1070716,1369.05,226.4,104.1,Itr_4,40.768174290942206,141.20723917918409,130.2724987155299,137.81115649330107,-0.33849943909674224,0.10929456061290921,1386.243173825933,272.2077058819453
0,0,0,False,0.44433228795720936,0.5556677120427906,True,0.05566771204279064,0.05519027237638973,0_0_3_3,11.31914506,1.430062758,2.569697098,29.77820855,ETI,combo_001,2,144.9011342,131.1504038,139.1194154,207.4548855,-0.506184972,0.108950872,1374.462444,262.0,98.0,,29.086774212523036,142.9752172532676,130.18098554126396,138.16765260944564,-0.46445408668232985,0.10897756838550914,1363.4392569655886,272.66525242631576
1,1,1,False,0.7858300121073398,0.21416998789266017,False,0.2858300121073398,0.06356731448676456,2_0_0_0,13.09941653,1.366005802,1.244745178,6.48589907,ETI,combo_001,3,129.5411366,119.2312748,123.051905,730.1009152,-0.170286449,0.111030995,1512.129137,214.200001,88.9,,16.30543556033099,140.4894618055351,130.7461689571032,130.9392101324786,-0.33167969623524673,0.11489799701628246,1517.0097583036627,231.85438455601866
1,1,1,False,0.5441911124071481,0.4558088875928519,True,0.044191112407148125,0.07376668219036925,2_0_0_1,13.35156573,1.392491059,1.442084813,9.759559382,ETI,combo_001,4,131.7092499,122.3580717,128.7358418,833.0745073,-0.171988418,0.109896338,1496.681289,219.700001,91.1,,19.254090169004257,140.77923331416324,130.58431062077142,133.13523272446372,-0.32765444223409307,0.11448176882600727,1493.314031982676,238.91360874025042
1,1,1,False,0.8001603128971055,0.19983968710289446,False,0.30016031289710554,0.14432237928889843,1_0_3_3,12.8015835,1.466620647,2.918468949,29.51581464,ETI,combo_001,5,132.6450489,123.1837247,131.9766367,798.6725409,-0.172473541,0.108899494,1377.661441,240.500001,101.4,,37.36102394278074,142.2875979973963,130.31242781711023,138.12624279801082,-0.3732756078780745,0.10895258317129286,1378.4874364559262,275.91702138369544
1,1,0,True,0.35991846210896483,0.6400815378910352,False,0.14008153789103517,0.050165532533291,3_1_2_3,14.68820074,1.518294264,2.164302178,24.20033837,ETI,combo_001,6,131.2252443,121.8200243,130.4238619,734.3696195,-0.173600938,0.112318988,1344.259275,243.400001,107.9,,31.789704852483208,138.8193958805439,129.4553761849668,135.0627825625478,-0.2701880444968671,0.1122645757167051,1349.6583751299586,261.2113596312902
1,1,1,False,0.602277712707064,0.397722287292936,False,0.10227771270706398,0.09692353951813656,1_0_0_1,12.48274974,1.34664172,1.318290714,10.44120154,ETI,combo_001,7,130.2792252,119.7187552,124.5629351,762.845204,-0.170460359,0.111350797,1530.811783,214.700001,87.1,,16.455893067427912,141.66391833911945,131.0662605378582,132.2212326258382,-0.3946831883909438,0.11432345489733386,1534.7468034509284,235.91780102379715
0,0,1,True,0.5378915316861281,0.46210846831387187,True,0.03789153168612813,0.11017649354503785,2_0_3_2,14.19881537,1.492676082,2.675001282,17.91194254,ETI,combo_001,8,143.6338613,130.8220526,139.7644858,209.503688,-0.491921025,0.111431977,1412.334561,257.0,99.2,,37.98184931763131,140.6204477248956,129.98027320068653,136.9690375589234,-0.30574347339331465,0.11078508826750878,1410.452291989936,263.7170387194269
1,1,1,False,0.8960610197033247,0.10393898029667525,False,0.39606101970332475,0.11555884154688624,2_1_3_3,14.4559424,1.522994257,2.668974146,25.28975844,ETI,combo_001,9,131.475039,121.6396444,130.9334788,699.9280348,-0.174380039,0.110136774,1346.210576,239.300001,107.7,,38.58253652166519,139.31026785881923,129.53881160875602,136.14983171293807,-0.30473841797086276,0.11068122513826388,1348.0310782440508,267.75315805028987
1,1,1,False,0.840790505665268,0.15920949433473197,False,0.34079050566526803,0.09749836405931425,2_0_1_0,14.19306971,1.443715358,1.975173022,1.54759711,ETI,combo_001,10,130.4135063,119.6401142,129.2481917,840.165165,-0.177288038,0.107964797,1458.046793,209.600001,95.8,,28.033768390557363,141.4956957067292,130.21825816095017,135.96156393284988,-0.33081683371861154,0.1132401285838425,1451.3746903831654,249.76675193044005
0,0,0,False,0.031760835646650776,0.9682391643533492,False,0.4682391643533492,0.1614530663898379,3_1_2_1,15.72411444,1.586674112,2.467910993,13.57290287,ETI,combo_001,11,137.6867036,128.8907559,135.4196198,207.2245873,-0.171869491,0.112276811,1323.976638,274.0,107.2,,38.805714881666034,136.71074437764136,128.69186823723962,134.9118680901798,-0.26401983713151456,0.11204207948936347,1331.9048083488271,275.80475434466234
1,1,0,True,0.2640220056758835,0.7359779943241165,False,0.23597799432411648,0.1481339717622779,1_0_3_0,12.02228399,1.397607392,2.665652724,0.005394686,ETI,combo_001,12,138.6027119,127.7674459,135.3397464,523.9753341,-0.498537543,0.113315148,1484.407797,261.000001,88.2,,32.04723406664509,144.92882742912,130.6350246067085,139.52763253501178,-0.4287586193849352,0.11049668749255245,1475.9984532929525,250.18921176794
0,0,0,False,0.31398428334142636,0.6860157166585736,False,0.18601571665857364,0.12052773084609597,2_0_3_0,13.2647228,1.455780021,2.945293256,5.929531694,ETI,combo_001,13,138.1159942,128.7234046,135.9555611,208.9536833,-0.50035191,0.109738935,1433.75174,282.6,94.8,,39.06849860554943,142.85470493003677,130.53355054300943,138.87215497831443,-0.3833633051639597,0.10938083256098002,1443.763300155108,265.6807861875706
0,0,0,False,0.3208160056149154,0.6791839943850846,False,0.1791839943850846,0.0867611456398957,2_0_2_0,14.40198964,1.497094087,2.532194433,3.23077262,ETI,combo_001,14,141.1302702,130.3143153,137.6672139,208.6633485,-0.492541134,0.111800232,1409.450728,258.1,99.3,,36.468637990531676,139.96016428599916,129.74304878583834,137.0030752343945,-0.3105041590244496,0.11129038229304895,1406.7002747356712,255.7424351845379
1,1,1,False,0.7194710088495526,0.2805289911504474,False,0.21947100884955262,0.11540637204436173,2_0_3_0,14.44536151,1.489855738,2.80827654,4.685497095,ETI,combo_001,15,131.4627723,121.5155387,130.9776468,767.2720158,-0.17273716,0.11011892,1420.106781,231.300001,99.3,,40.566569840351974,140.74353095939924,130.1030745679996,137.5129521898288,-0.353575673210375,0.11071813699485517,1417.5459216516074,265.42728206318253
0,0,0,False,0.10903769979313438,0.8909623002068656,False,0.3909623002068656,0.05010496023936851,1_0_3_2,12.56332502,1.454187907,2.904598259,17.07325554,ETI,combo_001,16,145.2554852,130.8249411,139.5848759,206.3858128,-0.501774883,0.108467652,1433.61586,279.9,92.9,,36.491411980343145,142.16858222763025,130.2652175528756,138.3025262059548,-0.3597647242695607,0.10864065720364349,1431.822560365323,274.950047394484
1,1,1,False,0.9854419002328996,0.01455809976710043,False,0.48544190023289957,0.056820319638612345,2_0_2_2,13.28347837,1.404551965,2.198166028,22.23090036,ETI,combo_001,17,127.9652716,114.6742698,126.2736006,603.9095796,-0.482837714,0.10331419,1450.836917,186.500001,98.6,,29.199290886606814,144.22710041046852,131.10983528703073,137.5771074750297,-0.3332838525398278,0.11230558594983132,1467.9254533218486,254.2059138794971
1,1,1,False,0.9998274895782515,0.00017251042174848408,False,0.4998274895782515,0.08213993458003896,3_0_3_2,15.75223036,1.003655505,2.999163795,19.75110031,ETI,combo_001,18,114.4275338,96.9751068,113.1589615,710.6578499,-0.431222134,0.089244918,2163.583904,112.200001,80.3,,47.24351898621182,158.67617371314685,137.79617913135084,147.9618055219758,-0.34788763988807037,0.1228006351794182,1981.9218000530684,261.2479933421644
1,1,1,False,0.9997565178845207,0.00024348211547930987,False,0.4997565178845207,0.08213993458003896,3_0_3_2,15.99294895,1.007273104,2.895145265,21.02199615,ETI,combo_001,19,113.5017311,96.33375719,112.9110656,546.7932224,-0.438661966,0.091243422,2086.727992,116.800001,86.3,,46.30191042597922,159.42386649625354,137.65807480904172,147.00779383716218,-0.3231725177308708,0.11863169061484245,1912.537455287688,261.0227838207276
0,0,0,False,0.18449519929527014,0.8155048007047299,False,0.31550480070472986,0.2759112215245395,1_3_3_3,12.06772589,2.594255608,2.761523417,23.60714276,ETI,combo_001,20,120.2673593,111.0608408,118.2945925,151.7348299,-0.488954713,0.111957534,644.3631145,365.3,122.7,,33.325307635172166,120.17493766424907,110.31080696327444,117.99644644489231,-0.4475714411288931,0.11117701936344648,649.9400293235044,360.1350252408532
1,1,0,True,0.06806877189740135,0.9319312281025987,False,0.43193122810259865,0.08643921716604869,2_1_3_2,13.97097764,1.530665482,2.968685433,20.47769669,ETI,combo_001,21,130.468334,119.7720032,130.1744133,662.6076802,-0.17124182,0.1093184,1366.136638,235.900001,100.4,,41.47543780463672,139.55416159719306,129.36399926863993,136.82245473198532,-0.3255639860929957,0.10919769724314468,1362.502346516392,271.4417486967912
0,0,0,False,0.0969351109180252,0.9030648890819748,False,0.4030648890819748,0.053175127950049035,2_0_1_2,14.47415366,1.485697324,2.096950322,15.45207258,ETI,combo_001,1,141.2379263,130.3725729,136.4472706,209.2412978,-0.168888034,0.113694541,1414.992903,255.2,98.8,Itr_5,30.35158117801448,139.29893264727778,129.76959296599054,135.48168771567066,-0.2730251038258315,0.11289992049252896,1413.7466313501823,255.0194597873181
0,0,0,False,0.2428296186735679,0.7571703813264321,False,0.2571703813264321,0.0950940436458736,2_0_1_2,14.25844871,1.475580417,1.928378503,18.09575297,ETI,combo_001,2,142.1457646,130.6739932,136.3254997,208.5736532,-0.169618558,0.11327662,1425.10144,250.9,98.3,,27.49568597849208,139.978865946088,129.94464974658695,135.13983362546253,-0.2767251012213977,0.11346082960936153,1417.9521521881024,253.61427194653834
0,0,0,False,0.13363998462330073,0.8663600153766993,False,0.36636001537669927,0.3172024937538175,0_0_2_2,10.21660288,1.353374247,2.481245715,17.22682907,ETI,combo_001,3,148.0020331,131.4137565,141.2014903,206.5465725,-0.585577935,0.102982888,1493.02997,263.8,82.8,,25.349902117856658,145.5379101673599,130.80135939272427,139.04069122705383,-0.5427443025045503,0.10484992571390678,1474.7033428381135,272.32230481000505
0,0,0,False,0.47488656917992955,0.5251134308200704,True,0.025113430820070448,0.07409619889205366,2_0_2_1,14.45493792,1.481608125,2.213366814,14.37338727,ETI,combo_001,4,141.2068067,130.3463922,136.859719,209.1988662,-0.169107749,0.111896204,1424.236225,252.4,98.2,,31.99407989055819,140.7261772949746,130.09923428317745,136.43435224848523,-0.2779180347588063,0.1130470333032766,1418.6997168644095,256.4449357849619
0,0,1,True,0.609585957979732,0.39041404202026797,False,0.10958595797973203,0.11895902970860302,2_0_2_2,13.59904566,1.439120501,2.144124161,16.08976687,ETI,combo_001,5,141.5120608,130.4069544,136.4689964,209.4360071,-0.167318121,0.111999027,1454.595522,246.2,94.2,,29.158042366148194,142.33364245124253,130.48510613942713,136.79393842322705,-0.327824090876873,0.11213685572253176,1457.639247611267,249.3709321683801
1,1,0,True,0.3646231610781854,0.6353768389218146,False,0.13537683892181462,0.07551131089090682,3_1_2_1,14.82369728,1.510814526,2.509687828,12.38462769,ETI,combo_001,6,132.3835548,123.7393366,131.6253746,585.038503,-0.172118906,0.114371794,1395.254323,253.700002,101.2,,37.20285262957271,139.50080178944017,129.78736686735417,136.66565196272563,-0.28101334350932616,0.11178620470922046,1396.4880818988877,261.402510572747
0,0,0,False,0.13863153446629894,0.861368465533701,False,0.36136846553370106,0.13814602371670093,2_0_1_3,13.42318831,1.469381024,1.759137435,27.0346193,ETI,combo_001,7,140.6363256,130.4704215,134.7244288,208.4213408,-0.169483369,0.113290451,1370.669374,257.9,102.5,,23.613233053175385,139.15850239854598,129.57299127092358,133.86200870908058,-0.3180311071134565,0.11278511841851845,1366.9169368748258,250.112764258224
0,0,0,False,0.1345704336340532,0.8654295663659468,False,0.3654295663659468,0.12691418765789178,1_0_1_0,12.22568338,1.378334743,1.653730782,4.197476202,ETI,combo_001,8,141.6936214,130.3662897,134.3730293,207.5334749,-0.50740397,0.11230305,1495.817398,236.6,87.6,,20.217988936491803,142.0413650759645,130.42870784421535,134.78481699273522,-0.40073843907149875,0.11266522339532857,1495.4231130151913,243.10317859069522
0,0,0,False,0.19581010589183734,0.8041898941081627,False,0.30418989410816266,0.09833505102830034,1_0_2_3,12.04343753,1.440913691,2.351676031,29.64020659,ETI,combo_001,9,143.4277691,130.7030476,137.4243402,208.3554332,-0.5017624,0.11044472,1383.200797,261.1,98.9,,28.322263370146842,141.96831960055445,130.17789946113228,137.2049885754671,-0.4303649442709596,0.11002248753078313,1376.4250470167751,264.37414855844753
1,1,0,True,0.3959264136074978,0.6040735863925022,False,0.1040735863925022,0.050721385055761035,1_0_2_3,12.07148759,1.409119735,2.160626475,24.90676261,ETI,combo_001,10,132.7922682,122.9637784,130.7834156,794.0116791,-0.490468894,0.109039387,1416.982663,228.000002,96.7,,26.081975679587945,143.17797574903875,130.57966925987935,137.13386887422183,-0.4081637749744066,0.11092769246234209,1417.8757901600932,258.88467965182934
1,1,1,False,0.7320714549628065,0.26792854503719354,False,0.23207145496280646,0.10550298899114621,2_0_3_1,13.91876458,1.457403699,2.588849267,9.62428321,ETI,combo_001,11,130.5641157,120.0287056,130.112432,765.3812903,-0.171852059,0.109230291,1441.260649,227.800002,95.8,,36.03358348047856,142.2523339175445,130.45256771215793,137.89379052480533,-0.3443040602954096,0.11110183954202336,1442.275610605182,262.39635486270134
1,1,1,False,0.6439394182454521,0.3560605817545479,False,0.1439394182454521,0.10550298899114621,2_0_3_1,14.43627239,1.483941269,2.562269819,7.901570569,ETI,combo_001,12,131.2037008,121.0825472,130.6281358,591.5550231,-0.174597638,0.108344797,1424.223448,228.000002,98.9,,36.98962504375999,140.94595316907726,130.11040582185174,137.22312446179055,-0.3350737273697767,0.1115839418715451,1419.1502424020644,262.6998065833016
0,0,1,True,0.514741656500803,0.48525834349919705,True,0.014741656500802947,0.06562137912124172,1_0_3_1,12.54950075,1.423234972,2.930050692,11.69084913,ETI,combo_001,13,146.788241,131.458917,141.4098173,209.4337448,-0.50310342,0.108442596,1468.908409,275.9,91.1,,36.77067335679202,143.60664132036726,130.8235849081796,139.00954093189262,-0.35607547931335365,0.10902982170247326,1468.1045849380234,274.0560398742371
1,1,0,True,0.40603358408867507,0.5939664159113249,True,0.09396641591132493,0.05014927264479158,3_1_3_0,15.78021972,1.573603047,2.983613296,2.754672428,ETI,combo_001,15,131.6257913,122.5731066,131.4594509,554.790985,-0.489209144,0.110444719,1348.307165,249.100002,107.1,,47.082073370393395,137.5385104780946,129.28828503873197,136.18926182319964,-0.2923821658461855,0.11141802258328513,1352.588659433815,277.84265604847286
0,0,0,False,0.39915524176666395,0.600844758233336,False,0.10084475823333605,0.05333665570903925,1_0_3_2,12.75338744,1.440630607,2.872907241,15.91701472,ETI,combo_001,17,143.7984119,130.6066319,140.1100842,208.6295434,-0.502899206,0.108812139,1449.056391,279.4,92.4,,36.63929912365445,143.32649411300147,130.59831264822188,138.8482293681237,-0.3869208492178853,0.10927476382904214,1455.3302935902643,271.20389359320336
1,1,1,False,0.9265199979616909,0.07348000203830907,False,0.42651999796169093,0.05519027237638973,0_0_2_3,11.40182271,1.392807406,2.501640486,28.79250859,ETI,combo_001,18,132.9935251,122.4804224,131.4346757,538.4097903,-0.492338606,0.107741901,1420.31749,225.000002,95.8,,28.523261305530234,144.95290324443351,130.90040231165744,139.12839571882614,-0.45044481950085125,0.10953667130473539,1416.2608395468799,266.28370705963295
1,1,1,False,0.99992968037634,7.031962365999789e-05,False,0.49992968037634,0.23974829740813802,2_0_3_2,14.40545799,1.003040316,2.968442002,16.52732634,ETI,combo_001,19,115.6800471,98.02133239,113.5921826,703.2600404,-0.460992471,0.090747331,2158.517435,108.000002,76.3,,42.7617665555625,162.03164174667427,138.28231859030814,147.9602520563576,-0.3040758982084702,0.1176629498800233,2016.8219780328686,265.7978818856251
0,0,0,False,0.00020579014812938112,0.9997942098518706,False,0.4997942098518706,0.19459011529766068,1_1_0_3,12.17113814,1.905794229,1.433075133,29.11857785,ETI,combo_001,20,126.4700175,117.6606566,121.2364627,175.7466016,-0.493308496,0.110708101,918.2657478,281.0,126.8,,17.442155408741872,126.53471064116711,118.69625419413471,121.46551939810024,-0.4054887721225874,0.11253638422333627,919.4045295088124,280.2704891028652
0,0,0,False,0.12280087590340827,0.8771991240965917,False,0.37719912409659173,0.06763010285789034,2_1_3_3,14.01069876,1.535904662,2.827116556,24.50583785,ETI,combo_001,1,136.0697735,127.9894126,134.6170651,208.1549834,-0.167366406,0.10938543,1323.204821,274.4,108.0,Itr_6,39.60987842552467,138.89387832012565,129.30051941574908,136.61486390759302,-0.30049818750077695,0.10944380777994137,1327.4640013863932,270.15939138711394
0,0,0,False,0.07599375010113363,0.9240062498988664,False,0.42400624989886637,0.1042694202959369,3_1_1_3,14.96260294,1.552441061,1.805882099,29.00067167,ETI,combo_001,2,134.2012,127.5077,131.7532,202.8697,-0.4917249,0.1146409,1307.237,249.6,111.0,,27.02069680379077,136.74058713448542,128.86217623801826,133.07086883787096,-0.2673864112663271,0.11284363099848205,1311.5806649402632,273.4635892524065
0,0,0,False,0.0022641792182866993,0.9977358207817133,False,0.4977358207817133,0.10724226742245041,2_1_3_3,14.21791152,1.605037861,2.847561444,29.7067333,ETI,combo_001,3,138.0534346,128.8636599,136.079618,203.4212375,-0.171818757,0.108003613,1264.517959,278.2,112.4,,40.486376658555436,136.50223075402758,127.8374141171693,134.8308297160853,-0.3236976011800013,0.10890369636177531,1258.717139477952,275.85661594809204
0,0,0,False,0.04000505656563291,0.9599949434343671,False,0.4599949434343671,0.17557482527118964,0_0_1_1,10.05403117,1.310060654,1.744112766,11.81153155,ETI,combo_001,4,143.8633048,130.4500907,135.1947037,207.1012263,-0.585896693,0.105130558,1530.995624,254.6,79.8,,17.535364113358916,145.32628168476305,131.38835455363738,136.51865802476027,-0.5582109876201237,0.1078417590066166,1540.0745272190686,247.94808046593624
0,0,0,False,0.21127365210691096,0.788726347893089,False,0.28872634789308904,0.050027172419613825,2_1_0_3,14.480893,1.502238233,1.552121316,28.85008063,ETI,combo_001,5,138.4756923,129.9995467,133.0341174,208.2679172,-0.489924693,0.113707599,1347.30936,263.8,107.0,,22.47610270001519,136.7740196477361,129.1971516153662,131.88827529068962,-0.2910453617323658,0.11433772547816254,1348.285794866689,255.00314155610164
0,0,1,True,0.5960024288359875,0.40399757116401247,True,0.09600242883598753,0.11817380939349617,2_0_3_1,13.75748153,1.471154138,2.845591912,13.23373499,ETI,combo_001,6,140.3773,129.8812,137.3989,209.6425,-0.1670413,0.1106321,1426.51,255.3,96.9,,39.148178171257385,141.77596613021592,130.36172137869443,137.98083105154737,-0.34676828334473797,0.11014139518960085,1432.637626608304,266.0453851625319
0,0,0,False,0.001719709881513154,0.9982802901184868,False,0.49828029011848685,0.13567222398423973,3_1_3_3,15.42596355,1.666228243,2.764257863,24.95489568,ETI,combo_001,7,135.7089902,127.8800307,134.3563821,202.5272745,-0.489320828,0.109891188,1223.994412,288.5,118.5,,42.6413410374389,135.63449954526484,127.27845640370033,134.1147072042318,-0.286727036599809,0.10839960812148274,1213.210792721865,285.7370589049202
0,0,0,False,0.0533538654124186,0.9466461345875814,False,0.4466461345875814,0.06763010285789034,2_1_3_3,14.06913697,1.555565187,2.823083099,26.49067597,ETI,combo_001,8,135.1526581,127.3232766,133.9577901,206.9243756,-0.168381694,0.109484044,1305.44589,275.1,109.1,,39.71834279752307,138.765520598005,129.16687319172524,136.424610395328,-0.31461394028989026,0.10889924592905985,1304.0753627586373,272.6139497174262
0,0,0,False,0.012045900745079052,0.987954099254921,False,0.48795409925492095,0.15487769652273925,2_1_3_3,13.71787337,1.540420466,2.62066848,29.39391642,ETI,combo_001,9,137.5227069,128.7215612,135.1997186,206.2578253,-0.491306968,0.108891286,1315.461943,271.2,107.4,,35.94999835339038,138.38638873709058,128.8496840290731,135.68431180713196,-0.3302187712875309,0.10982163300254809,1311.2048283596378,268.686039004588
1,1,1,False,0.584690091561896,0.415309908438104,True,0.084690091561896,0.07376668219036925,2_0_0_1,13.74924688,1.408320037,1.397010179,9.191341981,ETI,combo_001,10,130.4197724,120.7774389,126.9713821,729.3419707,-0.170487489,0.110617135,1475.441005,222.300002,92.8,,19.20783784494399,139.9826658923002,130.41010864669875,132.6329475338817,-0.2955367246252412,0.1146046168161417,1478.1863762044497,240.03318582592695
1,1,1,False,0.5777331109875092,0.42226688901249076,True,0.07773311098750924,0.08636271714607997,1_0_3_2,12.98472376,1.456190619,2.715336151,22.34071174,ETI,combo_001,11,130.314623,118.962178,129.4202167,734.8446578,-0.178036642,0.106076756,1386.924148,218.500002,100.6,,35.25788983627665,142.0870879738347,130.34845259288034,138.16035960254564,-0.34976170021761,0.10973283305998913,1407.577183090744,269.39833209962
1,1,1,False,0.527873878500273,0.472126121499727,True,0.02787387850027301,0.12745957579043082,1_0_1_2,12.82547279,1.403930153,1.771901028,21.79385393,ETI,combo_001,12,129.8927626,118.4536396,127.5961731,701.5778312,-0.176842739,0.108942795,1432.398837,208.400002,98.0,,22.725468421187028,141.8987186876052,130.62287638409998,135.17483936643052,-0.38704362685665145,0.1133531371179566,1459.4032508058312,247.40848799110987
0,0,1,True,0.6677318234797553,0.33226817652024465,False,0.16773182347975535,0.08210223424301727,2_0_0_2,13.58658163,1.417063464,1.569340978,19.4346426,ETI,combo_001,13,140.5940209,130.3892819,133.687637,209.3111806,-0.165819011,0.11362745,1469.666777,237.8,92.6,,21.321979302901035,140.00823199771423,130.39420720865428,133.9486499956866,-0.2926531172144759,0.11421022162710497,1460.8742816706288,243.97955128041502
1,1,0,True,0.4587862043790807,0.5412137956209193,True,0.041213795620919313,0.12953313995245022,2_0_2_2,13.9468991,1.487587189,2.371659315,22.438697,ETI,combo_001,14,130.54751,120.1227795,129.8865368,837.0450268,-0.490674369,0.109277767,1365.693238,235.400002,104.8,,33.077293165880114,140.70623337466685,129.96901796620293,136.605742218815,-0.3111272882582263,0.111309851948203,1387.7489037356877,261.6540697454914
0,0,1,True,0.5095178298139551,0.4904821701860449,True,0.009517829813955103,0.07707513764775967,1_0_3_0,12.20642345,1.397950256,2.71275556,7.238679331,ETI,combo_001,15,144.7666328,130.7173328,139.5102143,209.8549054,-0.507116274,0.109300814,1486.721491,271.9,89.3,,33.11304308170189,144.91738131926027,130.94133934219053,139.5143495655087,-0.3797836596466546,0.1094692711072972,1489.0436241920072,268.60042705546135
0,0,1,True,0.62500070004441,0.37499929995559,False,0.12500070004441,0.03968083974183624,1_0_3_1,12.21914986,1.405704623,2.986284283,7.503697405,ETI,combo_001,16,144.7404092,130.6759449,140.5242936,209.8088537,-0.507306428,0.109325478,1479.284183,274.1,89.7,,36.48985517853965,144.46995880937013,131.00595434911634,139.35798229047796,-0.36637805718257965,0.10868410999648194,1482.6223338399138,275.88342490707976
0,0,0,False,0.0792360686310758,0.9207639313689242,False,0.4207639313689242,0.11312055723794157,2_1_3_1,14.35671601,1.525734422,2.994259814,10.89860412,ETI,combo_001,17,140.8993044,130.0238548,138.4187122,207.7746673,-0.170231186,0.109969333,1385.402334,264.5,101.7,,42.98773780975342,139.2913386848099,129.59000802189723,137.06375182960068,-0.31187896687432903,0.10950452285961346,1380.5816103494735,269.4879285181595
0,0,0,False,0.10707124847067462,0.8929287515293254,False,0.3929287515293254,0.09532890160479962,2_1_3_1,14.4470193,1.523236867,2.835397307,13.02690399,ETI,combo_001,18,140.0535635,129.7663488,137.5523637,207.8182651,-0.169198334,0.110121721,1385.36306,263.6,101.6,,40.96303961739702,139.29421925894638,129.58198920767356,136.8331087301293,-0.3024511478965256,0.1100700266777133,1383.949523041784,267.46013326451924
0,0,0,False,0.006676155217974156,0.9933238447820258,False,0.49332384478202584,0.050165532533291,3_1_2_3,14.5973055,1.566220666,2.151655413,25.42391285,ETI,combo_001,19,136.8119647,128.713339,134.0124586,205.5125566,-0.489462781,0.112154249,1298.550541,272.6,111.0,,31.408371394289667,136.83599663291128,128.42530977407299,133.96918031999758,-0.27781365527759805,0.11094537115577216,1292.2763640591236,264.145411919005
0,0,0,False,0.018571480204855106,0.9814285197951449,False,0.4814285197951449,0.050721385055761035,1_0_1_3,11.96575122,1.440383481,2.083656446,25.31944409,ETI,combo_001,20,143.1594267,130.6873409,137.1069666,206.6320485,-0.500621328,0.110284484,1376.944602,258.9,99.1,,24.932514660785362,141.23921798365063,129.84359065103416,136.10226166362372,-0.4157888296061188,0.11098051640386755,1372.9964694263442,256.54718495102804
1,1,1,False,0.9980439047325262,0.0019560952674737564,False,0.49804390473252624,0.2783880016760961,0_0_3_0,10.03023917,1.000077597,2.710822733,5.004864663,ETI,combo_001,21,120.1508501,100.3393573,114.016053,832.2156002,-0.426288385,0.089380075,2062.834942,97.500002,67.7,,27.190200359463052,160.9040863406564,136.6099988233113,149.71813053338207,-0.35931539729481826,0.10448496608411388,1919.4459392089866,275.3124684051468
0,0,0,False,0.10576556936518955,0.8942344306348105,False,0.39423443063481045,0.2905644024350698,3_2_2_3,15.17729411,2.432398167,2.44780671,23.41750827,ETI,combo_001,22,121.8296298,113.7780325,120.7222734,162.3594275,-0.175657161,0.115056874,708.7593355,357.3,135.3,,37.15108236210148,123.27419949509029,114.75192209907458,121.70990440350332,-0.32050601781000826,0.12365516545267369,734.114256158959,355.2440136356912
0,0,0,False,0.2939909633089428,0.7060090366910572,False,0.2060090366910572,0.03968083974183624,1_0_3_0,12.10264984,1.41258145,2.939013998,6.835508429,ETI,combo_001,23,145.1223508,130.8853886,139.1852584,209.2150725,-0.507033291,0.109099759,1469.240181,274.0,90.0,,35.56985729265246,144.15576980548212,130.77061486519986,139.202323856667,-0.3745155074315091,0.10854666888938011,1472.1437251767798,274.84014512175395
0,0,0,False,0.19044017687690484,0.8095598231230952,False,0.30955982312309516,0.09532890160479962,3_1_3_1,14.76829043,1.539223306,2.972881842,13.56579529,ETI,combo_001,24,137.9332483,128.9077054,136.2513777,208.0696341,-0.491375619,0.110663864,1371.475894,266.9,102.5,,43.90438245672937,138.74878189757467,129.52758233249438,136.7026059084117,-0.2984211880418064,0.10960556417743626,1372.9950456201955,271.7872803920557
0,0,0,False,0.06272034256335246,0.9372796574366475,False,0.43727965743664754,0.08178323411995937,3_1_1_0,15.68495104,1.577811291,2.085980697,0.093853474,ETI,combo_001,1,137.7077341,129.1123876,134.6286095,207.0963022,-0.170358459,0.112210728,1331.887346,273.3,106.9,Itr_7,32.71850510283008,136.34081366766821,128.38696292477442,133.8020968681624,-0.31906239867555125,0.11318392260140087,1332.6698213834602,268.88951135242377
0,0,0,False,0.08617844670936847,0.9138215532906315,False,0.4138215532906315,0.08178323411995937,3_1_2_0,15.98390143,1.593439046,2.195112222,0.743596567,ETI,combo_001,2,135.6809024,128.159059,133.5721848,206.3726057,-0.169190406,0.112715206,1320.478843,274.1,108.1,,35.086457384236276,136.0265104941159,128.40261189198418,134.27098723642902,-0.25940089191996185,0.11380184649084031,1323.448230662851,273.0169953617381
1,1,1,False,0.7176780077783746,0.28232199222162535,False,0.21767800777837465,0.22684152413620298,0_0_3_1,10.8535865,1.336965651,2.829266542,10.39255,ETI,combo_001,3,137.2172304,126.278812,133.9301468,848.5598571,-0.500017863,0.110612552,1532.440444,239.900002,83.6,,30.707689145152884,148.3168307386223,131.699587275532,141.67697169753419,-0.45864677482591243,0.10761930150743744,1538.0256400928126,279.3409742920675
0,0,0,False,0.16246297210227567,0.8375370278977243,False,0.33753702789772433,0.14018155147382155,3_1_2_3,14.57156607,1.542669969,2.368508991,28.91572703,ETI,combo_001,4,138.3039326,129.3208472,135.3847564,208.6231074,-0.171325186,0.110331899,1322.840511,275.1,109.3,,34.51288524974554,137.7928585487978,128.97442534025507,134.9932742633996,-0.2956248814977844,0.11142717186031144,1321.783911837773,266.260712616643
0,0,0,False,0.261508930609466,0.738491069390534,False,0.238491069390534,0.2061708215617509,3_1_1_2,15.94987442,1.562075661,2.089462504,17.60053749,ETI,combo_001,5,136.7091889,128.7789613,133.9047764,208.6307868,-0.171489324,0.114605764,1354.075129,272.8,107.6,,33.32666454409875,136.52988433462951,129.00378563620708,133.86409239541248,-0.2456609612569582,0.11431536662590272,1344.3867626799577,273.5486248874227
0,0,1,True,0.5421777054958312,0.4578222945041688,True,0.04217770549583122,0.17022533526431946,3_0_1_2,15.05088616,1.492569367,1.735675488,18.09364645,ETI,combo_001,6,136.4917648,128.8600513,132.8517813,209.8309219,-0.167798404,0.114811974,1399.868338,255.8,100.2,,26.123454180590446,138.13764416731036,129.643232849658,133.61626765657826,-0.24611860013412024,0.11498271687984675,1407.4306572606004,257.0003462525713
0,0,0,False,0.4020350643891959,0.5979649356108041,True,0.0979649356108041,0.1323858533397618,2_0_0_2,13.0526929,1.391827917,1.401394634,18.61659428,ETI,combo_001,7,138.5895724,129.7471614,131.7629655,208.4784811,-0.502313274,0.114112141,1486.439089,233.4,89.8,,18.2919737893099,140.46725230373355,130.58612073440923,132.57118797668554,-0.3515471919269853,0.11470275373089396,1487.9350181640816,240.82512880283738
1,1,1,False,0.6094430999131077,0.39055690008689226,False,0.10944309991310774,0.05054932114678708,1_0_3_2,12.7497898,1.449929817,2.964139902,20.23607339,ETI,combo_001,8,129.495444,116.7802315,128.9900659,514.0795341,-0.176226612,0.102613724,1437.94021,201.000002,92.9,,37.7921606882926,142.3809589573306,130.5327466378073,138.44292120346492,-0.34822511721597876,0.10888159548156692,1426.9029846760482,276.1801241143567
0,0,0,False,0.1321908947824113,0.8678091052175887,False,0.3678091052175887,0.057346255491119255,1_0_1_0,12.7939939,1.418291401,1.92528643,0.855825952,ETI,combo_001,9,142.1215323,130.4590822,135.9757881,207.7857633,-0.501911667,0.111992738,1465.063666,242.4,91.2,,24.632102841172777,141.71890139889942,130.1144977818364,135.8283854449145,-0.3872867190815312,0.11203659916821848,1457.1341797375092,243.94654896924578
0,0,0,False,0.46278490214908174,0.5372150978509183,True,0.037215097850918255,0.09692353951813656,1_0_0_1,12.07991327,1.341767937,1.247206756,12.17004182,ETI,combo_001,10,140.6369823,130.7371391,131.1547999,208.7693028,-0.511083486,0.113448417,1531.87951,230.2,85.2,,15.066149442238052,141.28312125124057,130.93536650887498,131.19269293152,-0.37329539073382656,0.11393713925314895,1530.8209767363592,236.64755722661968
0,0,1,True,0.5015444116416732,0.4984555883583268,True,0.0015444116416731823,0.06356731448676456,2_0_0_0,13.29878979,1.397687613,1.324306258,7.297573949,ETI,combo_001,11,142.5499348,131.2002808,132.8199721,209.1421922,-0.500801165,0.114650478,1488.394322,238.2,91.2,,17.611670542723505,139.56700736490313,130.26160158900413,131.95744242821877,-0.2907834270057597,0.11480321947750742,1484.6495187682444,235.9539906104966
1,1,1,False,0.6317409567635082,0.36825904323649183,False,0.13174095676350817,0.05289736291413916,2_0_2_1,13.51960377,1.435756399,2.424120226,7.708321029,ETI,combo_001,12,131.8744336,121.8838005,130.9267113,796.2967726,-0.173228852,0.110200907,1463.811819,225.800002,93.9,,32.77314494636285,143.03894119317587,130.53874860197746,137.94650021963844,-0.3587038393967171,0.11147048799470735,1458.9689059115701,260.08045632038466
1,1,1,False,0.5025998623839385,0.4974001376160615,True,0.0025998623839385004,0.06930150609478136,1_0_3_1,12.2335892,1.399424763,2.840724553,8.121104447,ETI,combo_001,13,136.7559198,126.8483108,134.5401165,747.4420059,-0.498621433,0.112320353,1484.241105,260.700002,89.3,,34.75225721175563,145.28773878908905,131.00841461849103,139.90094563574425,-0.4258261095569203,0.10938649300076934,1487.6317648910153,274.32705659687963
0,0,0,False,0.17094432241708546,0.8290556775829145,False,0.32905567758291454,0.1421309384608285,1_0_2_1,12.1260599,1.390104003,2.252834518,13.04655797,ETI,combo_001,14,143.9921343,130.7955229,136.9971984,208.6266005,-0.507385904,0.110615124,1489.287901,266.9,88.3,,27.318006310055626,144.2048004468852,130.8130658267111,137.96453955601243,-0.4624754427067048,0.11076342845535442,1490.9702195154978,256.9201393638568
0,0,0,False,0.46143572646548137,0.5385642735345186,True,0.038564273534518634,0.1022700299945171,2_0_2_2,14.0295315,1.480911644,2.474511862,18.26390663,ETI,combo_001,15,137.2011356,128.7108527,134.7573057,208.6602911,-0.167141587,0.111125152,1413.35132,252.4,97.4,,34.71624211505265,141.29038509822848,130.20411924707327,137.2976005317078,-0.30622169780837405,0.1114989036665469,1417.4946773848644,260.10402126373236
1,1,0,True,0.44875440632375785,0.5512455936762422,True,0.05124559367624215,0.0867611456398957,2_0_2_0,14.15140783,1.475158004,2.48685744,5.35815156,ETI,combo_001,16,131.840099,123.0497165,131.2434911,614.1076517,-0.491366956,0.113069228,1420.257681,253.800002,97.6,,35.192533848509754,140.9211996334727,130.0541530557282,137.33705165909126,-0.3095794498792699,0.11152361469869343,1426.4197008832766,254.34117904258525
1,1,1,False,0.7146879380449036,0.2853120619550964,False,0.2146879380449036,0.050027172419613825,2_0_0_3,14.22623419,1.461578752,1.526710774,28.56752085,ETI,combo_001,17,131.5567747,122.7833781,129.4247579,592.4257304,-0.175188632,0.111481674,1387.987071,231.800002,103.5,,21.719345011320165,138.26218968385487,129.8728236208425,132.36233446240712,-0.29053185342851146,0.11448927951427393,1386.66427196187,250.68639756064613
0,0,0,False,0.011596641581945732,0.9884033584180543,False,0.48840335841805427,0.05156898002991402,1_0_2_3,12.21169164,1.462108738,2.224775035,25.2633654,ETI,combo_001,18,139.9715489,129.6284127,135.5311003,206.1808894,-0.499791438,0.110791736,1358.448994,260.5,100.5,,27.168266695790205,140.78558674883593,129.52637241536658,136.15287334434282,-0.4176441461373259,0.11007596021436647,1357.3103423755624,260.4824410117315
0,0,0,False,0.009434044815861853,0.9905659551841381,False,0.49056595518413815,0.2194934669452071,0_0_0_1,10.74999344,1.326628223,1.264091512,10.83267966,ETI,combo_001,19,141.5963082,130.5509568,131.3392014,205.6450781,-0.523002814,0.111670976,1522.589191,244.5,82.5,,13.588975461559683,141.6627459348631,130.9214776715936,131.49606360896155,-0.5232364563174562,0.1132928952839679,1528.2242652803536,237.9275339748707
0,0,0,False,0.3482702460160567,0.6517297539839433,False,0.15172975398394328,0.27978596082115825,3_3_1_0,15.63698656,2.657370974,1.822821554,5.159790086,ETI,combo_001,20,120.4731115,113.5537123,118.3145483,156.1663433,-0.485823211,0.133246485,686.6348112,372.3,137.7,,28.503436141176312,118.72239490793682,112.47421663478325,116.57582925882777,-0.2855759671817242,0.1282380487300018,688.7032450993863,373.07566385690023
1,1,0,True,0.373818188731434,0.626181811268566,False,0.12618181126856598,0.13762647434107803,3_1_3_2,15.3915796,1.58020445,2.914007203,21.5636038,ETI,combo_001,1,134.7273701,126.2022501,133.7701945,870.8175186,-0.487079491,0.111715666,1305.376499,266.400002,112.7,Itr_8,44.85117381994786,137.33361221573432,129.04432856599627,135.69893859064854,-0.2853511966265505,0.10996706362046452,1317.3677849455669,279.72462061406196
1,1,0,True,0.4188540556141902,0.5811459443858098,True,0.0811459443858098,0.08901437995630652,2_1_3_2,14.44772544,1.530927955,2.913273275,21.24974465,ETI,combo_001,2,131.4387191,121.6783305,131.036545,512.0899109,-0.174470862,0.108362703,1340.60416,239.900002,109.0,,42.090172408889615,139.83460913438415,129.8379412487489,137.21761089480668,-0.32631991000120625,0.10967377150285473,1359.1306184696723,271.1966222192881
0,0,0,False,0.4616287910447454,0.5383712089552546,True,0.03837120895525459,0.17557482527118964,0_0_1_1,10.64725882,1.309738894,1.92858537,8.730452062,ETI,combo_001,3,148.2784757,132.2404689,139.9468218,209.7412595,-0.523666204,0.110135414,1559.063181,258.5,81.7,,20.53414759085546,145.4535062822046,131.21459835772623,136.9882975420879,-0.5241997177923933,0.108202961563495,1545.7247860204236,254.80645884569964
0,0,1,True,0.5922156330329642,0.4077843669670358,True,0.0922156330329642,0.11017649354503785,3_1_3_2,14.81771694,1.52132621,2.655810229,16.88140694,ETI,combo_001,4,137.7358198,129.0833123,135.5837433,209.0018944,-0.168571383,0.110747278,1385.012122,262.7,101.9,,39.35304421967858,139.52647055865302,129.80170565963704,136.62941216267524,-0.31632416694918564,0.11158680372319542,1388.7311088070142,263.6024263110999
1,1,1,False,0.8616366347475832,0.13836336525241677,False,0.36163663474758323,0.07841401471647447,3_1_0_1,15.91632264,1.501293223,1.357515311,12.86252218,ETI,combo_001,5,129.9316803,120.7548636,126.9176484,775.2083771,-0.175718695,0.112601165,1398.331477,233.700002,104.1,,21.606651678615943,136.15134259790358,129.54451261507464,131.46084146730465,-0.19608406404497522,0.11749821447927997,1394.8218215951156,262.34857996335353
0,0,1,True,0.5414257028575378,0.45857429714246223,True,0.04142570285753777,0.05117266187449351,3_1_3_2,15.76377621,1.572784845,2.747227515,15.34002783,ETI,combo_001,6,137.8910676,129.2105089,135.9560452,208.967345,-0.490964329,0.112343754,1350.40576,275.3,107.1,,43.30667974441442,137.6864056965003,129.29086101741922,136.08677546876262,-0.3213310218034953,0.1118598913938359,1346.0975963914025,274.81037317237485
0,0,0,False,0.47058229016392517,0.5294177098360748,True,0.029417709836074835,0.22875664635640303,3_1_3_1,15.83271337,1.570613675,2.714966313,7.948725441,ETI,combo_001,7,138.238099,129.2573091,136.1732625,209.9041226,-0.170749553,0.112460073,1352.517158,277.3,107.5,,42.98528344293471,138.20845317115092,129.38902811250472,136.15646232100343,-0.30769566138633975,0.1120742838752343,1342.4591710678417,274.5557411481311
0,0,1,True,0.5098718525383994,0.4901281474616006,True,0.009871852538399395,0.09833505102830034,1_0_2_3,12.20200001,1.448579775,2.512466231,28.70238732,ETI,combo_001,8,142.3192029,130.2884974,137.6361194,208.2478057,-0.50113225,0.10929225,1377.838105,264.2,99.4,,30.657112975786664,142.31401332328355,130.12561094777976,137.65432307674934,-0.3882340672510588,0.10999605551800858,1377.336576453494,268.0433475908121
1,1,1,False,0.5203159395578112,0.4796840604421888,True,0.02031593955781119,0.08643921716604869,2_0_3_2,13.48712897,1.482526347,2.973928695,19.89222272,ETI,combo_001,9,129.1684947,116.595974,128.5554278,635.6294579,-0.486883477,0.105221623,1413.917971,204.300002,96.3,,40.1097598570488,140.91822312418122,130.2018707842833,137.82905311408976,-0.31668405706374386,0.10944530003091309,1403.9044440437258,271.89464084368876
0,0,0,False,0.45637883663496837,0.5436211633650316,True,0.043621163365031634,0.05111414982370954,2_1_3_3,13.62356106,1.526587905,2.935624065,28.53397409,ETI,combo_001,10,138.4888381,129.2719773,136.4895295,207.8065466,-0.491826525,0.108732134,1330.714701,271.7,106.7,,39.993653698732906,139.31552925286223,129.44513164931755,136.8788756728307,-0.3171620318332833,0.10893031899144578,1334.6947247196706,274.7569663916659
1,1,1,False,0.8335217571348039,0.16647824286519608,False,0.3335217571348039,0.12352241182710705,2_0_1_1,13.87985071,1.426283342,1.665431944,7.725936515,ETI,combo_001,11,130.3377699,119.8619463,128.312494,696.0795477,-0.173996098,0.110853855,1462.072603,223.800002,94.8,,23.11594675038508,140.059006057257,130.22336184315904,134.51732303569423,-0.2808855742008319,0.11422795536553268,1463.758840315042,242.5832998916271
0,0,0,False,0.4256688799712549,0.5743311200287451,True,0.07433112002874509,0.15861977900515312,2_0_3_0,13.62613558,1.464931183,2.553050077,0.241435149,ETI,combo_001,12,141.4621023,130.091305,137.6255046,209.5103824,-0.166984576,0.110393997,1431.481304,254.7,95.9,,34.78820649173144,141.5090410293937,129.9821257128381,137.7120640252714,-0.355228827579707,0.11091799060884576,1426.947512770203,256.0697349817236
0,0,1,True,0.5303652907381178,0.4696347092618822,True,0.03036529073811778,0.11978105958328829,1_0_2_2,12.88860935,1.412340386,2.220888258,16.21308787,ETI,combo_001,13,142.348149,130.4746496,136.9274514,209.2883549,-0.501653211,0.112187881,1476.499339,244.3,90.9,,28.62416116736401,143.65156278336562,130.70801196913578,137.48854046244327,-0.36659382831096576,0.11162043886710535,1479.811485301633,255.26116359101286
0,0,1,True,0.5174541509380859,0.4825458490619141,True,0.01745415093808589,0.057592180347747726,1_0_2_2,12.04923831,1.386140728,2.28214378,17.26454208,ETI,combo_001,14,145.332944,131.1830519,138.1737244,208.8196157,-0.507689208,0.110456683,1495.045826,264.4,87.6,,27.498094262904214,144.84653340822666,130.98408838814754,138.4163360695273,-0.41205839029594193,0.11063860520228509,1494.1011301759274,258.04827203413964
0,0,0,False,0.22198073149877473,0.7780192685012253,False,0.27801926850122527,0.10674920569233824,1_0_2_1,12.19975181,1.397528285,2.427474644,9.40414214,ETI,combo_001,15,144.445965,130.7370565,138.848632,208.9071054,-0.507016641,0.110767109,1484.168806,268.9,88.9,,29.614588181868108,144.63178480841873,130.76187288756876,138.82644587721992,-0.40043495592070405,0.11022521820534112,1486.620774581083,261.43642765652964
0,0,0,False,0.27342160012506156,0.7265783998749384,False,0.22657839987493844,0.050771960358559444,1_0_3_0,12.8569873,1.436679411,2.862674223,1.847385046,ETI,combo_001,16,143.175677,130.324295,139.39158,209.972886,-0.501220385,0.108999914,1454.776423,282.5,92.7,,36.80536612914837,143.26528453507876,130.40631797729708,138.86325383398312,-0.41333585960652725,0.10960024352026275,1452.3163687403714,258.3866894039919
0,0,0,False,0.2736664720433737,0.7263335279566263,False,0.2263335279566263,0.1022700299945171,2_0_2_2,14.1674518,1.488948534,2.494376482,15.29514463,ETI,combo_001,17,143.7073019,130.9111716,139.4703974,209.1095655,-0.49155447,0.111375132,1415.943797,254.2,98.4,,35.33895857978857,140.36059223631614,129.893420253022,136.76502112840566,-0.3000391702645127,0.11136797505020289,1414.181160216231,260.2624193918491
1,1,0,True,0.44819405331044493,0.5518059466895551,True,0.05180594668955507,0.10437426842009714,2_0_1_0,14.29906944,1.458285872,1.889031427,6.722824778,ETI,combo_001,18,132.5487119,123.8369683,130.9734386,834.6160783,-0.487867843,0.113355321,1441.599293,236.100002,97.1,,27.01139154901529,140.5920589944582,129.99282185790597,135.16575666585072,-0.28104363468660987,0.11358823534574214,1436.9809563528224,246.02765009184822
1,1,1,False,0.9535102931149595,0.046489706885040505,False,0.4535102931149595,0.05014927264479158,3_1_3_0,15.60209519,1.542321348,2.972393991,1.652352754,ETI,combo_001,19,130.1463589,119.3939278,130.0495598,642.3218838,-0.485467769,0.106357381,1376.896782,222.900002,105.1,,46.375573989766,139.26187388390125,129.8478909468486,137.92379643775456,-0.29533209761521867,0.11122284733586034,1377.740854116091,273.3643232327254
1,1,1,False,0.9953661899726285,0.00463381002737151,False,0.4953661899726285,0.05054932114678708,1_0_3_2,12.72564213,1.397190857,2.994419133,19.05089716,ETI,combo_001,20,130.2340413,117.7119897,129.7737993,734.2828036,-0.176526953,0.104126985,1502.198717,200.400002,90.5,,38.10590627378288,145.84363441560734,131.62701854553168,140.3850801481779,-0.3804233792963142,0.10901301120746519,1497.7454974791144,274.6809891079798
1,1,1,False,0.9833201687777091,0.016679831222290886,False,0.4833201687777091,0.3116008543202045,3_0_2_0,15.98850473,1.006094887,2.48416365,0.774687139,ETI,combo_001,21,113.6446433,96.30800269,112.553184,781.0795201,-0.217963281,0.091242031,2158.380409,113.600002,80.9,,39.71806226811907,159.24610809812717,136.50735359588137,147.3356850344659,-0.3014605374418668,0.12637901616501387,1950.1180864586072,252.8239763333946
0,0,0,False,0.1410180096233944,0.8589819903766056,False,0.3589819903766056,0.11026221481440743,1_2_2_0,11.59638423,2.118406634,2.135407734,1.818491014,ETI,combo_001,22,124.8253673,114.8275248,122.3100007,168.2272939,-0.495196206,0.109522659,876.3597105,299.7,127.1,,24.763008571177636,125.06288181323752,115.19565246913946,123.23660686257135,-0.5094082169860318,0.10905808672694552,877.1760132075658,297.0633312471396
0,0,0,False,0.03975617387186503,0.960243826128135,False,0.46024382612813497,0.1206284108592112,3_1_0_0,15.66040403,1.558811528,1.447724586,3.443634598,ETI,combo_001,1,136.6198901,129.2043535,131.8990879,205.4625501,-0.4898853,0.1159929,1343.553703,262.8,105.6,Itr_9,22.671951940924483,134.44068492240402,128.3210025524329,130.85091658603997,-0.23366675534814843,0.11535929433908881,1338.610683477291,261.7689327830386
1,1,1,False,0.5181032921862823,0.48189670781371774,True,0.01810329218628226,0.1575404711261321,1_0_0_2,12.07064326,1.347246996,1.363799998,21.18889632,ETI,combo_001,2,126.9481336,113.2493221,119.3522447,740.0311316,-0.17589506,0.1046485,1526.468454,174.600002,86.3,,16.461943253846712,141.85174281616315,131.14858109403667,132.46233087733057,-0.42913163883733746,0.1134094115896727,1494.593306834679,240.57438571255545
0,0,0,False,0.4138681195048264,0.5861318804951736,True,0.08613188049517362,0.07206998297265725,1_0_0_3,12.61781933,1.392997691,1.257412035,25.41278627,ETI,combo_001,3,141.4929928,131.142821,131.961724,209.7851785,-0.501009727,0.114692331,1429.236103,247.5,96.9,,15.865797880997636,139.0496297902635,130.34377373383683,130.1685150850867,-0.3390918193584444,0.11424464801968211,1424.5678030645138,238.07918545278682
1,1,1,False,0.5365991539357537,0.46340084606424625,True,0.03659915393575375,0.25614202814429377,0_0_2_0,10.68520315,1.323519041,2.371742009,3.120850706,ETI,combo_001,4,134.8866284,125.7263212,132.2040618,610.1512709,-0.49858195,0.11022315,1540.988585,228.700002,81.7,,25.34254518555413,147.96823697820798,131.59368625997251,140.47795648745029,-0.5098651410287581,0.10726246257959848,1540.9640158261104,260.58676582952006
0,0,0,False,0.4420598140983003,0.5579401859016997,True,0.05794018590169969,0.08543652241535685,1_0_0_1,12.6832128,1.365410298,1.23816102,7.978111867,ETI,combo_001,5,140.5394215,130.7761799,131.1330898,208.9661505,-0.505000459,0.114843555,1513.568245,229.2,87.8,,15.703859697325054,140.33855620549812,130.63570327785604,130.98955734594773,-0.3438644684764996,0.11426537664439639,1511.088523968302,236.67153104530368
1,1,1,False,0.6872140213119451,0.3127859786880549,False,0.1872140213119451,0.10899839212011045,3_1_1_3,15.1126161,1.533146693,2.017276251,26.48141846,ETI,combo_001,6,131.9536453,123.6617885,130.8840353,729.1541798,-0.172645499,0.116774904,1329.628721,265.000002,110.3,,30.486321549010245,137.24069250293508,129.1296330574047,134.01999407234578,-0.26836924620528424,0.11357562314134406,1332.8262955697114,264.74172737505177
1,1,0,True,0.41562514747872115,0.5843748525212789,True,0.08437485252127885,0.12052022519368517,2_0_0_3,13.26299022,1.420993928,1.591466864,22.64639661,ETI,combo_001,7,128.9567348,117.583351,125.6662606,770.8146159,-0.490656313,0.108123671,1408.717022,218.000002,100.0,,21.10760945268607,140.38566507368634,130.34978320687,133.74954161054205,-0.3405267265627643,0.11395916560939033,1437.0378973341712,245.83841777923513
0,0,0,False,0.004268688452270908,0.9957313115477291,False,0.4957313115477291,0.07841401471647447,3_1_0_1,15.59361216,1.561536781,1.324909462,11.51403261,ETI,combo_001,8,135.8587349,129.133881,130.9430733,204.3020655,-0.171311821,0.115863494,1334.03183,259.8,106.0,,20.660124297542257,133.92853388089267,128.16353293565484,129.62819447893267,-0.22650903231598923,0.11607660645481202,1331.6958887531976,264.38873757872744
1,1,0,True,0.19200347217247327,0.8079965278275267,False,0.30799652782752673,0.03574029299253025,1_0_3_3,12.2597552,1.442510153,2.652582742,22.76389595,ETI,combo_001,9,130.9719041,119.7874217,130.2717446,766.7910309,-0.4900724,0.10791744,1431.350885,218.400002,91.8,,32.52001506466476,143.004834134121,130.31565447109884,138.42006916252166,-0.403050070628046,0.10924995906096234,1409.191850709165,265.7896900632154
1,1,1,False,0.8059892488239484,0.1940107511760516,False,0.3059892488239484,0.13812354809253405,3_0_1_3,14.98112444,1.492602473,1.823916411,23.55597507,ETI,combo_001,10,128.6510443,117.4380619,126.853205,562.8679732,-0.174050905,0.111023015,1367.795463,223.800002,108.2,,27.324318721349183,138.50597349383094,129.74033422965522,134.05259817902567,-0.2644793868786,0.11461030305941436,1380.6083617818451,258.9122862230242
1,1,1,False,0.8744185515625986,0.12558144843740138,False,0.3744185515625986,0.14586638483788186,1_0_1_1,12.23587707,1.352646094,1.971361009,9.540725112,ETI,combo_001,11,130.9951154,119.9407342,129.4772562,724.2383288,-0.489751513,0.103422953,1533.218688,208.400002,86.5,,24.121330966715163,144.61602696550727,131.2554234977797,137.62312692675235,-0.4290627920993449,0.11210186839606404,1530.8914834921845,248.91832006435743
1,1,0,True,0.2603672146342433,0.7396327853657567,False,0.23963278536575672,0.05061529985112726,3_1_2_3,15.71034253,1.585893213,2.516417281,23.54483711,ETI,combo_001,12,133.79431,125.7468171,132.7169104,549.8531118,-0.175847579,0.114171616,1296.8314,270.800002,114.4,,39.53377743292126,137.5239119236978,129.05072443264896,135.25248791049887,-0.28361454793605473,0.11199795176329203,1301.3101538209762,279.2736642521419
0,0,0,False,0.14700505337361847,0.8529949466263815,False,0.35299494662638153,0.1281502352543578,3_1_1_0,14.83488696,1.510723861,1.801245221,0.817287984,ETI,combo_001,13,136.629949,128.841166,133.1214291,207.4612862,-0.168379293,0.114393474,1386.285972,256.9,101.3,,26.72126924077522,137.87988018256016,129.0541408052816,134.00696773838717,-0.27961416564715436,0.11381635951925247,1385.4661968540008,250.52771300722253
1,1,0,True,0.19375338635200023,0.8062466136479998,False,0.30624661364799977,0.03574029299253025,1_0_3_3,12.35819837,1.450801491,2.676064606,23.62338489,ETI,combo_001,14,134.9895316,125.8441706,132.9281948,529.7395384,-0.494393238,0.112592938,1380.030974,263.000002,99.2,,33.0713372518839,142.672915969647,130.27930673924993,138.38835467567,-0.4054321439726768,0.10920485248238254,1399.1700431160973,269.80700990934014
1,1,1,False,0.7477447628033929,0.25225523719660714,False,0.24774476280339286,0.12083230214341144,2_0_3_0,13.00531729,1.41861264,2.747677026,6.476775555,ETI,combo_001,15,130.7896074,119.8088545,129.8945303,621.1475924,-0.490611334,0.107688847,1473.408432,218.500002,92.1,,35.73441153357358,144.24407241589606,130.85981849536077,139.16359229842706,-0.3915735393932699,0.11038691120695616,1475.4775198540044,266.99638296619224
1,1,1,False,0.6856314531916041,0.3143685468083959,False,0.18563145319160412,0.07095128467947415,1_0_3_0,12.37688318,1.413830425,2.908224102,0.454713615,ETI,combo_001,16,135.3981349,125.7977213,133.2042223,638.0682119,-0.496150321,0.111132446,1470.068457,258.700002,90.8,,35.994749971714405,144.79929742209967,130.69538986740454,139.90853805477505,-0.42157789782154287,0.10899029420605263,1469.2264368841688,269.6727787181293
1,1,0,True,0.48620526290690336,0.5137947370930966,True,0.013794737093096643,0.15861977900515312,2_0_2_0,14.18585817,1.474284073,2.322529008,0.064818924,ETI,combo_001,17,132.0383068,122.3346487,131.1547528,551.8762992,-0.486587144,0.10968101,1429.320785,226.600002,97.4,,32.9470671031988,140.90426669774675,129.83883375196888,136.71156020991884,-0.3553197808440168,0.11178856793339793,1421.9043290595725,253.35234925969408
0,0,0,False,0.48009648763201085,0.5199035123679892,True,0.01990351236798915,0.09684625598724966,2_0_1_2,14.02450257,1.466023099,2.082996269,18.73740594,ETI,combo_001,18,137.2729865,128.7785783,134.0045851,208.4816307,-0.165494308,0.11282335,1425.625513,249.9,97.1,,29.212986527890912,140.9943981704728,130.1542811315919,135.98099223195834,-0.30095674950912776,0.11249989491686722,1426.7812874909812,250.71319339864624
0,0,0,False,0.014979817654307226,0.9850201823456928,False,0.4850201823456928,0.050771960358559444,1_0_3_0,12.70290739,1.476956979,2.927119434,1.391510967,ETI,combo_001,19,142.45403,130.1138922,139.122138,205.3653299,-0.500653528,0.108720644,1408.898084,250.4,94.2,,37.18292708957122,140.95069065326194,129.63221820861207,137.7879364297586,-0.35506618170663246,0.10821356804737611,1406.1392939147845,271.662053665951
0,0,0,False,0.020226836511255897,0.9797731634887441,False,0.4797731634887441,0.050920879685024706,2_0_3_0,13.12356575,1.481221536,2.881520607,1.737942796,ETI,combo_001,20,137.8256982,128.5927005,135.2105641,206.3181735,-0.500085097,0.109483088,1404.37785,257.2,96.0,,37.81582514594441,141.19972402907982,129.73914842670044,138.06679138650875,-0.39694220847079936,0.10880185966023667,1409.7546767131541,265.5722407102166
1,1,1,False,0.9913608520664638,0.008639147933536151,False,0.49136085206646385,0.09882942189297106,0_0_0_0,10.04474544,1.204069055,1.44445613,1.211579625,ETI,combo_001,21,129.2365107,114.8827667,121.7797548,798.7300872,-0.472406641,0.102692891,1678.29152,167.700002,75.2,,14.509194125097547,147.88194379418584,132.53918144358295,134.91825823312618,-0.447911131334783,0.10945301995481599,1652.257493993025,241.75320036402798
0,0,0,False,0.29998343227151736,0.7000165677284826,False,0.20001656772848264,0.2905644024350698,3_3_3_3,15.89615016,2.7547735,2.824008358,24.02536711,ETI,combo_001,22,119.8598655,112.6705677,119.0837339,153.6707316,-0.480698328,0.133635225,625.3558398,398.9,148.5,,44.89086091186304,119.76174783447463,112.76132556735274,119.18205846067606,-0.2968725490410963,0.12783885639422501,586.9146842173806,389.3692877791587
1,1,1,False,0.7328257651470267,0.2671742348529733,False,0.2328257651470267,0.031272926672261454,3_0_0_0,15.23079003,1.479522421,1.340194722,1.039475336,ETI,combo_001,1,132.0842612,124.199023,129.2200937,701.7306606,-0.173240656,0.115160531,1421.660072,236.900002,100.5,Itr_10,20.41222441009622,136.96581517278426,129.52798374297387,131.39200582310443,-0.2844377774732999,0.11642417465922744,1413.6760058637747,254.86058008143505
1,1,1,False,0.8387350181915281,0.16126498180847193,False,0.33873501819152807,0.09882942189297106,0_0_0_0,10.02623765,1.246745207,1.276935736,1.971107705,ETI,combo_001,2,133.9255166,123.7521416,127.3265004,528.302475,-0.499907965,0.111114365,1609.804757,216.400002,76.8,,12.80286115291366,145.2507264243742,131.68317033705333,132.40491543731972,-0.4722619370738079,0.10668371446694098,1607.2976366817993,244.70322988641806
0,0,0,False,0.16552407360677535,0.8344759263932247,False,0.33447592639322465,0.08666685219474637,3_0_0_1,15.04318011,1.491429289,1.204397314,8.612080624,ETI,combo_001,3,133.0578077,127.9515115,127.6386474,207.7913157,-0.167883696,0.116631684,1387.8158,254.2,100.6,,18.117965718502223,135.73378987317818,129.17547510596262,129.705894650721,-0.20882468889862968,0.11647986952343434,1397.972374480839,250.06635559205634
0,0,0,False,0.05317759986337478,0.9468224001366252,False,0.4468224001366252,0.08934733154042805,3_0_0_1,14.8491859,1.492056098,1.35858898,10.34391816,ETI,combo_001,4,135.5089123,128.7529626,131.0429027,207.3242825,-0.168219312,0.116231579,1393.196185,249.9,99.7,,20.17394032571138,136.59376090853218,129.28095881642716,131.20923097281616,-0.23786996367124197,0.11593990565680101,1394.1676290821356,251.92901599728722
1,1,1,False,0.935541658999341,0.06445834100065895,False,0.43554165899934105,0.031272926672261454,3_0_0_0,15.27472939,1.483038343,1.392103771,0.755464166,ETI,combo_001,5,131.2967789,122.3632811,128.7605499,668.6316019,-0.485859869,0.107791299,1414.725414,225.500002,100.2,,21.264008384823526,136.81904224859323,129.52854588206483,131.85304096149358,-0.22576662951407148,0.11647150978642506,1412.063584927989,250.9226426568497
1,1,1,False,0.9419936722521243,0.05800632774787573,False,0.44199367225212427,0.2011823626736599,3_1_1_0,15.92846369,1.51774187,2.041472172,6.082490935,ETI,combo_001,6,128.775253,117.7949668,127.8156479,521.7812231,-0.486847254,0.108731036,1395.832191,220.300002,104.4,,32.51751536584744,138.29583656236412,129.6749390563144,135.0463582736562,-0.2568354605118489,0.11508984747266487,1392.205263928086,266.9635329726933
1,1,1,False,0.9832770312491448,0.016722968750855216,False,0.4832770312491448,0.07362588095163224,2_0_0_0,13.01854103,1.368136425,1.417840249,3.503766991,ETI,combo_001,7,129.2370838,117.6927532,123.8814428,626.4514998,-0.490779114,0.109292731,1514.995113,202.500002,88.7,,18.458211455591915,141.22289765161457,130.68941187198067,133.3972629216963,-0.3143800976179475,0.11456711631305548,1515.9994604862381,235.00745655383264
0,0,0,False,0.05561969148072876,0.9443803085192712,False,0.44438030851927124,0.08666685219474637,3_0_0_1,14.60121801,1.473129947,1.21920476,9.931366788,ETI,combo_001,8,135.2801556,129.2760594,128.9806883,207.3715744,-0.167434671,0.115720141,1408.339682,248.2,98.2,,17.80187449958973,136.09618031959698,129.32973228092217,129.29565046041648,-0.2524019678822714,0.11600767321656459,1410.0481134170082,244.4955649753992
0,0,1,True,0.6380692251401001,0.3619307748598999,False,0.13806922514010012,0.12860079680175562,2_0_1_0,13.70967132,1.43457374,1.653377999,3.388833431,ETI,combo_001,9,139.7867713,129.976551,133.744766,209.2302734,-0.165956051,0.113881321,1452.209374,242.7,93.9,,22.66726893400929,139.62939676901948,129.93494321435713,134.18956964894772,-0.3002973651959009,0.11391687989093455,1452.9147096024021,241.10939009696105
1,1,1,False,0.9155259366934843,0.08447406330651575,False,0.41552593669348425,0.07362588095163224,1_0_0_0,12.82516832,1.359032195,1.533112806,3.019852225,ETI,combo_001,10,129.3657698,117.3994505,125.9325704,664.4033744,-0.488325694,0.108942242,1529.910233,196.500002,88.0,,19.662429790497505,142.84067875986796,130.94721441465757,134.3310815289879,-0.362606013433658,0.1139090539699928,1525.1575143133243,236.16600552633025
1,1,1,False,0.9280191407426628,0.07198085925733722,False,0.4280191407426628,0.09228715195782743,2_0_2_3,13.29249586,1.448235272,2.23598822,29.1827546,ETI,combo_001,11,131.2181995,120.7233748,130.1596048,802.6586877,-0.486175857,0.108173462,1403.047698,217.900002,101.4,,29.72186415735877,141.6834169958296,130.33358099894755,136.5868390103069,-0.3316565947126333,0.11164194410823226,1396.9803124541884,259.02553443517616
0,0,0,False,0.11027108454095469,0.8897289154590453,False,0.3897289154590453,0.13512858804121444,1_0_1_3,12.67955124,1.43604945,1.67345102,26.00431536,ETI,combo_001,12,141.7848597,130.6886475,134.8956478,208.4105923,-0.498791729,0.113295893,1392.722487,256.9,99.9,,21.218607955720262,139.5984840920873,129.9029994957053,133.85231400810426,-0.3616838095457517,0.11247557745316993,1387.3094692250331,248.053590335183
1,1,1,False,0.9330946566000193,0.06690534339998067,False,0.43309465660001933,0.09228715195782743,1_0_2_3,12.95265018,1.44563069,2.366024825,29.46424091,ETI,combo_001,13,130.7142858,120.0456324,129.7323746,732.671627,-0.173703541,0.109173303,1396.112135,224.300002,100.6,,30.64629187542072,142.36124528874996,130.38551202809168,137.3567122575095,-0.3632467753629615,0.11086611580601466,1402.1570219987698,262.96197237528526
0,0,0,False,0.09164709473407129,0.9083529052659287,False,0.4083529052659287,0.05294539876243013,2_0_0_3,13.83162155,1.466920467,1.268924447,26.18281564,ETI,combo_001,14,134.9438806,128.6307804,130.5185851,207.047073,-0.167820935,0.114132845,1362.975679,253.6,103.8,,17.551282726447035,136.43165647522517,129.38540619894863,129.5273928629385,-0.28793714354066813,0.11479685298046344,1367.3340201698811,244.1837410864099
1,1,1,False,0.9354966663752293,0.06450333362477068,False,0.4354966663752293,0.06562137912124172,1_0_3_1,12.61476119,1.402892651,2.952771929,13.57036088,ETI,combo_001,15,133.370171,122.9644027,131.8113304,727.9614675,-0.488718345,0.108560879,1492.873134,224.400002,90.5,,37.24851273287063,145.303496021784,131.3129554346042,139.88720686866918,-0.38831016304001886,0.10928495195256695,1495.763025077149,276.040567832984
1,1,1,False,0.9795278520050488,0.02047214799495123,False,0.47952785200504877,0.12486278342929588,2_0_3_1,13.2694741,1.423711392,2.985423587,11.22091178,ETI,combo_001,16,130.8736106,119.437387,130.3312397,768.6029662,-0.485898155,0.106521678,1480.891211,205.900002,92.7,,39.6150009652256,144.54725865986507,131.0861905802698,139.29741996483472,-0.37013128492204,0.10991337262625892,1478.4421172071557,269.3978825565197
1,1,1,False,0.6706945817887231,0.3293054182112769,False,0.1706945817887231,0.07551131089090682,2_0_2_1,14.39463419,1.478862933,2.533048126,11.99979512,ETI,combo_001,17,132.2291737,123.046951,131.4344618,661.0218235,-0.488948877,0.111786892,1428.488087,235.800002,98.5,,36.46230115943503,140.90255571425567,130.1635306907229,137.0935911100763,-0.2946880305166953,0.11168231161316738,1425.2553594525418,259.3022881050328
1,1,1,False,0.9190710486467424,0.08092895135325762,False,0.4190710486467424,0.053175127950049035,2_0_1_2,14.335073,1.446102704,2.020839608,15.7673288,ETI,combo_001,18,129.8609985,118.2940087,128.6466518,672.6048679,-0.179209398,0.108186677,1459.463523,205.900002,96.0,,28.968883301971385,141.1803985494099,130.4196418091911,135.9186595603722,-0.27314692584956435,0.11371152764786105,1457.0274745685801,251.81425250130144
0,0,0,False,0.031009662647761616,0.9689903373522384,False,0.4689903373522384,0.05061529985112726,3_1_2_3,15.48350901,1.608598543,2.484463249,22.75758934,ETI,combo_001,19,138.0048661,129.1617486,135.4801542,206.2725771,-0.174350678,0.109981109,1275.368621,284.2,114.8,,38.468209100905376,135.86476804780685,128.1334258680284,133.9325502516867,-0.2814599312923167,0.11152039952998825,1282.4135443893256,276.9951482350691
0,0,0,False,0.11926563664849255,0.8807343633515075,False,0.38073436335150745,0.05111414982370954,2_1_3_3,13.85637216,1.558075652,2.987917075,28.65094923,ETI,combo_001,20,136.0474448,127.9101249,134.7912547,206.2103894,-0.169208684,0.109125003,1303.335629,275.6,108.8,,41.40169097441863,138.86344332620476,129.18062822863627,136.7233464593716,-0.3237488377837334,0.10812164212078182,1303.4085266815332,276.1758884165546
1,1,1,False,0.9998766486286286,0.00012335137137142738,False,0.4998766486286286,0.1938276319222537,2_0_3_3,14.30234158,1.009941844,2.905782133,28.78378176,ETI,combo_001,21,116.5502855,98.31101762,114.8515198,828.63058,-0.219630285,0.090715107,2060.329978,111.600002,81.7,,41.559488623227,158.6493948647475,138.41575695558217,148.07003213456693,-0.392284232924739,0.1157913551755104,1985.1953924682216,259.1580134063915
0,0,0,False,0.31753170001979925,0.6824682999802008,False,0.18246829998020075,0.33544387954373744,1_3_3_2,12.96846748,2.859067033,2.9563948,16.21388672,ETI,combo_001,22,117.2437577,108.637478,115.5187242,146.4830675,-0.488568492,0.113927897,612.795724,391.5,161.3,,38.339909821841104,117.89966719345784,109.16232826467552,116.38375147534458,-0.4255218809489504,0.11489237962797762,622.2487853282934,396.75219632590523
0,0,1,True,0.5254342723236434,0.47456572767635663,True,0.02543427232364337,0.1575404711261321,0_0_0_3,11.44054414,1.343704387,1.21957385,23.76388131,ETI,combo_001,1,139.6357651,130.7673219,128.7691156,209.9062082,-0.509519116,0.113354191,1450.068483,237.7,93.5,Itr_11,13.952588462914738,141.11256690932265,130.94927202077136,130.70956983999088,-0.39692212429540147,0.11361815366386797,1472.6917270679637,240.24015968226934
1,1,0,True,0.25996326463609876,0.7400367353639012,False,0.24003673536390124,0.07206998297265725,1_0_0_3,12.9328598,1.408649161,1.338496616,25.97134308,ETI,combo_001,2,131.1959539,122.2565811,126.8925675,576.289269,-0.491262894,0.107566576,1415.132188,232.600002,98.5,,17.310589077502435,139.10891599578073,130.28457812158513,131.26467868683247,-0.3698370190579004,0.11448118158867493,1413.7309844940164,242.41788617052867
1,1,1,False,0.561530708022957,0.438469291977043,True,0.061530708022957015,0.12052773084609597,2_0_3_1,13.69840814,1.463805097,2.872224697,8.551480628,ETI,combo_001,3,132.7563005,123.2162553,131.9762771,540.6777571,-0.48773907,0.11052499,1437.154486,242.500002,96.1,,39.344906169293836,142.4884802487977,130.55615340310746,138.55133102744009,-0.3535408162198967,0.11008856532620888,1438.5804115729843,263.2804433553948
1,1,1,False,0.502592759874708,0.497407240125292,True,0.0025927598747079728,0.12341728997378867,3_0_0_1,14.52165403,1.456520627,1.605188873,10.19555145,ETI,combo_001,4,130.9872601,121.3851989,129.1548112,699.4560254,-0.175422578,0.112017116,1437.331068,226.100002,97.7,,23.309997466511607,139.41259813064605,130.03180926123903,133.76001852581592,-0.2805290833067216,0.11485797374509174,1434.4239819446857,247.7139167691236
1,1,0,True,0.26591131427471737,0.7340886857252826,False,0.23408868572528263,0.13812354809253405,2_0_1_3,14.23442032,1.490279294,1.874689402,25.14148138,ETI,combo_001,5,133.6762389,125.1405066,131.6032463,694.2900278,-0.175097051,0.113230064,1367.807105,249.600002,105.6,,26.685116917517448,138.66671579706266,129.54004406166663,134.16874093204652,-0.2929409603818273,0.11313136161104739,1365.0083339261812,255.06002812147057
0,0,0,False,0.22424928942734823,0.7757507105726518,False,0.27575071057265177,0.08938898318074857,3_1_2_3,14.86283622,1.545575154,2.303921259,25.12044664,ETI,combo_001,6,136.5756672,128.5623327,134.2410506,209.3173528,-0.169878708,0.110823418,1319.68822,275.9,110.3,,34.242804336293204,138.26198618860204,129.24153937300028,135.1901808499527,-0.28699274837615607,0.1118037634538628,1325.7125536702547,272.60081827568365
0,0,0,False,0.1948799500290761,0.8051200499709239,False,0.3051200499709239,0.12953313995245022,2_1_3_3,13.65600339,1.501959343,2.561252747,24.15743466,ETI,combo_001,7,139.7963139,129.697351,136.7150009,209.9420114,-0.169939339,0.11044813,1352.838449,270.0,105.0,,34.97647619567881,140.2826304194479,129.6990194296562,136.7712812829575,-0.32995184134037975,0.1102800439433036,1361.2214382864122,266.84092849916874
0,0,0,False,0.18510824543000126,0.8148917545699987,False,0.31489175456999874,0.08492800250489103,2_1_3_3,13.46720093,1.520229395,2.89623665,26.20154098,ETI,combo_001,8,140.0997905,129.7844535,137.3670549,207.698276,-0.168941464,0.108468277,1336.310325,270.7,106.1,,39.004200906380085,139.77907707757984,129.49664058994156,136.94224253118193,-0.3438693626106252,0.10899702867301365,1336.8074657163686,273.0693365843976
1,1,1,False,0.772822417608495,0.22717758239150498,False,0.272822417608495,0.11310637943224443,2_0_0_2,13.80515153,1.403064304,1.346316526,15.38321776,ETI,combo_001,9,129.2337182,117.9612057,124.5928565,838.7003838,-0.174859805,0.109038569,1483.298579,209.600002,92.4,,18.586103648773186,140.0005505218421,130.59124857808112,132.27954860540865,-0.27998668806182253,0.11466921970020087,1485.0740352410603,241.60612144534542
0,0,0,False,0.4664934161831553,0.5335065838168447,True,0.03350658381684468,0.07406025098924182,3_1_3_3,15.37611358,1.606705617,2.961592913,28.47496872,ETI,combo_001,10,139.3174469,129.6193179,137.243055,207.8463494,-0.173581977,0.109813297,1279.751543,289.8,115.2,,45.53778900801106,136.578256171484,128.57357964860617,135.1408760408481,-0.29630719520623755,0.1094434147936395,1278.5030512322385,284.15780548012566
0,0,0,False,0.15366672172308427,0.8463332782769157,False,0.34633327827691573,0.12595809735163851,1_0_2_3,12.52807735,1.455957852,2.430600164,25.25267195,ETI,combo_001,11,145.9462748,131.3546271,139.0982805,209.4074299,-0.498238689,0.109924024,1382.84954,265.4,100.0,,30.450746861514684,141.76984455015884,129.98973994796302,137.2050946669523,-0.37842960502547,0.11025793054025779,1381.5738279860957,264.38373697236534
0,0,0,False,0.4209056877898263,0.5790943122101737,True,0.07909431221017371,0.1042694202959369,3_1_1_3,15.48971721,1.556215553,1.885940426,27.97349695,ETI,combo_001,12,139.2583477,130.065045,134.6514721,209.0423726,-0.488103828,0.113771743,1319.69461,276.8,112.2,,29.21268387364693,136.07340724954102,128.7420767181156,132.9613721977993,-0.2589105692242049,0.11430966343515249,1312.5599482344956,269.2119171403827
0,0,1,True,0.5195374168208104,0.48046258317918955,True,0.01953741682081045,0.1108284982583981,2_0_3_0,13.85672193,1.482261926,2.912565883,0.515923256,ETI,combo_001,13,138.8813123,129.2248384,136.5738035,209.6750326,-0.167518166,0.109125593,1416.784582,260.2,98.4,,40.35861554353592,141.57367501202992,130.03600641528723,137.92232627081663,-0.35921599804948756,0.10996305186460967,1416.2732283808011,263.16230275864564
0,0,1,True,0.5545407813715997,0.4454592186284003,True,0.05454078137159968,0.17529208094820872,3_1_2_2,14.98365847,1.516475977,2.309589628,18.59482091,ETI,combo_001,14,136.8037876,128.7144102,134.2683266,208.811223,-0.168542136,0.112854509,1388.786323,259.5,101.7,,34.60610219180635,139.59580830082493,129.80826858937914,136.08857844096264,-0.26512633270165786,0.11218007290496326,1383.7893925228739,264.38279044316596
0,0,0,False,0.32601907809680597,0.673980921903194,False,0.17398092190319403,0.09309148841825562,1_0_2_0,12.61858694,1.402998161,2.301768956,6.956739884,ETI,combo_001,15,146.0824467,131.3281381,139.5847976,209.5139467,-0.504083578,0.111630961,1488.647657,271.3,89.9,,29.045071687079037,143.96989662909942,130.71322051342509,138.08539241100826,-0.4243670032037054,0.11099583915941107,1483.6416084441478,254.8767779627322
0,0,0,False,0.47991157129926165,0.5200884287007383,True,0.020088428700738348,0.12894542288840602,1_0_2_1,12.8352029,1.40332374,2.113021446,12.32192965,ETI,combo_001,16,143.0369416,130.6343413,137.258022,209.0991696,-0.502480866,0.112077731,1486.634037,243.0,91.2,,27.121058991461393,143.65217943091332,130.7480143896415,137.3227297605879,-0.37796104892349724,0.11191978211622995,1485.1299384494273,253.87965035252137
1,1,1,False,0.6598755147699649,0.34012448523003513,False,0.15987551476996487,0.13982520405684928,2_0_1_1,14.25485507,1.445157671,1.802822335,13.71021871,ETI,combo_001,17,130.8102856,120.6152727,129.4402696,594.6938472,-0.176604542,0.109797443,1453.707766,216.000002,96.1,,25.69897110238399,140.95009746814847,130.26817273077455,134.95330917308658,-0.2672365019616888,0.1140225206939024,1452.1388370821733,246.3697251400344
0,0,0,False,0.20314099142728992,0.7968590085727101,False,0.2968590085727101,0.15163763545271797,3_1_2_0,14.77697228,1.507880819,2.142154505,4.520402883,ETI,combo_001,18,138.2067219,129.3239779,134.8488134,208.6998021,-0.493274098,0.112479883,1395.560297,257.2,100.6,,31.654557739862124,139.33206320493372,129.54529802664916,135.6315457561276,-0.27533787757784794,0.11327383192053235,1393.3138088378626,255.65452786527013
0,0,0,False,0.019699039229180926,0.9803009607708191,False,0.4803009607708191,0.05117266187449351,3_1_3_2,15.65032999,1.617521127,2.821529337,15.11379552,ETI,combo_001,19,137.3473612,128.7198923,135.6051479,204.9334742,-0.170719806,0.110241766,1303.413713,278.2,109.4,,44.157865200515914,136.30133542857646,128.36228000484073,135.42867345147855,-0.323695346294336,0.11073725046277955,1304.1657478849597,276.93165420278854
1,1,1,False,0.9998614280765423,0.00013857192345767544,False,0.4998614280765423,0.1938276319222537,3_0_3_3,15.37713863,1.002240532,2.78222554,27.96003809,ETI,combo_001,21,116.5466541,98.93956164,114.9214355,776.8859764,-0.443771746,0.089174589,2105.785965,114.800002,84.1,,42.78266782850661,158.3392256687038,138.63662644293376,148.24065460608,-0.4075888804919722,0.11755967422068958,2006.6148458441367,255.68319407873162
0,0,0,False,0.001760965548328386,0.9982390344516716,False,0.4982390344516716,0.10409336688503787,1_2_2_0,11.81209849,2.046054561,2.192948242,4.589976549,ETI,combo_001,22,127.2213228,117.6216652,125.4958742,171.3097013,-0.492641544,0.108536819,926.9394632,293.3,125.3,,25.903320617976355,126.03031498554854,116.17723597447392,124.24283026654692,-0.4699247598590315,0.1085957589839036,923.1894825742717,291.5408649186333
