TP_NoTP,actual_label,oof_predicted_label,oof_is_error,oof_p_tp,oof_p_notp,is_boundary_band,ptp_distance_from_boundary,local_nn_dist,coverage_cell_key,A_Cell_D,C_Barrier_Thx,F_ThermalResin_Thx,G_CoolantLPM,B_Barrier_Type,discrete_combo_id,Eval#,MaxT_TB_Center,MaxT_TB_Top,MaxT_TB_Btm,MaxT_Adj,MaxT_Adj_Y,MaxT_Adj_Z,Max_Power,Time_MaxT,Time_Max_Power,Unnamed: 16,CellD_x_Resin,oof_tmax_pred,oof_MaxT_TB_Top_pred,oof_MaxT_TB_Btm_pred,oof_MaxT_Adj_Y_pred,oof_MaxT_Adj_Z_pred,oof_Max_Power_pred,oof_Time_MaxT_pred
0,0,0,False,4.429133171335309e-10,0.9999999995570867,False,0.4999999995570867,0.23640782892788156,2_2_1_0,13.62064854,2.233007376,1.893774292,3.453895132,ETI,combo_001,1,123.7814469,114.8687825,121.4281739,166.9135213,-0.173679459,0.112040882,847.8564214,312.7,140.1,Initial,25.794434045419333,123.49395853232807,114.7849806068995,121.86614267236658,-0.33886599320236166,0.11250258642913881,847.4698476723454,316.76497775390783
1,1,1,False,0.9999907612800598,9.238719940185547e-06,False,0.4999907612800598,0.26671276818730405,3_0_2_1,15.4212917,1.059793309,2.327644861,12.72983229,ETI,combo_001,2,115.9605143,99.130613,113.9749824,544.9556682,-0.214512458,0.092946689,2056.781355,117.000001,81.5,,35.89529037548695,157.92163361063672,136.7526156140215,145.89593155139488,-0.18670429049810944,0.12183157055698039,1927.525306635088,248.9736798825413
1,1,1,False,0.9778753519058228,0.022124648094177246,False,0.47787535190582275,0.09607049648201903,3_0_0_1,14.69924287,1.403003879,1.409897549,12.63060293,ETI,combo_001,3,125.5401894,112.6551433,121.0941455,718.0871019,-0.177063498,0.105172378,1497.836541,185.300001,95.1,,20.72442649456873,140.6502342168645,130.9192074176199,132.83994443623823,-0.3670090630246113,0.1166678547749499,1491.9852198505841,244.05874699280224
1,1,1,False,0.861354649066925,0.13864535093307495,False,0.36135464906692505,0.16508913188701602,2_0_2_0,13.11039268,1.394320747,2.213860506,0.822784095,ETI,combo_001,4,128.9743768,116.486459,127.1904038,592.1842414,-0.490351437,0.107866163,1498.568107,202.500001,90.4,,29.024580572403497,144.08933312645087,130.75811500243026,137.91532507915846,-0.4824889786940928,0.11210763820485697,1490.731911344073,249.87533689795845
0,0,0,False,5.136654408488539e-07,0.9999994863345592,False,0.49999948633455915,0.2535921713239621,0_1_3_0,11.12368179,1.794243017,2.632029304,5.731029041,ETI,combo_001,5,130.0436429,120.3971253,129.3444118,182.1881694,-0.501700525,0.107203005,1084.736004,270.2,111.4,,29.27785643965117,130.275419695478,121.4310596825781,129.61302737214274,-0.5075078504204118,0.10656666007877705,1085.9762952512012,277.75327594523844
0,0,0,False,4.863295998802641e-06,0.9999951367040012,False,0.4999951367040012,0.2356921467806825,1_3_1_3,12.12531974,2.726928024,1.762602773,25.79994151,ETI,combo_001,6,116.0698585,107.8407264,111.426216,145.5462318,-0.488265863,0.115023343,603.9073195,372.1,125.7,,21.37212219723564,116.75334704023676,108.37432975714887,112.61096858346622,-0.47720125281010795,0.11219347120021327,605.4179987156339,368.07639040494985
0,0,0,False,0.00027516280533745885,0.9997248371946625,False,0.49972483719466254,0.20521313654702508,1_2_2_1,11.74369257,2.056341711,2.370376654,9.976600272,ETI,combo_001,7,125.4561819,115.1769443,123.6119816,171.1489608,-0.495937611,0.108404274,917.3473561,293.7,125.3,,27.836974699681264,126.36760067782357,116.33556258552164,125.01494357623764,-0.4765423870162625,0.10799679221866612,922.7303626371709,294.37651409584095
1,1,1,False,1.0,0.0,False,0.5,0.14558246541680245,2_0_2_0,14.40380371,1.11969452,2.23841178,3.197426084,ETI,combo_001,8,116.8034285,99.1699396,114.1953321,541.7288928,-0.210051338,0.096010988,1934.580784,120.300001,81.0,,32.2416439012717,157.2495596009544,135.5344977073434,145.4292026101018,-0.0437488386800432,0.11730781926700998,1843.7214334468008,254.48463282251657
0,0,0,False,0.05381777882575989,0.9461822211742401,False,0.4461822211742401,0.1626395205776675,1_0_1_2,11.72224902,1.437487493,1.970342224,19.34435109,ETI,combo_001,9,138.0473719,128.5805146,133.5062113,201.9928467,-0.509820703,0.111201797,1418.838351,239.5,90.1,,23.09684220434862,140.9036337182794,129.63264062692687,135.6656782490898,-0.5007608811218961,0.11027753629877565,1410.3496475692448,254.13699960669396
1,1,1,False,0.9999998211860657,1.7881393432617188e-07,False,0.4999998211860657,0.1281502352543578,3_0_1_0,14.92665386,1.303068539,1.676088367,1.535872215,ETI,combo_001,10,118.7418755,102.782789,114.8147597,827.7120641,-0.189193703,0.100010609,1629.621841,149.100001,90.6,,25.018390892981646,147.25678925581744,132.67538754138386,137.91561804828103,-0.2169456819658973,0.11765411127691543,1612.1761428229233,246.17868475159207
0,0,0,False,0.012656872160732746,0.9873431278392673,False,0.48734312783926725,0.1205139593422955,1_1_1_0,12.80941246,1.568575083,1.876953057,3.869547623,ETI,combo_001,11,134.5338733,127.2450259,132.0332797,196.6844954,-0.499013775,0.110469111,1306.870367,249.6,103.6,,24.04266587517089,135.5297103105558,127.21343626147113,132.5370952547856,-0.5093534733876716,0.11093611228819379,1304.6467763944565,251.63874392057957
0,0,0,False,8.071655611274764e-05,0.9999192834438873,False,0.49991928344388725,0.14732445446995154,0_1_2_3,11.00913509,1.580750537,2.374964595,26.98310887,ETI,combo_001,12,134.2584278,125.9839397,132.2505457,193.6550559,-0.503866221,0.108311476,1167.100043,263.5,104.9,,26.146306060322136,135.68874957435133,126.33020740558416,133.49086550399517,-0.5113335244058106,0.108438778007306,1205.3030066247745,263.01580951497857
0,0,0,False,1.0156744965472003e-14,0.9999999999999899,False,0.49999999999998984,0.3338933483146959,2_3_2_2,14.16822658,2.916410365,2.176198223,18.9450193,ETI,combo_001,13,116.9335441,109.5021505,115.0962216,145.3189588,-0.479486579,0.133631258,607.1829829,393.6,167.4,,30.83286950645737,115.43397908988787,108.0323382878728,113.4874742086001,-0.38022540579049224,0.12268004357960616,597.9154218200129,400.0411915302129
0,0,0,False,2.0575850356863157e-08,0.9999999794241496,False,0.49999997942414964,0.29228483866605276,2_3_2_0,14.00026777,2.696809283,2.110029912,0.005174258,ETI,combo_001,14,118.4186585,110.2433255,116.4533301,152.9297727,-0.48619194,0.114480678,662.1536772,375.0,137.8,,29.540983770709538,118.8895575432157,111.41268857176046,117.10325401510302,-0.2185994190592298,0.12248613522506002,661.2499938580817,368.05440006048536
0,0,0,False,1.0359345651522744e-05,0.9999896406543485,False,0.4999896406543485,0.26635021146928817,2_2_3_0,13.54296211,2.155818269,2.560542096,0.936482072,ETI,combo_001,15,125.9990969,116.6200616,125.1861887,171.0002819,-0.487549984,0.110243244,895.3382208,310.2,137.6,,34.67732458718798,126.02544175304904,116.48259984408122,124.61000411167058,-0.27014244676388566,0.10771809942049455,893.6521298999887,310.89046345572336
1,1,1,False,0.9445370435714722,0.05546295642852783,False,0.44453704357147217,0.20723374555437934,1_0_1_0,11.61025733,1.231815722,1.849205067,0.036113103,ETI,combo_001,16,123.8487523,106.9504149,117.8031462,635.5276768,-0.458856224,0.096901494,1686.006954,142.600001,79.8,,21.46974668380989,149.84162684913375,132.92602740707082,139.62273368580884,-0.38064604609172215,0.1135114973992608,1658.2232069194622,245.90176786917482
1,1,1,False,0.9999988675117493,1.1324882507324219e-06,False,0.49999886751174927,0.14867475206226838,2_0_1_1,13.1832379,1.187750686,1.816752251,13.65523939,ETI,combo_001,17,117.479339,100.5579025,111.0822544,819.6651743,-0.215695935,0.093569696,1785.873045,127.900001,81.8,,23.950677130293514,152.5880279073414,134.22038701372546,141.23525028097464,-0.33477408011349113,0.11527960679351898,1750.4622532244337,243.30864829426588
0,0,0,False,2.739293680775745e-09,0.9999999972607063,False,0.4999999972607063,0.23413388553635348,0_3_1_2,10.87733732,2.869754123,2.072497918,21.07095349,ETI,combo_001,18,114.4900061,105.8130493,111.09182,140.2132029,-0.488577059,0.111981391,587.3623452,377.3,150.3,,22.5432589490837,115.25117128068769,105.82122585065903,110.43042804108634,-0.46285545232296094,0.1164747174834759,582.6323287079083,380.4563864569743
0,0,0,False,0.00031293253414332867,0.9996870674658567,False,0.49968706746585667,0.22531005403850965,2_1_2_1,13.72884534,1.907814204,2.456844555,14.2893732,ETI,combo_001,19,128.6724909,119.3778603,127.8678703,181.6940242,-0.172401393,0.108909801,1051.900488,284.2,125.2,,33.72963892001612,129.61934082100683,120.67388829170478,128.18461160586347,-0.1366967156041401,0.10767989586526823,1042.2980106813707,289.3035231797885
0,0,0,False,1.7427696263894177e-07,0.9999998257230374,False,0.49999982572303736,0.2634532405792313,3_2_0_0,14.62355254,2.433388417,1.639075702,0.249634484,ETI,combo_001,20,121.9075184,114.2098027,118.9635266,161.6408959,-0.176090241,0.115766197,760.9502481,344.1,152.3,,23.969109645234383,120.60035821082894,113.59757682923929,118.0192504318109,-0.40247831204129175,0.11925122389560525,756.3172596136653,337.46989465533153
0,0,0,False,2.3648324712854073e-14,0.9999999999999764,False,0.49999999999997635,0.2771694947917222,3_2_3_0,14.90207674,2.393566447,2.745801424,0.09430566,ETI,combo_001,21,123.8317953,115.4377292,123.3199038,165.4671566,-0.487421365,0.110889635,791.2097597,348.6,155.2,,40.91814353324928,124.35454742513474,115.37064770147761,123.2134942982541,-0.3261709916530826,0.11605190866962008,796.043414413867,343.54516927057017
0,0,0,False,0.1676487773656845,0.8323512226343155,False,0.3323512226343155,0.056820319638612345,2_0_2_3,13.19847239,1.461120901,2.121686619,22.8475716,ETI,combo_001,22,137.8804519,129.0650826,134.0852659,209.9820432,-0.497874166,0.111222915,1374.842575,264.6,102.4,,28.00302226110395,140.83372883877186,129.91244245341022,136.0223081675392,-0.47244025170955134,0.11197574775492387,1400.6051841689934,254.00569960263442
0,0,0,False,2.7372344842124807e-12,0.9999999999972627,False,0.49999999999726275,0.3338933483146959,2_3_2_1,13.45750184,2.592039563,2.315864586,11.28892172,ETI,combo_001,23,120.228863,111.7351494,118.5145194,154.3928229,-0.177243073,0.113361222,694.0744422,355.9,132.3,,31.16575192728584,120.14604001432058,111.68169532002602,118.37967236682333,-0.3919058464211896,0.11192476089464803,696.0519876829542,361.9775370867769
0,0,0,False,0.04440746456384659,0.9555925354361534,False,0.4555925354361534,0.1700338051746618,1_0_0_0,12.38042866,1.451160741,1.313559748,0.146825804,ETI,combo_001,24,135.3784733,128.0530249,130.3009519,202.167333,-0.503708319,0.112641563,1402.684714,239.4,91.6,,16.26243275076158,137.21302910821532,128.98497758944984,129.90539431644,-0.4603510869710295,0.11338109083641837,1411.7714103412425,237.1642195356219
1,1,1,False,0.997222900390625,0.002777099609375,False,0.497222900390625,0.07700237582830324,3_0_0_2,15.63504525,1.379136971,1.480843839,20.81970087,ETI,combo_001,25,123.319181,109.3668989,119.5363414,623.3387258,-0.191874234,0.102583366,1495.030216,171.200001,102.3,,23.153060430948713,142.4566075817608,131.9104388989738,134.89305295906047,-0.4709374801646611,0.11886821896493945,1521.366807614097,255.98250556611958
0,0,0,False,4.020183439479297e-07,0.999999597981656,False,0.49999959798165605,0.3311377678802834,1_2_0_1,12.21980399,2.281497023,1.2,7.911698289,ETI,combo_001,26,118.4616501,110.9127481,108.5986688,160.607642,-0.492498888,0.113771913,786.6348253,310.9,109.3,,14.663764788,121.78644435025241,112.87504045527635,115.89599349970928,-0.37933811527602884,0.11339988895580405,798.4664045220105,311.8881270943761
0,0,0,False,0.014569861814379692,0.9854301381856203,False,0.4854301381856203,0.08636271714607997,1_1_3_2,12.75712505,1.530503559,2.837921421,22.31093137,ETI,combo_001,27,140.5068798,129.7048365,137.3001293,206.4664956,-0.498304633,0.108818914,1349.898592,268.8,97.0,,36.2037184497707,139.24367820847326,128.83688043666362,136.71885216489449,-0.4994534998822887,0.10814359619547811,1322.3344971698718,275.085480925182
1,1,1,False,0.9979355931282043,0.0020644068717956543,False,0.49793559312820435,0.050606775631678404,1_0_2_3,12.30485762,1.214186604,2.416089212,24.12369221,ETI,combo_001,28,120.0641872,102.2303714,116.0390656,573.838219,-0.216084651,0.093075609,1674.727971,133.300001,86.1,,29.729633750877998,152.31432806219405,134.05929408308097,142.31106968136967,-0.37890511763599,0.11045900753542784,1660.1085744048412,262.7673209782307
1,1,1,False,0.998339831829071,0.001660168170928955,False,0.49833983182907104,0.12894542288840602,1_0_1_1,12.92913101,1.200930259,2.042271595,10.28808177,ETI,combo_001,29,118.91894,101.4152705,113.8471016,687.7833453,-0.203833494,0.093426761,1760.032955,128.500001,81.6,,26.40479700975666,151.7693948581363,133.86095870840924,140.76361577311286,-0.37886662723348197,0.11282256955654137,1718.5849824223242,245.81270911453487
0,0,0,False,0.04536080360412598,0.954639196395874,False,0.454639196395874,0.12003239703839946,1_0_2_0,12.72625237,1.478698659,2.136225419,5.013696117,ETI,combo_001,30,139.9672219,129.5725131,135.5075955,202.8042662,-0.500975981,0.110307988,1399.09162,247.3,94.1,,27.18614380140299,139.78404244813058,129.19150873503105,135.6155484666459,-0.4981112681835873,0.11085783599043988,1398.22115872063,252.23070750948682
0,0,0,False,1.577812508912757e-05,0.9999842218749109,False,0.4999842218749109,0.13512858804121444,1_1_1_3,12.48968121,1.65853431,1.6786106,28.0990017,ETI,combo_001,31,133.2529062,126.1137635,130.6186557,190.5235579,-0.494677424,0.111365092,1142.369311,264.9,112.3,,20.96531126972683,131.8077163285435,124.6124455260795,128.9103547523281,-0.5044147943975237,0.11031502424047011,1144.5189383865327,262.1413436464595
0,0,0,False,2.682861932612468e-08,0.9999999731713807,False,0.4999999731713807,0.2821621094617264,1_3_2_0,12.59646442,2.779203713,2.467661829,0.456843482,ETI,combo_001,32,118.5720215,109.9092169,116.6232328,147.7749205,-0.176604796,0.111585332,629.2225015,377.3,154.9,,31.083814429590625,117.61935254587546,109.30375639163982,116.12166461826399,-0.38432721321180624,0.11199788170410024,626.796297218474,376.15145249795876
0,0,0,False,0.0032075580675154924,0.9967924419324845,False,0.4967924419324845,0.12711077189733314,2_1_0_0,13.59015313,1.501512065,1.447954045,2.04826547,ETI,combo_001,33,135.7240892,128.5528372,131.3544061,201.9387965,-0.167427616,0.113634816,1374.151635,242.4,97.2,,19.677917196752908,136.0277256665351,128.4587566110332,131.1920003037488,-0.2995053214300444,0.1132825757379871,1377.4483444223779,242.41622495579688
0,0,0,False,3.873051355185453e-06,0.9999961269486448,False,0.4999961269486448,0.12309455139212774,2_1_1_0,13.00527803,1.727866034,1.985786039,1.732489253,ETI,combo_001,34,130.8606287,123.1317249,129.606657,188.1894146,-0.496930479,0.109268691,1165.750455,263.5,112.5,,25.82569954528742,131.27708277478172,123.70643668235927,129.4835182482725,-0.46201261695295626,0.10926697789978923,1168.7656378800482,262.0882745658
0,0,0,False,0.012997470796108246,0.9870025292038918,False,0.48700252920389175,0.24939047305241596,0_0_0_2,11.28318555,1.35462068,1.610089625,15.66181976,ETI,combo_001,35,144.3751341,131.0303731,134.9232834,205.8155927,-0.515159906,0.111606002,1508.412612,251.5,84.3,,18.16693999100492,142.4926633189216,130.68646687204023,134.38073005703694,-0.4491380707449997,0.11228068968094938,1504.8625802620816,242.63422723960386
0,0,0,False,0.00013185731950215995,0.9998681426804978,False,0.49986814268049784,0.15189913374545583,2_1_0_0,13.28419466,1.739597821,1.563146092,0.639091823,ETI,combo_001,36,131.2136214,124.3456056,129.3294011,187.035611,-0.494149595,0.111389002,1158.988633,263.5,113.3,,20.76513696814627,129.66123278143326,123.20607604448107,126.93277401865059,-0.2524309566183669,0.1110468656443036,1153.8971858192447,258.48017892231275
1,1,1,False,0.998404324054718,0.0015956759452819824,False,0.498404324054718,0.10437426842009714,2_0_1_0,14.22952623,1.287640737,1.787067237,6.229099074,ETI,combo_001,37,121.5992608,105.4636897,118.2500353,790.7929896,-0.19074827,0.097624115,1652.554364,145.400001,87.8,,25.429120123665125,147.8385741898911,132.7897276718358,137.86167481423473,-0.3788834335014924,0.11636666463973165,1621.325611347565,240.01920794853837
1,1,1,False,0.9999673962593079,3.260374069213867e-05,False,0.49996739625930786,0.09749836405931425,2_0_1_0,14.1017874,1.341482752,2.095596936,2.950140069,ETI,combo_001,38,120.5991325,105.0478561,117.9771069,787.9494829,-0.47018333,0.100954274,1574.540059,159.500001,91.3,,29.551662467563407,146.99785988968952,132.14370900379794,139.2211137963909,-0.09387678587344839,0.11427907013721184,1570.206904974507,247.80905947488168
0,0,0,False,0.3329281210899353,0.6670718789100647,False,0.1670718789100647,0.05364132422883514,2_0_2_1,13.35065068,1.430194005,2.296082029,9.077405733,ETI,combo_001,39,145.0149576,131.1597196,139.1000703,209.9843995,-0.494992756,0.111517761,1467.622395,246.5,93.3,,30.654189101804626,142.70822560077733,130.45827273408767,137.41020329988092,-0.17787985420715155,0.11156854946755425,1460.6700608451674,252.67472088372176
0,0,0,False,0.0026131204795092344,0.9973868795204908,False,0.49738687952049077,0.17040968178779034,0_1_1_1,11.4589023,1.551103938,2.025864351,8.376097639,ETI,combo_001,40,135.1740172,127.0168559,132.218416,194.1976058,-0.505656481,0.109239106,1301.501165,246.9,99.5,,23.214181671161906,135.62166545546046,126.86278560236414,133.08008453354475,-0.40516475561801074,0.10931331734525739,1303.3808059756768,255.19916363941684
1,1,1,False,0.9988430738449097,0.001156926155090332,False,0.49884307384490967,0.05298938758745848,1_0_2_0,12.09571751,1.328031224,2.548387905,4.06959172,ETI,combo_001,41,127.9935738,113.6711892,126.4988497,665.8329814,-0.178496748,0.101755258,1572.552316,174.700001,85.6,,30.824580204780712,148.60185871411915,132.10004540868346,141.35146604988697,-0.49469667526033767,0.11102786367048653,1566.2283171447136,267.10095183484447
0,0,0,False,8.875045409695304e-08,0.9999999112495459,False,0.4999999112495459,0.2776402865428832,1_3_1_1,11.97173635,2.565646493,1.740496388,12.01757663,ETI,combo_001,42,118.7551794,109.9631066,114.8088014,151.6153983,-0.490554284,0.113198274,682.0241471,345.2,141.8,,20.836763875263305,118.55414163927992,110.02303582718639,114.5771365708434,-0.4172173239234439,0.11272013387469365,685.8660334494092,348.7131556747475
0,0,0,False,2.4383286730857157e-13,0.9999999999997562,False,0.49999999999975614,0.1957251786003353,2_2_1_2,13.84883992,2.334902569,1.831013949,16.44410094,ETI,combo_001,43,121.5448532,112.9072987,118.6654266,162.8231479,-0.487830693,0.114168358,798.6030825,324.6,143.8,,25.357419070988044,122.19314765544156,113.84772083593872,120.08210920324832,-0.1918527514902675,0.1141829360582479,793.3594807604984,329.655354140091
0,0,0,False,0.04758679121732712,0.9524132087826729,False,0.4524132087826729,0.19177451284901814,3_1_0_2,14.52152191,1.600683947,1.228783184,18.16845963,ETI,combo_001,44,132.1120744,126.575296,127.0278629,197.06383,-0.17011568,0.11378632,1277.338185,249.1,103.5,,17.843801929095562,132.30873188245764,126.89850414685442,127.18439838704158,-0.276622520091783,0.11456798369649507,1282.0861480258627,257.65070827361217
0,0,0,False,0.011315224692225456,0.9886847753077745,False,0.48868477530777454,0.0970435668201716,1_1_1_0,12.35701602,1.54475398,1.920165113,1.166156237,ETI,combo_001,45,134.5168123,126.5414066,131.6639061,197.0939563,-0.501871474,0.109592601,1319.358642,246.8,101.2,,23.72751106238611,136.43922080343228,127.5426461711832,133.17048442230762,-0.47072426948396195,0.1110095379412044,1320.9266307832124,250.6912131829942
0,0,0,False,1.7319459668513337e-12,0.999999999998268,False,0.49999999999826805,0.25610967743512275,0_2_2_0,11.41183321,2.481094929,2.509214957,4.468702623,ETI,combo_001,46,121.0833183,111.3644277,118.917445,154.9185571,-0.492485628,0.110522753,709.3797956,339.5,114.7,,28.634742577321322,121.10862807946779,111.53584654607788,119.16644745208887,-0.4888864409807181,0.11035496791022877,700.8244848572622,338.5526767063302
0,0,0,False,2.9374186851782724e-05,0.9999706258131482,False,0.4999706258131482,0.1650491268331229,1_1_2_0,12.85891605,1.982615911,2.165518116,2.369970241,ETI,combo_001,47,127.2226426,117.8163342,125.7453764,176.2665006,-0.493438715,0.10900341,985.987459,289.6,125.6,,27.846215658398158,127.53027739503864,118.36630048565736,125.86888577900929,-0.48314596569431956,0.1084066714717573,983.800531960248,287.50589243635187
0,0,0,False,6.821010770097224e-13,0.9999999999993179,False,0.4999999999993179,0.11849939888399455,1_2_2_0,11.91172733,2.197715698,2.27665003,0.03099692,ETI,combo_001,48,125.4794822,115.9640749,123.696579,166.4296602,-0.491168612,0.108729852,838.103812,313.3,132.9,,27.11883438319632,124.10475100721052,114.0514949043192,122.50111469611684,-0.4965317304176706,0.10974971790573279,839.1555395562787,309.36083364335815
0,0,0,False,2.6587522938825714e-07,0.9999997341247706,False,0.4999997341247706,0.10409336688503787,1_1_2_0,11.84709055,1.844776281,2.20888605,5.321620453,ETI,combo_001,49,130.2486697,121.5177486,129.1981475,180.1714856,-0.496008237,0.108604612,1063.872438,273.2,115.4,,26.168873048981826,129.07379147162905,120.31952432504889,127.44463952428247,-0.49993537613407896,0.10755181957648709,1059.431526921488,273.3808755886148
1,1,1,False,0.9999968409538269,3.159046173095703e-06,False,0.4999968409538269,0.12341728997378867,2_0_0_1,14.34698268,1.259593513,1.530310136,8.56371923,ETI,combo_001,50,119.9519021,103.7471295,114.6604385,538.1958972,-0.203547342,0.097719549,1684.56382,140.200001,87.5,,21.955333016220443,147.2588263295142,133.2558738269942,136.95439171739838,-0.22795431731667468,0.11881043782182184,1664.2479276041117,237.67796007971629
0,0,0,False,1.6725632434599902e-08,0.9999999832743676,False,0.49999998327436757,0.2356921467806825,0_3_1_3,10.76713335,2.65734778,1.708659771,27.2075438,ETI,combo_001,51,116.2673587,107.706075,111.6650804,144.9339801,-0.489517303,0.113012896,609.6769197,356.2,120.6,,18.39736760413746,117.18165385023718,107.31594408508883,110.00172132205925,-0.5012273705950442,0.11704572331165725,589.8479158718272,355.2031420612834
0,0,0,False,2.5779863790376112e-05,0.9999742201362096,False,0.4999742201362096,0.16415484760549962,1_1_0_0,12.64840794,1.950624787,1.586906288,2.631555019,ETI,combo_001,52,127.1701666,118.3939661,123.6960732,175.5125165,-0.492224256,0.110157166,995.5813093,281.9,122.5,,20.071838093175128,126.66209788780432,118.38587381419953,123.76879196872463,-0.4063487913527667,0.11089353998330771,995.5376435889789,278.29642391299046
0,0,0,False,0.01254492998123169,0.9874550700187683,False,0.4874550700187683,0.057346255491119255,1_1_1_0,12.97830343,1.509045457,1.927776525,0.350262839,ETI,combo_001,53,136.3677307,128.2742501,132.7412609,201.8713448,-0.498151284,0.110796337,1360.977366,248.9,95.7,,25.01926868668098,137.66457214948727,128.29877953567157,134.02216950560071,-0.41087759280275726,0.1110151244164945,1364.724370651451,248.17793733571122
1,1,1,False,0.9999712705612183,2.872943878173828e-05,False,0.49997127056121826,0.1442310504665802,2_0_3_1,13.94898428,1.273556292,2.652977911,14.97391443,ETI,combo_001,54,118.6686711,101.5547449,116.3554877,789.0604078,-0.200362716,0.097396175,1675.920468,141.600001,86.8,,37.00634717572623,152.29793390899826,134.04903385595247,143.60774881235332,-0.21141058618868816,0.11503128615928394,1659.450404442297,254.00242332799797
1,1,1,False,0.994661808013916,0.005338191986083984,False,0.494661808013916,0.10996929426142105,1_0_0_3,12.53373158,1.247558002,1.401437673,24.98180722,ETI,combo_001,55,122.9402947,106.541116,114.712342,647.5336324,-0.458771669,0.099288215,1619.206972,142.700001,88.5,,17.565243619481812,146.40996253920846,132.94107628248778,134.49335378042628,-0.3792632909947684,0.11407584523639659,1600.736155608518,240.56489588883557
0,0,0,False,3.734949682865363e-09,0.9999999962650503,False,0.4999999962650503,0.31021662593018795,2_3_1_0,13.0687814,2.954513614,1.805063186,7.397919162,ETI,combo_001,56,113.6902564,106.0681158,109.8411889,141.7921046,-0.488240839,0.117323029,585.3439461,394.5,162.9,,23.58997619102154,115.41867627442937,107.80534206170186,111.37155078219322,-0.37994535403831614,0.12549707093458165,597.6026542208712,389.1577710640256
0,0,0,False,1.723157197375258e-06,0.9999982768428026,False,0.4999982768428026,0.2535921713239621,0_2_3_0,10.36767759,2.101450004,2.744200514,1.388242365,ETI,combo_001,57,125.6257263,114.7994426,123.7868328,167.5242308,-0.498403245,0.106988465,859.83201,296.2,121.8,,28.45098617146428,126.01230660510103,115.11323797854959,124.5798321576175,-0.43084373210800253,0.1087946494362986,868.5625431417266,296.5363066806055
1,1,1,False,0.9893726110458374,0.010627388954162598,False,0.4893726110458374,0.12743432774812283,2_0_1_0,13.78643865,1.365638359,2.052447613,6.79220526,ETI,combo_001,58,123.9668897,108.6053277,121.4010437,780.1174093,-0.186819058,0.100619216,1541.077717,167.700001,90.7,,28.29594309896344,145.1596212973374,131.5872011873566,137.9151217149134,-0.16144346537159845,0.11395813506609077,1535.617993881482,244.66810989224058
0,0,0,False,5.726026156184375e-15,0.9999999999999942,False,0.4999999999999943,0.443943981204943,3_3_0_2,15.22528558,2.823602269,1.291640337,17.63303486,ETI,combo_001,59,116.2213977,110.3106041,111.0514035,149.0078979,-0.178870983,0.133557641,631.0933129,378.9,165.3,,19.66559299747244,115.4713772204365,109.06895863805532,106.55913120807577,-0.3565517775761665,0.13693817715426226,628.9631163593706,380.325139360614
1,1,1,False,0.9999601244926453,3.987550735473633e-05,False,0.49996012449264526,0.2512626115231145,2_0_1_3,13.39675472,1.033479274,1.949136948,29.04013412,ETI,combo_001,60,117.7829599,99.88157327,113.3275614,759.2307683,-0.226818385,0.090432111,1994.370793,112.100001,80.8,,26.112109608045397,157.49089324162716,136.95120115905863,145.39293786511502,-0.35323807849836286,0.11814925556072707,1896.1012958850167,246.5227905063967
1,1,1,False,1.0,0.0,False,0.5,0.05752487384698137,3_0_0_0,14.535,1.0,1.227,0.594,ETI,combo_001,1,115.0,96.9,107.0,668.0,-0.432,0.0908,2140.0,108.0,76.7,Itr_1,17.834445000000002,155.1976663202025,136.24067504663319,138.54260458447834,-0.24113151723372628,0.12532165049055075,1968.6134351255914,239.89595762842242
0,0,0,False,4.414862253554475e-09,0.9999999955851377,False,0.49999999558513775,0.13770298148954915,1_3_2_3,12.105,2.997,2.207,22.8,ETI,combo_001,2,114.0,106.0,111.0,139.0,-0.488,0.115,570.0,398.0,161.0,,26.715735,115.72185187669706,106.69448708273652,111.99575461368616,-0.378868099380487,0.12451599209350757,579.3023926227223,394.8304695708271
0,0,0,False,7.288073700095765e-09,0.9999999927119263,False,0.4999999927119263,0.13770298148954915,1_3_2_3,12.355,2.995,2.432,24.0,ETI,combo_001,3,114.0,106.0,111.0,139.0,-0.487,0.116,546.0,409.0,135.0,,30.04736,116.23714380871806,107.07948956241127,113.25572818816045,-0.3788718487341058,0.12642193265932686,580.3129446915409,397.467151181173
0,0,0,False,6.690640930173686e-07,0.999999330935907,False,0.499999330935907,0.393591922121613,0_2_3_2,10.235,2.339,2.945,18.0,ETI,combo_001,4,123.0,112.0,122.0,158.0,-0.494,0.108,750.0,319.0,109.0,,30.142075,122.92093195407698,111.56814558175117,120.9394921241816,-0.40761183616037283,0.11061115771759904,725.7344463036069,323.8820539384468
1,1,1,False,0.9999998807907104,1.1920928955078125e-07,False,0.49999988079071045,0.2194934669452071,0_0_0_1,10.055,1.012,1.25,7.84,ETI,combo_001,5,121.0,99.7,105.0,599.0,-0.24,0.0918,2020.0,98.3,68.0,,12.56875,154.24635028346188,135.30883487613806,136.96713689263993,-0.5141058608732381,0.10599464096788246,1899.8468082821587,254.98025743271393
1,1,1,False,0.9999974370002747,2.562999725341797e-06,False,0.49999743700027466,0.11595678207264097,3_0_0_0,15.995,1.005,1.31,1.2,ETI,combo_001,6,114.0,96.6,108.0,781.0,-0.439,0.0912,2150.0,114.0,80.5,,20.95345,155.0240798183555,136.20596163843416,138.8855641914358,-0.37886029853658576,0.12096352806411424,1914.259403805072,249.3930551189514
1,1,1,False,0.9999641180038452,3.5881996154785156e-05,False,0.4999641180038452,0.06884176255446198,1_0_0_0,12.185,1.012,1.222,2.45,ETI,combo_001,7,118.0,99.0,105.0,653.0,-0.232,0.093,2080.0,103.0,71.5,,14.89007,152.5316934692326,135.0459223218348,136.28605019971144,-0.37886029854123165,0.10846209006402227,1891.7519802185398,237.07537299924465
1,1,1,False,0.9999997019767761,2.980232238769531e-07,False,0.4999997019767761,0.05752487384698137,3_0_0_0,14.835,1.014,1.275,0.384,ETI,combo_001,8,114.0,96.8,109.0,863.0,-0.215,0.0909,2100.0,111.0,78.2,,18.914625,154.2236354471173,136.14941682000165,140.13609338102614,-0.15836994916332425,0.12105256360093301,1934.1775386111062,229.57256936281655
1,1,1,False,0.9999982714653015,1.7285346984863281e-06,False,0.4999982714653015,0.03004076448534886,1_0_0_0,12.491,1.029,1.263,1.27,ETI,combo_001,9,119.0,101.0,110.0,537.0,-0.236,0.0917,2060.0,105.0,72.9,,15.776132999999998,152.97063788195695,135.5724030685581,138.3555075287455,-0.506274593379324,0.11665183786673948,1904.4738487544928,231.84482811481064
1,1,1,False,0.9999997019767761,2.980232238769531e-07,False,0.4999997019767761,0.08794379518255467,3_0_0_0,14.535,1.0,1.404,0.594,ETI,combo_001,10,116.0,97.0,109.0,668.0,-0.429,0.0908,2140.0,108.0,76.8,,20.40714,155.31028024203852,136.33804100413676,141.75921115694925,-0.22471357523906313,0.12054332413907336,1952.9207864021782,229.7630018267385
1,1,1,False,1.0,0.0,False,0.5,0.08844725358464589,3_0_0_0,15.985,1.01,1.344,5.86,ETI,combo_001,11,114.0,96.7,109.0,674.0,-0.446,0.0912,2140.0,114.0,81.0,,21.48384,155.97219848092982,136.67185945325417,140.35330320929847,-0.2572840425465957,0.1282501773756168,1982.9649498910367,249.8885562910576
1,1,1,False,1.0,0.0,False,0.5,0.03890229927509295,2_0_0_0,14.204,1.018,1.271,1.84,ETI,combo_001,12,117.0,98.9,111.0,798.0,-0.212,0.0924,2100.0,110.0,76.7,,18.053283999999998,155.031603767088,135.89630208039418,140.40912486515808,-0.1998728464266148,0.11951809724410446,1948.8051592813338,242.36380834564207
1,1,1,False,1.0,0.0,False,0.5,0.03004076448534886,1_0_0_0,12.661,1.036,1.264,1.55,ETI,combo_001,13,118.0,100.0,110.0,690.0,-0.222,0.0917,2040.0,107.0,73.6,,16.003504,153.73638432082157,135.3947645473754,139.0736223804184,-0.4863472471823991,0.11726375831827068,1914.4020935562003,243.3155249759885
1,1,1,False,1.0,0.0,False,0.5,0.03890229927509295,2_0_0_0,13.981,1.017,1.262,2.15,ETI,combo_001,14,115.0,96.1,107.0,765.0,-0.442,0.0923,2090.0,108.0,75.9,,17.644022,154.85289444670332,136.0191429570313,138.4972498708354,-0.2163592137156802,0.12327161582866733,1952.3807253514528,236.16876443129436
1,1,1,False,0.9987087249755859,0.0012912750244140625,False,0.49870872497558594,0.06976610482688597,2_0_0_0,13.727,1.032,1.266,0.503,ETI,combo_001,15,116.0,97.7,109.0,822.0,-0.226,0.0922,2060.0,110.0,76.0,,17.378382000000002,153.2151919802156,135.01374902050267,138.56426251026878,-0.18466535614523127,0.11590275345916959,1913.991262004789,226.90532424423884
1,1,1,False,1.0,0.0,False,0.5,0.062452461921048315,1_0_0_0,12.998,1.043,1.249,0.777,ETI,combo_001,16,117.0,98.5,105.0,785.0,-0.216,0.0935,2030.0,108.0,74.4,,16.234502,153.73371333190522,135.45177038099962,137.4769114175284,-0.4544597814532131,0.11997618708943669,1902.7204154215524,235.15655690519296
1,1,1,False,0.9999996423721313,3.5762786865234375e-07,False,0.49999964237213135,0.08844725358464589,3_0_0_0,15.605,1.015,1.347,4.01,ETI,combo_001,17,115.0,98.1,110.0,673.0,-0.442,0.0911,2100.0,113.0,79.9,,21.019935,154.96349397202673,136.4083204213295,141.275626163497,-0.21901289644965022,0.12242318998105335,1950.3762582628483,236.73463548204896
1,1,1,False,0.9995406866073608,0.00045931339263916016,False,0.49954068660736084,0.23305952850540249,3_0_0_1,15.925,1.003,1.214,12.5,ETI,combo_001,18,114.0,96.8,106.0,874.0,-0.216,0.0912,2130.0,114.0,80.3,,19.33295,153.48876525676977,135.32608656317285,139.32991559383908,-0.2736744251476459,0.11710897708357575,1965.082797489413,235.2293429983504
1,1,1,False,0.9999642372131348,3.5762786865234375e-05,False,0.49996423721313477,0.18603125616843258,1_0_0_0,12.325,1.015,1.592,0.681,ETI,combo_001,19,117.0,98.4,107.0,687.0,-0.235,0.0916,2080.0,103.0,72.3,,19.6214,154.56492665030387,135.26735971927047,140.02384903294683,-0.3788602985413582,0.10824934519894856,1885.601871265667,243.73677050039223
1,1,1,False,1.0,0.0,False,0.5,0.17824852850289466,1_0_0_1,12.075,1.016,1.242,10.0,ETI,combo_001,20,119.0,101.0,106.0,685.0,-0.23,0.0915,2070.0,103.0,71.7,,14.99715,154.46719409791885,135.8093865568386,137.51581230231184,-0.49555767011586394,0.11741059144087204,1939.3906645681232,238.83782343896192
1,1,1,False,0.995924174785614,0.004075825214385986,False,0.495924174785614,0.09342219139332787,3_1_3_3,15.78724459,1.511901696,2.828614864,29.58007876,ETI,combo_001,1,126.9124376,114.5077884,126.5454773,822.8521274,-0.182784393,0.104672723,1372.85215,205.900001,111.0,Itr_2,44.656034708877584,140.1619089703295,130.62099923103926,137.46488958928123,-0.1876611386909106,0.1118005213393288,1385.3922160646205,286.9117397168338
1,1,1,False,0.8888931274414062,0.11110687255859375,False,0.38889312744140625,0.11590723373516537,3_0_2_3,15.53931402,1.497288845,2.324692477,29.05808292,ETI,combo_001,2,127.7402,115.4896,126.7859,712.5905,-0.4829315,0.1081716,1381.336,204.8,108.6,,36.12412640003463,139.70647019459312,130.16119601014762,136.06882586163394,-0.2649055640690373,0.1142235544646737,1391.8388991095574,268.92995424034973
1,1,1,False,0.9995722770690918,0.0004277229309082031,False,0.4995722770690918,0.05358270962403595,0_0_1_3,10.21854268,1.271863185,1.906226638,27.22467513,ETI,combo_001,3,130.2850613,115.5133514,126.056477,696.826444,-0.205245899,0.100523026,1526.630765,170.200001,87.6,,19.47885825815591,147.6270899670397,132.205653323018,138.19850161060648,-0.525893936175602,0.10801351254105916,1504.5553317277602,251.1967595626916
1,1,1,False,0.9709125757217407,0.029087424278259277,False,0.4709125757217407,0.13776727228135965,3_1_3_2,15.95908618,1.510392076,2.747808253,21.05287347,ETI,combo_001,4,126.5473718,113.84644,126.2649129,823.9239232,-0.483257196,0.104876794,1376.34135,206.000001,110.3,,43.852508715742246,139.87251511932806,130.614741148889,137.27673062612402,-0.337350038433585,0.11423023664346453,1397.2015422543695,280.42492524781676
1,1,1,False,0.8955379724502563,0.10446202754974365,False,0.39553797245025635,0.07286028731971794,3_1_3_1,15.81113547,1.516281751,2.899223247,14.72854287,ETI,combo_001,5,127.2661489,114.676663,127.1166635,723.1718143,-0.483736079,0.104701104,1401.638185,204.700001,104.1,,45.84001151609027,140.00257638896784,130.31255725092524,137.70933728557404,-0.30795618094668614,0.11410009412039779,1404.9186611311045,275.8707803399959
1,1,1,False,0.9957422018051147,0.004257798194885254,False,0.49574220180511475,0.07315867176819699,3_0_3_3,15.62788384,1.495011786,2.942724915,25.27693942,ETI,combo_001,6,126.8244739,113.9900419,126.4475168,760.8515418,-0.474283993,0.104483483,1391.878385,198.000001,108.9,,45.98856314469388,140.58433909828324,131.14337657984774,137.72566794771947,-0.33946736788621257,0.11270082194471888,1400.4780414937306,281.22887861832794
1,1,1,False,0.9745844006538391,0.02541559934616089,False,0.4745844006538391,0.13901018445286017,1_0_2_3,12.14630472,1.357842905,2.115175173,29.83356622,ETI,combo_001,7,128.0785832,114.1515903,125.6284447,840.0146565,-0.479712556,0.103294181,1479.196497,182.100001,93.7,,25.691562187436716,145.71210088755538,131.75996681772008,138.45202063358937,-0.4808321351759652,0.11152888785053887,1468.102698971076,257.62116539982566
1,1,1,False,0.5368750691413879,0.46312493085861206,True,0.03687506914138794,0.09309148841825562,1_0_2_0,12.07494215,1.361663973,2.302288853,7.118573977,ETI,combo_001,8,132.0586961,121.3499763,130.7010799,793.3772521,-0.174374736,0.107582454,1526.376856,212.300001,86.4,,27.800004712564853,145.81470401340601,131.2932535416008,139.27265396368276,-0.49728034338543947,0.11083159211548715,1522.350732915143,256.01602534075244
1,1,1,False,0.8042656779289246,0.19573432207107544,False,0.30426567792892456,0.057592180347747726,1_0_2_2,12.13595311,1.361262926,2.362726889,18.18874178,ETI,combo_001,9,131.3576716,120.2581661,130.0824493,830.2160541,-0.172091297,0.107693034,1528.528468,208.300001,87.5,,28.67394273664018,146.00149521338972,131.44647164218674,139.46249658276753,-0.49981808225924707,0.1107314556391419,1521.3573284058725,259.2653881810609
1,1,1,False,0.7509524822235107,0.24904751777648926,False,0.25095248222351074,0.17897256010635973,1_0_3_1,12.59185609,1.382132972,2.562626584,13.86028228,ETI,combo_001,10,130.9364199,119.5601804,129.8658147,623.4803496,-0.176662684,0.106991132,1514.566073,202.700001,88.9,,32.2682251581363,145.50324856202727,131.28757327093214,139.6967212019126,-0.46667094155842964,0.11033366265710448,1511.8944601366418,261.7540949355669
0,0,0,False,0.32886043190956116,0.6711395680904388,False,0.17113956809043884,0.13769178136230373,1_0_0_1,12.36629556,1.368437663,1.558795698,9.468403389,ETI,combo_001,11,140.3975959,130.1026707,133.0435036,208.8978753,-0.506504406,0.112610656,1507.193845,234.8,87.8,,19.2765283191245,142.08471582649156,130.7224849069147,134.28597486496227,-0.4929014067485414,0.11297272157438586,1511.4230237436402,237.32191925561878
1,1,1,False,0.74919593334198,0.25080406665802,False,0.24919593334197998,0.11978105958328829,2_0_2_2,13.02041474,1.3990183,2.377978491,18.57607029,ETI,combo_001,12,129.9206663,117.7910622,128.3106675,769.9252128,-0.49080289,0.107714325,1493.397664,206.400001,90.6,,30.962266195619357,144.5619668887532,131.2138447758201,138.50411526863698,-0.25153527677359067,0.1116291123887357,1494.0801283580288,257.4938817326655
1,1,1,False,0.9502450823783875,0.04975491762161255,False,0.45024508237838745,0.06930150609478136,1_0_3_1,12.15280707,1.371591319,2.931497965,9.4234641,ETI,combo_001,13,130.6592668,118.5390181,129.8496661,619.1761245,-0.488635259,0.100356837,1520.145175,200.700001,87.7,,35.62592919474261,147.3590540580709,131.76188617818593,141.12292553745013,-0.5038439509050323,0.10928262209570332,1519.5467742208507,275.8330838423452
1,1,1,False,0.7949457168579102,0.20505428314208984,False,0.29494571685791016,0.08556617796680788,1_0_3_0,12.29325858,1.385713939,2.981748511,2.630740785,ETI,combo_001,14,130.6176512,118.5064495,129.9621457,766.336285,-0.174450166,0.104996344,1503.879512,206.300001,88.3,,36.65540546625297,145.8844184659108,131.2502276339443,140.4170757718672,-0.5034610561094555,0.10918954463524759,1503.0033201838921,271.5363431234805
1,1,1,False,0.9943068623542786,0.0056931376457214355,False,0.49430686235427856,0.07406025098924182,3_1_3_3,15.73127933,1.524448446,2.987761521,28.73998822,ETI,combo_001,15,127.4990416,115.2932544,127.1728121,614.914187,-0.18331951,0.10460627,1362.283422,208.800001,111.7,,47.001311058276656,139.86805670927944,130.4632342498333,137.97680606566706,-0.2559471068796783,0.11125179006669142,1368.3840514788253,287.2889858740735
1,1,1,False,0.6655927896499634,0.3344072103500366,False,0.16559278964996338,0.07315867176819699,3_1_3_3,15.9614441,1.574564119,2.966912043,25.94699696,ETI,combo_001,16,129.995056,119.5412592,129.9555132,521.1496251,-0.485229685,0.108778445,1317.316131,238.400001,114.9,,47.3562007239613,138.10913925370707,129.57970242226642,137.20264952596762,-0.3254685257596304,0.11118647358997324,1313.9987088481978,288.7224119474878
1,1,1,False,0.9987506866455078,0.0012493133544921875,False,0.4987506866455078,0.050606775631678404,1_0_2_3,12.29976522,1.182859237,2.487023209,23.29556092,ETI,combo_001,17,119.4571268,101.9543236,115.7944806,814.9455374,-0.450333561,0.096056188,1726.386738,130.100001,86.0,,30.589801567390992,153.5323416034929,134.52285100564296,143.22428746821151,-0.378864298676629,0.10981962705885433,1702.5014250139054,264.74517691083736
1,1,1,False,0.9978028535842896,0.0021971464157104492,False,0.49780285358428955,0.05298938758745848,1_0_3_0,11.9887383,1.247897227,2.586317145,4.699295842,ETI,combo_001,18,123.0838271,106.5398492,120.3620565,526.6833352,-0.204579124,0.097256319,1684.091166,139.300001,81.4,,31.006679412208154,151.97688897109654,133.3610343061886,143.01910065514136,-0.40302655115614305,0.11166887258906733,1659.9583444476773,264.15171719707445
0,0,0,False,0.14073380827903748,0.8592661917209625,False,0.3592661917209625,0.2833355298237404,0_0_0_3,10.01299435,1.380149899,1.436965893,29.94281407,ETI,combo_001,19,137.3014992,128.7666445,131.1884532,202.4264398,-0.520175116,0.109874538,1321.045737,241.9,92.5,,14.388331367751704,140.57416141387841,130.08315035948868,130.9280180155752,-0.3762458354843766,0.10443349352856524,1362.3551849396845,249.84228858756512
0,0,0,False,1.9117067040497204e-08,0.999999980882933,False,0.49999998088293296,0.30298716207740006,3_2_2_0,15.05506446,2.112439727,2.260384028,1.03661592,ETI,combo_001,20,125.8733286,117.3072457,124.8765416,175.2074052,-0.173260671,0.111147789,934.7157688,310.6,141.2,,34.030227245894444,126.5866019952715,117.98379808377018,125.54752621190707,-0.30563030089881077,0.10964381171155516,938.6946195616559,314.18973886192384
1,1,1,False,0.9771095514297485,0.022890448570251465,False,0.47710955142974854,0.12135841002293411,3_0_0_3,14.6980689,1.426905015,1.38942203,26.99374678,ETI,combo_001,1,126.2833,113.7478,121.8582,771.5286,-0.4780495,0.1069623,1425.339,195.4,103.0,Itr_3,20.42182072811787,139.50029652071606,130.76593584518255,132.78151770121372,-0.23578171007926338,0.11637721416441929,1433.8388267968874,249.76449752350044
1,1,1,False,0.9992498159408569,0.0007501840591430664,False,0.49924981594085693,0.14079421921408106,3_0_0_0,14.86413542,1.416245911,1.224055053,4.65479322,ETI,combo_001,2,125.0567,113.1689,117.1975,599.787,-0.1753012,0.1090133,1471.6,191.6,95.7,,18.19452006932728,138.86591730015783,130.46987860699602,131.58041594809353,-0.1922810638504524,0.11732810434892806,1478.0235286889472,244.29385468772898
1,1,1,False,0.8799567222595215,0.12004327774047852,False,0.3799567222595215,0.2770305946346079,0_0_3_3,10.71007665,1.379557158,2.888390077,24.20947854,ETI,combo_001,3,130.7743,119.4364,129.1699,751.183,-0.4847646,0.1038156,1470.979,196.1,84.5,,30.9348791197694,146.53967040098635,131.21074891176397,140.94216065153637,-0.4204661378271084,0.10558428949797083,1431.2299464534076,276.13636086372526
1,1,1,False,0.9096543192863464,0.09034568071365356,False,0.40965431928634644,0.1240573431638885,3_0_0_1,15.25293574,1.470185616,1.644681283,10.27696122,ETI,combo_001,4,129.7985,118.9437,127.8653,795.0471,-0.1804502,0.1040382,1437.18,208.8,99.7,,25.086217922379753,139.29775915584227,130.07343887579447,133.76493687144895,-0.29719761620202645,0.1160390538834081,1425.2963451775695,253.9614274757436
1,1,1,False,0.996813178062439,0.003186821937561035,False,0.49681317806243896,0.18586426026637057,3_0_0_3,15.69091238,1.455609155,1.269577055,28.50121523,ETI,combo_001,5,127.6090771,116.2953088,123.7169262,651.9717614,-0.179874321,0.110305172,1407.493201,204.900001,107.5,,19.92082232966344,137.49605030642385,130.46746119433323,131.02690472236233,-0.26427902421232286,0.11824685388183842,1416.8491014556505,261.85638252015815
1,1,1,False,0.9401003122329712,0.05989968776702881,False,0.4401003122329712,0.08193253308349405,2_0_0_3,13.55195178,1.392355232,1.508070557,28.71263076,ETI,combo_001,6,126.9988766,113.9907956,122.8168357,844.6793765,-0.179435674,0.105314806,1449.729038,188.100001,98.5,,20.43729946930174,141.3100657071106,131.09959938279525,133.39068673735247,-0.32395408649439467,0.11463820763954416,1454.7350798155558,249.57342850498267
1,1,1,False,0.6182729005813599,0.38172709941864014,False,0.11827290058135986,0.17348888140718227,3_1_1_1,15.91651984,1.518225274,1.864640749,11.73339818,ETI,combo_001,7,129.3648899,118.593891,128.174219,520.6418337,-0.177660523,0.110657688,1389.85733,223.200001,103.9,,29.67859147593096,137.58656450137693,129.54129842604107,133.9664412753966,-0.3107033752901256,0.11592676239540554,1384.64251444392,265.3918905261716
1,1,1,False,0.9723120927810669,0.027687907218933105,False,0.4723120927810669,0.09830751934442868,2_0_0_3,13.84928706,1.388863176,1.340300927,29.87542716,ETI,combo_001,8,125.0810257,111.6901132,119.0368588,815.516093,-0.184461959,0.104056814,1450.189351,185.700001,99.2,,18.562212284807103,140.62919961771755,131.1986759398213,132.6309839009716,-0.29129701457426344,0.1152423082160159,1460.5538472599353,242.8897617641175
1,1,1,False,0.9158094525337219,0.08419054746627808,False,0.4158094525337219,0.08193253308349405,2_0_0_3,13.2710437,1.378421642,1.455443088,26.90822441,ETI,combo_001,9,127.8970723,115.1726478,123.4720314,813.8422822,-0.482690832,0.104911001,1465.080851,185.900001,97.6,,19.315248823710945,140.90034941019226,130.83423978231303,133.29089184810198,-0.4377670872441105,0.1143632665283596,1458.6223131363117,241.10533453896323
1,1,1,False,0.9829874038696289,0.017012596130371094,False,0.4829874038696289,0.05294539876243013,2_0_0_3,13.90778368,1.389757389,1.26773941,27.20154291,ETI,combo_001,10,125.7218534,113.0350215,119.9403661,847.3394953,-0.180444015,0.105826315,1449.349957,191.400001,99.4,,17.63144547689083,140.14599533033532,130.92286129947396,132.09244888547803,-0.14995916597476955,0.1149803729228728,1456.8427329152062,251.21665606565884
1,1,1,False,0.8307331800460815,0.16926681995391846,False,0.33073318004608154,0.08210223424301727,2_0_0_2,13.81429229,1.400310329,1.464788225,18.14205635,ETI,combo_001,11,128.6568022,117.1310037,124.8191061,556.917729,-0.174754124,0.109053993,1487.837021,204.200001,92.6,,20.235012683100283,140.79982771771571,130.73068596128044,133.59127597513287,-0.19552264428370608,0.11475176579099106,1487.336208067601,239.3445479755146
0,0,0,False,0.3584058880805969,0.6415941119194031,False,0.14159411191940308,0.05010496023936851,1_0_3_2,12.56444967,1.461068128,2.983279487,16.34584575,ETI,combo_001,12,144.2212835,130.7345479,139.3637838,206.0272786,-0.501790703,0.108469691,1425.801303,281.5,93.5,,37.483264965954916,142.23288915370185,130.14587195647363,138.42833183792038,-0.501431366265485,0.10854981972278605,1431.7681255877383,272.72261100038395
0,0,0,False,0.18973757326602936,0.8102624267339706,False,0.31026242673397064,0.1108284982583981,2_1_3_0,14.47897361,1.54670135,2.890158073,1.064519418,ETI,combo_001,13,139.2253332,129.5056031,136.9709175,206.8161025,-0.168832906,0.110175637,1360.198343,266.8,102.6,,41.84652246769545,138.4220303576518,128.98404874938242,136.49179492078568,-0.21089087242830518,0.10957956786533599,1360.7635208911743,265.60174960152887
0,0,0,False,0.0826629251241684,0.9173370748758316,False,0.4173370748758316,0.11540637204436173,2_1_3_0,14.28495583,1.568893916,2.994330846,5.253232146,ETI,combo_001,14,139.1248641,129.2769054,137.0211232,204.4597521,-0.169312071,0.108108369,1340.749318,264.3,103.5,,42.77388387551653,137.93499428842105,128.71928706985628,136.40258233110492,-0.26212294834684835,0.1090843907083216,1339.0806097079746,271.2731045632686
1,1,1,False,0.6730604767799377,0.32693952322006226,False,0.17306047677993774,0.1509419191589103,1_0_3_3,12.03925152,1.43736847,2.774382553,29.6458973,ETI,combo_001,15,136.1081853,126.460611,133.5330649,647.9169511,-0.494405078,0.110436078,1391.505064,254.600001,98.5,,33.40148936826673,143.5566569632261,130.52681538994588,138.96830726912603,-0.5084958345903424,0.10878501755719105,1394.5997429210079,269.93553913830874
1,1,1,False,0.751546323299408,0.24845367670059204,False,0.25154632329940796,0.05358270962403595,0_0_1_3,10.40836201,1.337663415,1.919956357,26.41432133,ETI,combo_001,17,135.3757482,125.8433126,132.050889,528.5893498,-0.497831883,0.110838253,1427.974376,238.800001,92.2,,19.983600807056796,145.28598115487145,131.28884926404493,137.04381568111214,-0.3953362676283134,0.10713100163286593,1435.0687153150488,256.52582675235084
0,0,0,False,0.2091049700975418,0.7908950299024582,False,0.2908950299024582,0.05289736291413916,2_0_2_1,13.57871702,1.458700077,2.341151338,8.341044462,ETI,combo_001,18,141.1393081,130.1428693,136.8776658,208.7169891,-0.165916832,0.111959639,1434.173201,248.2,95.4,,31.78983151969637,141.4607070004199,130.01338992955363,136.9348697955196,-0.22418333127351675,0.11118563012235834,1432.5901809627094,253.70954345747862
1,1,1,False,1.0,0.0,False,0.5,0.1744803433226767,3_0_3_0,15.01433959,1.001877721,2.961056578,0.08005806,ETI,combo_001,19,113.4390148,95.36726243,112.0453272,865.3543737,-0.208485674,0.089106564,2144.142417,109.900001,78.1,,44.45830900729533,163.6037064239393,137.66762123067443,151.07210602695505,-0.26660490748935134,0.12388230325586781,1989.2059543051673,256.13646737069234
0,0,0,False,2.502087553530978e-14,0.999999999999975,False,0.49999999999997496,0.1957251786003353,2_2_0_1,13.46189793,2.372225363,1.602911916,12.44809564,ETI,combo_001,20,121.3005563,113.0374986,117.3883954,160.5204669,-0.175554706,0.113370289,774.436524,327.4,142.8,,21.578236603972734,120.84088668713986,112.90088548180054,116.87153400801226,-0.38559865599813,0.1138447485876001,771.6322657551925,329.0930456667294
1,1,1,False,0.8134425282478333,0.18655747175216675,False,0.31344252824783325,0.10168850012201454,2_0_3_3,13.62144669,1.488222091,2.99294012,23.77593981,ETI,combo_001,1,130.5979,119.8368,130.3354,502.8607,-0.48683,0.1070716,1369.05,226.4,104.1,Itr_4,40.768174290942206,141.7191978763616,130.33699272867227,138.2360908751703,-0.26125558294304174,0.10931426506192014,1375.5561381590028,273.0927613710712
0,0,1,True,0.7978077530860901,0.2021922469139099,False,0.2978077530860901,0.05519027237638973,0_0_3_3,11.31914506,1.430062758,2.569697098,29.77820855,ETI,combo_001,2,144.9011342,131.1504038,139.1194154,207.4548855,-0.506184972,0.108950872,1374.462444,262.0,98.0,,29.086774212523036,142.96759273149382,130.13860104916998,138.01574387342956,-0.4257320588448275,0.10888928419067118,1360.628270136449,269.8801716261313
1,1,1,False,0.7033454775810242,0.29665452241897583,False,0.20334547758102417,0.06356731448676456,2_0_0_0,13.09941653,1.366005802,1.244745178,6.48589907,ETI,combo_001,3,129.5411366,119.2312748,123.051905,730.1009152,-0.170286449,0.111030995,1512.129137,214.200001,88.9,,16.30543556033099,140.05364098641047,130.63727567191597,131.1859983948219,-0.4393368357860458,0.11513551746403027,1517.0671548231921,232.45909293304368
1,1,1,False,0.668130099773407,0.331869900226593,False,0.16813009977340698,0.07376668219036925,2_0_0_1,13.35156573,1.392491059,1.442084813,9.759559382,ETI,combo_001,4,131.7092499,122.3580717,128.7358418,833.0745073,-0.171988418,0.109896338,1496.681289,219.700001,91.1,,19.254090169004257,140.30178170298245,130.47634320465428,133.06657317122966,-0.4932899342317713,0.11436126779694068,1491.1442769153455,238.01802947177939
1,1,1,False,0.8568165898323059,0.1431834101676941,False,0.3568165898323059,0.14432237928889843,1_0_3_3,12.8015835,1.466620647,2.918468949,29.51581464,ETI,combo_001,5,132.6450489,123.1837247,131.9766367,798.6725409,-0.172473541,0.108899494,1377.661441,240.500001,101.4,,37.36102394278074,142.1550038135473,130.41151063924815,138.29487852003163,-0.5260297427520157,0.10887297259767573,1382.8220516267074,277.5999917383319
1,1,0,True,0.46373099088668823,0.5362690091133118,True,0.03626900911331177,0.050165532533291,3_1_2_3,14.68820074,1.518294264,2.164302178,24.20033837,ETI,combo_001,6,131.2252443,121.8200243,130.4238619,734.3696195,-0.173600938,0.112318988,1344.259275,243.400001,107.9,,31.789704852483208,138.77566601969156,129.5109394255417,135.15666196275114,-0.2551509512162161,0.11243835604510122,1348.1887600651226,264.5846318230206
1,1,0,True,0.4661570191383362,0.5338429808616638,True,0.03384298086166382,0.09692353951813656,1_0_0_1,12.48274974,1.34664172,1.318290714,10.44120154,ETI,combo_001,7,130.2792252,119.7187552,124.5629351,762.845204,-0.170460359,0.111350797,1530.811783,214.700001,87.1,,16.455893067427912,141.58393665976325,131.0279993773031,132.20111006938942,-0.511750249333878,0.11414532752980477,1533.239387193882,235.61616361504178
0,0,1,True,0.5289863348007202,0.4710136651992798,True,0.028986334800720215,0.11017649354503785,2_0_3_2,14.19881537,1.492676082,2.675001282,17.91194254,ETI,combo_001,8,143.6338613,130.8220526,139.7644858,209.503688,-0.491921025,0.111431977,1412.334561,257.0,99.2,,37.98184931763131,140.5307823902132,129.9227455291604,137.0524665667254,-0.34516580436829464,0.11097274809912971,1413.235466533523,264.81986114502695
1,1,0,True,0.4240185618400574,0.5759814381599426,True,0.07598143815994263,0.11555884154688624,2_1_3_3,14.4559424,1.522994257,2.668974146,25.28975844,ETI,combo_001,9,131.475039,121.6396444,130.9334788,699.9280348,-0.174380039,0.110136774,1346.210576,239.300001,107.7,,38.58253652166519,139.25531437546144,129.50459586355663,136.32218989142166,-0.36836777135099713,0.11049391593408812,1346.929357539102,268.4694481418225
1,1,1,False,0.7766597867012024,0.2233402132987976,False,0.2766597867012024,0.09749836405931425,2_0_1_0,14.19306971,1.443715358,1.975173022,1.54759711,ETI,combo_001,10,130.4135063,119.6401142,129.2481917,840.165165,-0.177288038,0.107964797,1458.046793,209.600001,95.8,,28.033768390557363,140.84614590190097,130.17221069748064,135.9283508732034,-0.4044624545335367,0.11353473110077476,1451.5009555405668,247.73493321038882
0,0,0,False,0.022401288151741028,0.977598711848259,False,0.47759871184825897,0.1614530663898379,3_1_2_1,15.72411444,1.586674112,2.467910993,13.57290287,ETI,combo_001,11,137.6867036,128.8907559,135.4196198,207.2245873,-0.171869491,0.112276811,1323.976638,274.0,107.2,,38.805714881666034,136.67632287765545,128.73828948818743,134.5473469435122,-0.3880782717044968,0.11227593288935078,1330.726210355516,270.9302600199064
1,1,1,False,0.7610858678817749,0.2389141321182251,False,0.2610858678817749,0.1481339717622779,1_0_3_0,12.02228399,1.397607392,2.665652724,0.005394686,ETI,combo_001,12,138.6027119,127.7674459,135.3397464,523.9753341,-0.498537543,0.113315148,1484.407797,261.000001,88.2,,32.04723406664509,144.60277937174905,130.485057194451,139.23661836129548,-0.49856658593490927,0.10921441164828762,1471.8208061622308,267.489019771938
0,0,0,False,0.32482200860977173,0.6751779913902283,False,0.17517799139022827,0.12052773084609597,2_0_3_0,13.2647228,1.455780021,2.945293256,5.929531694,ETI,combo_001,13,138.1159942,128.7234046,135.9555611,208.9536833,-0.50035191,0.109738935,1433.75174,282.6,94.8,,39.06849860554943,143.046611572788,130.52669398570816,138.9326593440759,-0.3859150052850809,0.10937607919596336,1441.5923247489504,263.20779814760823
0,0,1,True,0.5372185707092285,0.4627814292907715,True,0.037218570709228516,0.0867611456398957,2_0_2_0,14.40198964,1.497094087,2.532194433,3.23077262,ETI,combo_001,14,141.1302702,130.3143153,137.6672139,208.6633485,-0.492541134,0.111800232,1409.450728,258.1,99.3,,36.468637990531676,140.15581492937014,129.73931298949782,136.783669761291,-0.24558562017709876,0.11140403310804665,1405.4243368728416,259.72791338425435
1,1,1,False,0.8578430414199829,0.1421569585800171,False,0.3578430414199829,0.11540637204436173,2_0_3_0,14.44536151,1.489855738,2.80827654,4.685497095,ETI,combo_001,15,131.4627723,121.5155387,130.9776468,767.2720158,-0.17273716,0.11011892,1420.106781,231.300001,99.3,,40.566569840351974,141.40965481126102,130.29084701705125,138.0062585273904,-0.2398490723277305,0.11086854225623671,1419.575135388932,259.3607795611218
0,0,0,False,0.41729483008384705,0.582705169916153,True,0.08270516991615295,0.05010496023936851,1_0_3_2,12.56332502,1.454187907,2.904598259,17.07325554,ETI,combo_001,16,145.2554852,130.8249411,139.5848759,206.3858128,-0.501774883,0.108467652,1433.61586,279.9,92.9,,36.491411980343145,142.4799716186695,130.22711598281055,138.50055312498543,-0.5071317602690932,0.10876653699933736,1437.4563635735922,271.05268576569154
1,1,1,False,0.8766228556632996,0.12337714433670044,False,0.37662285566329956,0.056820319638612345,2_0_2_2,13.28347837,1.404551965,2.198166028,22.23090036,ETI,combo_001,17,127.9652716,114.6742698,126.2736006,603.9095796,-0.482837714,0.10331419,1450.836917,186.500001,98.6,,29.199290886606814,143.8742212922476,131.15655183144563,137.66947011321486,-0.32756844922620343,0.11236538802101406,1469.6612060982927,253.98655010882365
1,1,1,False,0.9999993443489075,6.556510925292969e-07,False,0.49999934434890747,0.08213993458003896,3_0_3_2,15.75223036,1.003655505,2.999163795,19.75110031,ETI,combo_001,18,114.4275338,96.9751068,113.1589615,710.6578499,-0.431222134,0.089244918,2163.583904,112.200001,80.3,,47.24351898621182,158.68797796223194,137.95683081290298,146.87798437330684,-0.3419527836202497,0.121862785371184,2009.1340593374327,261.38724474003703
1,1,1,False,1.0,0.0,False,0.5,0.08213993458003896,3_0_3_2,15.99294895,1.007273104,2.895145265,21.02199615,ETI,combo_001,19,113.5017311,96.33375719,112.9110656,546.7932224,-0.438661966,0.091243422,2086.727992,116.800001,86.3,,46.30191042597922,163.58028079897016,138.34054379660077,151.0240771538063,-0.2573204472739603,0.12605960586158504,1995.5789549058495,266.11219869500275
0,0,0,False,2.279943203120638e-07,0.9999997720056797,False,0.4999997720056797,0.2759112215245395,1_3_3_3,12.06772589,2.594255608,2.761523417,23.60714276,ETI,combo_001,20,120.2673593,111.0608408,118.2945925,151.7348299,-0.488954713,0.111957534,644.3631145,365.3,122.7,,33.325307635172166,120.42539891010614,110.2748065070269,118.00138033940902,-0.5097132720161638,0.10828558087576577,640.5536270580162,361.8196010936485
1,1,0,True,0.22277602553367615,0.7772239744663239,False,0.27722397446632385,0.08643921716604869,2_1_3_2,13.97097764,1.530665482,2.968685433,20.47769669,ETI,combo_001,21,130.468334,119.7720032,130.1744133,662.6076802,-0.17124182,0.1093184,1366.136638,235.900001,100.4,,41.47543780463672,139.7487810732317,129.5607581756044,137.1625102310073,-0.21997498075283367,0.10912204553484409,1353.2847375915403,270.9253452064451
0,0,0,False,0.3434126377105713,0.6565873622894287,False,0.1565873622894287,0.053175127950049035,2_0_1_2,14.47415366,1.485697324,2.096950322,15.45207258,ETI,combo_001,1,141.2379263,130.3725729,136.4472706,209.2412978,-0.168888034,0.113694541,1414.992903,255.2,98.8,Itr_5,30.35158117801448,139.81226601338395,129.83354002160434,135.46392887438176,-0.47310171492856024,0.1131109659914197,1414.556307261173,255.18646388318888
0,0,0,False,0.1986658275127411,0.8013341724872589,False,0.3013341724872589,0.0950940436458736,2_0_1_2,14.25844871,1.475580417,1.928378503,18.09575297,ETI,combo_001,2,142.1457646,130.6739932,136.3254997,208.5736532,-0.169618558,0.11327662,1425.10144,250.9,98.3,,27.49568597849208,139.73327214298718,129.85974999233684,135.00830838290378,-0.21521161433570773,0.11329707323736615,1417.1593844231656,249.59248294330155
0,0,1,True,0.9133688807487488,0.08663111925125122,False,0.4133688807487488,0.27299788398344343,0_0_2_2,10.21660288,1.353374247,2.481245715,17.22682907,ETI,combo_001,3,148.0020331,131.4137565,141.2014903,206.5465725,-0.585577935,0.102982888,1493.02997,263.8,82.8,,25.349902117856658,145.37783364517264,130.66688485251038,138.9825243443952,-0.46840333685653074,0.10570448756289717,1480.3762592269097,268.1772295213046
0,0,0,False,0.37010541558265686,0.6298945844173431,False,0.12989458441734314,0.07409619889205366,2_0_2_1,14.45493792,1.481608125,2.213366814,14.37338727,ETI,combo_001,4,141.2068067,130.3463922,136.859719,209.1988662,-0.169107749,0.111896204,1424.236225,252.4,98.2,,31.99407989055819,140.28861147821038,129.96947147456916,136.03337620648014,-0.4499947295022464,0.11282842288264906,1419.6429256163344,255.97796907334688
0,0,0,False,0.13939711451530457,0.8606028854846954,False,0.36060288548469543,0.11895902970860302,2_0_2_2,13.59904566,1.439120501,2.144124161,16.08976687,ETI,combo_001,5,141.5120608,130.4069544,136.4689964,209.4360071,-0.167318121,0.111999027,1454.595522,246.2,94.2,,29.158042366148194,142.07160861279246,130.43190110553147,136.7915532299827,-0.3884744200896935,0.11241646646195845,1456.504722111093,248.58735261068233
1,1,0,True,0.4106999933719635,0.5893000066280365,True,0.0893000066280365,0.07551131089090682,3_1_2_1,14.82369728,1.510814526,2.509687828,12.38462769,ETI,combo_001,6,132.3835548,123.7393366,131.6253746,585.038503,-0.172118906,0.114371794,1395.254323,253.700002,101.2,,37.20285262957271,139.55280497170497,129.69768569485802,136.36431032986695,-0.15345269611701343,0.11168451944272127,1395.009634584758,263.7616861657806
0,0,0,False,0.3018574118614197,0.6981425881385803,False,0.19814258813858032,0.13814602371670093,2_0_1_3,13.42318831,1.469381024,1.759137435,27.0346193,ETI,combo_001,7,140.6363256,130.4704215,134.7244288,208.4213408,-0.169483369,0.113290451,1370.669374,257.9,102.5,,23.613233053175385,138.69996604837857,129.46253971239153,133.86055018540043,-0.265601827330722,0.11252274769131404,1363.6239290144285,249.99521731661466
0,0,0,False,0.3847443461418152,0.6152556538581848,False,0.11525565385818481,0.12691418765789178,1_0_1_0,12.22568338,1.378334743,1.653730782,4.197476202,ETI,combo_001,8,141.6936214,130.3662897,134.3730293,207.5334749,-0.50740397,0.11230305,1495.817398,236.6,87.6,,20.217988936491803,142.05106777567514,130.43335113385703,134.88619062342525,-0.49871688371052775,0.11213081099624887,1496.433590413552,241.76303606846807
0,0,1,True,0.5360221862792969,0.4639778137207031,True,0.036022186279296875,0.09833505102830034,1_0_2_3,12.04343753,1.440913691,2.351676031,29.64020659,ETI,combo_001,9,143.4277691,130.7030476,137.4243402,208.3554332,-0.5017624,0.11044472,1383.200797,261.1,98.9,,28.322263370146842,142.42415198436697,130.20352357078463,137.40579897418525,-0.4936530087967615,0.10978558013873346,1373.0481881541684,264.35772268578097
1,1,0,True,0.38265663385391235,0.6173433661460876,False,0.11734336614608765,0.050721385055761035,1_0_2_3,12.07148759,1.409119735,2.160626475,24.90676261,ETI,combo_001,10,132.7922682,122.9637784,130.7834156,794.0116791,-0.490468894,0.109039387,1416.982663,228.000002,96.7,,26.081975679587945,143.19131276935076,130.54668794372017,137.23366300646228,-0.49573649745533466,0.11097624608261017,1423.7919770934354,255.5150024990234
1,1,1,False,0.6389013528823853,0.36109864711761475,False,0.13890135288238525,0.10550298899114621,2_0_3_1,13.91876458,1.457403699,2.588849267,9.62428321,ETI,combo_001,11,130.5641157,120.0287056,130.112432,765.3812903,-0.171852059,0.109230291,1441.260649,227.800002,95.8,,36.03358348047856,141.98646781394885,130.38637035973295,137.79317938257807,-0.5586298322868132,0.11125645684800876,1440.80390560069,257.92462260408297
1,1,1,False,0.7137401103973389,0.28625988960266113,False,0.21374011039733887,0.10550298899114621,2_0_3_1,14.43627239,1.483941269,2.562269819,7.901570569,ETI,combo_001,12,131.2037008,121.0825472,130.6281358,591.5550231,-0.174597638,0.108344797,1424.223448,228.000002,98.9,,36.98962504375999,140.9961381690012,130.14675040640964,137.40047815897904,-0.23270362273577538,0.11179296679684744,1418.8475349003634,256.8330982967164
0,0,0,False,0.2653368413448334,0.7346631586551666,False,0.23466315865516663,0.06562137912124172,1_0_3_1,12.54950075,1.423234972,2.930050692,11.69084913,ETI,combo_001,13,146.788241,131.458917,141.4098173,209.4337448,-0.50310342,0.108442596,1468.908409,275.9,91.1,,36.77067335679202,143.8631832611323,130.7427901951377,139.28549574930884,-0.48997367488162824,0.10916317509318245,1469.3220229675037,271.4532829164506
1,1,0,True,0.4569130539894104,0.5430869460105896,True,0.0430869460105896,0.05014927264479158,3_1_3_0,15.78021972,1.573603047,2.983613296,2.754672428,ETI,combo_001,15,131.6257913,122.5731066,131.4594509,554.790985,-0.489209144,0.110444719,1348.307165,249.100002,107.1,,47.082073370393395,137.76837915328036,129.29624752073317,136.27672854376647,-0.265820618611697,0.11117647489283392,1351.9457808862805,276.9858759823592
0,0,1,True,0.5896260142326355,0.4103739857673645,True,0.0896260142326355,0.05333665570903925,1_0_3_2,12.75338744,1.440630607,2.872907241,15.91701472,ETI,combo_001,17,143.7984119,130.6066319,140.1100842,208.6295434,-0.502899206,0.108812139,1449.056391,279.4,92.4,,36.63929912365445,143.43144600997732,130.63545415791612,138.96121036455304,-0.5017706218566002,0.10928739838632848,1453.6375093589022,270.8768801763634
1,1,1,False,0.5575986504554749,0.44240134954452515,True,0.057598650455474854,0.05519027237638973,0_0_2_3,11.40182271,1.392807406,2.501640486,28.79250859,ETI,combo_001,18,132.9935251,122.4804224,131.4346757,538.4097903,-0.492338606,0.107741901,1420.31749,225.000002,95.8,,28.523261305530234,145.06758730412477,130.93545941898003,139.23358674599186,-0.5037884350710083,0.10956207014090358,1417.319701864932,263.38300702839274
1,1,1,False,1.0,0.0,False,0.5,0.23974829740813802,2_0_3_2,14.40545799,1.003040316,2.968442002,16.52732634,ETI,combo_001,19,115.6800471,98.02133239,113.5921826,703.2600404,-0.460992471,0.090747331,2158.517435,108.000002,76.3,,42.7617665555625,163.70168325852848,138.03558643190502,151.20325870560467,-0.23354364055914162,0.12201311410925471,1999.8124999911238,260.2719863653616
0,0,0,False,3.9867092709755525e-05,0.9999601329072902,False,0.49996013290729024,0.19459011529766068,1_1_0_3,12.17113814,1.905794229,1.433075133,29.11857785,ETI,combo_001,20,126.4700175,117.6606566,121.2364627,175.7466016,-0.493308496,0.110708101,918.2657478,281.0,126.8,,17.442155408741872,126.8697128706498,118.97998105700506,123.09830756974232,-0.38352841290890116,0.11196990973817864,913.1806600873782,277.1717164158038
0,0,0,False,0.262917160987854,0.737082839012146,False,0.237082839012146,0.06763010285789034,2_1_3_3,14.01069876,1.535904662,2.827116556,24.50583785,ETI,combo_001,1,136.0697735,127.9894126,134.6170651,208.1549834,-0.167366406,0.10938543,1323.204821,274.4,108.0,Itr_6,39.60987842552467,138.91115016666777,129.1859559130849,136.3534279700439,-0.17864585794048035,0.1095467282405181,1331.505502592459,270.77291860648904
0,0,0,False,0.0790800005197525,0.9209199994802475,False,0.4209199994802475,0.1042694202959369,3_1_1_3,14.96260294,1.552441061,1.805882099,29.00067167,ETI,combo_001,2,134.2012,127.5077,131.7532,202.8697,-0.4917249,0.1146409,1307.237,249.6,111.0,,27.02069680379077,136.34174585480835,128.72466916130816,132.96739588974566,-0.20582515700713536,0.11276522494951385,1312.6697903180827,274.15922804313925
0,0,0,False,0.11685879528522491,0.8831412047147751,False,0.3831412047147751,0.10724226742245041,2_1_3_3,14.21791152,1.605037861,2.847561444,29.7067333,ETI,combo_001,3,138.0534346,128.8636599,136.079618,203.4212375,-0.171818757,0.108003613,1264.517959,278.2,112.4,,40.486376658555436,136.9800144290165,128.17092280896907,135.29891343225984,-0.2438183389917698,0.10854317519142628,1263.7795372931644,281.36651466054633
0,0,0,False,0.14300580322742462,0.8569941967725754,False,0.3569941967725754,0.17557482527118964,0_0_1_1,10.05403117,1.310060654,1.744112766,11.81153155,ETI,combo_001,4,143.8633048,130.4500907,135.1947037,207.1012263,-0.585896693,0.105130558,1530.995624,254.6,79.8,,17.535364113358916,145.6685647910367,131.47957013334874,136.05363976391854,-0.37772421591701927,0.10521784746307562,1538.5095232632762,252.4886575389447
0,0,0,False,0.3546043932437897,0.6453956067562103,False,0.14539560675621033,0.050027172419613825,2_1_0_3,14.480893,1.502238233,1.552121316,28.85008063,ETI,combo_001,5,138.4756923,129.9995467,133.0341174,208.2679172,-0.489924693,0.113707599,1347.30936,263.8,107.0,,22.47610270001519,136.79281925880258,129.20902482465493,132.2932826894148,-0.24215320515814323,0.11435049738200902,1348.0133791844978,258.51404661485736
0,0,1,True,0.7398871183395386,0.2601128816604614,False,0.23988711833953857,0.11817380939349617,2_0_3_1,13.75748153,1.471154138,2.845591912,13.23373499,ETI,combo_001,6,140.3773,129.8812,137.3989,209.6425,-0.1670413,0.1106321,1426.51,255.3,96.9,,39.148178171257385,141.82653535671352,130.36762105909563,137.97143501422602,-0.3956308925067785,0.1102733499302138,1431.8022273814454,264.97063467714713
0,0,0,False,0.056251220405101776,0.9437487795948982,False,0.4437487795948982,0.13567222398423973,3_1_3_3,15.42596355,1.666228243,2.764257863,24.95489568,ETI,combo_001,7,135.7089902,127.8800307,134.3563821,202.5272745,-0.489320828,0.109891188,1223.994412,288.5,118.5,,42.6413410374389,134.7957189582419,127.2550878458307,134.230210051445,-0.2372128942884877,0.10841036044636082,1214.7388419160734,284.27156205227186
0,0,0,False,0.1756693571805954,0.8243306428194046,False,0.3243306428194046,0.06763010285789034,2_1_3_3,14.06913697,1.555565187,2.823083099,26.49067597,ETI,combo_001,8,135.1526581,127.3232766,133.9577901,206.9243756,-0.168381694,0.109484044,1305.44589,275.1,109.1,,39.71834279752307,138.56799041612186,129.08850611087075,136.29544838404274,-0.2032211560535058,0.10909836963859543,1308.1645403218745,274.86227656637345
0,0,0,False,0.023824423551559448,0.9761755764484406,False,0.47617557644844055,0.15487769652273925,2_1_3_3,13.71787337,1.540420466,2.62066848,29.39391642,ETI,combo_001,9,137.5227069,128.7215612,135.1997186,206.2578253,-0.491306968,0.108891286,1315.461943,271.2,107.4,,35.94999835339038,138.7709063027033,128.99164087184843,136.21467482124183,-0.24234926356739425,0.1097123447850517,1316.6501626807221,272.42310968173547
1,1,1,False,0.7977153658866882,0.20228463411331177,False,0.29771536588668823,0.07376668219036925,2_0_0_1,13.74924688,1.408320037,1.397010179,9.191341981,ETI,combo_001,10,130.4197724,120.7774389,126.9713821,729.3419707,-0.170487489,0.110617135,1475.441005,222.300002,92.8,,19.20783784494399,139.355530161426,130.3103052805178,132.5066377504185,-0.23047060634173483,0.11505185851499197,1477.3477467990526,236.42880227554394
1,1,1,False,0.7448575496673584,0.2551424503326416,False,0.2448575496673584,0.08636271714607997,1_0_3_2,12.98472376,1.456190619,2.715336151,22.34071174,ETI,combo_001,11,130.314623,118.962178,129.4202167,734.8446578,-0.178036642,0.106076756,1386.924148,218.500002,100.6,,35.25788983627665,142.69400396700715,130.44587929123108,138.53432700018374,-0.46888256402747147,0.10975516469987037,1403.8162550416887,269.34542938734694
1,1,0,True,0.44244804978370667,0.5575519502162933,True,0.057551950216293335,0.12745957579043082,1_0_1_2,12.82547279,1.403930153,1.771901028,21.79385393,ETI,combo_001,12,129.8927626,118.4536396,127.5961731,701.5778312,-0.176842739,0.108942795,1432.398837,208.400002,98.0,,22.725468421187028,141.54248502030865,130.4685119795373,135.267679304309,-0.43708135299954487,0.11286645268923044,1451.7399821551908,246.10121097717757
0,0,1,True,0.8232656717300415,0.1767343282699585,False,0.3232656717300415,0.08210223424301727,2_0_0_2,13.58658163,1.417063464,1.569340978,19.4346426,ETI,combo_001,13,140.5940209,130.3892819,133.687637,209.3111806,-0.165819011,0.11362745,1469.666777,237.8,92.6,,21.321979302901035,140.00272716962138,130.40284032270472,133.69627341372026,-0.2682455415248833,0.11425716920391103,1461.284482581819,242.18870777635715
1,1,0,True,0.2590251564979553,0.7409748435020447,False,0.24097484350204468,0.12953313995245022,2_0_2_2,13.9468991,1.487587189,2.371659315,22.438697,ETI,combo_001,14,130.54751,120.1227795,129.8865368,837.0450268,-0.490674369,0.109277767,1365.693238,235.400002,104.8,,33.077293165880114,140.52790656612802,129.93575781840585,136.74741213255444,-0.21746641969375233,0.11142271645420783,1379.5506322423535,260.9873832498441
0,0,1,True,0.7759476900100708,0.2240523099899292,False,0.2759476900100708,0.07707513764775967,1_0_3_0,12.20642345,1.397950256,2.71275556,7.238679331,ETI,combo_001,15,144.7666328,130.7173328,139.5102143,209.8549054,-0.507116274,0.109300814,1486.721491,271.9,89.3,,33.11304308170189,145.44411341803863,131.03035230558075,140.03683428609915,-0.5048322178144234,0.10950985230254331,1488.1532149432946,267.5385218541031
0,0,1,True,0.5462387204170227,0.4537612795829773,True,0.046238720417022705,0.03968083974183624,1_0_3_1,12.21914986,1.405704623,2.986284283,7.503697405,ETI,combo_001,16,144.7404092,130.6759449,140.5242936,209.8088537,-0.507306428,0.109325478,1479.284183,274.1,89.7,,36.48985517853965,145.32440686912793,131.09061469005167,140.23393381567084,-0.4992051449011294,0.10880557571932305,1481.3128018635489,277.35343689442027
0,0,0,False,0.35443904995918274,0.6455609500408173,False,0.14556095004081726,0.11312055723794157,2_1_3_1,14.35671601,1.525734422,2.994259814,10.89860412,ETI,combo_001,17,140.8993044,130.0238548,138.4187122,207.7746673,-0.170231186,0.109969333,1385.402334,264.5,101.7,,42.98773780975342,139.3906276345682,129.57944219114046,137.07936736515958,-0.22723145792505017,0.10976425142141542,1379.7478574780455,268.8887429696177
0,0,0,False,0.29134923219680786,0.7086507678031921,False,0.20865076780319214,0.09532890160479962,2_1_3_1,14.4470193,1.523236867,2.835397307,13.02690399,ETI,combo_001,18,140.0535635,129.7663488,137.5523637,207.8182651,-0.169198334,0.110121721,1385.36306,263.6,101.6,,40.96303961739702,139.5098663350526,129.56029461534288,136.82095282208147,-0.17759194333932063,0.11036411751385668,1384.6536173068866,268.3683319868137
0,0,0,False,0.11492438614368439,0.8850756138563156,False,0.3850756138563156,0.050165532533291,3_1_2_3,14.5973055,1.566220666,2.151655413,25.42391285,ETI,combo_001,19,136.8119647,128.713339,134.0124586,205.5125566,-0.489462781,0.112154249,1298.550541,272.6,111.0,,31.408371394289667,136.57540636032252,128.36170411513245,133.7520623214813,-0.1848133458455792,0.11109408676713137,1291.0278557738397,264.6510424782787
0,0,0,False,0.023803286254405975,0.976196713745594,False,0.476196713745594,0.050721385055761035,1_0_1_3,11.96575122,1.440383481,2.083656446,25.31944409,ETI,combo_001,20,143.1594267,130.6873409,137.1069666,206.6320485,-0.500621328,0.110284484,1376.944602,258.9,99.1,,24.932514660785362,141.23824589031494,129.81364144833486,135.95595646912307,-0.4948004853825368,0.1109682939839897,1377.7615673193693,254.52850514685716
1,1,1,False,0.9972825050354004,0.0027174949645996094,False,0.4972825050354004,0.2783880016760961,0_0_3_0,10.03023917,1.000077597,2.710822733,5.004864663,ETI,combo_001,21,120.1508501,100.3393573,114.016053,832.2156002,-0.426288385,0.089380075,2062.834942,97.500002,67.7,,27.190200359463052,161.6802590189712,136.1912039109697,150.1261901160715,-0.37654648457214374,0.11036103581958848,1932.5020189547545,279.60202199463043
0,0,0,False,4.0555297157627776e-14,0.9999999999999595,False,0.4999999999999594,0.2905644024350698,3_2_2_3,15.17729411,2.432398167,2.44780671,23.41750827,ETI,combo_001,22,121.8296298,113.7780325,120.7222734,162.3594275,-0.175657161,0.115056874,708.7593355,357.3,135.3,,37.15108236210148,123.43459693004075,114.96440295134897,122.13511530639272,-0.29196976693556514,0.1216418213216568,741.5375293161101,358.84541714949023
0,0,0,False,0.4467093348503113,0.5532906651496887,True,0.05329066514968872,0.03968083974183624,1_0_3_0,12.10264984,1.41258145,2.939013998,6.835508429,ETI,combo_001,23,145.1223508,130.8853886,139.1852584,209.2150725,-0.507033291,0.109099759,1469.240181,274.0,90.0,,35.56985729265246,145.08651109770244,130.8884037841895,139.98296118986403,-0.5033336220848463,0.10857311758243658,1471.2458064855105,274.7085111314807
0,0,0,False,0.3845939040184021,0.6154060959815979,False,0.1154060959815979,0.09532890160479962,3_1_3_1,14.76829043,1.539223306,2.972881842,13.56579529,ETI,combo_001,24,137.9332483,128.9077054,136.2513777,208.0696341,-0.491375619,0.110663864,1371.475894,266.9,102.5,,43.90438245672937,139.54676987486553,129.74331238412415,137.09600597809163,-0.2608061646700678,0.1098651946684201,1373.1014827392687,267.53483114663345
0,0,0,False,0.004567671101540327,0.9954323288984597,False,0.4954323288984597,0.08178323411995937,3_1_1_0,15.68495104,1.577811291,2.085980697,0.093853474,ETI,combo_001,1,137.7077341,129.1123876,134.6286095,207.0963022,-0.170358459,0.112210728,1331.887346,273.3,106.9,Itr_7,32.71850510283008,136.08800594785043,128.45213546467238,133.63983163008015,-0.28915878260468286,0.11291788469616798,1331.0794321697576,267.2504191423224
0,0,0,False,0.1960589438676834,0.8039410561323166,False,0.3039410561323166,0.08178323411995937,3_1_2_0,15.98390143,1.593439046,2.195112222,0.743596567,ETI,combo_001,2,135.6809024,128.159059,133.5721848,206.3726057,-0.169190406,0.112715206,1320.478843,274.1,108.1,,35.086457384236276,136.14223863076666,128.48446555850333,133.93688925318102,-0.2933690126396401,0.11330386401972803,1323.4202529205909,272.0979856554517
1,1,1,False,0.7933794260025024,0.20662057399749756,False,0.29337942600250244,0.22684152413620298,0_0_3_1,10.8535865,1.336965651,2.829266542,10.39255,ETI,combo_001,3,137.2172304,126.278812,133.9301468,848.5598571,-0.500017863,0.110612552,1532.440444,239.900002,83.6,,30.707689145152884,148.61453041064624,131.8122746805681,142.09900600904575,-0.45331177293068975,0.10733614513805503,1537.3953644070089,280.25688550975957
0,0,0,False,0.26464858651161194,0.7353514134883881,False,0.23535141348838806,0.14018155147382155,3_1_2_3,14.57156607,1.542669969,2.368508991,28.91572703,ETI,combo_001,4,138.3039326,129.3208472,135.3847564,208.6231074,-0.171325186,0.110331899,1322.840511,275.1,109.3,,34.51288524974554,138.28097145545468,129.18947916669842,135.311457416782,-0.23886572533160996,0.11135752113560775,1324.480420827141,267.24535513789914
0,0,0,False,0.061279021203517914,0.9387209787964821,False,0.4387209787964821,0.20199824117070384,3_1_1_2,15.94987442,1.562075661,2.089462504,17.60053749,ETI,combo_001,5,136.7091889,128.7789613,133.9047764,208.6307868,-0.171489324,0.114605764,1354.075129,272.8,107.6,,33.32666454409875,136.87399831251875,129.09722557372385,134.02025724308294,-0.24663447692054424,0.1138115127914649,1344.5084208130374,271.7752512027593
0,0,1,True,0.9287034273147583,0.0712965726852417,False,0.4287034273147583,0.1030441095288386,3_0_1_2,15.05088616,1.492569367,1.735675488,18.09364645,ETI,combo_001,6,136.4917648,128.8600513,132.8517813,209.8309219,-0.167798404,0.114811974,1399.868338,255.8,100.2,,26.123454180590446,138.17349794156948,129.7530004629894,133.9807468910665,-0.27363135603338784,0.11486120376103687,1406.6598616815895,255.77163031223813
0,0,0,False,0.37125566601753235,0.6287443339824677,False,0.12874433398246765,0.08662608115607942,2_0_0_2,13.0526929,1.391827917,1.401394634,18.61659428,ETI,combo_001,7,138.5895724,129.7471614,131.7629655,208.4784811,-0.502313274,0.114112141,1486.439089,233.4,89.8,,18.2919737893099,140.2137959838598,130.58303716500114,132.2439293620845,-0.4950258602850385,0.11439444997871161,1484.2919096656176,238.356377594638
1,1,1,False,0.7424303293228149,0.25756967067718506,False,0.24243032932281494,0.05054932114678708,1_0_3_2,12.7497898,1.449929817,2.964139902,20.23607339,ETI,combo_001,8,129.495444,116.7802315,128.9900659,514.0795341,-0.176226612,0.102613724,1437.94021,201.000002,92.9,,37.7921606882926,142.7448983582283,130.4280813987007,138.60274197006652,-0.5030760922246671,0.10874071788924318,1434.0786063303885,272.38342814841366
0,0,0,False,0.32601284980773926,0.6739871501922607,False,0.17398715019226074,0.057346255491119255,1_0_1_0,12.7939939,1.418291401,1.92528643,0.855825952,ETI,combo_001,9,142.1215323,130.4590822,135.9757881,207.7857633,-0.501911667,0.111992738,1465.063666,242.4,91.2,,24.632102841172777,141.6082431066335,129.96316797124183,135.73691828400428,-0.49666091122636347,0.11210692884272914,1456.6356910157695,245.687873227543
0,0,0,False,0.24547842144966125,0.7545215785503387,False,0.25452157855033875,0.09692353951813656,1_0_0_1,12.07991327,1.341767937,1.247206756,12.17004182,ETI,combo_001,10,140.6369823,130.7371391,131.1547999,208.7693028,-0.511083486,0.113448417,1531.87951,230.2,85.2,,15.066149442238052,140.89660816911422,130.80046966607784,131.10197453648314,-0.5025676443123244,0.11385639201561873,1530.3492052339834,233.88365489755446
0,0,1,True,0.5584514737129211,0.44154852628707886,True,0.05845147371292114,0.06356731448676456,2_0_0_0,13.29878979,1.397687613,1.324306258,7.297573949,ETI,combo_001,11,142.5499348,131.2002808,132.8199721,209.1421922,-0.500801165,0.114650478,1488.394322,238.2,91.2,,17.611670542723505,139.4508881126389,130.25163173945552,131.5524089656895,-0.41165481511659274,0.11473661323122343,1483.318593501999,234.6181006833664
1,1,1,False,0.5863364338874817,0.4136635661125183,True,0.08633643388748169,0.05289736291413916,2_0_2_1,13.51960377,1.435756399,2.424120226,7.708321029,ETI,combo_001,12,131.8744336,121.8838005,130.9267113,796.2967726,-0.173228852,0.110200907,1463.811819,225.800002,93.9,,32.77314494636285,142.72710335336217,130.48000687803827,137.77612606405063,-0.232587098209873,0.11132087622449799,1458.214138424026,254.36101163803124
1,1,0,True,0.3288370966911316,0.6711629033088684,False,0.1711629033088684,0.06930150609478136,1_0_3_1,12.2335892,1.399424763,2.840724553,8.121104447,ETI,combo_001,13,136.7559198,126.8483108,134.5401165,747.4420059,-0.498621433,0.112320353,1484.241105,260.700002,89.3,,34.75225721175563,145.18201183320878,131.00010458467543,139.91516569098945,-0.5036249591678841,0.10927741989624969,1487.672665569974,269.75312922903277
0,0,0,False,0.18043212592601776,0.8195678740739822,False,0.31956787407398224,0.1345066702403681,1_0_2_1,12.1260599,1.390104003,2.252834518,13.04655797,ETI,combo_001,14,143.9921343,130.7955229,136.9971984,208.6266005,-0.507385904,0.110615124,1489.287901,266.9,88.3,,27.318006310055626,144.07890708841498,130.70154690503006,137.86910481747816,-0.5058717924902302,0.11085571651309188,1492.6757412660613,255.58988414228986
0,0,0,False,0.17325757443904877,0.8267424255609512,False,0.32674242556095123,0.1022700299945171,2_0_2_2,14.0295315,1.480911644,2.474511862,18.26390663,ETI,combo_001,15,137.2011356,128.7108527,134.7573057,208.6602911,-0.167141587,0.111125152,1413.35132,252.4,97.4,,34.71624211505265,141.12514523812644,130.1511903746961,137.4088062959278,-0.21763023063205167,0.11135453457286772,1415.4694644277704,258.1282193559794
1,1,1,False,0.58729088306427,0.41270911693573,True,0.08729088306427002,0.0867611456398957,2_0_2_0,14.15140783,1.475158004,2.48685744,5.35815156,ETI,combo_001,16,131.840099,123.0497165,131.2434911,614.1076517,-0.491366956,0.113069228,1420.257681,253.800002,97.6,,35.192533848509754,140.98746525218957,130.00933019825007,137.1560575474083,-0.4580090055352938,0.11169651947141568,1424.7304889906736,257.88535379024387
1,1,1,False,0.8520466089248657,0.14795339107513428,False,0.3520466089248657,0.050027172419613825,2_0_0_3,14.22623419,1.461578752,1.526710774,28.56752085,ETI,combo_001,17,131.5567747,122.7833781,129.4247579,592.4257304,-0.175188632,0.111481674,1387.987071,231.800002,103.5,,21.719345011320165,138.1463230323321,129.89370351854896,132.74554345150844,-0.22578175836786854,0.11465365134775352,1386.5277380082748,255.2504772188785
0,0,0,False,0.17883193492889404,0.821168065071106,False,0.32116806507110596,0.05156898002991402,1_0_2_3,12.21169164,1.462108738,2.224775035,25.2633654,ETI,combo_001,18,139.9715489,129.6284127,135.5311003,206.1808894,-0.499791438,0.110791736,1358.448994,260.5,100.5,,27.168266695790205,140.97121067389955,129.63809341050026,136.35697087692043,-0.4944852984576915,0.10994623813279113,1359.921649224328,260.5287280911537
0,0,0,False,0.07448319345712662,0.9255168065428734,False,0.4255168065428734,0.2194934669452071,0_0_0_1,10.74999344,1.326628223,1.264091512,10.83267966,ETI,combo_001,19,141.5963082,130.5509568,131.3392014,205.6450781,-0.523002814,0.111670976,1522.589191,244.5,82.5,,13.588975461559683,141.40058408714248,130.7295551904854,130.47142693730464,-0.44979507316493483,0.11295216388912623,1525.5285084750012,239.68579052444932
0,0,0,False,2.882721048536041e-07,0.9999997117278951,False,0.49999971172789515,0.27978596082115825,3_3_1_0,15.63698656,2.657370974,1.822821554,5.159790086,ETI,combo_001,20,120.4731115,113.5537123,118.3145483,156.1663433,-0.485823211,0.133246485,686.6348112,372.3,137.7,,28.503436141176312,118.56878151176898,112.43107324333567,116.3559582882719,-0.3792637593069245,0.12304311063900875,690.7538925704795,372.5959095717858
1,1,0,True,0.09533743560314178,0.9046625643968582,False,0.4046625643968582,0.13762647434107803,3_1_3_2,15.3915796,1.58020445,2.914007203,21.5636038,ETI,combo_001,1,134.7273701,126.2022501,133.7701945,870.8175186,-0.487079491,0.111715666,1305.376499,266.400002,112.7,Itr_8,44.85117381994786,137.7103407074036,129.1085773429728,136.43254784791705,-0.15442765544558895,0.11048227884038724,1317.9032878417624,279.09433149666813
1,1,1,False,0.6291297674179077,0.3708702325820923,False,0.12912976741790771,0.08901437995630652,2_1_3_2,14.44772544,1.530927955,2.913273275,21.24974465,ETI,combo_001,2,131.4387191,121.6783305,131.036545,512.0899109,-0.174470862,0.108362703,1340.60416,239.900002,109.0,,42.090172408889615,139.42525312461026,129.7658819457701,136.97995643575373,-0.13578455869758121,0.1098410554334851,1362.3752328883868,271.5190258498013
0,0,1,True,0.694494903087616,0.30550509691238403,False,0.19449490308761597,0.17557482527118964,0_0_1_1,10.64725882,1.309738894,1.92858537,8.730452062,ETI,combo_001,3,148.2784757,132.2404689,139.9468218,209.7412595,-0.523666204,0.110135414,1559.063181,258.5,81.7,,20.53414759085546,145.16618921073092,131.07528959726062,136.8764943566707,-0.4837373746293937,0.10776909985276102,1548.2819402467137,255.49901223267955
0,0,1,True,0.5735807418823242,0.4264192581176758,True,0.07358074188232422,0.05143733425829278,3_1_3_2,14.81771694,1.52132621,2.655810229,16.88140694,ETI,combo_001,4,137.7358198,129.0833123,135.5837433,209.0018944,-0.168571383,0.110747278,1385.012122,262.7,101.9,,39.35304421967858,139.37416108769943,129.739858828107,136.58414320893925,-0.34838670609625483,0.11122434980290731,1387.5624622477903,267.33760988004747
1,1,1,False,0.7481038570404053,0.2518961429595947,False,0.24810385704040527,0.07841401471647447,3_1_0_1,15.91632264,1.501293223,1.357515311,12.86252218,ETI,combo_001,5,129.9316803,120.7548636,126.9176484,775.2083771,-0.175718695,0.112601165,1398.331477,233.700002,104.1,,21.606651678615943,135.96260572108176,129.43882306286696,131.2747305453411,-0.31637106746838717,0.11752312130230741,1393.8840315760838,261.07214176652013
0,0,1,True,0.6122962236404419,0.3877037763595581,False,0.1122962236404419,0.05117266187449351,3_1_3_2,15.76377621,1.572784845,2.747227515,15.34002783,ETI,combo_001,6,137.8910676,129.2105089,135.9560452,208.967345,-0.490964329,0.112343754,1350.40576,275.3,107.1,,43.30667974441442,137.62138888546605,129.26453808842217,136.0406264431898,-0.24446222655003308,0.11207841727431421,1345.333522325906,280.6718944306009
0,0,1,True,0.8486484289169312,0.15135157108306885,False,0.34864842891693115,0.15521719127121017,3_1_3_1,15.83271337,1.570613675,2.714966313,7.948725441,ETI,combo_001,7,138.238099,129.2573091,136.1732625,209.9041226,-0.170749553,0.112460073,1352.517158,277.3,107.5,,42.98528344293471,137.64006575666969,129.2049035451116,135.9180884859758,-0.5846606203351234,0.11193239106078497,1349.1326519911413,271.46832423701613
0,0,0,False,0.4031856656074524,0.5968143343925476,True,0.09681433439254761,0.09833505102830034,1_0_2_3,12.20200001,1.448579775,2.512466231,28.70238732,ETI,combo_001,8,142.3192029,130.2884974,137.6361194,208.2478057,-0.50113225,0.10929225,1377.838105,264.2,99.4,,30.657112975786664,142.41719292041762,130.1647938368347,138.03430743023932,-0.5048320543276074,0.10977281455383102,1378.56362987656,266.7679758012118
1,1,1,False,0.5680309534072876,0.4319690465927124,True,0.0680309534072876,0.08643921716604869,2_0_3_2,13.48712897,1.482526347,2.973928695,19.89222272,ETI,combo_001,9,129.1684947,116.595974,128.5554278,635.6294579,-0.486883477,0.105221623,1413.917971,204.300002,96.3,,40.1097598570488,141.33116320537047,130.2774948621064,138.06674045729926,-0.1851292062395641,0.10919558410237593,1410.3394994965142,270.9208833373515
0,0,0,False,0.3523389399051666,0.6476610600948334,False,0.14766106009483337,0.05111414982370954,2_1_3_3,13.62356106,1.526587905,2.935624065,28.53397409,ETI,combo_001,10,138.4888381,129.2719773,136.4895295,207.8065466,-0.491826525,0.108732134,1330.714701,271.7,106.7,,39.993653698732906,139.69682992317956,129.5907491936156,137.0544747339738,-0.29913641465943147,0.10869437747967134,1334.3917446489988,277.6112793296752
1,1,1,False,0.7740831971168518,0.2259168028831482,False,0.2740831971168518,0.12352241182710705,2_0_1_1,13.87985071,1.426283342,1.665431944,7.725936515,ETI,combo_001,11,130.3377699,119.8619463,128.312494,696.0795477,-0.173996098,0.110853855,1462.072603,223.800002,94.8,,23.11594675038508,140.62909283996464,130.26154580204678,134.2190398864026,-0.18573865398159645,0.11421399642526112,1462.1250169891819,240.5497098885104
0,0,1,True,0.5694665312767029,0.4305334687232971,True,0.06946653127670288,0.15861977900515312,2_0_3_0,13.62613558,1.464931183,2.553050077,0.241435149,ETI,combo_001,12,141.4621023,130.091305,137.6255046,209.5103824,-0.166984576,0.110393997,1431.481304,254.7,95.9,,34.78820649173144,141.45443718269303,129.8950269197231,137.50597406618053,-0.2663195308824161,0.11052914109865503,1426.6234024104842,255.42357886242104
0,0,0,False,0.3703967034816742,0.6296032965183258,False,0.1296032965183258,0.07882643910758846,1_0_2_2,12.88860935,1.412340386,2.220888258,16.21308787,ETI,combo_001,13,142.348149,130.4746496,136.9274514,209.2883549,-0.501653211,0.112187881,1476.499339,244.3,90.9,,28.62416116736401,143.07133035837873,130.6114992562259,137.55333154751895,-0.41050181732836005,0.11134682740294824,1478.340046502586,253.96473007671622
0,0,0,False,0.4442968964576721,0.5557031035423279,True,0.05570310354232788,0.057592180347747726,1_0_2_2,12.04923831,1.386140728,2.28214378,17.26454208,ETI,combo_001,14,145.332944,131.1830519,138.1737244,208.8196157,-0.507689208,0.110456683,1495.045826,264.4,87.6,,27.498094262904214,144.51537623449462,130.92246920536098,138.4343452787843,-0.4920251148925844,0.11067147892418598,1493.404971536513,257.64367200218123
0,0,0,False,0.2608678936958313,0.7391321063041687,False,0.2391321063041687,0.10674920569233824,1_0_2_1,12.19975181,1.397528285,2.427474644,9.40414214,ETI,combo_001,15,144.445965,130.7370565,138.848632,208.9071054,-0.507016641,0.110767109,1484.168806,268.9,88.9,,29.614588181868108,144.52919033975147,130.75571475121245,138.6955967113032,-0.4453813035543099,0.1101225184273835,1484.807171087603,260.27297207831657
0,0,1,True,0.6760708093643188,0.32392919063568115,False,0.17607080936431885,0.050771960358559444,1_0_3_0,12.8569873,1.436679411,2.862674223,1.847385046,ETI,combo_001,16,143.175677,130.324295,139.39158,209.972886,-0.501220385,0.108999914,1454.776423,282.5,92.7,,36.80536612914837,143.7784466672992,130.5785988729679,139.26538544878602,-0.4901632761116459,0.10927682302404068,1452.073075725974,262.8650981119087
0,0,0,False,0.22513611614704132,0.7748638838529587,False,0.2748638838529587,0.1022700299945171,2_0_2_2,14.1674518,1.488948534,2.494376482,15.29514463,ETI,combo_001,17,143.7073019,130.9111716,139.4703974,209.1095655,-0.49155447,0.111375132,1415.943797,254.2,98.4,,35.33895857978857,140.53494510844715,129.9544867010447,136.76343764621177,-0.32933610273985975,0.11146165788454292,1413.976790537092,257.4212355691648
1,1,1,False,0.7705475687980652,0.22945243120193481,False,0.2705475687980652,0.10437426842009714,2_0_1_0,14.29906944,1.458285872,1.889031427,6.722824778,ETI,combo_001,18,132.5487119,123.8369683,130.9734386,834.6160783,-0.487867843,0.113355321,1441.599293,236.100002,97.1,,27.01139154901529,139.97364342053916,130.0333172951343,135.1357399613295,-0.22995746938360914,0.11378259955697684,1437.8656582472715,246.17909327412158
1,1,1,False,0.9885144233703613,0.011485576629638672,False,0.48851442337036133,0.05014927264479158,3_1_3_0,15.60209519,1.542321348,2.972393991,1.652352754,ETI,combo_001,19,130.1463589,119.3939278,130.0495598,642.3218838,-0.485467769,0.106357381,1376.896782,222.900002,105.1,,46.375573989766,138.96750956252538,129.72669788530493,137.60015353993862,-0.18086506527094937,0.11118878268782616,1376.8569410200719,270.8811306980767
1,1,1,False,0.9159327745437622,0.08406722545623779,False,0.4159327745437622,0.05054932114678708,1_0_3_2,12.72564213,1.397190857,2.994419133,19.05089716,ETI,combo_001,20,130.2340413,117.7119897,129.7737993,734.2828036,-0.176526953,0.104126985,1502.198717,200.400002,90.5,,38.10590627378288,145.35926241070987,131.39057228977205,139.91411061736335,-0.5028340795388292,0.1091342310066904,1498.8938871786972,272.56142141182596
1,1,1,False,0.9999939203262329,6.079673767089844e-06,False,0.4999939203262329,0.21965762203239597,3_0_2_0,15.98850473,1.006094887,2.48416365,0.774687139,ETI,combo_001,21,113.6446433,96.30800269,112.553184,781.0795201,-0.217963281,0.091242031,2158.380409,113.600002,80.9,,39.71806226811907,157.27083145179063,137.10140504505577,146.6123609344897,-0.3788602985365858,0.11910591417773096,1929.8849378260397,259.4128338984043
0,0,0,False,0.00012500048615038395,0.9998749995138496,False,0.4998749995138496,0.11026221481440743,1_2_2_0,11.59638423,2.118406634,2.135407734,1.818491014,ETI,combo_001,22,124.8253673,114.8275248,122.3100007,168.2272939,-0.495196206,0.109522659,876.3597105,299.7,127.1,,24.763008571177636,125.06238129641525,115.10671230327084,123.32505883328777,-0.3799870443765518,0.1086619256370075,875.326007430869,296.970981769358
0,0,0,False,0.17222252488136292,0.8277774751186371,False,0.3277774751186371,0.1206284108592112,3_1_0_0,15.66040403,1.558811528,1.447724586,3.443634598,ETI,combo_001,1,136.6198901,129.2043535,131.8990879,205.4625501,-0.4898853,0.1159929,1343.553703,262.8,105.6,Itr_9,22.671951940924483,134.69721596268454,128.36831500707237,131.13558636343936,-0.26839269932369086,0.11512839087602632,1341.0787565542716,261.99096143699825
1,1,0,True,0.3460237383842468,0.6539762616157532,False,0.15397626161575317,0.1575404711261321,1_0_0_2,12.07064326,1.347246996,1.363799998,21.18889632,ETI,combo_001,2,126.9481336,113.2493221,119.3522447,740.0311316,-0.17589506,0.1046485,1526.468454,174.600002,86.3,,16.461943253846712,141.84235127879765,131.16507962605587,132.5389069272568,-0.49727204020484106,0.11319683951609867,1498.1152154552178,240.15412008250615
0,0,1,True,0.5711042284965515,0.4288957715034485,True,0.07110422849655151,0.07206998297265725,1_0_0_3,12.61781933,1.392997691,1.257412035,25.41278627,ETI,combo_001,3,141.4929928,131.142821,131.961724,209.7851785,-0.501009727,0.114692331,1429.236103,247.5,96.9,,15.865797880997636,139.0647164507924,130.27086580811098,130.30949015796756,-0.5024222804083209,0.11426651355564904,1424.0640134939308,238.59223796542483
1,1,1,False,0.863273024559021,0.136726975440979,False,0.363273024559021,0.25614202814429377,0_0_2_0,10.68520315,1.323519041,2.371742009,3.120850706,ETI,combo_001,4,134.8866284,125.7263212,132.2040618,610.1512709,-0.49858195,0.11022315,1540.988585,228.700002,81.7,,25.34254518555413,147.5935006236665,131.51454228134804,140.26672322582473,-0.5215493665320845,0.10873089702336318,1539.870258102622,269.08123681993436
0,0,0,False,0.43488961458206177,0.5651103854179382,True,0.06511038541793823,0.08543652241535685,1_0_0_1,12.6832128,1.365410298,1.23816102,7.978111867,ETI,combo_001,5,140.5394215,130.7761799,131.1330898,208.9661505,-0.505000459,0.114843555,1513.568245,229.2,87.8,,15.703859697325054,140.3178317475308,130.60479955034654,131.5154874937966,-0.4966740147263554,0.11425705684771316,1514.669582959063,232.33821940895334
1,1,0,True,0.2757101058959961,0.7242898941040039,False,0.2242898941040039,0.10899839212011045,3_1_1_3,15.1126161,1.533146693,2.017276251,26.48141846,ETI,combo_001,6,131.9536453,123.6617885,130.8840353,729.1541798,-0.172645499,0.116774904,1329.628721,265.000002,110.3,,30.486321549010245,137.86018689683186,129.33712153802568,134.25154874765784,-0.4510762735853001,0.11330580498707343,1335.2396132339513,266.3332263090245
1,1,1,False,0.506016194820404,0.49398380517959595,True,0.006016194820404053,0.10580317746108678,2_0_0_3,13.26299022,1.420993928,1.591466864,22.64639661,ETI,combo_001,7,128.9567348,117.583351,125.6662606,770.8146159,-0.490656313,0.108123671,1408.717022,218.000002,100.0,,21.10760945268607,139.888579850796,130.15418416312951,133.71031922644642,-0.45601961889787135,0.11354287048482599,1430.3279260758961,243.99759818379775
0,0,0,False,0.11372339725494385,0.8862766027450562,False,0.38627660274505615,0.07841401471647447,3_1_0_1,15.59361216,1.561536781,1.324909462,11.51403261,ETI,combo_001,8,135.8587349,129.133881,130.9430733,204.3020655,-0.171311821,0.115863494,1334.03183,259.8,106.0,,20.660124297542257,134.05358404564393,128.21641037009232,129.70424142703615,-0.460081532229336,0.11567687899571844,1332.7197377329978,262.823167914623
1,1,1,False,0.7310526967048645,0.2689473032951355,False,0.2310526967048645,0.03574029299253025,1_0_3_3,12.2597552,1.442510153,2.652582742,22.76389595,ETI,combo_001,9,130.9719041,119.7874217,130.2717446,766.7910309,-0.4900724,0.10791744,1431.350885,218.400002,91.8,,32.52001506466476,143.0145789011064,130.32370194392666,138.48814912463018,-0.4974994294792997,0.10916978267776624,1415.9942451211796,266.6473271223853
1,1,1,False,0.7613006830215454,0.2386993169784546,False,0.2613006830215454,0.13812354809253405,3_0_1_3,14.98112444,1.492602473,1.823916411,23.55597507,ETI,combo_001,10,128.6510443,117.4380619,126.853205,562.8679732,-0.174050905,0.111023015,1367.795463,223.800002,108.2,,27.324318721349183,139.2141060772109,129.95478845470794,134.3872565818538,-0.16724960846680184,0.11443613740962592,1377.3939148843106,260.0348958242985
1,1,0,True,0.40265506505966187,0.5973449349403381,True,0.09734493494033813,0.14586638483788186,1_0_1_1,12.23587707,1.352646094,1.971361009,9.540725112,ETI,combo_001,11,130.9951154,119.9407342,129.4772562,724.2383288,-0.489751513,0.103422953,1533.218688,208.400002,86.5,,24.121330966715163,144.91289509028633,131.27636709688355,137.70776655473628,-0.48093474783315193,0.11181254095993035,1530.8360747666634,248.0004214649812
1,1,0,True,0.01770751178264618,0.9822924882173538,False,0.4822924882173538,0.05061529985112726,3_1_2_3,15.71034253,1.585893213,2.516417281,23.54483711,ETI,combo_001,12,133.79431,125.7468171,132.7169104,549.8531118,-0.175847579,0.114171616,1296.8314,270.800002,114.4,,39.53377743292126,136.87593176502375,128.8979403399854,134.6988421442446,-0.4385112852160217,0.11190343639567123,1301.05120396486,280.72548863458593
0,0,0,False,0.4017825126647949,0.5982174873352051,True,0.09821748733520508,0.1281502352543578,3_1_1_0,14.83488696,1.510723861,1.801245221,0.817287984,ETI,combo_001,13,136.629949,128.841166,133.1214291,207.4612862,-0.168379293,0.114393474,1386.285972,256.9,101.3,,26.72126924077522,137.68679720608662,129.11740589084667,133.73119193640318,-0.1882757192369979,0.11389462717429899,1386.266329939161,253.66208879085502
1,1,1,False,0.6388851404190063,0.36111485958099365,False,0.13888514041900635,0.03574029299253025,1_0_3_3,12.35819837,1.450801491,2.676064606,23.62338489,ETI,combo_001,14,134.9895316,125.8441706,132.9281948,529.7395384,-0.494393238,0.112592938,1380.030974,263.000002,99.2,,33.0713372518839,142.30396148576563,130.11383114065805,138.1434433979311,-0.48912691915087936,0.10936327898638344,1393.2080129830445,267.73054279832684
1,1,1,False,0.8320451974868774,0.16795480251312256,False,0.33204519748687744,0.12083230214341144,2_0_3_0,13.00531729,1.41861264,2.747677026,6.476775555,ETI,combo_001,15,130.7896074,119.8088545,129.8945303,621.1475924,-0.490611334,0.107688847,1473.408432,218.500002,92.1,,35.73441153357358,144.5936275147052,130.97713965411597,139.61338527417246,-0.4642006774629843,0.11014925697735095,1477.2941717180481,260.1509148505579
1,1,1,False,0.5242694616317749,0.4757305383682251,True,0.024269461631774902,0.07095128467947415,1_0_3_0,12.37688318,1.413830425,2.908224102,0.454713615,ETI,combo_001,16,135.3981349,125.7977213,133.2042223,638.0682119,-0.496150321,0.111132446,1470.068457,258.700002,90.8,,35.994749971714405,144.47680236824314,130.80126410935893,139.70352497333855,-0.46446468607492875,0.10905653627436977,1469.8480424361533,268.43900011151015
1,1,0,True,0.1898098737001419,0.8101901262998581,False,0.3101901262998581,0.05083599678467241,2_0_2_0,14.18585817,1.474284073,2.322529008,0.064818924,ETI,combo_001,17,132.0383068,122.3346487,131.1547528,551.8762992,-0.486587144,0.10968101,1429.320785,226.600002,97.4,,32.9470671031988,140.76688814760004,129.91291317766542,136.67817958073357,0.023484022485090905,0.11178756594100347,1423.2894154042808,254.61198719071436
0,0,0,False,0.345811128616333,0.654188871383667,False,0.154188871383667,0.09684625598724966,2_0_1_2,14.02450257,1.466023099,2.082996269,18.73740594,ETI,combo_001,18,137.2729865,128.7785783,134.0045851,208.4816307,-0.165494308,0.11282335,1425.625513,249.9,97.1,,29.212986527890912,140.9352985095653,130.1555448782662,136.03865508636196,-0.154714866326161,0.11260390990939344,1425.5094190434327,251.55007485146493
0,0,0,False,0.050792474299669266,0.9492075257003307,False,0.44920752570033073,0.050771960358559444,1_0_3_0,12.70290739,1.476956979,2.927119434,1.391510967,ETI,combo_001,19,142.45403,130.1138922,139.122138,205.3653299,-0.500653528,0.108720644,1408.898084,250.4,94.2,,37.18292708957122,141.7512783030611,129.75909773884104,138.27320356784952,-0.5034396810087052,0.10826671721612677,1405.741811373748,266.32078659536336
0,0,0,False,0.005725215654820204,0.9942747843451798,False,0.4942747843451798,0.050920879685024706,2_0_3_0,13.12356575,1.481221536,2.881520607,1.737942796,ETI,combo_001,20,137.8256982,128.5927005,135.2105641,206.3181735,-0.500085097,0.109483088,1404.37785,257.2,96.0,,37.81582514594441,141.28639319834485,129.78683753621928,137.88010730368825,-0.4944142186923788,0.1089653698130444,1409.7872444074433,266.8306096650874
1,1,1,False,0.8882336616516113,0.11176633834838867,False,0.38823366165161133,0.09882942189297106,0_0_0_0,10.04474544,1.204069055,1.44445613,1.211579625,ETI,combo_001,21,129.2365107,114.8827667,121.7797548,798.7300872,-0.472406641,0.102692891,1678.29152,167.700002,75.2,,14.509194125097547,148.4272947169937,132.91855955610765,135.1205121952551,-0.37692970687467436,0.10890509955103923,1663.587809854532,246.30406593617008
0,0,0,False,1.0649113969113388e-12,0.9999999999989351,False,0.4999999999989351,0.2905644024350698,3_3_3_3,15.89615016,2.7547735,2.824008358,24.02536711,ETI,combo_001,22,119.8598655,112.6705677,119.0837339,153.6707316,-0.480698328,0.133635225,625.3558398,398.9,148.5,,44.89086091186304,119.58994189307397,112.00507975852685,118.26937122414196,-0.35252094331353384,0.1361537476216181,580.7737171045296,390.67757938614983
1,1,1,False,0.9691672325134277,0.030832767486572266,False,0.46916723251342773,0.031272926672261454,3_0_0_0,15.23079003,1.479522421,1.340194722,1.039475336,ETI,combo_001,1,132.0842612,124.199023,129.2200937,701.7306606,-0.173240656,0.115160531,1421.660072,236.900002,100.5,Itr_10,20.41222441009622,136.96312993374406,129.52770133631802,131.57823057653692,-0.16085450806576393,0.11624487044658878,1413.3830929056494,253.35245508220382
1,1,0,True,0.4799899160861969,0.5200100839138031,True,0.0200100839138031,0.09882942189297106,0_0_0_0,10.02623765,1.246745207,1.276935736,1.971107705,ETI,combo_001,2,133.9255166,123.7521416,127.3265004,528.302475,-0.499907965,0.111114365,1609.804757,216.400002,76.8,,12.80286115291366,144.89877038075366,131.60763209868963,132.4920328843429,-0.5185987976769247,0.1073820594514786,1599.1649438688137,252.2948278266977
0,0,0,False,0.4375726580619812,0.5624273419380188,True,0.0624273419380188,0.08666685219474637,3_0_0_1,15.04318011,1.491429289,1.204397314,8.612080624,ETI,combo_001,3,133.0578077,127.9515115,127.6386474,207.7913157,-0.167883696,0.116631684,1387.8158,254.2,100.6,,18.117965718502223,135.71892729235756,129.21867377055477,129.99046617991215,-0.2138274984044724,0.11663265209283995,1397.2601867430994,248.47611672482554
0,0,0,False,0.2548803687095642,0.7451196312904358,False,0.2451196312904358,0.08934733154042805,3_0_0_1,14.8491859,1.492056098,1.35858898,10.34391816,ETI,combo_001,4,135.5089123,128.7529626,131.0429027,207.3242825,-0.168219312,0.116231579,1393.196185,249.9,99.7,,20.17394032571138,136.46723844155125,129.25079919820485,130.8994748101203,-0.17848526574827162,0.11563827070136717,1395.6879826923894,249.33267084130875
1,1,1,False,0.7585720419883728,0.2414279580116272,False,0.2585720419883728,0.031272926672261454,3_0_0_0,15.27472939,1.483038343,1.392103771,0.755464166,ETI,combo_001,5,131.2967789,122.3632811,128.7605499,668.6316019,-0.485859869,0.107791299,1414.725414,225.500002,100.2,,21.264008384823526,136.9243252074045,129.41878134983594,131.71873248051034,-0.2651089805117731,0.11670267442926767,1410.2533308402674,251.17367127052265
1,1,1,False,0.6574438214302063,0.3425561785697937,False,0.1574438214302063,0.2011823626736599,3_1_1_0,15.92846369,1.51774187,2.041472172,6.082490935,ETI,combo_001,6,128.775253,117.7949668,127.8156479,521.7812231,-0.486847254,0.108731036,1395.832191,220.300002,104.4,,32.51751536584744,138.9847134995748,129.72736782755004,135.2865140837367,-0.3642094786139059,0.11533068254207413,1390.2567009649345,267.49004090920295
1,1,1,False,0.7421852350234985,0.25781476497650146,False,0.24218523502349854,0.07362588095163224,2_0_0_0,13.01854103,1.368136425,1.417840249,3.503766991,ETI,combo_001,7,129.2370838,117.6927532,123.8814428,626.4514998,-0.490779114,0.109292731,1514.995113,202.500002,88.7,,18.458211455591915,141.1928545692109,130.74419148926899,133.1863107199499,-0.4899204823310963,0.11447699870025428,1515.9905637000695,235.2692809033307
0,0,0,False,0.2802577614784241,0.7197422385215759,False,0.21974223852157593,0.08666685219474637,3_0_0_1,14.60121801,1.473129947,1.21920476,9.931366788,ETI,combo_001,8,135.2801556,129.2760594,128.9806883,207.3715744,-0.167434671,0.115720141,1408.339682,248.2,98.2,,17.80187449958973,136.36433303389137,129.39177930007008,130.24468991430444,-0.17875098443875792,0.1161173264131712,1413.0546508852246,242.88332485571567
0,0,1,True,0.7588788866996765,0.2411211133003235,False,0.2588788866996765,0.12860079680175562,2_0_1_0,13.70967132,1.43457374,1.653377999,3.388833431,ETI,combo_001,9,139.7867713,129.976551,133.744766,209.2302734,-0.165956051,0.113881321,1452.209374,242.7,93.9,,22.66726893400929,140.0659956075391,129.9991844281648,134.15604489581662,-0.1424351408404494,0.11362611912334866,1454.5915516633495,241.28770227233804
1,1,1,False,0.9418392181396484,0.05816078186035156,False,0.44183921813964844,0.07362588095163224,1_0_0_0,12.82516832,1.359032195,1.533112806,3.019852225,ETI,combo_001,10,129.3657698,117.3994505,125.9325704,664.4033744,-0.488325694,0.108942242,1529.910233,196.500002,88.0,,19.662429790497505,142.57301742384655,130.95385911233535,134.53216028871964,-0.49241723495195155,0.11370174254650205,1526.4682195492983,238.30066564027183
1,1,1,False,0.6407526135444641,0.3592473864555359,False,0.1407526135444641,0.07926104147180878,2_0_2_3,13.29249586,1.448235272,2.23598822,29.1827546,ETI,combo_001,11,131.2181995,120.7233748,130.1596048,802.6586877,-0.486175857,0.108173462,1403.047698,217.900002,101.4,,29.72186415735877,141.41497166951902,130.17445749799103,136.62995361442282,-0.4252712076802729,0.11124360077264056,1401.0702893968778,257.46975381633786
0,0,0,False,0.26064175367355347,0.7393582463264465,False,0.23935824632644653,0.13512858804121444,1_0_1_3,12.67955124,1.43604945,1.67345102,26.00431536,ETI,combo_001,12,141.7848597,130.6886475,134.8956478,208.4105923,-0.498791729,0.113295893,1392.722487,256.9,99.9,,21.218607955720262,139.48692126664662,129.81178941284207,133.5428349082802,-0.5048156107278402,0.11264865614643757,1385.0077257511214,250.39245165874723
1,1,1,False,0.7669433355331421,0.2330566644668579,False,0.2669433355331421,0.09228715195782743,1_0_2_3,12.95265018,1.44563069,2.366024825,29.46424091,ETI,combo_001,13,130.7142858,120.0456324,129.7323746,732.671627,-0.173703541,0.109173303,1396.112135,224.300002,100.6,,30.64629187542072,142.36961243255888,130.40219549030027,137.46632642692765,-0.49539829089145415,0.11105969474821224,1401.6773963888684,264.19473090668856
0,0,0,False,0.354841947555542,0.645158052444458,False,0.145158052444458,0.05294539876243013,2_0_0_3,13.83162155,1.466920467,1.268924447,26.18281564,ETI,combo_001,14,134.9438806,128.6307804,130.5185851,207.047073,-0.167820935,0.114132845,1362.975679,253.6,103.8,,17.551282726447035,136.75242767616484,129.51052210074488,130.01719528749413,-0.3563427172805343,0.11448822633608718,1369.7367863145712,244.97794986641077
1,1,1,False,0.680410623550415,0.31958937644958496,False,0.18041062355041504,0.06562137912124172,1_0_3_1,12.61476119,1.402892651,2.952771929,13.57036088,ETI,combo_001,15,133.370171,122.9644027,131.8113304,727.9614675,-0.488718345,0.108560879,1492.873134,224.400002,90.5,,37.24851273287063,144.79259336373462,131.2155011067988,139.76635218944352,-0.5007921033975874,0.1094747020442249,1494.9266510802952,272.0558691908399
1,1,1,False,0.7223456501960754,0.27765434980392456,False,0.22234565019607544,0.12486278342929588,2_0_3_1,13.2694741,1.423711392,2.985423587,11.22091178,ETI,combo_001,16,130.8736106,119.437387,130.3312397,768.6029662,-0.485898155,0.106521678,1480.891211,205.900002,92.7,,39.6150009652256,144.07064916545204,131.01072724719302,139.20581334964376,-0.4959228916474638,0.10995931918961471,1477.3207259365481,268.97237562305787
1,1,1,False,0.6419455409049988,0.3580544590950012,False,0.14194554090499878,0.07551131089090682,2_0_2_1,14.39463419,1.478862933,2.533048126,11.99979512,ETI,combo_001,17,132.2291737,123.046951,131.4344618,661.0218235,-0.488948877,0.111786892,1428.488087,235.800002,98.5,,36.46230115943503,140.96101976482544,130.1834407182744,137.1848915184892,-0.5190335861718891,0.1119495485970651,1423.5263758604628,259.331108777142
1,1,1,False,0.6588965058326721,0.3411034941673279,False,0.15889650583267212,0.053175127950049035,2_0_1_2,14.335073,1.446102704,2.020839608,15.7673288,ETI,combo_001,18,129.8609985,118.2940087,128.6466518,672.6048679,-0.179209398,0.108186677,1459.463523,205.900002,96.0,,28.968883301971385,140.87716696815318,130.3010554741944,135.97178291950547,-0.20343953084395316,0.11352567634382983,1454.6409622640044,252.0627209767704
0,0,0,False,0.0022620849777013063,0.9977379150222987,False,0.4977379150222987,0.05061529985112726,3_1_2_3,15.48350901,1.608598543,2.484463249,22.75758934,ETI,combo_001,19,138.0048661,129.1617486,135.4801542,206.2725771,-0.174350678,0.109981109,1275.368621,284.2,114.8,,38.468209100905376,136.03588611297906,128.3017026208298,134.06507193585603,-0.3381812121055774,0.11137196525135055,1280.9739886134264,278.75553613190766
0,0,0,False,0.2611709237098694,0.7388290762901306,False,0.23882907629013062,0.05111414982370954,2_1_3_3,13.85637216,1.558075652,2.987917075,28.65094923,ETI,combo_001,20,136.0474448,127.9101249,134.7912547,206.2103894,-0.169208684,0.109125003,1303.335629,275.6,108.8,,41.40169097441863,138.5859688620362,129.08615554516834,136.4696919946673,-0.3527643828057845,0.10834508850221446,1306.2396941419859,279.95827201455705
1,1,1,False,0.9999925494194031,7.450580596923828e-06,False,0.4999925494194031,0.1938276319222537,2_0_3_3,14.30234158,1.009941844,2.905782133,28.78378176,ETI,combo_001,21,116.5502855,98.31101762,114.8515198,828.63058,-0.219630285,0.090715107,2060.329978,111.600002,81.7,,41.559488623227,157.33913265080378,137.64574711014853,147.43979531314852,-0.37886029853666964,0.11296898604589947,1943.3156473130862,271.5002831347749
0,0,0,False,3.81174629637826e-08,0.999999961882537,False,0.49999996188253704,0.33544387954373744,1_3_3_2,12.96846748,2.859067033,2.9563948,16.21388672,ETI,combo_001,22,117.2437577,108.637478,115.5187242,146.4830675,-0.488568492,0.113927897,612.795724,391.5,161.3,,38.339909821841104,118.21768666336587,109.09877706220558,117.20020422144978,-0.37920653673312876,0.1203886488701091,615.6239605054174,391.0662446545752
0,0,0,False,0.3484836220741272,0.6515163779258728,False,0.1515163779258728,0.1575404711261321,0_0_0_3,11.44054414,1.343704387,1.21957385,23.76388131,ETI,combo_001,1,139.6357651,130.7673219,128.7691156,209.9062082,-0.509519116,0.113354191,1450.068483,237.7,93.5,Itr_11,13.952588462914738,140.70878655266384,130.72105711517767,131.00825607758236,-0.4481231252860593,0.11408553257324122,1465.9806694876015,239.13818300171175
1,1,0,True,0.4852275252342224,0.5147724747657776,True,0.014772474765777588,0.07206998297265725,1_0_0_3,12.9328598,1.408649161,1.338496616,25.97134308,ETI,combo_001,2,131.1959539,122.2565811,126.8925675,576.289269,-0.491262894,0.107566576,1415.132188,232.600002,98.5,,17.310589077502435,139.3374281588876,130.37537059228245,131.52532679204984,-0.5176932488603417,0.11449732153747182,1417.0351044590386,241.26431498989723
1,1,0,True,0.42954984307289124,0.5704501569271088,True,0.07045015692710876,0.12052773084609597,2_0_3_1,13.69840814,1.463805097,2.872224697,8.551480628,ETI,combo_001,3,132.7563005,123.2162553,131.9762771,540.6777571,-0.48773907,0.11052499,1437.154486,242.500002,96.1,,39.344906169293836,142.07957504882174,130.34378439242155,138.12850039727283,-0.15346579647029868,0.11049116385255077,1436.3708237847677,265.63682909983737
1,1,1,False,0.739715576171875,0.260284423828125,False,0.239715576171875,0.12341728997378867,3_0_0_1,14.52165403,1.456520627,1.605188873,10.19555145,ETI,combo_001,4,130.9872601,121.3851989,129.1548112,699.4560254,-0.175422578,0.112017116,1437.331068,226.100002,97.7,,23.309997466511607,139.3054144238202,129.98397169320003,133.4513106727229,-0.2111276715618583,0.11496217653602482,1434.0319020162315,245.4683849240932
1,1,1,False,0.5339800119400024,0.46601998805999756,True,0.03398001194000244,0.13812354809253405,2_0_1_3,14.23442032,1.490279294,1.874689402,25.14148138,ETI,combo_001,5,133.6762389,125.1405066,131.6032463,694.2900278,-0.175097051,0.113230064,1367.807105,249.600002,105.6,,26.685116917517448,138.65920181520917,129.59650687086992,134.22894384911658,-0.22757998580778394,0.11317688347384927,1363.7853126431514,257.455841766634
0,0,0,False,0.36854857206344604,0.631451427936554,False,0.13145142793655396,0.08938898318074857,3_1_2_3,14.86283622,1.545575154,2.303921259,25.12044664,ETI,combo_001,6,136.5756672,128.5623327,134.2410506,209.3173528,-0.169878708,0.110823418,1319.68822,275.9,110.3,,34.242804336293204,138.4144029798086,129.26320449711648,135.40276574086226,-0.48267852865415856,0.1118875198264768,1323.691750126257,268.53322233960597
0,0,0,False,0.38412219285964966,0.6158778071403503,False,0.11587780714035034,0.12953313995245022,2_1_3_3,13.65600339,1.501959343,2.561252747,24.15743466,ETI,combo_001,7,139.7963139,129.697351,136.7150009,209.9420114,-0.169939339,0.11044813,1352.838449,270.0,105.0,,34.97647619567881,140.14358900034463,129.66141066876173,136.71568340609096,-0.2684362659912122,0.11006043494403661,1361.382805470772,264.2230687856976
0,0,0,False,0.18830768764019012,0.8116923123598099,False,0.3116923123598099,0.08492800250489103,2_1_3_3,13.46720093,1.520229395,2.89623665,26.20154098,ETI,combo_001,8,140.0997905,129.7844535,137.3670549,207.698276,-0.168941464,0.108468277,1336.310325,270.7,106.1,,39.004200906380085,139.7650501037918,129.4662495245343,136.8715040896485,-0.5688379298497339,0.10914201790502212,1334.361252684793,273.12422531462926
1,1,1,False,0.7750314474105835,0.2249685525894165,False,0.2750314474105835,0.11310637943224443,2_0_0_2,13.80515153,1.403064304,1.346316526,15.38321776,ETI,combo_001,9,129.2337182,117.9612057,124.5928565,838.7003838,-0.174859805,0.109038569,1483.298579,209.600002,92.4,,18.586103648773186,139.74351668771283,130.57278600827382,131.8733368604081,-0.24425998874426177,0.11530187292215831,1486.4752637267086,238.31329914923435
0,0,1,True,0.8102633357048035,0.18973666429519653,False,0.31026333570480347,0.07406025098924182,3_1_3_3,15.37611358,1.606705617,2.961592913,28.47496872,ETI,combo_001,10,139.3174469,129.6193179,137.243055,207.8463494,-0.173581977,0.109813297,1279.751543,289.8,115.2,,45.53778900801106,137.0560226339513,128.82053031279196,135.51805369495,-0.2157600741627878,0.10967435400365068,1282.0359926378067,288.7231464099714
0,0,0,False,0.37317854166030884,0.6268214583396912,False,0.12682145833969116,0.12595809735163851,1_0_2_3,12.52807735,1.455957852,2.430600164,25.25267195,ETI,combo_001,11,145.9462748,131.3546271,139.0982805,209.4074299,-0.498238689,0.109924024,1382.84954,265.4,100.0,,30.450746861514684,141.56208150817963,129.90514403727323,137.2046273146846,-0.514224299900375,0.11005184532795369,1376.3906013267829,262.2353660811992
0,0,1,True,0.5670214891433716,0.4329785108566284,True,0.06702148914337158,0.1042694202959369,3_1_1_3,15.48971721,1.556215553,1.885940426,27.97349695,ETI,combo_001,12,139.2583477,130.065045,134.6514721,209.0423726,-0.488103828,0.113771743,1319.69461,276.8,112.2,,29.21268387364693,136.235125516366,128.76613816883395,133.01464646341526,-0.1941682716361686,0.1138088036084166,1310.537064837011,268.34046080397763
0,0,0,False,0.35595616698265076,0.6440438330173492,False,0.14404383301734924,0.1108284982583981,2_0_3_0,13.85672193,1.482261926,2.912565883,0.515923256,ETI,combo_001,13,138.8813123,129.2248384,136.5738035,209.6750326,-0.167518166,0.109125593,1416.784582,260.2,98.4,,40.35861554353592,141.3172365151475,130.05106944851292,137.85797598640767,-0.5111821728878382,0.11046126238769889,1417.2154589314357,265.0890066422529
0,0,1,True,0.5058534741401672,0.49414652585983276,True,0.005853474140167236,0.12193939083506573,3_1_2_2,14.98365847,1.516475977,2.309589628,18.59482091,ETI,combo_001,14,136.8037876,128.7144102,134.2683266,208.811223,-0.168542136,0.112854509,1388.786323,259.5,101.7,,34.60610219180635,139.35811986759262,129.77720339916252,136.0449412571912,-0.27151899520309253,0.11244586118436597,1385.8824754617635,263.4441846960592
0,0,0,False,0.46187037229537964,0.5381296277046204,True,0.03812962770462036,0.09309148841825562,1_0_2_0,12.61858694,1.402998161,2.301768956,6.956739884,ETI,combo_001,15,146.0824467,131.3281381,139.5847976,209.5139467,-0.504083578,0.111630961,1488.647657,271.3,89.9,,29.045071687079037,143.95310741081755,130.7276439413911,138.28099599523128,-0.506963965704391,0.11104887623499377,1484.7604368049347,251.6425293991603
0,0,0,False,0.2761942148208618,0.7238057851791382,False,0.22380578517913818,0.06519961429264638,1_0_2_1,12.8352029,1.40332374,2.113021446,12.32192965,ETI,combo_001,16,143.0369416,130.6343413,137.258022,209.0991696,-0.502480866,0.112077731,1486.634037,243.0,91.2,,27.121058991461393,143.12083334254112,130.6533631571035,137.2908247933604,-0.47338752876439233,0.11176069252946362,1483.4095619945851,250.79248570168792
1,1,1,False,0.9059723615646362,0.09402763843536377,False,0.40597236156463623,0.08325782282251139,2_0_1_1,14.25485507,1.445157671,1.802822335,13.71021871,ETI,combo_001,17,130.8102856,120.6152727,129.4402696,594.6938472,-0.176604542,0.109797443,1453.707766,216.000002,96.1,,25.69897110238399,140.18196998470128,130.2867048528744,134.92856116236067,-0.22681167352686313,0.11418467784147855,1452.51993585148,244.6852804246114
0,0,0,False,0.316305935382843,0.683694064617157,False,0.18369406461715698,0.15163763545271797,3_1_2_0,14.77697228,1.507880819,2.142154505,4.520402883,ETI,combo_001,18,138.2067219,129.3239779,134.8488134,208.6998021,-0.493274098,0.112479883,1395.560297,257.2,100.6,,31.654557739862124,139.33543763755628,129.44313833036603,135.653498652079,-0.1990269782876113,0.11307897256498427,1393.4530536441423,254.72681724179822
0,0,0,False,0.1632571518421173,0.8367428481578827,False,0.3367428481578827,0.05117266187449351,3_1_3_2,15.65032999,1.617521127,2.821529337,15.11379552,ETI,combo_001,19,137.3473612,128.7198923,135.6051479,204.9334742,-0.170719806,0.110241766,1303.413713,278.2,109.4,,44.157865200515914,136.35567696005552,128.3968823393548,135.39118303645174,-0.35696888395015,0.11080127051289153,1302.744219369483,283.4866794942383
1,1,1,False,0.9999982714653015,1.7285346984863281e-06,False,0.4999982714653015,0.1938276319222537,3_0_3_3,15.37713863,1.002240532,2.78222554,27.96003809,ETI,combo_001,21,116.5466541,98.93956164,114.9214355,776.8859764,-0.443771746,0.089174589,2105.785965,114.800002,84.1,,42.78266782850661,159.38854987343734,138.04149711133462,147.34360400971786,-0.5075955655803417,0.12177328941533522,1992.3912106674052,258.85969869368114
0,0,0,False,5.7376934314845585e-09,0.9999999942623066,False,0.49999999426230657,0.10409336688503787,1_2_2_0,11.81209849,2.046054561,2.192948242,4.589976549,ETI,combo_001,22,127.2213228,117.6216652,125.4958742,171.3097013,-0.492641544,0.108536819,926.9394632,293.3,125.3,,25.903320617976355,125.98153426097294,116.14785610286735,124.15383624790087,-0.49668955260086345,0.10853951235857356,923.5593151809694,292.0847443522207
1,1,1,False,0.5344963073730469,0.4655036926269531,True,0.034496307373046875,0.19894681033067216,0_0_1_2,10.65020236,1.341619709,2.06931548,21.12665155,ETI,combo_001,1,131.1705517,118.9855025,128.9269795,830.4160929,-0.180486338,0.103714588,1516.677866,187.900002,83.1,Itr_12,22.038628608680533,145.66025949407387,131.21733719182956,137.82125516312297,-0.5210871010274547,0.10863456236999464,1481.8351192673892,254.8967956181569
0,0,0,False,0.4815347194671631,0.5184652805328369,True,0.018465280532836914,0.11590723373516537,3_1_2_3,15.75473903,1.577802925,2.192853069,26.90307874,ETI,combo_001,2,137.6471155,129.2137564,134.754465,209.4152606,-0.171553619,0.112328499,1299.279373,284.9,113.9,,34.54782783322958,136.46770412586736,128.7266113114751,133.917672267715,-0.4389764713267794,0.11285795354756718,1295.501955601766,274.7015553955721
1,1,0,True,0.1938093602657318,0.8061906397342682,False,0.3061906397342682,0.09105337555295687,3_0_0_2,15.41206622,1.497978117,1.381544485,20.2702094,ETI,combo_001,3,129.080094,118.5393619,125.7305917,646.3136096,-0.175087403,0.109869484,1399.901428,212.800002,101.2,,21.292455088695796,136.6903827364754,129.5526501730716,131.6919118628695,-0.1803160587013862,0.1162687809734633,1382.6722677821588,259.64811820702954
1,1,1,False,0.5887404680252075,0.4112595319747925,True,0.08874046802520752,0.1030441095288386,3_0_1_2,15.10650385,1.491782513,1.859885516,15.81478375,ETI,combo_001,4,130.2097681,120.395266,129.0319095,553.9221658,-0.172710906,0.113077156,1406.280205,235.800002,100.8,,28.096367708013236,138.43803254248675,129.6754625353709,134.29974263544167,-0.26585069312984994,0.11477960312316114,1409.789518534238,257.4454821296439
1,1,1,False,0.6871902942657471,0.31280970573425293,False,0.18719029426574707,0.08325782282251139,3_0_1_1,14.6562323,1.469216856,1.802339584,12.26772718,ETI,combo_001,5,130.596591,120.5900559,129.3643626,667.2356176,-0.173950609,0.112261042,1428.01657,226.400002,97.9,,26.415507626589363,139.8649043315131,130.01075999737202,134.63377215609572,-0.1804659073886987,0.11444329526509023,1426.226064054413,249.0314114640674
1,1,1,False,0.5610577464103699,0.4389422535896301,True,0.06105774641036987,0.11892075283644565,1_0_0_2,12.88968682,1.36259268,1.276711149,15.86831779,ETI,combo_001,6,130.65647,120.6571292,126.6832607,582.9113026,-0.172921182,0.112190104,1520.158614,214.700002,88.0,,16.456406870212355,140.59600060335137,130.87400691756565,131.50135405615393,-0.4750164559799287,0.11483198163897186,1520.5376638137627,234.6159990603055
1,1,0,True,0.48646727204322815,0.5135327279567719,True,0.01353272795677185,0.10580317746108678,2_0_0_3,13.85711385,1.453975457,1.620151769,23.52787037,ETI,combo_001,7,130.2537695,120.0200868,127.9930065,733.8945816,-0.487927395,0.110812644,1387.319743,229.800002,102.9,,22.4506275173119,139.29623148032195,130.0475002072456,133.31849876993945,-0.16349456624157982,0.11382261697438434,1400.383385309272,248.8212515550147
1,1,0,True,0.06569608300924301,0.934303916990757,False,0.434303916990757,0.07700237582830324,3_1_0_2,15.59804771,1.519266405,1.530711168,21.25934471,ETI,combo_001,8,131.2684749,122.5797201,129.2561241,845.8414551,-0.178881503,0.112064084,1346.638866,240.000002,110.8,,23.876105828693827,136.65531171099116,129.36739912476466,132.38422672500042,-0.3011312152338436,0.11560667846132613,1360.4796100828698,265.10691021718645
1,1,1,False,0.5831652879714966,0.4168347120285034,True,0.08316528797149658,0.07926104147180878,2_0_2_3,13.32258579,1.471004305,2.20228809,26.90255111,ETI,combo_001,9,136.7989576,127.7447489,133.8945917,819.0622229,-0.493017109,0.114702531,1377.964538,266.100002,102.5,,29.34017201332024,140.6924535281268,129.88378741311425,136.1820349312595,-0.5103200101025993,0.11157083181012838,1372.7467138209875,260.60286111380674
1,1,1,False,0.510306715965271,0.489693284034729,True,0.010306715965270996,0.13769178136230373,1_0_1_1,12.96655388,1.383609483,1.675593871,11.52125232,ETI,combo_001,10,130.6461629,120.2659379,127.769091,584.7794563,-0.175105679,0.110773573,1498.202588,214.700002,90.0,,21.726678209319267,141.91162659072373,130.75365554729507,134.90986746088024,-0.47201355963823877,0.11360370197531532,1502.528003789278,236.6661703614286
0,0,1,True,0.7171558141708374,0.2828441858291626,False,0.2171558141708374,0.08662608115607942,2_0_0_2,13.09316515,1.386599549,1.543180053,17.5571729,ETI,combo_001,11,139.2697408,129.8668423,132.7985753,209.8287363,-0.502862175,0.114200673,1495.424895,235.5,89.9,,20.205111290114754,141.55136678589744,130.83652298494053,134.25241522684857,-0.35860463777184676,0.11419427140189811,1497.4061277587225,241.0008549585431
0,0,0,False,0.22362938523292542,0.7763706147670746,False,0.2763706147670746,0.14123375720254983,1_0_1_2,12.66062067,1.404052251,2.010606274,18.29981488,ETI,combo_001,12,144.2638583,131.0515243,137.4957001,207.9266823,-0.503143108,0.111717656,1482.218727,236.7,90.1,,25.455523351836085,142.7092531431919,130.66173252919526,136.37774838764554,-0.5056409287718576,0.1120379600073126,1475.2383415634558,249.38454380214833
0,0,0,False,0.3708835244178772,0.6291164755821228,False,0.1291164755821228,0.06519961429264638,1_0_2_1,12.86294603,1.400779796,2.172867737,13.99832747,ETI,combo_001,13,143.5309109,130.7270824,137.5480229,209.7570793,-0.502864067,0.112134951,1491.356671,242.7,90.3,,27.94948043135923,143.4610587242073,130.75998019925177,137.6369088913649,-0.4349583416111895,0.11161511667211364,1489.0424090557538,252.27041562383823
1,1,0,True,0.3315248489379883,0.6684751510620117,False,0.16847515106201172,0.11310968152274968,3_1_2_2,14.57053365,1.500461701,2.158021842,20.23080874,ETI,combo_001,14,130.2357803,119.643081,129.3756018,701.5232007,-0.483836481,0.105003446,1359.602959,225.900002,106.7,,31.443529866295986,139.41709414086915,129.72567608499963,135.4224126274727,-0.4999347911086733,0.11283439739910375,1390.0889774903455,258.9706791649448
1,1,1,False,0.6747978925704956,0.3252021074295044,False,0.1747978925704956,0.14282070316006995,3_1_3_1,15.0477642,1.531001478,2.783442618,10.09906361,ETI,combo_001,15,131.2119048,121.9000279,130.9246485,696.5617315,-0.48899653,0.11297069,1374.972409,250.000002,103.0,,41.88458817989468,139.70584770944242,129.85670592405813,137.05184146581954,-0.2748998644050323,0.11093070622170464,1381.7722597381248,265.2455603478957
1,1,1,False,0.9903764724731445,0.009623527526855469,False,0.49037647247314453,0.05083599678467241,2_0_2_0,14.15849871,1.42699362,2.261467179,0.941323721,ETI,combo_001,16,125.9233767,112.0469303,124.7685455,604.1423394,-0.488001707,0.104462655,1474.145406,194.000002,95.3,,32.01898013657884,142.94313866936147,130.79527913492112,137.8167619856452,-0.2206754215295126,0.11311826970851532,1473.4966863771563,250.06959301159893
1,1,1,False,0.670313835144043,0.32968616485595703,False,0.17031383514404297,0.05143733425829278,3_1_3_2,14.82219163,1.505395405,2.614255714,15.52348371,ETI,combo_001,17,131.6230333,122.5864985,131.118535,587.9249699,-0.172135422,0.112561844,1401.429783,245.800002,101.5,,38.74899916273048,139.95548917434243,129.99278380095657,136.8319654957411,-0.3407536819137498,0.11169894290847095,1404.196028666389,265.37575343419263
1,1,1,False,1.0,0.0,False,0.5,0.1744803433226767,3_0_3_0,15.75822788,1.010249523,2.844952613,3.211280848,ETI,combo_001,18,114.5032994,96.72003709,113.4002833,634.0858687,-0.448577768,0.091170072,2158.495452,112.800002,80.1,,44.83141158345545,160.11702788832312,137.27229701909548,146.97662073624156,-0.2236918514943306,0.11839475795870301,1982.0769157093312,269.0647321499656
1,1,1,False,0.9999988675117493,1.1324882507324219e-06,False,0.49999886751174927,0.24636062174293583,3_0_3_1,15.56253915,1.023327325,2.971822626,11.93848075,ETI,combo_001,19,115.5320667,98.32973563,113.989415,809.9294024,-0.222924436,0.089209351,2144.44811,114.000002,80.2,,46.2491059639808,158.36311082895628,137.49925962878243,146.62583700868635,-0.26836101025664005,0.1215799791168885,1980.6771689421,258.3448146401815
1,1,1,False,0.9932306408882141,0.006769359111785889,False,0.4932306408882141,0.12743432774812283,2_0_1_0,13.41488573,1.304313847,1.862028997,6.296123067,ETI,combo_001,20,123.2628668,107.5036711,119.6327429,781.5935232,-0.482758852,0.09859333,1620.303691,151.800002,86.8,,24.97890622070151,147.02516946389994,132.27568439197293,137.77544631732104,-0.3809216179875379,0.11446098526895132,1597.055506859046,240.01167576939343
