accuracy,tp_precision,tp_recall,tp_f1,confusion_matrix_labels_NoTP0_TP1,tmax_mae,tmax_rmse,tmax_r2,tmax_eval_n,model,fold,cv_model_group
0.8571428571428571,0.8,0.9230769230769231,0.8571428571428571,"[[12, 3], [1, 12]]",1.6993861484129107,2.285578689227423,0.998456834719838,15,gp,0,gp
0.9285714285714286,0.9230769230769231,0.9230769230769231,0.9230769230769231,"[[14, 1], [1, 12]]",1.4575516880350923,2.054955848864133,0.9980392874620482,15,gp,1,gp
0.9285714285714286,0.8666666666666667,1.0,0.9285714285714286,"[[13, 2], [0, 13]]",2.543640105964918,2.8786364555079738,0.9963443125956101,15,gp,2,gp
0.9285714285714286,1.0,0.8461538461538461,0.9166666666666666,"[[15, 0], [2, 11]]",1.4913585860244174,1.8480682197269334,0.9989205671891666,15,gp,3,gp
0.9285714285714286,0.9285714285714286,0.9285714285714286,0.9285714285714286,"[[13, 1], [1, 13]]",2.261057527441161,2.812373559193121,0.9965415224317297,14,gp,4,gp
