accuracy,tp_precision,tp_recall,tp_f1,confusion_matrix_labels_NoTP0_TP1,tmax_mae,tmax_rmse,tmax_r2,tmax_eval_n,model,fold,cv_model_group
1.0,1.0,1.0,1.0,"[[14, 0], [0, 14]]",1.7802043337510358,2.25488008863518,0.9954394720761333,14,gp,0,gp
1.0,1.0,1.0,1.0,"[[14, 0], [0, 14]]",1.606381213250265,2.113423434861063,0.9932267148054291,14,gp,1,gp
1.0,1.0,1.0,1.0,"[[13, 0], [0, 15]]",1.737252486381434,1.9350290609636185,0.9982566862529516,13,gp,2,gp
1.0,1.0,1.0,1.0,"[[13, 0], [0, 15]]",2.08785546281114,2.6454919964890227,0.997512631007902,13,gp,3,gp
0.8928571428571429,0.875,0.9333333333333333,0.9032258064516129,"[[11, 2], [1, 14]]",1.6004482674152707,2.0371163337043954,0.9965526235067538,13,gp,4,gp
