A_Cell_D,C_Barrier_Thx,E_Barrier_Outer_Thx,F_ThermalResin_Thx,B_Barrier_Type,D_Barrier_Outer_Type,discrete_combo_id,selected_model_kind,p_tp,p_notp,boundary_score,clf_uncertainty_raw,clf_uncertainty_scaled,tmax_pred_given_notp,tmax_std_given_notp,tmax_scaled,notp_window_score,local_sparsity,combo_priority,acq_boundary,acq_notp_high_tmax,acq_uncertainty_sparse
15.181523738916603,1.2658004119257371,1.8124151148672785,0.6636924393245746,A2,PU,combo_011,gp,0.500969643793012,0.499030356206988,0.998060712413976,0.14274520764066626,0.7654120866264424,287.8486782192925,11.153356385796522,0.4178203816417204,0.0,0.6787862848730782,0.9375,0.9147344382015995,0.49151681365676325,0.6412858861210956
12.888919250519507,1.0431420613993725,1.827250398408726,0.5353122958537432,A1,PU,combo_007,gp,0.49891840242912266,0.5010815975708773,0.9978368048582453,0.14589257726372235,0.7823820292831608,295.7435626039552,11.168783364696004,0.4826163351889297,0.0,0.6061885043965466,0.9375,0.9078904875936897,0.5297353753557995,0.6367598019022176
15.32486603986619,0.6037689622135423,2.8484528969938445,1.2726761419946557,A1,Si1,combo_008,gp,0.5017598649453534,0.4982401350546466,0.9964802701092932,0.14914066281880675,0.7998950106661278,280.0458284235831,10.905426868132164,0.3537797867115595,0.0,0.5803476175786598,0.9375,0.9064155835562278,0.4348971510783992,0.6317732815484892
14.23046505116707,1.1427717405664186,2.0960834551448615,1.049790465317396,A2,PU,combo_011,gp,0.4955139931910786,0.5044860068089214,0.9910279863821572,0.15567825832611404,0.835144324905902,290.0043494413275,9.234240593995395,0.4355126954946491,0.0,0.560922665354797,0.9375,0.9059821904660054,0.47704124481541527,0.5952542335381694
12.928320939824395,1.0029666884904307,1.6987540529874448,0.9707927890561125,A1,PU,combo_007,gp,0.4954547102724245,0.5045452897275755,0.990909420544849,0.15806611055943243,0.8480191125302368,296.48185727805844,9.482515130835193,0.4886757662174932,0.0,0.5295647652731764,0.9375,0.9038447296760507,0.5130696936878263,0.6018820370054809
14.419169337974026,0.963274981067548,2.847979939230971,0.6612261832248469,A2,PU,combo_011,gp,0.49962867761811514,0.5003713223818849,0.9992573552362303,0.13743929590064802,0.7368037473611331,286.9140902076221,10.642908819563626,0.41014990561706627,0.0,0.6123147138774764,0.9375,0.9026800644891051,0.47549097792795725,0.6072695227869394
12.334997593561503,0.9561278546744263,1.9703187592187974,1.3390768265703739,A1,Si1,combo_008,gp,0.4956746556633327,0.5043253443366673,0.9913493113266654,0.15404386814011772,0.8263320432050545,284.95834726475556,8.758896574311391,0.3940984699402565,0.0,0.5409315149780782,0.9375,0.902302664879829,0.44231854969121076,0.5761035846917625
13.8784887630331,0.911131999617533,2.349003261621635,0.703316875777539,A1,Si1,combo_008,gp,0.5009874519746553,0.49901254802534467,0.9980250960506893,0.14714628217482595,0.7891417375468556,279.1677351857699,10.220017317154484,0.34657298216886173,0.0,0.5368130878070541,0.9375,0.9001711114775878,0.4201153386024852,0.6026368693749755
14.376297332203432,1.015836032215983,2.6051997071403807,0.8522204877360544,A2,PU,combo_011,gp,0.48912590439404013,0.5108740956059599,0.9782518087880803,0.15345513666360083,0.8231577292244182,287.61982567470625,9.508722606892848,0.4159421123567417,0.0,0.5815015370072233,0.9375,0.8992061815809914,0.4675556615765296,0.6016915380709381
12.7122008045834,1.026155054598282,1.1111857315340552,2.359871810154162,A1,Si2,combo_009,gp,0.5044802457611315,0.4955197542388685,0.991039508477737,0.124575841778683,0.6674467588403149,285.5596344438989,12.125086073491056,0.39903343468831465,0.0,0.6824114562841819,0.9375,0.8963242320465339,0.4863609853970787,0.6342556082406785
14.046450921722403,0.7269960888802902,2.229322050697572,1.5046257681899116,A1,Si3,combo_010,gp,0.5079325159574122,0.4920674840425878,0.9841349680851756,0.15175599471871615,0.8139963199132615,284.19600151821714,8.842392114691702,0.38784164372560304,0.0,0.5343738962582105,0.9375,0.8953236757705905,0.4379388309164382,0.5730978137978056
15.737149374951613,0.793074082092519,2.2909528512772326,0.8482546674158009,A1,Si3,combo_010,gp,0.4960878313543722,0.5039121686456278,0.9921756627087444,0.1474873810355033,0.7909808695202861,278.9312601332841,11.920602256091346,0.34463215241514045,0.0,0.5213102208144657,0.9375,0.8949899528935901,0.4305638320930141,0.6477058990776621
15.373299686385074,0.7217669073779043,2.988011760990859,0.5726079344066489,A1,Si1,combo_008,gp,0.49505905466510924,0.5049409453348908,0.9901181093302185,0.117507785264271,0.6293373125060296,276.5289313976046,13.2675930642584,0.32491543794816,0.0,0.7105477414132041,0.9375,0.893646958957568,0.44626591569618956,0.656546393058141
13.20569715069896,1.0938393818219212,1.35992112627269,0.827441661049469,A1,PU,combo_007,gp,0.5078184855324981,0.4921815144675019,0.9843630289350038,0.14314361891255312,0.7675602348414415,295.2175218068551,10.681947798751827,0.4782989426354614,0.0,0.5725951686859816,0.9375,0.8933671714500061,0.519529983660745,0.6131495818130352
14.164089922020302,0.9967150326105781,1.624837468933886,1.3199199232266152,A1,Si1,combo_008,gp,0.5054234250846843,0.4945765749153157,0.9891531498306314,0.15625084709087986,0.8382316008434901,281.91967512921156,9.612849945583568,0.3691590726107134,0.0,0.44746896931036306,0.9375,0.8908644078628205,0.42222215230671256,0.5897250716103949
13.123997455382757,0.9958585984599534,2.1736490325772433,0.657158214572332,A1,Si1,combo_008,gp,0.4959195943932837,0.5040804056067163,0.9918391887865674,0.14495314922906916,0.7773168346007839,280.5397416444285,10.069364013640124,0.35783349751401583,0.0,0.5029472169492,0.9375,0.890398862679148,0.42342779555507837,0.5892766642538698
15.710204611505088,0.9155754299691505,1.3924813296102325,2.1169999606374943,A1,Si1,combo_008,gp,0.506344597336378,0.49365540266362196,0.9873108053272439,0.1212341514382764,0.6494290805105146,281.7616664400059,12.21227340489636,0.3678622425132753,0.0,0.6738201495808702,0.9375,0.8903076103178481,0.46436683907745535,0.6290575908760752
12.151978156261343,1.2621111739950803,1.238963551582537,0.9358329708086545,A1,Si1,combo_008,gp,0.49232673063050214,0.5076732693694979,0.9846534612610043,0.13162765091627596,0.7054686027999311,284.9931598446721,10.781928719908715,0.3943841884132861,0.0,0.6185637907507763,0.9375,0.8900872331910111,0.46617182491293796,0.6010613784125526
15.458096393398783,0.726101394352426,2.466401604612428,0.634576249125756,Si1,PU,combo_001,gp,0.49528929308260494,0.5047107069173951,0.9905785861652099,0.15000943288159546,0.8045792327032848,284.1227508939631,10.72801786925319,0.3872404513819013,0.0,0.47207370081646294,0.9375,0.8898017905278917,0.4460987535242251,0.6122945227319868
15.700356754440534,0.5663811897149141,2.8488317413402804,0.7831678854145221,Si1,PU,combo_001,gp,0.4990711063649469,0.5009288936350531,0.9981422127298938,0.14778469183757148,0.7925839056636613,284.3493395990904,10.878215308275918,0.3891001405801717,0.0,0.4413908120911718,0.9375,0.8885907809654603,0.445511983174805,0.6076228012544438
13.051739350824523,0.9753725750952068,1.8211308811453717,0.8330866185663175,A1,PU,combo_007,gp,0.518751000135893,0.48124899986410696,0.9624979997282139,0.16246650193642473,0.8717450800135755,296.17666752385776,10.00287307120638,0.4861709719516407,0.0,0.5049208284119422,0.9375,0.8873567274628461,0.5129391311408489,0.6207946900338146
13.312776880988002,1.2065855686504008,1.4272700007257875,0.6076850824861533,A1,Si1,combo_008,gp,0.49971080106443366,0.5002891989355663,0.9994216021288673,0.13702922657256356,0.7345927414049546,281.3191182620102,11.377047600770178,0.3642301017767346,0.0,0.48802591747219104,0.9375,0.8865993189551234,0.43668457899841245,0.6080345531387397
13.732541641870167,0.9124302296188015,1.3336348133952969,2.353401565968579,A1,Si2,combo_009,gp,0.4996652485244364,0.5003347514755636,0.9993304970488728,0.13290342021845875,0.7123472775328408,285.314797822742,10.448831250420671,0.39702397874720424,0.0,0.5088068515901295,0.9375,0.8858578609517469,0.4544276473149702,0.5778481944902137
14.589065681481243,0.7587366052511161,2.168108686033168,1.2523876323270293,A1,Si3,combo_010,gp,0.519078193820576,0.48092180617942404,0.9618436123588481,0.15799334449333982,0.8476267734926161,282.8920666670949,9.656788251745114,0.37713981480382175,0.0,0.522831465069339,0.9375,0.8856332271737477,0.43569003785652105,0.6055256639370084
10.729505527860471,1.0990161281497888,1.683119781077061,0.7983473140282382,A1,PU,combo_007,gp,0.5010698201988979,0.4989301798011021,0.9978603596022042,0.12442829756713492,0.666651232064254,309.9525226989759,9.987977789882311,0.5992340174009341,0.0,0.5552869237588922,0.9375,0.8840549315522083,0.5970028764814727,0.5561572715235763
12.283533015886103,0.8375190391089254,2.502592444330805,0.9691079567369485,A1,Si1,combo_008,gp,0.5092787613475238,0.4907212386524762,0.9814424773049524,0.14286537969912377,0.7660600286177565,285.7916322407819,9.667136805539062,0.4009375181096106,0.0,0.514249672925545,0.9375,0.883965361587117,0.45157153438160164,0.5759745263981655
14.19494962625896,1.0675376732828974,1.250982834095414,0.9399555530978758,A1,PU,combo_007,gp,0.5061462465134596,0.49385375348654037,0.9877075069730807,0.13930768182399883,0.7468776839422124,291.3431554367059,11.08153355178103,0.44650072354655945,0.0,0.5047323442790725,0.9375,0.8836022431358965,0.4936235215558553,0.606716273280383
15.319776686691092,0.7266272105408758,2.7383751795175657,0.5601373178356008,A1,PU,combo_007,gp,0.5138351916536834,0.4861648083463166,0.9723296166926332,0.14845323322174703,0.7961885375664393,285.72050835648145,12.9644574071553,0.4003537806311768,0.0,0.5170472509387208,0.9375,0.8834191770617695,0.47734170672116144,0.6775857489381915
14.375208903799308,0.6240860174758682,2.832072951314683,1.304308701210435,A1,Si1,combo_008,gp,0.48743851621400935,0.5125614837859906,0.9748770324280187,0.14782721601567117,0.7928131869208068,281.75791727204205,9.862196688963845,0.3678314718393312,0.0,0.5090320261514718,0.9375,0.8834066456671047,0.4294076485452347,0.5899178740939481
9.333668507222761,1.0831412497931832,2.0475140795512625,0.9638808711047928,A1,Si1,combo_008,gp,0.500941541159782,0.49905845884021804,0.9981169176804361,0.10830486387743743,0.5797171321926643,296.9209241666365,10.66998416404769,0.4922793348488072,0.0,0.6501925916719782,0.9375,0.8832679412869363,0.5369820313195186,0.5587152171717744
15.560691990693261,0.7387910634384469,1.9739533947426637,1.614077437702396,A1,Si3,combo_010,gp,0.4809944060549469,0.5190055939450531,0.9619888121098938,0.1566058104376355,0.8401454871552704,283.8903816418925,9.0736264084158,0.38533331930379033,0.0,0.5085315074569103,0.9375,0.8827741834794335,0.4354150105575655,0.5847305236701554
15.317548274868352,0.886672675397436,1.951195643926345,0.6907633699142464,Si1,PU,combo_001,gp,0.485646940883683,0.514353059116317,0.971293881767366,0.14135790187295874,0.757932031169063,285.71171599681713,11.19075864146383,0.40028161879819474,0.0,0.5614045166776951,0.9375,0.8827199902033483,0.4677952814286873,0.6220888265184616
15.74423964120242,0.7112041274405599,2.8097733895501635,0.5450627932937422,Si1,Si1,combo_002,gp,0.49493604871809005,0.50506395128191,0.9898720974361801,0.09974919013209857,0.5335867724839078,275.9206684565104,12.423443586943044,0.3199232207914153,0.0,0.734252583745902,0.9375,0.8821603682747158,0.43851141796415255,0.6033829255557539
15.457582099708876,1.310367638405513,2.036656293381806,0.6914557740428005,A2,Si1,combo_012,gp,0.489059846946553,0.510940153053447,0.978119693893106,0.13188386054425347,0.7068500302188866,277.92061344394784,10.24876805552539,0.33633743741436184,0.0,0.5777426120856167,0.9375,0.8812021554401471,0.41726923434825525,0.580764586713194
15.667899936691192,1.185789767317472,1.8649457789347754,0.8783151048193372,A2,PU,combo_011,gp,0.5287490833092292,0.4712509166907708,0.9425018333815416,0.15123897728227875,0.8112086726713889,286.69769163531646,10.937405547811151,0.4083738502430269,0.0,0.6200787045735249,0.9375,0.8810611765958499,0.47733728298233125,0.6425718518630245
15.91668417219768,1.06364796545552,1.3281443702733688,1.2900491430379573,Si1,Si1,combo_002,gp,0.49702199705393557,0.5029780029460644,0.9940439941078711,0.09737248290977185,0.5207720763709265,281.9533645805992,13.23124976744177,0.3694355731927088,0.0,0.720357382578686,0.9375,0.8809488042286047,0.47812551356690036,0.6190208933761017
10.307405985030863,1.215161764294939,1.558364747835484,1.0187798990605204,A1,Si1,combo_008,gp,0.49806467997380155,0.5019353200261985,0.9961293599476031,0.12075285820535946,0.6468340505198088,291.26169712448603,10.228807003067649,0.44583216796582337,0.0,0.556547129017924,0.9375,0.8802130856965805,0.49163921197218696,0.5560309222647354
15.351871349971411,0.6979903568573524,2.761735739083463,0.8107323997513891,A1,PU,combo_007,gp,0.4782282965744358,0.5217717034255642,0.9564565931488715,0.15961543116143143,0.8563727172610551,286.3222886588303,11.863954041195505,0.4052927926061176,0.0,0.4864833085751647,0.9375,0.8791054523560703,0.4690986417143204,0.6638116934414697
13.240655327069526,1.0722618185850379,1.411792586575276,0.8039676314240052,A1,PU,combo_007,gp,0.5216803817151643,0.4783196182848357,0.9566392365696714,0.1466789216320027,0.7866218296359371,295.3439141705838,10.685900898133035,0.4793362869878116,0.0,0.5655093609158645,0.9375,0.8788273137211178,0.5195785938205446,0.6188669434411731
14.254769619045213,1.19752819785095,1.1910202475101839,0.9057882578066798,A1,Si1,combo_008,gp,0.49110493631953744,0.5088950636804626,0.9822098726390749,0.1380599222098769,0.7401500314460122,281.0486473671282,11.840420583225999,0.3620102567876562,0.0,0.49788352182838397,0.9375,0.8784487779702702,0.43975604280733394,0.6241968273363385
14.010351901016929,1.1561171252116123,1.1037837879487835,1.481858793411137,A1,Si1,combo_008,gp,0.4883405813207915,0.5116594186792085,0.976681162641583,0.13228278360628695,0.7090009378967009,282.4829023122764,11.089709838564389,0.37378166625645354,0.0,0.5601470387706889,0.9375,0.8784254298995098,0.44832587210715674,0.6019963905564449
12.545588036457023,1.3428912481940436,1.120112783894321,2.431640948178785,Si2,Si2,combo_004,gp,0.508822871673182,0.49117712832681804,0.9823542566536361,0.099258779048755,0.530942580997279,280.9000553483911,13.46179581734568,0.360790712450531,0.0,0.7368767122171348,0.9375,0.8776252006661899,0.47553688376946623,0.6313964085949515
15.015542777769257,0.6926449420354087,2.988629062806874,0.7729396597120618,A1,Si1,combo_008,gp,0.4838534166618871,0.5161465833381129,0.9677068333237742,0.12534363638556653,0.6715865428540844,278.0716482504115,12.396987783047495,0.33757703052640825,0.0,0.6395413895087888,0.9375,0.8775963244181288,0.4411901664290802,0.6367488698092523
12.45224465544615,0.9001096156176575,2.169131603282748,0.9713458002187443,A1,Si3,combo_010,gp,0.47214906730380335,0.5278509326961967,0.9442981346076067,0.13831271847974674,0.7415130547693923,284.7455771964263,9.789154375573194,0.3923521949105067,0.0,0.6665080080350652,0.9375,0.8775953693314056,0.4617460370241465,0.5935762196160457
14.689658081761689,0.75527346698942,2.428183599857551,1.0129814267021098,A1,Si3,combo_010,gp,0.5036848722300311,0.4963151277699689,0.9926302555399378,0.14766442798802334,0.7919354687544538,280.6135907345666,10.916384725459288,0.3584396016671546,0.0,0.3797298634380623,0.9375,0.8773521299477839,0.41818331537504705,0.5991960211045821
14.689402561929066,1.0633516798313292,1.4452635132953504,0.6364161055642706,A1,PU,combo_007,gp,0.4956004246600241,0.5043995753399759,0.9912008493200481,0.14450560292760817,0.7749037608339205,288.84421566295646,12.138404792342163,0.42599109001580066,0.0,0.4052396689679689,0.9375,0.8771993772639326,0.4776187781852205,0.6306559356078386
14.064721690040479,1.0454360052877525,1.4638295095975937,1.4946869479901608,A1,Si1,combo_008,gp,0.4764791809514861,0.5235208190485139,0.9529583619029722,0.14948772281262593,0.8017662837922355,281.9800781923412,9.697356099325589,0.36965482072835015,0.0,0.5416837995602496,0.9375,0.8758711023450355,0.4326544183934691,0.5934175930079164
11.537942467355164,1.0889213934346471,2.2398077411724193,1.3154862624906847,A2,PU,combo_011,gp,0.48807232323236605,0.511927676767634,0.9761446464647321,0.13189072782487682,0.7068870571246343,306.7220133516887,8.005633883861115,0.5727201479885717,0.0,0.5382067813010802,0.9375,0.8749917378310984,0.5611646975015736,0.513181192416913
14.300799333858054,0.5847951269247098,2.945533043275973,1.3263597280763717,A1,Si1,combo_008,gp,0.4826639491801288,0.5173360508198712,0.9653278983602576,0.14099826454382824,0.7559929437457582,282.3585563615235,10.201023841781424,0.37276111749903007,0.0,0.5304638833254364,0.9375,0.87493443621021,0.43766292733068063,0.5895602614306865
11.675716237193374,0.886862339468713,1.8321132555810855,1.665545146651695,A1,Si3,combo_010,gp,0.5064605155228605,0.49353948447713947,0.9870789689542789,0.12300032307602696,0.6589518995639204,289.5638619410223,8.521171957953543,0.4318974674283141,0.0,0.542712421599474,0.9375,0.8748818552163169,0.4670887142942755,0.5112523853580722
14.382980521457402,1.211529680190063,1.2992299416871174,0.599413054401604,A1,Si1,combo_008,gp,0.49387834329030156,0.5061216567096984,0.9877566865806031,0.13335558854360832,0.714785272261125,279.6156786429749,12.449860341576068,0.3502494037642453,0.0,0.46208924506069876,0.9375,0.8733806480998667,0.43273090438735917,0.62670412241261
12.109767769369405,1.130003901968856,1.4654290843279818,0.6110641827367164,A1,PU,combo_007,gp,0.5174257046292325,0.48257429537076746,0.9651485907415349,0.13391452819765018,0.7177989551181281,300.8415185163305,11.116003964677232,0.5244569624089702,0.0,0.5605706115624614,0.9375,0.8729372577331463,0.5540474657097207,0.6058620840608981
14.500301897271953,0.8079916989441822,2.187686050625893,1.1013650860082373,A1,PU,combo_007,gp,0.49066899193770297,0.509331008062297,0.9813379838754059,0.18211416073923675,0.977681046599774,289.7841765270302,9.466805007173269,0.43370566283500955,0.0,0.17890092366314247,0.9375,0.8728893751628832,0.43940084091548853,0.594232250835729
11.031432814317723,1.0479269158693387,1.3699509794923974,2.075991560671439,A1,Si2,combo_009,gp,0.48787455130677415,0.5121254486932258,0.9757491026135483,0.1178186686596828,0.6310135291646696,288.62960442769173,10.742183201899058,0.42422970391394244,0.0,0.6122098729635327,0.9375,0.872810754232612,0.4861161100879897,0.5729563713337329
14.714727537511894,1.1779962838476687,1.3883410143956683,2.4705687898704403,Si2,Si2,combo_004,gp,0.5003644278456004,0.4996355721543996,0.9992711443087992,0.10363176321378215,0.5545207746659306,280.844983316883,12.299895555857452,0.3603387178903214,0.0,0.5891534241828134,0.9375,0.8723927586469337,0.4513219334948351,0.5855484946971485
15.634644671365743,1.0854321340536135,1.128595188616637,0.5438754299355496,A1,Si3,combo_010,gp,0.48104462805353165,0.5189553719464683,0.9620892561070633,0.12077760573118583,0.646967483876696,280.79661513955887,12.97816153740367,0.35994174410092117,0.0,0.6509140913009412,0.9375,0.8720110266060771,0.46254760521697613,0.6458151463088149
12.79978027085841,1.164687017464494,1.5332086243918595,0.6933383665660297,A1,Si1,combo_008,gp,0.5168619179442118,0.48313808205578823,0.9662761641115765,0.14180350127767466,0.7603346076858163,282.9265166508388,10.71827338650827,0.3774225573289315,0.0,0.4976725506445254,0.9375,0.8719690090064373,0.4417095739620224,0.6003808459723268
14.613232379118909,1.5239375125740544,1.264419171457685,0.9457981599362834,A2,Si1,combo_012,gp,0.49862861844524753,0.5013713815547525,0.9972572368904951,0.10512024300324645,0.5625463387712252,283.65759611947743,11.864637803109117,0.3834227707559015,0.0,0.584238793980419,0.9375,0.8717717029980318,0.46357054561453276,0.5756545810727511
14.118364747297552,1.4003241970754319,1.7265406525502767,0.7863718945523331,A2,Si1,combo_012,gp,0.5086907448191731,0.4913092551808269,0.9826185103616538,0.12583318712199776,0.6742260955344986,282.562092245904,10.428204497417514,0.3744316044962978,0.0,0.5202887915415287,0.9375,0.8716599989169037,0.43959916508857033,0.5656610219228353
13.293589587752479,0.81372046861608,2.788739584665861,0.5471377755818649,A1,Si1,combo_008,gp,0.5070019917598518,0.49299800824014817,0.9859960164802963,0.11931354385965802,0.6390735759531677,280.46069012093926,11.808193291140494,0.3571846952524153,0.0,0.5430834809785354,0.9375,0.8713030600235147,0.44064501417206703,0.5947141016217187
12.072865113274943,1.0699005506998591,2.491195410647099,0.8249853671641019,A2,PU,combo_011,gp,0.4962798091372882,0.5037201908627118,0.9925596182745764,0.1318601276263403,0.706722067410479,301.6154138176219,9.37364008588516,0.5308085796777803,0.0,0.42976440797277565,0.9375,0.8709074950014737,0.5317274608735192,0.5344649348458682
11.234874566309854,1.0561527701185724,1.1588311419339772,2.47441468533573,A1,Si2,combo_009,gp,0.5234766440800129,0.47652335591998707,0.9530467118399741,0.11726564384244871,0.6280317378404299,286.79928487816477,13.231446351887731,0.4092076599258005,0.0,0.7034014401993202,0.9375,0.8704824878462624,0.5042719241281391,0.6540237878345623
13.423982869460943,1.4189811084046022,1.260966116430057,0.982761543307222,A2,PU,combo_011,gp,0.5012413917527998,0.4987586082472002,0.9975172164944004,0.10055700717311046,0.5379423488873494,298.5647025096054,10.476702437694374,0.5057703728378927,0.0,0.5992695936632794,0.9375,0.8701522193393388,0.5398153135374243,0.5311420873060644
15.262064754488646,0.8084334645602652,1.6471574926451629,1.7817237860993622,A1,PU,combo_007,gp,0.49674390103609056,0.5032560989639094,0.9934878020721811,0.11090466372357645,0.5937346959337432,287.2124606097073,9.336562521538363,0.4125987311820021,0.0,0.5505593134518363,0.9375,0.8699130090881183,0.46076882920269224,0.5120192916999606
15.470149325379968,0.9430821689201458,1.6674850387547382,0.7993766044372014,A1,Si3,combo_010,gp,0.4684870250787796,0.5315129749212204,0.9369740501575592,0.1507956693264136,0.8088184511558766,280.5601808287231,10.844930725725872,0.358001248727532,0.0,0.5582354656897301,0.9375,0.8695285993925697,0.43516578820174406,0.6299165640902615
10.342545096701404,1.0364302197634536,2.023483030430337,0.6946406250107672,A1,Si3,combo_010,gp,0.48582296324645213,0.5141770367535479,0.9716459264929043,0.1013767279896336,0.542362107897862,291.5815131289635,10.817362024255962,0.44845700475381134,0.0,0.7078518460508136,0.9375,0.869266002819436,0.513229915200079,0.558341410107528
8.249933574614849,1.5137942667701034,1.2048509566504608,2.020868463278556,Si2,Si2,combo_004,gp,0.49413309109306525,0.5058669089069348,0.9882661821861305,0.08161896654962401,0.43583249148232384,288.7628566689899,14.389603532355293,0.42532334957314827,0.0,0.7553934245199472,0.9375,0.8692371637493895,0.5298489303058458,0.6263917367310707
14.375178363909875,0.6434247745471189,2.509286045754493,1.5608420722239424,A1,Si3,combo_010,gp,0.5109495684750911,0.4890504315249089,0.9781008630498178,0.14540967111259814,0.7797783027830629,283.3166005178808,9.475545202308512,0.38062410593900003,0.0,0.3974965508893725,0.9375,0.869148819170496,0.4241719642729376,0.5579959112009292
11.876490902437,0.9064864468073237,1.9791942680228127,1.2479885604122138,A1,PU,combo_007,gp,0.5074235427884712,0.49257645721152876,0.9851529144230575,0.14301127031999855,0.7668466395872027,303.77098226215975,8.828519199268175,0.5485000500014551,0.0,0.37868029154289695,0.9375,0.8690059671915189,0.5347213890724993,0.5328600047971241
13.540700881683998,1.0451841630093286,2.56926298366495,0.5856682954305183,Si2,PU,combo_003,gp,0.49360924557212016,0.5063907544278798,0.9872184911442403,0.0957216951400202,0.5118713824117924,280.9739011084762,11.704681807635689,0.3613967892728118,0.0,0.6671782856766949,0.9375,0.8687721910163705,0.4551899224108607,0.5659619214284118
15.499111125409577,0.8397521745499191,2.20332432393969,0.8427464817256338,A1,Si3,combo_010,gp,0.4673118440979209,0.5326881559020791,0.9346236881958419,0.149403560857174,0.8013125005608558,278.834891634381,11.480863272397206,0.34384122395132755,0.0,0.5708277850970644,0.9375,0.86860976216053,0.4315079785948798,0.6466607445782135
12.555462867559687,1.0231331342524825,1.2208216078644893,1.8887856773561016,A1,Si2,combo_009,gp,0.5116909879936635,0.4883090120063365,0.976618024012673,0.12547557844339677,0.6722979461601931,287.05999960832924,9.840253703170518,0.41134743281185165,0.0,0.5251741411890544,0.9375,0.8684233692131739,0.4613106800431433,0.5495556226802218
8.61032114578583,1.2290006176730084,1.7796801593148115,0.6749283899189118,A1,Si1,combo_008,gp,0.5083521153421842,0.49164788465781584,0.9832957693156317,0.08968665012227821,0.4793317127360234,298.8850462938759,12.360852297994022,0.508399541290955,0.0,0.72094919095839,0.9375,0.8684130115003991,0.5686228754639455,0.5806774492268998
13.916526845835318,0.6805826640348406,2.419079233498696,1.5105002709855975,A1,Si3,combo_010,gp,0.5176022569600605,0.48239774303993954,0.9647954860798791,0.14635926740828342,0.784898322550288,284.1939353270065,9.17138645218718,0.3878246858040957,0.0,0.4433351622895933,0.9375,0.8678445457919943,0.43140719555856666,0.558302084669631
9.090906717470428,1.3505381349437313,1.382815978518246,0.6828339392121581,A1,Si1,combo_008,gp,0.5028034604692042,0.4971965395307958,0.9943930790615916,0.09078324059655256,0.48524429361944366,295.98218950066524,12.628228804364726,0.4845748258470548,0.0,0.6567677012932717,0.9375,0.8677196579994557,0.5476275527908488,0.5804700739508377
12.495412524581813,0.8614587663482709,2.3118393055111195,0.7801054672711123,A1,Si3,combo_010,gp,0.5269599202938906,0.4730400797061094,0.9460801594122188,0.12768386399851597,0.6842045487293711,284.5896089210277,10.67367346205962,0.3910721111708133,0.0,0.6476991293540786,0.9375,0.8676612661523208,0.4659166063573545,0.5950132160667123
14.978584609871639,0.9150564574430118,2.845841926283396,1.0430473936440905,A2,PU,combo_011,gp,0.4660400454425826,0.5339599545574174,0.9320800908851652,0.1529727061600829,0.8205565673143018,285.75858851258783,9.388644015898254,0.40066631719357837,0.0,0.5425695255684588,0.9375,0.866380003683797,0.4520262382913012,0.5916402503416012
10.654279761694623,0.9651320687429621,2.474816121987807,0.6357355251872512,A1,Si1,combo_008,gp,0.4937050651873509,0.5062949348126491,0.9874101303747018,0.11266096669511873,0.6032043052533999,290.012606356449,11.26224902465978,0.4355804627553951,0.0,0.5396186980610272,0.9375,0.8663223073637385,0.49088741645419615,0.5666315910654531
11.054461159213005,1.1989232653669641,1.16531591985425,1.0319426843194002,A1,PU,combo_007,gp,0.5093936637654082,0.4906063362345918,0.9812126724691836,0.10689932104559807,0.5721387463929326,305.66492096642145,10.678958097500548,0.5640442376454197,0.0,0.6048908623001177,0.9375,0.866297187021369,0.5827577767156379,0.5495142250509573
13.041955761629596,1.0088716273968916,2.723075796623817,0.6170062592189345,A2,PU,combo_011,gp,0.5142154194837758,0.4857845805162242,0.9715691610324484,0.12692139871077254,0.680093499262553,293.8599745708796,10.518466197683235,0.4671570989611837,0.0,0.5217863301878448,0.9375,0.8661566828026399,0.5053657317928908,0.5704206275245423
15.6236044829619,1.2353903153340489,1.6339669370977654,1.1302025538565457,A2,Si3,combo_014,gp,0.48167155916371485,0.5183284408362852,0.9633431183274297,0.12344231979413861,0.6613350511664098,282.7076520713659,9.583251084179329,0.37562626261026466,0.0,0.5819418511112954,0.9375,0.8661182490964722,0.4399639871999041,0.5471685094905001
15.480525215788592,0.9700142343881668,2.0710994805667795,0.6710566900142855,A1,Si1,combo_008,gp,0.4855790942941134,0.5144209057058866,0.9711581885882268,0.14905152859193876,0.7994144180126244,276.75871140620114,11.227742151995434,0.3268013192401044,0.0,0.38292834580078056,0.9375,0.866105899001488,0.39880194416987996,0.6108529496005866
15.577683441537788,0.5952065804584924,2.265616874274909,1.9771885469885278,A1,PU,combo_007,gp,0.5026289868456688,0.4973710131543312,0.9947420263086624,0.11669689930173083,0.6249651891352503,285.7214554970624,8.9101506787463,0.4003615541303308,0.0,0.4757537511025744,0.9375,0.8658061372895199,0.4413729679719709,0.5000066462594104
14.611896156603901,0.6488740609229594,2.2898973597717274,1.9230021028884794,A1,Si3,combo_010,gp,0.4897461209121339,0.5102538790878661,0.9794922418242678,0.1433547529497704,0.768698624332848,283.6039625987802,8.406057082936854,0.3829825825344725,0.0,0.3767273265042004,0.9375,0.865666661664652,0.4153456076794477,0.5216013528842661
15.764771585728957,0.8804388124181448,1.3455837335719847,1.2943743529108667,A1,Si3,combo_010,gp,0.5048701167482008,0.4951298832517992,0.9902597665035984,0.14810442845166916,0.7943078569805779,284.94757332960074,9.288548583271515,0.39401004465524936,0.0,0.29630678395742205,0.9375,0.865661104571299,0.4219543669139386,0.5427620679451423
15.35778705894102,0.9113907207902889,2.0668903353676655,0.6498885367284425,A1,Si3,combo_010,gp,0.46173815927164696,0.538261840728353,0.9234763185432939,0.14061980003998698,0.7539523442302957,278.0456260040378,11.778980932313008,0.33736345725730493,0.0,0.6535670448973351,0.9375,0.8654223093922143,0.43758905349177496,0.6506911284419518
15.320716441016835,0.7705458923086848,2.843966961130657,1.7599646713658057,A2,PU,combo_011,gp,0.49810524396124123,0.5018947560387588,0.9962104879224825,0.14190567564176812,0.7608855099652787,287.14771839663825,7.892395145896124,0.41206737021125556,0.0,0.3055063064423763,0.9375,0.8653613708800718,0.4245482641390958,0.4940625346686316
10.662576034504287,0.9065080183089702,2.4213811325177637,1.0650907591156047,A1,Si1,combo_008,gp,0.48333640550431767,0.5166635944956823,0.9666728110086353,0.12791081946305313,0.6854282439670104,292.4506115876901,9.72687903739793,0.4555899861397076,0.0,0.5318960016161608,0.9375,0.86533254935125,0.4920621443285813,0.5520427241729724
10.804534519752735,1.3118873121454566,1.1519685832616222,1.2477626639217632,A1,Si1,combo_008,gp,0.49091128875335954,0.5090887112466405,0.9818225775067191,0.11113198977309557,0.5949603892862043,288.46236932117483,10.781627206824519,0.42285714952741044,0.0,0.5658691503053734,0.9375,0.8651080586733636,0.48083106539308923,0.5544710187227534
14.007191895341712,0.5656161100933197,2.737620935895164,1.5142991847688139,A1,PU,combo_007,gp,0.4991591872167944,0.5008408127832056,0.9983183744335888,0.13911834754959532,0.7458568341011127,295.0777397470531,8.8721100770245,0.477151704574413,0.0,0.3106904972005245,0.9375,0.865022246296219,0.4783209553778346,0.5165134601103938
15.050019554485605,0.9643580424441963,1.9172030275054985,0.7739510955104065,Si1,Si1,combo_002,gp,0.5131772706475495,0.4868227293524505,0.973645458704901,0.11352689277274718,0.6078731931319209,279.78978215596925,11.212237132283033,0.35167832945722993,0.0,0.5881081734140935,0.9375,0.8650150690095012,0.4366120488426396,0.574164246692379
15.50420060794591,0.9313258786317853,2.7699409176038596,1.1183000437329693,A2,PU,combo_011,gp,0.45717258368584623,0.5428274163141538,0.9143451673716925,0.1625264176113148,0.8720681324951381,284.19564493036853,9.234188192667524,0.38783871709000606,0.0,0.552199027078862,0.9375,0.8647822204129826,0.44279668451474863,0.6068675798886312
14.413191250501534,0.9975203912016253,1.2462195896738557,0.9430753556655657,A1,Si3,combo_010,gp,0.5116282483910055,0.4883717516089945,0.976743503217989,0.1452042337675988,0.7786706286355307,284.5395606401907,9.439862066499254,0.3906613482106193,0.0,0.3705298255004404,0.9375,0.8647367814613391,0.4282210856870581,0.5525822517110337
13.173684681041635,1.1732603366453378,2.2644999197400244,0.7351114793042354,A2,PU,combo_011,gp,0.46719572731971937,0.5328042726802806,0.9343914546394387,0.14383771676884657,0.771302661766187,294.3657451719207,9.568869386981149,0.47130812724403837,0.0,0.5759774582511837,0.9375,0.8646266907024199,0.5062318911306927,0.5843671471774592
15.869676253327874,1.1376018112864337,1.9727231554665603,1.6381024919689162,A2,Si2,combo_013,gp,0.516601289248257,0.483398710751743,0.966797421503486,0.12393792926859329,0.6640072712641102,283.3341978662511,9.715068082020931,0.38076853325572835,0.0,0.5503821597377044,0.9375,0.8645505318507479,0.4414429731630268,0.546993612588957
11.631988167395999,0.9230114941804732,2.242191488904302,1.2162999688143967,A1,Si1,combo_008,gp,0.46907426886900794,0.5309257311309921,0.9381485377380159,0.14599198534731972,0.7829180163708875,287.4856213942959,8.914427049984816,0.41484065299449957,0.0,0.5437518566392381,0.9375,0.8644956941312555,0.45834173678169265,0.5656074133013634
11.361889495130924,1.3185121748610056,1.313178348491219,2.462744769980225,Si2,Si2,combo_004,gp,0.5092478975960617,0.4907521024039383,0.9815042048078766,0.10137845425443008,0.5423714155477777,281.5655332228762,12.74353823357918,0.3662525116791049,0.0,0.6240949702740888,0.9375,0.8644540729027995,0.4624403655902646,0.5987336273390234
15.64911624806322,0.7116147110941248,2.0699155150747357,1.3084983658275355,Si1,PU,combo_001,gp,0.5026260832595906,0.4973739167404094,0.9947478334808189,0.14668061113374042,0.7866309390673168,286.70328429907465,8.258152708212421,0.40841975110280204,0.0,0.27376999241990235,0.9375,0.8643065258147221,0.42169416721530256,0.5083680252412746
10.87824976938402,0.7445022160732564,2.6179281620681842,1.418031412535995,A1,Si1,combo_008,gp,0.4954155969420082,0.5045844030579918,0.9908311938840164,0.1312594949267638,0.703483584585044,295.3334840026813,8.755905403285812,0.4792506831154849,0.0,0.38879341497545605,0.9375,0.8641695084581169,0.48668779455567385,0.5102036789215947
14.002690133251264,0.7615453562200152,2.533787086239003,0.658389928382221,Si1,PU,combo_001,gp,0.47503937082668557,0.5249606291733144,0.9500787416533711,0.13386602711080642,0.7175374476496382,287.5911776652038,10.479160860407395,0.4157069885724662,0.0,0.5604841483315898,0.9375,0.8639204473434793,0.47291170986823805,0.5882501395473465
15.502405296963726,1.2146784151272016,1.9887957913033056,0.9024347527821239,A2,PU,combo_011,gp,0.4527573955392228,0.5472426044607772,0.9055147910784456,0.1544718783568753,0.8286397825889699,285.11513610147983,10.404488209365354,0.3953852883008703,0.0,0.6359840020893877,0.9375,0.8636964783464175,0.46564998359575,0.636408109736255
8.544371652262944,0.9743149897170803,1.9191103621993963,1.7565804247976946,Si1,PU,combo_001,gp,0.4974460002783321,0.5025539997216679,0.9948920005566642,0.09680737816656912,0.5177251526740909,320.3403677768482,10.04842391870521,0.6844905321675121,0.0,0.5842226170149432,0.9375,0.863639146901734,0.6600507844075049,0.5100352216488058
15.49258724776085,1.3614609713484565,1.399532110169507,1.6879733096949383,A2,Si1,combo_012,gp,0.5204963844430068,0.47950361555699317,0.9590072311139863,0.11057469425225439,0.5919555712431497,283.25741373721957,11.754142132028786,0.38013834025789867,0.0,0.6618671972105529,0.9375,0.8633219558436397,0.46816638876340444,0.5945544375330557
8.523453012768474,1.5398157517570576,1.1239452812858868,1.9408148953076028,A2,Si2,combo_013,gp,0.5025976531228524,0.49740234687714757,0.9948046937542951,0.06059574480788606,0.3224797842555349,302.3727880305061,12.806210085986546,0.5370246028549196,0.0,0.8110847357751902,0.9375,0.8632253142334726,0.6011720663257867,0.5515429324800996
14.07550317502346,1.00245677551986,2.3237026130449214,1.3633686496695505,A2,PU,combo_011,gp,0.5267140990229109,0.4732859009770891,0.9465718019541782,0.14923164726778218,0.8003855793208087,289.964427421687,8.421249128186734,0.4351850421429213,0.0,0.4729532356123285,0.9375,0.8631008466014292,0.46162924727735666,0.5475433178604086
12.147611134546693,1.155139592051356,1.2089907527499408,0.5621561160726319,A1,Si3,combo_010,gp,0.514981424030637,0.48501857596936304,0.9700371519387261,0.11243380613741524,0.6019795041973507,287.4356860502617,11.45152518380693,0.4144308169443748,0.0,0.5946619845508682,0.9375,0.8628196840633803,0.483073675606755,0.5796627926688234
15.059748046887837,0.5767232903265148,2.983041218749298,1.6682124008638999,Si3,Si3,combo_006,gp,0.4984384839976399,0.5015615160023601,0.9968769679952798,0.08117796825587678,0.43345472317008654,282.4121661550836,11.18272276797971,0.3732011109839181,0.0,0.6675262077939161,0.9375,0.8628008459264287,0.4593879767509894,0.5242191082686106
15.408623140728185,0.9581320347305102,1.9470611858419067,0.6594443039011049,A1,Si2,combo_009,gp,0.4956252157333694,0.5043747842666306,0.9912504314667387,0.10180924570629406,0.5446941507554834,277.5965140093786,10.790357302070548,0.3336774450846677,0.0,0.5614536525034456,0.9375,0.8626147200302213,0.4180322936347368,0.536455509527873
13.61891785066167,0.8370032906771531,1.8154717797397817,2.2289289678301083,A1,Si1,combo_008,gp,0.5014296218685725,0.49857037813142746,0.9971407562628549,0.1258152197775061,0.6741292194626565,280.91972795963255,9.326523613618333,0.36095217214291475,0.0,0.38069408060291254,0.9375,0.8624878781726685,0.407550863299781,0.5144016104904398
15.218208962562093,1.0593345399069778,1.3366619514696214,1.5039297557053017,Si1,Si1,combo_002,gp,0.500516542646227,0.499483457353773,0.998966914707546,0.08726058990975791,0.46625091587421746,282.59224933168457,12.241253706931747,0.37467911377371704,0.0,0.6164905512432807,0.9375,0.8624567469156408,0.46363331689561393,0.557142490696362
9.180182135166959,1.0321143641438355,2.085104614429194,1.2260718458354716,A1,Si1,combo_008,gp,0.5041376800806816,0.4958623199193184,0.9917246398386368,0.10776241808964893,0.5767923807285478,298.4444837182111,10.229203657911722,0.5047836970560634,0.0,0.5177540393451947,0.9375,0.8621399078297833,0.5290290889207547,0.5257082788212389
13.96622027855373,1.249155015406883,1.213264230402255,0.8293844974691211,Si1,Si1,combo_002,gp,0.49414356251530656,0.5058564374846934,0.9882871250306131,0.08776394884316165,0.4689649193941835,282.50538285349904,13.202693391929268,0.37396617156822337,0.0,0.6598909603400814,0.9375,0.8620429247457027,0.47502599219623576,0.5910333820646257
12.951778237872333,1.0638523443194385,2.345447627807826,1.2027631591267465,A2,PU,combo_011,gp,0.47289076554062603,0.527109234459374,0.9457815310812521,0.14359022115429393,0.7699682184405666,295.4361626787812,8.364385914301417,0.4800934013115593,0.0,0.5023644646404262,0.9375,0.8618179630010842,0.4955595855854596,0.5397456998619012
12.89525318156457,0.9614839893467657,1.530460352873759,1.1712532133250126,A1,Si3,combo_010,gp,0.5138718341171078,0.4861281658828922,0.9722563317657844,0.15041394540014325,0.8067602775330355,286.8881300557399,8.377074029671105,0.40993684197819835,0.0,0.33280846597907876,0.9375,0.8614708884429295,0.42959405385820776,0.5275383295978879
14.100495267621646,1.438925954173647,1.271340619554305,0.7615531549396812,A2,PU,combo_011,gp,0.48899716556120865,0.5110028344387914,0.9779943311224173,0.10615331898148152,0.5681164631005244,294.8946280279615,11.22873557503236,0.4756488455246646,0.0,0.5863547331593475,0.9375,0.8614155749607337,0.5233456542142945,0.5604399336679166
14.788825432627549,1.0555892659165327,1.3629503131372318,0.6730969454439468,A1,PU,combo_007,gp,0.5138697349543406,0.48613026504565937,0.9722605300913187,0.14198486170560015,0.7613124642551712,289.150652659075,12.336458109649687,0.42850612081273237,0.0,0.3850866824233513,0.9375,0.8613216870515876,0.4789196244505482,0.6283207155903641
15.480623940400863,1.548737774820058,1.1636576165979076,0.6840941333328762,A2,Si1,combo_012,gp,0.5099332735362694,0.4900667264637306,0.9801334529274612,0.09736522075633873,0.5207329203955935,282.0441446117572,13.306000948559062,0.3701806352348273,0.0,0.6265289037639784,0.9375,0.8607030277810855,0.46985134739292433,0.6069879009355703
12.476978972887547,1.1193783291214667,1.8775945061646317,0.5641602122061731,Si1,Si1,combo_002,gp,0.4949072503256655,0.5050927496743345,0.989814500651331,0.09090750459438594,0.4859142984711393,282.8583127680255,11.542198144272817,0.3768627852781723,0.0,0.6205895783924581,0.9375,0.8604831939032512,0.46008100981028455,0.545421799190881
14.61631692961938,1.1004726599614383,1.4142410067219555,0.7599282446456208,Si3,Si3,combo_006,gp,0.5036974296043706,0.4963025703956294,0.9926051407912588,0.08930355276381163,0.4772661338610499,285.65168598256156,11.384168858225992,0.3997889324172898,0.0,0.6162073954868481,0.9375,0.8602876717745296,0.4744498426532807,0.5373932326181204
14.928652073218299,1.1692115884308103,1.1970850181664734,0.7395285906251741,A1,Si1,combo_008,gp,0.5170729408704204,0.48292705912957956,0.9658541182591591,0.1328698999081391,0.7121665432016098,280.2984713658212,12.948318211826129,0.3558533117375993,0.0,0.463194521132198,0.9375,0.8600967332887963,0.44067933909857604,0.6396564589820216
12.623355809150436,1.1441640758235594,1.5023368877702619,0.9185360620929555,Si3,PU,combo_005,gp,0.5081656376971786,0.4918343623028214,0.9836687246056428,0.10297040419930661,0.5509548685616912,303.3667144514526,9.752834442633215,0.5451820890273715,0.0,0.5695312708311557,0.9375,0.8600726084555835,0.5587440117817106,0.511335872949288
13.725883419115586,0.9125099026066164,2.855948029492112,0.7774585647775927,Si2,PU,combo_003,gp,0.49630223843893084,0.5036977615610692,0.9926044768778617,0.09006897968712967,0.4813931518323305,281.31444268290613,11.874343569604289,0.3641917277370816,0.0,0.6087228942659307,0.9375,0.8599520555360834,0.45263346013840156,0.5511904018166853
14.257592364710096,1.1058846168616094,1.3686200554737573,0.8869674724038452,Si3,Si3,combo_006,gp,0.5029143510066074,0.4970856489933926,0.9941712979867852,0.08731601538247288,0.46654975814771615,286.90181742693755,10.928171737548313,0.41004917880608516,0.0,0.618690148412969,0.9375,0.8599286299469481,0.4782986297645152,0.5214791017700015
15.17359429630639,0.8315429452957778,2.237353104737477,0.8961542592632092,Si1,Si1,combo_002,gp,0.5108820576577244,0.48911794234227557,0.9782358846845511,0.11766706911316219,0.630196136891327,279.64721825675366,10.0501790646677,0.3505082599107996,0.0,0.4995329860745454,0.9375,0.8598014776455114,0.41780801664808476,0.5367448721838929
14.21051693887254,0.9769434925815961,2.281435414320126,1.7261407661953592,A2,PU,combo_011,gp,0.5074320850299134,0.49256791497008656,0.9851358299401731,0.12426092830010155,0.6657488128367038,287.97369278950885,8.083111367737413,0.4188464179824426,0.0,0.42291380355510827,0.9375,0.8594709006931848,0.4425323409326697,0.48361879298918425
12.022169681091524,1.2165041995430823,1.3253531227096655,0.8388738315495935,A1,Si1,combo_008,gp,0.5329843681365389,0.46701563186346107,0.9340312637269221,0.1326269147976238,0.7108564195473448,286.10309306795824,10.85513337494512,0.40349378116631857,0.0,0.6083339763232873,0.9375,0.8594708968308394,0.4721005493801711,0.6034251105500315
15.308284034037744,1.0443515264068393,1.7352780355446766,0.5337992174978865,Si3,Si3,combo_006,gp,0.5020274976626844,0.4979725023373156,0.9959450046746312,0.09153899496987762,0.4893191592735886,281.9881311958096,12.43276076316902,0.3697209144180399,0.0,0.5796066680626284,0.9375,0.8594162518504288,0.45797839433403775,0.5649485119781648
12.638435108176576,0.6150193822990383,2.8516207948460672,1.4864244958963448,A1,Si3,combo_010,gp,0.48923152625452815,0.5107684737454719,0.9784630525090563,0.1252877989457736,0.6712854793423688,288.46089061901864,9.59088978554551,0.4228450133248324,0.0,0.44430643194626646,0.9375,0.8590586582173928,0.45931356948728924,0.5302158419402488
15.149939280983375,1.2126313569554332,1.690388376741124,1.1858919297206485,A2,PU,combo_011,gp,0.519584730430978,0.48041526956902203,0.9608305391380441,0.13516150099863936,0.7245223652864979,288.68747218918185,10.263357341762676,0.4247046439640689,0.0,0.46370355106730143,0.9375,0.8590259783411918,0.46783696538040315,0.5702451187562563
9.072998750923695,1.517681281443482,1.113675687605772,2.4307818955676557,Si2,Si2,combo_004,gp,0.48221550207217945,0.5177844979278206,0.9644310041443589,0.09376135733323718,0.5013016609767222,283.4824258239839,15.092827901047288,0.38198508962257144,0.0,0.7093687374714633,0.9375,0.8590074606400133,0.5004332036618144,0.6617345770886104
15.735173360204495,0.8228005611871887,1.9664102621399944,0.7745658145372678,A1,Si3,combo_010,gp,0.5443848122055641,0.4556151877944359,0.9112303755888718,0.1473497867237342,0.7902389904719826,280.4410006674509,11.787230632051786,0.35702309733008475,0.0,0.6175212847822137,0.9375,0.8589831358559082,0.447811023363515,0.6582113830223463
13.45733205542004,1.1393429026667867,1.7966445538395681,0.5055812455382205,A1,Si1,combo_008,gp,0.47895097261142894,0.5210490273885711,0.9579019452228579,0.13894635801994185,0.7449295034074456,279.16967756157743,10.73963225578298,0.3465889238959932,0.0,0.4507440375332798,0.9375,0.8586921977042105,0.4156009439512048,0.5885369589699834
14.681980650966112,1.483771623817152,1.362813723771227,1.1478929514676763,A2,Si1,combo_012,gp,0.4821748383055393,0.5178251616944607,0.9643496766110786,0.11200301112865475,0.599656749811621,283.16989254833226,11.449324699532669,0.3794200246229597,0.0,0.5907584768972438,0.9375,0.8585895258597335,0.45815848636177564,0.578203808994582
8.522395846939954,1.3684155313636335,2.1746890722278307,0.5479531052858929,A2,Si1,combo_012,gp,0.4910028952243657,0.5089971047756343,0.9820057904487314,0.0681599490348185,0.3632643527518491,305.8214216567363,12.728197079535954,0.5653286910921915,0.0,0.7840378736375277,0.9375,0.8582791771185573,0.6176674833693448,0.5596158473524795
14.252676385957495,1.0995329775099338,1.168854518386283,1.3865597304188872,A1,Si1,combo_008,gp,0.5297785391513017,0.4702214608486983,0.9404429216973966,0.13476523709198865,0.7223857952047609,282.97342637868127,11.081848228461654,0.37780756113621955,0.0,0.5533688947405282,0.9375,0.8580071917700824,0.4504044345643293,0.6054482455649755
8.181717925460434,1.2225122532396973,1.5916175196420705,0.6198061255727925,A1,PU,combo_007,gp,0.5002164288931685,0.49978357110683147,0.9995671422136629,0.07495355016543298,0.3998939944611062,322.92192732112454,12.474186254747531,0.705678253755335,0.0,0.6562866761091367,0.9375,0.8579343499902102,0.7011419120390762,0.5462905332757556
15.755002156730004,0.7996046976050596,1.8606269814780632,2.423478549613595,Si3,Si3,combo_006,gp,0.5123766623249857,0.4876233376750143,0.9752466753500286,0.09416953159062061,0.5035024491177158,286.12961315098596,11.570877763253536,0.40371144034715095,0.0,0.6475615044166371,0.9375,0.8578924810140456,0.4817975269949242,0.5564118719395879
14.884493415729498,1.126404712319875,1.153465211871838,0.5132696808661347,A1,Si3,combo_010,gp,0.46588325621813453,0.5341167437818655,0.9317665124362691,0.12222475928839639,0.6547702257921763,281.0107432687615,12.224338535148162,0.3616991651899389,0.0,0.6723531471729748,0.9375,0.8578728850329607,0.4600007511032374,0.6310386237386474
10.050121322655311,1.3317430796416425,1.400745381612963,2.4738529969295495,Si2,Si2,combo_004,gp,0.5109957265728298,0.48900427342717023,0.9780085468543405,0.10215415360121664,0.5465538202254463,283.61206690667353,12.971735094575694,0.3830490972967165,0.0,0.5837322004693242,0.9375,0.8578552639719883,0.4719540864349972,0.6004164111305761
15.429274536098443,0.8924455004846098,1.6031368398684607,2.1645081893006006,Si3,Si3,combo_006,gp,0.5096902460448085,0.4903097539551915,0.980619507910383,0.08757550880371705,0.46794889107638477,287.287093639095,11.077039786801747,0.41321126938644853,0.0,0.6626920179789412,0.9375,0.8576854231604505,0.4860815744285831,0.5326616087841882
13.477378223300455,1.350213534448302,1.7090275788247715,0.7086420482974997,A2,PU,combo_011,gp,0.4619217859497837,0.5380782140502163,0.9238435718995675,0.13254869532396768,0.7104346769045807,295.992096492625,10.025565922707996,0.4846561358396451,0.0,0.6421733252889423,0.9375,0.8576604757902699,0.5257822381083923,0.5855477724310578
8.662195297660904,1.11145224266126,1.7274621921862283,1.8101197968837563,A1,Si1,combo_008,gp,0.5132608605685469,0.4867391394314531,0.9734782788629062,0.09038040998809008,0.48307231728850947,295.7822543094154,10.791445007345997,0.4829338909411752,0.0,0.6764631676565265,0.9375,0.8574607273929126,0.5340213007052735,0.5321691971822513
15.1774147483933,1.0403665220017468,2.3884665542494012,0.5973607680490887,Si2,PU,combo_003,gp,0.5127099067243108,0.4872900932756892,0.9745801865513783,0.11053724067516148,0.5917536295802133,277.5704805274972,12.23220861852971,0.33346377960199913,0.0,0.5425342187955815,0.9375,0.8573426183315387,0.42731590446353723,0.5897263321914408
13.49932416511014,0.8382426811576628,1.9598980897775449,1.7474983713478902,A1,Si1,combo_008,gp,0.5178259897084345,0.4821740102915655,0.964348020583131,0.14613435895146157,0.7836856643396608,282.80093936098274,8.26434338532678,0.37639190256014177,0.0,0.36393809750225425,0.9375,0.8572732793294494,0.4083401088415847,0.5210325826916297
12.739295874662854,1.4680228105515063,1.5985207527773726,0.8265233595922421,A2,Si1,combo_012,gp,0.5040678136125063,0.4959321863874937,0.9918643727749874,0.11182638291284652,0.5987044083160855,287.7076742477095,10.475973041405231,0.41666311494248787,0.0,0.45286746918879117,0.9375,0.8572368153701012,0.462794291470022,0.5304284376088535
15.872096119430672,0.8392122154639867,2.1175986125736586,1.0682329162222537,A1,Si2,combo_009,gp,0.48968715477694147,0.5103128452230585,0.9793743095538829,0.10836077937226189,0.5800186165603859,279.41990875524823,10.020753633946828,0.34864265489586127,0.0,0.5328210913984398,0.9375,0.8571964458219192,0.419599779606625,0.5233670216447743
14.701228190841272,1.4659191697652791,1.4978816268013984,0.971012264504302,A2,Si1,combo_012,gp,0.47688727798549024,0.5231127220145098,0.9537745559709805,0.11842226589283349,0.6342679961199601,282.1743241124437,11.09554622555771,0.37124906188533885,0.0,0.5883248555745734,0.9375,0.8571787293064855,0.44941667302962357,0.5802269815116736
13.551391607996527,0.8689665403135979,1.462658980289441,2.080685100170498,A1,Si3,combo_010,gp,0.49443324790184207,0.5055667520981579,0.9888664958036841,0.1267101722607246,0.6789546115009639,286.8711771926247,8.052639329195022,0.4097977041672586,0.0,0.37097094456942487,0.9375,0.8570488021609382,0.4307646106471768,0.4796116871667878
12.073790070231087,0.9848717037457211,2.754900503599,1.1584941635627006,A2,Si1,combo_012,gp,0.49552974558526586,0.5044702544147341,0.9910594911705317,0.09851920648730654,0.5269549642056813,288.3779033513749,8.822197851796563,0.4221639090961627,0.0,0.5391551259083611,0.9375,0.8569971704306346,0.4622839224181503,0.4727953634682439
15.76559901626111,1.0785420027491148,2.4686878905043583,0.9045020867032874,A2,PU,combo_011,gp,0.44028828559434885,0.5597117144056512,0.8805765711886977,0.16494893264416494,0.8851298145077475,282.64065116376815,9.88108091604251,0.37507636377897113,0.0,0.6327778278402937,0.9375,0.8569229550830746,0.4470019805284057,0.6413097101005936
15.179771201985105,0.5849091121984562,2.544777780562897,1.2449629492905312,Si1,PU,combo_001,gp,0.49464351138553475,0.5053564886144652,0.9892870227710695,0.1617207695487407,0.8677242507587111,287.66304847322823,7.355105142929385,0.4162968563034234,0.0,0.14518440864989832,0.9375,0.8568266782654549,0.40725653345238044,0.49263717517551353
13.221953098434831,0.7244484174383646,2.387461867292414,1.59425886899582,A1,Si1,combo_008,gp,0.5089130835383777,0.4910869164616223,0.9821738329232446,0.15245303703503352,0.8177546227355802,284.1077290877726,7.586855399536343,0.38711716240024063,0.0,0.2335509168599566,0.9375,0.8563656158993119,0.3974876968235292,0.49477382558722444
14.20078606197486,0.6166508725391266,2.6552596532178274,1.3506411739902824,A1,PU,combo_007,gp,0.5134110236648866,0.48658897633511344,0.9731779526702269,0.15989022432675828,0.8578543431317168,293.49773734043123,9.254967995449139,0.4641840970002175,0.0,0.2279944802541641,0.9375,0.8563195795409485,0.4639812121553121,0.5538333289383275
13.959026105226307,1.2471473928785444,1.7377900443829584,1.220554427289497,A2,PU,combo_011,gp,0.4794350590792149,0.5205649409207851,0.9588701181584298,0.1317273474215869,0.7060061449957407,292.34772886592594,9.293110239421527,0.4547455932727022,0.0,0.47232585225238155,0.9375,0.8561814382158054,0.48210698761668913,0.5383847334383244
10.115938746794136,0.9407077151978414,2.6432367175262357,1.265580708093046,A2,PU,combo_011,gp,0.5143786431872037,0.4856213568127963,0.9712427136255926,0.11231902575682669,0.6013606329778932,321.28442803323213,9.048053529353355,0.6922387500688731,0.0,0.5366072987456344,0.9375,0.85604219014398,0.6528555272897862,0.5046641696386486
15.754666063521949,0.80189102947479,2.9174201628552874,1.878140072328481,A2,Si3,combo_014,gp,0.4791780373439991,0.5208219626560009,0.9583560746879982,0.12547922956284827,0.6723176322139921,281.30864166467995,10.462828945597398,0.36414411684258385,0.0,0.5122727828003176,0.9375,0.8559155390784983,0.4318682829593868,0.564742518808357
11.034313443150408,0.9301968042057472,2.569230827713742,0.5358750512085484,A1,Si1,combo_008,gp,0.5091694008017207,0.4908305991982793,0.9816611983965586,0.10980709629397097,0.5878168475164984,288.2211202022505,11.74310867727452,0.420877137415581,0.0,0.5027949769510954,0.9375,0.8558985497346918,0.48068966172086997,0.5689417305954266
15.838816492617017,0.652962038894475,2.0454353285171862,2.4803366203318173,A1,Si1,combo_008,gp,0.5189982953676875,0.4810017046323125,0.962003409264625,0.12267334117133812,0.6571888831925016,279.2020656442265,11.81418749354069,0.3468547437100095,0.0,0.5117288820443545,0.9375,0.8557470434519823,0.4303256700727587,0.5965160558736369
12.95457256894322,1.1195570698874797,1.219559211385907,1.6014433084004371,A1,Si1,combo_008,gp,0.5310757166344473,0.4689242833655527,0.9378485667311054,0.1294795499344362,0.6938865025548175,284.1140200768149,10.220441162398863,0.387168794648908,0.0,0.5806700643301775,0.9375,0.8556695557903279,0.4529214341123663,0.5758877355316081
13.594553026494378,0.8979152108869729,2.4328326320514018,0.5880221116143456,Si3,PU,combo_005,gp,0.5028409074313345,0.49715909256866553,0.9943181851373311,0.11146461933614636,0.5967538566214518,293.4918304474592,10.945811637551493,0.4641356171563118,0.0,0.4304463328447904,0.9375,0.8555455560876405,0.49747330885705493,0.5392989022152785
13.280396782466285,1.1357719098311096,2.2457983716742884,1.4725447229241473,A2,Si1,combo_012,gp,0.4978497542313489,0.5021502457686511,0.9956995084626978,0.1369869069206562,0.7343645629092167,283.0734365677419,8.660278638547023,0.3786283781677153,0.0,0.2602627460904048,0.9375,0.8553106420982143,0.40264800722265803,0.4991035465685456
15.816107111632007,1.1919097955581028,1.848167565052543,0.6476102468570346,A2,PU,combo_011,gp,0.5566380440191523,0.4433619559808477,0.8867239119616954,0.1458807841398558,0.7823184432860498,286.77102236008807,11.811470646533646,0.408975699998435,0.0,0.7123041223762538,0.9375,0.8552985197130886,0.49384652384672684,0.6703229991422448
14.308002447705388,1.0972036580037543,2.121460483090912,1.400987445799367,A2,PU,combo_011,gp,0.4721100687780151,0.5278899312219849,0.9442201375560302,0.14453932908863262,0.7750856050680466,288.27307317224927,8.626064463449083,0.4213035327960148,0.0,0.45237174293490895,0.9375,0.8552824698302457,0.45146277756243663,0.5412316793051266
9.993278710772248,0.8770225294410999,2.58202027834452,0.6993978755411746,A1,Si3,combo_010,gp,0.512613778745056,0.487386221254944,0.974772442509888,0.08221069146325559,0.43902294543451303,294.1578160041191,11.64548482669335,0.46960158310209316,0.0,0.7041410094031028,0.9375,0.8551522738074558,0.5341645837178618,0.5443819934338467
9.613280244565505,0.971765016964555,2.16630801760295,1.3086693304796835,A1,Si1,combo_008,gp,0.5086147800612153,0.4913852199387847,0.9827704398775694,0.11615164079703459,0.6220252721042159,297.2286015808625,9.77367666420679,0.4948045461715271,0.0,0.450502869419838,0.9375,0.8550225683938154,0.5117405983000548,0.5189292272824584
10.617777031035843,1.207650117299633,2.4426614182448896,0.6677484352512776,A2,Si1,combo_012,gp,0.5060124614870478,0.4939875385129522,0.9879750770259044,0.0876396875176722,0.4682949289511938,294.049523029801,10.958971899035891,0.4687127864850028,0.0,0.6068118727315679,0.9375,0.8549891739463671,0.5184172495520866,0.5211548971306504
15.341344846351673,1.1901123740974986,1.8090870896531472,0.6540994710414799,Si2,PU,combo_003,gp,0.5100434702244705,0.4899565297755295,0.979913059551059,0.10456059865868537,0.5595288563739285,279.4236175829423,12.600756599968516,0.34867309448373507,0.0,0.5360908685650538,0.9375,0.8548604346310137,0.4402128752504169,0.5876129079091725
8.756261944261746,1.4614840824097677,1.1759925488270462,2.3362561080025133,Si2,Si2,combo_004,gp,0.5189647120259906,0.4810352879740094,0.9620705759480188,0.09266791721396418,0.4954060661324788,286.2775866760159,14.79423224199994,0.4049259084998049,0.0,0.6919798760681118,0.9375,0.8545015868076272,0.512407550655902,0.6488540994038805
8.422564284026436,0.997611895587138,1.7817863096096225,2.052565022327348,Si1,PU,combo_001,gp,0.5111914745079389,0.4888085254920611,0.9776170509841222,0.09563866476321915,0.5114237004100479,316.6911003272419,10.534843187045402,0.6545397751171115,0.0,0.5975477156601284,0.9375,0.8541142841437264,0.644238377835236,0.5232006253978937
15.843588750136181,0.9234015501997754,1.3119043933410244,1.5658063322925158,A1,PU,combo_007,gp,0.4774908019678463,0.5225091980321537,0.9549816039356926,0.11298526090340663,0.6049528301416868,286.5776066658027,11.028566537412303,0.40738827278207673,0.0,0.5929630775541137,0.9375,0.8540910212511396,0.47465184630174595,0.5688210687787905
15.593276006451557,1.1069189304292997,1.2221590270649156,1.0952884162041905,Si1,Si1,combo_002,gp,0.5251007727207977,0.4748992272792023,0.9497984545584046,0.09398641426969133,0.5025151197577138,282.238301631953,13.776857553214727,0.3717741467605834,0.0,0.736044837298105,0.9375,0.8538843151814162,0.4856167743037677,0.6299833749553365
13.675424507923353,0.6659261992503462,2.3422034421083113,1.9057441304391474,A1,Si3,combo_010,gp,0.4814735445677485,0.5185264554322515,0.962947089135497,0.14017997605979202,0.7515809075651255,284.6714148950156,8.02825813142796,0.3917435201278208,0.0,0.3815475361831192,0.9375,0.8538692150337372,0.41899283719118224,0.505947116267147
12.595872081177895,0.9790401043349023,1.1787473506240913,2.3698620265902046,A1,Si2,combo_009,gp,0.537759666455301,0.46224033354469896,0.9244806670893979,0.12414731697111026,0.6651362448929795,286.3195525665511,11.87228286980183,0.4052703365827505,0.0,0.6611415880188876,0.9375,0.8536632361245468,0.4866141697977584,0.623306637773181
14.232563625180292,0.9879904048843556,1.8106872757475019,1.2088630124240405,A1,Si1,combo_008,gp,0.46431019610199087,0.5356898038980091,0.9286203922039817,0.16193485814339306,0.8688785705907682,280.5761138145931,9.427850075613778,0.3581320160652154,0.0,0.4014877685643868,0.9375,0.8535818594419436,0.40845199848555963,0.5884685013335724
14.567794830890666,1.0316147503778685,1.22928670068486,1.145241102183141,A1,Si2,combo_009,gp,0.5147960117630248,0.4852039882369752,0.9704079764739504,0.10761744032519431,0.5760106916853317,283.4758226847792,10.114352534154985,0.38193089545324277,0.0,0.5506754111470895,0.9375,0.853536714676054,0.44542215895171594,0.5272155223310093
14.54009215824863,0.40000960207083824,2.9494099053098455,1.645202030220223,Si1,PU,combo_001,gp,0.49080718433602044,0.5091928156639796,0.9816143686720409,0.11683856167082521,0.6257290022770358,292.3788812584138,9.06026087714207,0.4550012713647651,0.0,0.43932249506369014,0.9375,0.8534647678220401,0.4771566952790193,0.4989359704171177
13.107397687159931,0.9348334502649889,1.4535997315872762,1.8323577461521443,A1,Si2,combo_009,gp,0.5092107316792038,0.49078926832079617,0.9815785366415923,0.13327092221841974,0.7143287695761908,286.8128492707355,8.30519559064166,0.40931898742701345,0.0,0.3342102902617503,0.9375,0.8533316067465492,0.4287371639723558,0.49342156600637893
14.497989243216292,1.0817873859827682,2.3985771722767106,0.6219247886297292,Si2,PU,combo_003,gp,0.48172149044479795,0.518278509555202,0.9634429808895959,0.10647850836220336,0.5698698145667768,278.23174861225334,11.640014805904631,0.33889102767992557,0.0,0.5866672755518135,0.9375,0.8530603734471823,0.4308768568838338,0.5724069612656097
14.71713441594287,1.047882405199866,1.385705755527083,1.5712575750684434,A1,Si1,combo_008,gp,0.4606366156793058,0.5393633843206942,0.9212732313586116,0.14461938012234007,0.7755172230901801,281.5017591031933,10.346185900302043,0.36572909617418453,0.0,0.5411997671250989,0.9375,0.853019376430351,0.4349542861261288,0.6019947904712419
12.263950979109314,1.042088755193348,1.67377335739031,1.212469382671674,A1,Si1,combo_008,gp,0.5467285361829255,0.4532714638170745,0.906542927634149,0.1504230648787188,0.8068094478075887,285.7358466485302,9.391575596899196,0.400479667118003,0.0,0.5723194273858275,0.9375,0.8529164361051499,0.454893599724135,0.591371835850856
13.331143199670167,1.4065861876016343,1.6821120913664114,0.9869433901906794,A2,Si1,combo_012,gp,0.5079560854703544,0.4920439145296456,0.9840878290592912,0.12502169249565606,0.6698506903789129,285.3055495981494,10.220529677999144,0.3969480754784675,0.0,0.3705596273898881,0.9375,0.8527874643393258,0.4387565822508812,0.5359610691104808
13.1199908704393,0.8644949495669904,2.1983955050429893,0.7271596212371217,A1,Si3,combo_010,gp,0.5447378747913376,0.4552621252086624,0.9105242504173248,0.13409861795585118,0.7187915276515462,283.14985615185344,10.861906002492372,0.37925557922360503,0.0,0.656234612864094,0.9375,0.8527818212862122,0.4599770677418427,0.6135736801038396
14.086057869692425,0.5555493315801188,2.6962796285901764,1.3248435310074003,Si1,PU,combo_001,gp,0.4924954387295184,0.5075045612704816,0.9849908774590368,0.12968453254798348,0.6949917248877903,291.81510367977654,8.154939481070551,0.4503741604386944,0.0,0.3351369784575307,0.9375,0.8525795455746304,0.4563882569839453,0.4826619143882277
12.613558735766368,0.9796179738906161,1.8777067340598952,1.1238532009876554,A1,Si1,combo_008,gp,0.5456979319538391,0.4543020680461609,0.9086041360923218,0.15627921987161097,0.838384580798082,284.71648425897115,9.303186229851317,0.39211341945388833,0.0,0.5226850239768915,0.9375,0.8525507386516973,0.4433795256737439,0.5925480606800275
8.515003576714715,1.0493154572646348,1.6962903227529433,1.7873135218577623,Si1,PU,combo_001,gp,0.5170894324269923,0.48291056757300765,0.9658211351460153,0.09048704934397041,0.48364729384702415,317.77440415008584,10.81709786072184,0.663430811484772,0.0,0.6723721862747891,0.9375,0.8524693732389683,0.6601615390435558,0.5324620141062546
11.853568325983211,1.246705889069705,1.1899506145586582,1.4393295104097026,A1,Si1,combo_008,gp,0.4726163629147493,0.5273836370852507,0.9452327258294986,0.1253935049814878,0.6718554236385196,284.99073216501984,10.157386404119158,0.3943642636353778,0.0,0.5465395586786007,0.9375,0.8524068291458511,0.45404994391496445,0.5613238443334615
14.464436902592189,1.4110904186666875,1.335294748195723,0.5164428821076066,A2,PU,combo_011,gp,0.522049272569312,0.477950727430688,0.955901454861376,0.1103866289579951,0.5909415634710978,293.49750745693376,12.03346087777718,0.46418221026955786,0.0,0.5918885601551481,0.9375,0.8523996415829647,0.5221931623082802,0.5913814881024184
14.299347788001512,1.2135639297783183,2.1101311343551403,0.8300781345988413,A2,PU,combo_011,gp,0.44105552153698113,0.5589444784630189,0.8821110430739623,0.15183450757316222,0.8144196444023857,288.6977737477976,9.679266588249765,0.42478919229701567,0.0,0.6732613624775637,0.9375,0.8523910910052548,0.48426414947806606,0.617085605090865
15.25822089667287,0.9956938487984051,1.1194900597464141,0.8588811464654357,A1,Si3,combo_010,gp,0.5247246840393558,0.4752753159606442,0.9505506319212884,0.13232452153707616,0.7092259798768085,283.8013847676299,11.047542050328584,0.384602892226002,0.0,0.4771300900504689,0.9375,0.8523268594561227,0.44726782562954126,0.5884633786964788
15.660333933903374,1.1610758776503414,2.516575884812129,0.551618755093034,A2,Si1,combo_012,gp,0.5040538771609668,0.49594612283903317,0.9918922456780663,0.1261707027085128,0.6760459072613931,275.850654997425,9.159431548032584,0.3193485969436755,0.0,0.3228433017263221,0.9375,0.8522765432377645,0.3713308466854774,0.5018013080833891
12.422862576446764,0.7810169159173458,2.411974550307038,1.1889062375599493,A1,PU,combo_007,gp,0.4860570103842292,0.5139429896157708,0.9721140207684584,0.14479455189882848,0.7764617117769576,302.0695197542257,8.99217707914771,0.5345355788002569,0.0,0.29654700558032904,0.9375,0.8522180923352684,0.5180183926754585,0.5284044043093444
15.526975607004665,1.0867689101655942,1.3301029022683282,1.2306762689074726,Si3,PU,combo_005,gp,0.4843280366930145,0.5156719633069855,0.968656073386029,0.09368432617454218,0.5008863254736219,289.8782934080094,11.820375359773202,0.434478111518335,0.0,0.6365884862434159,0.9375,0.852179594481766,0.5041965909781375,0.5607092118706454
15.774881637402428,1.5184065474289636,1.4411041593878164,0.5690144956504469,A2,Si1,combo_012,gp,0.4765337167116428,0.5234662832883572,0.9530674334232856,0.10464268259280146,0.559971435359499,279.3358902201446,12.596105760323846,0.3479530867106382,0.0,0.6377160765917291,0.9375,0.8519108879562252,0.4498348602730047,0.6028837355719318
8.650710422224828,1.0707100566278656,2.6706933846232337,0.6303812528466395,Si2,PU,combo_003,gp,0.5125836810306978,0.48741631896930215,0.9748326379386043,0.06415689215843583,0.34168072776348996,308.43652432133996,12.682843451268006,0.5867917122741139,0.0,0.7928585185537372,0.9375,0.8518982398535945,0.6332174295050385,0.5521378592025297
10.88697253826764,1.099394623073526,1.7577732625571425,0.6557664696735391,A1,Si3,combo_010,gp,0.47340108969806494,0.5265989103019351,0.9468021793961299,0.10990608795714386,0.5883505893545181,289.4265167357092,10.709767280750606,0.43077022944612275,0.0,0.6321237942749985,0.9375,0.8517269189139373,0.4924312570161393,0.5601202848325685
14.337351509574967,0.9807472472612512,1.5914985467433271,0.984430986236028,A1,Si2,combo_009,gp,0.5156389590001282,0.48436104099987176,0.9687220819997435,0.11052616989834983,0.5916939383236532,281.9922773807204,9.133574798655886,0.3697549435426967,0.0,0.5257231589063761,0.9375,0.8517046822989583,0.4267001814117389,0.5019992698934825
9.050548528666168,1.0459473294007122,1.78844956580591,2.164866352058759,A1,Si1,combo_008,gp,0.49924113415017013,0.5007588658498299,0.9984822683003403,0.09147817342517817,0.48899122253610416,291.9635207496476,10.72666139936668,0.451592268912032,0.0,0.5073056393791522,0.9375,0.85165835203996,0.49465756516584447,0.5070862192577833
12.569468389490577,0.6511648863001737,2.895140551485186,0.7498763172069121,Si1,PU,combo_001,gp,0.4884576305418875,0.5115423694581125,0.976915261083775,0.10073803763002896,0.5389184263237337,294.41069033718657,11.001248180861328,0.471677007229969,0.0,0.5481096573860734,0.9375,0.8515175756101304,0.5149540444936304,0.5382300057503743
9.474594035096885,0.8973212742396176,2.4476876049381273,1.1665999084968786,A1,Si1,combo_008,gp,0.5009240934611103,0.49907590653888967,0.9981518130777793,0.10863043074260595,0.5814725189741738,299.71808182379107,10.174528927115015,0.5152365421727434,0.0,0.39757942502522725,0.9375,0.8513438333181211,0.5238991726481712,0.5078170725812933
15.465638252702407,0.8812433917310939,2.4328176026359136,0.6176602900708552,Si3,Si3,combo_006,gp,0.4932781132710371,0.5067218867289629,0.9865562265420742,0.08776010075634173,0.468944171334536,278.4432530177827,12.670312210822258,0.34062691499226344,0.0,0.5837326643772337,0.9375,0.8512997452008119,0.4398910585027047,0.564966690120062
13.89586037193292,0.7044715189805695,1.984844927740737,2.268185655095926,A1,Si2,combo_009,gp,0.5123225574476962,0.48767744255230383,0.9753548851046077,0.13207989453609245,0.7079070035009268,283.931235408151,8.178448165780045,0.3856686198112757,0.0,0.3524410415221233,0.9375,0.8509896899564514,0.41300943542732743,0.4904241483789202
12.074381128647932,1.2927851750461128,1.1125746709481545,0.9366294902846329,Si3,PU,combo_005,gp,0.4939301363703983,0.5060698636296017,0.9878602727407966,0.07489497988561417,0.3995781960615054,305.8284560582076,11.55226848212358,0.5653864247750122,0.0,0.6552618461488108,0.9375,0.8507907270739731,0.5955938823929117,0.5206818470681757
15.125883378917418,0.6841116402265219,2.208251958974598,1.4735245035472166,A1,Si3,combo_010,gp,0.5458335100001932,0.4541664899998068,0.9083329799996136,0.15418368146976247,0.8270858867222999,283.49814378563786,9.601855205191061,0.38211409218468206,0.0,0.522338159169179,0.9375,0.8506503714021854,0.4386912260520149,0.5967521938485503
15.68324440702853,0.7756705785458409,1.8056202987975596,1.6369766979979432,A1,Si3,combo_010,gp,0.46394568327720265,0.5360543167227974,0.9278913665544053,0.1556188669571906,0.8348240993697744,284.43443422205763,8.817200035426497,0.3897985405779746,0.0,0.4205936994848223,0.9375,0.8504759246896522,0.42773276612166994,0.5626279518922637
14.928177785087314,0.8399725382623322,1.8038168641249785,1.45939244073641,A1,PU,combo_007,gp,0.47225232618401947,0.5277476738159805,0.9445046523680389,0.1514519814569534,0.8123571455432724,288.13034490577405,8.817325643621718,0.42013211423257535,0.0,0.369275700170071,0.9375,0.850447741762158,0.4438354543465981,0.5470702712494149
12.8420466852996,0.9586751963350356,2.0107338331179427,0.8909801249995717,A1,PU,combo_007,gp,0.46208384855346196,0.537916151446538,0.9241676971069239,0.1579347541362485,0.8473108668406636,296.4009999552836,9.673531014662734,0.488012143157902,0.0,0.42255991440032564,0.9375,0.8503840488907607,0.5034050198169168,0.590834639136516
15.950171102915663,1.3741106684806486,1.2421837687276798,0.6809338242754683,A2,PU,combo_011,gp,0.5253908396411262,0.4746091603588738,0.9492183207177476,0.10797258919781819,0.577925578312843,288.4745378831918,13.43762121125868,0.42295702098097065,0.0,0.6216090019191418,0.9375,0.8502601353186767,0.5073366476097347,0.6298857172563603
8.2291904979537,1.2990954215202983,1.2409953952012323,2.302406520589831,A1,Si1,combo_008,gp,0.5013413236409856,0.4986586763590144,0.9973173527180288,0.07131491387492737,0.3802752471915759,288.4796170238852,13.902792073512964,0.4229987071854035,0.0,0.6296470283128515,0.9375,0.850256358055852,0.5118233470280291,0.5747018128483448
12.804896379560358,0.6817735233709643,2.155374306335604,2.4427350364869422,A1,Si2,combo_009,gp,0.4708244489131346,0.5291755510868654,0.9416488978262691,0.12266224979697958,0.657129080878382,283.7566191720259,8.788547657363615,0.3842354860282745,0.0,0.5624618480213166,0.9375,0.8500955919611052,0.4378003907222498,0.5209272354617722
11.12724597618751,0.9261619758140386,2.2090674511544073,1.0408918956024618,A1,Si3,combo_010,gp,0.4627529864716422,0.5372470135283578,0.9255059729432844,0.12078564255525193,0.6470108167101023,289.35781371050297,9.647308551394119,0.430206360766999,0.0,0.6496251368770662,0.9375,0.8500861313595954,0.48544152825505776,0.5540685234866773
10.233354063069212,0.9618836643620671,2.864565101843645,0.7624899122404087,Si2,PU,combo_003,gp,0.5057956250133291,0.4942043749866709,0.9884087499733418,0.06802229658969243,0.3625221602609403,299.5523075701984,11.985537393091242,0.5138759774941802,0.0,0.6890087026167149,0.9375,0.8498613898569105,0.5663143953149411,0.5246852543095386
14.86144816866575,1.2324464384129707,1.3909368870832708,1.8127637526555238,A2,Si3,combo_014,gp,0.4993920759612833,0.5006079240387167,0.9987841519225666,0.09562947617461107,0.5113741575090067,286.93660146437367,9.055182106796211,0.4103346630214428,0.0,0.4654525096906382,0.9375,0.8498591390058344,0.44846317935143953,0.4626916565175283
15.105169240918453,0.930726991509713,2.635765636649682,1.7701047336583966,A2,Si1,combo_012,gp,0.4829863666952221,0.5170136333047779,0.9659727333904442,0.15196317442479423,0.8151133884984145,280.5268117772089,8.37140885572504,0.3577273777743321,0.0,0.2608618328448834,0.9375,0.849811918329799,0.38580826810484353,0.5195141822253071
13.61079866948857,1.1553525339967092,1.6143070252693197,2.4305357639614003,Si2,Si2,combo_004,gp,0.48294791280940785,0.5170520871905921,0.9658958256188157,0.10325902152593947,0.5525110313481704,280.03277725514135,10.814055146270006,0.35367267141222336,0.0,0.5697154418213894,0.9375,0.8497546397776481,0.43304126733812126,0.541082163331059
15.328348505206808,1.0573007446086287,1.7785566289648023,0.6606415427395357,A1,Si1,combo_008,gp,0.4810543240568208,0.5189456759431792,0.9621086481136416,0.14648314962942904,0.7855662689438823,277.3137133043185,11.538298644680824,0.3313564052245033,0.0,0.31313030436193184,0.9375,0.8497449497753454,0.3974499874827173,0.6040738966474497
10.786729163904624,1.1051293474088357,2.3065234834802535,1.1647362978190339,A2,PU,combo_011,gp,0.4711063415247665,0.5288936584752335,0.942212683049533,0.12869278492444136,0.6896444341920427,313.5719024169556,8.278221577391275,0.6289394758534387,0.0,0.5185955667917324,0.9375,0.8497153963092244,0.6006981642870827,0.511698297772733
12.422646388644619,1.1995600641296333,2.519902379406858,0.5738170744366907,A2,Si1,combo_012,gp,0.48518583383403424,0.5148141661659658,0.9703716676680685,0.09772494543957848,0.5226724788135391,283.6455606163853,10.104424855253805,0.3833239913613874,0.0,0.5822816165660513,0.9375,0.849544170196703,0.4494799689946115,0.5130151569172698
8.598849441355224,1.340645206556232,1.107801697669333,2.3562633647754376,Si3,Si3,combo_006,gp,0.4924743179301565,0.5075256820698435,0.984948635860313,0.07385351914983151,0.3939628629160154,291.3665099490327,14.895678030249769,0.4466924018311441,0.0,0.6635443690218438,0.9375,0.8492720248245736,0.5395973581834812,0.6118724973721174
15.035317150399235,0.8919070157425316,2.0714948416569228,0.8505793101351415,Si1,Si1,combo_002,gp,0.5214764938402823,0.4785235061597177,0.9570470123194355,0.11588051693412603,0.6205634303260141,280.02130197374333,10.510881426257976,0.35357848994430324,0.0,0.5259801129490977,0.9375,0.849121201279976,0.42622050864992816,0.550005657935491
14.28339748409582,0.6580752838440138,2.651157475127502,1.4896809572156808,A1,Si1,combo_008,gp,0.4673783877963871,0.5326216122036129,0.9347567755927741,0.15741964469305997,0.844533507089585,281.5463760361451,8.679405252765365,0.3660952822478627,0.0,0.3663590335779941,0.9375,0.8491023343223326,0.40463470013047087,0.5541029297151403
14.849231976226735,1.1053715705555096,1.4947006551354132,0.6763177894210133,Si3,Si3,combo_006,gp,0.48681877602059487,0.5131812239794051,0.9736375520411897,0.09040477082324008,0.4832036656921215,284.1895167600154,11.617527953160698,0.3877884211487125,0.0,0.6096684853419586,0.9375,0.8490588751994258,0.46722852876412696,0.5449058047839497
14.701530219159299,1.0482021395244974,1.7795267103252506,0.5760346332542693,Si3,Si3,combo_006,gp,0.4971450382020226,0.5028549617979774,0.9942900764040452,0.08967733419381407,0.4792814832457619,282.703927791781,11.782440137262208,0.375595696203561,0.0,0.5163047450746809,0.9375,0.848854922944293,0.450652561334371,0.5340620790926545
9.855440230549437,0.9684136635984488,2.211609963288751,0.9444468151681369,A1,Si3,combo_010,gp,0.48077647928202083,0.5192235207179792,0.9615529585640417,0.0960852842930045,0.513831777222605,294.7580279523802,10.266632478037584,0.47452772307110364,0.0,0.6282932795667862,0.9375,0.8488374200737607,0.5191978183877337,0.5212819089474188
8.794108707403616,1.0985526216160142,2.431878316649458,1.1523228891800583,Si2,Si2,combo_004,gp,0.5064773917531493,0.4935226082468507,0.9870452164937014,0.058689311791192966,0.31220070589906834,293.5145037684393,10.520011055861904,0.4643217046759516,0.0,0.7464899174171262,0.9375,0.8488307241692962,0.5258634487106566,0.4754061576124655
15.306623945149294,1.5616221436742763,1.168423291440048,0.5361945328510744,A2,Si1,combo_012,gp,0.5158111557910061,0.4841888442089939,0.9683776884179878,0.0938152079441196,0.5015920119326474,282.03560810336063,13.3948136181717,0.3701105732586705,0.0,0.609387057315819,0.9375,0.8486516262063667,0.46878570456843804,0.6001588542190532
14.047848947812495,0.9073735598849598,2.4728782087218715,1.7806997712928256,A2,PU,combo_011,gp,0.49660949636762197,0.503390503632378,0.9932189927352439,0.12116524520445561,0.6490575528615016,288.88377195183256,7.774323192925126,0.42631574169296704,0.0,0.3185224287635869,0.9375,0.8484667932740526,0.4348963321572352,0.4536292531513622
8.242376315835905,1.2262352690349476,2.1204964803804605,1.3264359361666607,Si2,Si2,combo_004,gp,0.48394446292812887,0.5160555370718711,0.9678889258562577,0.06430684599398101,0.3424892467158607,295.18990846611234,10.84907734433575,0.4780723107233431,0.0,0.7963796342288284,0.9375,0.848336951256028,0.5430625183529398,0.5025369624678842
14.449829581923302,0.9549363895904693,1.2312647356232413,1.7796426382674901,A1,PU,combo_007,gp,0.5009660486051344,0.4990339513948656,0.9980679027897312,0.08980992394646292,0.47999637878355855,289.0132298840505,10.143243840657838,0.4273782461900064,0.0,0.4933671387805625,0.9375,0.8482854191719454,0.4717314059788932,0.48580852257874335
14.22022584173947,0.7172862443574967,2.7128394695553935,1.1909973542472438,A1,Si1,combo_008,gp,0.4525828926374089,0.5474171073625911,0.9051657852748178,0.15232213601135586,0.8170488324625717,280.7312450620907,9.623282750331233,0.35940523003730374,0.0,0.5300931626349401,0.9375,0.8482490953438572,0.4237388270180846,0.5949915398068139
9.23331589569981,1.2275683981861467,2.2073449051333576,0.6578818875960077,A2,PU,combo_011,gp,0.4867579032044418,0.5132420967955582,0.9735158064088836,0.10326903756520164,0.5525650356858501,325.62579063646524,10.132093306786256,0.7278697632496572,0.0,0.5222291917289422,0.9375,0.8482421321116034,0.6848740905825648,0.5152303212215759
9.879310785159806,1.4694874825498232,1.349848402543798,0.8851456015888979,Si2,PU,combo_003,gp,0.4982906641511229,0.5017093358488771,0.9965813283022458,0.07087165438456368,0.37788528699166324,305.52617317099845,11.71048642156058,0.5629054881376406,0.0,0.6179486157080931,0.9375,0.8479683818913675,0.5913686373574946,0.5118419121194748
15.832543977132708,0.6854477249967513,2.5484465237680527,1.0433974449305696,A1,Si1,combo_008,gp,0.5629562634848497,0.43704373651515027,0.8740874730303005,0.15670695236642854,0.8406908227648011,279.3939932282157,11.277518286561536,0.34842995750804234,0.0,0.6446640594518362,0.9375,0.8479115874478581,0.4405065323847993,0.6659284435294068
8.63974576644731,1.298529559816661,1.1868465653994658,2.2537930503352186,Si3,Si3,combo_006,gp,0.5036831987073382,0.49631680129266176,0.9926336025853235,0.07095760341262224,0.3783487057356423,292.9488224848203,14.131663996025909,0.4596789694071353,0.0,0.6353655407395309,0.9375,0.8479096558429039,0.5398690720357623,0.581177215937255
14.5533615726367,0.6157447257377593,2.457761181928784,1.312473359649926,Si1,PU,combo_001,gp,0.5079996760463672,0.4920003239536328,0.9840006479072656,0.14211669192492574,0.7620232645520252,289.698573415838,7.530767722450318,0.4330030895044764,0.0,0.22409515694683396,0.9375,0.847887257698348,0.42822172529939956,0.47230758046577337
9.7850551888972,1.2056639327285896,1.350712530484583,1.187039594517207,Si1,PU,combo_001,gp,0.5009164043541767,0.4990835956458233,0.9981671912916465,0.07846959303135936,0.4188517442519927,312.8296242782651,11.411124674059163,0.6228473512002728,0.0,0.561322635172728,0.9375,0.8478371264408513,0.6253139860738643,0.509456524271509
13.239299084523713,1.2058823761026292,1.7835417199067676,1.2885535812781634,A2,PU,combo_011,gp,0.5258002982090417,0.4741997017909583,0.9483994035819165,0.12813699304829093,0.686647723478992,296.57064475819743,8.843624910670561,0.48940447472775794,0.0,0.4781690011231164,0.9375,0.8477926012962864,0.5034220061849899,0.5201289615574816
11.792320805079232,1.392716760212538,1.5071125764442086,0.6327995265930166,Si2,PU,combo_003,gp,0.49929428205742354,0.5007057179425765,0.9985885641148471,0.08416064512993814,0.44953667781105205,294.7482396906011,11.586418145910923,0.4744473875367699,0.0,0.5228577582999451,0.9375,0.8477863115032347,0.5189643784172241,0.5192455105690774
13.555423624581561,1.0009139420549946,1.2755524214124967,1.5132877095468944,A1,Si2,combo_009,gp,0.5159529574494073,0.4840470425505927,0.9680940851011854,0.12059064118403916,0.6459594110972309,285.8752238213523,8.724417711470277,0.4016235821363491,0.0,0.43364925523007947,0.9375,0.847731422341625,0.43658708566116494,0.4959329664180369
15.833208497439358,0.8890606846540235,1.4243459453356264,1.3920559611124654,Si1,PU,combo_001,gp,0.520901234289596,0.479098765710404,0.958197531420808,0.09459794344048036,0.5058123540212649,287.4405875750813,11.769648579429594,0.4144710453959954,0.0,0.644366795013739,0.9375,0.8476874006628222,0.49057103859482676,0.5622055387664
15.287706941651734,0.7463700633116177,2.840851645825906,0.8521154422121402,Si3,Si3,combo_006,gp,0.49185061588851653,0.5081493841114835,0.9837012317770331,0.07776423138453734,0.4150485853820804,278.4961394230601,12.561766895971909,0.3410609713878566,0.0,0.6319196967251436,0.9375,0.8476605320471026,0.4441610245956217,0.5503472717231267
11.876964946638667,0.9738874236494439,1.7758995877284938,1.5743878691727602,A1,Si1,combo_008,gp,0.5448425093535434,0.4551574906464566,0.9103149812929132,0.14150797285984307,0.7587411817763537,286.5891977049126,8.929150158791362,0.4074834043122086,0.0,0.5699794916941257,0.9375,0.8476522263267374,0.4559300698773091,0.5614844192885695
10.081104082265298,1.2347265819658069,1.1940403873220748,0.675083848017806,A1,Si3,combo_010,gp,0.5079920587645788,0.49200794123542124,0.9840158824708425,0.08625982833038974,0.46085502385997285,294.107170860612,12.324402046079388,0.46918592149057464,0.0,0.5763273861229451,0.9375,0.8476306953798226,0.5264248601169617,0.5515152838838595
14.4518905157374,0.47933356225163476,2.9239491662467803,1.9918570328660758,A1,Si3,combo_010,gp,0.4783557921017021,0.5216442078982979,0.9567115842034042,0.1200930629091196,0.6432765756492561,283.11949460246075,9.877051342174932,0.37900639184501694,0.0,0.4889826940043435,0.9375,0.8476114224339677,0.43534183622677913,0.5349810294498065
11.11552757110099,1.1761027447962347,1.3079337274688383,0.712807936870564,A1,PU,combo_007,gp,0.5323838023240768,0.4676161976759232,0.9352323953518464,0.11717554681876727,0.6275459539927957,306.80916936942555,11.102361411252286,0.573435466541888,0.0,0.6075948365500119,0.9375,0.8475947599933944,0.5929276847301288,0.5809521201153012
14.489868827338107,1.034908693465397,2.0520692269303282,0.5740881561570567,A1,Si1,combo_008,gp,0.4707949647849361,0.5292050352150639,0.9415899295698722,0.14428190022983794,0.7736976038177554,276.95190858740307,10.611940397472695,0.32838695304658944,0.0,0.4059410129634374,0.9375,0.8475893778195754,0.39737629744230324,0.5883749648274443
15.576140814044805,0.6972342040130066,2.8706073176587332,2.3416671922244756,Si2,Si2,combo_004,gp,0.5053716685794232,0.49462833142057683,0.9892566628411537,0.0961008605663757,0.513915761151273,277.42294594394207,10.655141624311373,0.3322529139886641,0.0,0.48857707424512414,0.9375,0.8475199055294307,0.408685403228574,0.5110343735817027
12.564697371713999,0.8835682094318766,1.7067634887082908,1.9296074382026773,A1,Si2,combo_009,gp,0.48478990011814105,0.515210099881859,0.9695798002362821,0.13496584647560994,0.7234674380189745,286.92789812346814,8.153355240657055,0.41026323179515206,0.0,0.3324756114881788,0.9375,0.8473419873081768,0.42803202671156626,0.4921856566013647
15.843826250833223,1.2303875748810142,1.6229076187438993,0.5364643408412031,Si2,PU,combo_003,gp,0.5200435601124909,0.47995643988750913,0.9599128797750183,0.09719772242833559,0.5198298052989466,279.43147599519097,14.073216315341014,0.34873759109827795,0.0,0.6164465171882538,0.9375,0.8472508152024801,0.45985912354855174,0.6262509626461307
14.004050105175065,1.3161068173757087,1.138512757661275,2.414266918334891,A2,Si3,combo_014,gp,0.49267515117983507,0.5073248488201649,0.9853503023596701,0.08584868283921512,0.45863821546298933,286.7242678040318,11.287862789701967,0.40859196973783385,0.0,0.5691165582778414,0.9375,0.8471727734038769,0.4751464424375258,0.5211622864301253
14.318554140783373,0.9039794291271847,2.7341157433464502,1.5083902777300453,A2,Si1,combo_012,gp,0.5242331531754303,0.4757668468245697,0.9515336936491394,0.1450324434395932,0.7777443719944683,281.91004430401574,7.851594851767167,0.3690800292110125,0.0,0.3511699115433632,0.9375,0.8471296172421869,0.3987030172409826,0.50569103666585
15.508606390572428,0.8858098538119976,1.6243838794753205,2.1608570323199934,Si1,Si1,combo_002,gp,0.4912509428627061,0.5087490571372939,0.9825018857254122,0.0808326321435288,0.43159274484351523,281.7271848671633,11.784953057689014,0.36757924072587944,0.0,0.6138040219367642,0.9375,0.8471187965300848,0.45481070809201346,0.53206499485152
15.73170297048663,1.3818736048244842,1.2714020475958046,1.663708178609986,A2,Si1,combo_012,gp,0.536363368741064,0.46363663125893595,0.9272732625178719,0.10489668129643123,0.5613409419480809,283.75616226876207,12.554268762026158,0.3842317360705528,0.0,0.7187369056328411,0.9375,0.8470989379585331,0.483003386157031,0.6143660467320143
11.95862140751967,1.072317919088278,1.1002664246954013,1.7427669578159803,A1,Si3,combo_010,gp,0.4956368525340711,0.5043631474659289,0.9912737050681422,0.10644932069267482,0.5697124409063861,288.89283424388884,9.882368986153656,0.426390118951265,0.0,0.4098367031778177,0.9375,0.8470501503066742,0.46063761391777885,0.49750787096329835
12.940655884296113,1.1267448523138266,1.3932314862435804,0.7684667662241536,A1,Si2,combo_009,gp,0.4920259730676726,0.5079740269323274,0.9840519461353452,0.11090192621465758,0.5937199358721873,282.3932987486393,9.270702820592529,0.37304625987629536,0.0,0.4132557715911434,0.9375,0.8467902592092292,0.4188344455653402,0.4896080460188041
12.91917450523362,0.9185462437564238,2.1270855265802258,0.5885544245593152,A1,PU,combo_007,gp,0.5508400263674815,0.44915997363251847,0.8983199472650369,0.1539478862195786,0.8258145292544531,296.6285146977242,11.105997889921271,0.48987943265375883,0.0,0.5360626600643755,0.9375,0.8462517871690728,0.5273138063309452,0.6397162653827824
15.182939620212677,0.7473665863004015,2.647287324353684,1.0251371055236165,Si3,PU,combo_005,gp,0.47528844840945084,0.5247115515905492,0.9505768968189017,0.12520041454079187,0.6708143213535618,287.5594934836161,10.0737615135959,0.41544694590960884,0.0,0.47425066939368105,0.9375,0.846213612157975,0.46092209514139476,0.5478171941113504
11.866466057303132,0.9631732548128529,1.5256034608405817,2.1790335667527545,A1,Si2,combo_009,gp,0.46524981834940604,0.534750181650594,0.9304996366988121,0.1293782003711095,0.6933400474243688,286.876224893349,9.868230573359885,0.40983913233336144,0.0,0.5408856199704298,0.9375,0.8461424574956783,0.46204576383170304,0.5600461917986682
15.821916787489236,1.5822700865551758,1.2098303124392535,0.5749665363691234,A2,Si1,combo_012,gp,0.4789770257169721,0.5210229742830279,0.9579540514339442,0.09401239230432518,0.502655187754444,280.2619539417161,13.605246253781715,0.35555360103878636,0.0,0.6368829900920372,0.9375,0.8461147700030981,0.46299827485857425,0.6104403571556315
14.096576898313254,0.8323926851625056,2.734115414621468,1.3777752809256008,Si2,PU,combo_003,gp,0.49888722869491353,0.5011127713050865,0.9977744573898271,0.08488566533397361,0.4534458314094456,282.5150782658079,10.088849470210958,0.3740457450559374,0.0,0.5089133095371681,0.9375,0.8461103738243527,0.43552602794803563,0.47735240151695024
15.207018870544424,0.7079421592058587,2.9761651252783308,0.6772961417381527,A1,Si2,combo_009,gp,0.5034391207537725,0.4965608792462275,0.993121758492455,0.07436536376760564,0.3967226194279762,275.87821948060906,13.100989930300003,0.3195748278654882,0.0,0.5971777186327424,0.9375,0.8460872483428817,0.4298818906200906,0.5535456619731143
13.194499705151166,1.086414905730018,2.3179722605304978,0.8005294152580901,A2,PU,combo_011,gp,0.5475319599258341,0.45246804007416586,0.9049360801483317,0.14813699104452333,0.7944834275044341,295.7158603638403,9.536752029424967,0.482388973649966,0.0,0.5402501329493031,0.9375,0.8460226237649585,0.5101634830973396,0.5862383784349635
13.905746260990878,1.2164905151976508,2.1174245918746992,0.6079408504805021,A2,Si3,combo_014,gp,0.4837619274528251,0.5162380725471749,0.9675238549056502,0.09676933584993708,0.5175200366537019,280.33556578918996,9.979005505935223,0.35615775806212485,0.0,0.5720315642764315,0.9375,0.8457699736121621,0.4284534855765397,0.5062263922391924
15.600361124102836,0.5538404015550183,2.662694984141476,1.656924162795752,A1,Si3,combo_010,gp,0.5281163668551088,0.47188363314489123,0.9437672662897825,0.14165682283195757,0.7595437489336184,281.9692695819778,10.808686688226853,0.36956611085232266,0.0,0.3976431382818924,0.9375,0.8457038359134046,0.4269172776704089,0.5875851847286286
11.288110081202824,0.7840708047962855,2.146613285954559,1.7694953838425729,A1,Si2,combo_009,gp,0.5216123079924913,0.47838769200750875,0.9567753840150175,0.10726671306064325,0.5741196454211818,291.8882412390278,8.523286643716588,0.4509744248201473,0.0,0.554884622658622,0.9375,0.845678339691087,0.48167641451881016,0.48344506137216386
14.044187118856959,1.1067163848446937,1.7311212064239423,0.679477376540413,Si3,PU,combo_005,gp,0.46605488952677376,0.5339451104732262,0.9321097790535475,0.11805751661204784,0.6323013461486099,294.11758494132806,10.732726197944288,0.46927139332998846,0.0,0.6014628369212714,0.9375,0.8456682821666144,0.5164963083889362,0.5715350694705643
15.32030757049354,0.9457243212258718,1.6717303482303683,1.1746376006782038,A1,Si1,combo_008,gp,0.531749109046693,0.46825089095330696,0.9365017819066139,0.1549863705730998,0.8314138143845046,280.99849204285766,10.735228320499516,0.36159861528624404,0.0,0.34607124183179266,0.9375,0.8455859657256645,0.41560585734255584,0.6029844799158656
10.170714988176035,1.1323125499286033,1.5525286779980991,0.9131234123278977,A1,Si3,combo_010,gp,0.48208452478478847,0.5179154752152115,0.9641690495695769,0.10121402704399901,0.5414848592590663,293.30081876809965,10.450706610358935,0.46256792049354595,0.0,0.557781243301482,0.9375,0.8455516719036972,0.5052205758517792,0.5254440623524164
15.427531442443023,1.2142949872073876,1.1436198759155352,1.0391257456886818,Si1,Si1,combo_002,gp,0.4663407525846708,0.5336592474153292,0.9326815051693416,0.09003757691777445,0.48122383482827846,281.03676528618973,14.00483672108171,0.3619127365800104,0.0,0.775535303559197,0.9375,0.8455410720037976,0.48445351181074303,0.634722368194633
15.907231588303297,0.7215765659334259,2.996915442916323,2.0053181786145453,A2,Si1,combo_012,gp,0.5298753472342739,0.4701246527657261,0.9402493055314523,0.13538538081220572,0.7257294772730871,282.0159785097564,9.77732759588946,0.36994946662640604,0.0,0.45146071762569046,0.9375,0.8454002498794526,0.4244665039323129,0.5554697440488425
15.413797022795173,0.8016131155377595,1.8900929721434347,1.9056522149013377,Si1,Si1,combo_002,gp,0.5034515982241574,0.4965484017758426,0.9930968035516852,0.09134817305793458,0.48829028840961475,282.1006331772153,10.495276714830144,0.3706442557623783,0.0,0.4836956683456978,0.9375,0.8453385890887714,0.4338155319862662,0.49693840260833033
14.550555324168837,0.9348917135874348,1.7768487464605567,1.496113418577293,Si3,Si3,combo_006,gp,0.49029504984171624,0.5097049501582838,0.9805900996834325,0.08523431306993613,0.4553256653010029,285.99127274871904,9.373037397757582,0.40257603445109963,0.0,0.5805157276425693,0.9375,0.8452969643812204,0.4570350773265959,0.4690723235647285
15.925559164516125,0.7113313435796489,2.9173823121733307,0.6244938071881236,A1,PU,combo_007,gp,0.45145423106671956,0.5485457689332804,0.9029084621334391,0.1408764686964059,0.7553362466322566,283.26389540383144,13.52814982991358,0.3801915374610784,0.0,0.5888870159659303,0.9375,0.8451453164998908,0.474839673793549,0.6895598746258833
15.000808833518256,0.9969599677309958,1.4835736245934694,1.274265917504776,Si3,Si3,combo_006,gp,0.5141026635804735,0.4858973364195265,0.971794672839053,0.09048025376489906,0.4836106535406823,286.8112734010864,10.328821938151473,0.4093060537383607,0.0,0.5849961712929521,0.9375,0.8448776902101902,0.46970141040642366,0.5059195992441476
13.79378017882908,0.9696110938927692,2.43689086454222,2.0393370859453213,A2,Si1,combo_012,gp,0.49588495177084013,0.5041150482291599,0.9917699035416803,0.12254168121546478,0.6564790009197017,282.0816864089945,8.064102864612506,0.37048875330614384,0.0,0.28825606070644505,0.9375,0.8448588404853267,0.3950668977831262,0.4596531348214959
12.73319243496895,1.1802929625505727,1.3142759419840317,0.6163075570660305,A1,Si2,combo_009,gp,0.49166559223485606,0.5083344077651439,0.9833311844697121,0.10479464308328941,0.5607907737653781,282.34683516719736,10.059231208934461,0.37266491774155813,0.0,0.4368203870641125,0.9375,0.8444265201749598,0.42711751791645,0.5032949576458174
9.313687905185942,1.4500811359340597,1.1784136353573502,0.6127869224024476,A1,Si1,combo_008,gp,0.4771612972049297,0.5228387027950703,0.9543225944098594,0.08604079448165744,0.4596740402774795,293.83630404015446,13.474539627793659,0.4669628270080333,0.0,0.6904326763120695,0.9375,0.8443344659452771,0.5453130575022586,0.5998361539229272
12.760812104527295,1.297279605175845,1.1072131046842664,1.0991060570596858,A1,Si1,combo_008,gp,0.44829675578205297,0.551703244217947,0.8965935115641059,0.1316019710198971,0.7053301423007932,282.91750079403295,10.94705967698844,0.3773485611802464,0.0,0.668604094669458,0.9375,0.8440509327961178,0.4605479486676155,0.6130585763164365
8.258932493306505,0.46128748949399834,2.9870690829798594,2.3753747794244875,A1,Si2,combo_009,gp,0.4902340960714895,0.5097659039285105,0.980468192142979,0.10057670721285739,0.5380485672807631,319.90349277806587,10.112342825116801,0.6809049531079845,0.0,0.47254776750825134,0.9375,0.843866949774489,0.6468754495486988,0.5021543833525006
13.371202228367792,0.6919673564538992,2.9190652092168867,0.5005696015744776,Si1,PU,combo_001,gp,0.4727056412809887,0.5272943587190113,0.9454112825619774,0.10537409643549545,0.5639150620876475,288.2386764607817,12.35452955197286,0.4210212274942727,0.0,0.6057056072530653,0.9375,0.8438656873622895,0.4958840349935414,0.5928212653964904
15.467839523826788,0.6302052439538656,2.0457135752983273,2.196556230702008,A1,PU,combo_007,gp,0.5075635181462168,0.4924364818537832,0.9848729637075664,0.08384031065925789,0.44780950297953814,284.9332254954276,9.378075347398953,0.3938922871870854,0.0,0.5577287356374742,0.9375,0.8438125026467106,0.44871732596220276,0.4631621161746939
10.03228937551047,0.7356210581536271,2.4128715312534093,2.4988451732735157,Si3,PU,combo_005,gp,0.4944787793460481,0.5055212206539519,0.9889575586920962,0.09528414527068915,0.5095122072651528,310.0807046637157,9.601674956664269,0.6002860496066251,0.0,0.4658428593160693,0.9375,0.8437827930743689,0.5857606504876502,0.47712215585013373
14.054239390890363,0.6887941168675429,2.745539817012554,1.268164802945706,A1,Si1,combo_008,gp,0.4545444459990051,0.5454555540009949,0.9090888919980102,0.1516345208489397,0.8133413588342401,281.5951393790793,9.39166023847229,0.3664954992934358,0.0,0.4801323378943533,0.9375,0.8436572176454821,0.4218866381208306,0.5798322681671029
8.815300137568634,1.0679466296816975,1.5527026961647252,2.017702896813356,A1,Si2,combo_009,gp,0.5059993441492932,0.49400065585070685,0.9880013117014137,0.0954779230228787,0.5105570153864218,297.0525911088379,11.82320792183993,0.4933599694287331,0.0,0.4677651569164464,0.9375,0.8436156402771513,0.5285538071357103,0.5388483238765481
14.458693151391838,1.000812247589668,2.227150078166045,1.5366990289978633,A2,PU,combo_011,gp,0.535488584575802,0.46451141542419805,0.9290228308483961,0.14074582958527918,0.7546318685356056,288.2334017168196,8.437703293944956,0.4209779359084703,0.0,0.45532472442402255,0.9375,0.8435485169991993,0.4500506621676728,0.5293375837137599
14.175593204292689,1.236436483449562,1.6499232612240022,1.7875483112999662,A2,Si2,combo_013,gp,0.50015954982351,0.49984045017649004,0.9996809003529801,0.08953146766139394,0.4784950021561019,286.6453109458077,8.647253840973951,0.4079439444256885,0.0,0.44937964050304263,0.9375,0.8434115401975762,0.4419782888788136,0.43755866988693803
8.323689836444665,1.2989287158880054,1.3800585840853923,0.740363331594339,Si1,PU,combo_001,gp,0.48834102365754006,0.5116589763424599,0.9766820473150801,0.0695915941039342,0.3709834762223478,320.10443842582276,13.35337229885133,0.6825541811679754,0.0,0.6821463000041308,0.9375,0.8432782428363514,0.6944466506894178,0.5642204902284184
9.8689010591737,1.5434364612098797,1.1515123775761378,0.6223882120748955,Si2,PU,combo_003,gp,0.5121911841919378,0.48780881580806223,0.9756176316161245,0.06096768011554429,0.3244851797441145,305.56304973664663,13.72341071284111,0.5632081464310746,0.0,0.7408106311580668,0.9375,0.8431498732458648,0.6196773515863735,0.5669184584750011
13.842924014647014,0.9192137479021079,1.6018580309732768,1.2228314186909515,A1,PU,combo_007,gp,0.5495369935042476,0.45046300649575244,0.9009260129915049,0.15717731171629953,0.843226899600801,293.18958772456256,9.104102959968051,0.4616550101608705,0.0,0.47887796297321494,0.9375,0.8431232029491504,0.4861142198731932,0.5821988169276808
12.728304583451486,1.086137788798864,1.5780011922369401,0.6982666605564589,A1,Si2,combo_009,gp,0.5087194804495141,0.4912805195504859,0.9825610391009718,0.10850174489236562,0.5807786724417195,282.5221142348522,9.074591230403707,0.3741034916043529,0.0,0.4062771402654321,0.9375,0.8430722045151787,0.4173362727092763,0.4786405073533181
14.760560287477286,0.749268117450649,2.6818064734319247,2.4496228120719747,Si2,Si2,combo_004,gp,0.505334818123659,0.494665181876341,0.989330363752682,0.09711663852252879,0.5193926182517551,277.951985347209,9.864851804882926,0.3365949171046721,0.0,0.4459539758522355,0.9375,0.842950841091769,0.4012551099911059,0.48483195928009115
8.513161736932231,0.9134249572497093,2.117853614076588,2.4828566671789885,Si3,PU,combo_005,gp,0.49331559727362695,0.506684402726373,0.9866311945472539,0.0982640381418557,0.525579151159006,314.20181202047286,11.13542456505743,0.6341093544000754,0.0,0.45110016848096046,0.9375,0.8429289549107893,0.6200096362327628,0.5226984777439452
13.819405329486038,0.8225585075346599,1.9348924582955003,1.8068630180295535,A1,Si1,combo_008,gp,0.525735538591114,0.474264461408886,0.948528922817772,0.14330019505650338,0.7684044598618464,282.42173135624813,8.433536748542796,0.37327961578527175,0.0,0.3429784267906628,0.9375,0.8428963774716608,0.4053944819015233,0.5171915035749295
15.217948294114985,0.9461017922250723,1.7522435594881733,1.2562305322370366,Si3,PU,combo_005,gp,0.5096530371316383,0.49034696286836166,0.9806939257367233,0.11486064526835926,0.6150645008204073,289.8798382806031,9.375411188994324,0.43449079080379877,0.0,0.3720098650464153,0.9375,0.8427350687298294,0.4585434656199172,0.49377029447826287
14.94604863943043,0.9742640183546823,1.4839675796888372,1.5794154878577908,Si3,Si3,combo_006,gp,0.5087843496861808,0.4912156503138192,0.9824313006276384,0.08403805268240802,0.4488756856004477,287.52840624499555,10.130929477483452,0.41519180255710053,0.0,0.5588195125299981,0.9375,0.8426587145610868,0.4696494088008144,0.4843956019921111
13.713098811125853,1.1701341845593656,2.129020487576229,1.4494424555038778,A2,Si1,combo_012,gp,0.5182988443431213,0.48170115565687865,0.9634023113137573,0.14374398750320608,0.7707972936481484,282.5406205693095,9.033092327866237,0.37425537927355723,0.0,0.267959272328464,0.9375,0.842540026500787,0.40328485130833047,0.5232584986701004
15.928411449522656,1.5249770113911174,1.1349583070964309,0.6328257535656616,A2,Si1,combo_012,gp,0.5290158743812299,0.4709841256187701,0.9419682512375402,0.09690986967923762,0.5182777649507183,281.7614530784693,14.077206730137235,0.3678604913838677,0.0,0.6643381562864907,0.9375,0.8424471391554716,0.47806566064494066,0.6330011948422694
10.486806329416252,1.3075331994304158,1.4745278289848887,2.0640002997116222,Si2,Si2,combo_004,gp,0.5159218445547751,0.4840781554452249,0.9681563108904498,0.0898029820654862,0.4799589496486893,284.6569033455269,11.424325268646433,0.39162441899337086,0.0,0.5862104807494071,0.9375,0.8423199337226704,0.4660504030620934,0.534940120410728
15.415534576777613,0.8912528370572214,1.9515291598301094,1.2932633189591902,Si3,PU,combo_005,gp,0.4915101242544644,0.5084898757455356,0.9830202485089288,0.12249120633535893,0.6562068511808447,288.40515962148004,8.772305050526827,0.4223876104102734,0.0,0.3091099890379098,0.9375,0.8422708491422728,0.4390441132221017,0.4821551508778996
15.01972352605041,1.079604637532853,1.4690952594527713,1.1284008289386835,Si3,PU,combo_005,gp,0.47709190476864904,0.522908095231351,0.9541838095372981,0.10624289744688145,0.5685994509930102,290.95352466215843,10.765819271231788,0.44330289361795566,0.0,0.5461538631277802,0.9375,0.8421951518724359,0.493047393024598,0.5418528214440994
9.95106836638271,1.203239686895821,1.1725146831249276,1.3336919008498551,A1,PU,combo_007,gp,0.5175847406482177,0.4824152593517823,0.9648305187035646,0.08303361816052997,0.443459989867149,310.26792411280485,11.04220048520634,0.6018226221687111,0.0,0.6423433189930943,0.9375,0.8420231802803128,0.6158010037941594,0.5200804216210991
10.22174834910468,1.1422709354318936,1.7380024129652203,0.8766766150635585,A1,Si1,combo_008,gp,0.5388201115632114,0.4611798884367886,0.9223597768735772,0.12182822093637259,0.6526321759597897,292.89716054705025,10.513389156172488,0.459254962625426,0.0,0.5937447181452156,0.9375,0.8419325951972617,0.5069901971829024,0.5714633496647481
10.136750839800785,1.1217008756203086,2.565810145180739,0.9000265991394633,A2,Si1,combo_012,gp,0.5072423389912242,0.4927576610087758,0.9855153220175517,0.08112300490629655,0.4331583725655166,298.1147875191826,10.536135462055245,0.5020777702107706,0.0,0.5549434457938759,0.9375,0.8416419118239898,0.5332646976768523,0.48945264609175065
14.085340386923308,1.044932552566163,2.7230977158340717,0.9579828279779072,A2,Si1,combo_012,gp,0.4766930651237118,0.5233069348762882,0.9533861302474236,0.12357652284192237,0.6620586452459116,279.5429856609884,8.446688913720823,0.3496527881769219,0.0,0.43529630437465083,0.9375,0.8416050730918717,0.3981907949173538,0.4941797161384185
10.694092624501401,0.9461735972516063,2.2776559615294403,1.2065687040995814,A1,Si1,combo_008,gp,0.46163034051959073,0.5383696594804093,0.9232606810391815,0.13264280126712027,0.710942075987058,291.5190218129976,9.26997822469415,0.44794411764753594,0.0,0.5177502628190311,0.9375,0.841525825125798,0.4817067037398257,0.5462900488845912
15.091845598112121,0.9707783566280311,2.2197368976271576,0.6450270284945903,A1,Si1,combo_008,gp,0.459079477743046,0.540920522256954,0.918158955486092,0.14621136153926817,0.7841008457946524,276.1552603928959,10.749873096944,0.3218485951822191,0.0,0.455274544595773,0.9375,0.8414984598193836,0.39881620194695844,0.6032080357268916
10.860577767722992,1.3355399408813,1.550888167635176,1.4003774246373077,Si2,Si2,combo_004,gp,0.4990448074417495,0.5009551925582505,0.998089614883499,0.06582140156376931,0.35065540584170374,284.12650118037124,10.141799229599487,0.3872712312352913,0.0,0.5921486710339116,0.9375,0.8414918372887611,0.453523301939308,0.45531669809892866
8.312018492077394,1.3094731872227878,2.1288268430484414,0.5348455291369592,A2,Si2,combo_013,gp,0.49755209225923736,0.5024479077407626,0.9951041845184747,0.03708586013621565,0.19571952329930314,309.1991285348642,12.369054027018253,0.5930506598136647,0.0,0.7882465602413173,0.9375,0.8414776047141558,0.6346728164011745,0.4917332619671248
9.669239125845767,1.4464915017897897,1.2137039790682322,0.534878626789721,Si1,Si1,combo_002,gp,0.49339820525715083,0.5066017947428492,0.9867964105143017,0.05881185828421351,0.3128614503328032,293.7872584741002,14.845902234580535,0.4665602936630332,0.0,0.6870713631311774,0.9375,0.8412059306051551,0.5554666144763684,0.5856476661831035
13.362013738338739,1.1375393121155777,1.3839632139717502,1.39882213009504,A1,Si1,combo_008,gp,0.4454043899095268,0.5545956100904732,0.8908087798190536,0.1488775243358376,0.7984762243456236,282.04052118118796,9.63624223455306,0.3701508965296853,0.0,0.5625053948648091,0.9375,0.8410533454894434,0.4346038079432319,0.5937092308515891
10.994129205034067,0.8793551344036615,2.5278365276774624,1.0193799750949464,A1,Si1,combo_008,gp,0.46842418036398925,0.5315758196360107,0.9368483607279785,0.12870937247446512,0.6897338707077467,290.8638296162014,9.792657174060972,0.44256673641183636,0.0,0.47552813966872925,0.9375,0.8410459430470721,0.47782574220936397,0.5469028203377403
12.42064147828792,0.981262570137555,1.2950025653297705,2.0475011131804686,A1,Si3,combo_010,gp,0.4849921834463231,0.5150078165536769,0.9699843668926462,0.11174052364248664,0.5982414735263865,287.50932133668465,9.35853703603647,0.41503516633899856,0.0,0.4283970693351091,0.9375,0.8410287956703089,0.45043070973190474,0.4958764283983335
12.9367130487834,1.3427068297523472,2.0633050374842288,0.6986464153445171,A2,Si1,combo_012,gp,0.4791932179604359,0.5208067820395641,0.9583864359208718,0.11681671125182179,0.625611189499408,283.74359374212946,9.878734010736071,0.38412858197377775,0.0,0.4501246610288731,0.9375,0.8410037520790111,0.4350547826549641,0.523015697575637
15.66652994441843,1.1211668728708226,1.6802646650451862,2.2027051268537043,A2,Si3,combo_014,gp,0.4889416825656703,0.5110583174343297,0.9778833651313406,0.1137361090806666,0.609001242637843,285.65086048367283,9.17012196817886,0.3997821572721399,0.0,0.3785648354120768,0.9375,0.8409890551638639,0.43329046092209295,0.4869877957514122
11.887541878150898,0.41507424352812194,2.8742930759385734,2.1137514054493622,Si1,PU,combo_001,gp,0.49641762552846114,0.5035823744715389,0.9928352510569223,0.09048009023922027,0.483609771845259,309.2439711801796,9.04393797753107,0.5934186983841134,0.0,0.45630563107077476,0.9375,0.8409886581171814,0.5756189984589639,0.4512929774969816
13.00851060930894,1.2375610270964934,1.1410945112517155,0.8580522550389611,Si3,PU,combo_005,gp,0.5186362627183527,0.4813637372816473,0.9627274745632945,0.08492907696919856,0.45367989764526523,301.6287748397101,11.998252788784386,0.5309182380495041,0.0,0.6319203101928104,0.9375,0.8409759215615332,0.5726350124086843,0.5483767623463907
9.604585332751002,1.6783238057467393,1.3122265950480299,0.5333717685280623,A2,Si1,combo_012,gp,0.4843191426458695,0.5156808573541305,0.968638285291739,0.06432974834292973,0.3426127312743685,301.99714963473366,13.236152987166689,0.5339416130532824,0.0,0.734815254770435,0.9375,0.8409518844229703,0.5947640413640354,0.5589685977855242
9.51435774733872,0.47922312839249204,2.994877249430074,2.13706337843041,A1,Si1,combo_008,gp,0.5114399228497248,0.48856007715027516,0.9771201543005503,0.10135151339360435,0.5422261561985147,309.4920207894239,10.191181945871152,0.5954545243918031,0.0,0.45831384214911813,0.9375,0.8406866801126172,0.5862560041916726,0.503648816150593
12.721570281248052,1.462944390684566,1.4740892752896864,1.2822975721038707,A2,Si1,combo_012,gp,0.5048932932043613,0.49510670679563873,0.9902134135912775,0.10564163327732888,0.565357563416762,287.8677288461338,10.377526453087846,0.4179767365003492,0.0,0.36989648787384916,0.9375,0.84067366780324,0.45464347295029645,0.5036050005212789
11.494188549097863,0.9922925294628813,1.7964716294535525,1.161267092793676,A1,Si2,combo_009,gp,0.5029925404445601,0.4970074595554399,0.9940149191108798,0.1100712602319434,0.5892411628706677,287.82156994151154,7.909015384609058,0.41759789495005323,0.0,0.3238398130729826,0.9375,0.8406458774683788,0.4303835269239881,0.43719394599646527
13.069822200007708,1.078152244793566,1.8830128467913603,2.4360292990466563,Si2,Si2,combo_004,gp,0.4790616284385081,0.5209383715614919,0.9581232568770162,0.10047494885972347,0.5374999080432606,279.73276852581216,10.056413220137646,0.35121039954828875,0.0,0.5518211802002524,0.9375,0.8405967745238458,0.42357730040853236,0.5123158043116466
15.306067100962006,1.063689025242281,1.4327060542147443,1.253037256881733,Si3,PU,combo_005,gp,0.4799297765550605,0.5200702234449395,0.959859553110121,0.09873443843594547,0.5281154487574607,290.05155099491503,10.968951775098486,0.4359000944133153,0.0,0.5545130747960942,0.9375,0.8405654184506431,0.4902968729292434,0.5345216160456219
8.600586949813383,1.3306025783920021,1.9116185951507922,0.771987638088758,Si2,PU,combo_003,gp,0.49465651810077915,0.5053434818992208,0.9893130362015583,0.07517150369231762,0.40106915317966507,312.04056160648514,11.12211660435902,0.61637125025498,0.0,0.5656799978092523,0.9375,0.8404570792375565,0.6189464179741504,0.4959411038358578
15.990061549673225,0.9325265371957606,2.200919674493928,1.6789897799109708,Si2,PU,combo_003,gp,0.48579809871226587,0.5142019012877341,0.9715961974245317,0.0890459636669714,0.4758772686415495,278.1791146612177,10.311697055416905,0.3384590432606302,0.0,0.5599024339601101,0.9375,0.8404001380937427,0.41746462077298185,0.49897807394941285
13.215471312198122,1.4823548747752116,1.3115857416782215,1.5700641397566217,A2,Si1,combo_012,gp,0.5052938698818696,0.49470613011813036,0.9894122602362607,0.08949666662849165,0.47830736244311106,286.161770976087,10.823785967698921,0.40397537036054965,0.0,0.47277757694149,0.9375,0.8402567902670817,0.4586358015181464,0.5008377093969569
15.077251152441152,0.7244224619580757,2.5900974297072143,0.6723943142375168,Si1,PU,combo_001,gp,0.4542398073335363,0.5457601926664637,0.9084796146670726,0.149640931133769,0.8025923502336487,284.1763825535877,10.431003098896841,0.3876806243288854,0.0,0.4686703506289498,0.9375,0.8402209429671466,0.4437336166873521,0.6029233812559504
12.015258095237904,0.7219334919070818,2.3731407595203686,1.5850324347667235,A1,Si2,combo_009,gp,0.5218457197430979,0.4781542802569021,0.9563085605138042,0.09942622787998594,0.5318454292179351,289.11454786803415,8.202194860461091,0.42820979673132364,0.0,0.5632920076923866,0.9375,0.840131388869183,0.46405987593014586,0.4610830624515676
14.76778092509091,0.6142606453591042,2.680913015692869,1.1873549248999202,A1,PU,combo_007,gp,0.5408686546389987,0.4591313453610013,0.9182626907220026,0.171847036744862,0.9223229138410367,290.9739325366712,10.099832159529596,0.44347038786163284,0.0,0.28108842074565943,0.9375,0.8400847617008186,0.46142705331924266,0.6075875720515798
9.715461857763021,1.2007190475656142,1.2768738837248432,1.105425110119389,A1,Si3,combo_010,gp,0.48703460484648176,0.5129653951535182,0.9740692096929635,0.08522652765905943,0.4552836880336464,294.99439179098533,11.208079096325049,0.47646764005535386,0.0,0.5691926233684174,0.9375,0.8399670424518334,0.5220403516781971,0.5178062788761655
8.26009195424148,1.2614292959074775,2.2203660856386964,0.5833689225930423,A2,Si2,combo_013,gp,0.5060045635237742,0.4939954364762258,0.9879908729524516,0.037600731677216684,0.19849560033275934,310.09033443991507,12.312371068317933,0.6003650843968616,0.0,0.8059440450460063,0.9375,0.8399180251999883,0.641117441903839,0.4938012409983899
12.79067670566834,0.741310937294177,2.3590833168547745,1.6377635150610497,A1,Si3,combo_010,gp,0.4537160061708363,0.5462839938291637,0.9074320123416726,0.14117159154664655,0.756927485808165,286.1537420260885,8.403647594771781,0.4039094740857231,0.0,0.52483854424689,0.9375,0.8399093346059984,0.44478662804957325,0.5396318978469646
10.166968486876467,1.5476644639377408,1.5241083413018583,0.8879866426432228,A2,Si1,combo_012,gp,0.487161153603644,0.512838846396356,0.974322307207288,0.08336577577871195,0.44525091257678207,299.9866647677223,10.97820287888753,0.5174408921176709,0.0,0.5784679710503219,0.9375,0.8397953259837697,0.5498435843768037,0.5093665848223288
15.341844086425482,0.7598569926675363,1.662890607593913,2.236042353433602,A1,Si2,combo_009,gp,0.5191782961603622,0.48082170383963785,0.9616434076792757,0.12933868701151607,0.6931269998555155,284.97862241161386,9.179419750019228,0.3942648748437336,0.0,0.3458335704261793,0.9375,0.8397719077768342,0.42622826678866244,0.5117777262573656
10.541753790106403,1.409617076016867,1.8818725382876607,0.6620932726239216,A2,Si1,combo_012,gp,0.5177610431423929,0.4822389568576071,0.9644779137152142,0.09655234734422803,0.5163500811225579,297.3308022616617,11.009292333575578,0.49564334130048693,0.0,0.5403852507168214,0.9375,0.8397472402953308,0.5310212210251749,0.5293935656514501
13.85687376405684,1.2703940869857007,1.8191656630690813,0.7111357563038393,A2,Si3,combo_014,gp,0.49038853794755255,0.5096114620524475,0.9807770758951051,0.09980582190973121,0.5338921188950614,282.960174867099,9.083900942769928,0.3776988015538015,0.0,0.443506769621971,0.9375,0.839724541118648,0.4236490763837213,0.4680705912250882
14.336917959381848,0.829525267061493,1.5800296250488326,1.6304388032416317,A1,Si3,combo_010,gp,0.5165733854525314,0.4834266145474686,0.9668532290949372,0.1492799538873057,0.800646038263174,286.62363822753565,7.159251528922047,0.40776606918673947,0.0,0.19349772553582245,0.9375,0.8395767870567811,0.40457796851776884,0.4710225885896257
10.035057241743523,1.1065235843422963,2.1918155202707497,1.4511515044452317,Si2,PU,combo_003,gp,0.505441916580665,0.49455808341933505,0.9891161668386701,0.09131288315065275,0.48810001279071497,302.57255937294536,9.166617214993876,0.5386641929988746,0.0,0.4571249877901138,0.9375,0.8395538071308555,0.5383363728443874,0.45636003902684064
14.602190198766827,1.3208098230558292,1.201108793697928,2.2997695163419944,A2,Si2,combo_013,gp,0.5063182039495899,0.49368179605041007,0.9873635921008201,0.10998687859638197,0.588786195171206,287.27683957590756,9.81474487468125,0.4131271108643484,0.0,0.3462318679388466,0.9375,0.8394750797378718,0.4444618665122799,0.4927839058974789
9.597073812506807,1.3047611098596963,1.8016467265593903,1.2302569547670283,Si2,Si2,combo_004,gp,0.49674809207495674,0.5032519079250433,0.9934961841499135,0.06169213808194222,0.32839130187763055,288.4825357426538,10.045754521844142,0.4230226620853781,0.0,0.6238898554499872,0.9375,0.8394661314207165,0.4809690322328212,0.44964507527287134
14.936080363358137,0.9023923059501814,2.4130277250137944,1.528157694988575,Si2,PU,combo_003,gp,0.4932870216923728,0.5067129783076272,0.9865740433847456,0.08929288902282001,0.47720863725442053,279.47080501278856,9.640390961457475,0.3490603774841384,0.0,0.48046396850719225,0.9375,0.8393832573867537,0.41166888843554944,0.46907341402589287
14.461761351266798,1.1629733252668102,1.3795645190515373,0.9057928941571786,Si3,PU,combo_005,gp,0.4671852774637131,0.5328147225362869,0.9343705549274262,0.10484371830076494,0.5610553768232222,293.33103469900607,11.388763076296938,0.4628159127325713,0.0,0.6240308690711207,0.9375,0.8392039725118697,0.5193871618332834,0.5680192882955959
10.924526359278174,0.7730160813773856,2.654342068325618,1.2906974945386427,A1,Si1,combo_008,gp,0.4699212400383388,0.5300787599616612,0.9398424800766776,0.12988049641274188,0.6960483200596372,294.1692372425828,9.118232750330264,0.46969532102159745,0.0,0.43920388027122836,0.9375,0.8391432683891503,0.48788601261282805,0.5251236436086117
10.28930270218692,0.8779151483493869,2.12007106482701,1.4939774366531613,A1,Si3,combo_010,gp,0.5198897787807653,0.48011022121923475,0.9602204424384695,0.10701997740853873,0.5727892996502532,295.15676814760286,9.225545330746519,0.4778003170583248,0.0,0.488797337427995,0.9375,0.8391024687204965,0.499361749575858,0.4923721341145966
9.067487825002233,0.4889100992899458,2.9281060028047063,2.156238916904629,A1,Si2,combo_009,gp,0.5017094723420357,0.49829052765796433,0.9965810553159287,0.10075530379983529,0.5390115218119051,313.9673695318019,8.76942179865772,0.6321852065765905,0.0,0.35779384949244836,0.9375,0.8389674219950505,0.5907481698844579,0.44836010121863284
15.136452070432888,1.236508534102163,1.620869604427865,0.9775285732123483,A2,PU,combo_011,gp,0.5469956081929865,0.45300439180701346,0.9060087836140269,0.13572365304842676,0.7275533686930777,289.92062031071123,10.798108226288296,0.43482550254873326,0.0,0.5577719442805789,0.9375,0.8388554044500814,0.4885286432030698,0.6001170601528093
14.07639854158961,0.9133084228787909,1.6681353693888576,1.384519112905408,A1,Si2,combo_009,gp,0.49455297468771775,0.5054470253122822,0.9891059493754355,0.12032162353333693,0.6445089255639718,284.33573909202994,7.590173718842277,0.38898851667527706,0.0,0.267159622431507,0.9375,0.838788480572997,0.40218457933974594,0.43927036129577063
8.972160116268261,0.9891759437086234,2.692658272241083,1.3470873271663575,Si2,Si2,combo_004,gp,0.48517826345461756,0.5148217365453824,0.9703565269092351,0.06677625806220727,0.3558037874951281,294.9762345597095,10.520729298670203,0.4763186175925828,0.0,0.6936587595191844,0.9375,0.83870544347396,0.5289838134498943,0.4827623076922601
14.866971628151349,0.9768432615368191,1.3855423431970648,0.951912373339085,A1,PU,combo_007,gp,0.5425518327907781,0.4574481672092219,0.9148963344184438,0.14832616326814607,0.7955034036024448,289.89015793412767,11.163500641021919,0.4345754876477069,0.0,0.43440180824059477,0.9375,0.8386063100700165,0.47888661894599716,0.6154390511868448
14.946470947264888,1.1064547683870267,2.063609555799643,1.178796483259216,A2,Si3,combo_014,gp,0.5204068269759006,0.47959317302409943,0.9591863460481989,0.13225330170584468,0.7088419778062649,281.453261137178,9.462130734790302,0.36533105716563785,0.0,0.3294780384045321,0.9375,0.8385818724661959,0.40655961402810564,0.5225966435938432
8.825034361504226,1.2040752304362279,1.429332728288832,1.1211807108171281,Si1,PU,combo_001,gp,0.5132075884248692,0.48679241157513076,0.9735848231502615,0.07862387942496067,0.41968362342911447,318.88084395700963,11.78005703694217,0.6725117326026916,0.0,0.6004230704991875,0.9375,0.8383207047774192,0.6668869011313325,0.525755063183422
13.106489105561774,1.0760652736473173,1.2271983093552006,2.378231721536813,Si3,Si3,combo_006,gp,0.5165730816703302,0.4834269183296698,0.9668538366593395,0.0794868995774214,0.4243368431817504,287.6952960647535,12.291917266794915,0.4165615230598537,0.0,0.6255112827166304,0.9375,0.83821249783594,0.4942510169483511,0.5452184663928739
9.13207333554665,0.9505529949645621,2.0457956028975017,2.075554851661636,Si3,PU,combo_005,gp,0.5008466103425517,0.49915338965744827,0.9983067793148965,0.08572885040223739,0.4579921046379276,315.3292175573434,9.921010514977606,0.6433623482675784,0.0,0.438993814647317,0.9375,0.8381943107555854,0.6157373981240682,0.4638416138724833
12.658277311872965,0.4585963614843082,2.8258226802175876,2.3318424297561644,A1,Si3,combo_010,gp,0.5219900959657693,0.4780099040342307,0.9560198080684614,0.11394317125515617,0.610117677517853,288.38869186816646,8.813954529869285,0.4222524540575336,0.0,0.4570364015555065,0.9375,0.8381528286267396,0.45406928371847594,0.4893578873938557
8.879200522928386,0.912952142026463,2.914915770470339,1.1040020000902588,A2,Si2,combo_013,gp,0.5064434516760059,0.4935565483239941,0.9871130966479882,0.05280518088110395,0.2804747327571287,313.77387432437206,11.040826761270097,0.6305971267692928,0.0,0.6985941384398897,0.9375,0.8380055050702081,0.6415574489503884,0.47143543951860895
13.437214055665683,0.9043478458875036,1.2655519214006983,2.204326597045619,A1,Si3,combo_010,gp,0.5218810434763697,0.47811895652363035,0.9562379130472607,0.11623204176332012,0.6224587768878342,287.0792411110422,9.573911873647159,0.4115053542525242,0.0,0.43998069914183086,0.9375,0.8379591639368786,0.450809880682995,0.5120108965541741
10.330223035948887,0.6889903403790298,2.722745734607657,1.3546865229332368,A1,Si2,combo_009,gp,0.5078024850096519,0.49219751499034814,0.9843950299806963,0.07687210781342811,0.4102384462317476,299.90439761879617,9.170422755281596,0.5167656981438827,0.0,0.5579200808034223,0.9375,0.8379168700757127,0.5331168266243718,0.4443323727532159
15.982720288662081,1.2667155646007704,1.4768690017820407,0.870299598203642,A2,PU,combo_011,gp,0.5459947456225791,0.4540052543774209,0.9080105087548418,0.12631641424219667,0.676831552631077,288.0041816611455,12.266273788397033,0.4190966503372206,0.0,0.600505855655779,0.9375,0.8378867321999043,0.49332364487689184,0.6291358360326521
8.812758167709346,1.0202953410620683,2.2819825618436878,2.419780171396675,A2,Si3,combo_014,gp,0.5065906341272441,0.49340936587275586,0.9868187317455117,0.06543458475133929,0.34856977246788406,306.48075548631203,9.483209501628496,0.570740064091686,0.0,0.6188219998007833,0.9375,0.8378736662333619,0.5794458796355331,0.44048244210333776
12.845888605481335,1.2599601611197997,1.8654323720952077,0.6972182089598555,A2,Si3,combo_014,gp,0.5107889453458831,0.48921105465411685,0.9784221093082337,0.0890665720939054,0.47598838486404627,286.2245354803781,9.241585157186353,0.404490499614673,0.0,0.5078524657173147,0.9375,0.8378418521469636,0.4500763761109071,0.4617910338911796
11.093259070731845,1.0440044471829872,1.4420060981175162,1.624909780938101,A1,Si3,combo_010,gp,0.47599204854124366,0.5240079514587563,0.9519840970824873,0.10727256837144658,0.574151216002483,290.2614885448744,9.383565877909083,0.437623122018559,0.0,0.514675776052859,0.9375,0.8377056316111918,0.4750667401341677,0.5010747119144146
15.11548389948911,1.1917308702045668,2.0893767726340764,1.0335205304636714,A2,Si1,combo_012,gp,0.5571564642478393,0.44284353575216073,0.8856870715043215,0.1542133384840635,0.8272457909891426,280.50735034102837,9.874329114350614,0.35756765126621964,0.0,0.5260538454222866,0.9375,0.8376737914847842,0.42402045103829744,0.6048560907935456
15.694820276999547,0.7334838884633792,2.4273985048137017,0.8510944150673856,Si1,Si1,combo_002,gp,0.5391547948564579,0.4608452051435421,0.9216904102870842,0.11980555888546025,0.6417264155538754,279.2247339541457,10.55489261142921,0.3470407901021988,0.0,0.5761756750323753,0.9375,0.8376584050205241,0.4270093638406971,0.5661519481294341
8.058197298228057,1.3083895259401643,1.635101013139356,0.6380326149929556,Si1,Si1,combo_002,gp,0.5106241306992985,0.48937586930070154,0.9787517386014031,0.05722256590797836,0.3042923263595973,300.0126316658403,14.073732950783452,0.5176540111251495,0.0,0.7066040488803861,0.9375,0.8376243996540237,0.587120428685085,0.564350677590963
15.79858922129974,1.0992565393098221,1.5084612292011643,0.516648643413992,A1,Si2,combo_009,gp,0.46793007265729614,0.5320699273427039,0.9358601453145923,0.09772258556353072,0.5226597548675131,277.2044201132529,12.705480282019675,0.3304593994944295,0.0,0.6497570787775122,0.9375,0.8376110272364421,0.43965246912105527,0.5946376116104685
15.7710041869916,1.4207047314574908,1.2854983172248338,0.7935569231861977,A2,PU,combo_011,gp,0.4654944737401223,0.5345055262598777,0.9309889474802446,0.10881332766550061,0.5824586599951954,287.56380857739987,12.679969648274817,0.41548236132581273,0.0,0.6014569918436391,0.9375,0.8375242392100888,0.4941381586875421,0.6076209027877466
9.661123445186382,0.9208291328270871,2.099531211307173,2.2997297406401502,Si3,Si3,combo_006,gp,0.5022928190222133,0.49770718097778666,0.9954143619555733,0.06796275095485593,0.36220110295606234,294.17047323071506,9.331723012169844,0.4697054651890987,0.0,0.558691062475783,0.9375,0.8373660712726378,0.501518705651859,0.4320692536076799
13.312228270009303,0.9910791410514289,2.121395740336779,0.7445281742069103,Si3,PU,combo_005,gp,0.47546094966010344,0.5245390503398966,0.9509218993202069,0.1194370246921821,0.6397393581453156,296.2415090885846,9.544236729855408,0.48670314833463274,0.0,0.43892280866071953,0.9375,0.8372533419215621,0.5031094620405286,0.5170846173407165
9.592114946663175,1.515007607665283,1.171238893793165,1.0505382155332383,Si2,PU,combo_003,gp,0.5070435623963885,0.4929564376036115,0.985912875207223,0.06175340243564575,0.32872162614638945,305.88440088765503,12.638180702493992,0.5658455826794805,0.0,0.6404296814441431,0.9375,0.8371124390543843,0.6029614484549236,0.5235100248899132
8.262608006967879,0.8617599214255851,2.7066241182003425,0.5143522648138898,Si1,PU,combo_001,gp,0.49060396647969995,0.5093960335203,0.9812079329593999,0.06641501341121978,0.3538560337367527,316.639303813829,13.637357562926232,0.6541146638281443,0.0,0.6322816243109706,0.9375,0.8370442822710045,0.6717831027126684,0.5585532200610549
12.3404280203386,1.0256979827519972,1.3284707878185054,1.6720325762802204,A1,PU,combo_007,gp,0.5089400009247811,0.4910599990752189,0.9821199981504378,0.09625875946893744,0.5147671182026986,296.4148968357485,9.38529094435053,0.4881261994983345,0.0,0.4366148563237035,0.9375,0.8367761108111874,0.5026263520497526,0.46862856350941845
12.877183783247482,1.5862541857375396,1.127573902803669,0.9507235751500809,A2,Si1,combo_012,gp,0.5251954471761309,0.47480455282386913,0.9496091056477383,0.08616056907763109,0.4603198392362401,289.41572174306236,11.814106079051756,0.4306816313352442,0.0,0.6521007186910893,0.9375,0.8367394853789542,0.5030410355994103,0.5486654278210539
12.856872266496495,1.000083480134522,1.6117316555833374,0.6058405297289282,A1,Si3,combo_010,gp,0.5557616826201723,0.44423831737982766,0.8884766347596553,0.13165275397004478,0.705603953087309,285.3297612611509,10.755175232317784,0.39714678868498304,0.0,0.6476788763666969,0.9375,0.836594497381845,0.47080701656186325,0.6047405339955317
10.131173012996195,1.1398585416118112,1.4780752143623535,2.2919246596864737,A1,Si1,combo_008,gp,0.47866712507707376,0.5213328749229262,0.9573342501541475,0.09005889013868147,0.4813387511488697,284.64931034790243,11.286939167095401,0.39156210072531406,0.0,0.5893063612632109,0.9375,0.8364825025751076,0.4652372597701999,0.5321105530681425
12.864527825915532,1.2844296440917353,1.7760180537226073,0.5026883339956267,Si2,PU,combo_003,gp,0.5170758611945345,0.4829241388054655,0.965848277610931,0.09419071151708731,0.5036166467432444,288.15591928354735,11.751657925813836,0.42034201169445795,0.0,0.5231805923969097,0.9375,0.8364589977205964,0.4824207859195664,0.5427645299478141
8.51396232175212,1.042057378162483,2.644048657881272,0.9592182237745502,A2,Si2,combo_013,gp,0.5095098322674616,0.4904901677325384,0.9809803354650768,0.04537332953392234,0.24040378263069714,313.15444241462194,11.320893989119648,0.6255132421556306,0.0,0.7618316115917598,0.9375,0.8364086474742747,0.6465222842822559,0.47459555330899256
10.627758116509154,1.412341017968565,1.3171363091533945,2.0980150695220603,A2,Si2,combo_013,gp,0.49164098278289003,0.50835901721711,0.9832819655657801,0.0698936366754598,0.3726120250528153,294.586248738669,10.606722600784304,0.47311787367880215,0.0,0.5950896576490748,0.9375,0.8363497546198183,0.5175618228115261,0.47622386656594634
15.020051514897029,1.1703238994480762,1.9719438832720326,0.7708581467343707,A2,Si3,combo_014,gp,0.5342700536738363,0.4657299463261637,0.9314598926523274,0.12143099277415934,0.6504904068186594,280.58122998119586,10.008712083974913,0.35817400615365497,0.0,0.5095018693918921,0.9375,0.8362849354984,0.42384522210644404,0.5442032308042518
13.169357426373221,1.0806382615315822,1.491010794782428,1.253103108683403,Si3,Si3,combo_006,gp,0.4872540138960737,0.5127459861039263,0.9745080277921474,0.07571604268936301,0.40400519077960684,288.75956872707735,9.71889264328078,0.4252963643354865,0.0,0.598588973185657,0.9375,0.8362843992344399,0.47746317654233056,0.463329047411946
15.605077604947198,0.9358263682367516,1.8735926972729284,0.6885512019422445,Si1,PU,combo_001,gp,0.44501747211143083,0.5549825278885692,0.8900349442228617,0.14093555360796725,0.7556548198159488,284.4646781829592,11.563512410620707,0.3900467628685337,0.0,0.5787877231794124,0.9375,0.8362456994903701,0.46529702296884945,0.6341466536627651
14.475514316691072,1.2037415381410685,2.1856409314595213,1.2646415942871316,A2,Si1,combo_012,gp,0.4592544405721668,0.5407455594278332,0.9185088811443336,0.14768788020713464,0.7920619180950638,280.07370187845737,9.17114507312629,0.35400855346725046,0.0,0.4029858983889563,0.9375,0.8362340240397299,0.4036990806043254,0.5547503177758564
11.894449243462835,1.118124101100555,1.8165590387087334,1.0211435519444843,A1,Si1,combo_008,gp,0.4402013714234698,0.5597986285765302,0.8804027428469396,0.14709485887676074,0.7888644741415685,284.3509641463498,9.342778011372008,0.38911347378223343,0.0,0.5834845729940759,0.9375,0.8360948361719089,0.4476704949681924,0.5854243729729354
15.190403206995427,0.6269411138556663,2.866796254902673,1.1459391230270948,A1,Si3,combo_010,gp,0.49306391579911235,0.5069360842008876,0.9861278315982247,0.1307289334050839,0.7006229105374796,280.12196410628826,12.09882282041839,0.35440465769376583,0.0,0.190769444281673,0.9375,0.8356938505274789,0.4057503537784297,0.5713989567065609
14.245718723970516,0.8181131386075646,2.3222763055825038,0.9651530530982837,A1,Si2,combo_009,gp,0.5212539870075332,0.4787460129924668,0.9574920259849335,0.09556438480822362,0.5110231988078262,280.02310708301314,9.367135179693642,0.35359330507910386,0.0,0.5471477083178469,0.9375,0.8356538180927349,0.41936400545720953,0.4833989995755986
14.968325638396738,0.8669360717066499,2.3674786812892448,0.891198229360334,Si3,PU,combo_005,gp,0.4637970567867882,0.5362029432132118,0.9275941135735764,0.1319797235009831,0.7073669027421163,288.02420844833915,9.791115298781719,0.419261016869962,0.0,0.45405856241809195,0.9375,0.835447249695902,0.45935267003987595,0.5498115572842814
14.348730761254863,0.6447647687433103,2.957139429844162,1.0957644788547656,Si3,PU,combo_005,gp,0.4839234814838562,0.5160765185161438,0.9678469629677124,0.09815990083461813,0.5250176651106877,291.08632756014373,10.814693126796689,0.444392851366483,0.0,0.48072300203854357,0.9375,0.8354450254923063,0.48765116038961365,0.5181281578967962
10.41479754169462,1.5147683043386522,1.4610581334202832,1.3685170581470119,A2,Si1,combo_012,gp,0.4990700654578153,0.5009299345421847,0.9981401309156306,0.07534188134384184,0.4019877929718179,296.9281304414129,10.341753032356154,0.4923384791532594,0.0,0.4838521111732919,0.9375,0.8354139410151675,0.5178112703510437,0.4625354776086452
15.636409916961938,0.94241528736866,2.3682391783415113,1.3353035303920864,A2,PU,combo_011,gp,0.5722208220495588,0.4277791779504412,0.8555583559008824,0.1669681543846921,0.8960170254971808,285.9260087102096,9.07442019831567,0.4020403906846404,0.0,0.5658886075242175,0.9375,0.8351418230449398,0.45285190540809245,0.6129109491701245
11.96512249334619,1.2908385033540235,1.1187603178607781,0.5491998449398384,A1,Si1,combo_008,gp,0.5511664072485729,0.4488335927514271,0.8976671855028542,0.11433258716905137,0.6122173246898932,286.80335657192506,12.844899092692279,0.4092410776767004,0.0,0.7029775866971617,0.9375,0.8351054663815702,0.5012167692494287,0.6377985983671148
14.937721744024195,0.39224539411806636,2.998749504037818,2.428001216324624,A1,Si3,combo_010,gp,0.4738388057506313,0.5261611942493687,0.9476776115012626,0.10609811014799386,0.5678187888993227,281.5806294611351,11.00789092461793,0.3663764115496164,0.0,0.5216389785012308,0.9375,0.8350812169370566,0.4386487355152496,0.5445571464213299
14.65334864520389,0.8906089068295064,2.2018871992753732,0.7951097382687089,A1,Si3,combo_010,gp,0.4405655562623281,0.5594344437376719,0.8811311125246561,0.14490195477614845,0.7770408050794839,278.82093925383913,10.938039487455308,0.3437267121032225,0.0,0.5859297385288105,0.9375,0.8350664243765162,0.4286743690024029,0.6255081809275725
8.438470251192582,1.353792860734763,1.4595060783221674,2.2264550313965485,Si2,Si2,combo_004,gp,0.531307773120588,0.46869222687941203,0.9373844537588241,0.09379027952415453,0.5014576032333223,289.79876347162997,13.331741034240686,0.43382538276232346,0.0,0.6472755929646081,0.9375,0.8350212785744863,0.5166795168503003,0.6040611637471001
14.174369352751171,0.5347043290724909,2.6428341526708463,2.2355410127830124,A1,Si3,combo_010,gp,0.4710395833411454,0.5289604166588546,0.9420791666822907,0.12436381576874826,0.6663035600231287,282.7627589576295,8.678788886511967,0.37607854323509626,0.0,0.4311053950392965,0.9375,0.8349798260469424,0.4180927776766611,0.5014174579425638
10.465218339057547,1.1657809017834528,1.3334978994867202,2.3305675199280564,Si3,Si3,combo_006,gp,0.5076385429310584,0.49236145706894163,0.9847229141378833,0.07552026105914897,0.4029495781773777,289.6857819865025,12.246034065670859,0.4328981059707549,0.0,0.5405598216605457,0.9375,0.8348051979003667,0.49683108613078764,0.5237288298593805
15.6765206124657,0.6572286937008675,2.511883025214355,1.2027549682903385,A1,Si3,combo_010,gp,0.5360704922238426,0.4639295077761574,0.9278590155523148,0.1504257892014196,0.8068241367718821,280.9137588563575,11.461246977526425,0.3609031817182697,0.0,0.33012984563138376,0.9375,0.834722540087411,0.41922747755195705,0.6119458549659709
9.97435993498159,1.2603323065497651,1.235785047381834,1.0208703114724758,Si1,PU,combo_001,gp,0.4954175173092743,0.5045824826907257,0.9908350346185486,0.07434839771458727,0.3966311421052229,311.70356347190466,12.129501579088041,0.613605393985293,0.0,0.5185096368455689,0.9375,0.8346827456116298,0.620205856852599,0.515006256087843
8.351660195543806,1.1694065423094404,1.673439920325135,0.6991771362661254,Si1,PU,combo_001,gp,0.5182965956900176,0.4817034043099824,0.9634068086199647,0.078060428896333,0.4166456189028381,321.9359149384945,12.498809265887267,0.6975857207391469,0.0,0.6220963929701122,0.9375,0.8345724340679939,0.6922515137433172,0.5477019703126712
8.805841508050262,1.2477676081540303,2.258658340041579,0.5998454049349944,Si2,Si2,combo_004,gp,0.5000750496673323,0.4999249503326677,0.9998499006653354,0.044550288957015856,0.23596612418348448,289.44518213887136,11.047682917868363,0.43092342264532724,0.0,0.6642889730210475,0.9375,0.8345337035835807,0.49840919167387776,0.45090013423753045
15.423164295556814,1.238583202807407,1.4836524157713047,1.276524601263159,Si2,Si2,combo_004,gp,0.49925195120244914,0.5007480487975509,0.9985039024048983,0.06335643152742966,0.33736481554662573,277.91194125433447,11.912857873804935,0.33626626185713226,0.0,0.5506838027475741,0.9375,0.834457979113224,0.4275842381139936,0.4931334167408078
13.514095819730315,0.6592286401843885,2.9821451432264148,0.9444005062898415,Si3,PU,combo_005,gp,0.5055720357128219,0.49442796428717806,0.9888559285743561,0.08715489246111024,0.4656810178776897,294.5413931744322,11.238371608673614,0.4727497290784496,0.0,0.44472887221969704,0.9375,0.8344556113914067,0.5072293734949876,0.5036085528035072
15.302079700232477,0.7739639455151011,1.5248741411319715,2.422662421034241,A1,PU,combo_007,gp,0.5062128094701883,0.4937871905298117,0.9875743810596234,0.058031370358790225,0.3086532266651193,284.5284986605274,11.62536409913351,0.3905705588481057,0.0,0.6353492881699602,0.9375,0.8344430249719137,0.47180565498239524,0.4878806949593242
15.479581866867479,1.1806141039870277,1.4997422580670747,2.127362769651688,A2,Si3,combo_014,gp,0.48650292448836296,0.513497075511637,0.9730058489767259,0.10558789004440462,0.5650677914197807,286.2684423278646,9.314108854457473,0.40485085777972296,0.0,0.40065559757264246,0.9375,0.8343134875446309,0.44017858236537133,0.47888304420087313
9.9932750898367,0.6720756190502624,2.8628600442891194,1.2332275194410727,A1,Si2,combo_009,gp,0.5054181289311348,0.4945818710688652,0.9891637421377304,0.06690994113324508,0.35652457797142517,302.1214591951986,9.951808744061275,0.5349618631434558,0.0,0.570258463931615,0.9375,0.8342703174189442,0.5532254302678824,0.44886435073979747
12.310677364165251,1.174901305080715,1.320337852397653,0.8210280677716627,Si3,Si3,combo_006,gp,0.5197638710740762,0.4802361289259238,0.9604722578518476,0.06966659704773236,0.37138787602528667,292.09105312001213,11.097719975408324,0.4526389696796783,0.0,0.6866598969417989,0.9375,0.8342695616857216,0.5162401864896463,0.5030289542190407
14.517694798981523,0.8842898493210175,1.8316419738244405,1.174591933845049,Si1,PU,combo_001,gp,0.461446484784247,0.538553515215753,0.922892969568494,0.12786799087940187,0.6851973214203524,288.7435586729409,9.458796073648026,0.42516496447279434,0.0,0.49274564512445557,0.9375,0.8342572348596748,0.4647439174904972,0.5387194817306262
15.172528472285581,0.8379875755098163,2.5806023724402016,0.5191466879662168,Si1,Si1,combo_002,gp,0.4658480575181301,0.5341519424818699,0.9316961150362602,0.10000711604331632,0.5349774537343664,275.731924333829,11.479973407617129,0.3183741347238181,0.0,0.6277336920535748,0.9375,0.8341731022435604,0.41936461732733826,0.5619549009686429
10.757454485741672,0.7811420795424114,2.208116012837599,1.7041057120992373,Si1,PU,combo_001,gp,0.5067715048608736,0.49322849513912637,0.9864569902782527,0.09737547590859631,0.5207882139793124,309.9233168943668,8.780046455138956,0.5989943156058786,0.0,0.3888097320295353,0.9375,0.8341646321462229,0.5706995865515665,0.4469264081829326
10.389687795271698,1.0443970805443152,1.852543932835947,0.5950459566612739,A1,Si3,combo_010,gp,0.5387306703091213,0.46126932969087875,0.9225386593817575,0.10063896209777334,0.5383842322815896,292.6465651467133,11.340546768819584,0.45719824245978,0.0,0.66604436553567,0.9375,0.834120043780182,0.5192774239953581,0.5650608981487149
14.763303024794377,1.295224781400008,1.6562139447559574,1.0919936013708418,A2,PU,combo_011,gp,0.45397665924983244,0.5460233407501676,0.9079533184996649,0.1329283205536907,0.7124815348053021,289.1440772963059,10.103150587006727,0.4284521546138899,0.0,0.5290874578261356,0.9375,0.8340943556009282,0.4757402585700445,0.5714341718077539
8.014003976458712,1.3100484813336757,1.6679149831307674,2.2823003405727125,Si2,PU,combo_003,gp,0.505523464519019,0.494476535480981,0.988953070961962,0.09463272291037268,0.5059998774711261,301.2814731505116,13.06649521889067,0.5280678170650129,0.0,0.3939967990859093,0.9375,0.8340929007264898,0.555237950028898,0.5603672705895737
15.897028362292755,0.9797188109367123,1.8026489740415679,0.5681868620331849,Si3,Si3,combo_006,gp,0.5276607795809127,0.47233922041908727,0.9446784408381745,0.09541389710741972,0.5102118013683657,281.69562846656277,12.94039712208429,0.36732024680427083,0.0,0.595576241178641,0.9375,0.8340826632542453,0.4618821489073388,0.5886117987484223
12.898478884505078,1.2559034667144011,1.7451090648925602,0.8754712333905277,Si2,PU,combo_003,gp,0.5009707322808017,0.4990292677191983,0.9980585354383966,0.09700018005207738,0.5187646991313022,287.64610821354836,10.394775755422364,0.4161578219330877,0.0,0.3355684920872518,0.9375,0.8339757661966659,0.4500729190025796,0.4826224990514692
9.79761907516605,1.0953384384604645,2.0150341812446966,0.5426321281920851,A1,Si1,combo_008,gp,0.5515618589199534,0.44843814108004665,0.8968762821600933,0.10658816075774365,0.5704610367895685,294.6252110604408,11.90757420948679,0.4734376504695202,0.0,0.7469117599820768,0.9375,0.8339730428014055,0.5431855049624109,0.6040060345980474
13.750746984787254,0.823148203553662,2.21806727649295,1.2301410883539043,A1,Si2,combo_009,gp,0.4842288372740775,0.5157711627259225,0.968457674548155,0.10232338554789153,0.5474662826225285,282.060400370085,8.315076013407898,0.3703140516738989,0.0,0.43984961475939366,0.9375,0.8339643346313542,0.41207524785308935,0.4511372168507665
13.149728168338637,0.8290351953028015,2.404356122760782,0.9510357354759493,A1,PU,combo_007,gp,0.46219091353647457,0.5378090864635254,0.9243818270729491,0.15679872068888806,0.8411856178973567,295.61849606008235,9.78771857177487,0.48158987228304634,0.0,0.2995434228724703,0.9375,0.8339080662092482,0.4875046750492732,0.5733774572685735
13.129743118515346,1.3267554002535609,1.842328256042289,1.2991151828493266,A2,Si1,combo_012,gp,0.4919741879220094,0.5080258120779906,0.9839483758440188,0.13017260214230508,0.6976232915672967,284.71799563982694,9.648121161450913,0.39212582386147077,0.0,0.18803713431762392,0.9375,0.8335987619877827,0.41263273486665814,0.5025670287577293
8.46973743443055,1.021528008847962,2.1988025583496684,0.7084051749767932,A1,Si2,combo_009,gp,0.5036399960974309,0.49636000390256907,0.9927200078051381,0.05496928672066624,0.29214312776590484,301.422538984248,11.532476034727567,0.5292255914876046,0.0,0.6238925338032839,0.9375,0.8335674218688615,0.5669889067218707,0.4778300623393259
11.405962330252521,1.0033256276091,2.069275728886624,1.091692440536531,Si1,Si1,combo_002,gp,0.48578054747083854,0.5142194525291615,0.9715610949416771,0.08195225671335107,0.4376295206348784,286.83216783538955,9.398107342218587,0.40947754134077996,0.0,0.5513713279253998,0.9375,0.8335543738960179,0.45914860577554983,0.45919621056664106
10.242302074813136,0.6010721038013063,2.8162907721238737,1.8613246880202845,A1,Si1,combo_008,gp,0.4832585103286817,0.5167414896713183,0.9665170206573634,0.11977772858840444,0.6415763605550291,302.3889767551659,8.732444437826858,0.5371574691262843,0.0,0.3348211471693655,0.9375,0.8335350276384796,0.5216410422206341,0.4797953451732098
14.569486426703637,0.7362896557498595,2.42495546671772,1.3267569525203031,A1,Si2,combo_009,gp,0.49158837307460246,0.5084116269253975,0.9831767461492049,0.09664208777913251,0.5168339423199088,280.5707524649656,8.91841046482087,0.35808801367778487,0.0,0.4034165202076251,0.9375,0.8334821116332354,0.40461264362181626,0.4515371949362271
14.885057341998852,1.3265590667840321,1.1158915559924196,1.8280076902951872,Si2,Si2,combo_004,gp,0.47692476535748085,0.5230752346425191,0.9538495307149617,0.08461523674171315,0.4519877383816108,280.53189059145814,13.055460199385118,0.3577690612995284,0.0,0.6165049134433735,0.9375,0.833474257996674,0.4581929571113926,0.5745358754509184
11.323614385760441,0.5731920504773098,2.4691766155250905,2.34739987606993,Si1,PU,combo_001,gp,0.4976172861487038,0.5023827138512962,0.9952345722974076,0.09127098451426358,0.4878741043204449,307.7971048061009,8.276455249095143,0.5815437827050502,0.0,0.3800911065013142,0.9375,0.8333385522439417,0.5536568593074442,0.42025445516057464
14.956988876523894,1.3007063699154258,1.5665144841407344,0.6396977514088791,Si2,PU,combo_003,gp,0.4832104411624911,0.5167895588375089,0.9664208823249822,0.09432287473131766,0.5043292424772778,280.72611128801964,12.910351549520039,0.3593630954384898,0.0,0.4939435018957381,0.9375,0.8331788578466627,0.4459128740129756,0.570482009709014
14.824176387090127,0.519601856176787,2.978251330694907,2.2500013634527796,Si3,Si3,combo_006,gp,0.4862317612295577,0.5137682387704423,0.9724635224591154,0.08734116633727242,0.4666853667071885,283.57147663155894,10.979428712244612,0.3827159593490724,0.0,0.5095287494761741,0.9375,0.833114766427464,0.4486518376735325,0.5065614599044176
15.430074483858892,1.0158362186955476,1.1320274455921098,0.9889613554371341,A1,PU,combo_007,gp,0.5331897241596835,0.46681027584031654,0.9336205516806331,0.1266112755980874,0.6784213818854782,288.63877643766676,12.64531373162624,0.4243049816638524,0.0,0.44127644398072824,0.9375,0.8330614321403412,0.48402373086409617,0.61622804781167
12.695410097571841,0.7705410326507051,2.808947806408286,0.7377297928162683,A1,Si2,combo_009,gp,0.49748733362840714,0.5025126663715929,0.9949746672568143,0.060901413612823176,0.3241278849596059,282.23755588480356,10.913904332934791,0.3717680261646002,0.0,0.5716647456696478,0.9375,0.8330476148346253,0.44668721833324543,0.4641854106650211
15.711099673877905,0.45073536288256877,2.9374008856177616,1.8000890394306306,A1,PU,combo_007,gp,0.45492730351462285,0.5450726964853772,0.9098546070292457,0.12794620100126683,0.6856190136402622,287.3457310330052,10.131223564799766,0.4136925260669537,0.0,0.5435432530138903,0.9375,0.8330393579877114,0.4670745992350933,0.5649724126301037
15.531022982011077,0.9672178825739516,1.7422344286083595,1.222478440555443,Si3,Si3,combo_006,gp,0.470324695284873,0.529675304715127,0.940649390569746,0.1002806225037993,0.5364521419681975,284.2242021414085,10.3662644417801,0.38807309566096765,0.0,0.574894446417871,0.9375,0.832984500602507,0.454122261977043,0.5239281929555746
14.11444060857409,1.0370904347268906,2.241761598147198,2.0116792253992424,A2,Si2,combo_013,gp,0.4772682463415663,0.5227317536584337,0.9545364926831326,0.11789803611968064,0.6314414615038224,283.9035770633162,8.04288196220448,0.3854416185355397,0.0,0.39828660280458844,0.9375,0.8329782242296222,0.4163702766203691,0.4668111937246397
13.842218835920505,0.9556762026406977,1.358578382788068,1.5067151130466936,A1,PU,combo_007,gp,0.5278111004389956,0.4721888995610044,0.9443777991220088,0.12077754787806569,0.6469671719450677,292.1210558169595,9.143527984435044,0.45288521183636754,0.0,0.4267662560698007,0.9375,0.8328938139182549,0.47507385691387494,0.5067749891662753
10.579113201480123,0.701151149681514,2.897703572505855,1.198032846196257,A1,Si3,combo_010,gp,0.4923769660188384,0.5076230339811616,0.9847539320376768,0.09830817705064195,0.5258171386980435,296.9449442461788,10.39557663275705,0.49247647566587194,0.0,0.379266716467154,0.9375,0.8326889167166863,0.5078720895994627,0.491667603467618
15.95654679977147,0.8116485349954413,1.714830067137743,0.9854064906573401,A1,Si3,combo_010,gp,0.5597651560845662,0.44023484391543377,0.8804696878308675,0.15101431813116611,0.8099973586637298,282.77929166082293,10.950885306689377,0.3762142326531975,0.0,0.5315292425702887,0.9375,0.8326802964866374,0.44607648215958595,0.6292360445764645
13.37026716260531,1.1237078610849434,2.143215996577907,0.7095407881752406,Si2,PU,combo_003,gp,0.5277957298250016,0.47220427017499844,0.9444085403499969,0.10338900441128882,0.5532118712160317,284.300815581296,10.773279513035813,0.38870188775597087,0.0,0.5345676016328151,0.9375,0.8325934813988367,0.45372665975253434,0.5349343187307898
15.764015358622823,0.7221046736185179,2.447330203640372,1.1620118843454934,Si3,PU,combo_005,gp,0.5371618146981376,0.4628381853018624,0.9256763706037248,0.13060626760618893,0.6999615228320322,287.6538076229417,9.58307541696606,0.41622101355807994,0.0,0.4491057115629709,0.9375,0.8325638971582997,0.4550953191183696,0.5407575243756149
15.650272225277309,1.0776802157352898,1.7182753418439063,0.6734997422822238,A1,Si1,combo_008,gp,0.4659496131842218,0.5340503868157782,0.9318992263684436,0.14431567881644983,0.7738797307194163,276.9605248302655,11.945317881834642,0.3284576694301442,0.0,0.33089140514930493,0.9375,0.8322819034536727,0.4003939430142303,0.6138371351678874
13.863177890083856,1.1299042772960446,2.3463394674738707,0.5836990759544155,A2,Si3,combo_014,gp,0.5208212369691196,0.47917876303088036,0.9583575260617607,0.0947641546035195,0.5067085290002119,279.7686646414059,10.561203889039827,0.35150501096059217,0.0,0.5202603242809573,0.9375,0.8320934487026014,0.4245923557292076,0.5106818884926586
11.962352158101073,1.0836491022251948,1.9010239441091872,0.5588881889061612,Si3,Si3,combo_006,gp,0.5043246649444129,0.49567533505558714,0.9913506701111743,0.06641727671133255,0.35386823696602937,289.1921584304143,10.862565462423502,0.4288467725437276,0.0,0.5460548953534665,0.9375,0.83208713341862,0.4836781110881161,0.4693416999436907
15.207088648646602,1.2656569472957546,1.3060522186090606,1.5734687511083691,Si2,Si2,combo_004,gp,0.49202374332008425,0.5079762566799157,0.9840474866401685,0.07507281298967027,0.4005370340563158,279.7854753165432,12.273552940558139,0.3516429817872975,0.0,0.5252056093909752,0.9375,0.8320837748566969,0.4386332268652693,0.5213378286910791
9.356860243781757,1.3574836995389874,1.3804264500601962,2.2339278174969035,Si2,Si2,combo_004,gp,0.5294554526259674,0.4705445473740326,0.9410890947480652,0.09462574503790339,0.5059622542778404,286.7319446225159,12.952951503921264,0.40865497595168726,0.0,0.6008066626772092,0.9375,0.831976449008119,0.4914381107134195,0.5882541528771368
13.28752279955141,0.9693610846308419,2.561662889976016,1.13840264771504,Si2,PU,combo_003,gp,0.4738346153636286,0.5261653846363714,0.9476692307272572,0.09224631049452002,0.49313285303407334,283.24062114656516,9.810747660098773,0.380000517856586,0.0,0.5851204832932752,0.9375,0.8319672318577216,0.44513071654624936,0.49502864106650757
8.053313738295829,0.6742334766757598,2.9945435060933194,0.7965801618732851,Si1,PU,combo_001,gp,0.5190818305505829,0.4809181694494171,0.9618363388988342,0.07057588587808204,0.37629056657564075,323.2049349584145,13.792736656051597,0.7080009919774389,0.0,0.6560047952966676,0.9375,0.8319080680314774,0.7130962852575355,0.5742353072987899
10.841022459670516,1.1260762432703482,1.2762571021620606,2.023645013280363,Si1,PU,combo_001,gp,0.498657756251935,0.501342243748065,0.99731551250387,0.054242407196527974,0.28822394911189225,298.96476076151185,11.473833880645559,0.5090537845566339,0.0,0.5935083635482412,0.9375,0.8318398886589872,0.5493696160241709,0.4702885934003592
11.879747724947105,0.9425602117682635,1.8869108899546965,1.8995732943960109,A1,Si1,combo_008,gp,0.4577166915645421,0.5422833084354579,0.9154333831290842,0.13354634130528648,0.7158137702816866,284.357133307104,8.559366691781891,0.3891641061454421,0.0,0.4724168483885337,0.9375,0.831819326673596,0.43044580723116016,0.521659715173611
8.350479809721989,1.5874728397835909,1.4844609713449404,0.9460166280903506,A2,Si1,combo_012,gp,0.4917232604116748,0.5082767395883252,0.9834465208233496,0.06346206790334259,0.33793438425205324,308.33404873818534,12.243047408994814,0.5859506609296877,0.0,0.5994027413556623,0.9375,0.8317959370505479,0.6098287076718858,0.5097178437909515
14.94062817004269,1.0058613672853673,1.2828547253998135,1.361167783123017,A1,Si2,combo_009,gp,0.4719852254251933,0.5280147745748067,0.9439704508503866,0.11502931635624493,0.6159739391870669,283.80760566990637,9.587021136446406,0.38465394924916907,0.0,0.4557607770900527,0.9375,0.8316992582130217,0.43369487257906914,0.5124686016637404
8.257905211198267,1.4694366520214108,1.556021729345422,2.1857376242101463,A2,Si1,combo_012,gp,0.4950916179989715,0.5049083820010285,0.990183235997943,0.051682799864284944,0.27442309479415145,297.18907789692673,11.370114450651037,0.49448016209399803,0.0,0.6415058997163675,0.9375,0.8316457418517357,0.5431531625418755,0.4698065750009489
9.687821950040776,0.9046439726626189,2.7048489783752903,1.277377195823461,A2,PU,combo_011,gp,0.5351025969477092,0.46489740305229077,0.9297948061045815,0.10765047786676837,0.5761888230309238,326.22195543438625,9.481882809231802,0.7327626869038167,0.0,0.5682402489568208,0.9375,0.8316381148288592,0.6877931199232229,0.5125253750863885
10.774916195534024,1.108309186458599,1.4874685281237616,2.2140610643087975,Si3,Si3,combo_006,gp,0.5012570690694527,0.49874293093054733,0.9974858618610947,0.0671832830695054,0.3579983791258984,290.01702006849706,10.931166027440353,0.43561668756463895,0.0,0.508851209988059,0.9375,0.8316136239497135,0.48523551090829686,0.4670925943421263
9.405629744617,1.3705199112814475,1.823479695247915,0.6375307986957294,Si2,Si2,combo_004,gp,0.5007233563333542,0.4992766436666458,0.9985532873332916,0.04939943165621838,0.2621116626473805,288.15934098255383,10.734127686778676,0.420370094721273,0.0,0.6157304498854674,0.9375,0.8314928377208126,0.4837031687494093,0.44414735050530335
9.08223528254288,1.4314959727244967,1.7640099377798668,1.2899892063932317,A2,Si1,combo_012,gp,0.4870511496683392,0.5129488503316608,0.9741022993366784,0.07841028557772808,0.41853197116914087,304.0515388544407,10.286054908012813,0.5508026716783623,0.0,0.5455359104513422,0.9375,0.8314577423632409,0.5644671003093685,0.47604731328973326
15.543369204176802,0.8219467875177066,1.674311738940807,1.7557657840890317,A1,PU,combo_007,gp,0.4596051378616437,0.5403948621383563,0.9192102757232874,0.11655551835121086,0.6242028933421218,286.1423809513715,9.475898612641183,0.40381622995018646,0.0,0.5552102521472412,0.9375,0.8308811052054476,0.45618059709224745,0.5272112886852036
10.807208149678647,0.7900314725673275,2.512361499537289,1.0333564592687203,A1,PU,combo_007,gp,0.5262305383217551,0.47376946167824485,0.9475389233564897,0.11358848873589238,0.6082053053677391,314.6112808779037,9.60355245865978,0.6374700021021066,0.0,0.4413270136265437,0.9375,0.8308168994396564,0.6093525796337047,0.5080389777212052
12.322646168296728,0.8932748404120683,2.493368535437585,2.4666150950776666,A2,Si2,combo_013,gp,0.4643359537113838,0.5356640462886162,0.9286719074227676,0.10732386852240595,0.5744278154249608,291.3322885141724,8.485103609736408,0.44641153508307146,0.0,0.5689887740236986,0.9375,0.8308012759183123,0.47959289558063545,0.4846188541726955
14.965206714459258,0.4682223613445425,2.435451174736091,2.4167131719877997,Si1,PU,combo_001,gp,0.5087874181063476,0.49121258189365236,0.9824251637873047,0.08122749194728122,0.43372174430326577,287.49950242164255,9.482280742786234,0.414954579223095,0.0,0.48361220355047196,0.9375,0.8307930400516214,0.4568677656024737,0.4499786303081239
14.21213735318496,0.7969137307440272,1.8168302617819712,1.4233456567622227,A1,Si3,combo_010,gp,0.5444043919500388,0.45559560804996124,0.9111912160999225,0.1552943793609008,0.8330745317748163,285.65080396652417,8.143643121583306,0.39978169341702047,0.0,0.34613686855669756,0.9375,0.8307836540866552,0.4219847910484704,0.5323303322077925
14.636612615901642,0.780771636375761,1.4914819286135146,2.3412862144376856,A1,Si3,combo_010,gp,0.5266144957445533,0.4733855042554467,0.9467710085108934,0.12194920885487236,0.6532845168936465,286.11956335282383,9.417356853370729,0.4036289582963514,0.0,0.39152522046440674,0.9375,0.8307721432072404,0.4392211835036952,0.5112277312567672
10.407696346849736,1.5063242435044726,1.1678065227861132,1.1534287950734399,Si2,Si2,combo_004,gp,0.49422871061370977,0.5057712893862902,0.9884574212274195,0.05832110767071121,0.3102154281723057,286.13583080321797,12.074669528051949,0.40376247069611726,0.0,0.6001784707357363,0.9375,0.8307184848749667,0.4810520118343218,0.4955036939277988
12.711991624040603,1.1841498725628135,2.235670942940014,0.6339899303513058,Si2,PU,combo_003,gp,0.46468796028646864,0.5353120397135314,0.9293759205729373,0.09660951628644136,0.5166583238100384,284.8355988798431,10.680095785383642,0.3930910329393758,0.0,0.6327059520560137,0.9375,0.830678680199545,0.4658809784444894,0.534299616776553
10.122350824419142,1.5340274891091221,1.1530369076867988,0.6512057797114194,A2,Si3,combo_014,gp,0.500827849869532,0.499172150130468,0.998344300260936,0.03813917552414642,0.2013987741892154,301.719624225859,11.742690209833238,0.5316638693112019,0.0,0.6814922944358487,0.9375,0.83064619232421,0.5761068189150667,0.4604884984693444
11.944585649381207,1.1996612205199044,1.140364963807835,1.3417203521899304,Si3,Si3,combo_006,gp,0.511057909594232,0.48894209040576797,0.9778841808115359,0.05629793300233975,0.2993069038428844,292.97690949750137,11.314523933190532,0.4599094889030885,0.0,0.661619593882293,0.9375,0.8306248713792889,0.5205284211934195,0.4800047239329523
13.758249280732075,0.991245916275803,1.9349510104089978,0.7711373924947842,A1,PU,combo_007,gp,0.4396919262521237,0.5603080737478763,0.8793838525042474,0.15975817434688666,0.8571423579330841,290.9431419027503,10.232653338030508,0.44321767884297975,0.0,0.46499104655805384,0.9375,0.8306223543661416,0.48068367264193057,0.6160111570464254
8.91834815009323,0.9146347738725576,2.3615752404466974,1.3251933131806153,A1,Si1,combo_008,gp,0.5074468629496014,0.4925531370503986,0.9851062741007972,0.10127258653219155,0.5418005994725305,302.6290734279452,10.214198846350564,0.5391280227276096,0.0,0.34250110513489646,0.9375,0.8306084639155531,0.5354269671484726,0.48676071812541666
11.709779742931715,1.2714016788620828,1.1496396481749065,0.735829981098677,A1,Si1,combo_008,gp,0.5513411088593898,0.4486588911406102,0.8973177822812204,0.11847456977671213,0.6345500074552802,287.6880592636801,11.967559085508764,0.4165021282158843,0.0,0.6422361224479686,0.9375,0.8305029371877342,0.49333423095352313,0.6123848723281687
10.478856644239391,1.0617909835092487,1.273818049689556,2.0770962986400265,A1,Si2,combo_009,gp,0.5432964568268233,0.45670354317317674,0.9134070863463535,0.10965710185991523,0.5870081096656574,290.67410565039097,11.6700190742942,0.4410096084443483,0.0,0.622819034821692,0.9375,0.8304691097656945,0.5062107099294715,0.5846529754831384
11.462619546033133,0.6875715170802732,2.2697889955020685,2.0631778202536637,A1,PU,combo_007,gp,0.5048898200565475,0.4951101799434525,0.990220359886905,0.07858180851399385,0.41945678609123305,306.535856547312,8.00367686055391,0.5711922969066328,0.0,0.4609272453887957,0.9375,0.8303991058334649,0.5523518765792221,0.40093486666019973
9.933377873472853,0.9963636802269873,1.8705250986877549,1.4620305154653415,A1,Si3,combo_010,gp,0.47182289241070663,0.5281771075892934,0.9436457848214133,0.09541098295883778,0.5101960889035931,294.51820966781384,9.538099953355442,0.4725594542948413,0.0,0.5715089931876772,0.9375,0.8303973019357086,0.5064192929335332,0.491463694723727
14.602828810873621,1.2516216169188257,1.4561632114901168,2.238180216615106,A2,Si2,combo_013,gp,0.49493837884774017,0.5050616211522598,0.9898767576954803,0.11578841871456928,0.6200668564589936,286.9014281946991,8.100080590984414,0.41004598424707556,0.0,0.22600156560271709,0.9375,0.8303331489120062,0.41681409945030073,0.4385597733108219
15.538435373527909,1.1822974161542823,1.4373546263694443,0.6726103775001678,Si1,Si1,combo_002,gp,0.4570211914249427,0.5429788085750573,0.9140423828498854,0.0997437145283358,0.5335572492016138,278.8200460062829,13.617228286735807,0.34371938092212595,0.0,0.6816301626601113,0.9375,0.8303279009150881,0.45928315173320344,0.6282975524955461
10.139811583076458,0.9954101013328381,2.682584928655068,1.0676485071910107,Si2,PU,combo_003,gp,0.4839836943580238,0.5160163056419762,0.9679673887160476,0.07752826126915253,0.4137762850785365,301.9009500446362,10.431013291412299,0.5331520708804641,0.0,0.5707922572059663,0.9375,0.8303143018415894,0.5557758999889705,0.48215632464055413
15.312773517657142,0.6835175784227042,2.241861646477682,1.6832575960360283,A1,Si1,combo_008,gp,0.5520704231424247,0.4479295768575753,0.8958591537151506,0.1533288036789692,0.8224765688392045,281.19724112082963,9.385749775496516,0.3632298153642136,0.0,0.4264656805713962,0.9375,0.8303133060592484,0.41418756950133695,0.5748171085917981
10.274254617659807,0.8706649110980711,2.2641904067897913,1.166519716168786,A1,Si2,combo_009,gp,0.5227364835093695,0.4772635164906305,0.954527032981261,0.0832562030654778,0.4446601199839124,295.7594859671161,9.157595914733685,0.48274702354982524,0.0,0.5968645254179757,0.9375,0.8302740796122289,0.5130974495713262,0.46186900271334386
9.19619017227532,0.9948615597771331,1.6330837388268789,2.3063130583213614,A1,Si2,combo_009,gp,0.5101924662934678,0.4898075337065322,0.9796150674130644,0.10743022480077562,0.5750012656901898,295.1654566707222,12.089609851988273,0.47787162667009436,0.0,0.3263348351236632,0.9375,0.8302600964425688,0.5056614072537617,0.547512916013269
12.837496813402215,1.1026498342690885,2.0110438606473675,0.6025275064727813,A1,Si1,combo_008,gp,0.4511196930008339,0.5488803069991661,0.9022393860016678,0.14001340773634968,0.7506828068538092,280.05726919826895,10.015233867047538,0.3538736849713655,0.0,0.4807161583626194,0.9375,0.8302574158902977,0.4180076519682775,0.5751320044354349
12.615946906528146,0.9718258799636952,1.8256604357368333,1.1603523657710766,A1,Si2,combo_009,gp,0.4703279664087887,0.5296720335912113,0.9406559328175774,0.11853197876737291,0.634859544432557,284.21311022090407,7.852912576469057,0.3879820605639685,0.0,0.43755624819959044,0.9375,0.8302388833367899,0.4205834230127061,0.46867552307422555
14.232139773046068,1.338996563336938,1.3909519919694213,0.6621625293255433,Si2,PU,combo_003,gp,0.5087178390229781,0.49128216097702193,0.9825643219540439,0.08588797803104893,0.458850086718027,284.38749074967427,12.942464632778677,0.3894132598179667,0.0,0.4477565813427122,0.9375,0.8300734986915559,0.4625815314378579,0.5485190875612512
14.598947663266092,1.1405691140362586,2.1033080119972554,1.5707481435148762,A2,Si1,combo_012,gp,0.5363211130489844,0.46367888695101556,0.9273577739020311,0.14935384324048764,0.8010444338241066,281.57061817067427,9.332350585222814,0.36629424554438533,0.0,0.30220574133954786,0.9375,0.8299970225661168,0.4034872491025154,0.5472088738455874
13.17090561423059,1.3938785690059008,1.7359191250691137,0.5232045342543006,A2,PU,combo_011,gp,0.44221046534562447,0.5577895346543755,0.8844209306912489,0.12460922572412772,0.6676267579213576,297.02101269617725,10.434820461417255,0.49310079484679403,0.0,0.6593371297273809,0.9375,0.8299712014897377,0.5366243976954166,0.5843903838863116
9.566224123194575,0.9018511452028157,1.9127449995294896,2.0557303744690145,A1,Si2,combo_009,gp,0.5032678971914359,0.49673210280856406,0.9934642056171281,0.10280830398095955,0.5500808589157189,297.5575400735296,10.36239615081088,0.4975042542675888,0.0,0.28861152983552907,0.9375,0.8299525512335789,0.5020653975867648,0.4856494632514802
13.5866163408486,0.5743543030413318,2.878870422758747,1.3216629172818715,A1,Si1,combo_008,gp,0.5459720940580723,0.45402790594192766,0.9080558118838553,0.13703873971686337,0.7346440342407468,285.345260672487,9.640246329832026,0.3972739975316245,0.0,0.4696646211910037,0.9375,0.8299033024088588,0.444337351718151,0.557551924807109
13.94672996080443,1.1429890924505122,1.8195615795677536,2.2410022476597664,A2,Si2,combo_013,gp,0.4953538170137506,0.5046461829862494,0.9907076340275012,0.11615211095973536,0.622027807120762,286.33083367597163,7.337589390888487,0.4053629244163852,0.0,0.21635616157689574,0.9375,0.8298918739155317,0.4065823777486374,0.416837657476975
8.945409374071287,1.1371873268827324,1.6338886998467386,1.3168498280841017,Si1,PU,combo_001,gp,0.47475326375764126,0.5252467362423587,0.9495065275152825,0.08727474693349462,0.4663272475129427,317.62839923868,10.709560585072149,0.6622325004017755,0.0,0.5913836789099144,0.9375,0.8298381400595485,0.6503792116432076,0.5112954156144236
14.530550778820498,0.9694851224668892,1.1528264261368948,1.9710467117099488,A1,PU,combo_007,gp,0.4884644779085754,0.5115355220914246,0.9769289558171508,0.07229570904818791,0.38556348462206114,287.7468404299466,11.080172813240111,0.41698456488414687,0.0,0.5575106167720701,0.9375,0.8297211050429528,0.4782293497272865,0.48813563634265034
9.243829711302276,0.6739667007570944,2.4744446609454327,2.0444867607734114,A1,PU,combo_007,gp,0.5098878726678819,0.49011212733211806,0.9802242546642361,0.10378205784650081,0.5553311311236421,328.8894886618934,8.474581754773208,0.7546560232306887,0.0,0.34138701500572743,0.9375,0.829591195606997,0.6725212167508449,0.4435054946048991
12.14884875561164,0.9620604095892104,1.8069311037135205,1.9339488971058894,A1,Si1,combo_008,gp,0.45332783186003667,0.5466721681399633,0.9066556637200733,0.13331979530226296,0.7145922827727982,283.2933801175036,8.693781660147655,0.38043352835598826,0.0,0.49648341713167465,0.9375,0.8294818480136518,0.42779683123914697,0.5285373804089875
8.027100125064178,1.061850242475403,2.4137634929868677,1.4016374431658671,A2,Si2,combo_013,gp,0.5168891906323267,0.48311080936767326,0.9662216187353465,0.059293195056709685,0.31545671507959155,320.78704178117556,10.345850437818292,0.6881565349390495,0.0,0.6878377806151021,0.9375,0.8294509374378953,0.6753146596974522,0.46296009249524817
14.683643869513489,0.9555595728123757,2.11558470878331,1.8362534008748463,Si2,PU,combo_003,gp,0.5063060609565699,0.49369393904343006,0.9873878780868601,0.05923809159600148,0.31515960902583956,279.65037813300734,9.629849793759517,0.35053419407081665,0.0,0.5880767817998528,0.9375,0.829280768495039,0.42337904505096535,0.4282083890039512
8.68763741495984,1.1835754513906742,1.4250827950709568,1.8885625170868507,Si1,PU,combo_001,gp,0.47439856410587566,0.5256014358941243,0.9487971282117513,0.0765520113227034,0.4085125545371647,311.0180264790623,11.809059049871044,0.6079789628713175,0.0,0.6582051486821573,0.9375,0.8292635809235417,0.6277199684369776,0.5313097948462702
13.422826333825235,0.9446375014539395,2.7792063164868446,0.8942925572143167,Si2,PU,combo_003,gp,0.47049396162556434,0.5295060383744357,0.9409879232511287,0.08971520555390287,0.4794856775050987,282.0698147508033,11.062352504367567,0.3703913186414663,0.0,0.6102878710744307,0.9375,0.8291536195221764,0.4507518319496116,0.5284350940639465
12.84551627923922,0.9158918317590824,2.550898068328089,2.080913446701358,A2,Si1,combo_012,gp,0.493637261116044,0.506362738883956,0.987274522232088,0.10376645999484162,0.5552470308494685,285.4100029950517,7.632940398625559,0.39780535940103845,0.0,0.3034762707372713,0.9375,0.8289398698745146,0.4123239478973602,0.4146518937580763
12.72793652032577,0.5096241969664649,2.550018385518,2.2748845199819443,Si1,PU,combo_001,gp,0.49088903240494375,0.5091109675950563,0.9817780648098875,0.07723660262916172,0.41220372418205853,298.6776468745425,8.643136939510075,0.5066973449716583,0.0,0.4971121169594982,0.9375,0.8289015521015278,0.5158465804217811,0.4214034163674916
11.592710352650228,1.0067630871183009,2.063324228463984,0.7014686577129159,A1,Si1,combo_008,gp,0.5611292366586866,0.43887076334131336,0.8777415266826267,0.1375582126968613,0.7374449212473767,287.4141872142878,10.43525219695828,0.4142543688155342,0.0,0.5997973209951913,0.9375,0.8288783549901563,0.47548130969672814,0.5999076385780333
8.016734442604838,1.1484222967490108,1.6519571699383042,2.0637621294702906,Si3,Si3,combo_006,gp,0.5115034314636375,0.4884965685363625,0.976993137072725,0.06090428469078075,0.3241433651968002,298.4318263663537,11.80279799263504,0.5046798139409951,0.0,0.6226754029183218,0.9375,0.8288547852098772,0.5518084117059676,0.49627899405066456
15.57680072297617,1.1667574974596227,1.801325161634419,0.9117296053930968,A2,Si3,combo_014,gp,0.551391403721297,0.448608596278703,0.897217192557406,0.13000313669221844,0.6967095701698485,281.8620620203667,10.055434101079651,0.36868622257991696,0.0,0.5558336196716102,0.9375,0.8287507016052641,0.43620392992002555,0.5686141350244179
11.49329345007555,1.168223888312709,1.387263556860966,1.831505085217168,A1,Si1,combo_008,gp,0.45379643643531153,0.5462035635646885,0.9075928728706231,0.11930951490184918,0.6390518526759011,284.06481014689444,9.76674773783958,0.3867649123147499,0.0,0.5749005035641048,0.9375,0.8287066014638291,0.4484981942874477,0.5433576925586742
12.97919398268494,1.1126150928455427,1.2469070415019647,1.187555038664236,A1,Si2,combo_009,gp,0.4682383407489681,0.5317616592510319,0.9364766814979362,0.11915191363624769,0.6382021004191939,284.06118143725547,8.805944910119425,0.386735130282519,0.0,0.4408966446484536,0.9375,0.8286795127468289,0.42753026927769006,0.4965462794967709
10.424992882732735,0.8677504580452517,2.8801845263460897,1.5380028391892187,A2,Si1,combo_012,gp,0.5029421271848173,0.49705787281518266,0.9941157456303653,0.06459925230704222,0.34406583890533887,302.5169119243746,8.97369028407494,0.5382074757986054,0.0,0.5170293458709172,0.9375,0.82856123608441,0.5424917488037638,0.4096299795492753
12.099598839179466,1.2455526518142337,1.3009091911823782,0.9556214637680687,Si3,PU,combo_005,gp,0.47575321314303665,0.5242467868569634,0.9515064262860733,0.08588720566652691,0.45884592229401,305.7169887236329,10.328355015657179,0.5644715751228542,0.0,0.5808002149096185,0.9375,0.8285564893852914,0.577894012262486,0.49660971368868806
12.498901900579185,1.077151176157067,1.8409126318652047,0.6834244909468675,Si3,Si3,combo_006,gp,0.4937448888221905,0.5062551111778095,0.987489777644381,0.0740102131917245,0.3948077236168667,287.79906076092743,10.498811382426698,0.4174131545854765,0.0,0.4866994945945499,0.9375,0.8283630118017417,0.4668819070763406,0.46476725037976824
9.166823048996072,1.4064400333034328,1.5620087914330674,1.1454814233108195,Si2,PU,combo_003,gp,0.4853945574130165,0.5146054425869835,0.970789114826033,0.0768764121009853,0.4102616540280256,308.22777351716053,10.73955077814197,0.5850784246879359,0.0,0.5459407558368011,0.9375,0.8282974677948856,0.5920626263641984,0.4856804795316998
15.823908201646354,0.8077887890997033,2.9787686205272186,0.8787995215638514,A2,PU,combo_011,gp,0.5677429766384421,0.4322570233615579,0.8645140467231158,0.1506797156238821,0.808193253635897,285.15944775050895,11.046122526315028,0.3957489688074105,0.0,0.5737204836378597,0.9375,0.8282954575094655,0.4647179688465605,0.6375514594297982
15.14044563565282,1.0504515084702295,2.1582587145938517,2.2021828218447026,A2,Si1,combo_012,gp,0.5149191812108427,0.4850808187891573,0.9701616375783146,0.1278409286165661,0.6850514074974626,280.85091496206667,9.639821063171228,0.3603874008838973,0.0,0.22521507390732612,0.9375,0.8282500574069006,0.39406843905022504,0.503515382352886
12.543376682248327,1.4055620148857968,1.3896450670828242,0.5890456793886941,A2,PU,combo_011,gp,0.5457356149797334,0.45426438502026656,0.9085287700405331,0.11016559324992799,0.5897497862919866,305.25166353117646,10.620621462968185,0.5606524958196377,0.0,0.6247042031265643,0.9375,0.8282181220165521,0.5819066824239723,0.5570463583026732
9.170882063740748,1.5728791816557417,1.1023851136612324,0.6543771766649511,A2,Si3,combo_014,gp,0.5028699527910749,0.49713004720892506,0.9942600944178501,0.03189521115613597,0.1677326561395525,305.60305552938144,13.13554653220644,0.5635364873365728,0.0,0.7208294129726823,0.9375,0.8281816547535708,0.613291648883174,0.4928969241708123
8.969782551798508,0.7337056918063034,2.7349005242863313,1.2158280172903337,A1,PU,combo_007,gp,0.4928492512066249,0.5071507487933751,0.9856985024132499,0.07837592213617202,0.41834669085493115,331.1651353342888,9.933396591023545,0.7733330156842891,0.0,0.465669109216102,0.9375,0.8281466739891763,0.7094816820562998,0.4543075187265462
13.773124205094346,1.1687902725029788,1.1988759038909005,0.6334816758380326,Si3,Si3,combo_006,gp,0.5285091878829107,0.4714908121170893,0.9429816242341786,0.0777850166943352,0.4151606553190805,288.44706356418374,12.161422611329165,0.4227315300666712,0.0,0.6680919573721805,0.9375,0.8280611392821513,0.5018031100988894,0.5448064745700107
10.37349549896815,0.807897395342823,2.4776146632980014,1.2350174127841866,A1,Si3,combo_010,gp,0.5229674597158507,0.4770325402841493,0.9540650805682986,0.11124052325484916,0.595545578565595,295.96055968920103,9.636286106133252,0.4843973027586113,0.0,0.4039407305222157,0.9375,0.8280342528645593,0.49872017046155576,0.4989000112503627
12.092362511486556,0.7555019435855586,2.3943092429165223,1.250744458262711,A1,PU,combo_007,gp,0.5364898269517511,0.46351017304824893,0.9270203460964979,0.141816505895819,0.7604047258005001,305.62037690874706,8.845228811799132,0.5636786496834881,0.0,0.3335555836648025,0.9375,0.8276974017147535,0.5409651848595686,0.5242959925811587
9.206558961155853,0.5350010414701347,2.8773356967261914,2.3811766387147375,A1,Si1,combo_008,gp,0.47107156858019295,0.528928431419807,0.9421431371603859,0.0977477578877812,0.5227954786464865,307.47951773763504,10.533297630764137,0.5789372395395183,0.0,0.542402817309491,0.9375,0.8276820976143626,0.585789973418062,0.5188665241557695
8.289415111900729,1.3635276344772973,1.7606383784822441,2.373552549781031,A2,Si1,combo_012,gp,0.4894213742474989,0.5105786257525011,0.9788427484949977,0.05819256822083462,0.3095223709992451,297.1397355606819,10.962459880011025,0.4940751930569034,0.0,0.6217962644922813,0.9375,0.8276500647271763,0.5376967699142394,0.4679280486617044
11.73299061443953,0.8165884420966696,2.32387736231224,1.1734117868928893,A1,Si2,combo_009,gp,0.5280337344330874,0.47196626556691257,0.9439325311338251,0.09165566437358896,0.48994821570098485,288.73865003672074,8.73354640330251,0.4251246776555335,0.0,0.5721799017817666,0.9375,0.8276162758569489,0.46696261911574244,0.4623596017880327
15.465435982338512,0.7131339816085989,1.8504799140803525,1.8406317853683194,A1,PU,combo_007,gp,0.5347427598103849,0.4652572401896151,0.9305144803792302,0.11443304813819564,0.6127589887108992,287.1008210662047,9.287853405118108,0.41168246815364395,0.0,0.4899640225190927,0.9375,0.8275716270034611,0.45368532689450536,0.5082494386993375
8.090812310710582,0.7382827705079047,2.580838732127577,1.6701299039824327,A1,PU,combo_007,gp,0.48844388945284223,0.5115561105471578,0.9768877789056845,0.08881293416456873,0.47462082349315377,338.0910752775722,9.701699456294033,0.8301765185109524,0.0,0.43498250708437863,0.9375,0.8274328716261136,0.7443835927888499,0.4630308912148696
13.728362911188182,0.8988992084522259,2.045003453045857,0.6115046190839427,A1,PU,combo_007,gp,0.5698957891777638,0.43010421082223615,0.8602084216444723,0.1643817513213569,0.8820716943386051,293.1371011685268,11.213004171840709,0.46122423546157865,0.0,0.5001167388262541,0.9375,0.8274308992295991,0.5045010643517038,0.6569560936033569
8.038955910856416,0.9236851800792178,2.8387341381528213,0.5161081374464043,A1,Si1,combo_008,gp,0.4880234738840663,0.5119765261159337,0.9760469477681326,0.05570792959525445,0.2961257318851453,302.1988247113274,14.81850536628454,0.5355968277794138,0.0,0.6478594322434746,0.9375,0.8273001213158536,0.5996558046883432,0.5731552080607436
8.20009790946266,0.9963597548840252,2.5440520955465367,1.5618606487309488,Si2,PU,combo_003,gp,0.5118599947567652,0.48814000524323475,0.9762800104864695,0.09109615624968284,0.48693146777627316,317.5485321979385,10.946713857369947,0.6615770049176503,0.0,0.4215006936897104,0.9375,0.8271989148513283,0.634794802921916,0.4995440231622165
10.790426464279044,1.1034287131018268,1.3181097617233182,2.0818858057972713,Si1,PU,combo_001,gp,0.5038354270274965,0.4961645729725035,0.992329145945007,0.05767825110054286,0.30674928328346396,298.9535010734477,11.388460874204206,0.5089613725352267,0.0,0.5583418491061457,0.9375,0.8271680700908324,0.5451177080315843,0.4691504947272232
12.142124286412024,1.4425995784303898,1.7144097251157726,0.549673431888554,A2,Si1,combo_012,gp,0.5365273282569092,0.4634726717430908,0.9269453434861816,0.1054016925067458,0.5640638541911357,290.0256246056205,10.960721753727071,0.4356873078752834,0.0,0.5607370334540113,0.9375,0.8271672792683348,0.49070567495119227,0.547810900310824
12.11599495227502,0.9255658944713573,2.4931383576917696,0.5445945269645253,Si1,Si1,combo_002,gp,0.48091825777771646,0.5190817422222835,0.9618365155554329,0.0723378467187848,0.3857906819135641,281.5940831902101,11.158353742516145,0.3664868307985508,0.0,0.6073332203376105,0.9375,0.8271275646355626,0.44847727369403667,0.49783781707490415
13.052846653624307,0.8351698183681328,1.854595595807842,1.7770221847040881,A1,Si3,combo_010,gp,0.4597541724586591,0.5402458275413409,0.9195083449173183,0.1412635033595829,0.7574230546106275,286.3808778419339,7.545367044648541,0.4057736536044275,0.0,0.36722041757355545,0.9375,0.8270727766580268,0.42358831760936533,0.4925676459009399
12.299945038912703,1.144454379598698,1.4696511646479966,1.514682042713421,A1,Si1,combo_008,gp,0.438358214566577,0.561641785433423,0.876716429133154,0.14278656647419963,0.7656350845953714,283.40537448772966,9.202107059762909,0.3813527035658006,0.0,0.5572170879287274,0.9375,0.827067966734445,0.4385062976744868,0.5694867801471267
15.258775870264799,0.6790659729675845,2.4219456266666954,1.5576520999072265,A1,Si2,combo_009,gp,0.5049750056491522,0.4950249943508478,0.9900499887016956,0.10448854876250008,0.5591403787710024,280.65173265157824,9.069271749000418,0.3587526451219375,0.0,0.2702150055836632,0.9375,0.8269344633050763,0.39294268447195285,0.45051154655620623
9.576674565824808,0.9001097797421915,2.5657945836150664,0.7629469648015923,Si3,PU,combo_005,gp,0.4991546213194398,0.5008453786805602,0.9983092426388795,0.06156020004147399,0.327679920232277,318.8854035687693,10.087588019131806,0.6725491548596083,0.0,0.5028193432065847,0.9375,0.8267867036638143,0.643859110023544,0.43238555911634347
15.49018883006108,1.0387803654572956,1.5134167723124485,0.6372164586291894,A1,Si3,combo_010,gp,0.4339987754279093,0.5660012245720907,0.8679975508558186,0.13895381387129707,0.7449697037604732,279.3325011183304,11.462819848590943,0.34792527121986966,0.0,0.6198353527938569,0.9375,0.8267642558044999,0.4391258451429574,0.6337958692690643
11.466783120896228,0.9882984539010102,1.7103232266671884,0.9308623456075764,A1,Si3,combo_010,gp,0.5510368219088235,0.4489631780911765,0.897926356182353,0.12693344883873572,0.6801584709706877,290.0114203109558,9.831921399096794,0.43557072848381667,0.0,0.5547614465359776,0.9375,0.8265532870074402,0.48116027089449154,0.5565158388779148
9.991412284806735,1.051543215525764,2.2122893321147084,2.0573545609363615,Si2,PU,combo_003,gp,0.4829248574827716,0.5170751425172284,0.9658497149655432,0.09225973608836475,0.4932052409595361,299.29485729022423,9.590816517614433,0.5117629970413783,0.0,0.4573998756138671,0.9375,0.8265111006891966,0.5228649269676425,0.4698497608484365
14.85346491221819,1.152286663165785,2.100463881370215,1.7642313988717357,A2,Si1,combo_012,gp,0.4745556385876455,0.5254443614123545,0.949111277175291,0.14107463724877992,0.7564047290073538,280.6719263233672,9.334814066158572,0.3589183813323025,0.0,0.22583539264997732,0.9375,0.8265071818332732,0.39070645886503896,0.5201971483860734
12.86444187336592,1.124656830408917,2.2232961189604543,0.7113302376874826,A2,PU,combo_011,gp,0.5596977230727589,0.4403022769272411,0.8806045538544822,0.14405275164745684,0.7724620837585958,298.6288214331918,9.805142696164507,0.5062966182636358,0.0,0.5264058723447701,0.9375,0.8264770208311645,0.5276225011627618,0.5838325941703131
15.096214844182672,0.7257962056375702,2.260304572892284,1.0960239477723195,A1,Si3,combo_010,gp,0.558690650937919,0.44130934906208097,0.8826186981241619,0.15357676277958632,0.8238135111823787,281.90637587331923,10.72526717268459,0.369049921174793,0.0,0.45643034386844034,0.9375,0.8264562709044592,0.43177944114962497,0.616604397285589
15.391865353918762,1.2176020237403762,1.6114350339443042,1.2209174445987372,Si2,Si2,combo_004,gp,0.4949186350874957,0.5050813649125043,0.9898372701749913,0.06103349133573728,0.32484001974277954,276.98578875217845,11.464355849573172,0.3286650188770685,0.0,0.5426905317812456,0.9375,0.8264034715176456,0.4179412510267788,0.4752209828986317
13.788228899098051,1.0596139675942389,2.865866689862554,0.5917629439023115,A2,Si1,combo_012,gp,0.4876164287123572,0.5123835712876428,0.9752328574247144,0.09701127252359983,0.5188245073610945,278.80812460183654,9.4253156361286,0.3436215379733142,0.0,0.38189308056626997,0.9375,0.8263098440440686,0.39631528809268624,0.462940701752911
12.434936213934986,1.1528159768170543,1.7158080269884755,2.0062564966195424,Si2,Si2,combo_004,gp,0.5220499876943521,0.47795001230564793,0.9559000246112959,0.08455379635416348,0.4516564649760703,281.45770235600804,9.923022436922542,0.3653675077322305,0.0,0.5510533588749832,0.9375,0.826299537646692,0.43236276695097176,0.47848838135106453
15.971102186483506,1.0214834386758347,2.349813970925583,1.6541101477634645,A2,Si2,combo_013,gp,0.5405793544867521,0.4594206455132479,0.9188412910264958,0.14438296089698643,0.7742425012819097,281.41993913381276,9.709682391365849,0.36505757235231384,0.0,0.34397013518724573,0.9375,0.8262343855894253,0.40976179579902655,0.5544660814446432
11.487609314193762,0.9684908112481554,2.302049601160343,1.9041026480934216,Si2,PU,combo_003,gp,0.5083221309629593,0.4916778690370407,0.9833557380740814,0.07647125056454764,0.40807710983287043,292.2379113960978,9.002558096027817,0.453844284611681,0.0,0.4734638731987258,0.9375,0.8262061244618464,0.47930771191423904,0.4262927082029778
10.930464706763573,1.3781155456043712,1.253608353498007,2.231741595029417,A2,Si3,combo_014,gp,0.5060898792609319,0.49391012073906815,0.9878202414781363,0.05748538204280899,0.3057093746480044,291.1514371857597,10.982752403832288,0.4449272278147414,0.0,0.5722891933552094,0.9375,0.8261075720294809,0.49850187615089586,0.4597253008377787
8.390611099419276,1.5357238369523978,1.2940760213996414,1.6036112179030082,Si2,Si2,combo_004,gp,0.4623070621294829,0.5376929378705171,0.9246141242589658,0.06845742132672476,0.36486825961383057,290.10546718790886,13.170105410677476,0.4363426026207131,0.0,0.7968431075860303,0.9375,0.826004389093378,0.5321287441241698,0.5742464973614818
11.27970462784842,1.1731939212951086,1.8604520110810074,1.661168465750506,A2,PU,combo_011,gp,0.5254762695553055,0.47452373044469454,0.9490474608893891,0.10013972513600729,0.5356924535495264,306.9334192103644,7.867162953440561,0.5744552264939604,0.0,0.48089186159266045,0.9375,0.8258820696146797,0.5555601310661238,0.4408591402450325
8.41942582992425,0.9412576025155897,2.388737798726286,0.6530265012986354,A1,PU,combo_007,gp,0.5221545909635665,0.47784540903643347,0.9556908180728669,0.07063702372388328,0.37662020874089586,325.10960868074955,12.364313438496783,0.7236332855009219,0.0,0.6365713964927222,0.9375,0.8258231711173123,0.7108759027297759,0.5321669038377261
15.588243245041523,0.8213367786049772,1.4232607393760077,2.3597886393924554,Si1,PU,combo_001,gp,0.5081584163679018,0.4918415836320982,0.9836831672641964,0.05048778669776167,0.26797983984202667,285.10179084102,12.598100632927602,0.3952757592900956,0.0,0.6337518626568834,0.9375,0.8258230729872534,0.48257997854880125,0.5001468860734029
15.814381672775816,0.6722070934749239,2.79178564862457,1.0168312525252443,A1,PU,combo_007,gp,0.43125888561485226,0.5687411143851477,0.8625177712297045,0.16476761977089463,0.8841522143429044,285.1754167431188,11.42665735988696,0.39588003166443625,0.0,0.4741589183778287,0.9375,0.825807418126283,0.45784249326524895,0.6596641401949533
15.771861660533112,0.5247480520963483,2.8282545086244633,1.9349800973941034,A1,Si3,combo_010,gp,0.4485764203742377,0.5514235796257623,0.8971528407484755,0.12764078802490458,0.6839722923090534,280.7582938340716,10.953719179755284,0.3596272283449912,0.0,0.5480285350261042,0.9375,0.8258066723075291,0.43613776723974695,0.5876800711968335
14.908603862027697,0.6381110254080327,2.6577939377714825,1.6173028841153612,A1,Si1,combo_008,gp,0.44319788182771447,0.5568021181722855,0.8863957636554289,0.15951624290198407,0.855837915418046,280.1132173400453,9.032667936587211,0.354332870061224,0.0,0.3940874247158767,0.9375,0.8255585633389613,0.4019485766880354,0.571930272211266
15.706637748811755,0.7670530783693696,2.5318129112575836,0.9042886423341039,Si3,Si3,combo_006,gp,0.5329845097129606,0.46701549028703937,0.9340309805740787,0.09304254403701098,0.49742597369535335,280.0763269861191,12.170154415514999,0.3540300986027862,0.0,0.5932442412014883,0.9375,0.8255322202490697,0.4462959210118459,0.5626122245177105
10.063916883061182,0.918117754055154,2.4559176963424907,1.1012900085463861,A1,Si1,combo_008,gp,0.4636442268922565,0.5363557731077435,0.927288453784513,0.11771424450019086,0.6304504964704564,295.36824619574384,9.904419580557407,0.47953598804677117,0.0,0.4675134677132457,0.9375,0.8254434216057924,0.5037805966439997,0.5280238977614198
10.5766100147145,1.0302087594564133,2.766452424322824,0.7903678762574381,A2,Si2,combo_013,gp,0.4963178436968674,0.5036821563031326,0.9926356873937348,0.03400616828113144,0.17911448466694993,295.7236043421086,10.652649056918628,0.4824525310666039,0.0,0.6933741906881619,0.9375,0.8254218660120552,0.5342852687859261,0.4245049711333618
13.906069112084287,1.0327647240136224,1.128716490888281,2.0155348902360677,A1,Si2,combo_009,gp,0.4500387558633605,0.5499612441366395,0.900077511726721,0.13177093006334256,0.7062411332621342,285.16630114637286,10.369200111222451,0.39580521691674336,0.0,0.505113299240877,0.9375,0.8254154851199308,0.45257969055532965,0.5729678722912042
15.806214402289175,0.7829852622222019,1.6998156026109186,2.2174495936586043,A1,Si2,combo_009,gp,0.4644247629858995,0.5355752370141005,0.928849525971799,0.1328493295812849,0.71205563240658,284.1296524562507,9.482943871421858,0.3872970948091642,0.0,0.36333409687063134,0.9375,0.8253301601652129,0.4254849244340794,0.5293720052050026
15.284661311743188,1.1952347885068662,2.0834573005838095,0.5877552843919536,Si2,PU,combo_003,gp,0.4502753080177939,0.5497246919822061,0.9005506160355878,0.10807929158375748,0.5785008947159309,276.6287335969383,12.252196435711605,0.32573454793848455,0.0,0.6520848415843924,0.9375,0.8252748180505743,0.4330175002586415,0.6020699532896552
12.560434000272869,1.0589534547785209,1.8657722748543868,2.4180789375973886,Si2,Si2,combo_004,gp,0.524865212257474,0.47513478774252604,0.9502695754850521,0.09776299385022202,0.5228776276915323,281.1326784558127,10.22323755009047,0.3626999280043116,0.0,0.4851509471985173,0.9375,0.8252300373351468,0.4262632801668637,0.5017836372257924
9.681019018772417,1.2338633345974914,1.353405753363916,1.5410299257152482,Si3,PU,combo_005,gp,0.5061457626281474,0.49385423737185263,0.9877084747437053,0.05715570079048008,0.3039318039724686,315.01591772502115,10.404512426947734,0.6407909918812915,0.0,0.5675745934052893,0.9375,0.8251733237275493,0.6305932254522965,0.44249957168317994
11.657391463825709,1.15323023086939,1.557073101571711,1.4177101795325817,A1,Si1,combo_008,gp,0.44024069461585214,0.5597593053841479,0.8804813892317043,0.1400401086001084,0.7508267721903082,285.0245112309904,9.17150864243182,0.39464149971419227,0.0,0.5420728183431157,0.9375,0.8251559767601574,0.446053690652642,0.5611910495824608
13.115317786952108,1.4340512831359773,1.527614989310699,0.6432549569813923,A2,PU,combo_011,gp,0.44739065326598393,0.5526093467340161,0.8947813065319679,0.11824903582511484,0.6333339767108415,298.80445226246997,10.235339357860244,0.5077380791515844,0.0,0.6135018304913139,0.9375,0.8251477072807896,0.5407201287782214,0.560028682552925
9.475846873752753,1.4390306498425716,1.312357143475031,1.3651917513378269,Si2,PU,combo_003,gp,0.5173457045556731,0.4826542954443269,0.9653085908886538,0.0687706422197354,0.3665570795586947,304.8666815217803,11.731875874192605,0.5574928198596193,0.0,0.5979994498862206,0.9375,0.8251183533730463,0.5857528579031333,0.5054726818731985
13.722673219331162,1.652471106922517,1.1518977380351874,0.5486230353823924,A2,Si1,combo_012,gp,0.4771061108471102,0.5228938891528898,0.9542122216942204,0.08246492600856077,0.4403937236308777,285.0406418163151,12.384984950644435,0.39477388881661124,0.0,0.5627122165198596,0.9375,0.8250923880589749,0.47345077286314713,0.5439770373871529
13.290496372051688,1.0683351804358376,1.3233074496704802,0.7343553499606708,A1,PU,combo_007,gp,0.5616920735242843,0.4383079264757157,0.8766158529514314,0.14149398034193125,0.7586657371177896,295.9723756391915,11.369155759310585,0.4844942802074751,0.0,0.5501749176422821,0.9375,0.8250648450731611,0.5270224169070269,0.6255654971290501
9.58263886600094,1.269712188965328,1.3346017415298663,0.8269044094979778,Si1,PU,combo_001,gp,0.48402328482130486,0.5159767151786951,0.9680465696426097,0.0776048183657768,0.41418906454052323,314.23920224036857,12.294494669106966,0.6344162284255126,0.0,0.5287434074859275,0.9375,0.825062103072887,0.6370927675644427,0.5272224179250413
14.315568244432438,0.7704974469062982,2.8512415333468173,2.0246557347765735,A2,Si3,combo_014,gp,0.520246759458594,0.479753240541406,0.959506481082812,0.11246066021674987,0.6021242956394074,283.8921381248363,9.2867768922479,0.38534773534608946,0.0,0.3453227328546541,0.9375,0.8247848990291525,0.4207784294186145,0.4828015082700932
14.839284713604734,1.3159699236826035,1.146866002712933,2.1156345577937152,Si2,Si2,combo_004,gp,0.46183555884985594,0.5381644411501441,0.9236711176997119,0.0945507752413318,0.505558033197645,280.51207257204806,13.02270245956713,0.3576064081937289,0.0,0.6260797259822454,0.9375,0.8247744350737116,0.45877928327751744,0.5938211578194018
15.77991805076875,1.224208031753046,1.4705931008819104,1.4113536645537317,Si2,Si2,combo_004,gp,0.4919195363552369,0.5080804636447631,0.9838390727104738,0.06969607795162859,0.3715468307425599,278.5913636679299,12.203421997899532,0.3418425085765633,0.0,0.5029255119068309,0.9375,0.8247705256422367,0.4289940375711273,0.5059212738648953
12.223143425901462,0.985014535884766,2.1579185821148146,0.7577539370104405,Si3,Si3,combo_006,gp,0.5012349813386221,0.4987650186613779,0.9975300373227558,0.0662570463111008,0.3530043089787104,286.8190052066999,10.024583818251497,0.4093695112499542,0.0,0.46064034703293283,0.9375,0.8247439128005452,0.45492058906320826,0.4331901978948031
12.981017390460755,0.6753620997406069,2.5872965198734725,1.1252520522144431,Si1,PU,combo_001,gp,0.48074948761738057,0.5192505123826194,0.9614989752347611,0.11985306192091918,0.6419825417431393,294.9506915794856,8.838270799821887,0.4761089778208768,0.0,0.2887524721697049,0.9375,0.8247364617277911,0.4751314512240226,0.47593647879908885
10.129045515986464,0.9804870868023667,2.8753533882488105,0.724595533953339,A2,PU,combo_011,gp,0.48096406305527495,0.519035936944725,0.9619281261105499,0.09061782280807493,0.4843523963461451,314.607692689061,11.410112696632678,0.6374405526375874,0.0,0.47176099198151644,0.9375,0.8246808709653423,0.6265651141147727,0.5189196857644627
14.63497850092326,1.1101636350292965,1.5555743227431118,0.9403838489652507,A1,Si1,combo_008,gp,0.45244168474540913,0.5475583152545909,0.9048833694908183,0.15294204900773936,0.8203912705174219,279.2285683348466,10.672725476422332,0.34707226014554265,0.0,0.34203988616119557,0.9375,0.8246056309102026,0.40454334030218225,0.596803621149917
10.85681350305443,1.4239384708765315,1.161036743064915,0.6529927354438536,Si1,Si1,combo_002,gp,0.4824654709829659,0.5175345290170341,0.9649309419659318,0.06498180563245058,0.3461284844706262,289.6992851781546,13.96418676816536,0.4330089311755834,0.0,0.6194282574841844,0.9375,0.8245615359695568,0.518290855577465,0.5629054312088302
15.769565543923836,0.8052215581417745,1.5025341674326722,2.262618497454601,A1,PU,combo_007,gp,0.47521780799867486,0.5247821920013251,0.9504356159973497,0.06951172276485705,0.37055282707515974,284.3271065052344,11.494364398779432,0.38891766615160334,0.0,0.6583124370355516,0.9375,0.8245582013017299,0.47191599885190594,0.5093887159794381
8.552667451330548,1.0110567905378636,1.908217814406303,1.652169288014027,Si1,PU,combo_001,gp,0.4693324113044923,0.5306675886955077,0.9386648226089847,0.09434470526955084,0.504446948062052,319.93251594291235,10.103261377901267,0.6811431559174947,0.0,0.5554779814501789,0.9375,0.8245273042965514,0.6552638820596506,0.5025836907425975
10.916222631016865,1.0584808301750233,1.79078742109621,0.7711788387572722,Si1,PU,combo_001,gp,0.5125646452988768,0.4874353547011232,0.9748707094022464,0.10407244942625118,0.556896860302782,307.3180121870513,10.835089763577503,0.5776117095325722,0.0,0.3245620117689157,0.9375,0.8244955076402906,0.5654484688611704,0.5064224514114849
15.3868921440705,0.8380607200362641,1.439818958487415,2.1840286478970907,A1,PU,combo_007,gp,0.4800314542874915,0.5199685457125085,0.960062908574983,0.06920312027083186,0.3688889085480938,285.26176789108393,11.06441533331955,0.3965887443826578,0.0,0.6146066818976812,0.9375,0.8244643688262833,0.46953811368222875,0.49043075576258566
9.28074456728757,1.3456019334126954,1.4555698673332358,2.2237063546120863,A2,Si2,combo_013,gp,0.5338569903034482,0.46614300969655176,0.9322860193931035,0.07621841143011775,0.4067138553929666,300.67164296162446,11.002532060489635,0.5230627369820694,0.0,0.6990619592239529,0.9375,0.8243789096488956,0.5660293698244687,0.5146365463223186
8.465547400049177,1.3419846892495786,1.1514966595032663,2.4656704855524563,Si3,PU,combo_005,gp,0.4855902792850486,0.5144097207149514,0.9711805585700972,0.07485971263304575,0.3993880425919663,301.1311717628994,15.309418219676878,0.5268342433664897,0.0,0.5259763910840787,0.9375,0.8243538786012227,0.5851896001537812,0.6045102409807068
8.348520023535713,0.91993563162782,2.3955890262811144,0.9659273363924725,A1,Si2,combo_009,gp,0.501689791672312,0.498310208327688,0.996620416655376,0.053114817238917325,0.2821442256562265,305.50867916115243,11.24859868504284,0.562761908954703,0.0,0.5443334071569774,0.9375,0.8242445411708973,0.5802786821747382,0.4545925082208454
9.716394338444779,0.8383136368114645,2.9257188377410874,0.5165111045073565,Si3,PU,combo_005,gp,0.48194996732007667,0.5180500326799233,0.9638999346401533,0.04823791111041107,0.2558489927300764,312.4969791254897,12.90921761196037,0.6201172213064376,0.0,0.7277667411156397,0.9375,0.8242193195126467,0.6518141794522091,0.5185562351143582
14.923666963138096,0.7799835113012004,1.9273825572600378,1.6812996954021953,A1,Si2,combo_009,gp,0.4997873762468827,0.5002126237531173,0.9995747524937654,0.11805357796619105,0.6322801098140386,284.24360504852814,7.2422683749043495,0.38823234180152505,0.0,0.11836233513316682,0.9375,0.8242114419353749,0.38404288181735013,0.40310642035526917
10.924332881939922,1.205325488719677,1.286202871344587,1.2325227607643694,Si3,Si3,combo_006,gp,0.5109700379267856,0.48902996207321436,0.9780599241464287,0.04876956065149825,0.2587155331451674,295.72557409628024,10.966137856301444,0.4824686974971158,0.0,0.6579977162481062,0.9375,0.8241789436605337,0.5332212571149543,0.45567698438559356
12.146472542756939,1.123914851294117,1.8728612561892266,1.8989805097022006,Si2,Si2,combo_004,gp,0.5132942806868961,0.4867057193131039,0.9734114386262078,0.0774181580658355,0.4131826321968019,281.3406420600858,9.494783083916722,0.36440675477788276,0.0,0.4978419972441215,0.9375,0.8241633054607393,0.4230054683559248,0.44526811185998033
10.256206050076479,0.8660719180677479,2.191751716038405,2.0688513954994967,Si3,PU,combo_005,gp,0.4882922726244132,0.5117077273755868,0.9765845452488264,0.07767960643668669,0.41459230579488693,309.7117778368871,8.926099396562023,0.5972581438934084,0.0,0.48123397063941026,0.9375,0.8241452315488095,0.5798738730575466,0.42763661606289105
11.729942947593853,1.3373819720695777,1.626720024575442,0.8969721400199708,A2,Si3,combo_014,gp,0.48710718448681334,0.5128928155131867,0.9742143689736267,0.07020658343894208,0.37429936694999716,292.6023536021124,8.885382277826379,0.45683538354372355,0.0,0.539385873804375,0.9375,0.8241054034918652,0.48707331572805235,0.4211375190376847
14.840546302945437,0.5333150505134825,2.5644978129746656,2.162950358334009,A1,Si2,combo_009,gp,0.5178827882968093,0.48211721170319066,0.9642344234063813,0.1116903526655238,0.5979709623681627,279.9759690560889,9.101203541668404,0.3532064275449852,0.0,0.3225801752581699,0.9375,0.8240753486274379,0.3945476595907121,0.4728348628595015
12.602327216952787,1.1624836554400617,2.151546150587489,0.6247816809005033,A2,PU,combo_011,gp,0.5592705608576125,0.4407294391423875,0.881458878284775,0.13925929868390952,0.7466168124173516,300.84196093468796,10.0652700474056,0.5244605934842264,0.0,0.5331902869145304,0.9375,0.8239735660236465,0.5430589133922334,0.5829555697996294
9.432742166199244,1.0609341266042889,2.4546416042167793,1.1773178632185282,Si2,Si2,combo_004,gp,0.5201338082624432,0.47986619173755685,0.9597323834751137,0.057695887270144824,0.3068443737312579,290.65871548967056,10.148732777771384,0.44088329625400624,0.0,0.6851671770215657,0.9375,0.823957489297631,0.5004080580807455,0.45412622286192134
9.697029999316092,0.9928419349980525,1.9743968607976128,1.901485274091779,A1,Si1,combo_008,gp,0.46451301941891643,0.5354869805810836,0.9290260388378329,0.10863862795418948,0.5815167165827096,292.4831831138251,9.52163079999849,0.4558573115356948,0.0,0.5045032453631961,0.9375,0.8238534143797246,0.4878978601252981,0.5059222989074004
11.662901431154474,1.3903108939625612,1.3350907636453555,1.762948865622216,A2,Si2,combo_013,gp,0.5055876350059005,0.49441236499409946,0.9888247299881989,0.05076124384350957,0.2694542621813723,293.3711118399934,10.012731054049608,0.46314483921701266,0.0,0.5921478508739346,0.9375,0.8237989546566108,0.5056209706750439,0.42334796286966603
14.11149489590903,1.1733142677686204,1.4629990658327292,0.8575402278758775,A1,Si1,combo_008,gp,0.4488389880767585,0.5511610119232415,0.897677976153517,0.14820321118190083,0.7948404722969441,279.57489426576973,10.751336227078635,0.3499146727559012,0.0,0.3986759020321373,0.9375,0.8237068941649817,0.41281408424814636,0.5985173315140573
8.186688252811388,0.910281539778296,2.9948125543782957,1.1402890519627304,A2,Si3,combo_014,gp,0.5007073287104522,0.4992926712895478,0.9985853425790956,0.02952320043317729,0.15494328254489848,313.17251127840416,11.838370598182983,0.6256615393568611,0.0,0.6800981639771236,0.9375,0.8236435371233799,0.642517303072557,0.44665030542492945
11.308264583525336,0.9832496335045153,2.2096199870577236,2.139111063791446,Si2,PU,combo_003,gp,0.5124602527106248,0.4875397472893752,0.9750794945787504,0.07902465051091874,0.42184449525597517,291.4157826628127,9.398964382239864,0.4470967994534115,0.0,0.4744827826290596,0.9375,0.8234767783479577,0.47779996360437493,0.4421617307682337
13.219702766123657,1.3981867168320563,1.4944623826071344,1.70306786070454,A2,Si1,combo_012,gp,0.5154459646705583,0.48455403532944175,0.9691080706588835,0.09625563054075412,0.5147502476923337,285.1729407052743,10.167766015779732,0.3958597099946898,0.0,0.392772950306047,0.9375,0.8234416403599066,0.4398016229007784,0.4835573872968416
15.902583508035999,1.2665610940729348,1.4639527068128935,2.0386631680992897,A2,Si2,combo_013,gp,0.46831060322951856,0.5316893967704814,0.9366212064590371,0.11804976230265563,0.6322595365737941,285.97590147050073,9.701205902754005,0.4024498772357603,0.0,0.4058135260125409,0.9375,0.823401022895795,0.44205416913890705,0.5138155253568817
11.820688895540018,1.090137269622697,1.6395089361711261,1.6313890337491026,A1,Si1,combo_008,gp,0.4363908218453645,0.5636091781546355,0.872781643690729,0.13938195622423352,0.7472781555943538,284.2645451991121,8.951070471554436,0.38840420461273295,0.0,0.5674405408232844,0.9375,0.8232767202901055,0.4424929096003351,0.5576941285933441
12.002241224037661,0.9531409738447707,2.711773279460121,1.1051860834343534,Si2,PU,combo_003,gp,0.46995375202481426,0.5300462479751857,0.9399075040496285,0.0805512457359481,0.4300755696232792,289.7856966572958,10.08191051182539,0.43371813905192114,0.0,0.6271538086589182,0.9375,0.8232496609570328,0.48906625113293334,0.4867181259244239
14.516812531908235,0.7552365796264239,2.4308536791871225,0.7753076707546991,A1,PU,combo_007,gp,0.5651759735690405,0.4348240264309595,0.869648052861919,0.17413939165444847,0.9346828003569255,290.22942859584515,11.038900804352146,0.4373599953067783,0.0,0.3610609487129539,0.9375,0.8232095324672823,0.47252301039325356,0.6497253382571139
11.690068543781832,1.1623719236776688,1.2975476711810594,2.1554602408859225,A1,Si1,combo_008,gp,0.46204093934521495,0.537959060654785,0.9240818786904299,0.10536091539536391,0.5638439927434087,282.02115916056925,10.830004866018408,0.3699919859582998,0.0,0.5431594258684512,0.9375,0.8231893935305445,0.4419344640925677,0.5415037710126553
9.106235015038322,1.0921798252107935,1.5201852068471338,2.4584472834197326,Si1,PU,combo_001,gp,0.4714896840926883,0.5285103159073117,0.9429793681853766,0.08649218021551312,0.4621078154411839,303.11198303441296,11.894628622955942,0.5430914231909496,0.0,0.5743729549723714,0.9375,0.823152698145454,0.5745875833693144,0.539845699384714
14.381991311093419,0.826886825348615,1.9413972530514965,1.4459989520483663,A1,Si3,combo_010,gp,0.43552739713042854,0.5644726028695715,0.8710547942608571,0.16368445079958824,0.8783119993278157,283.6577951281437,8.318804649007612,0.3834244040865071,0.0,0.41943209402947573,0.9375,0.8230332444731404,0.4192400292929256,0.5639730934721375
14.902183781434843,1.0020404758052885,1.1338394345880063,1.717839827502674,Si1,PU,combo_001,gp,0.5067191422606765,0.4932808577393235,0.986561715478647,0.0468691011491866,0.24846866269836912,288.45251580428726,12.480649058080338,0.42277627842260185,0.0,0.6211430551726002,0.9375,0.8230015096490568,0.4996469297444618,0.4881977928801509
11.406120431138552,1.1608877962078963,1.3384776108899956,1.0970757723618512,Si1,PU,combo_001,gp,0.5015000412455319,0.49849995875446806,0.9969999175089361,0.08460644608757556,0.4519403410579736,304.0372094760968,11.225269235006383,0.5506850656833541,0.0,0.33199019656083284,0.9375,0.8228660021380191,0.5504073280600936,0.4815283173442347
8.519524677324931,0.6702655393218123,2.956178448951274,1.0932909777678033,Si1,PU,combo_001,gp,0.4752050103794403,0.5247949896205597,0.9504100207588806,0.07905200119635718,0.42199196429174146,324.23884239863094,11.78528330278703,0.7164866157312868,0.0,0.5846018699560385,0.9375,0.82286074541469,0.6961282493304943,0.5243334776259795
15.952779725160628,1.1778765562497946,2.308697102767704,0.552981481056613,A2,Si1,combo_012,gp,0.5469957767417668,0.4530042232582332,0.9060084465164664,0.13463174384878693,0.7216660282394837,277.01603082552003,10.132646568412524,0.3289132256757924,0.0,0.4391608427056775,0.9375,0.8228491873581939,0.3973020250099154,0.5619706259716963
8.264853175284038,0.584090226811663,2.7734149819076332,2.4391130458305845,Si1,Si1,combo_002,gp,0.49348107665623075,0.5065189233437692,0.9869621533124615,0.07206482120280928,0.38431858682947073,311.26561923149814,10.156648539351675,0.61001103930256,0.0,0.4578583856077452,0.9375,0.8227984634103227,0.5961287739654925,0.44736349085671734
15.267209567031967,0.883146086499691,2.1994013631369436,2.416143098278003,Si2,Si2,combo_004,gp,0.5333490848304052,0.4666509151695948,0.9333018303391896,0.10517962798260193,0.5628665298561712,279.35500117872743,10.47769241073347,0.34810993673202417,0.0,0.4978046943385248,0.9375,0.8227459170584053,0.4193142941419621,0.5246730310853629
10.179596585672517,0.9674736933653328,2.594096857478376,1.2831211426809883,Si2,PU,combo_003,gp,0.5145900364877782,0.48540996351222176,0.9708199270244435,0.08484076253789041,0.4532037251537722,303.74909000829393,9.868267877401264,0.5483203729605488,0.0,0.45172947018266035,0.9375,0.822745172800899,0.5500673102991083,0.4626260820608227
15.256924353685495,0.8656330942770043,1.7678462517464755,1.9756193113550269,Si1,Si1,combo_002,gp,0.480195115543836,0.519804884456164,0.960390231087672,0.08415144064667378,0.4494870492094297,281.7617019662279,10.708214420453853,0.3678625340888474,0.0,0.5045613128353472,0.9375,0.822718062265086,0.43562742507439595,0.4923409838989409
12.998545012411883,0.788826077937414,2.857284581081477,1.6176123082699818,A2,PU,combo_011,gp,0.49418047202802207,0.5058195279719779,0.9883609440560441,0.1092628168637036,0.5848822094450093,298.0620003445593,8.10062751328067,0.5016445282343049,0.0,0.21398227866315955,0.9375,0.8226210836596505,0.47973544738608576,0.42445728925037435
15.848647743685046,1.4196554985818968,1.3582619021791202,1.8421785702901212,A2,Si1,combo_012,gp,0.44731709233380457,0.5526829076661954,0.8946341846676091,0.10402244944791733,0.5566272711325279,282.0564613776061,12.146917503896644,0.3702817230467464,0.0,0.6843718867488052,0.9375,0.8225900961075793,0.4666023067616145,0.5963630197477459
10.345686599136654,1.2396126630315378,1.6266975338941243,2.1263560362443785,Si2,Si2,combo_004,gp,0.5278063179023604,0.47219368209763957,0.9443873641952791,0.0922889859736164,0.49336295007377545,285.50992598266606,11.032610803860715,0.3986254607411338,0.0,0.5265325829015486,0.9375,0.8225790785272048,0.46190659437597664,0.5199112174456522
15.639793706494544,0.7048104650276203,1.8078582765394304,2.482621264971299,A1,Si3,combo_010,gp,0.4726792150687942,0.5273207849312058,0.9453584301375884,0.12342439134462672,0.661238384807965,283.75875756589323,10.207874648192972,0.3842530365411055,0.0,0.32432497797903537,0.9375,0.8225567083453869,0.42514719025423436,0.5256636654510924
10.379196575693193,0.8748347725970731,2.6299127567176805,2.0570084158076405,Si2,Si2,combo_004,gp,0.48952959815105856,0.5104704018489414,0.9790591963021171,0.0908593647306317,0.4856547386401531,290.85421203860517,9.269324093749475,0.44248780173961105,0.0,0.37269326804214836,0.9375,0.8224380742711564,0.46337644521022925,0.4456629488893793
10.04401143317596,1.1391211754748023,2.409529422964817,0.812764365501517,A2,PU,combo_011,gp,0.46606320981020133,0.5339367901897987,0.9321264196204027,0.11235968313119218,0.6015798488292826,318.2940830294826,9.627037674517863,0.6676959896543565,0.0,0.45495606485396606,0.9375,0.8223903452674126,0.632058142281435,0.508410057451305
14.631966044167996,1.3472074067218178,1.1829330746291964,1.454583659273348,A2,Si3,combo_014,gp,0.47092738736890993,0.5290726126310901,0.9418547747378199,0.08592161861544587,0.459031469541313,286.94511368066196,9.552992116486324,0.4104045256241519,0.0,0.5766056560756375,0.9375,0.8223067825498435,0.46353748066936107,0.4747299776879236
13.171385592647656,1.0874900560754104,1.3288013865567136,1.825203996961495,Si3,Si3,combo_006,gp,0.48378562833015337,0.5162143716698466,0.9675712566603067,0.06473263631962159,0.3447850169225039,288.89834115784515,10.309154461588227,0.42643531603377005,0.0,0.5909304136836859,0.9375,0.822297527995928,0.48213083870895623,0.45768008438474944
8.812553124133542,1.4231901082576428,1.6551755126313124,0.6382086927150497,A2,PU,combo_011,gp,0.4890920632629303,0.5109079367370697,0.9781841265258606,0.09260035860356863,0.4950418045802348,330.89557069689823,9.692482333141108,0.7711206086531919,0.0,0.3637359514416122,0.9375,0.8221834097787278,0.6958474037982889,0.45923786340845074
15.277171694561135,0.6903260693978681,2.1406135345778576,2.42219488895795,Si1,Si1,combo_002,gp,0.4662554903440963,0.5337445096559037,0.9325109806881926,0.08268846678820181,0.4415990076191825,280.35927705718467,11.01193557502988,0.3563523643596554,0.0,0.6395553502470014,0.9375,0.8221584418088446,0.4434553086408691,0.5181788701791997
11.71727343155718,0.7229059571149767,2.857697808015886,0.8996171478861921,A1,Si2,combo_009,gp,0.5062148557821917,0.4937851442178083,0.9875702884356166,0.05862625285141927,0.3118607056067246,288.25038961541895,10.486744415469474,0.42111736126733246,0.0,0.5346481795560787,0.9375,0.8220823203536005,0.47417493943035693,0.4425963639524225
12.604849657445769,0.7803604379075443,2.1265886750510816,2.120952758570469,A1,Si1,combo_008,gp,0.4701652519938335,0.5298347480061665,0.940330503987667,0.13168926315349005,0.7058008027820419,282.783215828364,7.937726932022279,0.376246439607133,0.0,0.29135315450906724,0.9375,0.8220455474898742,0.3984143591455517,0.47390613004385607
9.180174491442918,0.9204340720225855,2.9412348103442643,1.0745217002079483,Si2,PU,combo_003,gp,0.4828212499518614,0.5171787500481386,0.9656424999037228,0.07049828752473043,0.37587217288047825,309.19693837191846,11.844250977342785,0.5930326844147129,0.0,0.5612843617815273,0.9375,0.8220331195019315,0.6078419122348405,0.5063150041577572
14.234310650386321,1.2558007065438141,2.044286227633128,0.844503454964658,A2,Si2,combo_013,gp,0.48926871889089796,0.510731281109102,0.9785374377817959,0.06887402233525321,0.36711448299149474,280.9139509385549,9.827284392488428,0.3609047582010314,0.0,0.5110288509566137,0.9375,0.8219843764258609,0.4244844104522258,0.44026307784596375
14.736273130786628,1.0345325845025792,1.915996082280607,1.7963567900130866,Si2,PU,combo_003,gp,0.49388522876414775,0.5061147712358522,0.9877704575282955,0.05637347659389077,0.29971421870266834,279.4541403185764,9.929569358089388,0.34892360477165274,0.0,0.5461941335111588,0.9375,0.8218515570574088,0.4204175355834331,0.4247596926951688
8.70854462702629,1.2288370999998912,1.1588767978701913,1.998910746353576,Si1,PU,combo_001,gp,0.5295566891439734,0.47044331085602664,0.9408866217120533,0.06792464522405707,0.36199564502007286,308.15336710947565,13.548295841208674,0.584467746443511,0.0,0.6914400575125805,0.9375,0.8218167440045366,0.6282465624631102,0.5678274540887931
8.89383066394138,1.502957900148018,1.3038045498376274,1.8426759061305342,Si2,Si2,combo_004,gp,0.4591615070077637,0.5408384929922363,0.9183230140155274,0.07803155285407978,0.41648992546994723,287.36794145730954,12.880154490885655,0.41387481443893825,0.0,0.7321415853317382,0.9375,0.8217549842895274,0.5076537007891374,0.5746378142347162
9.273473586481897,0.6135663191033848,2.6650310342726717,2.479364515877619,Si3,PU,combo_005,gp,0.5326856730982996,0.4673143269017004,0.9346286538034008,0.10436272797514876,0.5584619800437814,320.96052251955354,9.9797537734451,0.6895803493127105,0.0,0.4889120330108504,0.9375,0.8217408802284741,0.653543223643859,0.508108713350519
8.516904051132105,1.0561918349635968,2.59501215219732,1.065279653898385,A2,PU,combo_011,gp,0.4590214629456142,0.5409785370543858,0.9180429258912284,0.09482863845320474,0.5070562121014996,331.5016363942126,10.461577178057542,0.7760947922962138,0.0,0.6264420271971708,0.9375,0.821696581188145,0.7316408481226335,0.5239919960995846
9.294155070900741,1.0074085548685519,1.9141532942267867,1.0707217784476146,A1,Si3,combo_010,gp,0.5368033687986014,0.46319663120139865,0.9263932624027973,0.08759898179184072,0.4680754523990596,298.54577120811575,10.428359395450792,0.5056149973222873,0.0,0.6325785797463487,0.9375,0.8216003279071827,0.5426577355444693,0.5103560233564395
10.948210332907665,1.3159618392692807,1.5511042791510734,1.6979696023574793,A2,PU,combo_011,gp,0.4932594864924553,0.5067405135075447,0.9865189729849106,0.07677460732423681,0.40971274448434,308.3934058787771,8.409138311052475,0.5864378248116505,0.0,0.4202307361934683,0.9375,0.82154636946334,0.5621388199599229,0.40256651240201163
14.289577116014787,1.1696654474777863,1.8370923170027602,0.8887949608233576,Si2,PU,combo_003,gp,0.518275454105904,0.48172454589409597,0.9634490917881919,0.10312506147798822,0.5517887474717007,282.22848154304006,10.927974800144575,0.3716935500103298,0.0,0.36066176795162064,0.9375,0.8215361471485608,0.4256453047030093,0.5126030769599959
15.796378502596195,0.7180186942406703,2.172296889621256,1.390179695091884,Si1,Si1,combo_002,gp,0.5500074305228253,0.4499925694771747,0.8999851389543494,0.12110743515921682,0.6487458534838695,282.0115383866273,9.909622062979613,0.36991302505259716,0.0,0.5423762323958828,0.9375,0.8214872553308933,0.43457166227127747,0.5457997088107858
10.51653654067351,0.9289778913652228,2.161339480408355,1.5152276891946568,Si3,PU,combo_005,gp,0.4831936718895875,0.5168063281104125,0.966387343779175,0.07647328653573451,0.4080880873532859,312.8382791494173,8.082695605213203,0.6229183846191059,0.0,0.5149936203405023,0.9375,0.821406619245016,0.5945874336216168,0.40723808186439914
10.056230363005403,0.8743351021392749,2.7552906600824465,0.6608825387753732,A1,Si3,combo_010,gp,0.4672003778437954,0.5327996221562046,0.9344007556875908,0.0729126073656328,0.3888896681739951,292.6644975357815,12.034905415661694,0.45734541956744135,0.0,0.686582998251263,0.9375,0.8213724821372518,0.5268881988482805,0.5349072022393963
11.839659439440462,1.0332880476503306,2.1691974266826337,1.7068013001443119,Si2,PU,combo_003,gp,0.5073066331590326,0.49269336684096743,0.9853867336819349,0.07667973369837454,0.40920120622117456,289.851298046124,8.785633396085652,0.43425655156514337,0.0,0.42337764120471005,0.9375,0.821197186727528,0.45888382565134944,0.413209732381591
8.190614953540589,1.120995965418712,2.161844814548761,1.6326941515495148,Si2,PU,combo_003,gp,0.537403011079661,0.46259698892033896,0.9251939778406779,0.09427133259451806,0.5040513383189971,314.40469527824143,10.83512939843077,0.6357744850727193,0.0,0.5920790257564305,0.9375,0.8211194433469977,0.6329144244526976,0.5280551604166425
12.671846722235045,0.748074463101631,2.8971762069755744,0.7720244489490363,Si3,PU,combo_005,gp,0.4883422424273647,0.5116577575726353,0.9766844848547294,0.08131495615254399,0.43419333255809023,297.35252097179915,11.275863591764507,0.4958215940100398,0.0,0.4333735027927312,0.9375,0.8210426399783508,0.5225386253565361,0.491915249260064
13.917017617477136,0.6816226399352598,2.9159429444936973,0.7162162429259409,A1,Si1,combo_008,gp,0.5519784893353119,0.4480215106646881,0.8960430213293762,0.1224794898144297,0.6561436782103589,281.39678662432516,12.033261580374118,0.3648675519725127,0.0,0.5484436491589011,0.9375,0.8210249646902925,0.44832684500560505,0.6076800127288069
9.873070048042463,1.1582770010475407,1.6452145839516068,0.7739001707054991,A1,Si3,combo_010,gp,0.4606022363345659,0.5393977636654341,0.9212044726691317,0.09474253571571963,0.5065919645892262,293.56223088064326,10.863610495971747,0.4647134170297536,0.0,0.6065880473571359,0.9375,0.8209766819645522,0.5148462857163671,0.5319037064191908
13.775146428782348,0.9388467597154809,1.5738069691494452,1.5123244827252078,A1,Si2,combo_009,gp,0.47382264034041555,0.5261773596595845,0.9476452806808311,0.13053709995791432,0.6995885856922943,285.0315940978532,7.47383136494579,0.3946996311686711,0.0,0.2558048366298309,0.9375,0.8209335965292421,0.4041330619083093,0.4536466579821751
10.357810084284742,1.0091287665789737,2.469312601640831,1.4429159000521343,Si2,PU,combo_003,gp,0.48567155903136694,0.5143284409686331,0.9713431180627339,0.0864574844183602,0.4619207431368059,301.2968497830597,9.279631768619742,0.5281940182251257,0.0,0.42462379791402555,0.9375,0.8209080509518857,0.5286448120763757,0.4454289981308342
9.85549521122247,1.4866339979296137,1.7823282242375027,0.7667182917073598,A2,Si1,combo_012,gp,0.46866667190558786,0.5313333280944121,0.9373333438111757,0.08605896127934747,0.4597719917582327,300.52537648238814,11.017493438258782,0.5218622791245077,0.0,0.583889829024783,0.9375,0.8206563415320443,0.5537893514718956,0.5163423776070157
11.14223216877773,1.275217501246849,1.7074293915632053,1.222058619435339,A2,PU,combo_011,gp,0.5256143770588722,0.47438562294112785,0.9487712458822557,0.12088961051036069,0.6475713896480271,313.9237867550915,7.803796910754822,0.6318275081686603,0.0,0.3085600117297942,0.9375,0.820527251242695,0.577989830324641,0.45242499515387663
10.338234617374761,1.056491312377954,1.7344085304769101,0.8504016686492284,A1,PU,combo_007,gp,0.544856851659361,0.45514314834063896,0.9102862966812779,0.12083486204768835,0.6472761976676232,313.89600721738447,9.982186700393754,0.6315995122225354,0.0,0.4881698769938486,0.9375,0.8204846854922194,0.6129015316705879,0.5391492496867445
12.7571732881061,1.2667691091734787,1.3269117344291976,0.6667434628971882,Si3,PU,combo_005,gp,0.4629804190458344,0.5370195809541656,0.9259608380916688,0.09266479729900146,0.49538924421946817,302.0219965324725,11.383028812884211,0.5341455398434967,0.0,0.5924708282946672,0.9375,0.8203263659050333,0.5661168565680939,0.5401444951896422
8.86721704444403,0.8231414130501714,2.6789420091041136,1.2082417037017557,Si3,PU,combo_005,gp,0.4761301032523164,0.5238698967476836,0.9522602065046328,0.06662707092121975,0.35499940239554145,325.512782745064,9.892708116010814,0.7269422697329784,0.0,0.6347981053989926,0.9375,0.8203127416679593,0.6936014690915457,0.45638675073325413
14.485143994449984,0.8980474130056532,2.7895307229246695,1.0187396325618125,Si2,PU,combo_003,gp,0.47054467236285547,0.5294553276371445,0.9410893447257109,0.09881299474614216,0.5285390075506815,279.40656221363577,11.061253411422912,0.3485331153702392,0.0,0.48147195234158907,0.9375,0.8201479351679527,0.4225608648855663,0.5262511566168169
15.063579686428193,0.7138690575112123,2.61390725173006,1.1441076031665594,A1,Si3,combo_010,gp,0.46024130271156594,0.5397586972884341,0.9204826054231319,0.14621660738631703,0.7841291302779724,279.8652435956903,11.154717497704548,0.35229766670202467,0.0,0.2763156957801823,0.9375,0.8200680209804324,0.40541454523650394,0.5875036813490574
15.376773288319853,0.8772733297344925,1.5390621366756265,1.6776455913875363,Si1,PU,combo_001,gp,0.4707331874028071,0.5292668125971929,0.9414663748056142,0.08009101302025744,0.4275940934290619,286.76120286884276,10.583823029595202,0.4088951081534392,0.0,0.5977610316594182,0.9375,0.8200573885602757,0.4726931580926052,0.49523876471648004
12.67244452825544,1.136315385396525,1.2644574893486904,2.4847632570327476,Si3,Si3,combo_006,gp,0.46118838060107237,0.5388116193989276,0.9223767612021447,0.08117371390843424,0.4334317846402066,286.05191781098836,12.343002169201167,0.40307376873651923,0.0,0.6796688007873374,0.9375,0.8200179627116926,0.49062659059809166,0.5579296981554536
14.924794177318253,1.0500264991751735,1.6103698312073873,1.1777879646616127,A1,Si1,combo_008,gp,0.4410678001398196,0.5589321998601804,0.8821356002796392,0.1573434822673405,0.8441228556085553,279.73661601824654,10.294317184972073,0.3512419772040091,0.0,0.38422897930473704,0.9375,0.8200095553690225,0.4087088176836079,0.6010352213448524
12.48623376475637,1.3365152840507601,1.4596949814892672,1.0365380200014531,Si2,PU,combo_003,gp,0.4998629355415408,0.5001370644584592,0.9997258710830816,0.08161730052458596,0.43582350863227876,290.486856019353,10.766088976321607,0.4394727881689256,0.0,0.3155808000366353,0.9375,0.8199782215939464,0.46731113131828506,0.46080269661410034
15.454890831889204,1.1640830007464065,1.1622540173698799,0.5909037850713666,Si1,Si1,combo_002,gp,0.5519122712649249,0.4480877287350751,0.8961754574701501,0.09037187093588737,0.48302627654859726,281.4274731685509,15.350473119945082,0.36511940669226467,0.0,0.7430384442054555,0.9375,0.8199469903132245,0.49401788832338295,0.6674715706867097
9.754342432690075,1.45458342003578,1.3662316500501432,1.5599122203807367,Si2,Si2,combo_004,gp,0.4687135765403383,0.5312864234596617,0.9374271530806766,0.07044437353031187,0.37558148017410675,286.5824107756748,11.558334779397667,0.40742770171668075,0.0,0.6763677918478228,0.9375,0.819874521569716,0.4871810189699054,0.515615656880174
13.688191318687888,0.7654522490675701,1.7841654743887727,1.9958598020664298,A1,Si3,combo_010,gp,0.5309157128090973,0.46908428719090267,0.9381685743818053,0.1337657433959709,0.7169967393458867,286.7527527666066,7.377165924349379,0.40882575534150606,0.0,0.27122188731717967,0.9375,0.8198718532919975,0.4148037885662077,0.4593946407026615
9.015854027620279,0.8065722010179875,2.9320356178563705,0.5939393584940357,Si1,Si1,combo_002,gp,0.49742932480217483,0.5025706751978252,0.9948586496043497,0.032905540585036155,0.17318013594848036,295.1818565832484,13.363332858314353,0.47800622623082895,0.0,0.6462518321328348,0.9375,0.8198462755037964,0.5477518713436152,0.48987897659252366
9.727460563199001,0.8154897064214879,2.2491029617857823,1.9951568698702946,A1,Si1,combo_008,gp,0.5291991563585867,0.4708008436414133,0.9416016872828266,0.11122919540101091,0.5954845012047885,297.1582616937775,9.212658838130164,0.4942272432201461,0.0,0.39736439197276074,0.9375,0.819770889090527,0.5016160855036865,0.48624625040066866
13.850833431306636,0.7645740868436923,2.6477097781365835,0.8145813792790932,A1,Si2,combo_009,gp,0.5278522762270157,0.4721477237729843,0.9442954475459686,0.07785925333332137,0.41556092337066053,279.6122431843541,10.50474800853124,0.3502212078076789,0.0,0.5955906283672263,0.9375,0.8196589849122717,0.4307832873459814,0.4885277440884076
12.183654299964765,0.7899793578314652,2.889528943653049,0.6839734221830156,A1,Si3,combo_010,gp,0.466264998102659,0.533735001897341,0.932529996205318,0.08910085447832987,0.4761732281355696,284.2068978017292,12.029907366644599,0.3879310731644504,0.0,0.5790749317449221,0.9375,0.8196446357599771,0.46750809219681594,0.5491928369344172
14.859502981737672,1.1443349984857885,1.5999172472427428,2.2627822894100715,A2,PU,combo_011,gp,0.5143799628284675,0.48562003717153246,0.9712400743430649,0.06309372108761586,0.33594833714310335,285.3344806908472,9.988359447530023,0.3971855226210956,0.0,0.5633522711968728,0.9375,0.8196387593831903,0.4563784626355492,0.4416315525634496
8.056585196452465,1.207826896781662,2.311199119215545,0.9583409568710232,Si2,PU,combo_003,gp,0.468398021073277,0.531601978926723,0.936796042146554,0.0727447554822634,0.38798464678256567,313.3966340844845,11.304356229289631,0.6275009900978833,0.0,0.661172876363682,0.9375,0.8194221338309539,0.6377179373503934,0.5106954060877242
14.850934551554523,0.875169744125857,2.1452564715603675,2.4733132771234816,Si2,PU,combo_003,gp,0.5118566746738651,0.4881433253261349,0.9762866506522698,0.04901297512274822,0.26002797182051957,278.5609387541596,10.588911641784998,0.34159280114536056,0.0,0.6273061685020895,0.9375,0.8194075393951948,0.4285760257246043,0.44116228366674565
14.958387287273604,1.3126385492867354,1.2753759989430913,0.900040943798243,Si2,PU,combo_003,gp,0.5105229674280025,0.4894770325719975,0.978954065143995,0.07808696745516913,0.4167887091259698,282.83777733623066,13.273065296187314,0.37669424412926905,0.0,0.4303225468093759,0.9375,0.8193933498477678,0.4545315425835171,0.5402710397578148
8.614871849209662,1.3999858165388557,1.4708076743987295,1.3920554187055854,Si2,PU,combo_003,gp,0.5250198248799265,0.4749801751200735,0.949960350240147,0.07513339767555456,0.40086369370181796,309.7025607709565,11.704730586341327,0.5971824963542194,0.0,0.5840242128197446,0.9375,0.8193502995826775,0.6119248932178393,0.5146374604262873
12.7035300501696,1.0692277891572397,2.1752292079853905,1.4606944889862583,Si2,Si2,combo_004,gp,0.5040062389340196,0.49599376106598037,0.9919875221319607,0.049805266609030355,0.2642998377593408,277.86838469227445,8.979578762955825,0.33590877860159535,0.0,0.5479208496205171,0.9375,0.8192687096590336,0.4040180626019784,0.38650748482468167
10.58115393691699,1.28406869410813,2.2138573150207206,0.5238879624598326,A2,Si1,combo_012,gp,0.5408716700468261,0.4591283299531739,0.9182566599063477,0.09204063550070278,0.49202389753503334,295.51050390586863,11.484795872637962,0.4807035445970464,0.0,0.6235815126941413,0.9375,0.8192041901430349,0.5326178646848526,0.5464309037326539
14.090594822983231,0.8697019831222945,2.469627163009947,1.9668234166498726,A2,PU,combo_011,gp,0.5202943340010862,0.47970566599891384,0.9594113319978277,0.10662386941049308,0.5706535701943098,288.6030701381287,7.738901223117777,0.4240119281353289,0.0,0.33901789055897075,0.9375,0.8192038091141227,0.435054984555578,0.4282883934691817
8.28609148322789,0.9314840078752179,2.991018333213142,0.5713687176397684,Si2,PU,combo_003,gp,0.5435097403730111,0.45649025962698886,0.9129805192539777,0.0579458201498179,0.30819195826820284,310.5898827769222,14.639926366611576,0.6044650444801507,0.0,0.8643892617520044,0.9375,0.8191930835697276,0.6681138783310513,0.6049485482257805
11.337943700484821,0.7455207448800141,2.828835901898451,0.9083764574080475,A1,Si1,combo_008,gp,0.5216045575317878,0.4783954424682122,0.9567908849364244,0.11597492532844149,0.621072460160359,291.51324940485557,10.910439347605163,0.44789674156555637,0.0,0.2912807007440834,0.9375,0.819120984906097,0.4719116986564817,0.5259631493693819
12.422931589930833,0.9523947918080768,1.5915765703217244,1.0974233791852654,A1,Si3,combo_010,gp,0.5545679124331571,0.44543208756684294,0.8908641751336859,0.14188079827843608,0.7607513765523798,288.1152693859883,8.945963783687036,0.4200083844054946,0.0,0.4343503972757819,0.9375,0.8190878163400622,0.45126671027048165,0.5423058464914008
12.03470990879913,1.138623046920812,1.1491775292408555,2.089165297513217,A1,Si1,combo_008,gp,0.5427408814426826,0.4572591185573174,0.9145182371146348,0.10375061183495249,0.5551615809669498,283.5620613087453,11.439295860767803,0.38263868464941364,0.0,0.5657074181433162,0.9375,0.8190715340415229,0.4578276703031126,0.5585971383795999
10.34589525527856,1.273965655880455,1.68465762042729,2.3654599893484525,A2,Si2,combo_013,gp,0.4646172955536656,0.5353827044463344,0.9292345911073312,0.08305451062119201,0.4435726375386508,295.3581994304331,9.669800284102504,0.4794535308875962,0.0,0.6282519024027855,0.9375,0.8190638448960149,0.5179538867489354,0.4802774956046338
9.401963659525032,1.5667201969295375,1.1052864821830826,0.541417389541862,A2,Si3,combo_014,gp,0.5106731444149517,0.4893268555850483,0.9786537111700966,0.03391840056951526,0.1786412599708967,304.6383260785451,13.243463499870044,0.5556186304514924,0.0,0.708858139420408,0.9375,0.819005809917944,0.6073996629311134,0.4978859887584727
10.89045813157747,0.6383511201732569,2.8165421283268444,1.6649016787339508,A1,Si3,combo_010,gp,0.4890603075824629,0.5109396924175371,0.9781206151649258,0.12340596809762483,0.6611390506074687,297.7455171908491,9.07797470088446,0.4990470452659517,0.0,0.14322858758636084,0.9375,0.8189455185315121,0.4785184807053948,0.467402371762642
9.044877820569212,1.0224232920619425,1.851807598632326,2.3445717508342243,Si3,PU,combo_005,gp,0.49530466495149383,0.5046953350485062,0.9906093299029877,0.08894533727119097,0.47533471267556543,309.0346295568069,11.180262898950335,0.5917005617474448,0.0,0.302836934836407,0.9375,0.8188557173852544,0.575849343779735,0.484106089416999
9.649426673181608,1.4486944729407754,1.4417699967572664,1.136128926112614,Si2,Si2,combo_004,gp,0.48589851199271195,0.514101488007288,0.9717970239854239,0.05918577944729518,0.31487755312833954,288.19606060394426,11.061932574161421,0.4206714649207541,0.0,0.5793035937227855,0.9375,0.8188433204402332,0.4828462082393483,0.46616306463223356
8.949643210176,0.5502010620330148,2.785277680776117,2.163950144782295,A1,PU,combo_007,gp,0.47903168880970526,0.5209683111902947,0.9580633776194105,0.11241706504554047,0.6018892398168837,335.25056213932635,8.483626219083915,0.8068634782701637,0.0,0.3053927567299946,0.9375,0.818799922139156,0.7055380498160402,0.45465033518415005
14.1358028996537,0.5220816351414793,2.97967604300704,0.7739155337135231,Si1,PU,combo_001,gp,0.5529385581299096,0.44706144187009045,0.8941228837401809,0.11450823620443609,0.6131643866543829,289.89205331507515,11.497402689122417,0.43459104367232276,0.0,0.5903607242398639,0.9375,0.8187800161641476,0.4971160562966849,0.5841935305222679
14.419285208598055,1.0748578048990236,1.507224344158087,0.8509084854471878,A1,Si2,combo_009,gp,0.45086397338454276,0.5491360266154572,0.9017279467690855,0.1139956924683595,0.6104008606463271,280.0194442353178,9.724605234984127,0.35356324286443996,0.0,0.5580801882727272,0.9375,0.8187747314293277,0.4232439829645695,0.5296482589297844
12.196064127847531,1.1191426470471797,1.317185618129627,1.182858632041281,A1,Si2,combo_009,gp,0.47392155934749525,0.5260784406525048,0.9478431186949905,0.11754420753271685,0.6295336935737078,285.222902669582,8.210707316588968,0.39626976452629253,0.0,0.3202502689689485,0.9375,0.8187598689531165,0.41746454118466286,0.4590517100139113
10.06721119127644,0.87224851088675,2.7219189508227806,0.8081695040824687,A1,Si1,combo_008,gp,0.47601138844017754,0.5239886115598225,0.9520227768803551,0.10096148064727112,0.5401231831981301,294.9203922038839,11.40930598368644,0.4758603007233618,0.0,0.4059274675292204,0.9375,0.8187590318335064,0.50686924894743,0.5285422551572702
12.500488365282589,1.1463427453606005,1.8896500936643756,1.5017723092040811,A2,PU,combo_011,gp,0.544528810056363,0.455471189943637,0.910942379887274,0.11473583828118643,0.6143915682865335,299.5801868262428,8.24488040589444,0.5141047918620123,0.0,0.5082770715937731,0.9375,0.8185060279041141,0.5190201554554563,0.4828954386136991
11.17550215435125,0.739046720925598,2.5032755308846917,1.2264965423251377,Si1,PU,combo_001,gp,0.48744696901916384,0.5125530309808362,0.9748939380383277,0.10191155528507337,0.5452457820835612,306.53956308137083,9.028634627147568,0.5712227176698759,0.0,0.28913610312618426,0.9375,0.8182448635939276,0.543244657949552,0.44736944763624575
13.572060155202292,0.93605812664592,1.7097192113324013,0.8748804977805096,A1,PU,combo_007,gp,0.5809839900989573,0.4190160099010427,0.8380320198020854,0.16764832757668,0.8996843736154688,294.94341104373785,10.172703035098326,0.4760492240318251,0.0,0.5102009454299079,0.9375,0.8181635783668744,0.5077158603959442,0.6360342541872657
13.641611818623257,1.0768334106297206,2.6503928727974744,0.6384689635088221,A2,Si3,combo_014,gp,0.47830640763756804,0.521693592362432,0.9566128152751361,0.08105920742518248,0.4328143902165043,278.4975050831398,10.737812598180824,0.3410721798163498,0.0,0.504996690042548,0.9375,0.8180251116016064,0.41715019572096534,0.48738454304058865
15.85519625146495,0.5334310260804098,2.9007901277311636,1.3775096544084113,A1,Si3,combo_010,gp,0.5307826941940235,0.46921730580597654,0.9384346116119531,0.1322081667554781,0.7085986198244366,280.8833823674635,12.435843391527508,0.3606538717262038,0.0,0.2646616796670221,0.9375,0.8179340010403229,0.4201611783260192,0.5945393194170163
13.835347053421264,1.0017979573228006,1.5139764378010663,1.460253298351656,Si3,Si3,combo_006,gp,0.5230072631866847,0.47699273681331533,0.9539854736266307,0.07518622098572811,0.4011485056724287,288.46750693851493,9.632806692221616,0.4228993156692173,0.0,0.5535572497113418,0.9375,0.8179034319969055,0.4706059021227291,0.45320786108305144
15.855131520624449,0.9700077530432288,1.4538463101398913,1.5732979973752208,Si3,PU,combo_005,gp,0.5195301678921496,0.48046983210785044,0.9609396642157009,0.07769796547352131,0.4146912937879189,288.91913639253784,11.312446017995462,0.426605989471847,0.0,0.5045912520086714,0.9375,0.8178294289076354,0.48149681627679936,0.49677788518680993
9.714065375503095,1.0440984249214504,1.6264820570107683,2.1243324034662776,Si1,PU,combo_001,gp,0.4717301480901597,0.5282698519098403,0.9434602961803193,0.08264126831549154,0.44134452356700427,305.67258234983353,10.380818144116118,0.5641071171784805,0.0,0.5547943304676308,0.9375,0.8178280818969635,0.5754503784972698,0.48802560480809243
11.258333980416857,1.312739925510343,1.657017152797817,1.31826416293865,Si2,Si2,combo_004,gp,0.4819656819999807,0.5180343180000193,0.9639313639999614,0.0628671526198806,0.33472672850930246,282.10473272240813,9.594384607104882,0.37067790209928936,0.0,0.5830702981602808,0.9375,0.8176208838718081,0.4367004285663997,0.4333309351853396
15.617685272251915,0.8203482216098112,2.023306046365212,2.1592717219400352,Si3,Si3,combo_006,gp,0.4600300573927285,0.5399699426072715,0.920060114785457,0.09367259516840873,0.5008230744020185,285.0621333225988,10.392755632885693,0.39495027678823563,0.0,0.5920075456860022,0.9375,0.8175714415326149,0.46085567557006774,0.5147532532675657
10.251423725123647,1.4883953100972935,1.1892679496269216,1.0645166000651702,Si2,Si2,combo_004,gp,0.514448017554983,0.48555198244501696,0.9711039648900339,0.05607909726613335,0.29812698844068347,287.2880328548203,12.074992521249882,0.41321897784366474,0.0,0.5916647134991195,0.9375,0.8174944083468104,0.4868227280861652,0.4900045558390149
15.57126495408535,0.3178932327043018,2.9403594128551713,2.443960480238461,A1,PU,combo_007,gp,0.4912189232880806,0.5087810767119194,0.9824378465761612,0.07842275890950734,0.41859922470157684,285.64538563833503,10.314409813500594,0.39973722338749995,0.0,0.3962805633729346,0.9375,0.8173974242481015,0.444018467347464,0.45446205438771387
13.44879827696096,1.1510371017493752,1.7016794673481956,2.3017712381018494,A2,PU,combo_011,gp,0.4993646059468564,0.5006353940531436,0.9987292118937128,0.04206545753666812,0.2225684455613059,287.3502188737722,9.072892211052189,0.41372935927535737,0.0,0.5505678699163198,0.9375,0.8173578013252857,0.45949010798006457,0.3748638296687937
8.961074557115397,1.2186002309883421,1.6273709202230984,1.5130598344669361,A1,Si1,combo_008,gp,0.4557750639495026,0.5442249360504974,0.9115501278990052,0.0958817493015097,0.5127343601575738,294.15513353104217,10.506921264406987,0.46957956714943094,0.0,0.6157746101155563,0.9375,0.8173249929132776,0.5163696070473439,0.5256257891816376
11.470226419807885,0.9095231504578939,1.6710107305330568,2.378125979439588,A1,Si3,combo_010,gp,0.4709352384515171,0.5290647615484829,0.9418704769030342,0.09641141769261613,0.5155902186364469,287.1201120348686,9.888301907844658,0.41184079557790076,0.0,0.4700327075593807,0.9375,0.8172118867665934,0.45651928853484147,0.4877575957169686
8.963379400611172,0.7969167114996075,2.7639005447052662,1.188157328854587,Si3,PU,combo_005,gp,0.4715962877891755,0.5284037122108245,0.943192575578351,0.06547640485859033,0.3487952575258668,324.6816668530954,10.16665773466133,0.7201210239611008,0.0,0.6597747103415637,0.9375,0.8171713966665483,0.6934760136107749,0.46549293699875577
11.35579252234358,0.7379769525141142,2.651869176426634,1.1124747805243063,A1,Si3,combo_010,gp,0.5439163572138597,0.45608364278614033,0.9121672855722807,0.11721564877502975,0.6277621751487766,291.89654514600176,10.086261352695907,0.4510425777587247,0.0,0.47617509249023204,0.9375,0.8171474354803281,0.48612966058879564,0.5333812393559347
8.420893969596412,1.1364039795859966,1.590001069420012,1.592494562608674,A1,Si2,combo_009,gp,0.4721964025293488,0.5278035974706512,0.9443928050586976,0.07872846734548655,0.42024753908773554,299.38398468851716,10.938899044294764,0.512494495373487,0.0,0.569470484099227,0.9375,0.8170895865957367,0.5451726432967678,0.49818527973450627
10.557039521974533,0.834784206191511,2.3403058411484854,1.4051640425023417,A1,Si1,combo_008,gp,0.5445350748196063,0.4554649251803937,0.9109298503607874,0.13061831416106864,0.7000264752748664,295.17660033353616,9.019765144732979,0.4779630864335129,0.0,0.3960579213094191,0.9375,0.8170358672228494,0.4885854319445874,0.5173371321282688
11.678778483248943,1.1549811213542895,1.8540030142131156,1.964239462861353,A2,PU,combo_011,gp,0.5025327644316384,0.4974672355683616,0.9949344711367232,0.06886743258658201,0.3670789524785696,299.14191955193144,8.023963025466463,0.5105077859321078,0.0,0.3957250397452959,0.9375,0.8170340457656609,0.5035118374060972,0.3733799808061161
9.41189481987996,0.4212003460223591,2.958986961659642,2.2433968937139257,A1,PU,combo_007,gp,0.5215197213358991,0.4784802786641009,0.9569605573282018,0.11006324567072616,0.5891979500737725,334.0842184185841,8.650793633223097,0.7972909057197523,0.0,0.31084032674172535,0.9375,0.816934615780916,0.7006950339494822,0.45562111698727026
9.15112725715337,1.5415206105714259,1.4952976874929909,1.347802581829575,A2,Si1,combo_012,gp,0.48208587978492545,0.5179141202150745,0.9641717595698509,0.06586631933003105,0.35089759281337235,302.61369196012106,10.76520072558792,0.5390017818827715,0.0,0.5553172917669438,0.9375,0.8166510405663524,0.5609480992647101,0.46701468094498677
9.8517333813622,1.290545226420885,1.5373737937727492,1.9834749838000372,Si2,Si2,combo_004,gp,0.5368027485337166,0.46319725146628343,0.9263945029325669,0.08680245221861749,0.46378073560349825,287.29802389336396,11.456433667859653,0.41330097763464596,0.0,0.598641774148972,0.9375,0.8166299157893959,0.4827193210743376,0.5320251311867292
9.101524194340538,1.142141261078277,1.9393065791188855,2.3998158258117925,Si2,PU,combo_003,gp,0.5169676531043805,0.48303234689561947,0.9660646937912389,0.10290205648649013,0.5505863523382655,298.74164571245194,11.482895137796387,0.5072226048141344,0.0,0.31027901251811846,0.9375,0.816488269752587,0.5198360273670594,0.5198801348048476
9.988118395061448,1.4997707798179167,1.5740635624199921,0.7378127821566944,A2,Si1,combo_012,gp,0.5388140283996563,0.4611859716003437,0.9223719432006874,0.08553033362149694,0.45692174469008945,302.1365670743021,11.430151179201802,0.5350858585542674,0.0,0.6238113454415412,0.9375,0.8164167644517188,0.5702792572378927,0.5326773884278925
9.866312795859905,1.2775675260771586,1.9746229677473215,0.5053231651957446,Si2,PU,combo_003,gp,0.5308647081726292,0.4691352918273708,0.9382705836547416,0.07927366730834053,0.4231871404736996,304.80611792495915,11.419419223270536,0.5569957541883473,0.0,0.589276586300539,0.9375,0.8164130830989449,0.582078413383862,0.5153950309877531
8.377279331217613,1.3771427939297758,1.1460281443137716,1.2988791020520556,Si3,Si3,combo_006,gp,0.48228658146720704,0.517713418532793,0.9645731629344141,0.030195803154253704,0.15856981230606979,301.7709541954044,13.425888945056787,0.5320851515187927,0.0,0.7772208859026137,0.9375,0.81633341674447,0.5991953754951559,0.5061304501386051
15.197497573303615,0.783181581354352,2.963666479240473,1.0693561553980933,A2,PU,combo_011,gp,0.574096540770995,0.42590345922900497,0.8518069184580099,0.1498325545837828,0.8036255428191638,287.6923181951929,10.02945978095704,0.4165370826895688,0.0,0.5441990277877022,0.9375,0.8162855739483226,0.4683320557298463,0.6035754768941856
9.917098218381536,1.170285533305081,1.262966767357229,2.3970482626618077,Si1,PU,combo_001,gp,0.4756353191040006,0.5243646808959994,0.9512706382080012,0.070726682585164,0.3771036301107453,297.59680770013387,12.781941963249057,0.49782653679705846,0.0,0.5809505518029144,0.9375,0.816174019605244,0.5505293860538725,0.5354739962139383
12.206660357840622,0.7511393909035909,2.1979460051898823,1.5770690512350807,A1,Si3,combo_010,gp,0.5640567304938742,0.43594326950612583,0.8718865390122517,0.13616181358157153,0.729915836408161,289.25206218978553,8.585267747373319,0.4293384227086196,0.0,0.5357288922779496,0.9375,0.8160965499389524,0.46510247483158657,0.5368042905617013
12.295293092602778,0.4776152286871328,2.937696963790494,2.028328454674506,A1,Si1,combo_008,gp,0.4620130223931085,0.5379869776068915,0.924026044786217,0.13284046706027108,0.7120078475921443,290.2898069629227,8.017732160351054,0.4378555407356655,0.0,0.3134786187634075,0.9375,0.8160964476789551,0.4443816829130795,0.48159683829796673
10.061168649652577,0.7078752509390875,2.586314014962439,1.8601454448441939,Si3,PU,combo_005,gp,0.5219378160400012,0.4780621839599988,0.9561243679199976,0.0843304875630721,0.45045243182031974,318.67192368731685,8.739614885975897,0.6707970541564331,0.0,0.4713866420539015,0.9375,0.816094910547319,0.6289016220068788,0.4335839170671466
9.094588516789067,1.1513535655790907,1.8006627705357627,0.7197386440659591,Si1,PU,combo_001,gp,0.46579296423934125,0.5342070357606588,0.9315859284786825,0.08665121254860274,0.4629652837071686,316.93550788050925,11.424837269896868,0.6565457095547157,0.0,0.5708269524755044,0.9375,0.8160501064415181,0.6499609751765756,0.5266988835113693
13.416962875921284,1.1807512861516365,2.333577530389489,0.5168209974231178,Si2,PU,combo_003,gp,0.4468333045180941,0.5531666954819059,0.8936666090361882,0.09645137976984212,0.5158056855946335,280.53102068930616,11.435182226354812,0.3577619217219635,0.0,0.6854739863720801,0.9375,0.8160316684781671,0.4523582822531921,0.5626744723510675
15.538297789146357,0.7789192480741127,2.029660054027371,1.223739958273229,Si1,PU,combo_001,gp,0.44698178238414243,0.5530182176158576,0.8939635647682849,0.1533782035898561,0.8227429225743542,285.95503944231444,8.557626007790706,0.40227865560116804,0.0,0.3222805707256559,0.9375,0.8159417821908037,0.4245986917621075,0.5365166237004075
15.04617286979424,1.0958747951853116,1.575179732170375,2.2561421779090427,Si2,Si2,combo_004,gp,0.5270053099613818,0.47299469003861816,0.9459893800772363,0.09989958799730418,0.5343976855490705,281.2960364361625,11.28597537310318,0.36404066152117925,0.0,0.41837430419170907,0.9375,0.815897307762759,0.4288714764341531,0.5250148758964794
8.102955759419721,0.7856215056956913,2.5005883484851266,1.3076235669713112,Si1,PU,combo_001,gp,0.5202378006596362,0.4797621993403638,0.9595243986807276,0.0926168548069065,0.4951307485741802,329.13497092341083,10.663705390933794,0.7566707781579235,0.0,0.4013102279644881,0.9375,0.8158849335666322,0.6971184882111725,0.4916050186602565
15.332269802238951,1.081253354960511,1.203086467175609,2.0603148797623994,Si1,Si1,combo_002,gp,0.47174540510287244,0.5282545948971276,0.9434908102057449,0.07220385449605146,0.385068224557563,281.72709742280773,13.13543447038745,0.3675785230408411,0.0,0.6055239043624367,0.9375,0.8158728135622634,0.4645896428178955,0.5516654661352332
13.644751412988192,1.0891422269684403,1.755579623999456,0.8712607669661219,Si3,PU,combo_005,gp,0.45250869938909943,0.5474913006109006,0.9050173987781989,0.11941025411235037,0.639595016914688,295.65385218139653,9.511727984284741,0.4818800517819043,0.0,0.4854758338607618,0.9375,0.8158540236274786,0.5041332548023101,0.5231233540904084
14.241482203601954,0.5371902340576453,2.9598729514876903,1.5075272470187828,Si3,PU,combo_005,gp,0.5278093295116619,0.47219067048833807,0.9443813409766761,0.08111256469104332,0.4331020811617764,293.802815666905,9.949313254968663,0.4666879767414914,0.0,0.5446390074885524,0.9375,0.8158449335101792,0.5028521631519995,0.4717549549242557
12.236833936686594,1.383803618957066,1.3991005201015536,0.939617829380417,Si2,PU,combo_003,gp,0.490260176720998,0.509739823279002,0.980520353441996,0.07997644986034254,0.42697639341693544,292.01024452786584,11.150414712002357,0.45197574656863454,0.0,0.3831224054457558,0.9375,0.8158354260048618,0.4858360755843347,0.4784029420587931
14.921447916677401,0.8208709936304127,2.216256744020464,1.6498454293034557,Si3,Si3,combo_006,gp,0.46342204775133666,0.5365779522486633,0.9268440955026733,0.08812671565136171,0.47092088029811385,283.5482852220374,9.490706823092241,0.38252561970369764,0.0,0.580573664127118,0.9375,0.8156647610450152,0.4439298232221268,0.47777418828230084
9.684156573703568,1.4952336390808674,1.5503249011022544,1.040335808839095,A2,Si1,combo_012,gp,0.5292939007264081,0.47070609927359186,0.9414121985471837,0.08195287852028564,0.4376328732846422,303.1509139443494,10.815293344984912,0.543410942174241,0.0,0.5517226397184487,0.9375,0.8156610756923728,0.564068502177953,0.49820992700188005
15.678174287594292,0.8078646953474518,2.742350535528402,1.511319306945725,Si2,PU,combo_003,gp,0.46842066490456347,0.5315793350954365,0.9368413298091269,0.09973718758216818,0.533522057306332,278.8247711595327,10.457606356981811,0.3437581618333541,0.0,0.45980616160354726,0.9375,0.8156054354368325,0.4123104311528384,0.5081505002797233
15.152687265317317,0.667467893030221,2.0433853323322113,2.425389683360466,Si1,Si1,combo_002,gp,0.5381917154561933,0.46180828454380674,0.9236165690876135,0.07873929249608069,0.4203059059803583,281.4863877530952,11.260674667206146,0.3656029383689036,0.0,0.6538039879808658,0.9375,0.8154890029717441,0.4533093124770577,0.5197016641628404
14.759591007970029,0.8938588569995604,2.411414606643585,1.4371981225166235,Si2,PU,combo_003,gp,0.5256529228965405,0.47434707710345947,0.9486941542069189,0.09181674139825265,0.4908167085058443,280.4120316958497,9.708785968982182,0.3567853393026424,0.0,0.45373059371702285,0.9375,0.8154774287279137,0.4149402375061511,0.47170647921369613
15.398797083448898,0.8730729209570196,1.3635184448303959,1.4529286541897524,A1,PU,combo_007,gp,0.5590320149921126,0.44096798500788736,0.8819359700157747,0.12293438342894916,0.658596367115009,288.9625851756131,10.490831302894762,0.42696258814925114,0.0,0.5675469802468338,0.9375,0.8154348472081085,0.4815885790543083,0.5690010181653
13.33484904266527,0.9685920740332941,2.4039729508954713,1.3410714756183597,A2,PU,combo_011,gp,0.5535961074459124,0.44640389255408763,0.8928077851081753,0.14123765583761233,0.7572836903102144,294.3116143285719,8.299652707997874,0.4708638573294703,0.0,0.4004135530877695,0.9375,0.815397163704587,0.4783953622348588,0.5182338983558246
15.784764276967511,1.2879643808727785,2.1096079939551577,0.6412502390181736,A2,Si2,combo_013,gp,0.4624726843785254,0.5375273156214746,0.9249453687570508,0.08362932099023807,0.4466718918905203,276.6671788294816,11.099417424061425,0.3260500808051632,0.0,0.6153969160039627,0.9375,0.8153376349845286,0.42051499891054733,0.5187355771751554
8.447102747782928,0.8188106437083319,2.376078789871671,1.9612146723946404,A1,Si1,combo_008,gp,0.5150718490610551,0.4849281509389449,0.9698563018778898,0.09525018128550197,0.5093290807340972,305.69945949265207,10.13342928298183,0.5643277068682971,0.0,0.3312474543802496,0.9375,0.8152291621609408,0.5513069708973837,0.47148720369439934
14.252434565793827,0.671088011960964,2.927351350658725,0.5683008819454659,A1,PU,combo_007,gp,0.5392201384461686,0.46077986155383144,0.9215597231076629,0.13011874518812913,0.697332906409692,290.3697427119462,13.161815195577503,0.43851160013161433,0.0,0.3351179791293811,0.9375,0.8151867635495093,0.48740941347314665,0.621122448251074
15.938453239890848,1.0712800493005894,1.1860656670869523,0.5847955702885298,Si3,Si3,combo_006,gp,0.5552443033276688,0.44475569667233117,0.8895113933446623,0.0847865500064283,0.45291142279962604,285.1624869538913,14.07330584427476,0.39577391256486,0.0,0.7720482744689711,0.9375,0.8151633974548118,0.5083454275143804,0.626172253602499
9.993962761021507,0.9289349284736345,2.31276387478171,0.5641035591029279,A1,PU,combo_007,gp,0.5500973387469514,0.44990266125304856,0.8998053225060971,0.1002927625442224,0.5365175984650516,315.27459428661336,11.652928174638516,0.6429140368369899,0.0,0.625499628290176,0.9375,0.8151442592678829,0.6476776275078461,0.566913539831569
10.112181438736348,1.3264292976398941,1.3982248020340518,2.4722032436564554,A2,Si3,combo_014,gp,0.5251601742327878,0.4748398257672122,0.9496796515344244,0.07392771585561039,0.3943629156562977,291.9045780998413,11.144321764448232,0.45110850689441206,0.0,0.5598790017961311,0.9375,0.8151296527404338,0.5028568099730399,0.4933342131348079
13.955756915874286,0.7199139062524744,2.2952286092505707,2.477520953618283,Si3,Si3,combo_006,gp,0.5017565485602069,0.4982434514397931,0.9964869028795862,0.08543447403991271,0.45640489036492066,284.72987374441357,9.710783665228503,0.39222331143386885,0.0,0.2681448036429176,0.9375,0.815090153232564,0.4212039300327542,0.4318793930007999
11.634929237593497,0.8049475544956676,2.762899019701246,0.617181288529498,A1,Si2,combo_009,gp,0.5154598807931094,0.48454011920689055,0.9690802384137811,0.05527988829037863,0.2938178248807572,286.12801869401846,11.352256153539589,0.4036983541061669,0.0,0.5872542728690675,0.9375,0.8150815853791193,0.47404046504640174,0.46796604423674865
14.070265414289771,0.6913764013671966,1.8923757314497751,2.4407948178898646,A1,Si3,combo_010,gp,0.5251868156273858,0.4748131843726142,0.9496263687452284,0.12437654403746165,0.6663721881208912,284.76723629703497,8.449708932046946,0.3925299583847431,0.0,0.2388562819834279,0.9375,0.8149689435744315,0.40858453276474105,0.46630647607959963
12.833179205373998,0.9224091650271353,1.5385124168023463,1.7808885011092956,A1,Si3,combo_010,gp,0.4608410916460315,0.5391589083539685,0.921682183292063,0.1355758187620682,0.7267562778957898,287.2339909702861,7.624820599638584,0.41277543804380573,0.0,0.298001947894712,0.9375,0.8149408390997216,0.4221917931450978,0.47363576048510225
14.580185040260051,1.052438560086861,1.2277587452252683,1.3722296724209606,Si1,PU,combo_001,gp,0.4721989718506663,0.5278010281493337,0.9443979437013326,0.07559028596892745,0.4033271374874688,289.29374459628156,11.810534022783656,0.4296805241433536,0.0,0.572148843307866,0.9375,0.8148960746471661,0.49431701606585954,0.5166270015383327
8.868842243282785,0.7842245311736264,2.7510613464736693,0.7790789301810279,A1,PU,combo_007,gp,0.5285745967353819,0.4714254032646181,0.9428508065292363,0.06585872318277076,0.35085663601488426,325.3549703936507,12.189601513515504,0.725647051045392,0.0,0.6409169295415477,0.9375,0.8148728838036755,0.7113478051204701,0.5189984795573352
13.494592320920237,1.2409305142745457,1.7718492870799962,0.5990656991501524,Si2,PU,combo_003,gp,0.5306133772274038,0.46938662277259624,0.9387732455451925,0.09845089164979506,0.5265866252388564,285.78151623677735,11.659930190996253,0.4008544926853453,0.0,0.45298462675245504,0.9375,0.814844864796156,0.4610394442655551,0.5377529413334557
9.335749690242015,1.0050159921667174,2.4108668928714465,1.8880884916381753,A2,Si2,combo_013,gp,0.4824039582097086,0.5175960417902914,0.9648079164194172,0.07301548230400683,0.38944434779987436,313.25025428266997,8.528600643628659,0.626299602164065,0.0,0.49269945344640453,0.9375,0.8148277927539509,0.598227260915038,0.40962701894134895
15.841046495073968,0.6919533975745655,2.898638450382083,1.0776640047451156,Si3,PU,combo_005,gp,0.4354513534605644,0.5645486465394356,0.8709027069211288,0.12021500130417684,0.6439340413490631,285.3396801302647,11.336311280171401,0.39722819615734406,0.0,0.6310615622431097,0.9375,0.8147688160064276,0.4737668433183689,0.5966394730523483
13.49351753709399,0.9885841622018555,1.4042184207973243,1.6535328463276213,A1,Si2,combo_009,gp,0.456705519228521,0.543294480771479,0.913411038457042,0.1360729359318444,0.7294366271636273,285.4592563010607,8.058764653745206,0.3982095977372459,0.0,0.3320344906873126,0.9375,0.8147607095191164,0.4188074025396691,0.4916083158023965
8.388914346198822,1.101108589629297,2.3911369036823853,1.120750101391352,A2,Si2,combo_013,gp,0.5227840455400496,0.47721595445995035,0.9544319089199007,0.04889074325284115,0.25936892376720183,315.4296601198639,10.661623028773276,0.6441867139325002,0.0,0.6930377255013375,0.9375,0.8146858843738417,0.6475360369506771,0.4527902584109976
15.554946935783754,0.9439220902969784,2.9254591962562255,0.6052290124730886,Si2,Si2,combo_004,gp,0.515108266386342,0.484891733613658,0.969783467227316,0.047555514731556614,0.25216965766454064,268.93028602823364,13.433400138241838,0.26255081696245164,0.0,0.6288661259463287,0.9375,0.8145582927080909,0.395744862492027,0.5168436721574114
15.750751099352556,0.9463033417159624,1.686517826003733,0.9764162626852475,Si1,PU,combo_001,gp,0.430632571102052,0.569367428897948,0.861265142204104,0.13491576528090826,0.7231974109474664,285.169838014035,11.145206443395818,0.39583424517118926,0.0,0.5806254893329004,0.9375,0.8144933711435066,0.46624642429191987,0.611562580317339
10.984501755277773,0.937974633439069,2.0502129483680274,1.4626660937207814,Si3,PU,combo_005,gp,0.5225248174387858,0.47747518256121424,0.9549503651224285,0.0797122383081307,0.42555182133698893,310.53040909058603,7.978464554176561,0.6039769240683299,0.0,0.49333610910066383,0.9375,0.8144598443587279,0.5783439701742681,0.4072363472903436
11.563011686277878,0.3912457830390274,2.965129163505837,2.2108531417876476,A1,PU,combo_007,gp,0.4882841438955623,0.5117158561044377,0.9765682877911246,0.09064083810437748,0.4844764898925848,314.2191136750023,7.547407052318725,0.6342513548586708,0.0,0.3231147150448335,0.9375,0.8144579808878231,0.5791281616145987,0.3904765747007901
13.46512592633384,1.141131247183191,1.8623648311478447,1.5120950488058469,A2,PU,combo_011,gp,0.5377502421549707,0.4622497578450293,0.9244995156900586,0.11559018613881383,0.6189980288835413,293.59422749924875,8.617701116771114,0.4649760239675901,0.0,0.40703916516277217,0.9375,0.8143556597263695,0.4774345731253423,0.47957122429478743
8.87297268857875,0.9886461601699271,2.71704009984048,0.8354453103505483,Si2,PU,combo_003,gp,0.5412980314087861,0.4587019685912139,0.9174039371824279,0.07090104963797442,0.37804377989987004,310.32401487724275,12.099337776094112,0.602282977810398,0.0,0.721508577250856,0.9375,0.8140855032080092,0.6323431359116576,0.5381212875701098
15.894916010735846,0.7542025416190024,2.349166649275124,0.6069612594183187,A1,Si3,combo_010,gp,0.5658572163479789,0.4341427836520211,0.8682855673040422,0.13116148542550204,0.7029551383536127,278.5707966817228,13.24920187996313,0.3416737084500574,0.0,0.5682611063735028,0.9375,0.8140577243615686,0.44362358672535845,0.6604640449851779
8.854094527737946,0.48529401389303684,2.7551122276699402,2.489530645151254,Si1,PU,combo_001,gp,0.5194336570826579,0.4805663429173421,0.9611326858346843,0.10974767243264602,0.5874964467883037,331.2302336013465,8.906711485379446,0.7738672989090659,0.0,0.2701494046785922,0.9375,0.8139737141864031,0.6822395412945509,0.4559573876439045
10.714938536829129,0.9590976383452765,1.813144713697077,1.7853043514683913,A1,Si2,combo_009,gp,0.45196650152134055,0.5480334984786595,0.9039330030426811,0.11136679904419367,0.596226430566075,291.2174530952514,9.062904560336145,0.44546904243752594,0.0,0.5266437163572977,0.9375,0.813952425230862,0.4792370221502463,0.5017809309805903
13.022844712102161,0.9521680748968607,2.396869330894158,1.5664313617348151,A2,PU,combo_011,gp,0.5329383248993622,0.4670616751006378,0.9341233502012756,0.12326954997321841,0.6604035133094166,295.15123870622415,7.917264351916229,0.47775493508573846,0.0,0.3100627845740135,0.9375,0.8139281753993581,0.47118054424844297,0.46026098665298426
11.384884423669845,1.484769977101713,1.1978345682280287,1.3057267071406327,A2,Si2,combo_013,gp,0.5001948986883058,0.4998051013116942,0.9996102026233884,0.026895456657422316,0.14077505112255576,295.65493719713356,10.59732037201044,0.4818889568685236,0.0,0.6157757009895407,0.9375,0.8139269801054658,0.5256963349277326,0.3979253556141678
14.193352880808579,1.2908549156465354,1.137441362634219,1.984950930678076,A2,Si3,combo_014,gp,0.52911772603386,0.47088227396614,0.94176454793228,0.0786641306400767,0.4199006493568538,288.52892055121765,10.308577571294617,0.4234033577047894,0.0,0.5573257420234591,0.9375,0.8139252855312257,0.4766434694882767,0.4789139957024416
11.469885725586781,0.8671082405059735,2.550410685658739,2.1803461812286296,A2,Si2,combo_013,gp,0.5182415375417548,0.48175846245824516,0.9635169249164903,0.08217982716255472,0.4388565317380737,297.98911023083696,7.845932138083821,0.5010462947209708,0.0,0.43341664274349695,0.9375,0.8139129220358186,0.49925959804503073,0.39926162865085557
8.706790280452072,1.2390508731051961,1.2712880369559616,1.6543536956301954,A1,Si2,combo_009,gp,0.4669054037910456,0.5330945962089544,0.9338108075820912,0.08165325090809039,0.4360173453974582,295.33374436078276,11.71657512833025,0.4792528199614,0.0,0.5753225895642496,0.9375,0.8139049124904049,0.5285969911845861,0.5259616132168818
8.636246559261528,0.7999625756623789,2.5173133612801593,2.252749332893365,Si3,Si3,combo_006,gp,0.49363115928071366,0.5063688407192863,0.9872623185614273,0.06540689659945562,0.34842048388535013,302.7577355366361,9.097627538043321,0.5401839956351066,0.0,0.4284929646585018,0.9375,0.8138482551208107,0.5359951482281391,0.40128080592064785
12.015382556822914,1.131229286997275,1.4230727232357512,0.973082540249008,Si3,Si3,combo_006,gp,0.5307490553685312,0.46925094463146877,0.9385018892629375,0.0670064852982681,0.35704512342381806,292.8510337550986,10.495418274493842,0.45887638463454555,0.0,0.645365787039535,0.9375,0.8137807804725612,0.5117461459562527,0.4752570042826771
14.709387539640153,0.9639102448242344,1.352482247406546,1.698528018620129,Si1,PU,combo_001,gp,0.4764031962111588,0.5235968037888412,0.9528063924223176,0.058161967277570475,0.3093573772696781,288.12854037709445,11.05721642559927,0.42011730386287255,0.0,0.6340262480111221,0.9375,0.8136930067031487,0.4878935176153822,0.4723097496319631
11.6070108485957,1.0140742819533535,1.9856447075667738,0.8537131052928946,A1,Si2,combo_009,gp,0.4706090091292907,0.5293909908707093,0.9412180182585814,0.10255876132074726,0.5487353783584986,285.4886608559392,8.537614321877673,0.39845093074215804,0.0,0.40644509162722875,0.9375,0.8136880268001023,0.43017855329168897,0.4526885203026531
14.634342939046142,0.692395486797863,2.0812154879275897,1.5953411846713994,A1,Si3,combo_010,gp,0.5685875511739198,0.4314124488260802,0.8628248976521604,0.14795204387922362,0.7934862320156466,285.0568719547854,8.688428123062714,0.39490709498495347,0.0,0.48365916665476527,0.9375,0.813601542653865,0.4366038531075889,0.5540794510379485
15.669502430548347,0.8715862612683851,2.1714907290153356,1.1582101082798681,Si3,PU,combo_005,gp,0.45298612678622874,0.5470138732137713,0.9059722535724575,0.1352461951434464,0.7249790179688542,286.66284065659863,9.07736218749807,0.40808781661820753,0.0,0.3628040674705507,0.9375,0.8135891121734354,0.43679975761199746,0.5226658437223716
13.983087572308168,0.5197636032603186,2.850071282418077,1.8299396421118503,A1,Si2,combo_009,gp,0.4899966030794296,0.5100033969205704,0.9799932061588592,0.09194791326759888,0.4915239591206668,281.40774107616056,9.003430295477278,0.3649574588182216,0.0,0.2911049941626163,0.9375,0.8134716882883548,0.39885789670559185,0.42816925122463856
14.543958878910148,0.9213331776191901,1.9884273049101697,0.8468475401490518,A1,Si1,combo_008,gp,0.5571673590571038,0.4428326409428962,0.8856652818857924,0.1580754422169852,0.8480694268283739,280.1928406084243,10.360878521716034,0.35498636482413476,0.0,0.31177952296991224,0.9375,0.8134643959249663,0.4046077539679912,0.5933789398647875
8.980807087001242,1.0771356850607252,2.5636760876532705,1.4032074932244667,A2,Si1,combo_012,gp,0.47690336347775997,0.52309663652224,0.9538067269555199,0.06695915776260267,0.35678994349183846,307.81195947198535,9.874535401194507,0.5816656999103837,0.0,0.5716991000506056,0.9375,0.8134563793187624,0.5854552308462053,0.44704900339330084
15.61637114386734,0.5587692776777431,2.4702628025608124,1.8975733669526154,A1,Si1,combo_008,gp,0.5645006145560103,0.4354993854439897,0.8709987708879794,0.14645001650347392,0.7853876222277871,280.6149255965148,9.868192920435103,0.3584505573250936,0.0,0.4537689011094088,0.9375,0.8134391969039653,0.4173617936923338,0.5791943000345325
15.814457015115472,0.5463295969974351,2.7654869640608157,1.9740975608976608,A1,Si1,combo_008,gp,0.4294906995515646,0.5705093004484354,0.8589813991031292,0.14557464725460842,0.780667818793236,278.62130620532764,10.455584255876664,0.34208825698373174,0.0,0.5150008546132223,0.9375,0.8133879642485331,0.41664508432727787,0.602875131190318
14.157156050821513,0.7447693309319204,2.402093327951927,1.2579433431600955,A1,PU,combo_007,gp,0.45771927576673477,0.5422807242332652,0.9154385515334695,0.1710827122035555,0.9182018396773676,291.48211503175173,9.042629488195209,0.4476412113645978,0.0,0.08947577491446655,0.9375,0.813355625415614,0.43688149431045636,0.5483397511475181
15.253354884557933,1.1892700183696783,1.8634278026644981,2.3483704142295445,A2,Si1,combo_012,gp,0.4608890490701185,0.5391109509298815,0.921778098140237,0.11269894087769144,0.6034090539095393,280.49492823256816,10.289085123177221,0.35746569887229857,0.0,0.4301093766961327,0.9375,0.8133395220086287,0.41761236700240334,0.5235236158003924
15.473470108703573,1.0523753355190686,2.497887398947291,0.856113273836896,Si2,Si2,combo_004,gp,0.4870943650912878,0.5129056349087122,0.9741887301825756,0.049923851856736055,0.26493922400706865,270.48282369770476,11.221184336953186,0.2752930122638514,0.0,0.582949197742384,0.9375,0.8132404507718467,0.3826967056727237,0.45360947866209417
11.971705289698821,1.0032594631122538,2.9580818567877505,0.5213206556572908,A2,PU,combo_011,gp,0.46060772774949044,0.5393922722505096,0.9212154554989809,0.09745497205439013,0.521216840164705,297.90869062260634,11.689175484395514,0.500386264130869,0.0,0.5285919236243296,0.9375,0.8132324423087014,0.5385021231270564,0.5480185931568491
12.521826242936148,0.8933792088453142,1.6383964581648112,2.083112482298346,A1,PU,combo_007,gp,0.4818124892920679,0.5181875107079321,0.9636249785841358,0.06642278512167574,0.35389793713437595,293.1115768866247,9.269150623088992,0.46101474915324614,0.0,0.5268451449080517,0.9375,0.8131455588034937,0.49175913354916595,0.42266608101204906
13.848154844586237,0.6886374667489169,2.613526885131341,1.3840085962099753,Si3,PU,combo_005,gp,0.519176104206025,0.480823895793975,0.96164779158795,0.09480482048149425,0.5069277907012403,293.79457146722694,8.391334674730091,0.46662031384063724,0.0,0.3553563827171675,0.9375,0.8130587933964551,0.4716392870502374,0.42637118596827034
11.653566404073295,0.8923970809271308,2.0487116618605556,1.8950082498902474,Si3,PU,combo_005,gp,0.4964480052788476,0.5035519947211524,0.9928960105576952,0.05591012677112606,0.2972159357349746,301.28818570986516,8.29804138496583,0.5281229092820569,0.0,0.45561351004915085,0.9375,0.8129774891733416,0.5239840380505587,0.36544588093332736
9.941833679561762,1.3013520478607237,1.5050462656140398,0.8603579446637402,Si1,Si1,combo_002,gp,0.4876211607614884,0.5123788392385116,0.9752423215229769,0.07004530060326625,0.3734297644562569,292.65957702630755,12.125952734667772,0.45730503530242006,0.0,0.4471514330082868,0.9375,0.8128267036831662,0.5036319107490053,0.4960844820886217
14.893287071729489,0.6976036543080101,2.3990249176901894,1.7197337908286088,Si3,PU,combo_005,gp,0.5090659395832162,0.4909340604167838,0.9818681208335676,0.08675565174086194,0.4635283974548421,289.06297765692267,7.900822284727713,0.42778654278094397,0.0,0.3100904284549987,0.9375,0.8128085711422113,0.43607628867896836,0.3909068339812715
15.991117871414762,0.8981917448057405,1.9685789891885828,0.7569382477836719,Si1,PU,combo_001,gp,0.4226919452640061,0.5773080547359939,0.8453838905280122,0.15142832168242568,0.8122295771083275,283.29478340412004,11.057355763612719,0.3804450455980379,0.0,0.5360151621771009,0.9375,0.8127110346079968,0.4503229226865773,0.6336171872403223
12.499560563161666,1.2305690801175637,1.4897717563231274,0.8993370912542624,Si1,Si1,combo_002,gp,0.46487492488979854,0.5351250751102015,0.9297498497795971,0.08726558758562535,0.46627786227170004,284.19401793139605,11.424066047980597,0.3878253637659159,0.0,0.5479991511818939,0.9375,0.8125439817353067,0.45956789537962817,0.5244129141609211
14.616791442135218,0.767400919478879,1.9283831724008693,1.3583409792246244,Si1,PU,combo_001,gp,0.5414142921709271,0.45858570782907293,0.9171714156581459,0.11470134224556261,0.6142055730535199,289.76579664460985,8.840456327448665,0.4335548129999157,0.0,0.4324496587650066,0.9375,0.812516409767163,0.45973042088549315,0.4878292000651631
9.420258025612053,1.009946489910139,1.7515726831356084,1.4298728925584778,A1,Si3,combo_010,gp,0.5381332414947053,0.4618667585052947,0.9237335170105894,0.08380878004971815,0.447639496688602,297.60674912599575,10.174632809913088,0.49790812940018647,0.0,0.5977052528373284,0.9375,0.8125060368613503,0.5317826824431525,0.490997244794122
12.72490448420432,0.9291306153807999,2.77645898319446,0.6908665380361195,Si2,PU,combo_003,gp,0.5402244076860114,0.45977559231398857,0.9195511846279771,0.08415370240529657,0.4494992441273228,286.0527604374606,11.854630270858348,0.40308068445346884,0.0,0.6144913724721767,0.9375,0.8124367414629472,0.4802777382036938,0.5403508677520571
15.50083771213262,1.024628184494741,1.3075403172336648,2.264648039077962,A1,Si1,combo_008,gp,0.4215501662633869,0.5784498337366131,0.8431003325267739,0.1205347607283504,0.6456581156530216,279.95754089560575,12.606704653055328,0.3530551814757018,0.0,0.7404090429458713,0.9375,0.8124268181769823,0.46375887297372265,0.648569392681943
9.687751286929371,1.4830410545694455,1.1490655487385935,1.8272550479698122,A2,Si3,combo_014,gp,0.49054357490992473,0.5094564250900753,0.9810871498198495,0.029896433376934824,0.15695567460929588,297.7565730261288,11.564391507272983,0.49913778419945676,0.0,0.6712645986334332,0.9375,0.8124076916599675,0.5509153303708354,0.43849765139582186
15.06304166534203,1.34888796681594,1.108399174325935,1.3572615684316518,A2,PU,combo_011,gp,0.5357892081645019,0.46421079183549807,0.9284215836709961,0.07726230917143792,0.4123423283501657,291.26946474145046,12.141256847686634,0.44589591939313716,0.0,0.6163632835959616,0.9375,0.8123797601952526,0.5126869218764329,0.5355063822576951
13.809871556136503,1.2930478297559356,1.1064366605805376,1.846432162143687,Si2,Si2,combo_004,gp,0.5432935412091098,0.4567064587908902,0.9134129175817804,0.08278281824320806,0.44210773044897184,282.092333650315,12.679355314808264,0.3705761387725288,0.0,0.6509616529585943,0.9375,0.812325706280726,0.46764944368739897,0.5659068879786222
10.066248382407586,1.0271186280271736,1.713137029120792,2.3317185686744244,Si3,Si3,combo_006,gp,0.528672717664044,0.471327282335956,0.942654564671912,0.0744381079262575,0.3971148403453703,291.64855260182685,10.620204631741759,0.4490072201031233,0.0,0.5672930089617252,0.9375,0.8123078006742132,0.4980105959764769,0.4810009889935517
9.190306741014078,1.3368546655484326,1.6859357474398031,1.5964498736690225,Si2,PU,combo_003,gp,0.47123678172095396,0.528763218279046,0.9424735634419079,0.08232086761135962,0.43961699161891005,303.7011182142134,10.467202605304267,0.5479266524208464,0.0,0.5180171930495509,0.9375,0.8122927611045895,0.5611248520991772,0.4842791923727551
15.844923174878799,0.7906804816353663,2.493856978944276,0.6977989780577022,Si3,Si3,combo_006,gp,0.54437787653535,0.45562212346465003,0.9112442469293001,0.09115886676387376,0.4872695894325278,279.42356926216394,13.00687662555128,0.34867269789896466,0.0,0.6074808045227442,0.9375,0.8122658179144626,0.4505414888267271,0.5841952964379173
10.99812701318228,0.8804902219220032,2.488555674388622,0.7896074720291433,Si3,PU,combo_005,gp,0.5198999253189456,0.4801000746810544,0.9602001493621088,0.08050206060056365,0.42981037391162125,310.4055396078483,9.525524095650205,0.6029520785090136,0.0,0.4466184176953279,0.9375,0.8122657432133521,0.5851062943975065,0.44424938537419134
10.997740055421337,1.3045927919940894,1.3739798500733453,0.9297721650386033,Si1,Si1,combo_002,gp,0.48835279616128346,0.5116472038387165,0.9767055923225669,0.0735272560249465,0.3922037220512941,289.158245793802,11.996638434473157,0.42856844020603535,0.0,0.4136638325616154,0.9375,0.8122437743912273,0.4791518260984977,0.49407724904558525
14.998359331710269,1.2137303378947402,1.577922314390563,1.69701421760216,A2,Si3,combo_014,gp,0.46335822201584165,0.5366417779841584,0.9267164440316833,0.10592619202079982,0.5668918431924183,285.33726963731726,8.633511749330426,0.3972084124364638,0.0,0.4412751156383617,0.9375,0.8122238879216054,0.4335450257987353,0.4669041018159113
10.748265276274097,1.211130917162692,1.7301756417955112,0.9151415959334948,A1,Si1,combo_008,gp,0.43438043152480077,0.5656195684751992,0.8687608630496015,0.12827159035800811,0.6873734433343648,288.0506648953058,9.88521289876048,0.4194781537683824,0.0,0.5690480340052585,0.9375,0.812103604350338,0.4717427090790915,0.5626491034102594
8.521968920224978,0.9330413899408976,2.3844456963288425,0.8038899475986081,Si1,PU,combo_001,gp,0.4802125396825403,0.5197874603174597,0.9604250793650806,0.08135192775510758,0.4343926755176318,319.71043516510207,11.3970514774997,0.6793204647846547,0.0,0.4383855717536887,0.9375,0.8120372339484629,0.6524409203536077,0.4960684045956564
11.457071438685313,1.4955402038229775,1.321831677533972,0.7781371197496425,A2,PU,combo_011,gp,0.46300880156465496,0.536991198435345,0.9260176031293099,0.0994455648769544,0.5319496901624724,311.629451210743,9.6444313229783,0.6129971298996482,0.0,0.4838985541875588,0.9375,0.8120012430452239,0.5967998089910687,0.48885904393395613
15.309149674964935,1.128394898975098,1.6947069353694735,1.8730448091996978,A2,PU,combo_011,gp,0.5233133246313528,0.4766866753686472,0.9533733507372943,0.09216511028458473,0.49269503889994015,286.2292322964488,9.80727382268135,0.40452904795320566,0.0,0.4022126615314984,0.9375,0.8119747638689472,0.44398261994349814,0.4673437336255692
8.916203112641922,1.0250070243421954,2.27688244132404,0.664013687472112,Si1,Si1,combo_002,gp,0.523680829676529,0.47631917032347104,0.9526383406469421,0.060195563360425454,0.3203220916331175,296.3243310948143,11.935728301386995,0.4873828962076693,0.0,0.6079075961434484,0.9375,0.8119075949381879,0.5392678988406981,0.4963807630765552
8.815930912509483,1.245021256548057,1.7907843431388144,1.8713247140060172,Si2,PU,combo_003,gp,0.5238146569520907,0.47618534304790927,0.9523706860958185,0.09265816785139858,0.49535349965840914,304.7140897393093,11.031104869612138,0.5562404481253498,0.0,0.40320624277137324,0.9375,0.8119036291291235,0.5598926230680881,0.5020675591573701
8.958452990895955,1.2739662157916134,1.1390817736491738,1.7623502759506042,A1,PU,combo_007,gp,0.46397396940996316,0.5360260305900368,0.9279479388199263,0.06127394256615685,0.32613648125847383,308.2889552940379,12.720032106906404,0.5855805639694414,0.0,0.7151394111963933,0.9375,0.8117610207141672,0.6248898158018894,0.5360618597826687
9.745039105629893,1.1945323402227679,1.2854811161315955,1.9942043063536088,Si1,PU,combo_001,gp,0.4721288039732059,0.5278711960267941,0.9442576079464118,0.0651459466386171,0.3470134976072648,303.40699152303387,11.870676214919945,0.5455126564089873,0.0,0.6142310087380929,0.9375,0.8117310049833115,0.5800801161671014,0.5048829207977603
14.922783914525668,1.0472043261572284,2.197149786041316,0.6779050534711475,Si2,PU,combo_003,gp,0.5519286419312266,0.4480713580687734,0.8961427161375468,0.11054288678655713,0.591784072203131,279.84609209756104,11.777349317949746,0.35214048395903824,0.0,0.5507016995665576,0.9375,0.811718243627046,0.4376336220230093,0.5784575767386732
11.789207693920249,1.09111292601498,1.7130607479563407,0.7786041638584118,A1,Si3,combo_010,gp,0.42906957337567064,0.5709304266243294,0.8581391467513413,0.12730157784919308,0.6821433437202918,285.9116372717695,9.914765045802069,0.4019224394883721,0.0,0.6213872531745528,0.9375,0.8116724186548473,0.46491975036543653,0.5694818691997079
12.219731740820064,0.4858744659007266,2.9759133686461396,1.5663997858255356,A1,PU,combo_007,gp,0.5203477708061399,0.4796522291938601,0.9593044583877202,0.09533131389251827,0.5097665303677756,311.4370078749342,8.477259636520786,0.6114176831541375,0.0,0.35167043986820595,0.9375,0.8116203633790561,0.573303754789324,0.42917401569007785
10.576683886709409,0.7493262620242596,2.9465798737718014,0.7989610929822586,A1,Si1,combo_008,gp,0.5115446912079911,0.48845530879200894,0.9769106175840179,0.09530795860429757,0.5096406036577594,294.64880844873386,12.073233488566563,0.4736313221182961,0.0,0.2689750808769929,0.9375,0.811533480822971,0.49682858937336094,0.5155825187217549
9.959565558197795,1.3934155151760572,1.697789210729989,0.7689918732812906,A2,Si2,combo_013,gp,0.5067365202858731,0.4932634797141269,0.9865269594282537,0.0379958452232885,0.2006259679167296,302.54943115344184,10.226034775812469,0.5384743719750873,0.0,0.5876012178348793,0.9375,0.8115278413212675,0.559572389011291,0.40443999540443415
14.141473211994153,0.9481192483007688,2.4792629632655876,0.9812827473172133,Si2,PU,combo_003,gp,0.539418868992712,0.46058113100728804,0.9211622620145761,0.10364230420378791,0.5545776094255446,281.52746140966184,10.469043440851674,0.3659400435896054,0.0,0.4756482986346354,0.9375,0.8114545953884204,0.42951179544485607,0.5182106808344765
13.38263065599656,0.6343719612711023,2.1604282990337285,2.434876685690014,A1,Si3,combo_010,gp,0.531181420913093,0.46881857908690705,0.9376371581738141,0.1213052163684165,0.6498122473875623,284.8496330878712,8.246263117921185,0.3932062163729964,0.0,0.2866947394431481,0.9375,0.8114507755005551,0.4122437800045137,0.462093338598974
8.123434130453598,1.061376586953674,2.2249513472987976,2.2094243004972367,A2,Si3,combo_014,gp,0.5239929948754138,0.47600700512458616,0.9520140102491723,0.05944030893978466,0.31624992161672694,310.80880968636706,9.666513632214011,0.6062618507617198,0.0,0.6120184121993982,0.9375,0.8114494218961898,0.6050705464078487,0.4331891681872322
14.91187261836868,0.6267511240295012,2.850992729580763,0.674072560389945,Si1,Si1,combo_002,gp,0.5523172937787706,0.4476827062212294,0.8953654124424588,0.09063500356186793,0.48444503128947386,278.7965964958576,11.749863657692327,0.34352692295641174,0.0,0.6784781171224596,0.9375,0.8114463850297977,0.44416588307349,0.5592997670408302
12.33487484669454,0.8119903539059656,2.7084698579761772,1.9349529022150838,Si2,Si2,combo_004,gp,0.5117853987870049,0.4882146012129951,0.9764292024259902,0.0671767803214812,0.3579633177018211,281.48229508604413,9.085581534499862,0.36556934848319994,0.0,0.44808845441602224,0.9375,0.8113324010367801,0.4156298280366917,0.40722896465701386
12.603164991519101,0.7198728848221062,2.0193716773711596,2.3017496241083286,A1,PU,combo_007,gp,0.4960345010109686,0.5039654989890314,0.9920690020219372,0.048707951407631865,0.2583833493025461,293.36280744361886,8.712209079498889,0.46307668226176124,0.0,0.4918010717602545,0.9375,0.811274445247867,0.48532354386496696,0.36866848988990963
8.90295936257337,1.4217802501549728,1.754680510690842,1.073928625015807,A2,Si1,combo_012,gp,0.5319354656830768,0.4680645343169232,0.9361290686338464,0.08019222555934219,0.42813980975415666,307.13433403791277,10.831455439632027,0.5761042016022042,0.0,0.5527633609853084,0.9375,0.8112263458258889,0.5871848021849051,0.4954877749386609
10.897471937462882,1.218563428172481,1.3437987955001942,0.5271385841748237,A1,Si2,combo_009,gp,0.5160916638540343,0.48390833614596573,0.9678166722919315,0.09029802664992428,0.48262812398045274,287.98102586034696,10.048737293657219,0.41890660294453125,0.0,0.34022955117631526,0.9375,0.8111556563857473,0.4497451887926052,0.46116091671791215
8.648315936791862,0.7965228710750886,2.9275860521563786,2.17041504367137,A2,Si1,combo_012,gp,0.48592778560200145,0.5140722143979986,0.9718555712040029,0.057940742393497155,0.308164580094074,319.6791014908676,10.17268441229076,0.6790632988527374,0.0,0.5263411637306473,0.9375,0.8111185002561503,0.6514395883265376,0.43142284724047164
8.976259396056623,0.7412289605828138,2.505355182654709,1.4084220203372624,Si1,PU,combo_001,gp,0.5274936178902223,0.4725063821097777,0.9450127642195554,0.0994410743165406,0.5319254780228622,325.0583311400909,9.658083643272965,0.7232124335947195,0.0,0.38831554631006304,0.9375,0.8111128985685979,0.6644994538758066,0.4748884343042492
9.67011157985642,0.878368614574108,2.584306801000033,0.6136810633826089,Si1,PU,combo_001,gp,0.46768060905866093,0.5323193909413391,0.9353612181173219,0.08036678339490892,0.42908098820302665,309.4264657744322,11.532989979943043,0.5949164924841487,0.0,0.5539555131519669,0.9375,0.8110626509371364,0.6059828721722575,0.5152818892574034
12.048633979485675,1.1694407938977753,1.550134374098747,0.5144533459509512,A1,Si3,combo_010,gp,0.43168071366110894,0.5683192863388911,0.8633614273222179,0.1162351293687881,0.6224754245949718,284.55458456985326,10.87902851959267,0.3907846546203247,0.0,0.6619451271512917,0.9375,0.8110006166577551,0.46875296193297594,0.5811903361236022
8.708340979381333,1.204162500777333,2.2875796283806746,0.6547966196197862,Si2,Si2,combo_004,gp,0.522362737686926,0.477637262313074,0.955274524626148,0.04571927168346672,0.24226902857998275,291.1115974243751,11.144979082467595,0.4446002495839996,0.0,0.6802108584132092,0.9375,0.8109868308872397,0.5103393784669163,0.4581692014737605
9.869653185204555,1.294387391288379,1.6365114814159034,1.6687035460066295,A2,PU,combo_011,gp,0.5130078854637432,0.4869921145362568,0.9739842290725136,0.08859082758641615,0.4734232724119848,317.987893099648,8.096660243493398,0.6651829866129529,0.0,0.32071186216990344,0.9375,0.810956119586606,0.6048541654092212,0.40134703464075383
12.619451537744371,1.0946628093389177,2.6885438170237808,0.5071404168384258,A2,Si1,combo_012,gp,0.5416512836225991,0.45834871637740093,0.9166974327548019,0.09523138365984991,0.509227727964133,283.6680685648246,10.515106345502808,0.38350872161333993,0.0,0.545706067506679,0.9375,0.8109279052908286,0.44917745119193664,0.5141132025052062
9.147353210831216,0.7177078416543596,2.471964913403281,2.0166556377266556,A1,Si2,combo_009,gp,0.47230522129519414,0.5276947787048059,0.9446104425903883,0.0958517976156445,0.512572867084793,307.0463188457334,9.277071270051819,0.5753818315172184,0.0,0.4111579657778535,0.9375,0.8108830340406763,0.5603095865556402,0.46106697605166236
12.922002028081412,1.2942931193923208,1.5171154681701366,1.4451605631067928,A2,Si3,combo_014,gp,0.4698967792662785,0.5301032207337215,0.939793558532557,0.0681121947130586,0.3630068716806906,288.47588708506294,8.509188497810833,0.422968094331448,0.0,0.6095963093871645,0.9375,0.8108829775258384,0.4674324169958035,0.4173747715840734
12.025052887017813,1.059013265287033,2.11711325163726,0.5764098718095695,Si3,PU,combo_005,gp,0.46202536080195955,0.5379746391980404,0.9240507216039191,0.10026221145959396,0.5363528735625657,303.6786269535921,9.723097421505026,0.5477420591313905,0.0,0.4790769188930112,0.9375,0.8108766675475757,0.5512569841890961,0.49183952175822543
11.893192623042689,1.4185023648224264,1.2698885891853162,1.0561959099243954,A2,Si3,combo_014,gp,0.49089566850400956,0.5091043314959904,0.9817913370080191,0.05144418011655179,0.2731365082406915,293.846850782661,9.281459666688361,0.46704938764707915,0.0,0.5186276002126528,0.9375,0.8107925907829883,0.49525830825233064,0.39350533698952483
15.54324188175956,0.781870423082895,2.2792278947840776,1.5775342259634224,A1,Si1,combo_008,gp,0.4140093046428319,0.5859906953571681,0.8280186092856638,0.16425401016242872,0.8813829413792976,279.0948314430983,9.553973257939193,0.3459746367981881,0.0,0.5206109887968791,0.9375,0.8107876648034668,0.41284479820613207,0.6141807652892799
14.69631996813996,0.9051229526654241,1.4112057220569016,2.1881468246501017,A1,Si2,combo_009,gp,0.4462008683400285,0.5537991316599715,0.892401736680057,0.13931605549233103,0.7469228329677298,284.89746253969946,9.34664181391546,0.3935987686622829,0.0,0.37820668067686714,0.9375,0.810770060056094,0.43031276065453694,0.540059334471618
10.339605377389168,1.5604699128820032,1.2197347865489028,0.6257041694648082,A2,Si2,combo_013,gp,0.5061525100666913,0.49384748993330874,0.9876949798666175,0.028627582006710523,0.1501142998832804,300.18158998594794,11.737450788289705,0.5190407085012858,0.0,0.6353887853479574,0.9375,0.810738978134994,0.5626191020435388,0.4354793692137923
12.92735984172527,0.9556704932472208,1.8272484388436063,1.7771678297342282,A1,Si1,combo_008,gp,0.43239556143498703,0.567604438565013,0.8647911228699741,0.14699592336252743,0.7883310350466005,282.15039654001765,8.419548424642336,0.3710526803050808,0.0,0.4579593343349714,0.9375,0.8107214384923335,0.4152238455705205,0.5410283881486897
10.531535425124996,0.6584630981020545,2.7066775060831056,1.8020131331781521,Si3,PU,combo_005,gp,0.5184126858967701,0.48158731410322986,0.9631746282064597,0.0800249239491454,0.42723775531777325,316.45431749727067,8.698464376919537,0.6525964193307496,0.0,0.42231023079343316,0.9375,0.8105503715066722,0.6109303170076492,0.41696605036896983
14.775472319282134,1.264764209704504,2.0205468588146833,0.8732203802966259,A2,Si2,combo_013,gp,0.4765458558207385,0.5234541441792615,0.953091711641477,0.07683397169252743,0.4100328244388405,279.91418790256654,10.040325552111,0.3526993689791239,0.0,0.48907154641506484,0.9375,0.8104823642604256,0.4182182539399004,0.4578476140613791
13.017929183983064,1.1858292764962624,1.9789150932788133,1.8585910323711385,A2,Si1,combo_012,gp,0.5274124444216923,0.47258755557830767,0.9451751111566153,0.10688466356746597,0.572059716411334,283.7140673698073,8.937017279620067,0.38388624917241077,0.0,0.335083126049611,0.9375,0.8104424971712116,0.41598421755502174,0.46112772650421435
10.36523204669949,1.3615541247133385,1.363075506457663,2.0401951286200344,A2,Si3,combo_014,gp,0.507756698357209,0.49224330164279095,0.9844866032855819,0.04076427246696213,0.2155527344554562,294.2515201791513,10.334282752556472,0.47037064456984073,0.0,0.5698251931651864,0.9375,0.8102864012518008,0.5109724185168927,0.4099738040393868
13.97408304707529,0.9183811928890847,1.6208031009784614,2.288697424390879,Si1,Si1,combo_002,gp,0.5113300132055763,0.48866998679442375,0.9773399735888475,0.05898340358173684,0.31378638582200513,281.52796543721104,10.585070941836836,0.3659441803120795,0.0,0.4870863461987706,0.9375,0.8102200012990082,0.4315698418698638,0.43883917057787636
12.600899573439463,1.2641718341282613,1.797547589302741,0.9178610901932717,Si2,PU,combo_003,gp,0.4767154844566974,0.5232845155433026,0.9534309689133948,0.09685431360688011,0.5179782185119293,288.126158527927,9.986497104981604,0.4200977552310633,0.0,0.35820476909472954,0.9375,0.8101905173398372,0.4518876473550589,0.4745186880868306
15.493300371013929,0.898039817618055,2.6176405779949494,1.4275042455820037,Si2,Si2,combo_004,gp,0.5135593153484237,0.4864406846515763,0.9728813693031526,0.06379655014061864,0.33973784080977204,274.16264679114215,10.651503432327095,0.3054945496907359,0.0,0.47564033881957757,0.9375,0.8100004840563377,0.38863229824904677,0.44803157364886526
14.245996477090607,1.2549489431782728,1.704171104619466,1.0659825947776065,Si2,Si2,combo_004,gp,0.4812983457455715,0.5187016542544285,0.962596691491143,0.05236887694040954,0.278122275390747,275.64968116813907,10.2538058092185,0.3176991375884613,0.0,0.5961041750178817,0.9375,0.8099979050606221,0.40609815014518874,0.43360259979961546
15.24907045773626,1.4146713808359368,1.2139002099877976,1.418794083468487,A2,Si1,combo_012,gp,0.5595527616208642,0.4404472383791358,0.8808944767582716,0.10436485515516013,0.5584734493426363,284.5623816064321,12.463846785564499,0.39084864750424203,0.0,0.6474948377390024,0.9375,0.8099900728842898,0.4798007917565893,0.6001903244847917
10.98109189444073,0.8365816025648893,2.8196340931024473,1.4805199145417345,Si2,PU,combo_003,gp,0.5099741814352434,0.4900258185647566,0.9800516371295132,0.07918081072780032,0.4226864776867416,300.943668383131,9.989648948203861,0.525295340490468,0.0,0.34356711811651736,0.9375,0.8098697533049275,0.5240869483075421,0.43905757844180704
13.683697355978781,0.7564365345459818,2.498972509614504,1.204029964983376,Si3,PU,combo_005,gp,0.5223325979895392,0.47766740201046076,0.9553348040209215,0.10713279091399985,0.5733975659004433,294.3417247746162,8.380591503175175,0.471110983818993,0.0,0.2814531017593101,0.9375,0.8098503637518267,0.46730804496162925,0.43825477472246255
9.598506057138898,1.1654739595267418,1.50576435032377,0.532640007324022,A1,PU,combo_007,gp,0.5556825606808502,0.4443174393191498,0.8886348786382996,0.09738729588569872,0.5208519447633176,316.5802608304311,11.921659573318207,0.6536300783392206,0.0,0.654462029255363,0.9375,0.8098407032343446,0.6601858658546218,0.5731626133761746
8.088341297815738,0.9107896722361281,2.8165375124553096,1.669787151469216,A2,Si3,combo_014,gp,0.4873064470844497,0.5126935529155503,0.9746128941688994,0.04057644250807845,0.21453999556132694,318.0864564374352,9.972212210424932,0.6659919288527056,0.0,0.612380740102419,0.9375,0.8096854657277526,0.6493189643071215,0.4060489998117773
13.69819506128973,1.2407715978714855,2.060481107761078,0.9342250282975401,A2,Si1,combo_012,gp,0.5558361772625346,0.44416382273746535,0.8883276454749307,0.14305063032377907,0.7670588602943705,283.1163161604426,9.639844470419158,0.3789803053095685,0.0,0.3649832582866953,0.9375,0.8096803935332929,0.42106047443996575,0.553183861977128
15.271705558777914,0.8704058098022369,1.5598367950213317,1.751272710119282,Si1,PU,combo_001,gp,0.46589115936723147,0.5341088406327685,0.9317823187344629,0.07430284609278676,0.39638553752029815,286.65374273869764,10.433929911896426,0.4080131469667008,0.0,0.5982000690700077,0.9375,0.8096700690814761,0.4709423432313348,0.4802609155593577
8.673259582873957,1.2936373184597778,1.295580157272922,0.5458585353129319,A1,Si2,combo_009,gp,0.5166242746076293,0.4833757253923707,0.9667514507847415,0.06525978546336716,0.3476272921593775,297.24256063315977,12.269410863628677,0.49491911277695744,0.0,0.49178848989804763,0.9375,0.8095954895028288,0.5355522723814606,0.4976929813077392
14.66581641655246,0.9866703904658786,1.7658408497238054,0.7821206017964708,Si3,Si3,combo_006,gp,0.5316497930154753,0.4683502069845247,0.9367004139690494,0.0934529291451556,0.49963868226995767,284.3608020750853,11.097603416219389,0.38919421694987066,0.0,0.4530505206511407,0.9375,0.8095777400350984,0.4484670064275728,0.5128721256335788
11.911132284640917,0.6253674552769273,2.8245382155988197,1.9870323899617461,Si3,Si3,combo_006,gp,0.5041597410048961,0.49584025899510387,0.9916805179902077,0.06101835339537077,0.32475839921175625,290.2288912640145,8.183884323436637,0.4373555852449408,0.0,0.40198293475887725,0.9375,0.8095477422676938,0.45418719922765666,0.3639028662190326
8.838137595744818,1.0712329439024206,1.6422747604202075,1.4436620007879988,Si1,PU,combo_001,gp,0.5431277238093912,0.4568722761906088,0.9137445523812175,0.08867332878826363,0.4738681012157599,319.28199173965726,10.841590396932098,0.6758040864641993,0.0,0.5900316711084074,0.9375,0.8095185119155103,0.6607811583177112,0.5173615434785357
12.926917050473548,0.9871061701259317,2.10769560034041,2.217031919480428,Si2,PU,combo_003,gp,0.48527327865336645,0.5147267213466336,0.9705465573067329,0.04881135266046182,0.25894086670320443,282.17878756394447,9.573899101156762,0.37128569492288743,0.0,0.5774567935574634,0.9375,0.8094733227815633,0.4364036282714109,0.4054006910234926
14.161129908478136,0.5998241401408303,2.8285904349266877,0.5777062811332145,Si1,PU,combo_001,gp,0.5656436478873559,0.4343563521126441,0.8687127042252882,0.11586843405431338,0.6204982820269245,288.4861526221652,11.947500612240669,0.42305234702380007,0.0,0.6269516167133652,0.9375,0.8094263824490392,0.4962333828918463,0.6046226652799025
10.719767245724356,0.6309629712038227,2.8909374642407144,1.4312564210703598,Si3,PU,combo_005,gp,0.5282129049620323,0.4717870950379677,0.9435741900759353,0.07093656917221014,0.37823529361810576,316.03280266713887,9.485248238276597,0.6491369063066275,0.0,0.5613654540939995,0.9375,0.8092672825348822,0.6285940280121188,0.4423029395387158
8.256856893534888,1.6473852080377505,1.162768745783774,0.6797114371906655,A2,Si2,combo_013,gp,0.48044685156249756,0.5195531484375024,0.9608937031249951,0.028658378348727597,0.15028034716105737,308.3918585740492,13.754003565993031,0.5864251255648485,0.0,0.7483805805191831,0.9375,0.8092235794497266,0.6369265255790577,0.5079232872953567
13.537936534685805,0.5830487300913778,2.8039662279263187,1.6860610321422707,Si3,PU,combo_005,gp,0.5166618483082104,0.4833381516917896,0.9666763033835792,0.06755325160417672,0.3599931701959304,296.18976694974714,8.801370000525738,0.4862784833159708,0.0,0.4745179244251682,0.9375,0.8092036614068281,0.5005368104376581,0.40409057709121693
15.478895276955143,0.6113988805259973,2.9281646406754676,1.8504692671492677,Si3,Si3,combo_006,gp,0.4490347860576378,0.5509652139423622,0.8980695721152756,0.08859100101150126,0.4734242074828859,281.78487200875736,11.148506538602394,0.3680526983681801,0.0,0.6589881457571356,0.9375,0.8089172651150567,0.4546615279963351,0.5359870804527144
12.652563410487446,1.2241380823276442,1.620447759850009,1.5664514144343633,Si2,PU,combo_003,gp,0.4981188552800324,0.5018811447199676,0.9962377105600648,0.06427694292631957,0.3423280157820176,286.35829873997096,9.752116597921306,0.40558833937173644,0.0,0.35474809616878816,0.9375,0.8088722724120617,0.4395444311960148,0.406079264015246
15.621065218145645,0.6908906273978994,2.881501085937523,2.4275567775413798,A2,PU,combo_011,gp,0.475390126595471,0.524609873404529,0.950780253190942,0.10430090540077844,0.5581286459687909,286.2069322614803,9.011463081376387,0.40434602411656434,0.0,0.3125759693463625,0.9375,0.8088182336355904,0.4286400840004846,0.45492236713591766
8.140346245662965,1.4767583937401052,1.2253343454116483,1.8090601012179233,Si2,PU,combo_003,gp,0.5312562924806059,0.4687437075193941,0.9374874150387882,0.07254093641000717,0.3868856980149356,304.5767957198695,14.04082039376696,0.5551136302427201,0.0,0.5757305888250962,0.9375,0.808774766725519,0.5999963021258508,0.5727225398860217
11.82623732431351,0.9731040517487236,2.218189421988886,2.3040445712618833,Si2,PU,combo_003,gp,0.47860419689650513,0.5213958031034949,0.9572083937930103,0.06871217047891133,0.3662418124602408,286.9960794813339,9.597421891221373,0.4108228189761419,0.0,0.5074264631336908,0.9375,0.8087033902254228,0.4572613434339067,0.4330981372614717
15.581981982674261,0.9884615655576942,1.931927161912935,2.3003491672754572,A2,PU,combo_011,gp,0.546390260248856,0.45360973975114405,0.9072194795022881,0.09337387637679241,0.4992124466806736,284.2248392188652,9.732933930312623,0.3880783243684799,0.0,0.5842067318650425,0.9375,0.8086950656187553,0.45008261268521177,0.49488025966069266
14.031314219575776,1.1361303311223097,2.406614411380636,0.8508877760626766,A2,PU,combo_011,gp,0.41855244026706373,0.5814475597329363,0.8371048805341275,0.15000850113580047,0.8045742089295927,288.09584194393216,9.255470961525235,0.4198489368985169,0.0,0.5521576992960281,0.9375,0.8086948919174882,0.4653668725698427,0.583823591859235
10.52703419905625,0.9711401610469121,2.354700472529789,0.8217487345268916,Si1,Si1,combo_002,gp,0.47664307420411234,0.5233569257958877,0.9532861484082247,0.06846546398872348,0.3649116239241187,288.67874528771193,10.151363685717639,0.4246330193683555,0.0,0.5269042012334553,0.9375,0.808653537548777,0.4732272313288525,0.45078264032526355
13.369763708632469,0.823772198490789,1.9576056941640703,1.3266840585796285,A1,PU,combo_007,gp,0.5600237650284328,0.43997623497156724,0.8799524699431345,0.16499580243292694,0.8853825263665,295.658916596709,8.65732126332183,0.48192161713021614,0.0,0.25680561162475984,0.9375,0.8086530640532968,0.4745843321433413,0.551359962435988
12.250028434049185,1.5594017011030101,1.21136621372492,0.9058714922419695,A2,Si1,combo_012,gp,0.5465248892878236,0.4534751107121764,0.9069502214243528,0.08828226536518516,0.47175957102719634,292.0326833445735,11.50771907452772,0.4521599094333713,0.0,0.6172758280224762,0.9375,0.8086332354744351,0.5121868034642734,0.5390227182682208
9.34201632256289,0.7314738241363418,2.822642761009589,1.2437634226276977,A1,Si3,combo_010,gp,0.514834367901674,0.48516563209832597,0.9703312641966519,0.08301593567137279,0.4433646496742377,303.97487960186,10.71234083828314,0.5501735035832811,0.0,0.35459181655935557,0.9375,0.8085935062594614,0.5482805653247022,0.46781615893153095
15.345761557710293,0.6001771434109056,2.845440034687111,0.9803257005673678,A1,Si1,combo_008,gp,0.5784824350780866,0.4215175649219134,0.8430351298438268,0.14065550868611726,0.754144877599348,280.2375326883325,11.852262579256319,0.3553531676539882,0.0,0.5821165407602551,0.9375,0.8084787428439116,0.4436123960768169,0.6420555245243087
12.868879051936485,0.6723638129665847,2.2434874279724375,2.3832964155626484,A1,Si3,combo_010,gp,0.46609816093919676,0.5339018390608032,0.9321963218783935,0.11641698630011763,0.6234559582043012,284.9879826064288,8.012606322745553,0.39434169708949046,0.0,0.3197730657624852,0.9375,0.8084775211330062,0.41451117581769736,0.45140692971169755
14.89983216328913,0.839585893855999,2.4338257935029857,1.011804726772248,Si3,PU,combo_005,gp,0.4472930672221196,0.5527069327778804,0.8945861344442392,0.13049310180968857,0.6993513571040397,287.9688584042486,9.255646241312558,0.4188067405676141,0.0,0.40543680993014936,0.9375,0.8084058968260223,0.44996662294873185,0.5249922789302912
15.570834546335728,0.9257455253216054,1.1324146141216902,1.6591287772473817,A1,Si2,combo_009,gp,0.5457520578422077,0.4542479421577923,0.9084958843155846,0.10457189235058686,0.5595897495408914,286.0224835710187,11.040779580512167,0.4028321920961474,0.0,0.5048635053803046,0.9375,0.8083948605348953,0.46274856078872956,0.5400648033882434
15.226583661492626,1.1546450366833119,1.9081024655063716,1.9619233144508352,A2,Si1,combo_012,gp,0.5387248833671663,0.4612751166328337,0.9225502332656674,0.1287057848483387,0.6897145269963525,281.8550327557059,10.01186289006024,0.3686285310566166,0.0,0.2861544362992574,0.9375,0.8083905084706802,0.4088533944517117,0.5245161766811521
10.201672335972328,0.8287774903606384,2.565817723207789,1.0549119158050178,A1,Si2,combo_009,gp,0.47662282062901085,0.5233771793709892,0.9532456412580217,0.0696667954244747,0.37138894563017744,296.0499216325467,9.639069815108076,0.4851307260803213,0.0,0.5171582738221109,0.9375,0.8083584283053686,0.5105771859497729,0.43750434813355765
10.4082439820104,1.0698071123791806,1.3214863649694673,1.583235419234645,A1,Si3,combo_010,gp,0.542370219232069,0.45762978076793104,0.9152595615358621,0.08957002789412129,0.47870291066910886,293.21251448205174,10.456217478215999,0.4618431777186049,0.0,0.5671711056886228,0.9375,0.8082304416895035,0.5056955276375155,0.5050303589171858
8.111109256149515,0.8384865097635699,2.171917258854327,2.2677414054952725,A1,Si2,combo_009,gp,0.4834466044790915,0.5165533955209085,0.966893208958183,0.09919756976101951,0.5306125536324214,307.84834420472157,11.282982370639884,0.5819643215668052,0.0,0.2646815238689586,0.9375,0.8081714866682743,0.5660252516907285,0.5005538820764328
10.78351516752935,0.8095288474205203,2.2303196549423534,1.5283682390740416,A1,Si3,combo_010,gp,0.5468167908709773,0.45318320912902266,0.9063664182580453,0.11968374432934728,0.6410696175671224,294.20652889823987,9.007814746353821,0.47000138609740105,0.0,0.4163696794362235,0.9375,0.8080668456267238,0.4849495522984437,0.4994204673671685
14.006339664955032,0.7449541050979257,2.911584114732795,1.9964531774771965,A2,Si3,combo_014,gp,0.5304118377850884,0.4695881622149116,0.9391763244298232,0.1056396021366034,0.5653466119411594,284.94500677657953,9.258810394025746,0.39398898009720945,0.0,0.3523031514667892,0.9375,0.8080618066389342,0.4273056778275744,0.4702075550443952
9.096164685126226,1.0133659156380848,2.0382819735200055,1.0553325322550409,A1,PU,combo_007,gp,0.48032160483116115,0.5196783951688388,0.9606432096623223,0.09318188397435165,0.4981772647827236,322.5529921280177,9.982059056670215,0.702650279377278,0.0,0.33092408321838124,0.9375,0.8080333700768338,0.6469114867149816,0.4633742450583813
9.147622564284706,1.3095183265954446,1.9499808488429575,0.5575793278611677,A2,Si3,combo_014,gp,0.5141319913115154,0.48586800868848457,0.9717360173769691,0.0524980932125251,0.27881898184430515,304.042892629287,11.461726772359896,0.550731709220127,0.0,0.5369283612726938,0.9375,0.8079953936782108,0.5727910669488088,0.4581770181224874
8.238723560600985,1.2165766846220718,1.2079392051518696,1.6497071362578326,A1,PU,combo_007,gp,0.535131288754016,0.46486871124598395,0.9297374224919679,0.06070801244905148,0.3230851073223987,315.73779710150995,13.067902082219831,0.6467156970785615,0.0,0.6806406423044714,0.9375,0.8079694643749007,0.6669669006647301,0.5393823535860254
15.029542421005868,1.313574018864027,1.5386653153566403,1.4972761937677117,A2,Si1,combo_012,gp,0.5643704394178144,0.4356295605821856,0.8712591211643712,0.12383407277765336,0.6634472993171016,283.7049180369831,11.059963675008058,0.3838111575414531,0.0,0.5527578157449227,0.9375,0.8079241434978437,0.4543739504226376,0.5841264821146727
8.562880774025103,0.8686530231124017,2.91736353252678,0.5403213790308659,A1,Si3,combo_010,gp,0.48003800359087023,0.5199619964091298,0.9600760071817405,0.04432842328437342,0.23476987201321015,299.1827043350163,14.273785031814251,0.510842520271642,0.0,0.6425761241108708,0.9375,0.807920410899253,0.5775209153993415,0.5359132596146219
13.568326871418307,1.1663156128378287,1.1354462445464988,1.1964211192789036,Si3,PU,combo_005,gp,0.5385949561826919,0.46140504381730807,0.9228100876346161,0.07517525755390428,0.40108939319704345,298.09102309570966,11.655814981933448,0.5018827276484731,0.0,0.6208062353217421,0.9375,0.8079194561256752,0.5485090464048965,0.5188890202329957
10.526199247951102,1.531122353473707,1.4770801795872799,1.2856947041941906,A2,Si1,combo_012,gp,0.47459650695606115,0.5254034930439389,0.9491930139121223,0.07915614680871574,0.4225534951194927,296.47219954909383,10.322115167326345,0.48859650200957416,0.0,0.47193849336570165,0.9375,0.8078562754497636,0.5138462776121975,0.4674065663379168
15.362210323191501,0.896163836193839,2.1467153936314474,0.8562594055200186,A1,Si3,combo_010,gp,0.4114144876367334,0.5885855123632666,0.8228289752734668,0.15006855337763478,0.804897997750858,278.2315199376212,11.074162953626383,0.3388891508708276,0.0,0.6117838865177192,0.9375,0.8078516354813506,0.42894268203807673,0.6428784894089974
12.531248173939908,0.8979261182270434,2.514233164573519,2.463938474039952,A2,Si2,combo_013,gp,0.4439166269928734,0.5560833730071266,0.8878332539857468,0.11060574776845737,0.5921230051490354,289.9895886980633,8.467565027714556,0.4353915491436362,0.0,0.5583376728672722,0.9375,0.8077985401844517,0.4706760373122212,0.48873235241957336
10.428518726120222,0.7941726979934346,2.8139818121071767,0.6992376158839835,A1,PU,combo_007,gp,0.4799558157681574,0.5200441842318426,0.9599116315363148,0.08270675745256877,0.44169762696251824,312.57944982772506,11.675826133025161,0.6207940859102347,0.0,0.3988437213868999,0.9375,0.8077858892853148,0.6097079247531235,0.5003576513153587
9.578096663642237,1.1672895227314908,1.1688004631930071,1.8197066477094699,A1,PU,combo_007,gp,0.5361717279473766,0.46382827205262345,0.9276565441052469,0.06411078418990447,0.3414321234761946,307.3759733556931,12.298613662584694,0.5780874162063965,0.0,0.6672724463144849,0.9375,0.8077789491691478,0.6115478558106405,0.5226500795853414
12.342824756862582,0.6960725031423456,2.100627664449517,2.321822415333056,A1,PU,combo_007,gp,0.49515150819220466,0.5048484918077953,0.9903030163844093,0.05139881495262537,0.27289190899667376,295.2635540768334,8.573212532002263,0.4786767448529304,0.0,0.4544954938468052,0.9375,0.8076435065636923,0.4914212719736933,0.3643294963977218
11.924659584546509,0.658820648509276,2.3831443559091765,2.169461215544769,A1,Si2,combo_009,gp,0.4588243290957621,0.5411756709042379,0.9176486581915242,0.10984187815235182,0.588004383844578,287.66796448768287,8.006788136793805,0.41633720367631954,0.0,0.4225780537224596,0.9375,0.8076115610502572,0.4401428298839456,0.45425967918793725
8.729192353293401,1.6837324514716974,1.1238024932092334,0.501423810316147,A2,Si1,combo_012,gp,0.5435137037182614,0.45648629628173865,0.9129725925634773,0.05270172829069924,0.27991693855526684,306.95807076670246,15.0911417019692,0.5746575500520422,0.0,0.8066658037849561,0.9375,0.807587373341141,0.6450203882275063,0.5987981289061208
15.065531769480508,0.9930394249055874,1.7284198801751067,0.6538690899323957,Si3,Si3,combo_006,gp,0.5396151369208013,0.4603848630791987,0.9207697261583974,0.09343955104190041,0.49956655040357845,283.67578566084507,11.898845808886689,0.38357205839838954,0.0,0.5118183842712715,0.9375,0.8075810636193702,0.45670169512049125,0.5436890056326632
10.298984902369504,1.1123903718900565,2.359913715520637,1.033762746946721,A2,Si3,combo_014,gp,0.495372981679294,0.504627018320706,0.990745963358588,0.05802725274747794,0.3086310253871568,296.0952137505717,8.781951761806265,0.4855024536234507,0.0,0.4094800467523271,0.9375,0.8075284579673551,0.49333727999801746,0.37582431815064643
11.015937573815084,0.429010128735802,2.8770469666183516,2.383863072566286,A1,Si2,combo_009,gp,0.500103164762259,0.499896835237741,0.999793670475482,0.10114793223289467,0.541128490198969,295.4563256112753,7.1827982702915945,0.4802588852342625,0.0,0.09332074177402484,0.9375,0.8074761520389452,0.4454901908696172,0.36581222243455125
9.95542650209735,1.1624283656826946,1.4171999496356662,2.0110435212365774,Si3,Si3,combo_006,gp,0.5126797149047491,0.48732028509525094,0.9746405701905019,0.057760741757173745,0.30719405522969057,293.1981955577015,11.354940960436148,0.4617256575230153,0.0,0.4844843692992496,0.9375,0.8072932546334565,0.5044036750810885,0.4573060473229643
9.939461731018396,0.8873987615669231,2.8858822148835532,1.5424811525377626,A2,Si1,combo_012,gp,0.4815825411561292,0.5184174588438708,0.9631650823122584,0.059221851094309795,0.3150720437203841,305.71382801869726,9.332782373767001,0.5644456341615676,0.0,0.5275671170944788,0.9375,0.8071400879633973,0.5647327502227655,0.41093461396707714
13.802465522922635,0.9813965492937287,2.1868114193846058,2.117736811191641,A2,Si3,combo_014,gp,0.5261587447337135,0.4738412552662865,0.947682510532573,0.10275916310337606,0.5498159018326411,284.3854992045606,8.031931160432698,0.38939691454191366,0.0,0.3235149885484355,0.9375,0.8071228900817027,0.41157580857576787,0.4267254573192363
12.493884271145362,0.9821676966524111,1.7528764876475074,0.9836326435150211,Si1,PU,combo_001,gp,0.5228496341177831,0.47715036588221693,0.9543007317644339,0.11281838259094214,0.6040530580359807,298.34233919541566,10.318468707573505,0.5039453628346008,0.0,0.22864542740128546,0.9375,0.807100436098899,0.5002325322250966,0.4943372086754021
13.661310897693742,0.9823471783740672,2.2145725304512656,0.522659169025556,A1,Si2,combo_009,gp,0.4703806651383644,0.5296193348616356,0.9407613302767288,0.09008566768197915,0.48148312992501363,277.65979655576274,10.042286463197916,0.33419682608330786,0.0,0.4355021532338133,0.9375,0.8070332355407168,0.3999249367053021,0.4748737193914453
10.147053363664291,1.044177171736802,2.847486715744167,0.6752585442204969,A2,Si2,combo_013,gp,0.4773354125574798,0.5226645874425202,0.9546708251149596,0.033970516210668836,0.17892225634177591,296.9867927449578,11.54820331325279,0.49281994027545806,0.0,0.7262416825290465,0.9375,0.8069945439171208,0.5518633967335902,0.4539874881065056
13.726863150777543,1.352102035817504,1.5214904690071354,1.866231727429562,A2,Si1,combo_012,gp,0.526907561558339,0.47309243844166105,0.9461848768833221,0.09664846837428911,0.5168683451218963,283.89907030708764,10.15419363765265,0.3854046300816235,0.0,0.36794737348073714,0.9375,0.806954793632655,0.42989390410440065,0.48020176676194115
10.2161407877506,1.0907808622569082,1.4838035645414136,1.2248185023525364,A1,PU,combo_007,gp,0.5418788016362015,0.4581211983637985,0.916242396727597,0.10575066149296247,0.5659454201952328,312.6547126368608,9.751687527827468,0.6214117929274603,0.0,0.4490828521606103,0.9375,0.8068453527326829,0.6000509541237289,0.49848377339698297
9.324707223045344,0.8825840082927773,1.896637733220433,2.187308316271947,A1,PU,combo_007,gp,0.5312542035529546,0.4687457964470454,0.9374915928940908,0.08693012360341203,0.4644691123556267,313.7995157644252,10.660607974031263,0.6308075746337094,0.0,0.46930194288332217,0.9375,0.8068451123429516,0.6157890883626453,0.4909870521644757
14.852198396729353,0.47692898513523424,2.974879272815975,1.4274218987958431,A1,Si1,combo_008,gp,0.5734290676900855,0.4265709323099145,0.853141864619829,0.13440565424367526,0.7204470015303488,282.85225200544204,10.81853529195696,0.37681304257496306,0.0,0.5617742297020343,0.9375,0.8068439239653599,0.44848059555161957,0.5987917347172241
14.020133934821875,0.4553478311538955,2.5953772481272983,2.4442060645460746,Si1,PU,combo_001,gp,0.471372234628312,0.528627765371688,0.942744469256624,0.07593421864512755,0.40518154878702883,291.03618121878714,9.241699944166559,0.4439812835908463,0.0,0.5142515291230144,0.9375,0.80680851148893,0.4783607328370058,0.4379716563828041
10.788876997907284,0.8890010123249676,2.416017268738588,0.5246234333229369,A1,PU,combo_007,gp,0.5525271513751164,0.44747284862488357,0.8949456972497671,0.10921324200582681,0.5846149124331741,309.51441199617034,11.777321046054801,0.595638296505683,0.0,0.525991680219312,0.9375,0.8067801159565497,0.6056108668073985,0.5722410906947202
8.800681760469033,1.1776675754353128,1.5419053576148922,1.5108497467835016,A1,Si1,combo_008,gp,0.5487829525022931,0.45121704749770686,0.9024340949954137,0.09062314182128918,0.48438107532575236,296.79579338650905,11.076551528449182,0.4912523447345231,0.0,0.6082345511000011,0.9375,0.8066866030863841,0.5352607454256296,0.5302308305341351
10.03157625009002,1.0521006845423373,1.6707501654111652,1.779560865654847,A1,Si1,combo_008,gp,0.5590769811040559,0.4409230188959441,0.8818460377918882,0.10895149461906688,0.5832036266053758,291.5019744130383,9.975121546787621,0.447804203941135,0.0,0.5871054686663829,0.9375,0.8065661337319436,0.4940828813073817,0.5313699604986601
11.70908133200413,0.9693221104798454,2.1816630086671474,0.6823560645329665,Si1,Si1,combo_002,gp,0.544339850916046,0.455660149083954,0.911320298167908,0.08471612265850968,0.4525316936293091,285.7945418989538,10.83298231948987,0.4009613986462416,0.0,0.6028912903517827,0.9375,0.8065152209741538,0.4696096260349252,0.5115860991388479
8.519514904190471,1.004550528886565,2.4412786136010896,2.0261315172258945,A2,Si3,combo_014,gp,0.490690565095111,0.509309434904889,0.981381130190222,0.049846863672203756,0.264524120211446,311.32534982480865,8.906484189240553,0.6105012682357428,0.0,0.49681775137557066,0.9375,0.8064759037952842,0.5905483691798132,0.37691107675066826
13.607675896227441,1.2447431286387767,1.6447043551204787,0.9744400286510465,A2,PU,combo_011,gp,0.5748194147068943,0.42518058529310565,0.8503611705862113,0.13367775740831597,0.7165223377522001,297.4944383427178,9.76050082991424,0.4969863572827547,0.0,0.5762158457053668,0.9375,0.8064420174890601,0.5257356732125074,0.5704979299732233
9.004096222282929,0.9500071316556842,2.2395358320169603,0.8214177301074892,A1,Si3,combo_010,gp,0.5444053420198287,0.4555946579801713,0.9111893159603426,0.07778203212946949,0.4151445631847931,299.8883393790354,11.370094016560206,0.516633902805675,0.0,0.6462416601935184,0.9375,0.8063563891487963,0.5591341965867969,0.5197688912558592
9.161696335195552,0.9758581665312034,2.970126427849558,0.8974682286472213,A2,Si1,combo_012,gp,0.4992164388544047,0.5007835611455953,0.9984328777088094,0.047823150519421556,0.25361269248945695,305.3601067015487,12.190344509479457,0.5615425251459193,0.0,0.4291225690703141,0.9375,0.8063538436666252,0.5753010368564644,0.45321437094737027
9.004946861098723,0.9715435786338936,2.528758698163121,1.517016175984782,Si2,Si2,combo_004,gp,0.5429165958717164,0.45708340412828363,0.9141668082565673,0.073345560445645,0.3912240584175288,296.92513309052845,10.384098741373565,0.4923138788932414,0.0,0.6603431834853796,0.9375,0.8063378655696728,0.5357757646754969,0.48640595682485693
8.839251848217105,1.3092906217100102,1.4668671579549093,1.124439718785411,Si1,Si1,combo_002,gp,0.5025638330165005,0.49743616698349946,0.9948723339669989,0.058705598843851285,0.312288522197362,296.3872330558587,12.194376950064656,0.48789915361528635,0.0,0.3764354024167905,0.9375,0.8063190808481094,0.5185136332007627,0.4659586921309365
8.014135595393695,1.0101297062577257,2.347640863097318,1.6069095932705795,A2,PU,combo_011,gp,0.5580325756722146,0.44196742432778535,0.8839348486555707,0.10526214071693835,0.5633114208406558,339.28084885953433,9.73174273746365,0.8399413877594852,0.0,0.5984160597644373,0.9375,0.8062672456961286,0.7677983335429388,0.5194135527308892
14.902536255778536,0.6043929936001233,2.3793776569668874,2.448969418624039,A1,Si2,combo_009,gp,0.4342366880218549,0.5657633119781451,0.8684733760437098,0.126254395621035,0.676497161513792,279.14763254321906,9.387646668766658,0.34640799306586334,0.0,0.5374032703424103,0.9375,0.8062663999417334,0.41352095214785944,0.5404171019674882
10.64623898180444,1.3108218675273158,1.6171146634743045,1.9658468066707246,Si2,Si2,combo_004,gp,0.4563637241426335,0.5436362758573665,0.912727448285267,0.08649274612958581,0.4621108667286119,283.15388010849307,10.479829217249467,0.3792886051800084,0.0,0.582944758003855,0.9375,0.8062461683845171,0.4496701521153915,0.502238301467093
11.261675967141127,0.6224076183011598,2.8625179077440626,1.1488181145089804,Si1,PU,combo_001,gp,0.47598891348422256,0.5240110865157774,0.9519778269684451,0.09189331786710213,0.4912295924187188,306.45162150455906,9.631732302211116,0.5705009517708041,0.0,0.3655139898850842,0.9375,0.8062455296193809,0.5551142825412023,0.456500216425273
15.601342524308276,1.3418202911197343,1.5661608582902191,0.962308708031001,A2,Si2,combo_013,gp,0.50268844333063,0.49731155666937,0.99462311333874,0.07777324955868345,0.4150972094448555,282.189649902625,11.316939054058947,0.37137484576516244,0.0,0.2560452937953345,0.9375,0.8062423588121838,0.4180157107206489,0.45976157994425565
14.738558983100685,1.3642635877441291,1.7298930944840682,0.5341057213873363,A2,Si2,combo_013,gp,0.5110371118298005,0.4889628881701995,0.977925776340399,0.0659478140909991,0.3513369951035641,280.7726267887589,11.085245847008535,0.35974486369224423,0.0,0.4089451078183657,0.9375,0.8062381374349136,0.4233448544891924,0.4540110013887491
13.795639949497044,0.7340759667299739,2.6990124815303336,1.0784926377502488,A1,Si3,combo_010,gp,0.4559220046665615,0.5440779953334385,0.911844009333123,0.13142885017159556,0.7043967117793704,281.5791852710266,10.7205385906959,0.3663645585989427,0.0,0.30160892697675024,0.9375,0.8061930805096493,0.41438040468587667,0.5514553115605884
11.645983126872864,1.4482219122833224,1.6583396408570068,1.1803374214314473,A2,Si1,combo_012,gp,0.47555567508634766,0.5244443249136523,0.9511113501726953,0.10467917421516094,0.5601681903686199,291.2430342155751,9.969725979613207,0.4456789952377721,0.0,0.2878896835545566,0.9375,0.8061736665612526,0.46263127685148236,0.4782768605657524
15.749810079429782,0.7977594916115222,1.371803364125639,2.150854258489876,A1,PU,combo_007,gp,0.5358910736942875,0.46410892630571254,0.9282178526114251,0.0693819411352756,0.3698530723352782,286.14669746141794,11.830598403800153,0.4038516569901315,0.0,0.6184556484143857,0.9375,0.8061519283269237,0.48102508662582844,0.5124086891990476
9.547880616710025,0.9332371845139713,2.5124965321051906,0.8415234290380218,A1,Si3,combo_010,gp,0.45349857388623604,0.546501426113764,0.9069971477724721,0.07977631279457095,0.42589729723936925,295.57830051117674,10.96802141496046,0.48125997398526343,0.0,0.6515175574996664,0.9375,0.8061476360917336,0.5317419293224624,0.5132703588985692
10.507444845255355,0.9419393833262881,2.6901563745708046,1.043173989146544,Si2,PU,combo_003,gp,0.5393358085268005,0.4606641914731995,0.921328382946399,0.08001409458395671,0.42717936570095977,301.15077461092244,10.561122122264997,0.5269951304888347,0.0,0.5830235120250981,0.9375,0.8061340404914513,0.5537111159306516,0.4922589116499517
8.892390939649177,0.7997611625671377,2.9239622244668704,2.156596063678063,A2,Si3,combo_014,gp,0.47749125050472685,0.5225087494952732,0.9549825010094537,0.05599567188062988,0.2976771766366495,317.0513434526628,9.49455547896568,0.6574964107919572,0.0,0.5782647413963681,0.9375,0.8061261691241594,0.636208714242306,0.41689835695132954
9.605602495034853,1.2884375436754065,1.358168515473774,0.5858490289236574,A1,Si1,combo_008,gp,0.5581878495107446,0.4418121504892554,0.8836243009785107,0.09649996995089041,0.5160676734399849,295.53846605377805,12.785718993563226,0.4809330392861059,0.0,0.6531022251027868,0.9375,0.8059683937988169,0.5459487720697985,0.5950379966767726
13.441339777512411,1.344747288723956,1.261561839802033,2.10285761852119,Si2,Si2,combo_004,gp,0.44250479391170927,0.5574952060882907,0.8850095878234185,0.0949053069753648,0.5074695923461016,279.82200345083595,11.766473287779132,0.3519427803881986,0.0,0.6567417615660156,0.9375,0.8059669682065161,0.44801380919858824,0.564554525251905
11.242399743390719,1.0354908551696551,1.7944298284672828,1.6410320416651454,Si3,PU,combo_005,gp,0.47720492654616464,0.5227950734538354,0.9544098530923293,0.06707496664629116,0.3574143601796452,305.3821020256124,8.451023254460544,0.5617230481183718,0.0,0.5092371945127022,0.9375,0.8059450089172522,0.5540681102667335,0.39876450520389173
9.16633977562924,1.2688250822721958,1.2980589519657888,2.1068609242365586,Si3,PU,combo_005,gp,0.4846347263333435,0.5153652736666565,0.969269452666687,0.06554567458765247,0.34916874506333934,306.2037044138354,12.640023258312821,0.5684662133868834,0.0,0.4492601895673429,0.9375,0.8059025602660158,0.5856934132434546,0.5020417464129266
14.33369380949539,0.6565758736914714,2.8868055804245536,1.0252868903390808,A1,PU,combo_007,gp,0.44341824155897314,0.5565817584410269,0.8868364831179463,0.1446818118819499,0.775853841761459,291.2291229528738,10.897175943847229,0.4455648208575206,0.0,0.3317679972803373,0.9375,0.8058774533726398,0.4742239055001516,0.5858451033100485
15.01139377602782,1.3207573825651102,1.2292353916861751,0.752112232343564,Si2,PU,combo_003,gp,0.5288025737718414,0.47119742622815863,0.9423948524563173,0.07813448191568419,0.41704489691668833,283.40467661063485,13.983409407241519,0.3813469758553474,0.0,0.49399145708544023,0.9375,0.8057968325274055,0.46973479235020643,0.5694391048838743
15.41281028088757,1.2282861681287165,2.0941406809120213,0.6873383167073239,A2,Si3,combo_014,gp,0.445068517885872,0.554931482114128,0.890137035771744,0.111733083515288,0.5982013579546421,277.41916205081316,10.40048932837965,0.33222185831368994,0.0,0.5244587678457043,0.9375,0.8057614828777112,0.41025164969543726,0.5389159427804739
14.280287950254289,0.959010789052085,2.5158565246574778,0.7732506482199492,Si2,PU,combo_003,gp,0.5482490530111761,0.4517509469888239,0.9035018939776478,0.10490727622605198,0.5613980675385419,280.83777905491087,11.295082551672687,0.3602795901056266,0.0,0.5049252972603812,0.9375,0.8057025624481802,0.4349653587087158,0.5476980239081335
15.914949594171683,0.7050822379813326,1.9638524737681786,2.0647285591988416,A1,PU,combo_007,gp,0.44497131223566555,0.5550286877643344,0.8899426244713311,0.09998532761208324,0.5348599751815151,284.00359897076925,9.697197766527482,0.38626253174379643,0.0,0.5993713077824985,0.9375,0.8056959495799377,0.4500473232906862,0.5086491585021311
15.258917287182346,0.9989459695674756,1.9355955132488862,0.829347796196637,Si3,Si3,combo_006,gp,0.45783491841284274,0.5421650815871573,0.9156698368256855,0.0980052311351454,0.5241837192304337,281.37647675158064,11.08778622054323,0.3647008620620866,0.0,0.49129314063409407,0.9375,0.8056222362266949,0.4350688101677846,0.5269293971389669
14.309983979065795,1.051744879063942,2.088904305344892,1.967589331168424,A2,Si2,combo_013,gp,0.5515352480253881,0.4484647519746119,0.8969295039492238,0.1180032333925666,0.63200866265981,285.0799852164492,8.117261020895564,0.39509679324475344,0.0,0.4515919926580742,0.9375,0.8055835833126641,0.42904365331906474,0.47705027656639953
14.250106569832898,1.0697311130699436,2.476369320678533,1.086612883109453,A2,PU,combo_011,gp,0.4133960494114888,0.5866039505885112,0.8267920988229776,0.15478110552531757,0.830307069226651,287.1719423755989,8.700819641173485,0.4122661844989623,0.0,0.545340171611802,0.9375,0.805549481064174,0.4550206462918256,0.5765595499058994
13.864748401488303,0.5813738615030878,2.755131945325349,1.4104127375858064,Si1,Si1,combo_002,gp,0.5009384126199248,0.4990615873800752,0.9981231747601504,0.06956506075673015,0.3708404140992196,283.65147416158806,7.9517994599814585,0.38337252580237324,0.0,0.28600792049106627,0.9375,0.8055066109597834,0.4029786297162731,0.35625507662765477
12.522735798677974,1.5290943314707077,1.142551997303256,0.7068571622092386,Si2,Si2,combo_004,gp,0.4694869162873232,0.5305130837126768,0.9389738325746464,0.04967519714873021,0.2635985310978943,279.2034179881643,12.497092301156375,0.3468658428484775,0.0,0.687658525877845,0.9375,0.8054369220960239,0.45329032649340534,0.503922608456843
14.828312730502088,0.6136760982335625,2.6905331515248823,2.355392293159388,Si3,Si3,combo_006,gp,0.47264181124464955,0.5273581887553505,0.9452836224892991,0.09161771404628148,0.48974359566732434,283.2805610614128,10.326654482188397,0.38032831808025686,0.0,0.3921096914683989,0.9375,0.8054305303934525,0.4301113230318044,0.47907357150456975
15.908862670143174,0.4974313243829705,2.5070889895636634,2.2836581379271967,A1,PU,combo_007,gp,0.4685346237035475,0.5314653762964525,0.937069247407095,0.0940732135907976,0.5029831230996236,283.4222043534587,9.369787356572159,0.38149083189610317,0.0,0.41462287674012693,0.9375,0.8053993374565311,0.4256606227764975,0.46077915930913144
11.46991145036414,1.3681356704399947,1.45534699978244,1.0134577685679513,Si2,Si2,combo_004,gp,0.5201134954548223,0.4798865045451777,0.9597730090903553,0.05657826941592284,0.30081841772045553,282.68896911195407,10.311225754132249,0.37547292532105436,0.0,0.5461063468439071,0.9375,0.8053475122894279,0.4419910276353995,0.4356251065206932
8.925747468157056,1.3877893880690253,1.4585109192029326,2.0581737977875054,A2,Si3,combo_014,gp,0.4867250327024486,0.5132749672975514,0.9734500654048972,0.048610973874772805,0.25786046722363404,298.7293254246158,10.547982928227533,0.5071214880960898,0.0,0.5325848510553745,0.9375,0.8053176775090192,0.5346524974581942,0.42507028858545676
10.093136070369553,1.15758050073977,2.486358650148321,0.5165620301141479,Si2,Si2,combo_004,gp,0.5079511927846898,0.4920488072153102,0.9840976144306204,0.03772761634235452,0.19917973526106025,282.3344929753125,10.8605603881593,0.37256362124966846,0.0,0.5517375532899429,0.9375,0.8052928289198459,0.44483242198261985,0.4159980015608643
12.529749233571724,1.0993061051762483,1.590582760923444,1.1900047240628135,Si3,Si3,combo_006,gp,0.46647678495493494,0.5335232150450651,0.9329535699098699,0.07127461700734253,0.38005797511550615,289.18610419804054,9.533079518041271,0.4287970834361309,0.0,0.5775958844338321,0.9375,0.8052907956290121,0.476354889103609,0.4466903718477715
11.366321757671376,0.9972074007468555,2.1862251439474,2.177222389901725,Si2,Si2,combo_004,gp,0.5161498505052506,0.48385014949474936,0.9677002989894987,0.08752237446213879,0.4676624020910809,283.9776469753693,9.485549802894793,0.38604953504790307,0.0,0.3122973871390652,0.9375,0.8052802050726446,0.4195284300954912,0.436250507770922
11.073636663660782,0.9433818801161525,2.8862847015920177,1.189210485283139,A2,Si1,combo_012,gp,0.4787691993956926,0.5212308006043074,0.9575383987913852,0.0739464862010028,0.3944641213369469,294.7990639669097,9.429415541218397,0.47486451935103197,0.0,0.44575846658119567,0.9375,0.8052704199705186,0.4946041166442526,0.42910708499654787
13.3831853555367,1.2780152186820004,1.42173356807013,2.296647721017275,Si2,Si2,combo_004,gp,0.442888491770276,0.557111508229724,0.885776983540552,0.10104425081738568,0.5405694622211726,279.5839450768598,11.21505546667226,0.34998895578607386,0.0,0.608633884704996,0.9375,0.8052547948396913,0.43750419520264294,0.5537642763697805
12.896893632706343,1.377693911655219,1.2671906658326373,0.9799821025336917,Si2,Si2,combo_004,gp,0.527583247502541,0.47241675249745896,0.9448335049949179,0.054312732637990115,0.2886031288244302,280.16002136127713,11.512513896590399,0.35471700629904546,0.0,0.6288888379322859,0.9375,0.805180981632007,0.44517573351991385,0.47679172938913034
9.922767334085414,1.1155917331492435,2.601551561376999,1.0468666577086143,A2,Si1,combo_012,gp,0.4666766915779448,0.5333233084220552,0.9333533831558896,0.07575000631880759,0.40418831539257455,299.3666872509793,10.148862699721546,0.5123525295251502,0.0,0.5463760443388594,0.9375,0.8051677059398449,0.5365584285831424,0.46738150422400965
8.679777284763418,1.5062077368483184,1.231456951956166,0.7771742982674916,Si2,PU,combo_003,gp,0.5375961998819747,0.4624038001180253,0.9248076002360506,0.06069651534895116,0.32302311742200956,312.24514459246956,13.583472886812867,0.6180503311649105,0.0,0.6815884386369443,0.9375,0.8051477656799618,0.6510455103974262,0.5536763784072752
14.600720303934622,0.8050787454325418,2.181262398331601,1.4255864595405785,Si3,Si3,combo_006,gp,0.5360177872750853,0.4639822127249147,0.9279644254498294,0.08501978133345153,0.4541689561431332,284.379772685764,9.588580580752524,0.3893499150891224,0.0,0.5124450070197077,0.9375,0.8051321649591311,0.44266272042224036,0.4643823627556465
9.329650754911935,1.1500664123048847,1.5076745542161452,1.3293957162573113,A1,Si2,combo_009,gp,0.48017143276043583,0.5198285672395642,0.9603428655208717,0.08697608859225536,0.4647169457270789,295.26816860745475,9.293283540035128,0.4787146178472919,0.0,0.3487859214997348,0.9375,0.8051130018351966,0.48653267294519054,0.43540728828683234
13.88174947102278,1.3182486262227895,1.1894625610584324,2.2094466077730814,A2,PU,combo_011,gp,0.5145720217893128,0.48542797821068717,0.9708559564213743,0.03473600957448044,0.18304963254596246,288.7243339516332,11.391069718410538,0.4250071807627211,0.0,0.6310545880136607,0.9375,0.8051074489243538,0.49364153902729735,0.4368342475152287
13.81431139909862,1.0608411839379905,2.4212149702351224,0.9554226365368295,Si2,PU,combo_003,gp,0.44654489565088795,0.553455104349112,0.8930897913017759,0.10262772964721414,0.5491072407977556,279.99840921460606,10.088783785627168,0.3533906014224006,0.0,0.5630397641951675,0.9375,0.8050733318791038,0.42647955694629214,0.5189510572673222
11.304097043642575,1.122733011080734,1.2799209215757288,1.210155254240732,A1,Si2,combo_009,gp,0.523408599915868,0.47659140008413203,0.9531828001682641,0.10499415797535482,0.5618665153156266,288.35869372032903,8.390651634841918,0.42200624923690916,0.0,0.2667321917298434,0.9375,0.804963347843016,0.43154165774525544,0.4322873334924674
9.479658594347033,1.59425830272451,1.274914029302727,0.5572335211985003,Si2,Si2,combo_004,gp,0.47148572634704067,0.5285142736529593,0.9429714526940813,0.04719994895580972,0.2502525231847151,288.07219413659834,13.11480523406597,0.4196548514438303,0.0,0.6807553445552281,0.9375,0.8049334492614773,0.5084041829679677,0.5151975685541075
15.003174674193636,0.7401800817072212,2.3517963032815334,0.8608704091239558,A1,Si3,combo_010,gp,0.568338157248462,0.43166184275153796,0.8633236855030759,0.1430022189409797,0.7667978364908683,280.6894957710255,11.600920888076839,0.3590625796585669,0.0,0.4440346460398411,0.9375,0.8048429357180401,0.43042661445931296,0.618862144007942
11.568248908780838,0.6631431703297717,2.735846795913292,2.0432352146569928,Si3,Si3,combo_006,gp,0.49560492558401137,0.5043950744159886,0.9912098511680227,0.05963448664767302,0.31729688621343005,290.9306182166986,7.904410473441437,0.44311489276783156,0.0,0.3760415118252716,0.9375,0.8048409371347102,0.4534294256811223,0.3497171104123873
12.24179244170335,0.5808913524875722,2.842386706395729,1.8128093573308044,Si3,PU,combo_005,gp,0.5025655793198593,0.49743442068014065,0.9948688413602813,0.06436575670160014,0.3428068806292212,304.11667490112114,8.760633011893752,0.5513372649731233,0.0,0.3288195424317,0.9375,0.8048237343637923,0.5311881479276432,0.37510071829648706
11.760305842455136,1.4554682987954999,1.4558885001270219,1.7382279230732158,A2,Si1,combo_012,gp,0.5061683067235272,0.4938316932764728,0.9876633865529456,0.0705316556275373,0.37605208654141214,288.6220978508501,10.10240381386338,0.4241680949301206,0.0,0.3229429209403286,0.9375,0.8047740004001063,0.4521210975219622,0.4227416548495008
12.814580785452343,0.9449344636805654,1.5591736732773414,1.3058834119221099,A1,PU,combo_007,gp,0.5696489331318162,0.4303510668681838,0.8607021337363676,0.14328274836464672,0.7683103910374579,297.8780609238771,8.892224518878947,0.5001348759610966,0.0,0.4533117365227585,0.9375,0.8046928246354091,0.5088292895435935,0.5463183568564491
8.049920677502515,0.7787157992977215,2.3397841103955774,2.337230051236741,A1,Si1,combo_008,gp,0.5371338932206697,0.46286610677933027,0.9257322135586605,0.08983078750291798,0.4801088706097692,305.7226157866464,11.092145917564052,0.5645177583088091,0.0,0.48857618980320516,0.9375,0.804651711858777,0.5747031859966099,0.5112155098843301
14.770402405724482,1.348687087262175,1.1676069183148912,0.7278027133522794,Si2,PU,combo_003,gp,0.5289798509294243,0.47102014907057566,0.9420402981411513,0.07469147746016187,0.3984809545855979,284.2885140554422,14.155790358288886,0.3886009250237832,0.0,0.5082165550571839,0.9375,0.8046149813516156,0.477589044565997,0.5698144127662431
12.556147695300107,1.016880440816862,1.5040268082209944,1.5808907641598262,A1,Si1,combo_008,gp,0.5743923316550479,0.4256076683449521,0.8512153366899042,0.1372288439546344,0.7356690355593529,285.39803845183764,9.39633954380699,0.39770716239794907,0.0,0.535355369433637,0.9375,0.8046125402671847,0.4492938593725445,0.5610590484879767
8.297395470670216,1.2979851595618843,1.7646210608335817,0.8148382234065887,A1,Si1,combo_008,gp,0.44115241086367973,0.5588475891363203,0.8823048217273595,0.08503462945863985,0.45424901405281104,298.19299820387363,12.051227420623805,0.5027196714274599,0.0,0.7208063296934871,0.9375,0.80454277807162,0.5622007106017426,0.5633651810886087
12.986810031287582,1.1770475736141017,1.6974656620795316,0.6087552936440886,Si3,PU,combo_005,gp,0.4401395346294521,0.5598604653705479,0.8802790692589042,0.10703302429037005,0.5728596456416819,299.3694704191953,10.407615927677156,0.5123753719164572,0.0,0.5905177160322578,0.9375,0.8045172518494131,0.5430209803989055,0.5401511029689864
9.474245986337673,1.1109004226512464,2.034745569998321,1.9960862292398336,Si2,PU,combo_003,gp,0.5320657824622259,0.4679342175377741,0.9358684350755482,0.0983568776226165,0.5260797217476172,302.27489518453365,10.157791375063487,0.5362211635654781,0.0,0.38591441500299334,0.9375,0.8044890150449754,0.5372904403705262,0.4862197101724879
8.07944696447654,1.0937695846580973,1.8486551091819945,1.2883625226877005,A1,Si2,combo_009,gp,0.4698042058757821,0.5301957941242179,0.9396084117515642,0.06725969767071785,0.3584103902831555,303.2438923782746,10.674823144152565,0.5441740472422791,0.0,0.5655254933682342,0.9375,0.8044643139391038,0.5648796282656325,0.4686908211115876
15.582490339026556,0.6936410981648498,2.0181651868806814,2.0880372976798576,Si1,Si1,combo_002,gp,0.544697549729193,0.45530245027080696,0.9106049005416139,0.09050466003697023,0.483742246930438,282.3173112305255,10.811013399364805,0.37242260493038676,0.0,0.5524200354692648,0.9375,0.8043360573841571,0.44441278855597405,0.5143351571982618
10.266295986457301,0.6033941245677203,2.4859377885576133,2.1552034415423456,Si1,PU,combo_001,gp,0.526646842020071,0.47335315797992905,0.9467063159598581,0.10609831324477005,0.5678198839536247,318.20695409257104,7.910764293095294,0.6669808933624202,0.0,0.2846714872349791,0.9375,0.804290105211619,0.601048530150478,0.4238693287255164
9.296240997282279,1.3196716589638353,1.4295229075944014,0.5050636189138767,Si3,PU,combo_005,gp,0.4918809606936385,0.5081190393063615,0.983761921387277,0.06097205614845094,0.3245087743759448,323.22899882905494,10.810042718274156,0.7081984922026748,0.0,0.3976988905439394,0.9375,0.8042525179261737,0.6639761708728539,0.4353685850812283
9.475588510688508,1.3457999755872154,1.7525690931703983,0.9675683909360677,A2,Si3,combo_014,gp,0.4784997330213727,0.5215002669786273,0.9569994660427454,0.05375379204988049,0.28558944093113386,303.39122889795397,9.631808964774507,0.5453832872792197,0.0,0.568097852827707,0.9375,0.8042168246706362,0.5577909058427167,0.4149158503757757
13.437788377403031,1.258832326813975,2.2264079956207494,0.9485329088112758,A2,Si1,combo_012,gp,0.44919900188537554,0.5508009981146245,0.8983980037707511,0.12739837999588818,0.6826652801545858,281.34939750331625,9.15274740507426,0.3644786136253595,0.0,0.3743596534621613,0.9375,0.8042087100832103,0.408020992477021,0.5116617876491156
13.19102778581044,0.9585695318311271,2.9372492459473323,0.5808863813490011,A2,Si3,combo_014,gp,0.5289484811602776,0.4710515188397224,0.9421030376794448,0.06387147636865749,0.3401418269777738,280.58845967737955,11.857699032481875,0.35823334268542084,0.0,0.5728860023939668,0.9375,0.8041467967711664,0.44474816575684595,0.495919329533107
12.86434087404496,1.1359860449246983,2.328871587674663,1.0168815888394964,A2,Si2,combo_013,gp,0.5022469194848185,0.4977530805151815,0.995506161030363,0.043882285591706476,0.2323643931631578,284.4586765449363,9.080041255758442,0.3899975054203443,0.0,0.4501976795402237,0.9375,0.8041122789289181,0.4328969439058238,0.3634334170896004
11.770082506888917,0.880911848455996,2.450409563674559,0.8230617943596508,A1,PU,combo_007,gp,0.44808037558861713,0.5519196244113829,0.8961607511772343,0.12562334095351285,0.6730946499553603,303.2883059129633,10.14427843102739,0.5445385639584641,0.0,0.3947709331209642,0.9375,0.8040443884166812,0.5438921341118566,0.538631928553444
12.277657838162837,0.8379631898562557,2.6604976984523363,0.7508100863989506,A1,Si2,combo_009,gp,0.4699572720961882,0.5300427279038118,0.9399145441923764,0.06826991034494326,0.3638572405758927,283.02396679584666,10.20990540733537,0.37822236322366587,0.0,0.5542420338729769,0.9375,0.8040248491996523,0.44393337525836035,0.4561236509332469
11.485895072731516,0.7743579075781118,2.8552264578983033,2.0398512879578212,A2,Si2,combo_013,gp,0.4847770848908226,0.5152229151091774,0.9695541697816452,0.09106380285822338,0.486757025221514,299.87246230989234,7.233235636177378,0.5165035943952493,0.0,0.271230323291139,0.9375,0.8040114010229261,0.4890486091830197,0.3748552200415103
13.263520417209293,0.9849639135619724,1.2566460043203282,1.6289868556540554,A1,Si3,combo_010,gp,0.46382825044176457,0.5361717495582354,0.9276565008835291,0.14061881347831195,0.7539470249011232,287.2657015994238,7.522450830922552,0.41303569777054105,0.0,0.15224857361839245,0.9375,0.8039906148972134,0.40699456715798016,0.4584752695068196
12.745221130646701,1.224671543508475,1.857785756912842,1.219120877582944,A2,Si3,combo_014,gp,0.46456355747139355,0.5354364425286064,0.9291271149427871,0.08613163097652927,0.4601638111953342,286.4837540191363,8.307776699247523,0.40661799275802823,0.0,0.4909565018680867,0.9375,0.8039834090584395,0.4425413623592393,0.4280467195449181
10.940802733978256,1.0843110884126208,1.804931286341663,0.5447280372445814,A1,Si2,combo_009,gp,0.527486187300056,0.47251381269994397,0.9450276253998879,0.0902226076412945,0.4822214808450871,287.99396591740845,9.640248510255518,0.4190128063156513,0.0,0.39009047495227667,0.9375,0.8038924447961117,0.4515971203693828,0.4572679691248195
15.18050250823454,0.5773848252111993,2.743040520216745,1.8355349859245116,A1,Si1,combo_008,gp,0.42763841371851186,0.5723615862814881,0.8552768274370237,0.15306601994414784,0.8210596952447055,279.48314101862024,9.35874815570907,0.34916162320502325,0.0,0.40994618754951256,0.9375,0.8038480555242977,0.40247579961350793,0.5711009776207152
12.812562288738931,0.8912106303606773,2.503390962856815,0.5772964325369979,Si3,Si3,combo_006,gp,0.5214216541053105,0.4785783458946895,0.957156691789379,0.05815316482814123,0.3093099163483555,283.2260692297748,11.382223680328432,0.37988108541420557,0.0,0.536375532624793,0.9375,0.8038238494765949,0.4525158849317329,0.46658030219322716
12.36653529064305,1.3537131967413958,1.4064914466216534,1.6902836275900022,A2,PU,combo_011,gp,0.4695629059356463,0.5304370940643537,0.9391258118712926,0.059491267900106254,0.3165246814123889,298.4162105320048,9.20520568498341,0.5045516495717948,0.0,0.6111085199929023,0.9375,0.8037061465743724,0.5301590414493771,0.4204670381176786
13.65771025297092,0.861436814744641,2.3013024372483564,1.2781995505685781,Si3,Si3,combo_006,gp,0.47398821388391355,0.5260117861160865,0.9479764277678271,0.07530043507932922,0.4017643235937817,283.3448381038614,9.107349979946054,0.38085586124032395,0.0,0.46881858530717985,0.9375,0.8036162426875897,0.4285743818032828,0.4262672724690838
15.954199037360937,0.7569693354158005,1.7842842358175246,2.1248726513906693,Si1,Si1,combo_002,gp,0.5513526671121838,0.4486473328878162,0.8972946657756324,0.08972703419853331,0.4795494550225579,282.67702606202675,11.967096740738794,0.3753749047205494,0.0,0.6138106922882816,0.9375,0.8036148576566408,0.46169899997211983,0.5538581541373122
10.246947090952798,0.744023903749009,2.409645996931139,1.6762293896920175,Si1,PU,combo_001,gp,0.4661683574292539,0.5338316425707461,0.9323367148585078,0.09939592918085484,0.5316820651239751,315.1089655878421,8.55834331240652,0.6415546667754704,0.0,0.3888248894218984,0.9375,0.8035990785107003,0.5987519655720361,0.4446466908112358
13.2152315268026,0.7437700540425937,2.810206005862753,0.7118841081683112,A1,Si2,combo_009,gp,0.5296831170518459,0.4703168829481541,0.9406337658963082,0.06325930343267482,0.3368411216702308,280.9707009526812,11.258980279233297,0.3613705245251435,0.0,0.579149532487725,0.9375,0.8035760743510229,0.44286786855058924,0.4792442409274965
12.78649560296703,1.3028708751917648,1.9086706305852417,0.8888513668374003,A2,PU,combo_011,gp,0.4142894304445406,0.5857105695554594,0.8285788608890812,0.13831814318413518,0.7415423036131656,298.3495893244953,9.046394441961025,0.5040048670659697,0.0,0.6258882058326636,0.9375,0.8035677640146427,0.5300068684807648,0.5670742804691264
10.71974843848973,1.070951148448464,2.325391793893268,0.6511915705577058,A1,Si1,combo_008,gp,0.42821704305868025,0.5717829569413198,0.8564340861173605,0.11574637710780444,0.6198401771230907,287.55771193634797,10.688543663203324,0.4154323241560272,0.0,0.6390414892819543,0.9375,0.8035633476917422,0.482219790454372,0.5715958365447261
11.003373840285327,0.7073685776276235,2.8564312736061597,2.2900444092178915,A2,Si2,combo_013,gp,0.5405531028345507,0.4594468971654493,0.9188937943308986,0.09923874142714777,0.5308345424348041,306.84976078703266,7.8056015613349965,0.5737686138663499,0.0,0.45212284824211063,0.9375,0.8035439021429743,0.551719062715988,0.4331511357371602
10.867156503955325,1.3885408310049105,1.5419301801107177,0.5559285242376338,A2,Si3,combo_014,gp,0.5249275030400469,0.47507249695995313,0.9501449939199063,0.059873209848186844,0.3185840305621177,297.57760613988,10.314047757886845,0.4976689431774913,0.0,0.5558916134777722,0.9375,0.8035313066850778,0.5285289324202961,0.44338844068736954
12.169978619874044,1.1788061765696773,2.2388408013516856,0.8444121230603256,A2,Si3,combo_014,gp,0.46327606471456306,0.5367239352854369,0.9265521294291261,0.07929099407834837,0.42328056270517356,285.5990945269072,9.234704364758448,0.399357296771785,0.0,0.5418576309838645,0.9375,0.8034086993665488,0.4498296049915778,0.4482549111296869
15.54903092464219,0.749420035060572,2.029576595043211,2.0640360371590054,Si3,Si3,combo_006,gp,0.5497680123408486,0.4502319876591514,0.9004639753183028,0.09212780966504669,0.4924939219513671,286.2423167505522,10.49886763335641,0.40463643643908687,0.0,0.5817350457417786,0.9375,0.8033526219391719,0.46744220131537545,0.5132142988626742
8.47289052720195,0.5167365828044039,2.856305124479852,1.8514538270762935,Si1,PU,combo_001,gp,0.5504516180814676,0.4495483819185324,0.8990967638370648,0.10786766745451445,0.5773598627533281,336.6691284095682,9.956516887533326,0.8185061255429719,0.0,0.48770234734303375,0.9375,0.8032798531822896,0.7434877827244392,0.5139027144503139
14.5329275464873,0.5682049083957778,2.819283226502484,1.2598105818926997,A1,Si1,combo_008,gp,0.580610947616691,0.41938905238330904,0.8387781047666181,0.14251492874266614,0.7641704721476449,282.7598232326172,10.306193851259717,0.376054448759198,0.0,0.5487938336157586,0.9375,0.8032010069442936,0.4426273192931194,0.5980631165944066
12.921553118952474,0.8918452125291346,2.3943324050843655,2.1784036510038103,A2,PU,combo_011,gp,0.5051523560381259,0.4948476439618741,0.9896952879237482,0.06816330662738931,0.36328245617159804,292.3284932696155,7.530311776833346,0.4545877203078483,0.0,0.3158550755983738,0.9375,0.8031638368791625,0.45250337747079966,0.34649975093395535
8.120076964703848,1.3645266683945187,1.1062742983215614,1.0811098816962832,A1,Si2,combo_009,gp,0.47433038955998796,0.525669610440012,0.9486607791199759,0.06438325708093445,0.3429012389249862,297.77011886928244,12.577335449816324,0.4992489594594067,0.0,0.531030027521737,0.9375,0.803125927924155,0.5449259335991223,0.5103902450407793
8.982345901005736,0.5384101509915709,2.762529767004362,2.4665650119597475,A1,PU,combo_007,gp,0.4520106716194334,0.5479893283805666,0.9040213432388668,0.10860738688077504,0.5813482714085256,329.2631029203182,9.457454217177249,0.7577224002609211,0.0,0.458732219990121,0.9375,0.803114547987145,0.6941222403250873,0.49723341149350886
14.324647381895321,1.0391048688329567,1.6569501621351428,0.9184362224078468,A1,Si2,combo_009,gp,0.4359163464555422,0.5640836535444578,0.8718326929110845,0.11663795406958526,0.6246473690730404,279.97408082487317,9.042097905701826,0.35319093020060627,0.0,0.5578239022351419,0.9375,0.8030913551780319,0.4175969348765832,0.5158332918050919
15.990023073205663,1.0879049738851208,2.0916563735931306,0.869118324228481,A2,Si3,combo_014,gp,0.5638547026292571,0.4361452973707429,0.8722905947414858,0.13611412437603532,0.729658706429729,279.8915619725564,10.92905114142159,0.352513670413006,0.0,0.4317816635822662,0.9375,0.8030451219423823,0.41933983274431574,0.5855551366271922
15.764676495645382,0.9916474799846083,2.206734853182028,0.659500786532796,A1,Si1,combo_008,gp,0.4260370727537861,0.5739629272462139,0.8520741455075722,0.14400400026885032,0.7721992267705483,274.9860959181143,11.226385550661737,0.31225287176109223,0.0,0.4757772566757907,0.9375,0.803006850818751,0.3978922665038705,0.6152176749834045
8.535775996665455,1.473840031498847,1.6007982111330286,1.9808085130643456,A2,Si1,combo_012,gp,0.4733518297241943,0.5266481702758057,0.9467036594483886,0.050959429593496856,0.2705228372823156,298.3419566558335,10.79155680061379,0.5039422232044569,0.0,0.62392164044578,0.9375,0.8029483621209755,0.543473858656384,0.44989872340607906
11.896992012203018,1.2508019843531284,2.1283249971300773,0.9382588640219216,A2,Si1,combo_012,gp,0.539897400840573,0.460102599159427,0.920205198318854,0.1232624838430964,0.6603654142497773,289.50185353201476,9.760991897524779,0.43138854370076785,0.0,0.28882632616815584,0.9375,0.8029335117236246,0.4510821088756165,0.5077480787515675
15.323788409157302,0.4184316406514266,2.7422376959258328,2.21913969685457,Si1,PU,combo_001,gp,0.4427995123060242,0.5572004876939758,0.8855990246120484,0.10334272663937748,0.5529623513852933,287.5627953948843,9.364027947673252,0.4154740457984389,0.0,0.5764696321254458,0.9375,0.8029069004479571,0.465588310374527,0.5023905706644327
8.326868671341613,1.2691139523884751,2.1661130394321244,1.083599670298427,Si2,Si2,combo_004,gp,0.4562172096098607,0.5437827903901393,0.9124344192197213,0.05611636711967432,0.29832793950559217,292.85613767784326,10.648852577154347,0.45891827423355125,0.0,0.7500694875803009,0.9375,0.8028127800280614,0.5234509989813578,0.4746296058734491
13.651209668910663,1.0178709147617258,1.5442999387169978,1.129008490344889,A1,Si1,combo_008,gp,0.5729177097038871,0.4270822902961129,0.8541645805922258,0.15265960402458748,0.8188683876845149,283.43463112563296,10.019552931399787,0.3815928225666833,0.0,0.40821372183682103,0.9375,0.8026366831392462,0.4301947290195468,0.5882403276022556
8.481677512057685,1.351597924456639,1.65283244248184,1.9335225300307433,Si2,PU,combo_003,gp,0.4724890816595533,0.5275109183404467,0.9449781633191066,0.08518862210285058,0.4550793093961572,302.61884474433447,11.817754486298272,0.5390440725041743,0.0,0.41227742667953554,0.9375,0.8026205254859328,0.5549410718814066,0.5109580469024441
9.031526791793935,1.229514028560157,1.581109378205404,0.7040617507628638,A1,Si3,combo_010,gp,0.45104362857436797,0.548956371425632,0.9020872571487359,0.07771142887529231,0.41476388556561944,296.3713099260556,11.878554332770083,0.4877684671696363,0.0,0.6595069314357791,0.9375,0.8025748845964027,0.5442486551862058,0.5356035222469226
11.29700091100607,1.2959104632677105,1.8964039286831706,0.9118266629406604,A2,Si2,combo_013,gp,0.5071991217851348,0.4928008782148652,0.9856017564297304,0.03774212479954982,0.19925796175369656,294.374194312757,9.52687847902514,0.47137747216544185,0.0,0.5231810350381428,0.9375,0.8025585713061072,0.5006709697883805,0.3750776670601647
15.064490089812413,1.2127199290121662,2.3717182468355626,0.9072574687893892,A2,Si1,combo_012,gp,0.4362845077919246,0.5637154922080754,0.8725690155838493,0.13531326550247583,0.7253406469743441,277.20091747004835,8.841904786023836,0.33043065213154005,0.0,0.43167881427826166,0.9375,0.8025499601390202,0.3874778008461598,0.5266506688246542
14.746904150895478,0.6249529516153518,2.6702228611273178,1.7962267725014596,Si3,Si3,combo_006,gp,0.5378158150330705,0.4621841849669295,0.924368369933859,0.08310457633501432,0.44384258114057423,283.7590814342511,10.104614397584449,0.3842556946369112,0.0,0.5202502854694189,0.9375,0.8024387286790832,0.44393051695104857,0.47612520377355466
12.140031356934664,1.0843428084947573,1.4757772093047694,2.4548805582876603,Si3,Si3,combo_006,gp,0.4621231300104114,0.5378768699895886,0.9242462600208228,0.07783901435482268,0.41545179913496944,286.40041897621825,11.11213496572819,0.4059340342215025,0.0,0.5540868132363604,0.9375,0.802421613270271,0.47040264682832844,0.4989616471064357
11.45630494723457,0.9810308625543931,2.906627028899692,0.6749391696391067,Si2,Si2,combo_004,gp,0.5042996897564542,0.49570031024354577,0.9914006204870915,0.028094697282821754,0.14724109962717166,277.1225490221202,11.51169365707574,0.3297874560992608,0.0,0.5554932647997217,0.9375,0.8023261753958597,0.4203790484392938,0.41628313400390515
12.98532419899261,0.8831551235630558,2.343521562594479,1.2153909402208294,A1,Si1,combo_008,gp,0.4173801524243572,0.5826198475756428,0.8347603048487144,0.15587667956106874,0.8362141696913349,282.2950391996872,8.594130036189128,0.3722398109329974,0.0,0.4750301899910853,0.9375,0.8022121060625487,0.41913318581518366,0.5651475349610493
13.9347432622885,0.7393884328595084,2.090679531547219,1.92029855712217,A1,Si3,combo_010,gp,0.44649069456097834,0.5535093054390217,0.8929813891219567,0.14443253061823766,0.7745097705981606,284.50574266175244,7.537224005403148,0.3903837927641832,0.0,0.2758085273174939,0.9375,0.8021972293502687,0.40361026593544114,0.4846123527476527
11.246605180799314,1.3556042594629534,1.6597511621819585,1.0821805766271841,A2,Si2,combo_013,gp,0.501936817059172,0.49806318294082796,0.9961263658816559,0.029079173047216987,0.15254918201645712,295.8047971189137,9.411293178369432,0.483118907309485,0.0,0.5257345361508398,0.9375,0.8021399683612859,0.5082374518304289,0.35593506497385485
9.679641857004473,0.9974380590513583,2.9010380124233635,0.6647745726313409,A2,Si3,combo_014,gp,0.5066241571831398,0.4933758428168602,0.9867516856337204,0.032422092956407765,0.17057348991769608,297.94496708281633,12.226806291960697,0.5006839971584975,0.0,0.5481542519266658,0.9375,0.8021241935603679,0.5448896271217035,0.4430077729735039
14.610220703899218,1.30078839735684,1.1131965878115526,2.324930262763509,A2,PU,combo_011,gp,0.526625350475193,0.473374649524807,0.946749299049614,0.04776941187776904,0.25332294524762916,287.0721370593898,12.503884514312405,0.4114470489273996,0.0,0.6374362132104245,0.9375,0.8021186419059939,0.4935282893859064,0.49297953117312904
14.522969393085823,1.0713452112078208,1.18045401297095,2.0281645513665696,Si1,Si1,combo_002,gp,0.5272489877228281,0.47275101227717187,0.9455020245543437,0.06301944699182441,0.33554786713245466,282.7602869184597,12.514932581356991,0.37605825438380874,0.0,0.5459529298723899,0.9375,0.8020461332384323,0.45969458267179214,0.5083394836328223
10.402023910170225,1.2265896827651237,1.1194462377136385,1.8636055852015374,A1,Si2,combo_009,gp,0.4371052571920728,0.5628947428079272,0.8742105143841457,0.10367919535632764,0.5547765186157946,288.33824943625837,11.467007704482393,0.42183845616782734,0.0,0.6206477648288907,0.9375,0.8020355738666193,0.49097920961130515,0.5674652445781407
11.191641532749607,0.9244311629840087,1.6313854567357664,2.0611263152272707,A1,PU,combo_007,gp,0.529571763317243,0.470428236682757,0.940856473365514,0.07095996207360464,0.37836142313029614,300.582748165495,10.00140411136046,0.5223331476936204,0.0,0.5171563140272883,0.9375,0.8020324951605046,0.5394646646759282,0.4499053498065252
11.086451385651664,1.202648461553765,1.8403876554229024,1.3817033377072416,Si2,Si2,combo_004,gp,0.5327503678297774,0.46724963217022264,0.9344992643404453,0.061650737463516465,0.3281680786135147,283.67892303633334,9.429321823749516,0.3835978078871083,0.0,0.6056277725239142,0.9375,0.8020010650713912,0.44670361310349205,0.429881289548754
15.713863058815125,0.8951008291508059,1.4458593253738785,1.8161000548021116,A1,Si2,combo_009,gp,0.45515013226426504,0.544849867735735,0.9103002645285301,0.12461045676240026,0.6676333954159628,285.0154387206196,9.227471543991797,0.3945670385907736,0.0,0.31906900780995456,0.9375,0.801986215202639,0.42414075126078965,0.5001612716989645
13.38861984770547,0.5085878056389648,2.875491484656571,2.1159450207926707,A1,Si3,combo_010,gp,0.4486110182858738,0.5513889817141262,0.8972220365717476,0.11782626919423446,0.6310545096184929,285.32135224777943,8.787019830337464,0.39707777310308867,0.0,0.4220970888353615,0.9375,0.8018539170294724,0.4327415153338794,0.49070442016541077
11.567636640019458,0.45955841978043044,2.966779849726941,1.8933162392068967,A1,Si2,combo_009,gp,0.5223451863248485,0.4776548136751515,0.955309627350303,0.09471949154152257,0.5064677153393665,294.4591857737658,7.891941721370067,0.4720750254785888,0.0,0.2975785680650861,0.9375,0.8018519030026336,0.46575728753446743,0.4038146807038544
8.86417240347912,0.5639488217846476,2.6798702711212945,2.07098093207754,Si1,PU,combo_001,gp,0.5354678352923941,0.46453216470760594,0.9290643294152119,0.11225203642363707,0.6009994408463711,332.3513661601251,8.547566462061965,0.7830688083497878,0.0,0.3087026860112063,0.9375,0.8018340345954356,0.6897149968229549,0.456593175517351
11.3598751560086,1.1203280095206467,1.8955740767260387,2.20145899580056,Si2,PU,combo_003,gp,0.49161131341110575,0.5083886865888942,0.9832226268222115,0.07509829749712892,0.4006744410602596,287.5491218359606,10.010730265771068,0.4153618223324985,0.0,0.2912033126854525,0.9375,0.80177830148565,0.4420626897083016,0.42407834109843456
10.083038353049954,1.3274838719478146,1.6878562501661794,0.8706328473952517,A2,Si3,combo_014,gp,0.5229461907123181,0.47705380928768193,0.9541076185753639,0.05781345406825868,0.307478268716998,301.47011049115446,9.697057823676001,0.5296160267367479,0.0,0.5359213113199758,0.9375,0.801676990553188,0.5440486709487766,0.4195442146026403
14.256442109998428,0.6831504178317442,1.9384982122128485,2.2013737455819884,A1,Si3,combo_010,gp,0.5397420994014936,0.46025790059850635,0.9205158011970127,0.13294915715191713,0.7125938812785201,285.4825499887628,7.764682453800652,0.3984007768138162,0.0,0.21601454096218095,0.9375,0.8016690878766786,0.40502934411513974,0.4602257514641852
15.263387477053351,0.9363964700420904,1.8583311918623446,0.5817384667853435,A1,Si2,combo_009,gp,0.5571900413107045,0.4428099586892955,0.885619917378591,0.09901105475591503,0.5296069046873295,278.70248273791117,11.27597733735002,0.34275449990485973,0.0,0.5938481154484414,0.9375,0.8016317712630373,0.4314400141709823,0.5493843183824088
13.517788201411555,0.9147637114557212,1.512456314964704,1.5713100003105,A1,Si2,combo_009,gp,0.5400734443321653,0.4599265556678347,0.9198531113356694,0.12196431540300186,0.6533659681644539,286.47078345099965,7.73095292507163,0.4065115389723215,0.0,0.2874779399224112,0.9375,0.8015021838094987,0.4175882866257734,0.4492882335810959
15.726513228189809,0.551148018217744,2.4804026828564862,1.7245053488474995,A1,Si3,combo_010,gp,0.5762469836817274,0.42375301631827256,0.8475060326365451,0.14329982230390467,0.7684024500596995,283.0131907938501,10.492056312489012,0.37813392097539783,0.0,0.48927639349889834,0.9375,0.8014404470988088,0.4395910752796782,0.5957262359102644
9.273820351254509,1.107302190421803,2.3860945320456226,1.0321686178725469,A2,Si3,combo_014,gp,0.5126711323795128,0.4873288676204872,0.9746577352409744,0.04852840358177055,0.2574152658951558,303.1105155389346,9.41169041837778,0.5430793789653201,0.0,0.4964589574345968,0.9375,0.8013634094255642,0.5472853442667747,0.38825777804506245
8.633370182695321,0.8630718860758374,2.5317743943251383,0.7113550053177539,A1,PU,combo_007,gp,0.5419105492761105,0.4580894507238895,0.916178901447779,0.07038886169086657,0.375282172229703,325.60990050292423,12.237851780684762,0.7277393476153533,0.0,0.6305278742375736,0.9375,0.8013423261611745,0.7121524922212008,0.5273155065494685
9.693755933241533,1.2095108893657311,1.8512693641635156,2.0957305856901254,Si2,PU,combo_003,gp,0.48381277420332225,0.5161872257966778,0.9676255484066445,0.09116541014539659,0.4873048699437236,296.56511470516017,10.534982043485824,0.4893590877350855,0.0,0.2584150406629194,0.9375,0.8013120994780342,0.49469971982552996,0.4638929507861148
8.754413963935958,0.9054322700317474,2.6239855714559708,0.8282315764770152,Si3,PU,combo_005,gp,0.47691227136317593,0.5230877286368241,0.9538245427263519,0.05496199316188091,0.29210380245964157,323.3311384509586,10.581767666189483,0.7090367862008814,0.0,0.5523259687575728,0.9375,0.8012939843077161,0.6782326824428172,0.4409453994670606
9.921395091991378,1.3176475136134789,1.5625326962075972,1.890738835759658,A2,Si3,combo_014,gp,0.4942114068204617,0.5057885931795383,0.9884228136409234,0.030856353595662325,0.16213135875757612,296.8814160356315,9.442106753942634,0.4919550784193768,0.0,0.5437727078578647,0.9375,0.8012935481818636,0.5164686161203801,0.362841648287436
11.841165672370575,1.0265777524151112,1.6223650230412705,1.4689336977579006,Si1,PU,combo_001,gp,0.46358348362855395,0.536416516371446,0.9271669672571079,0.08446422024444823,0.45117348978493166,299.4878943133741,9.732382769250796,0.513347316377227,0.0,0.48953426258343563,0.9375,0.8012872374651069,0.528299331030819,0.4638506023916995
9.064307239402934,1.347756297860532,1.7724873488979878,1.5467888822034337,Si2,Si2,combo_004,gp,0.44741572574875477,0.5525842742512452,0.8948314514975095,0.07087090021237917,0.3778812206568322,289.0597334737708,10.600816771864034,0.4277599166860494,0.0,0.72544564436302,0.9375,0.801132466395828,0.49880046384975796,0.497459125950619
10.268375925115961,1.1531439580667455,1.2853977252358115,1.6098085862543061,A1,Si3,combo_010,gp,0.4535292243245408,0.5464707756754592,0.9070584486490816,0.08769970113522618,0.46861850951861517,291.5047818071071,10.608960045146443,0.44782724516210926,0.0,0.5615721027325551,0.9375,0.8011242464723966,0.4965242015183601,0.5048600124520971
8.011277808181328,1.4702705514858974,1.2556894208172165,0.9887242034975003,A1,Si1,combo_008,gp,0.4447130340041383,0.5552869659958617,0.8894260680082766,0.07213795610746379,0.3847129145655904,297.09093907175844,13.341458922846764,0.4936747039711234,0.0,0.7422054912937253,0.9375,0.8010778977897131,0.568143361351815,0.5777071618413118
12.82692490760311,0.8963869794920822,2.514130718292414,2.0797249549927064,Si2,Si2,combo_004,gp,0.46669825690574385,0.5333017430942562,0.9333965138114877,0.07504529640430432,0.4003886705236859,279.0251676651416,8.885774855872238,0.34540288290028753,0.0,0.5181551376513931,0.9375,0.8010252563469407,0.4069505751935305,0.42709495722466384
9.300191771645082,1.435576418107726,1.15247061748399,2.4203295516808834,A2,PU,combo_011,gp,0.5435196702815119,0.45648032971848806,0.9129606594369761,0.06621985217752764,0.35280376617964443,304.00945486024347,13.249393474793317,0.5504572742792081,0.0,0.6692980713456937,0.9375,0.8009989113885234,0.599877284197715,0.5530718766016796
14.694058349888422,1.120806524996599,1.7376891699525228,2.154090722363147,Si2,Si2,combo_004,gp,0.4660109591170425,0.5339890408829575,0.932021918234085,0.09800127291566835,0.5241623773590958,279.6495137189273,10.283434013561111,0.3505270995356918,0.0,0.3785253341641427,0.9375,0.800970628059073,0.4075525561855853,0.4878943180299587
8.90659696753851,0.804731868820273,2.832699153154456,1.9402461232314407,A2,PU,combo_011,gp,0.47552403621524064,0.5244759637847594,0.9510480724304813,0.09926789442662735,0.5309917291617192,336.73086308130405,9.206798424902214,0.8190128026172834,0.0,0.28164355680582664,0.9375,0.8009631659631371,0.717347862547423,0.44615454634907303
11.023484567413291,0.8733104335266326,2.1161034700792047,2.142956137237859,Si3,PU,combo_005,gp,0.48123842116100946,0.5187615788389905,0.9624768423220189,0.06559997057732644,0.3494614974062823,302.8465498233938,8.85185020181197,0.5409129241562459,0.0,0.4417187772340954,0.9375,0.8009433398898907,0.5358975045093339,0.39687237024524596
8.2964653641126,0.8334283819688141,2.5554799587157286,1.3965635554342168,Si1,Si1,combo_002,gp,0.49953894995613723,0.5004610500438628,0.9990778999122745,0.05192735596578462,0.275741688895206,304.1000512013843,9.38164363930822,0.5512008287159915,0.0,0.35694935341162226,0.9375,0.800854896342066,0.5387833942033422,0.3729195697885164
9.199499844894309,1.4365760897207935,1.5299395210680458,0.8726867862731247,A2,Si3,combo_014,gp,0.47899482593469855,0.5210051740653014,0.9579896518693971,0.046028227480974494,0.24393485204372856,305.4409504233876,10.625646067356051,0.5622060365780859,0.0,0.5859406223479582,0.9375,0.8008327500182152,0.579157268976743,0.43033472554800356
12.071202529424063,1.164884058713641,1.1067828251158849,0.9447971219044622,A1,Si2,combo_009,gp,0.5348515905105273,0.46514840948947267,0.9302968189789453,0.10081803648733116,0.5393497630218693,286.2254421633445,9.668428152576253,0.4044979410646689,0.0,0.3674489373134179,0.9375,0.8008100612532136,0.4393938998627851,0.47464132350627986
12.213614109977867,0.8655310097875734,2.2914138523379544,1.269386520322577,Si3,Si3,combo_006,gp,0.5180223289119326,0.48197767108806744,0.9639553421761349,0.0567762366443896,0.3018858146001802,287.3153771058654,8.465261714208358,0.41344340124674145,0.0,0.4896097453475902,0.9375,0.800792793316645,0.4484214494985466,0.3767768262309419
8.07506324064669,1.454322957276243,1.2682760845516117,1.8729957356869051,Si2,PU,combo_003,gp,0.5368745012210496,0.4631254987789504,0.9262509975579007,0.07602277176626826,0.4056590082429577,304.3908821009179,14.000960831078105,0.5535877750648047,0.0,0.5430928132567879,0.9375,0.800743778473635,0.5953513462760427,0.5733017532910556
14.513125699349334,0.87047776307131,2.2846536588770965,0.8710437174799828,A1,PU,combo_007,gp,0.42472529967403716,0.5752747003259628,0.8494505993480743,0.16895507501687096,0.9067300758311881,287.91831448563914,10.202035907206787,0.4183919097426468,0.0,0.31186299404438067,0.9375,0.800726399727441,0.4477523423103908,0.6095559469489228
8.041397858568388,1.0227626540741233,2.5789778727962336,1.5749018623907594,Si2,PU,combo_003,gp,0.4678194091436012,0.5321805908563988,0.9356388182872024,0.08610225856272793,0.4600054414334077,317.1470912992736,11.052469153637924,0.6582822453550687,0.0,0.4351676999523282,0.9375,0.8007210448398184,0.6346858340808842,0.49507728267440365
13.606732625219497,1.3326753580826232,1.3499493704110854,2.1669734422459794,A2,Si2,combo_013,gp,0.4697202858557077,0.5302797141442923,0.9394405717114154,0.10033136004482536,0.5367257079184589,287.5636082796091,8.79557028215084,0.4154807174149317,0.0,0.3269431686781793,0.9375,0.8006925003625287,0.43617534444655104,0.4436513119321709
15.923848248711575,0.5593911458386988,2.970316682080541,1.2470776135546255,Si1,Si1,combo_002,gp,0.43448803679916637,0.5655119632008336,0.8689760735983327,0.10805044152761752,0.5783453413945949,279.06226256271646,10.737370575748283,0.3457073331167805,0.0,0.6065454641382988,0.9375,0.8006583616778302,0.43054620854533465,0.5535405404330076
10.955177851411825,1.1395691828737808,2.3829821766088983,1.0523084505331615,A2,Si1,combo_012,gp,0.5407139471678164,0.4592860528321836,0.9185721056643672,0.1049737365971283,0.5617564076196838,294.25139842152134,9.64979063217464,0.47036964526429653,0.0,0.3933585831251274,0.9375,0.8004983333617047,0.48794866770166695,0.4858577321001717
12.587630963527818,0.8209385631926491,2.674139456503818,1.6204298879706114,Si2,PU,combo_003,gp,0.5293799149031244,0.4706200850968756,0.9412401701937512,0.0694529002435857,0.37023566864369184,290.12207425656726,9.51113471053978,0.4364789023810282,0.0,0.5127512574701929,0.9375,0.8004802868892853,0.4750753326733276,0.43292258605438083
10.769107576749702,1.189455693490219,1.1026747895352567,0.9370219587841686,A1,PU,combo_007,gp,0.562796811476062,0.437203188523938,0.874406377047876,0.10070897107353087,0.5387617056788537,308.44226663283865,11.443136960228381,0.5868388413428873,0.0,0.6260860221524591,0.9375,0.8004432680197529,0.606835810568568,0.562019568257021
10.56771178213793,1.1594168536060288,1.2272983355259082,0.735561424266141,A1,Si3,combo_010,gp,0.5473393613990396,0.4526606386009604,0.9053212772019208,0.09553056491708048,0.5108408492009827,293.5186466671465,11.658508294699223,0.4643557068296382,0.0,0.5142708002079468,0.9375,0.8003930643418035,0.5116077431301403,0.5413957564016323
11.45119790194618,1.4645715997553603,1.5721045328963534,1.3904636060088724,A2,Si1,combo_012,gp,0.47520943332580146,0.5247905666741985,0.9504188666516029,0.09188885402656463,0.4912055243469565,291.4181311517711,9.944012790633138,0.4471160742868402,0.0,0.3266143054824853,0.9375,0.8003546282587641,0.4673077283725439,0.45924173972608295
9.413926009256743,1.0396091262158729,2.5879366123620766,1.1970086327205838,A2,Si2,combo_013,gp,0.4778142622662429,0.5221857377337571,0.9556285245324858,0.04756447232439672,0.2522179550858938,308.16898219730314,9.70319689854809,0.584595904685761,0.0,0.5833803907240375,0.9375,0.8003439151770279,0.5873287132380507,0.40749073598831853
10.439983270514912,0.9788760277660021,2.1747723302356605,2.431457509911872,Si2,PU,combo_003,gp,0.5373638816958675,0.46263611830413254,0.9252722366082651,0.0973992232838513,0.5209162547386095,295.05106772296716,10.363767586883338,0.47693279836255764,0.0,0.40844135782943725,0.9375,0.8002819421159624,0.4996591332913087,0.49345402812394007
11.544807489143002,0.6610234913491626,2.178836687921746,2.435855122458677,Si1,PU,combo_001,gp,0.5288614256552293,0.4711385743447707,0.9422771486895414,0.08404705452396041,0.44892422160137685,301.93066508027187,8.884636111339875,0.5333959521046708,0.0,0.4129829571097481,0.9375,0.8001801137419765,0.5280195612354175,0.4282752678060502
10.548275546933668,1.0908537462383137,1.4292450266087247,2.445228180339714,Si3,Si3,combo_006,gp,0.5433282734310438,0.45667172656895616,0.9133434531379123,0.08194427645828357,0.4375864928093922,289.8025033658517,12.124623099772432,0.4338560773235678,0.0,0.5612128140855148,0.9375,0.8001632123343697,0.4986133345630687,0.5356119911941837
8.773565676938727,1.3465681171570603,1.7551982472322407,1.4877755401576793,Si2,PU,combo_003,gp,0.4542000814820568,0.5457999185179432,0.9084001629641136,0.08136875596226799,0.4344834096050537,306.8477757323603,10.49970413048344,0.573752321859517,0.0,0.5869240406483103,0.9375,0.8000346735870653,0.5863487909243753,0.49371196491160363
12.738495401594228,1.2230094727943583,1.7135996787430727,1.237200015445679,Si2,Si2,combo_004,gp,0.5259548027266874,0.4740451972733126,0.9480903945466252,0.056202656825736205,0.298793195112372,279.1933814321842,9.543284992850587,0.34678346948068967,0.0,0.561056079126724,0.9375,0.7999986641107552,0.4173715384058009,0.41604728665659896
14.025473175123292,1.0002851764597143,2.0478711687862523,2.157769952392729,A2,PU,combo_011,gp,0.5306399816838905,0.4693600183161095,0.938720036632219,0.07391138564120807,0.3942748666391282,286.7910204033193,8.337518291953494,0.40913983061987425,0.0,0.4918460027952296,0.9375,0.7999212671484313,0.4446292063346304,0.4059366399171634
11.519756328505645,0.9412655550961183,2.4698025954394667,1.9507650932592095,A2,Si2,combo_013,gp,0.498158316639687,0.501841683360313,0.996316633279374,0.05962771508834369,0.3172603754163907,295.65216278121045,7.755124391961534,0.48186618631020817,0.0,0.312900264372883,0.9375,0.7998234868212287,0.47306862865154226,0.3361291223415482
10.812904037915333,0.9447008318198353,2.9478930067548994,0.937952490348511,A2,Si1,combo_012,gp,0.514931135087636,0.485068864912364,0.970137729824728,0.06565047727670513,0.3497338187078408,295.561690763018,10.721023155266964,0.48112365223339415,0.0,0.39608940453077907,0.9375,0.7997246711295637,0.5041636240310471,0.4415086917784378
9.863530551146951,0.5093554428319069,2.9340411309616687,1.5089532046408674,Si1,PU,combo_001,gp,0.5469047484976244,0.4530952515023756,0.9061905030047512,0.09956561639844534,0.5325969822442886,324.11473903304545,9.897093429039266,0.7154680579513716,0.0,0.4790386110537668,0.9375,0.7996815695338255,0.6700280161517952,0.4953025361251706
15.741493561942931,1.3512051124716664,1.23757595908631,1.3419167497211157,A2,Si3,combo_014,gp,0.43665627835949294,0.5633437216405071,0.8733125567189859,0.09998827711957398,0.5348758782939479,284.58165378479765,10.13371457933676,0.39100682071024284,0.0,0.629346881017432,0.9375,0.7996253303216113,0.4597945341302474,0.5251513399151665
9.29912269994596,1.5163730576719447,1.2235616451026783,0.5513752928541857,A2,Si3,combo_014,gp,0.5233081662777295,0.47669183372227053,0.9533836674445411,0.037971208077151014,0.20049312970347508,305.6605793575766,12.780681454344752,0.5640086046112515,0.0,0.6485870769679524,0.9375,0.799563353898437,0.6036105852866853,0.4837711472084585
11.593261932394235,1.3299870697785758,1.8636723784382596,0.6094303786013524,A2,Si2,combo_013,gp,0.5272815767141594,0.47271842328584057,0.9454368465716811,0.04363029345347981,0.23100570554530564,292.27219549041047,10.266568535185236,0.45412566562681134,0.0,0.6496039983057247,0.9375,0.799541539325926,0.5070469478071045,0.4254876338188899
11.720829912274002,0.7273156189283574,2.5602042691747267,1.9295001429187817,Si3,Si3,combo_006,gp,0.5037368493275167,0.4962631506724833,0.9925263013449666,0.05213858836124396,0.2768806087131795,289.5697784439234,7.879035225248707,0.43194602614411803,0.0,0.37537612912741,0.9375,0.7994769470709767,0.4453453691477456,0.3347740151881512
14.191363737635806,0.8021137533513403,2.0414509826438048,2.037937075693905,Si3,Si3,combo_006,gp,0.5265247086829277,0.47347529131707233,0.9469505826341447,0.07488497206311315,0.3995242360268413,286.19756788468504,9.188174115174164,0.40426916754789793,0.0,0.44324021155350746,0.9375,0.7994086090444144,0.4430406975557343,0.4238684212514131
13.616432537056024,0.806603823622353,2.442277082701774,1.1282294860258808,A1,Si3,combo_010,gp,0.42797939275996555,0.5720206072400345,0.8559587855199311,0.14372046712431305,0.7706704768045992,281.73631818406176,9.919468066568053,0.3676542009087838,0.0,0.4298073568084671,0.9375,0.7992277368981284,0.4218109339222237,0.5718586720211789
10.004108209660481,1.0342166162116344,1.6964979514161294,0.9728252764922247,A1,Si3,combo_010,gp,0.5574333243334877,0.4425666756665123,0.8851333513330246,0.09985855454500653,0.5341764419660489,295.7498009833648,10.417254143869764,0.482667535652767,0.0,0.5714117402523415,0.9375,0.7991670572202305,0.5203906014663386,0.5240110494205552
10.400924735186733,0.9725824721986437,1.9029110171046615,1.5767928231886785,Si1,PU,combo_001,gp,0.4466484989576429,0.5533515010423571,0.8932969979152858,0.09514680390545484,0.5087716920503689,308.4337535978912,9.306936838272007,0.5867689720211691,0.0,0.5631260146119759,0.9375,0.7991572844301772,0.5837119709453802,0.4833528061522006
10.044886751479662,0.5714036231424637,2.9180887534311406,1.7810446730747502,Si3,PU,combo_005,gp,0.5382204688562524,0.4617795311437476,0.9235590622874952,0.08586306073688596,0.4587157380066432,322.8388561466264,9.540281216777773,0.7049964608750809,0.0,0.4807640103135392,0.9375,0.7991536640770323,0.6600678321354139,0.4598937895696178
9.60917098847904,0.813118138130211,2.1772336278067845,1.63451844738161,Si1,PU,combo_001,gp,0.547386171696715,0.452613828303285,0.90522765660657,0.10393345686137193,0.5561474421732961,318.86443423735693,9.177534070150458,0.6723770525515935,0.0,0.45150766915434826,0.9375,0.7991310498240829,0.6314593898551449,0.47963415667138704
14.368844760778678,0.9868836296524701,1.155111266872883,1.2107618083503304,A1,PU,combo_007,gp,0.5739784357843121,0.42602156421568793,0.8520431284313759,0.12443963734106823,0.6667123736956592,292.16463361021346,10.914938996624773,0.45324286934340585,0.0,0.5695259825074174,0.9375,0.7991183302407132,0.5035138590790895,0.5837976111774661
15.82279317160052,0.336811856413066,2.8883996376714975,2.4423974784582807,A1,Si3,combo_010,gp,0.558353731744532,0.44164626825546804,0.8832925365109361,0.1108647993581277,0.5935197558165239,281.6506289173455,12.202574825642293,0.36695092047108324,0.0,0.5097445149689334,0.9375,0.7991106982550246,0.44724517203091374,0.5846113584960408
9.159205059514516,0.7170104970022348,2.899260035462781,1.3326420283717688,A1,Si3,combo_010,gp,0.4843168579407475,0.5156831420592525,0.968633715881495,0.0773019744863822,0.41255619522971304,305.7980639597204,10.78354372744018,0.5651369866698001,0.0,0.3237696546138562,0.9375,0.7990323711972132,0.5562320552662079,0.4543673134983456
14.425691605147339,0.8844585474039767,2.6434649861067756,1.7107440865019377,A2,PU,combo_011,gp,0.44506521957237055,0.5549347804276294,0.8901304391447411,0.1329387408580464,0.7125377188537491,287.6878247869823,7.680131617353068,0.41650020378729496,0.0,0.3369938366262594,0.9375,0.7990062332890313,0.4291327622201856,0.47602860276533737
11.76795314706061,1.052677896323324,2.321720841784905,2.010318660917908,A2,Si1,combo_012,gp,0.4811770401654272,0.5188229598345728,0.9623540803308543,0.0808948983978465,0.4319284711457199,287.83550414471466,8.252220618654622,0.4177122576106668,0.0,0.32997721444999273,0.9375,0.7989932933110904,0.43377304996960303,0.3924901657584803
8.50222868103392,1.1197012449883443,1.5000151081331057,1.5843010887924367,A1,Si3,combo_010,gp,0.5225118022337796,0.4774881977662204,0.9549763955324408,0.06146379382233117,0.32716011855451405,299.0534181829636,11.69502903862659,0.5097814256318042,0.0,0.48764977151021205,0.9375,0.7989915689925314,0.5410304981094041,0.47411833777703144
9.184724811248758,1.1664104925291925,1.6044353182406574,2.1379064417953524,A1,Si1,combo_008,gp,0.44710344109552125,0.5528965589044788,0.8942068821910425,0.08694975430545854,0.46457495689501604,288.46554634904,10.976288933115342,0.4228832244564326,0.0,0.6095220026953043,0.9375,0.7989846437815739,0.4867435869601222,0.5207354888163626
8.96657657249976,0.9727303192752119,2.7024488071177757,1.3816312134779691,Si2,PU,combo_003,gp,0.4729425282119806,0.5270574717880194,0.9458850564239611,0.08191313362243746,0.4374185773111283,311.99084198381877,10.62505706346551,0.6159631847021856,0.0,0.4002646351784611,0.9375,0.7989793861541798,0.5982150475752149,0.47018643901610047
11.131071144795419,1.2250340799203627,1.5544195155202132,0.6989966728387967,Si3,PU,combo_005,gp,0.47266310209300144,0.5273368979069986,0.9453262041860029,0.08875149830041122,0.4742895744767746,312.9896925863508,9.257825645890849,0.6241610852779056,0.0,0.3593614077256498,0.9375,0.7989623571472082,0.5891242423081948,0.4393692586695546
12.58228612988632,0.6598535532408503,2.2192382501621957,2.4072676538397872,A1,Si1,combo_008,gp,0.5457760488689729,0.4542239511310271,0.9084479022620542,0.11483471900137399,0.6149247119437466,283.0055313074936,8.816399432991284,0.378071057012106,0.0,0.3659154507284639,0.9375,0.7989506786053633,0.41404941436319886,0.47743941962615494
9.015281747762831,1.3265093504517413,1.8923060185863672,1.0321310463932754,A2,Si2,combo_013,gp,0.48134544625008857,0.5186545537499114,0.9626908925001771,0.040943143625163526,0.21651716941580604,308.38230797564376,10.034665806580094,0.5863467406132171,0.0,0.5813224380067563,0.9375,0.7989285172958378,0.5909520483835555,0.40379917653424346
14.210100254358796,0.9936026335814858,2.4286609647712734,2.0429682603726955,A2,Si1,combo_012,gp,0.4585311630354596,0.5414688369645404,0.9170623260709192,0.12870556133163136,0.6897133218421568,280.92604321480474,8.262067224279608,0.3610040035518168,0.0,0.2365992059308471,0.9375,0.7988067310447033,0.3848168121155879,0.46897885516119203
10.976074760712603,1.133093894181879,1.6232168042383752,0.8398846411301356,A1,Si3,combo_010,gp,0.43113362149489376,0.5688663785051062,0.8622672429897875,0.11549655426900055,0.6184931859029351,288.98526361096464,10.018140944788644,0.42714871764424595,0.0,0.576009125790673,0.9375,0.7987954010026745,0.47885230542356416,0.5432395006619648
11.33239945305171,1.193330901436545,1.714740817177462,0.5549788663314635,Si3,PU,combo_005,gp,0.46924686068545896,0.530753139314541,0.9384937213709179,0.09167218551348555,0.490037294147512,310.92142690275386,9.530128777542858,0.6071861378780443,0.0,0.3713904708142219,0.9375,0.7987928933666362,0.5805835090574009,0.4541712026884795
12.913191817410492,0.832531643717859,1.5018499212606378,2.4372079380002667,A1,Si3,combo_010,gp,0.5484129932966795,0.4515870067033205,0.903174013406641,0.11231314088427514,0.6013289030059795,286.61470677840697,9.849507771563845,0.40769276580005837,0.0,0.40512617969919457,0.9375,0.7987727113394957,0.4468203037006783,0.506963666854485
9.050581027078668,1.040892046174257,1.7388476863902493,1.8552968754796946,A1,Si2,combo_009,gp,0.45910083850583305,0.540899161494167,0.9182016770116661,0.09210739574294871,0.4923838544572718,297.39187690209985,10.620790575291776,0.49614460127744514,0.0,0.4629239383613356,0.9375,0.7987416281316023,0.5205744580722569,0.49870589151093647
15.589859087205609,1.04740783469164,2.026769283029973,0.5402280958511948,Si1,Si1,combo_002,gp,0.42780827353618633,0.5721917264638137,0.8556165470723727,0.1079055420983245,0.5775640747177861,275.9456934639189,11.950921378728697,0.3201286093871886,0.0,0.6545893319591061,0.9375,0.7987178465405157,0.42697740671574547,0.5938353902659008
9.913077101808181,1.1865423091187823,1.449677964054047,0.9549460570365684,A1,Si2,combo_009,gp,0.4876155240446245,0.5123844759553755,0.975231048089249,0.09133019047595828,0.4881933301805202,292.07123608944715,8.371839243992481,0.4524763246896609,0.0,0.20149182225130396,0.9375,0.7987129304772225,0.4461989104003754,0.3961984920245661
8.582500694631056,1.2403899016516315,1.1182802462479955,2.497250294124559,A1,Si3,combo_010,gp,0.4781416889880603,0.5218583110119397,0.9562833779761206,0.08276139962247633,0.44199224583510865,288.9595701295472,15.217428603180144,0.4269378426589677,0.0,0.3442056198141148,0.9375,0.7987049132973576,0.4963625037807255,0.5896272107975336
10.016430294010934,0.7914745078380047,2.9981885881964487,0.5407474313352723,Si1,Si1,combo_002,gp,0.4786714865297128,0.5213285134702872,0.9573429730594256,0.031860339622847844,0.16754463630358649,289.59778515173815,13.223871307231901,0.43217588655120664,0.0,0.6621307326382809,0.9375,0.798703682827277,0.5161631133021254,0.48645445068558185
9.281847383008433,1.6166018255410466,1.4268246404103566,0.9788871152449095,A2,Si1,combo_012,gp,0.4627565448412554,0.5372434551587446,0.9255130896825108,0.0684784093077017,0.3649814223104042,303.35960681395204,11.509962270004195,0.5451237542719936,0.0,0.5783715636457835,0.9375,0.7987011260724919,0.5733886877463328,0.49587639422526525
12.440238229220666,1.1648320492062307,1.444969864497075,0.6072262514834603,Si1,PU,combo_001,gp,0.48684192723658626,0.5131580727634137,0.9736838544731725,0.09899106010228248,0.529499097798968,298.1663884731995,12.378275553088221,0.5025012764784453,0.0,0.15986929450549506,0.9375,0.7986813431308335,0.5085229526018047,0.5145530320626648
13.002791628696542,0.8895828801188551,2.704464175441754,1.6946473714580335,A2,Si3,combo_014,gp,0.4734216070862729,0.5265783929137271,0.9468432141725458,0.0789566873677424,0.42147805254965176,284.6575148453884,8.095968261256823,0.3916294377770144,0.0,0.4121124258936649,0.9375,0.7986690046165547,0.4225013023745119,0.3968572689707514
14.980853262769584,0.6687933731803435,2.892463045131173,0.6859704840379977,A1,Si3,combo_010,gp,0.5390416639932596,0.4609583360067404,0.9219166720134808,0.10692768750302474,0.5722916922536215,278.7793858061781,13.573390421402744,0.34338566907672774,0.0,0.3508940356509899,0.9375,0.7986544132315655,0.4256316132211523,0.5910390421946196
13.834967434850606,0.5152174737487298,2.908468545883414,1.332820874565464,Si1,PU,combo_001,gp,0.44906242834890975,0.5509375716510903,0.8981248566978195,0.1202056194700343,0.6438834565095045,293.00696132970006,8.965466412792436,0.4601561343291999,0.0,0.3771072023756044,0.9375,0.7985792265145177,0.4737990004647233,0.49335174182319746
12.156872735631072,1.5171461430915671,1.287262726159202,1.241670638966975,A2,Si1,combo_012,gp,0.5416556912323927,0.45834430876760734,0.9166886175352147,0.08848390456387048,0.4728467663835886,291.2952222950317,10.920851627438513,0.44610732024006805,0.0,0.4913515751423466,0.9375,0.7985353182216403,0.49074797513442037,0.5043810315880912
15.66913611093873,1.1529261320995343,2.4000939664769536,0.5283376008851396,A2,Si2,combo_013,gp,0.5425134129287841,0.4574865870712159,0.9149731741424318,0.08938077480600673,0.4776824985670843,276.27125827577396,11.314439004248428,0.3228006285577986,0.0,0.49301982495977575,0.9375,0.7984526910821809,0.40769157497926517,0.5171438819673461
15.26565784316226,1.0116851109180902,2.6785708281944913,0.8371040237042966,Si2,Si2,combo_004,gp,0.4837795492362815,0.5162204507637185,0.967559098472563,0.04531206434209933,0.24007345384297762,269.7978849719374,11.477033562951451,0.2696714913276199,0.0,0.5269865921739767,0.9375,0.7984307221698037,0.37517496575051873,0.4435456167843934
8.309090941766877,1.01943589538247,2.4896782296278954,1.2927532173428398,Si2,PU,combo_003,gp,0.5454210005098616,0.45457899949013836,0.9091579989802767,0.08658375308097845,0.46260155671150505,316.81705652216453,11.073414281003227,0.6555735396863617,0.0,0.5376415975044135,0.9375,0.7984197965818031,0.6432016448071626,0.5119328099416269
15.616183541679595,0.887169473855345,1.6497372668320258,2.2451510393695573,Si3,PU,combo_005,gp,0.495035554391432,0.504964445608568,0.990071108782864,0.04344297531660167,0.22999572628576803,286.2089441012196,11.253957621183034,0.4043625359573893,0.0,0.43317565236508154,0.9375,0.7983528143452171,0.4583254377288215,0.4198141926822741
8.447102849127313,1.2694505295124312,2.214266081964924,0.781563948129124,Si2,PU,combo_003,gp,0.4570046392012017,0.5429953607987983,0.9140092784024034,0.07154998758779076,0.38154271428478626,310.298510139934,11.158003910254164,0.6020736519110725,0.0,0.6092469856777881,0.9375,0.7982771684660658,0.6135766772253288,0.49662847597064064
15.296755431978195,0.8762870587119632,1.262406515448696,2.3504702525961414,Si1,PU,combo_001,gp,0.5217781990188826,0.47822180098111744,0.9564436019622349,0.04247824125974685,0.2247940869537112,285.76234517367504,13.216176485236499,0.400697149366089,0.0,0.5951182873704373,0.9375,0.7982118878503172,0.48736631323873747,0.4962283533483745
8.620761301626885,0.8657760590717332,2.7821099941086613,0.7171317546193521,Si1,Si1,combo_002,gp,0.4850190440041189,0.5149809559958811,0.9700380880082378,0.038230684508875214,0.20189217102829218,297.3698079149876,12.358887599245046,0.49596347372774485,0.0,0.5568834581007578,0.9375,0.7979903789269918,0.5434956230228857,0.45890973818687586
11.950202385494439,1.3811981128057043,1.2519598339785034,1.877348135935454,A2,Si2,combo_013,gp,0.5352495788229135,0.46475042117708654,0.9295008423541731,0.06280476964216472,0.33439037285954376,292.638791447433,10.302935847586856,0.4571344411128682,0.0,0.5893278033009495,0.9375,0.7978821020505356,0.5034111206959475,0.4536306115499393
10.370857338929936,1.2682542621108526,1.708670084917971,2.3187780228834063,Si2,Si2,combo_004,gp,0.4478390201902016,0.5521609798097984,0.8956780403804032,0.09979304471067929,0.5338232269753974,283.0287892311451,10.86621529630908,0.37826194256116547,0.0,0.5112442253759861,0.9375,0.7977168068080878,0.4448163309731096,0.5272046834972199
14.887790463232292,0.752453172764825,2.7053844903213613,2.0296594987760352,A2,PU,combo_011,gp,0.546460212939337,0.453539787060663,0.907079574121326,0.12199863997210322,0.6535510388867166,288.0914162218139,7.7632930468891015,0.4198126135186149,0.0,0.316456973993466,0.9375,0.7976245166193633,0.43005095991976444,0.4545889254102269
12.736310394853046,0.7228890515699753,2.808207583833293,1.0977674914902071,Si3,PU,combo_005,gp,0.47662448345105446,0.5233755165489455,0.9532489669021089,0.08431143636683164,0.45034971185207257,298.55868031324246,9.631596054800944,0.5057209466605387,0.0,0.3399086516080716,0.9375,0.7976051951645947,0.5072066749716893,0.4383477119092035
15.729622421175597,1.3443558029846692,1.1943279574969663,2.4640965816502423,A2,Si2,combo_013,gp,0.4496425049156585,0.5503574950843415,0.899285009831317,0.11561333797150132,0.6191228586049144,285.66135504794397,11.000517999601504,0.3998682896669768,0.0,0.3925571849588975,0.9375,0.7975253007226302,0.4491269596980421,0.5429486127789946
12.127441452709697,0.9895979425987305,2.939966634579795,0.5536224305328252,A2,Si1,combo_012,gp,0.5441368147751859,0.45586318522481406,0.9117263704496281,0.07700946379410972,0.41097904024989185,286.2714723418382,11.347012338983152,0.40487572611662515,0.0,0.5792443449807122,0.9375,0.7975089504400533,0.4740224447638684,0.5076268227791275
9.37070341549132,1.6510473353573316,1.123383220970994,0.6061982112624313,A2,Si2,combo_013,gp,0.47516880204640444,0.5248311979535956,0.9503376040928089,0.027486862518765916,0.14396378481316782,303.33307503110433,13.043738907040131,0.54490599906683,0.0,0.7129751044803699,0.9375,0.7974810179784436,0.5987437669577134,0.48087579042679807
11.594679473050821,1.0480618395140429,1.5578807917649737,1.4927175168840217,A1,Si2,combo_009,gp,0.4453554793727079,0.5546445206272921,0.8907109587454158,0.12323261358479576,0.660204360216978,287.2054104539947,8.063303683911107,0.4125408681988606,0.0,0.38335509872487866,0.9375,0.7974126995734911,0.43400700479024973,0.4751998960096324
9.71056424838948,1.3209992832180666,1.3725521356122414,2.221908396877083,Si2,Si2,combo_004,gp,0.5564892669089119,0.4435107330910881,0.8870214661821763,0.09418712612786038,0.503597315092733,286.7332912868073,12.78795208406027,0.4086660284753995,0.0,0.5844728389885351,0.9375,0.7973689066133429,0.488516465853318,0.5804403532066337
15.182009255700162,1.1796130893154055,1.6769108345051933,0.7197368939878339,Si2,PU,combo_003,gp,0.54732867849809,0.45267132150191003,0.9053426430038201,0.1000627525477183,0.5352774338455061,281.40476476598747,12.62042825160161,0.3649330312463508,0.0,0.46138164642150314,0.9375,0.7973278975828404,0.44427842110659266,0.5684593198811413
9.862016195729808,0.9440922187711663,2.190696869072352,0.6927302430048173,A1,PU,combo_007,gp,0.5580197529297237,0.4419802470702763,0.8839604941405526,0.10564411902397348,0.5653709660300773,317.6492375806509,10.969826110964108,0.6624035276356853,0.0,0.5247157074009148,0.9375,0.7971946416117569,0.645876406976397,0.5431154783403046
11.028882806359645,0.8738134962934326,2.5085445889938294,1.2081100510257685,A1,Si1,combo_008,gp,0.4258219405847683,0.5741780594152317,0.8516438811695366,0.1331579140284025,0.7137194536285869,290.8254892034491,9.099631168887248,0.44225206383619936,0.0,0.500826026695236,0.9375,0.7971725957438048,0.47469183982843643,0.5400404864317973
12.58389413727214,0.7051367342959733,2.879831498143569,2.1648500153078336,A2,PU,combo_011,gp,0.4846467474673659,0.5153532525326341,0.9692934949347318,0.07577523819716472,0.40432436027453095,301.24061830653807,8.137738380981318,0.5277325077123605,0.0,0.3149667454829503,0.9375,0.7970677935764213,0.5083869695578686,0.37742992655675256
15.145491893662346,0.941901606746935,1.5083347304424226,1.1673148549108125,A1,Si3,combo_010,gp,0.42528949083182965,0.5747105091681703,0.8505789816636593,0.16629310182729343,0.8923772867434582,283.09420408211247,8.664753933313868,0.3787988240958482,0.0,0.2939772404495372,0.9375,0.796964435258712,0.40617392031789573,0.5595882043481099
9.930420507687769,1.0587113565688173,1.2930780901584567,2.1083044415084844,A1,Si2,combo_009,gp,0.5640347252808908,0.4359652747191092,0.8719305494382183,0.10577153643903733,0.5660579734318331,292.5278261231272,12.189942187319938,0.4562237116266916,0.0,0.5780909283679465,0.9375,0.796945216297428,0.5164715432557778,0.5849044129373802
13.186239706269582,1.1219617686503622,2.343168041163714,1.0239320638021274,A2,Si2,combo_013,gp,0.5153575921162563,0.4846424078837437,0.9692848157674874,0.05118273602538067,0.2717268577177245,283.3674611413228,9.092112558812744,0.38104153606632823,0.0,0.4696723386629128,0.9375,0.7968979672188351,0.42867004614788917,0.3804633306237288
9.15265838474854,1.4986572133011649,1.176202637558429,0.8511260750478176,Si2,PU,combo_003,gp,0.5438026858242608,0.45619731417573917,0.9123946283514783,0.061107591247670554,0.3252395505913853,310.01481878864337,13.325271727255814,0.5997453022197604,0.0,0.6718775349706834,0.9375,0.7968563721665994,0.6352328410557802,0.5458972889696657
13.439709985736098,0.9797376570900261,2.297479609562308,1.728739965203542,A2,Si3,combo_014,gp,0.5396954940092655,0.46030450599073447,0.9206090119814689,0.0999212279845674,0.5345143637238419,283.9935825028111,7.89662631857353,0.38618032324511525,0.0,0.38670354660771306,0.9375,0.7967754688800337,0.4145802893152709,0.4271285386347179
9.714932240865892,1.2351927391205293,2.1583082904462767,1.1099528911751995,A2,Si1,combo_012,gp,0.5437629253087124,0.4562370746912876,0.9124741493825752,0.09485473585351731,0.5071969236923942,302.3098140455192,10.053566971863397,0.5365077543227459,0.0,0.456374369068047,0.9375,0.7967206394926674,0.5437184115851854,0.48731449193615023
15.891789480315065,0.8647531668480105,1.5663953731564841,1.763202662748585,A1,PU,combo_007,gp,0.43053428111971925,0.5694657188802807,0.8610685622394385,0.1119368448025917,0.599299995158189,285.15995882646837,10.139768359848881,0.3957531633785419,0.0,0.5878763263191679,0.9375,0.7967162754118882,0.45901746836238977,0.5416456220324692
10.110905520298193,1.27392019559289,1.6601758806837306,2.0118156342665685,A2,Si3,combo_014,gp,0.4886714851227296,0.5113285148772704,0.9773429702454592,0.03684860274773901,0.19444028229505725,295.1155840231174,9.097024083088185,0.47746230519050975,0.0,0.5215379135216116,0.9375,0.7967124436143123,0.5013897199249063,0.361327888119371
13.362197643396971,0.8888400196224686,1.883896400422647,1.4615386276419104,A1,Si2,combo_009,gp,0.45579607912601716,0.5442039208739828,0.9115921582520343,0.12653766744197326,0.6780245024788862,284.3767991736689,7.348457487237782,0.38932551048201264,0.0,0.259278138620312,0.9375,0.796690222205883,0.3997337499069537,0.44317357213695496
8.143296617730064,0.7147624001585313,2.929236011209877,1.5819724068426546,Si3,PU,combo_005,gp,0.44710430523619493,0.5528956947638051,0.8942086104723899,0.07926608401284088,0.4231462529691513,331.8487367008284,10.9572385065947,0.7789435604665738,0.0,0.6402066727563489,0.9375,0.7966836619528791,0.7389046562918707,0.5103144278663754
10.401578169364518,1.209652482302031,2.030839516823021,2.0715955992194823,A2,Si1,combo_012,gp,0.4867396216949409,0.5132603783050591,0.9734792433898818,0.05663462536478218,0.30112227692196214,292.1033241255734,9.102826174346312,0.4527396819216296,0.0,0.41309356671639397,0.9375,0.7965891711116142,0.47328502187982324,0.38255943945079685
12.701034521029888,1.438626962570543,1.1132179269709994,0.6179516679499937,Si2,PU,combo_003,gp,0.5371105347930722,0.46288946520692775,0.9257789304138555,0.06886515068254119,0.36706664894089885,292.29355706341437,13.726474882720387,0.4543009871926021,0.0,0.5573500350963516,0.9375,0.7964918404121637,0.5251203482457079,0.5543871203481467
10.392535638314591,1.0086300719898886,2.48818896824767,1.0185915749706087,Si2,PU,combo_003,gp,0.5534713512139717,0.44652864878602827,0.8930572975720565,0.08530547862010054,0.45570937469966294,301.923665404676,10.15491075158398,0.533338503428711,0.0,0.6056077079048763,0.9375,0.7964717310181948,0.5572192815103243,0.49446489144969985
11.743597738622492,1.0906462639593513,2.175595706981605,1.6549067011991356,Si2,Si2,combo_004,gp,0.46994365733345944,0.5300563426665406,0.9398873146669189,0.0627981430083825,0.3343546434700029,280.33932634468135,8.99579695725018,0.3561886221973116,0.0,0.5298214880593356,0.9375,0.7964696384748824,0.41653140388207976,0.40875761680649964
11.785218511291314,1.330965315791302,1.1317300046339982,1.237748270944301,Si1,Si1,combo_002,gp,0.4858581969333038,0.5141418030666962,0.9717163938666076,0.061962415050214686,0.3298485773814088,286.624905802125,12.155986265521536,0.4077764725948462,0.0,0.38649387646040007,0.9375,0.7964577602065437,0.46313206162650034,0.4725580846267913
8.789735674919694,1.302196430702355,1.8226045105741593,1.9724076154992223,Si2,Si2,combo_004,gp,0.4454877195327356,0.5545122804672644,0.8909754390654712,0.08686809447636862,0.46413466459287844,289.5014746083047,11.034631849441402,0.4313854337472943,0.0,0.6041478147848026,0.9375,0.7963106823179494,0.49261597310971744,0.5213791628536868
11.623484385925583,0.9566829694768944,2.8655179205141117,0.8742572431835693,A2,Si3,combo_014,gp,0.506480803117153,0.49351919688284696,0.9870383937656939,0.0478419649983932,0.2537141361289094,288.0884111881687,10.332523199657196,0.4197879502036131,0.0,0.4027694517497393,0.9375,0.796229319808016,0.45884513779008307,0.3982235615616091
9.497968199093371,1.0062821164846076,1.809487437359234,1.7988724499942093,A1,Si2,combo_009,gp,0.45385911228534326,0.5461408877146567,0.9077182245706865,0.09562846014429956,0.5113686792912602,296.15880493667595,9.984507009956657,0.4860243677313795,0.0,0.4695317543613339,0.9375,0.7961941941943176,0.5091533432941002,0.488849687467145
14.272289924938818,1.049086220995363,1.325687582932187,0.7199050553085837,A1,Si2,combo_009,gp,0.5592477263310514,0.44075227366894865,0.8815045473378973,0.10082942471171413,0.539411165887718,281.96542947737646,10.995319086283597,0.36953459383101595,0.0,0.5585276371743227,0.9375,0.7961504042889327,0.4444495826132505,0.5398021648862245
8.8250702737609,1.078169818907457,2.3199121168541694,1.4293917386826056,A2,Si2,combo_013,gp,0.5269129344279122,0.4730870655720878,0.9461741311441756,0.05613218935635598,0.29841324961573046,314.48138305403774,9.645005567671014,0.6364038872673593,0.0,0.5401926586476591,0.9375,0.7961414094507205,0.6188184600387933,0.41558119196672
8.627904841774399,0.5699987142423211,2.677528217536838,2.1356384805320667,A1,PU,combo_007,gp,0.5422710188473019,0.4577289811526981,0.9154579623053962,0.1074888163426279,0.5753171787301194,337.04658864716,8.972710150631944,0.8216040678090333,0.0,0.3576413648689378,0.9375,0.7961255884020182,0.7249228665855265,0.46663280649896555
15.366535209675689,0.9871514821117584,1.6686714437308823,0.6903009425498662,Si1,Si1,combo_002,gp,0.5697517978556164,0.43024820214438364,0.8604964042887673,0.1091572570381091,0.5843130534824973,280.9057157446996,12.788654570977673,0.3608371692139734,0.0,0.6035375976446179,0.9375,0.7961246122738798,0.4569482579675925,0.6115698875022895
14.026998270462105,0.5214479494737836,2.9962609991212696,1.8174460822926428,Si3,PU,combo_005,gp,0.4713810183234344,0.5286189816765656,0.9427620366468688,0.06698782797340504,0.3569445271256475,294.06113129171536,9.598833955774959,0.4688080593684447,0.0,0.4869119712895006,0.9375,0.7960976172131452,0.49581065368196553,0.42680573267026617
11.389689330131652,1.1168552758158286,2.1500574060524276,1.2686140564095554,Si2,Si2,combo_004,gp,0.5205545743159945,0.4794454256840055,0.958890851368011,0.05226288033560059,0.27755076440829424,281.2921734261709,9.030971768490426,0.3640089565076827,0.0,0.5049494281533752,0.9375,0.796084973314766,0.41979471487567854,0.38611244053328037
14.107622270314888,1.00490137344176,2.229368610702252,0.5106332647572399,Si3,Si3,combo_006,gp,0.4626677003166435,0.5373322996833565,0.925335400633287,0.07743328365423724,0.41326418612867766,280.02643634477215,11.8290893983053,0.3536206294425489,0.0,0.5012366366424788,0.9375,0.7960031124680235,0.4341296135781933,0.5099782432059732
14.287861353874167,0.8803494025796127,2.8736185202296496,1.5751082305158588,A2,Si1,combo_012,gp,0.44765810976967657,0.5523418902303234,0.8953162195393531,0.13467816285866122,0.7219163095950569,281.7583791941554,7.553488209365612,0.36783526298842734,0.0,0.2781290244964316,0.9375,0.7959932976884686,0.38818609311561714,0.46699983504199666
10.692617186505476,1.4782591785586587,1.5065991221912167,1.7014116568315971,A2,Si1,combo_012,gp,0.4819158089480027,0.5180841910519973,0.9638316178960054,0.062338381191002414,0.33187570625858226,292.34318088309686,10.031697344289531,0.45470826645830337,0.0,0.417094305430394,0.9375,0.7959719425292857,0.4823589872268616,0.4194588385755974
8.744347263796683,1.243381417667206,1.618203526429886,2.480657014469741,A2,PU,combo_011,gp,0.553606960827338,0.44639303917266204,0.8927860783453241,0.083636891033325,0.4467127079408988,311.15393741232094,11.457239436426242,0.6090944293036179,0.0,0.6131364207897162,0.9375,0.7959207664572915,0.6212305308711528,0.5282476698765424
14.078735053546039,1.166152547525118,1.9680016554252107,1.7648630565929992,A2,Si1,combo_012,gp,0.5550300092600224,0.44496999073997756,0.8899399814799551,0.12899687718121022,0.6912840344861794,282.6234195704132,9.296879285192546,0.3749349383358398,0.0,0.33752569946049593,0.9375,0.7957726708347134,0.4127891181101607,0.5131155866408188
8.603347397478146,1.288483556451251,1.1474655167908419,2.1812605014971105,A1,Si2,combo_009,gp,0.43836591312710027,0.5616340868728997,0.8767318262542005,0.09046111524308922,0.4835074627316753,291.04467601318925,14.070910961454542,0.44405100320631546,0.0,0.6435952638368505,0.9375,0.7957712021701989,0.529275279128851,0.6175470782842216
12.16717992525426,1.3755875766307475,1.2441964332335136,2.163583542567929,A2,PU,combo_011,gp,0.4929498211327541,0.5070501788672459,0.9858996422655082,0.02558996699996999,0.13373613060187245,293.97189001165106,10.760997541568484,0.46807562637059447,0.0,0.5455828195046041,0.9375,0.7957637662250951,0.5102933289828459,0.3894324486417386
13.396372666637177,0.717227868859518,2.1196828425195884,2.074790474067394,A1,Si1,combo_008,gp,0.5474948494288441,0.4525051505711559,0.9050103011423118,0.1307412562387598,0.7006893526163878,282.4995049228859,8.008003895262314,0.3739179294280719,0.0,0.25580065039938693,0.9375,0.7957303649980554,0.39378114683612436,0.4687162301635175
8.372750290968293,1.2300462298326742,1.5753701424913982,0.9258056508947905,A1,PU,combo_007,gp,0.4512643082888985,0.5487356917111015,0.902528616577797,0.0785961077881854,0.4195338847139324,321.7519072553673,11.153812409949731,0.6960755082132485,0.0,0.5979965859640989,0.9375,0.7957104242813017,0.6782200142389173,0.5081225971708085
14.392451057993148,0.6766367831534343,2.310513076387881,1.9764049737574612,A1,Si2,combo_009,gp,0.4476600635581889,0.5523399364418111,0.8953201271163778,0.12228892854306231,0.6551162126645245,281.5688292081587,7.873894279129221,0.36627956293139097,0.0,0.35426502434139784,0.9375,0.7956829481374516,0.3972273545064089,0.46384848115482724
8.32348369177465,0.900344633926153,2.8900708511336535,1.303193015975766,A2,Si3,combo_014,gp,0.5228439784520091,0.47715602154799086,0.9543120430959817,0.031801137928067685,0.16722543344980018,314.3396698654808,10.791298423516098,0.635240799787497,0.0,0.6529434427116775,0.9375,0.795681019605318,0.6382830130504702,0.4180907993623728
8.256898886292426,1.4298800016233055,1.6686506611311593,1.4227588665379343,Si2,Si2,combo_004,gp,0.4444038247286244,0.5555961752713756,0.8888076494572488,0.0651605536784731,0.3470922556364854,291.91205670773957,11.587553404005563,0.45116988632777233,0.0,0.7463671816973121,0.9375,0.795597455438943,0.5250299868732151,0.5169475856865182
15.69114809995608,0.5532926886710812,2.981606690417802,1.6516462347803074,A1,Si1,combo_008,gp,0.40889108122948414,0.5911089187705159,0.8177821624589683,0.14352106683165064,0.7695953531497778,279.02558500710256,11.05579149051587,0.3454063081651802,0.0,0.5794947932285398,0.9375,0.7954365257721916,0.43013148289841446,0.6251741500964736
15.565628287587515,1.092487755357869,1.617491611369894,0.8052311832921139,Si3,Si3,combo_006,gp,0.43679687961864033,0.5632031203813597,0.8735937592372807,0.0971240078910704,0.5194323523079813,282.1803653817859,11.389139904214895,0.3712986446010055,0.0,0.6131920042597393,0.9375,0.7954163701354958,0.45424414748077113,0.551835759366081
8.02434384951973,1.163670218743606,1.5814987637937838,1.7403309307813466,A1,Si2,combo_009,gp,0.4481484623411518,0.5518515376588482,0.8962969246823036,0.0773938746528365,0.4130517012368397,299.7542090491376,11.75710005190517,0.5155330503799936,0.0,0.6323954360200827,0.9375,0.7954160934640571,0.560018742914327,0.5275986349980373
12.11455336311381,0.7865987530508531,2.4099160456297604,1.826448182865987,Si3,Si3,combo_006,gp,0.49155176815052926,0.5084482318494707,0.9831035363010585,0.04902162992003791,0.2600746366331414,287.69388886569703,7.957667124107819,0.4165499737071017,0.0,0.4065293497680433,0.9375,0.7953215416895265,0.4383010741475255,0.335726576801931
11.515708351935746,1.1105240449745113,1.7150316438086852,0.7020311098172216,Si3,PU,combo_005,gp,0.5402823387690177,0.45971766123098234,0.9194353224619647,0.10143675039784325,0.5426857358626153,311.5960222161312,9.133713543368174,0.6127227669734214,0.0,0.37104275644291185,0.9375,0.7953060786907324,0.5813107073467566,0.4616481528920986
14.49992811746746,1.4232916878381896,1.4889067500268165,0.6538270204440922,A2,Si2,combo_013,gp,0.49963416438232144,0.5003658356176786,0.9992683287646429,0.057845306299196264,0.30765000912160123,282.9032844429318,11.060834951808204,0.37723188283757814,0.0,0.27446052315135083,0.9375,0.7952371236849999,0.4219455723739409,0.41787678891901714
12.161279295069033,0.7634210747053151,2.7466031259461565,0.5527107353322532,Si1,Si1,combo_002,gp,0.5457410535426135,0.4542589464573865,0.908517892914773,0.060440353139723,0.32164194567479065,283.2886917826492,11.865007751582146,0.380395049625631,0.0,0.6814747699603049,0.9375,0.7952337213054474,0.47117764420698194,0.5059336101357568
13.244786145723731,1.011584655071327,1.2486070022481035,2.1787315633047384,A1,Si1,combo_008,gp,0.5706873370384358,0.42931266296156423,0.8586253259231285,0.11057403236798774,0.5919520025049982,282.8454605971833,11.342835609668194,0.3767573032186139,0.0,0.596273314997225,0.9375,0.7952309669621573,0.45600963933009586,0.573406882647036
11.679731650773844,0.9208198692743675,2.020758326286524,0.6324197238611916,A1,Si3,combo_010,gp,0.5899716330425804,0.4100283669574196,0.8200567339148392,0.11893537202149691,0.6370345544283466,288.55071831735495,11.087340773484451,0.42358225925334264,0.0,0.7231323703494993,0.9375,0.7952195670631425,0.49946621237873545,0.6011908281349061
10.931020181698138,1.054735814400709,1.9739290204617845,1.1944954620059351,Si1,Si1,combo_002,gp,0.4682900454575787,0.5317099545424213,0.9365800909151574,0.07728470460231106,0.4124630797150215,288.0896172980748,9.37011554408379,0.41979784915053114,0.0,0.4426645766109475,0.9375,0.7951055995696675,0.45528228261299414,0.43331242130474623
13.536479074432494,0.9289969329413392,1.681972333085249,1.3378851227519197,A1,Si3,combo_010,gp,0.4268164782247652,0.5731835217752348,0.8536329564495304,0.16416193369341414,0.8808864847865403,284.86403273824726,7.7877412822068495,0.3933243991140477,0.0,0.2786079092218743,0.9375,0.7950983402312406,0.4079163337002047,0.5291510779522139
15.582187255923472,0.9076059805932291,2.2717703104965263,0.9678845067346823,Si3,Si3,combo_006,gp,0.44370219417554324,0.5562978058244568,0.8874043883510865,0.09900212949406506,0.529558781587748,279.796307692014,11.159395817690788,0.35173188671150063,0.0,0.5343152642337038,0.9375,0.7950958744968558,0.43085520227362856,0.5372326062234942
9.442563691699117,1.0420725483215891,1.8975508201187106,1.6956494669260354,Si3,Si3,combo_006,gp,0.49962378721715606,0.5003762127828439,0.9992475744343121,0.03469936942440605,0.1828520767072262,296.4451224919744,8.888631573208146,0.48837427155630586,0.0,0.42026682491907913,0.9375,0.7950953884716822,0.497264154261721,0.3363524364667876
14.718998866373465,1.0527811677780208,1.6097290988639772,1.32911211354115,A1,Si1,combo_008,gp,0.41140112017347974,0.5885988798265203,0.8228022403469595,0.1583776715100648,0.849698982421454,279.9014589451103,9.842929067106535,0.35259489817298484,0.0,0.45826974789224073,0.9375,0.7949828232259196,0.4135144802957489,0.601683874780369
10.414018624283127,1.0279034775672813,2.052775730609139,0.8163643202739526,Si1,Si1,combo_002,gp,0.5525746446011226,0.4474253553988774,0.8948507107977548,0.07977931127758255,0.4259134644173172,291.4609127477153,10.78723515322283,0.44746719713657607,0.0,0.6205918505966938,0.9375,0.79497990353834,0.5035744167481775,0.5036671680607319
13.143982030734954,0.7270323478821448,2.7813153396508272,1.078392168168593,A1,Si2,combo_009,gp,0.4582514920052745,0.5417485079947255,0.916502984010549,0.07190762202944112,0.383471002567934,282.00687958092004,9.731771620041407,0.36987478867781504,0.0,0.5678996581136597,0.9375,0.7947783822809582,0.43570030088087947,0.4518927400984764
12.1071019482124,1.446337050252405,1.4806405950084591,0.6482559575541365,A2,Si2,combo_013,gp,0.5124791371799731,0.48752086282002693,0.9750417256400539,0.03821666917945987,0.2018166033749886,291.3700567707207,10.392502658310326,0.4467215117816052,0.0,0.5080685451406236,0.9375,0.7947323067675097,0.48869965300473905,0.39750318380477523
8.858287311225578,1.1366711700030572,2.111106876404061,1.7797157133536363,A2,Si3,combo_014,gp,0.504782004749881,0.495217995250119,0.990435990500238,0.04408348646890884,0.23344922518402805,305.290214042052,8.49337469644914,0.5609688927407587,0.0,0.39823423087851906,0.9375,0.794632912562257,0.5427725574442583,0.33989054647875155
15.053304271162169,0.8259066745947401,1.5083499244502563,1.5793745624865918,A1,PU,combo_007,gp,0.5713885140299624,0.4286114859700376,0.8572229719400752,0.12217147053940271,0.6544829042751715,289.53911308690226,9.575046470697126,0.43169434531483203,0.0,0.524003750827707,0.9375,0.7945618321761532,0.47335339136553,0.5358539900887851
15.299414538694077,0.7435435096296892,1.9326240625098818,1.9371209307095394,A1,PU,combo_007,gp,0.44295212546545315,0.5570478745345468,0.8859042509309063,0.10533587603253093,0.5637089858639104,285.52651610083564,8.905420821542979,0.39876162138312454,0.0,0.49637223592497415,0.9375,0.79448808726391,0.44227771254342163,0.48152971938069444
15.970865175405999,0.936337173353331,2.936908192604811,1.0667734808106943,A2,PU,combo_011,gp,0.40279987750966484,0.5972001224903352,0.8055997550193297,0.1521620622667803,0.816185749128986,282.16420893718225,9.904589103960486,0.3711660432628452,0.0,0.573987239603968,0.9375,0.794474339655355,0.4385703440175179,0.6090069623416933
10.299278101284234,0.9036742379778777,2.5762690921225317,0.8027784489892925,Si3,Si3,combo_006,gp,0.5000525464005039,0.4999474535994961,0.9998949071989922,0.030161019778757896,0.1583822677980314,292.26251054853856,9.40701734466976,0.45404617807347125,0.0,0.44090993021650215,0.9375,0.7944420760557092,0.47937049594278386,0.34513540720574964
10.1935954237096,1.168050196678319,1.3496880942014384,1.381937253989439,A1,Si3,combo_010,gp,0.43873397315799423,0.5612660268420058,0.8774679463159885,0.09405551496362985,0.5028876958940169,292.0807281119948,10.282307107491924,0.45255422888965924,0.0,0.6067422911530551,0.9375,0.7944174745641301,0.5017843910712578,0.5146497433020321
8.949679833016829,0.6591521152379431,2.791833755316284,1.1180252539002056,Si1,PU,combo_001,gp,0.5428297791546726,0.45717022084532744,0.9143404416906549,0.08798644417669699,0.4701645665610822,323.78835435742656,10.955086131360664,0.7127893098849645,0.0,0.47282803090292447,0.9375,0.7943740717302248,0.6758419107205309,0.5016048704194891
14.906619347402504,0.8698620501205785,2.813841492906362,0.5391282656586702,Si3,Si3,combo_006,gp,0.4433658556249469,0.5566341443750531,0.8867317112498938,0.06734638386242763,0.3588777836555983,276.17387585757024,13.193972831894186,0.32200137851957117,0.0,0.7325573094398237,0.9375,0.794369342695604,0.4458487757353613,0.5631631000923101
14.432207425228057,0.7885968469154297,1.9281540833795048,1.6044673126977014,A1,Si2,combo_009,gp,0.5235219045470245,0.4764780954529755,0.952956190905951,0.11377768767936945,0.6092254255334792,284.66536490305594,7.12256140752161,0.3916938658227193,0.0,0.12821060298397774,0.9375,0.7942708492995199,0.3865105288332723,0.39322365799071307
11.24524471769448,1.2373312316396874,1.7410693085747218,1.4829319083561496,A2,Si3,combo_014,gp,0.5059431660346849,0.4940568339653151,0.9881136679306302,0.04522320696968812,0.23959435392938672,293.3218144404715,8.213624275326502,0.4627402389906149,0.0,0.3989813323230044,0.9375,0.7942681553793159,0.4718898910975232,0.33446279072500923
11.666124188045874,0.6448240228458115,2.9866806273749393,1.0172278098473124,A1,Si1,combo_008,gp,0.5359653933037833,0.46403460669621666,0.9280692133924333,0.11160001714509381,0.5974838925971604,292.301003936134,11.047037603474415,0.4543621061647496,0.0,0.25783771357134855,0.9375,0.7942293243384188,0.47416607552634493,0.5164459239333073
13.62332758268192,0.9290322146986785,2.500016663884284,2.4255065618267797,A2,Si1,combo_012,gp,0.4479133581571233,0.5520866418428767,0.8958267163142466,0.1039084488181025,0.5560126041621741,281.96140154488387,8.837498361894603,0.36950153524345913,0.0,0.4570360464631914,0.9375,0.7942221327553597,0.4173285316825105,0.4710683017064347
12.977431703114185,1.1267745105300615,1.79353793914493,2.1903736268281166,A2,PU,combo_011,gp,0.5111930808851959,0.4888069191148041,0.9776138382296082,0.04337853415657147,0.22964827335795363,289.8526144238809,8.547693599844019,0.43426735551714957,0.0,0.45913494973817703,0.9375,0.7941984308419275,0.46059820482523267,0.3491886015989463
12.664216487890279,0.7527181983837689,2.8236509057509203,0.6561494533104418,A1,Si2,combo_009,gp,0.5334660928383528,0.4665339071616472,0.9330678143232944,0.057937411788559594,0.3081466221858612,282.6648479896119,11.455089733386073,0.3752749552119766,0.0,0.5743458644207442,0.9375,0.7941576905638842,0.4536609583801658,0.47387185894213996
13.937564688436769,0.7278108177155193,2.7188782110849607,0.8185690563716057,Si3,PU,combo_005,gp,0.5446351089095742,0.45536489109042577,0.9107297821808515,0.1060633414636427,0.5676313236027886,292.8676645748803,10.829330731298967,0.4590128793282636,0.0,0.37289706657866795,0.9375,0.794104544926805,0.48721755848518267,0.5172714502891359
12.782807614451947,1.2397538796756482,2.292280514525711,0.5635889659655042,A2,PU,combo_011,gp,0.4185568788223293,0.5814431211776707,0.8371137576446586,0.12958694830116002,0.6944655715371758,295.08926961951516,10.03108163315741,0.4772463340894327,0.0,0.5671655287808199,0.9375,0.7940973764487027,0.5131379207583863,0.5688590484170891
9.789480138636087,0.815069406710897,2.4961933029099135,1.8130632278871244,Si3,Si3,combo_006,gp,0.49738839176097116,0.5026116082390288,0.9947767835219423,0.03957220212069732,0.20912534655964068,297.0408496789466,7.810475901063594,0.4932636035912179,0.0,0.40112669914168053,0.9375,0.793935892320066,0.49030422644899985,0.3130374952405538
15.490568973847768,1.2881469760108273,1.8657578094554639,1.5698850882349848,A2,Si1,combo_012,gp,0.42979241460230355,0.5702075853976964,0.8595848292046071,0.13646934506981118,0.7315739803015034,280.3429098006846,10.341908515252062,0.3562180328178364,0.0,0.41736211097911174,0.9375,0.7939339895718034,0.4158791791478974,0.5679214175236456
10.453845436960712,1.396749019914294,1.2655841138661612,1.7598237982341944,A2,Si3,combo_014,gp,0.5156490284803077,0.4843509715196923,0.9687019430393846,0.0183651657225367,0.09478155008927946,296.57405204650127,10.499443226621718,0.48943243948112225,0.0,0.6572723128490188,0.9375,0.7939283585100756,0.534357651192297,0.38536138240573375
11.629520212654214,1.1036067901632025,2.1824885925019863,1.5758170655916024,Si2,Si2,combo_004,gp,0.4672270396741425,0.5327729603258575,0.934454079348285,0.06023646554987866,0.320542627475006,280.30942550978796,8.970693780683291,0.3559432160565277,0.0,0.5511901896787633,0.9375,0.7938895705175227,0.4182993151237246,0.4064386052750426
15.56923581863046,0.7484240776864768,2.5534165552725017,0.705249557431421,Si1,PU,combo_001,gp,0.4122985075542829,0.5877014924457171,0.8245970151085658,0.16087836897910315,0.8631822073787362,282.5376513178135,10.187022336481665,0.3742310096346076,0.0,0.4253865502649089,0.9375,0.7938805902551829,0.42807414273602745,0.6109299885008834
10.366001669641983,1.0920220035101016,1.665951757875836,2.1069974059945284,A1,Si1,combo_008,gp,0.44142822848407093,0.5585717715159291,0.8828564569681419,0.10250949440386713,0.5484697416985383,285.63772919142747,10.007752455981144,0.3996743843699809,0.0,0.5231620241298414,0.9375,0.7938044612273799,0.4542539648677853,0.5105186400993156
13.462742294483967,1.2026181467429995,1.8083128482422035,1.166688844525115,Si2,PU,combo_003,gp,0.47437353867400844,0.5256264613259916,0.9487470773480169,0.09288603594552604,0.49658211559926074,283.6424590416094,9.748631937667833,0.3832985357010751,0.0,0.27660154004640947,0.9375,0.7937897747178763,0.4160995425113988,0.4482504187727213
11.560072743658903,0.5461999794559964,2.859579327361116,1.6294346306767462,A1,Si1,combo_008,gp,0.5582701924997195,0.44172980750028046,0.8834596150005609,0.12628218390128176,0.6766469899670065,295.9598266972453,8.438450831858786,0.484391286848764,0.0,0.36889096570584406,0.9375,0.7937203675478797,0.4858025035418657,0.4890983629643418
8.216019153948395,1.2162410262185845,1.4482110292459747,0.8501498961840737,A1,Si2,combo_009,gp,0.5254973265519851,0.4745026734480149,0.9490053468960298,0.06364395021455142,0.338915054704254,300.7325495970008,11.308705129840849,0.5235626180853608,0.0,0.4601643427172099,0.9375,0.7936976433052201,0.5448943823145778,0.4634893243949355
8.60460980821311,1.1163540117850008,2.497613127896662,1.0285407940590625,A2,PU,combo_011,gp,0.43492648822285673,0.5650735117771433,0.8698529764457135,0.09671261114283791,0.5172141891867759,329.98276310159434,10.097680090652103,0.7636288917817259,0.0,0.6196053530248503,0.9375,0.7936755818738842,0.7193727957186543,0.5165178957604635
15.368477971542745,1.1330205385408176,2.50786819409627,1.1428185791812635,A2,Si1,combo_012,gp,0.4177407302515235,0.5822592697484765,0.835481460503047,0.1435611085159493,0.7698112493322435,277.3839069390122,8.744587108232217,0.33193250783365075,0.0,0.4822296664595302,0.9375,0.7935986888727394,0.3928197966821674,0.5471226481695209
15.109614212404676,1.1695184899318205,1.4897865919610038,0.7845338479851398,A1,Si1,combo_008,gp,0.42947053854362593,0.5705294614563741,0.8589410770872519,0.14421918015659932,0.7733594306211637,277.66835643353903,11.605122244779032,0.33426707985977105,0.0,0.36814011619635933,0.9375,0.7935429702751252,0.40551331146012537,0.6098900219321353
9.997082666234702,0.6129230370173091,2.94877903306414,1.183547307561089,A1,PU,combo_007,gp,0.5316613831524393,0.46833861684756073,0.9366772336951215,0.07977562304244562,0.4258935782436947,326.2185598645531,9.860330855531982,0.7327348183278559,0.0,0.41410315841110673,0.9375,0.7935363934825675,0.6753324489965288,0.4472053872876757
12.808950892967319,0.6462301846393812,2.6827196513656433,1.7829298945070953,Si3,PU,combo_005,gp,0.48502867549644435,0.5149713245035556,0.9700573509928887,0.0604558929804861,0.3217257331666418,298.714225035222,8.210472458026109,0.5069975541558276,0.0,0.3804456219037834,0.9375,0.7934810506084974,0.500991684506134,0.3603417703172591
8.719717158710667,1.454067973855579,1.6055230499432391,0.6778771147592766,A2,Si3,combo_014,gp,0.4729068822882212,0.5270931177117788,0.9458137645764424,0.04564107563343696,0.2418474122323933,306.88068402475915,11.617672660155316,0.5740224112087338,0.0,0.5873234073235951,0.9375,0.7934512861916007,0.5953589506153177,0.4570833325088331
9.61963055238241,1.4566730218216328,1.4026205250784036,1.398691106482572,Si2,PU,combo_003,gp,0.4568777242215134,0.5431222757784866,0.9137554484430268,0.07028374326393247,0.37471539619419436,302.231720129707,11.07574618993797,0.5358668114672537,0.0,0.5801415748169982,0.9375,0.7933911020418972,0.5636752489236798,0.4876117568426762
9.45385082287247,1.035201471100201,1.484591819916744,2.42176276857246,A1,Si3,combo_010,gp,0.5158192047112706,0.48418079528872937,0.9683615905774587,0.08927667726767839,0.47712122694420384,290.99516720504135,12.536715162386782,0.4436446678787,0.0,0.20413471275595513,0.9375,0.7933017563116027,0.4729943431829719,0.5072162517168669
14.532024028464452,1.4513695582533956,1.1662844221643773,0.7985052372129199,Si2,Si2,combo_004,gp,0.4702309698468099,0.5297690301531901,0.9404619396936198,0.05004116494825542,0.2655717510612101,276.3616873240044,13.24032628889731,0.32354280996577967,0.0,0.583110760357555,0.9375,0.7932884887224736,0.4323472092461153,0.5093633087451559
13.975652523789524,1.3662003483158771,1.873292090591074,0.5948648086955441,A2,PU,combo_011,gp,0.40227515270663616,0.5977248472933638,0.8045503054132723,0.1321907815152695,0.7085048823341679,290.63544193240085,10.363505800553733,0.44069228239461955,0.0,0.6940005634915921,0.9375,0.7929994859162002,0.5028446364612901,0.6019367318663378
9.344723723437594,1.118545174484179,2.3484333100897796,0.9413237756006745,Si2,Si2,combo_004,gp,0.5353502136065345,0.46464978639346555,0.9292995727869311,0.05124637759449485,0.2720699994226389,289.9262638542993,10.309251578733198,0.43487182099626925,0.0,0.6250441474378226,0.9375,0.7929681245199421,0.4914485283713942,0.43734955816937904
14.296098899957938,1.3795452646622197,1.2387919239326481,1.3097942815343244,Si2,Si2,combo_004,gp,0.4574885955811254,0.5425114044188746,0.9149771911622508,0.06483719931847402,0.34534879820880143,278.235305284489,12.049466797588472,0.33892021847712245,0.0,0.6055284200098926,0.9375,0.7929498720241207,0.4359994736337844,0.5079100178203974
8.831968715482118,1.5793025527156541,1.1252608495929906,0.7267359398927098,A2,Si2,combo_013,gp,0.5291199458338696,0.47088005416613044,0.9417601083322609,0.026950535770395054,0.14107202589853476,307.8109004341094,13.111708335408899,0.5816570080327484,0.0,0.7198459580461359,0.9375,0.7928196779933578,0.625690429126435,0.48276284971754896
10.347963397114265,1.047899683389706,1.432044320619673,2.3384320243060244,A1,Si3,combo_010,gp,0.47315001159090286,0.5268499884090971,0.9463000231818057,0.08748201476234478,0.4674447912372017,288.45260572217757,11.634171679600925,0.42277701640876597,0.0,0.3138990233726121,0.9375,0.7927186079587626,0.46227432853986766,0.4954823319465586
15.674093129233388,1.1466992964290827,1.7614592005477854,1.3327991530137548,Si2,PU,combo_003,gp,0.45599273904915094,0.5440072609508491,0.9119854780983019,0.08970789934443954,0.4794462839890901,278.3147585823321,11.139082213409194,0.3395723182350638,0.0,0.4595615152916987,0.9375,0.7926736452665447,0.414708574848124,0.5079217286303697
9.980572718206737,1.134870113473788,2.3336165927994594,0.9830953010739188,A2,Si2,combo_013,gp,0.518406741152809,0.48159325884719095,0.9631865176943819,0.038983005900619594,0.20594852678129968,302.3195274621662,9.880705104074586,0.5365874755780775,0.0,0.5423597167447705,0.9375,0.7926703709303105,0.5510149958373551,0.390023211288954
14.895544617776686,1.3948406213598077,1.140252477842732,1.2124482009944166,A2,Si3,combo_014,gp,0.45182591638322833,0.5481740836167717,0.9036518327664567,0.08788338491420432,0.46960889309904813,285.7355126571484,9.582371150022873,0.40047692593915774,0.0,0.5096094714771373,0.9375,0.7926206320742338,0.45011930206354167,0.46919030696069863
10.533734657831943,0.7969348777257121,2.769803626631024,2.345549771902749,A2,Si2,combo_013,gp,0.45379384432533243,0.5462061556746676,0.9075876886506649,0.10102948090496525,0.5404898260179815,309.10299124591234,7.719473923054861,0.592261628967161,0.0,0.4068248742490718,0.9375,0.7924895701165995,0.5594578804463347,0.42736805484910634
8.878540399657801,1.076426867321307,2.0879953804704687,2.3863569938180302,A2,Si3,combo_014,gp,0.5392043086012137,0.4607956913987863,0.9215913827975726,0.06681870859570836,0.3560326716763769,303.79531126017076,9.581055540751708,0.5486997262155912,0.0,0.5582337553513305,0.9375,0.7924578273233068,0.5587273571012285,0.4366961046425671
14.8929703846061,0.7570773232918662,2.0768763568287794,0.9705195702092202,A1,Si3,combo_010,gp,0.5990437582987056,0.4009562417012944,0.8019124834025888,0.1510556853479291,0.8102204018332366,282.71018449705366,10.697086843895352,0.37564704707387825,0.0,0.5819368172885043,0.9375,0.79239918210381,0.44872673229610127,0.6298980748892847
9.761480163696042,1.3577278032171427,1.9554029762977327,0.6852285329714347,A2,Si2,combo_013,gp,0.4671133886365908,0.5328866113634092,0.9342267772731816,0.03979426343195156,0.21032265357139263,301.5550685520516,10.529923289518525,0.5303133059240207,0.0,0.6698552196905425,0.9375,0.792351121023796,0.564471956130616,0.42852613175518395
14.87734509322104,0.9174105004895686,1.4555630802038324,0.663767684115822,A1,Si3,combo_010,gp,0.5880472084266728,0.4119527915733272,0.8239055831466544,0.13635089980682,0.7309353488213634,283.29875569388366,11.273893277399319,0.38047764750712976,0.0,0.5721876907199828,0.9375,0.7923493048622616,0.45566380562793213,0.616542917248775
8.062965893348027,1.1902756726413635,1.338919619390978,1.3678722508100805,A1,PU,combo_007,gp,0.5441496565610606,0.4558503434389394,0.9117006868778788,0.06573951629895518,0.3502138980384427,321.4820127142913,12.288287688362951,0.6938603935523951,0.0,0.6101169934379918,0.9375,0.7923151600614481,0.6867922885925806,0.5168665114965209
13.743794073540217,0.8224803246961632,1.8252713025597815,1.8712274390061805,Si1,PU,combo_001,gp,0.46643116776357374,0.5335688322364263,0.9328623355271475,0.05937635046135985,0.3159050712047102,289.85584920036405,9.074890104363687,0.43429390440837157,0.0,0.5516594395308139,0.9375,0.792306678859538,0.474010139124641,0.40775030815121904
14.976884808233102,0.9431443218463615,1.8967620972367456,2.491734261856461,Si2,PU,combo_003,gp,0.5274994701880473,0.4725005298119527,0.9450010596239053,0.047354615752103,0.2510864534116475,278.57054622427296,11.36354121253444,0.3416716528620975,0.0,0.5704348782478178,0.9375,0.7922002954645676,0.4290284739831556,0.45079739247341877
9.181239141735176,1.2581499588199925,1.9347378456727409,1.1503752562767668,A2,Si2,combo_013,gp,0.5251843890081673,0.47481561099183267,0.9496312219836653,0.04246401280734397,0.22471737018692223,308.8833414481379,9.801985859503477,0.5904588896995797,0.0,0.5796809522138573,0.9375,0.7921787540155859,0.5918388035648029,0.4000264218354911
13.480413874795527,1.230942549768366,1.623474070416167,1.1638733887173784,Si2,Si2,combo_004,gp,0.5343096973737858,0.46569030262621425,0.9313806052524285,0.05467515929102429,0.29055725568458723,278.4262892506769,10.108187524270136,0.3404876876886303,0.0,0.5870838636683536,0.9375,0.792139491095598,0.4200043352757188,0.4325986053838063
8.887733916849761,0.987376815694246,2.3747931869051184,2.3178626656529238,A2,PU,combo_011,gp,0.45353933792308965,0.5464606620769104,0.9070786758461793,0.09144014731487014,0.48878619389674194,324.2762143418158,8.765197096123945,0.7167933397536522,0.0,0.4670814228783323,0.9375,0.7921138726299752,0.6608694372312367,0.44705823120107346
12.293059758747921,0.7371046956060501,2.6712361308040453,1.4819727365895177,Si3,Si3,combo_006,gp,0.49825949161224914,0.5017405083877509,0.9965189832244983,0.048322376666347026,0.25630441291021694,287.0027536794112,8.11521938857564,0.41087759634937676,0.0,0.3229410584641436,0.9375,0.7920806919092872,0.42720908593185003,0.32620002253124925
15.733990380108956,0.6061811632867441,2.462644282628153,2.375911866932605,A1,Si1,combo_008,gp,0.41791903484747195,0.582080965152528,0.8358380696949439,0.13432166449589314,0.7199941468058279,277.35553460126994,10.714076280999057,0.3316996465796031,0.0,0.526902191269937,0.9375,0.7920340528762827,0.4125935340470027,0.5905307481725341
14.62789877688558,1.0620006608572272,1.8063162946767264,0.9304798520822863,Si1,Si1,combo_002,gp,0.4331184609146419,0.5668815390853581,0.8662369218292838,0.10823357741072566,0.5793327708378883,279.5887221729165,10.63078331226377,0.35002816300927064,0.0,0.5503513447339214,0.9375,0.792011930567682,0.42711418055957356,0.542526833432271
10.471247199296165,1.0953720314362978,1.4711030538295833,0.918204586808463,A1,PU,combo_007,gp,0.5742875695526379,0.42571243044736207,0.8514248608947241,0.1165779014463619,0.6243235781954071,312.5749590411533,10.166811947768643,0.620757228524627,0.0,0.5661244871576216,0.9375,0.7919584510742685,0.6145575457642752,0.5478845552264955
9.079089056910336,0.8157565104215196,2.7874523745568895,0.6773377095293791,Si1,Si1,combo_002,gp,0.5239928571981025,0.4760071428018975,0.952014285603795,0.04058007534640839,0.21455958304723535,296.2889083870414,12.430084208771735,0.4870921702115003,0.0,0.5784964406559692,0.9375,0.7919219835749792,0.5400062274687408,0.4685425450577556
8.610064193515052,1.2490356909464049,1.4703814468566971,2.3791422317007376,Si3,Si3,combo_006,gp,0.45065831796063094,0.5493416820393691,0.9013166359212619,0.07357350653343173,0.39245309488348035,291.2286147628668,12.727760722581994,0.4455606499723648,0.0,0.6036032993662802,0.9375,0.7916420332748735,0.5157829697627241,0.542754725073203
10.249861797170908,1.3752396855121638,1.772591843196809,0.6466470585478253,A2,Si3,combo_014,gp,0.46691887724358594,0.5330811227564141,0.9338377544871719,0.0599675181365647,0.3190925206466955,298.3690456772763,10.203574992389015,0.5041645518529242,0.0,0.5374679028431606,0.9375,0.7915557496293745,0.5303657715175667,0.4377658499295306
14.214076343403908,1.0546719232994883,1.2004137439306355,0.859343750555198,A1,Si2,combo_009,gp,0.5612522719716964,0.43874772802830364,0.8774954560566073,0.1001352617986681,0.5356683881909016,283.0879699943073,10.947197065486607,0.37874765885464234,0.0,0.5453039254118056,0.9375,0.7915175550723216,0.44919837924130745,0.5351857139351567
14.862476822442321,1.1012857085703116,1.927061711472418,1.6357029911969787,Si2,Si2,combo_004,gp,0.4799188639777796,0.5200811360222204,0.9598377279555592,0.07207991275638757,0.38439995725287074,277.61331513346886,9.930536527327282,0.33381533752273906,0.0,0.33894789806488734,0.9375,0.7915105487247615,0.3891247216616673,0.42333935431065206
11.62310732279565,1.4668871088136959,1.5596100854795876,0.6206851718381762,A2,Si2,combo_013,gp,0.47444924082138584,0.5255507591786142,0.9488984816427717,0.03857905884351613,0.20377053079850194,292.4164722799231,10.322120182203724,0.4553097934361256,0.0,0.6024816290277103,0.9375,0.7915078338982574,0.5035999345666826,0.41041413703881524
15.58479380790183,0.613229460513937,2.987782950652078,1.3976505710625293,A1,Si1,combo_008,gp,0.4013926743360514,0.5986073256639486,0.8027853486721028,0.14377213282423046,0.7709490471887367,278.6348271843645,11.268459656085966,0.3421992281755692,0.0,0.6169281068304194,0.9375,0.7914892231590901,0.43330027495567697,0.6371093984646987
12.172439429489518,1.5968665837041374,1.1393721364930072,1.6134141164189313,A2,Si1,combo_012,gp,0.47511036438349663,0.5248896356165034,0.9502207287669933,0.0611549918288503,0.3254951243691275,288.332765234194,11.324302523494957,0.4217934454894069,0.0,0.45242914318288024,0.9375,0.7914215680275474,0.4730049523419962,0.4580608566405584
9.078336454446031,0.7242064145075697,2.3927697585422774,2.2781288435615084,A1,Si3,combo_010,gp,0.534275703960347,0.46572429603965304,0.9314485920793061,0.07713110774568278,0.4116349183735191,303.47411341671085,10.290914854975805,0.5460635482134504,0.0,0.4378087656532138,0.9375,0.7913090176639997,0.5504151721908002,0.4576078778449363
13.566444858469179,0.721308216905375,2.8917647038802086,1.9371349755744016,Si2,Si2,combo_004,gp,0.5305521471286525,0.4694478528713475,0.938895705742695,0.06389225822187213,0.3402538782776177,278.7194174588779,9.439023274235698,0.3428934888171264,0.0,0.48600492919884225,0.9375,0.7911779051313985,0.40632450613010046,0.41643459541078975
12.683587421219844,1.3928561534477797,1.1595322933065715,2.3714245909089593,A2,Si3,combo_014,gp,0.453797910677153,0.546202089322847,0.907595821354306,0.07285464838667695,0.38857716577767093,286.743680763409,11.128246369685806,0.40875129838062707,0.0,0.5747877417118266,0.9375,0.7911227756407205,0.4745713727144575,0.4931035831478845
14.225480676190298,1.2913679865708467,1.3632643218025227,1.25181944251263,A2,PU,combo_011,gp,0.5588988924337883,0.4411011075662117,0.8822022151324234,0.10044982190028932,0.5373644288616571,294.2929249924363,10.444318484517563,0.47071046770435776,0.0,0.5177852899325784,0.9375,0.791063856799444,0.5068705875899819,0.5178269028043245
9.230760396749393,0.7700710025344564,2.4767242231444087,1.6671297874060635,Si3,PU,combo_005,gp,0.5569061369101149,0.4430938630898851,0.8861877261797702,0.0839340826656317,0.4483151015464531,325.2414617537983,9.178391387459945,0.7247154477188922,0.0,0.6038918158067477,0.9375,0.7910564188242916,0.6833414149950903,0.4647740279514391
9.34260115954319,0.7367831347561067,2.8951138253442803,0.8945485996208533,Si1,Si1,combo_002,gp,0.5135164183883489,0.48648358161165106,0.9729671632233021,0.03579397948294574,0.18875397961332618,297.4137841773851,11.44497316183541,0.49632440160415864,0.0,0.5031785025930255,0.9375,0.7909150681404743,0.5311993733669511,0.4211312152001994
14.766797601031772,0.8229360308210271,2.817669840113899,1.5641224083841434,A2,Si3,combo_014,gp,0.550586739691596,0.449413260308404,0.898826520616808,0.12224354935784323,0.654871537820701,281.5676780818896,9.729161187277137,0.36627011525354963,0.0,0.3002807572146065,0.9375,0.7908495569849682,0.40639463557083577,0.5066683289210526
15.709350878586129,0.9947701066817685,2.1665279639765505,2.125065076752736,A2,Si2,combo_013,gp,0.5781178623241203,0.4218821376758797,0.8437642753517594,0.16157197513567223,0.8669219831639187,284.23167185378963,9.010788338771565,0.3881344020858469,0.0,0.30753669635067277,0.9375,0.7908202200935954,0.4167827214673545,0.5622255948626531
14.4990155142275,0.8617082969041956,1.970617918509332,1.6392941127785292,Si1,Si1,combo_002,gp,0.4656073436316319,0.5343926563683681,0.9312146872632638,0.08944161217603555,0.478010520631354,281.86641513783997,9.15913527411273,0.368721950069243,0.0,0.3563100034531036,0.9375,0.7907350924566158,0.40923653694223283,0.4375007831585228
9.24253008674815,0.9881721293679748,2.296962836055317,0.689762396235756,Si1,Si1,combo_002,gp,0.5410331088219067,0.4589668911780933,0.9179337823561866,0.06275324372978773,0.33411255617987345,295.5227972886772,11.628640275494664,0.4808044404965419,0.0,0.5874035630851527,0.9375,0.790712688222269,0.5302005325797063,0.4896896668583698
8.364236791527869,0.4654994523339259,2.809710727787709,2.373497692973709,Si1,PU,combo_001,gp,0.5463940090384227,0.4536059909615773,0.9072119819231546,0.11136622772541116,0.5962233501376097,336.6494786511265,9.496682406796378,0.81834485341115,0.0,0.3288264079216611,0.9375,0.7906812487749302,0.7238754968287667,0.48403223900719705
8.524708530208864,1.0904356512888835,1.496479713445548,1.8383177045519488,A1,PU,combo_007,gp,0.5393749872934279,0.4606250127065721,0.9212500254131442,0.07178108810109646,0.38278875873727347,316.0878953566398,11.946477385003945,0.6495890704138853,0.0,0.5143305297759585,0.9375,0.7906704714778464,0.6435389435626685,0.5045030395581749
13.380094116435384,0.670237119578277,2.930337993571179,0.7901209117823353,A1,Si3,combo_010,gp,0.5433482177597426,0.4566517822402574,0.9133035644805148,0.09928606335876838,0.5310896921509748,282.98934983671126,12.426751634221931,0.3779382502757371,0.0,0.376220440051789,0.9375,0.7905784307951554,0.44334470751796184,0.548895067379794
8.576167204198086,1.3365307132347823,1.3771173945149637,0.8462137027790138,Si3,Si3,combo_006,gp,0.47197523194277835,0.5280247680572216,0.9439504638855567,0.02969843834066115,0.15588812779583436,303.32261484542363,12.264139618443252,0.5448201488285696,0.0,0.6744407745736062,0.9375,0.7905561939394161,0.58870682272837,0.45783720473312056
8.772882096960583,1.0506668161449877,2.5809804329736794,0.8305254114271429,A2,Si2,combo_013,gp,0.5450466057636589,0.45495339423634107,0.9099067884726821,0.041832150031058626,0.22131050147918352,310.6220929865402,11.553548013991414,0.6047294044307803,0.0,0.7555104339319606,0.9375,0.7904499446894483,0.6331688771010617,0.47336061772962656
14.685815502623692,1.1124911847739587,1.4956492791970875,1.19850939406111,A1,Si1,combo_008,gp,0.4123442855925816,0.5876557144074184,0.8246885711851633,0.1551929969718861,0.8325278996552911,279.6012615501634,10.284352203160218,0.35013107786729913,0.0,0.4337814612263278,0.9375,0.7904072711098226,0.41280816570709833,0.6041359118340476
15.771685055846696,0.7187507280881541,1.9526907857196187,1.8150953239455245,A1,Si1,combo_008,gp,0.5789070978491679,0.42109290215083206,0.8421858043016641,0.14006775829231827,0.7509758534065213,282.0091602939375,10.390350077710982,0.36989350725145503,0.0,0.44778172563716906,0.9375,0.7903703515892073,0.4288744602913616,0.5806067218185496
9.32947286286582,1.2772625771588808,1.8080655144058404,1.515775481312744,A2,PU,combo_011,gp,0.468025262945325,0.531974737054675,0.93605052589065,0.1028745661102204,0.5504381301194667,324.5467911464982,7.5841078815996354,0.7190140539798434,0.0,0.24545031755252347,0.9375,0.7903419479108034,0.6309838804304679,0.40292243128733013
13.82787379628877,0.6666949937969772,2.5252288818852,1.3510555605774477,A1,Si1,combo_008,gp,0.5813218946847769,0.4186781053152231,0.8373562106304462,0.1513437003659098,0.8117733171005131,283.8176485648694,8.788245552711402,0.3847363746431074,0.0,0.3983531370362187,0.9375,0.7903142178623104,0.421737768752416,0.5504281063357787
14.056256342805149,0.8320669586557511,2.0160110639909656,1.205911112176376,A1,Si2,combo_009,gp,0.5466062221326666,0.45339377786733337,0.9067875557346667,0.10319214920704384,0.5521504701326501,283.051331910012,8.231684006548647,0.37844695785733967,0.0,0.3796795746475016,0.9375,0.7903015619495807,0.41109626993397774,0.4414586476353672
10.578565029596986,1.1635340282990856,2.064163086993534,2.326162268881821,A2,Si1,combo_012,gp,0.49088371313286316,0.5091162868671368,0.9817674262657263,0.04981425031940145,0.2643482760008251,290.1998497029467,9.305531898640364,0.4371172314514966,0.0,0.36746674788678574,0.9375,0.7901871203837961,0.45937879067941256,0.3684170973447091
14.901386959781941,1.2077682619531158,2.033569982767295,1.357904611095996,A2,Si2,combo_013,gp,0.4439214897531656,0.5560785102468344,0.8878429795063312,0.08994747202509798,0.48073800855270915,281.50533371940605,9.397187248999602,0.36575843424359566,0.0,0.5510649949274058,0.9375,0.7901693109424175,0.42850737057243926,0.47421293711469487
9.062492029455962,1.3110587152009763,1.3827695634667998,0.7726566949627107,Si1,PU,combo_001,gp,0.447865175855668,0.552134824144332,0.895730351711336,0.07452968598034343,0.3976086095916221,315.89687780326807,12.516211572476113,0.6480213255411392,0.0,0.6111797628361075,0.9375,0.7900575204685919,0.6566014617017448,0.5398799291701624
15.889860974967268,0.7618509647539817,1.7299865703267083,2.1864609239607864,Si1,Si1,combo_002,gp,0.5623966211389302,0.4376033788610698,0.8752067577221396,0.08616231443175455,0.4603292498117168,282.7940723467237,12.21474753453144,0.3763355426800905,0.0,0.6330408754116573,0.9375,0.7900413699314168,0.4662396549981824,0.5568237752791859
8.217830164487026,1.031845422333896,2.077498014955515,1.2864035167278058,Si1,Si1,combo_002,gp,0.5322617970000749,0.4677382029999251,0.9354764059998502,0.061753065640306734,0.3287198102180827,301.00388104893085,10.214891098112211,0.5257895259536142,0.0,0.5065891792323077,0.9375,0.7900378034547424,0.5425042641553486,0.43681468368723275
10.141431714839822,1.4169056226223706,1.3733434113620588,0.5809734894915464,Si1,Si1,combo_002,gp,0.45195728911431843,0.5480427108856816,0.9039145782286369,0.06478385795832975,0.3450611930237451,290.91277352338295,13.57735625394093,0.4429684354085079,0.0,0.634565117974212,0.9375,0.7900266555413127,0.5237378077893415,0.5541680544753194
15.510739306770558,0.8925503479979636,2.176149281714615,2.4848295152069566,A2,Si3,combo_014,gp,0.578954733158838,0.42104526684116195,0.8420905336823239,0.13177215400796316,0.706247732509288,284.7667490191625,10.087622159866847,0.3925259591324613,0.0,0.4979816467437407,0.9375,0.7900049373772028,0.4473593715290012,0.5641595775064765
14.39107116891417,0.9980346785954217,2.156035322477255,2.3109491191303215,Si2,Si2,combo_004,gp,0.4451275485687347,0.5548724514312653,0.8902550971374694,0.0985280405412152,0.5270025955315853,277.9917983350723,9.529291228159595,0.33692167559618047,0.0,0.48407983401976407,0.9375,0.790003600964052,0.4026607431915862,0.4839894375920115
9.698556905242672,0.8012136212960671,2.827572255706193,0.6811568048166639,A1,Si2,combo_009,gp,0.5075720904809256,0.49242790951907445,0.9848558190381489,0.042856882206040565,0.22683563780907298,297.09238299568455,12.112503307528094,0.493686554737149,0.0,0.39508390800074095,0.9375,0.7899190062691539,0.5237865824048223,0.43659667094389054
10.534061128710228,1.2071101424318487,1.7331004948249662,2.397689925414995,Si2,PU,combo_003,gp,0.48775911852117915,0.5122408814788209,0.9755182370423583,0.0875908206071088,0.4680314490395885,288.5317495556325,11.340073243656926,0.42342657628909236,0.0,0.15447512923804638,0.9375,0.7898648973739922,0.44447661471025324,0.4636890208938567
8.29828437291554,1.135725321612684,1.4071200174036638,2.1887487156734893,A1,Si3,combo_010,gp,0.5067865941846978,0.49321340581530215,0.9864268116306043,0.0719562193994371,0.38373302917455104,294.7459005935478,13.220447319291875,0.4744281897858435,0.0,0.20266379760517117,0.9375,0.7898547914910514,0.49976613811499154,0.49310621911721264
15.535105233186897,0.6597280715850928,2.5388571040581156,1.90643520303745,Si3,PU,combo_005,gp,0.45365779585598887,0.5463422041440111,0.9073155917119777,0.08577652043924408,0.45824913126375544,286.85312495496663,8.515134218458101,0.4096495434221831,0.0,0.4838271351583664,0.9375,0.7898093564908818,0.44557921500697917,0.4320076400507196
8.996440882512333,1.1730462703874716,2.4703922133696725,0.8920270947496365,Si2,Si2,combo_004,gp,0.4591966064414237,0.5408033935585763,0.9183932128828474,0.04922149478383174,0.26115226515596507,288.6801303859562,10.37935405255703,0.42464438733235865,0.0,0.663941991201316,0.9375,0.7898006553168567,0.48872973387080476,0.44129021414786257
10.749502693253541,0.8384777919297538,2.8608309467742195,1.623448543813251,A2,Si1,combo_012,gp,0.5304694659860729,0.4695305340139271,0.9390610680278542,0.06834347377370563,0.364253878822187,301.05422204109533,8.561618481474966,0.5262026912934571,0.0,0.44617339665242056,0.9375,0.7897977753730849,0.523766158497716,0.39473913933031735
8.1466425138918,1.219557377236101,1.7003390594718133,0.828979361351112,Si3,PU,combo_005,gp,0.49427931509855405,0.505720684901446,0.9885586301971081,0.05721725898334321,0.30426371255901846,330.5331158066584,9.25106339041745,0.7681458202856046,0.0,0.2853498327756339,0.9375,0.7897452955300254,0.6824592847192575,0.3685725696581995
11.692737369049349,1.0492421538977281,2.2217276166437863,0.5454867268638641,Si3,PU,combo_005,gp,0.4504648188354565,0.5495351811645435,0.900929637670913,0.09224344127717844,0.4931173828289218,304.68668015582574,9.84854053295226,0.5560154885171255,0.0,0.47146606206164615,0.9375,0.7896639147513914,0.5572726005968691,0.47901402679987803
12.352051621686098,0.6291751088689761,2.207265229653723,2.28833331594863,A1,Si2,combo_009,gp,0.5732218924700874,0.42677810752991263,0.8535562150598253,0.11534845869899454,0.6176946863202024,287.14511236462937,8.542674960569796,0.4120459816359753,0.0,0.5459457275596695,0.9375,0.7896594811724843,0.45368490164423647,0.4978884954468253
8.555248757296772,1.1514090134966612,1.6532207649342918,1.5652948756366343,Si3,Si3,combo_006,gp,0.5139298535104295,0.4860701464895705,0.972140292979141,0.03399492968087475,0.17905388854233187,300.6993303017426,10.368239352843403,0.5232899762317822,0.0,0.5084290849026566,0.9375,0.7896375159290273,0.5421430542994643,0.3889232922895437
12.388678608239921,0.7842175529286088,2.8885720440683142,0.8242175260471105,Si3,Si3,combo_006,gp,0.4869307861370977,0.5130692138629023,0.9738615722741955,0.039794945613549515,0.21032633174840557,283.82589399514103,10.554126643663766,0.38480404764385406,0.0,0.46335307921479263,0.9375,0.7896053528652932,0.442155368191759,0.3982174722126975
11.61618164723949,1.3062346844345791,1.151026200421717,1.2388222503266177,Si3,PU,combo_005,gp,0.45127076141440625,0.5487292385855937,0.9025415228288125,0.06288631879762122,0.3348300684331627,305.5863942945309,10.759093180866763,0.563399743016224,0.0,0.6496455571180249,0.9375,0.789597774880666,0.5874115264644089,0.47537238476368426
14.269168924217125,0.5882661926630145,2.5045850689840767,1.8931203906591758,A1,PU,combo_007,gp,0.4526829308503153,0.5473170691496847,0.9053658617006306,0.10680862508660453,0.5716497332144226,290.35172912468886,7.781078344151592,0.4383637566032897,0.0,0.3572369220115067,0.9375,0.7895191052505056,0.4472544507177835,0.43252939605692914
9.301872175687523,0.7594171153878766,2.2096830922635107,2.0084713981747253,Si1,PU,combo_001,gp,0.5489089889768621,0.45109101102313787,0.9021820220462757,0.10848683405189145,0.5806982763846577,321.0745003535398,8.590475571430849,0.6905158034722082,0.0,0.3608179265991382,0.9375,0.7894385802166228,0.6304764500093943,0.4584846679407726
14.731524134994755,1.262391541213519,1.4355429411009326,1.6802940985878243,Si2,Si2,combo_004,gp,0.45943645924852206,0.5405635407514779,0.9188729184970441,0.07967459900969814,0.42534887830438145,279.2059358203896,11.23257828075141,0.3468865075386694,0.0,0.46526107646031883,0.9375,0.789383755500089,0.4211328347497718,0.4924128702689311
13.331339415613833,0.5274802789284125,2.9644406971487385,1.3421756217719891,Si1,Si1,combo_002,gp,0.4978145881287901,0.5021854118712099,0.9956291762575802,0.04652908784476216,0.24663538381166455,285.34300841281623,8.727652619461443,0.3972555124841063,0.0,0.3170165965684946,0.9375,0.7893455335074929,0.421891579845081,0.33876358889210684
9.336883725420135,0.9941772297688567,2.7538961590897153,1.182223242189305,A2,Si2,combo_013,gp,0.46001574707861437,0.5399842529213856,0.9200314941572287,0.05027689137556806,0.2668427374508812,309.0409640780189,9.923082963610492,0.5917525512791713,0.0,0.6452144674627109,0.9375,0.7892412442426788,0.6002488837036241,0.427929406943981
14.14912408255724,0.9637748969943032,1.8794370080159912,0.542347932018978,A1,Si2,combo_009,gp,0.5602241109024533,0.4397758890975467,0.8795517781950934,0.09834091254696481,0.525993641480357,279.68052956081726,10.479728398938033,0.3507816569113808,0.0,0.5289862796998559,0.9375,0.7892093549098658,0.4243186486126117,0.5165007292894118
9.989317762054407,1.4532070274121869,1.3517783248632518,0.6961413146426527,A2,PU,combo_011,gp,0.5408672919094357,0.4591327080905643,0.9182654161811286,0.09206142480423345,0.492135989005385,324.2673682998853,9.706040175512257,0.7167207373323782,0.0,0.3881268344402046,0.9375,0.7892057423697053,0.660313073176187,0.46225217891617204
11.445961592599883,1.013308630267677,2.189848700192007,1.7153804495823544,Si2,PU,combo_003,gp,0.5389546607410551,0.46104533925894486,0.9220906785178897,0.08190318211227962,0.4373649209005532,293.1167704824029,8.899175883656383,0.4610573747287951,0.0,0.4346439473627943,0.9375,0.7891970451419835,0.47966285973630757,0.4278783738341632
10.849217292680828,1.5688394615090406,1.2777189583606445,0.5588071201242025,A2,PU,combo_011,gp,0.4455830973362964,0.5544169026637036,0.8911661946725928,0.08865164334073455,0.47375117792897525,314.57611387410475,10.666862082994557,0.6371813747538735,0.0,0.5354587930645358,0.9375,0.7891088086352672,0.6269155567925978,0.5043312342893368
9.624557131891128,1.359477513715636,1.8063885719609871,1.3221905992372007,A2,Si1,combo_012,gp,0.5445539282525971,0.4554460717474029,0.9108921434948059,0.08811535503675802,0.47085962629827943,302.2727824413688,9.975917986724287,0.5362038235765313,0.0,0.44674939966046473,0.9375,0.7891015677808607,0.5419332638436642,0.471018044962628
9.232830858837668,1.013960303392491,2.7765316288133075,0.9685426157850676,A2,Si1,combo_012,gp,0.5275393027367841,0.47246069726321593,0.9449213945264319,0.06021504358645795,0.32042712483808,305.73669363921425,11.347278769647097,0.5646332999477475,0.0,0.464268203150358,0.9375,0.7890177443706096,0.5743572249605386,0.45869455555316013
13.884840587823579,0.7617499518017009,2.3334512112867705,1.1586831092703873,A1,Si2,combo_009,gp,0.5561286557070844,0.44387134429291564,0.8877426885858313,0.0927413965817282,0.49580225113988075,282.2298507760153,8.895896704354218,0.3717047877627702,0.0,0.5240527269671875,0.9375,0.7889252100678681,0.42603117028183685,0.4616526084731628
8.565688182606,1.5252136749364604,1.5465252382538885,0.6320898489062654,Si2,PU,combo_003,gp,0.44987950481312566,0.5501204951868743,0.8997590096262513,0.06484455859140043,0.34538847783163357,310.28574268426644,12.510603004102382,0.6019688651372523,0.0,0.6445137155750124,0.9375,0.7888716311381786,0.6276540818080257,0.5264487908678912
9.943841760724274,1.4752347186007875,1.2347650253917126,2.246420592767201,A2,PU,combo_011,gp,0.45796183926591993,0.5420381607340801,0.9159236785318399,0.05396166606677451,0.2867102530914444,302.01108554119224,11.583539474590717,0.5340559896930825,0.0,0.6380632545862682,0.9375,0.7888654416499105,0.5721883388339911,0.47945794883566845
12.384263725526047,1.001524925047752,1.6542529657650844,1.4377600615176196,A1,PU,combo_007,gp,0.4315359117336186,0.5684640882663814,0.8630718234672372,0.12788602380388137,0.6852945510854379,297.1359288589163,8.407074602171427,0.4940439501838284,0.0,0.4146289324991672,0.9375,0.7887183565194655,0.496886717808096,0.49812314075802633
8.332656494606157,1.1572313958451428,2.135136945660019,2.4681706224297093,Si2,Si2,combo_004,gp,0.43280465037912563,0.5671953496208744,0.8656093007582513,0.10239428758027434,0.5478485711897711,293.35082546001416,11.122453857906574,0.46297834211955957,0.0,0.5641728281468111,0.9375,0.7886781052183436,0.5114233142942277,0.5470970961239341
15.034641654033042,0.9399155315279822,1.3982891438335883,1.4833714150132349,A1,Si1,combo_008,gp,0.5864073328940265,0.41359266710597353,0.8271853342119471,0.1354385362917107,0.726016080229563,283.3886419267839,10.875231404691037,0.38121537384836074,0.0,0.5338448294505086,0.9375,0.7886741516454827,0.4492146109231478,0.5981101344927787
12.830513759744434,0.7288803785019196,2.351368983351574,2.3944289143801623,Si3,Si3,combo_006,gp,0.506879347653518,0.49312065234648195,0.9862413046929639,0.07534380378876432,0.4019981583829397,286.1754564430093,8.871960178860427,0.40408769155941265,0.0,0.172497254551765,0.9375,0.7886379500051044,0.4133556446170497,0.37542981636278894
10.253567318269916,0.9959088185855438,2.361278151604254,0.7879699962179805,Si1,Si1,combo_002,gp,0.46201200947740517,0.5379879905225948,0.9240240189548103,0.06566844757606866,0.34983071071171895,289.17257200292715,10.33931338844573,0.42868602019020646,0.0,0.5240203400229207,0.9375,0.7886127412377923,0.47725220961148096,0.4502386649186949
13.645302523672271,1.1970020083191941,1.4004917569515416,2.4013656564501087,A2,Si3,combo_014,gp,0.5474068308106581,0.4525931691893419,0.9051863383786838,0.08774143907210671,0.46884355153156587,287.38794245122875,9.739583216353072,0.41403896927765954,0.0,0.47081111770978756,0.9375,0.7884720715730497,0.45696772997927937,0.46742459969130257
8.324073966665088,1.24955579663965,1.3251098837631197,1.656846957982884,A1,PU,combo_007,gp,0.4522599553426261,0.5477400446573739,0.9045199106852522,0.06439045712279362,0.34294006000802046,314.2409491360142,12.24566179084095,0.6344305657816525,0.0,0.6219797366640234,0.9375,0.788464022283591,0.6460428754405841,0.5149282515469986
12.527835127582158,1.0802971499527314,2.485396310717741,1.4036799159355557,A2,Si1,combo_012,gp,0.4452270006184591,0.5547729993815409,0.8904540012369182,0.11729412117310861,0.6281852815058369,285.0608672876065,8.238140155244071,0.39493988601611635,0.0,0.35189969437743707,0.9375,0.788446383994965,0.4199140418807618,0.4640813354947368
9.536337834670707,0.5520445253713895,2.849598286625597,2.0575617038249403,A1,Si2,combo_009,gp,0.46112262521822345,0.5388773747817766,0.9222452504364469,0.09852634119874988,0.526993433041111,308.6137661370237,8.210651935393598,0.5882463950656663,0.0,0.32258641367003754,0.9375,0.7884459567087823,0.5520813620369367,0.4235115180487774
8.764604489167933,1.533871702172509,1.3497005716655834,1.6918527512430324,Si2,Si2,combo_004,gp,0.4292966604587036,0.5707033395412964,0.8585933209174073,0.07221021465324977,0.38510251716245836,287.5861754753546,12.527811870524648,0.4156659339293185,0.0,0.7852534857997282,0.9375,0.7882794729596914,0.511451175206324,0.5619327589422185
15.492284473100344,0.8948019543006517,2.651120033054913,1.8362719041919358,A2,Si2,combo_013,gp,0.5597681224141269,0.4402318775858731,0.8804637551717462,0.153940287912362,0.8257735608099434,281.23273359669355,9.113751789715991,0.36352111397041253,0.0,0.16464342098902923,0.9375,0.7882652546247817,0.38607282573636015,0.5292202229354241
12.360334327780508,1.2897433558981595,1.7305816007289696,0.8205953379768942,Si2,Si2,combo_004,gp,0.5188473392290831,0.4811526607709169,0.9623053215418338,0.04994194941562129,0.2650368021670214,278.3123591788925,9.506814469619439,0.339552625529479,0.0,0.44238281007629865,0.9375,0.7882622449271725,0.4001561605092922,0.3854289479784969
15.131077842333921,0.7367542178559441,2.433404751117216,1.3928690915846913,A1,Si3,combo_010,gp,0.4132565822872891,0.5867434177127109,0.8265131645745782,0.15618057398570387,0.8378527033169937,280.65582370427296,10.070732531038274,0.3587862217580794,0.0,0.4021716837077734,0.9375,0.7882613780921642,0.4140278983155275,0.595385510216445
11.294317599373333,0.7753279768430842,2.7945707255556913,2.2537309293239938,A2,Si1,combo_012,gp,0.5198449554722373,0.4801550445277627,0.9603100890555254,0.07090093801882781,0.3780431780733469,297.6388058650812,8.416197277438895,0.4981712297668863,0.0,0.3178867498936306,0.9375,0.7881527903104775,0.490173249934142,0.37632462418757107
14.081224848397273,0.8777376780050882,2.1684775620428036,1.4310652321605128,A1,Si1,combo_008,gp,0.4030326631971093,0.5969673368028907,0.8060653263942186,0.16358606192396888,0.8777815075911324,280.1767009795649,8.445619636544034,0.3548539014984049,0.0,0.44962144223859224,0.9375,0.7881340792286504,0.4032556893178772,0.571802093150656
13.748428501956305,0.8623320053617956,2.393858393706239,2.2749860523738894,Si2,PU,combo_003,gp,0.46977954626682106,0.5302204537331789,0.9395590925336421,0.042374409317243705,0.224234247366614,280.87510941283875,9.491252975517577,0.36058597282389604,0.0,0.5953082191716838,0.9375,0.7881058451068987,0.43004981570239853,0.3936590642838275
14.87484318631081,0.9341967710709684,1.8490544369519273,0.8722050293186083,Si3,Si3,combo_006,gp,0.5482118066271653,0.4517881933728347,0.9035763867456694,0.09522165664288146,0.5091752819727354,284.2574327057823,10.975802730745324,0.38834583000394246,0.0,0.427866233097389,0.9375,0.7880884371295006,0.4443980149737318,0.5090838709693819
15.960038550583036,1.0277932097444356,2.1255531144361646,2.49153561100424,A2,Si3,combo_014,gp,0.42764759500232685,0.5723524049976731,0.8552951900046537,0.1190573951419157,0.6376924769491498,283.142395011955,10.026963336120641,0.3791943431559549,0.0,0.5019266934277835,0.9375,0.7880814130071838,0.437945296123168,0.5390894239456445
14.296900816116777,0.9364639481570316,2.449553011422809,0.6263833328454729,Si3,Si3,combo_006,gp,0.45443387640894173,0.5455661235910583,0.9088677528178835,0.07583994538325044,0.40467324755783834,278.86066814945576,11.651118457817091,0.3440527804215703,0.0,0.5260158469034963,0.9375,0.7880755705405121,0.4285121553335125,0.5057956988989907
14.558618198470027,0.47412125571015656,2.984406835606741,1.7015041382165834,Si3,PU,combo_005,gp,0.5522023791427699,0.44779762085723007,0.8955952417144601,0.07551573221138873,0.40292515960059877,293.33045562086227,10.066916271773366,0.4628111600447955,0.0,0.5896307827361191,0.9375,0.7880271175590488,0.5055612899489741,0.47117482202464633
9.377300751549313,1.1874694312859186,2.1992930073971015,0.8868233379222998,A2,Si2,combo_013,gp,0.5346452929273227,0.46535470707267734,0.9307094141453547,0.04117540362968343,0.21776946559648938,306.55060092286993,10.409291088194008,0.5713133089224124,0.0,0.6432835433673509,0.9375,0.7879874230352966,0.5895672766997342,0.4238304658744604
12.165078495325975,0.6843241754644314,2.933972394774764,0.6211607479059411,Si1,Si1,combo_002,gp,0.5392656950196368,0.46073430498036316,0.9214686099607263,0.04871821129239863,0.2584386684029406,283.97634809498265,12.110853154185856,0.3860388747026599,0.0,0.6382300207175708,0.9375,0.7879452008285636,0.4727348564097801,0.48408428421022864
8.909349451450835,1.069027211041757,1.9540260943853864,1.2633376068032516,Si1,Si1,combo_002,gp,0.5320044816424314,0.4679955183575686,0.9359910367151372,0.06629678294659702,0.3532185604033928,297.4351960843121,10.051153260687661,0.4965001362772713,0.0,0.458871521005385,0.9375,0.7879348198342021,0.5159438354871413,0.43373028226579063
9.635271133074177,1.0743338237411653,1.6290326206149934,1.655235140650137,A1,Si3,combo_010,gp,0.4556347567074539,0.5443652432925461,0.9112695134149078,0.08041911005974557,0.42936312236839136,293.9844528367888,10.206847111848774,0.46817873367329665,0.0,0.48455765460475575,0.9375,0.7879221797992351,0.49991037505466324,0.46851397709973047
14.695534898444393,0.9831049916191346,1.384803383140441,0.9434988857645732,A1,Si2,combo_009,gp,0.5649455573962996,0.4350544426037004,0.8701088852074008,0.10167820865096146,0.5439876270289374,282.82294138494643,10.312649550861797,0.3765724805209116,0.0,0.541362720571574,0.9375,0.7878679276256197,0.4422975369571128,0.5200619274194747
12.611799838877626,1.0300860455476561,1.7847987768943323,1.385225383833904,Si3,PU,combo_005,gp,0.46345820711583485,0.5365417928841651,0.9269164142316697,0.09308001168839979,0.49762799124387774,299.1996372694566,7.91846221757619,0.5109814945212896,0.0,0.3303104872218748,0.9375,0.7878053022752142,0.49647331483608254,0.40635963984011153
9.432291840627279,0.7810732728102234,2.3237455139464394,2.317204611959758,A1,Si3,combo_010,gp,0.4609424133155642,0.5390575866844358,0.9218848266311284,0.07376546058299664,0.39348806999094116,298.8689700437441,10.026333178932461,0.5082675981356155,0.0,0.4756541462444893,0.9375,0.7877218359903349,0.5256643702777547,0.4496596757878149
11.84883630290945,0.9992246943081637,2.9550856888994206,0.6291626626669098,A2,Si3,combo_014,gp,0.47742940659544786,0.5225705934045521,0.9548588131908957,0.04566105334651055,0.2419551277808906,284.8847553544838,11.602084852014515,0.3934944765481957,0.0,0.4998929851540851,0.9375,0.7877018686228624,0.46012391862804264,0.44357794534756456
12.58693939559093,0.7734724204457288,2.68699461078391,1.1101298784596705,A1,Si3,combo_010,gp,0.4295792456126719,0.5704207543873281,0.8591584912253438,0.1230174579458307,0.6590442871106101,284.74477878913785,10.051809407070177,0.39234564211517053,0.0,0.4546374248661392,0.9375,0.7875534670161037,0.44261743370650175,0.5401522103060741
14.244003122868195,0.5857836305476436,2.2968860719056883,1.8294144114152089,Si1,PU,combo_001,gp,0.5402864397079128,0.4597135602920872,0.9194271205841744,0.08489217874621424,0.4534809503326929,291.0988833535905,8.157296657170841,0.4444959009577482,0.0,0.41510784672911755,0.9375,0.7875387797554502,0.4602890767757604,0.41019357463929745
9.651141556336789,0.9357919742254743,2.7732593258259595,1.4084997585480599,A2,Si2,combo_013,gp,0.4649014822358595,0.5350985177641405,0.929802964471719,0.059878811509376115,0.31861423351904655,309.8429237652315,9.005731902044849,0.5983345023385576,0.0,0.5250351402607529,0.9375,0.7874981292717756,0.5856329199062541,0.40280364262193913
11.906072177270898,1.5455091037487811,1.2155350127385567,1.0728344407305832,A2,Si1,combo_012,gp,0.556757730138699,0.443242269861301,0.886484539722602,0.08460735808013356,0.45194525832644417,293.3282901396923,11.328815658955165,0.46279338721742264,0.0,0.5703123380627424,0.9375,0.7874961629869145,0.5135286797715457,0.5201249533194314
9.189564064823958,1.3113569024982392,1.3332976615589054,0.8909768176295128,Si1,PU,combo_001,gp,0.4465956868768899,0.5534043131231101,0.8931913737537798,0.07416332061909658,0.3956332460606841,315.12467017044594,12.294432405730236,0.6416835595312471,0.0,0.6051350153429017,0.9375,0.7874798187488216,0.6498185710721922,0.5321849109537764
12.45768275697819,0.7871028551300436,2.8864568210999106,1.9776230362304157,A2,Si3,combo_014,gp,0.47992890769073426,0.5200710923092657,0.9598578153814685,0.0690938239235804,0.368299606061389,289.79425592899287,8.455281653534385,0.43378838785408985,0.0,0.32601085900757676,0.9375,0.7874579755846481,0.446224662418761,0.37520745854311427
15.115017645393138,0.8220286663767928,2.270584115187434,1.4776103035439916,A1,Si1,combo_008,gp,0.395584568813689,0.604415431186311,0.791169137627378,0.16581405317231443,0.8897943590360737,278.97871406325356,9.132967120799082,0.34502162267108305,0.02943620790874031,0.499224485060536,0.9375,0.7873971625889192,0.40673221636962864,0.6023429104000654
13.783291058548626,1.022341236760494,1.4495446669804155,2.444219920470565,Si1,Si1,combo_002,gp,0.47210728296075644,0.5278927170392436,0.9442145659215129,0.06131677863685306,0.32636744417367414,280.1875663938069,11.3791539592622,0.35494307758284055,0.0,0.4476078320195963,0.9375,0.7873640319318498,0.42615839805464245,0.45915089217015587
8.03164831664542,1.5897988011802475,1.2135512974227622,1.6342059291979811,Si2,PU,combo_003,gp,0.4453668755458864,0.5546331244541136,0.8907337510917728,0.06260004434037081,0.33328653789641394,304.05888274092354,13.85521821781407,0.5508629454080601,0.0,0.6889185544266854,0.9375,0.7873479282734693,0.6068817942833947,0.5658386411205423
12.005043803008899,1.023984659729337,1.514391848944726,1.4440226605565498,A1,Si3,combo_010,gp,0.4287558418445485,0.5712441581554515,0.857511683689097,0.13651863368905873,0.731839733975979,287.70376504434887,8.352733119583482,0.4166310308045801,0.0,0.3748740261776086,0.9375,0.7873231002290547,0.4382953547091112,0.506956817666739
8.984331049003327,1.2545940090177221,1.7562180188294971,1.0540581625891865,A1,Si1,combo_008,gp,0.424710831300672,0.575289168699328,0.849421662601344,0.09937711721700382,0.5315806350455141,295.17374894883864,10.688971962610466,0.4779396841667533,0.0,0.6478553396896183,0.9375,0.787275790315053,0.5268596916097099,0.5420388487534453
13.881738091935027,0.8248103479016318,2.581874043188442,2.3823008521310416,A2,Si1,combo_012,gp,0.5572304701311879,0.44276952986881213,0.8855390597376243,0.11038996386344012,0.5909595445667254,283.49181451433975,8.80223061978282,0.38206214574075226,0.0,0.40935003105461293,0.9375,0.7872630511883584,0.4210753445909197,0.4751772833908074
14.331438154875237,1.0448757613473032,1.8953769468335326,0.8937786745119906,Si3,PU,combo_005,gp,0.4298036436308905,0.5701963563691095,0.859607287261781,0.1267634746106877,0.6792420063514817,291.33054874967735,9.44196076407973,0.44639725625466686,0.0,0.42641409196234664,0.9375,0.7872516835986811,0.4728411323281422,0.5262225691551131
9.239213846565914,1.0028992554467373,1.9791839816292331,1.4681591164179415,A1,Si2,combo_009,gp,0.4454551958890818,0.5545448041109182,0.8909103917781636,0.08455698594029086,0.4516736625410731,298.5974436236454,9.496113169623651,0.5060390900984698,0.0,0.5480442751114158,0.9375,0.7872496275658737,0.5271787781164584,0.4663068795334459
8.389655903429299,1.1035976407247317,1.666320694300245,1.9849429627883306,Si3,Si3,combo_006,gp,0.5438197162753511,0.4561802837246489,0.9123605674492978,0.05826636287842877,0.30992025598185763,298.9856330977869,11.28486820502049,0.509225090793154,0.0,0.6146707751748878,0.9375,0.7872443498644089,0.5501215276952257,0.4758618090487353
10.360015103394705,0.6659688081372606,2.385083894375868,2.4681008144222947,A1,Si2,combo_009,gp,0.4551683036390699,0.5448316963609301,0.9103366072781398,0.10516725084195545,0.5627997949657135,295.39572803709956,9.109527234387453,0.479761540699491,0.0,0.32640110489460933,0.9375,0.787217641449413,0.48358371077775386,0.4613269202674636
8.264967395824963,1.1651105961929593,1.6664898142597113,2.2087362006720763,Si3,PU,combo_005,gp,0.46153017447120703,0.538469825528793,0.9230603489424141,0.08066415603732115,0.43068435777628705,311.241697668326,12.039185697616839,0.6098147070422563,0.0,0.4223323084413191,0.9375,0.7872021806134476,0.6072252508677858,0.5100154093171592
13.17952006328577,0.9926892056605638,1.7531455939666887,1.6191095154590314,Si1,Si1,combo_002,gp,0.47765366175001844,0.5223463382499816,0.9553073235000369,0.06984989964396975,0.3723762043500532,283.0691244588957,9.183996409348648,0.37859298724989116,0.0,0.34015393005987904,0.9375,0.7871651642176645,0.4147259291208816,0.3987888186713953
15.908573359357602,0.9602586203789163,1.5864195231987372,1.7878953807982096,Si3,PU,combo_005,gp,0.4612672512120497,0.5387327487879503,0.9225345024240994,0.07179562610542752,0.38286714454173504,286.9262316737718,10.73524417752161,0.410249554685792,0.0,0.4800433600700092,0.9375,0.7870748790325255,0.46305885129612845,0.46608939913186465
14.074195509013101,1.317668903966086,1.5035312767268112,2.1280387022860774,A2,Si1,combo_012,gp,0.5392235543126418,0.4607764456873582,0.9215528913747164,0.09398767942872945,0.5025219412241763,282.9900548653422,10.35589636385313,0.37794403668123633,0.0,0.34278708542944863,0.9375,0.7869388649438372,0.42373974781333934,0.4769514898202307
9.787941388017044,1.202454561613949,1.572552103956023,0.5298471038641968,A1,Si1,combo_008,gp,0.5794527239322349,0.4205472760677651,0.8410945521355302,0.10333085648509534,0.5528983500566858,295.42227939014276,12.399761784428195,0.4799794565237867,0.0,0.6588608218906961,0.9375,0.786922015820207,0.5428255964495026,0.5981821772316827
14.833102040776815,0.8221253724212965,2.9030482046652946,1.3542978415852893,A2,Si1,combo_012,gp,0.5827803583716218,0.4172196416283782,0.8344392832567564,0.1416810934022052,0.7596746106482167,281.865227761423,8.542368778966088,0.36871220487432843,0.0,0.44626209260535393,0.9375,0.7868722319421853,0.41338048949124995,0.5326205064830754
10.448949000508813,0.7921168395190098,2.8012969828605288,1.5934187847317285,A2,PU,combo_011,gp,0.556751154342038,0.44324884565796197,0.8864976913159239,0.10664377851312325,0.5707609158099965,322.23811832416277,8.724530185301482,0.7000660048808137,0.0,0.42511820878795686,0.9375,0.7868140853249387,0.6446445603714978,0.4683369281181561
10.17256654299542,0.9272607584190411,1.9534505017377652,2.30199287256319,Si3,Si3,combo_006,gp,0.5415277356606651,0.45847226433933486,0.9169445286786697,0.07057355065185049,0.3762779755361424,292.6968421276983,9.605668089853214,0.4576108824384893,0.0,0.5114407449042483,0.9375,0.7867636358695215,0.4904791863672275,0.4374396327677974
8.837424762749304,0.6752313633942414,2.791415876877459,1.610080518234236,A1,Si1,combo_008,gp,0.5255540697539445,0.4744459302460555,0.948891860492111,0.09488664175521429,0.5073689534782326,310.7436557781636,10.283724856570906,0.6057271108714724,0.0,0.20794786939426083,0.9375,0.7867406033623092,0.569137102090008,0.45643799551844993
11.832654681771078,1.3580407462795998,1.5520135192941287,1.3015138313170014,Si2,Si2,combo_004,gp,0.45518639708473074,0.5448136029152693,0.9103727941694615,0.06305055572302429,0.3357155987457733,280.1639544041097,9.803527813982239,0.354749286095463,0.0,0.5894544689934008,0.9375,0.786715847139354,0.4278315441070657,0.44038421920318604
12.518089870999777,1.2453295677797078,1.6193061083881564,1.2027336833646314,Si2,PU,combo_003,gp,0.5242200397638541,0.4757799602361459,0.9515599204722918,0.0835655592361654,0.4463281021740605,289.6567954420759,9.96124158730869,0.4326602037172644,0.0,0.2670691172367516,0.9375,0.7867099304548084,0.4513694249141889,0.4350765004059343
8.628365756896397,1.5135084563062557,1.239492102785361,1.5272307532685268,A2,Si3,combo_014,gp,0.47267635665686925,0.5273236433431308,0.9453527133137385,0.026702835114663197,0.13973647703480788,304.05323912459204,11.623060529264762,0.5508166263634945,0.0,0.6565295191024453,0.9375,0.7866840996624572,0.5860778317889188,0.4318735398123478
14.597407711461713,0.9696857177394104,1.1979780866912642,0.7330167291985081,A1,Si3,combo_010,gp,0.582319498860528,0.41768050113947197,0.8353610022789439,0.1295696550299661,0.6943723299241291,284.74891448034685,11.02822501306221,0.3923795851145113,0.0,0.5172227189090272,0.9375,0.7866727925054919,0.45656904654351427,0.588747451063387
10.225459325233402,1.0102034811435825,2.4498654675470717,2.01554268600706,A2,Si1,combo_012,gp,0.4886954033317288,0.5113045966682712,0.9773908066634576,0.06267624664748894,0.3336974044094003,298.7937919325983,8.662131576820963,0.5076505862630877,0.0,0.278639381828865,0.9375,0.7866599118093476,0.4948157704939993,0.36167747556194985
15.164475442958668,1.2855621450491492,1.4593659176831806,1.5065848424359072,A2,Si3,combo_014,gp,0.43095374531202424,0.5690462546879758,0.8619074906240485,0.10424510178962432,0.5578277648538478,284.7800900722094,9.004326283938356,0.3926354536115925,0.0,0.5538180635516511,0.9375,0.7866521747522216,0.44451083760266324,0.49080717524943623
11.46815994403811,1.0857394312626627,1.903747966591939,2.249436715170809,Si2,PU,combo_003,gp,0.5228998313058284,0.4771001686941716,0.9542003373883432,0.07657810791801008,0.40865326178764005,287.61555270914357,10.170412790015755,0.4159070427009218,0.0,0.29827662399007987,0.9375,0.7866087095729454,0.4444059124332786,0.43232175572687476
8.84359961639368,1.01312898555189,2.57803327783507,1.2750818533109614,A2,Si3,combo_014,gp,0.5162540651255298,0.48374593487447015,0.9674918697489403,0.038481477192734696,0.20324439144518983,307.91649774259275,9.28161331019594,0.582523680419806,0.0,0.477620620450488,0.9375,0.7865722003248351,0.571990822020489,0.3628962729589059
12.038642462539055,0.7747159265681268,2.1574474569173914,1.40868369613101,A1,Si3,combo_010,gp,0.5926789807193131,0.40732101928068687,0.8146420385613737,0.1354713403890877,0.7261929528940619,289.8490161642787,8.947314051734962,0.4342378233985427,0.0,0.575049750671123,0.9375,0.7864910490886947,0.4753078586781241,0.5513524214257017
12.501195331278495,0.756032474540997,2.8262540957350697,2.2432093197541763,A2,Si3,combo_014,gp,0.5179891213844172,0.4820108786155828,0.9640217572311656,0.08211305407942443,0.4384965055805381,290.6221352516084,8.862220516292359,0.44058307002006364,0.0,0.2162496355852367,0.9375,0.7864704999267419,0.44320114679533207,0.3944993420706474
10.483021019255425,0.8045580162252104,2.516416591751042,1.095175122931463,Si1,PU,combo_001,gp,0.44827240092485,0.55172759907515,0.8965448018497,0.09742717672931227,0.5210669737272708,309.1478163126884,9.325463507401798,0.5926295232646652,0.0,0.433940658234943,0.9375,0.7864628870846173,0.5750413401712368,0.4687876677584552
14.15243926358586,1.4015960154716676,1.2094587636235572,0.5242005929402918,Si2,Si2,combo_004,gp,0.5371710792042421,0.4628289207957579,0.9256578415915158,0.04476098713617741,0.2371021636216407,277.272733397386,13.533199778854701,0.3310200694383672,0.0,0.6316646089009355,0.9375,0.7864002279250673,0.4447370706414008,0.5147334126082903
13.32106890198424,1.2554595900246142,1.1354136278580604,0.9844610020441025,Si3,Si3,combo_006,gp,0.43639855204502,0.56360144795498,0.87279710409004,0.07537802933087098,0.40218269517286437,288.4075994391318,11.162308721800768,0.4224076348087983,0.0,0.6837233598768747,0.9375,0.7863476595938049,0.4952919151111329,0.5151422689425369
15.685073524876266,0.7480401308423812,2.5488825715623786,1.7040275834335976,Si3,Si3,combo_006,gp,0.4289166259668491,0.5710833740331509,0.8578332519336982,0.09618997235440374,0.5143962328193592,281.6953217649592,10.48992859843641,0.3673177296017522,0.0,0.6212241939351855,0.9375,0.7863075545501904,0.4451978090858247,0.5265577369758324
15.594734901028605,0.6468091704961283,2.31267501035982,1.7464219678673296,A1,Si2,combo_009,gp,0.5449118323942059,0.45508816760579407,0.9101763352115881,0.1094836217233193,0.5860727419387318,281.7608731232612,9.003361884460697,0.36785573149773243,0.0,0.29242486982744287,0.9375,0.7862812516447036,0.40101813780871115,0.4614574258741122
12.265894226506461,0.8828488840006714,1.8089540269583555,2.066344532354551,A1,Si2,combo_009,gp,0.42628740423651834,0.5737125957634817,0.8525748084730367,0.13457202589679057,0.7213440418374002,286.20716610109724,8.471684320520227,0.40434794331641827,0.0,0.4015917307145389,0.9375,0.7862178129831705,0.4333032742857104,0.5105610673749441
14.484429244626142,1.0617746250489968,2.6647087448331135,0.5812035885652951,A2,Si1,combo_012,gp,0.558703455748315,0.44129654425168496,0.8825930885033699,0.12188652877192944,0.652946559316161,278.6775524515027,9.129969934169479,0.34254988871597664,0.0,0.3416629124197202,0.9375,0.7861781428904435,0.38922230372906375,0.4957295489742926
15.549677655387796,1.2106163163600743,1.3989774934419772,0.832103775616049,Si1,Si1,combo_002,gp,0.4187144606899835,0.5812855393100165,0.837428921379967,0.0992106354326487,0.5306830009344143,278.7763476311558,13.237985166603492,0.34336073375937254,0.0,0.6959476323034481,0.9375,0.7861372314799322,0.4574850545906246,0.619013417223079
12.026496965772317,0.992796278427805,2.1333601326783507,2.120199694378566,Si2,Si2,combo_004,gp,0.5341625177528755,0.4658374822471245,0.931674964494249,0.08215032448583087,0.438697459626379,282.23897621533223,9.418527757507121,0.37177968329173133,0.0,0.3641688309837654,0.9375,0.7861139987684651,0.4142002489992289,0.43205099210503906
8.487207689315937,1.262348142124189,1.5186520248141806,1.6606808766844554,Si1,Si1,combo_002,gp,0.48953342022977253,0.5104665797702275,0.9790668404595451,0.04973789557976519,0.26393658760436095,294.0219451226569,10.999509937918818,0.46848644538826584,0.0,0.3477397775857316,0.9375,0.7860033298562642,0.4926700100760152,0.4118830942091818
13.005315788184767,1.0212155822223907,2.5735247820304883,1.0437334927414277,A2,Si1,combo_012,gp,0.5773706383196213,0.4226293616803787,0.8452587233607574,0.12793256230718347,0.6855454767239714,284.8180709251267,8.883496198452475,0.39294717515954714,0.0,0.47601696728676557,0.9375,0.7859841752373089,0.4359998648675911,0.5205164712917155
12.97641585092133,1.0855187638317856,1.4763714185294423,0.7852715847002989,Si3,Si3,combo_006,gp,0.5523845992691179,0.44761540073088213,0.8952308014617643,0.07822311199580091,0.41752277131892673,290.09037193169064,10.875735861176759,0.43621871081013774,0.0,0.5573132910063376,0.9375,0.7858794371708967,0.4900677552400338,0.4936716136156378
10.638929414949972,0.7555106546038736,2.804514117697426,1.0387812260885385,A1,Si2,combo_009,gp,0.46415085048629123,0.5358491495137088,0.9283017009725825,0.06285543455799358,0.33466354723030245,294.39510560551275,9.917000457051246,0.47154909813081314,0.0,0.5001904702521506,0.9375,0.7858445791203812,0.5015562913138509,0.429745876658162
14.563495227304124,0.8988661493957756,2.844065580070335,1.029153824749359,A2,Si3,combo_014,gp,0.5430455545972137,0.4569544454027863,0.9139088908055726,0.10366576144683363,0.5547040858541327,279.3137927767707,10.612297967127548,0.3477717256108923,0.0,0.3084103830016984,0.9375,0.785834976740152,0.4011953837965151,0.49710746898972347
14.161378889978646,0.5528234843230996,2.28147294348926,2.397915349502873,A1,Si2,combo_009,gp,0.5769163917831008,0.42308360821689917,0.8461672164337983,0.11775585781232437,0.630674866533473,282.1869089612811,8.919170619958795,0.3713523499439016,0.0,0.5349024136650595,0.9375,0.785802031500426,0.4270522390444985,0.5111252998468896
15.826577305474196,1.2293613014283638,1.1359440056423575,1.52807852413545,Si2,Si2,combo_004,gp,0.5529218692901878,0.44707813070981217,0.8941562614196243,0.07147674825259706,0.3811478234815744,281.2623404397415,13.869708368186798,0.3637641072219084,0.0,0.604366880838832,0.9375,0.7857831763738636,0.46757125407404143,0.5703056886162543
15.84553756755346,0.674532079785026,2.706023757261181,0.6326140710791451,Si3,PU,combo_005,gp,0.5879591751243254,0.4120408248756746,0.8240816497513492,0.11936867702467616,0.6393708421661944,287.14129783997197,12.977235898793799,0.41201467455781393,0.0,0.6273985498905519,0.9375,0.7857587730380273,0.4966398319038269,0.6396035437768077
9.572991866303164,1.2219474044369865,2.1502711200280835,0.6864380879313844,A2,Si2,combo_013,gp,0.5449331758949825,0.45506682410501753,0.9101336482100351,0.03992542261044377,0.21102983575984935,304.23134780973993,10.931353103930288,0.55227842384233,0.0,0.7290905323072367,0.9375,0.7856742889181209,0.5889241279397169,0.448694645429801
11.045213943730278,1.2941067944287954,1.6842006855776017,1.519800526169494,Si2,PU,combo_003,gp,0.45759925014222347,0.5424007498577765,0.9151985002844469,0.0779766971144173,0.41619415507499746,293.4721086527346,9.37871263423135,0.46397375379865125,0.0,0.46363514477368656,0.9375,0.7856169618891404,0.48836999911704587,0.438000225424477
11.608072778859574,0.5751312655004391,2.9307721445535293,2.004742692211255,Si3,Si3,combo_006,gp,0.5257453238378318,0.4742546761621682,0.9485093523243364,0.06325540192864744,0.3368200855964457,292.70083432360184,8.360381928029962,0.4576436477239215,0.0,0.40144268557227714,0.9375,0.7856012698829122,0.46972113058256304,0.37289551295966344
9.970674514559693,1.0257001776628758,2.3899511262262516,0.5735401768542925,A1,Si3,combo_010,gp,0.4303031168809355,0.5696968831190645,0.860606233761871,0.08104186908130212,0.43272090558118953,290.6701422575775,11.515275496035713,0.4409770795554983,0.0,0.6984661729134428,0.9375,0.7855545319719557,0.5125372094697613,0.5377454706039217
11.634827694981372,0.9424360747076856,2.1996967638845417,2.4139675646636647,Si2,Si2,combo_004,gp,0.5395055136004885,0.4604944863995115,0.920988972799023,0.09487616105557804,0.5073124437913734,283.80321446179875,9.851728085941936,0.38461790913728217,0.0,0.3288817679426628,0.9375,0.7855489807968141,0.4230609024726185,0.4626822830062718
11.34452856953372,1.1114708191509046,1.5111912816168014,1.1191822468651182,A1,Si3,combo_010,gp,0.41591626153609695,0.584083738463903,0.8318325230721939,0.1256180194532328,0.6730659575660272,288.40457900230723,9.238229167918842,0.42238284507475776,0.0,0.5499250499475007,0.9375,0.7855469387311658,0.4667819165081526,0.5369868125039869
8.957281589099617,0.9194763707246554,2.844089095565969,1.650445707736976,Si2,Si2,combo_004,gp,0.4449604380999119,0.5550395619000881,0.8899208761998239,0.0807406175276605,0.43109662174967,298.1996506080875,10.271813467880369,0.5027742699311766,0.0,0.5627890732853423,0.9375,0.7854542714452268,0.5324606750016375,0.48264140412966466
14.455239565320582,1.541229419932788,1.4720336677534658,0.8970197163094972,A2,Si1,combo_012,gp,0.42280633995022754,0.5771936600497725,0.8456126799004551,0.10694336790919187,0.5723762376440139,281.53721563810024,10.981689990159396,0.36602009980094286,0.0,0.6028703933355027,0.9375,0.7853932053376493,0.4463166617382194,0.5576166760797621
11.365027662609068,1.0237297194120516,1.438015224508573,1.3943155774268665,A1,PU,combo_007,gp,0.5700458583969237,0.4299541416030763,0.8599082832061526,0.11293402181323652,0.6046765599459017,304.99547405001476,9.412667930060474,0.5585498631638782,0.0,0.4981410287200988,0.9375,0.7853911436613586,0.5582905682668584,0.5100784144195487
9.383028030174685,0.8983426857855689,2.6385962521952715,1.0415771992009297,A1,Si1,combo_008,gp,0.44364848415865765,0.5563515158413423,0.8872969683173153,0.09915362425013496,0.5303756088534326,299.18989356626173,10.708617082470425,0.5109015246941417,0.0,0.4575965382967701,0.9375,0.7853728461096557,0.5310614037806654,0.5136183331710288
9.175278747834465,1.3543607057832054,1.597244569608808,1.6747838174801302,A2,PU,combo_011,gp,0.4697354639490854,0.5302645360509146,0.9394709278981708,0.08443382516802306,0.4510096060452516,321.5820793738818,8.380006605779654,0.6946816740563946,0.0,0.3068875093360221,0.9375,0.7852960504465422,0.6263463747687801,0.3992180705011974
10.13967022840545,1.086799953238001,2.3278615250316443,1.1138032612469033,Si2,Si2,combo_004,gp,0.5366973974813192,0.46330260251868083,0.9266052050373617,0.05284970495549211,0.2807147970265668,286.6690581701637,9.691807996973912,0.40813884582908777,0.0,0.567270702758769,0.9375,0.7852955811529582,0.4621083483334651,0.41473508529340736
15.484030440543838,0.9853007120270667,2.8138805337322745,0.6957886406791765,Si2,PU,combo_003,gp,0.43049161790133894,0.5695083820986611,0.8609832358026779,0.10545782150728615,0.564366489735932,274.80587039329856,12.594686415925938,0.3107737006719413,0.0,0.5397345628210336,0.9375,0.7852874055226648,0.41399999033094503,0.5896857583554208
13.286680554919094,0.8622432367246852,2.695181116285595,2.1168242171833365,A2,Si2,combo_013,gp,0.4520002748720202,0.5479997251279798,0.9040005497440404,0.10751532762208395,0.5754601218686787,286.14300326224156,7.66206204667155,0.4038213374633894,0.0,0.32563829150161994,0.9375,0.7852494775444623,0.4189800725989819,0.42585136166484633
14.15493001220664,0.7758227186149803,2.6931132260866795,0.5401743700478715,A1,Si2,combo_009,gp,0.554682391107832,0.445317608892168,0.890635217784336,0.07296588912673792,0.38917695201380187,278.0160068102762,11.893495377522552,0.33712036263937634,0.0,0.6066204056556792,0.9375,0.7851798491048492,0.4336236848975771,0.5191258607487427
14.72626974150935,0.4789498819018525,2.5659346309685573,1.748835812124843,Si1,PU,combo_001,gp,0.5489808773514824,0.4510191226485176,0.9020382452970352,0.10932918228977975,0.5852400376030531,290.8007668247307,7.876303560204993,0.4420491590151834,0.0,0.3210365669200719,0.9375,0.7849621738745031,0.4469621498863527,0.43447378479208937
11.618844072594094,1.2976343010178113,2.1295603777538576,0.5832413255690699,A2,PU,combo_011,gp,0.4166864228025986,0.5833135771974014,0.8333728456051972,0.12312493718203425,0.6596237921238761,305.0298919311283,9.760068601383363,0.5588323422119766,0.0,0.5531670052403718,0.9375,0.7848604551218211,0.5667195836478282,0.5471142305433381
15.431121538426913,0.7952468202808801,2.986335782578032,1.6395511908271532,A2,Si2,combo_013,gp,0.5658218941266284,0.4341781058733716,0.8683562117467432,0.12568320881762748,0.6734174446514656,280.488148759424,9.547317405747142,0.3574100574714218,0.0,0.37348824400712577,0.9375,0.7848355637979406,0.4060850393509649,0.5191414537499818
9.250099388581337,1.3508918295732835,1.5670917721955893,2.4205699891713213,A2,Si3,combo_014,gp,0.4566576802745175,0.5433423197254825,0.913315360549035,0.06695062805932823,0.35674395315934443,293.8929074218531,10.391035847628302,0.46742738987082666,0.0,0.5353668675462715,0.9375,0.784724758112727,0.505912078742673,0.4557821805123466
13.761690612493004,1.5379808329352826,1.5452838097262764,0.7966785045702662,A2,Si1,combo_012,gp,0.42827077453026163,0.5717292254697384,0.8565415490605233,0.10461969486546414,0.5598474904590129,282.8547850605335,10.598205035336594,0.3768338322043031,0.0,0.5612814667872639,0.9375,0.7847139822752394,0.4467152728913101,0.5364508945222444
14.418661560913414,1.1295103036201097,1.522279677128529,1.1218710822944757,A1,Si1,combo_008,gp,0.4093326186267632,0.5906673813732368,0.8186652372535264,0.15565235887260337,0.8350046806017514,279.41686454553826,10.136147031122656,0.3486176700498085,0.0,0.41382299404190603,0.9375,0.7846501999964538,0.4085888458297441,0.5979347081843053
11.410229352836534,1.33068604820328,1.3879893112356188,1.8131496173617343,A2,PU,combo_011,gp,0.5345911902220877,0.4654088097779123,0.9308176195558246,0.05146920768732492,0.27327145153992966,303.94311465690174,9.370554303369202,0.5499127980684616,0.0,0.5507547254543269,0.9375,0.7845796788621318,0.5571752080047778,0.40082093569710137
14.212537597432792,1.1535576782474375,1.3783126018950413,0.774599069220198,A1,Si2,combo_009,gp,0.42254396171182407,0.5774560382881759,0.8450879234236481,0.11398305484304161,0.6103327212783322,279.3761362098805,10.169233172277655,0.3482833989931654,0.0,0.5535740925390612,0.9375,0.7844891694275508,0.42258984330433325,0.5411717579715151
15.860694273833612,1.239143617336303,1.9541403567090385,0.6147760611662454,A2,Si2,combo_013,gp,0.5574355857317244,0.44256441426827564,0.8851288285365513,0.08839208671197889,0.4723517041989474,279.016912129984,11.627683195428101,0.345335126965366,0.0,0.5286462801710744,0.9375,0.7844380593309022,0.4294887673654626,0.5292334651493891
15.965622464596432,0.6005107148995421,2.1876850947346296,2.283693196998019,Si1,PU,combo_001,gp,0.4421318595588559,0.5578681404411441,0.8842637191177118,0.09346073180054731,0.49968075251604427,284.0359069597724,9.670157790534379,0.38652769420250416,0.0,0.4999651079532285,0.9375,0.7843658270164818,0.44007992968319976,0.48068214488503375
8.534032421628096,1.5639104909911603,1.2629375955328943,1.2797711341493254,Si2,PU,combo_003,gp,0.4507045375519141,0.5492954624480859,0.9014090751038282,0.0618433483042667,0.32920659499832367,307.2146918101188,12.755770508420067,0.576763724683395,0.0,0.6200201428475702,0.9375,0.7843032071495915,0.6094868111921594,0.5238509933781397
14.113046438791546,0.49325897140082703,2.7835082725671683,1.7922376598231242,Si1,Si1,combo_002,gp,0.5052869711856509,0.4947130288143491,0.9894260576286982,0.06301455739952504,0.3355215034984133,284.3652820762976,7.756989940859889,0.38923098581643034,0.0,0.20181603593327602,0.9375,0.7842995243953301,0.39713021854368585,0.3259091686904356
10.958488315683146,0.979971814198635,1.8588694685834235,0.6453940700096297,A1,Si3,combo_010,gp,0.5845901226100523,0.4154098773899477,0.8308197547798954,0.1109040589671871,0.593731435216866,291.6014997850646,11.079041783635853,0.4486210419172699,0.0,0.6379209635068199,0.9375,0.7842636422236872,0.5084070345743628,0.5730248779374972
10.451741158259424,0.9282351089161525,2.076293649864484,0.7553916220225372,A1,Si3,combo_010,gp,0.5880226030734832,0.4119773969265168,0.8239547938530336,0.10489927927127476,0.561354949671799,293.86940308158677,10.912780062969727,0.46723448189829003,0.0,0.7079766226266944,0.9375,0.7842546141782284,0.5271360943869976,0.5676307575634719
13.626703251220674,0.9018811219568768,2.205453215454021,1.2602584748024914,Si3,Si3,combo_006,gp,0.4579976560058867,0.5420023439941133,0.9159953120117734,0.07762020810938151,0.41427204274065593,283.4729637333125,9.065614916041731,0.38190743108348085,0.0,0.45105265790432175,0.9375,0.7841984809409046,0.42720607703186436,0.42683274683536243
9.632693483006634,1.1336058410253063,1.8517143247815149,0.8931868232077134,Si3,Si3,combo_006,gp,0.4857986373968508,0.5142013626031492,0.9715972747937016,0.03993962374339573,0.2111064052260124,298.3590235946243,9.247534239676405,0.5040822972725753,0.0,0.43030484886390924,0.9375,0.7841614575163027,0.5120826002624639,0.3576137446571366
15.356275110938036,1.1145011067036499,1.715726806359686,0.7951280057511059,Si1,Si1,combo_002,gp,0.41689866487928384,0.5831013351207162,0.8337973297585677,0.10835542243443326,0.5799897330993835,278.13652540202924,11.820373404937754,0.338109498982902,0.0,0.6393552617084844,0.9375,0.7841569170390871,0.4370152243954523,0.5888103671190604
8.706438078121733,1.2837517591685343,1.195934425542595,1.780905261139367,A1,PU,combo_007,gp,0.44232119000025705,0.557678809999743,0.8846423800005141,0.061480650562901154,0.32725100648796684,309.02873722583666,12.684235813337079,0.591652201418752,0.0,0.699086049561502,0.9375,0.7841145883925924,0.6272534614104119,0.5330598638189872
15.339600010372488,0.9398495552865185,2.0434299414916293,2.1907765792829523,Si2,Si2,combo_004,gp,0.5461353029484854,0.45386469705151455,0.9077293941030291,0.09933922928160528,0.5313763514156588,279.99611550644084,10.388544541738034,0.3533717761932417,0.0,0.35118904598058376,0.9375,0.7841132955661755,0.40763579887884294,0.4892083582018718
10.254386160128178,0.8634509081696902,2.818491781869783,1.8704854887267066,A2,Si1,combo_012,gp,0.4711123535554975,0.5288876464445025,0.942224707110995,0.06364384240080762,0.3389144733956474,304.1666976539652,8.612414995146748,0.5517478184165507,0.0,0.41661582719482176,0.9375,0.784110639707729,0.539090975238035,0.38283315846208543
13.907758574365253,0.9846995711982579,1.1078731432339086,1.606280683292118,A1,PU,combo_007,gp,0.5593300654243478,0.4406699345756522,0.8813398691513044,0.09439450829379323,0.5047154752980441,292.15149439380724,10.492505810612956,0.4531350314050115,0.0,0.505309180938517,0.9375,0.7840627140093935,0.49369866193820766,0.5058530700080608
10.852587778059306,0.9222104897824226,1.852257419862302,2.4402332470651356,Si1,Si1,combo_002,gp,0.5203655212520673,0.47963447874793275,0.9592689574958655,0.049070315792573684,0.26033714042649064,285.3179220466044,8.90185159973576,0.397049620296136,0.0,0.42889247443521017,0.9375,0.7840306412645028,0.43430330093611563,0.3651294878131011
15.212080569803407,0.7888330186544532,2.4015773748776192,1.696979714338744,Si3,Si3,combo_006,gp,0.43186844334550756,0.5681315566544924,0.8637368866910151,0.09137644045041825,0.48844270013335667,282.32740962635376,9.824313838195827,0.372505485838467,0.0,0.6062026898216069,0.9375,0.7840119455534122,0.4420989712625384,0.4969223661969939
12.151053200859735,1.1385821672281993,2.0228059513122094,1.733453147970737,Si2,Si2,combo_004,gp,0.45443854700280895,0.545561452997191,0.9088770940056179,0.06821660234133108,0.3635698152421105,279.35450791783,9.033691892799613,0.34810588837505796,0.0,0.5411069083012406,0.9375,0.7838397240280673,0.4122996806005419,0.4217175092574951
13.020020325140873,0.8668921355041412,2.653977194250839,1.6750345470119024,Si2,PU,combo_003,gp,0.45406122117071845,0.5459387788292815,0.9081224423414369,0.06321010190578472,0.3365758375790864,285.833249382191,9.313494663371397,0.4012790838919736,0.0,0.5762531752306035,0.9375,0.7838227586719199,0.45523327420374027,0.4252336122843151
8.037555730487503,0.8787209975208402,1.8710201826774087,2.4739287051492305,A1,PU,combo_007,gp,0.5623488502348692,0.43765114976513075,0.8753022995302615,0.0940303210401715,0.5027518556567426,317.2428604687722,12.772484026470654,0.659068254922244,0.0,0.5338940246968072,0.9375,0.7838203847178598,0.6586186480179048,0.5721323880436676
14.986614742473769,0.6021597864027586,2.4498667075252936,1.53906820413382,A1,Si3,combo_010,gp,0.5821665263948148,0.4178334736051852,0.8356669472103704,0.14452261964246205,0.7749955113144362,283.500001696972,9.989742131901428,0.3821293406836639,0.0,0.3981239602920266,0.9375,0.7837632152245692,0.42932716457807263,0.5705518282499251
10.38483947571379,0.589257124137171,2.705846664733583,2.0410291655328443,A1,Si2,combo_009,gp,0.4612715391657787,0.5387284608342213,0.9225430783315574,0.09900761018939847,0.5295883323227,300.13578542283875,7.732598637805824,0.5186647751501605,0.0,0.28028073494099465,0.9375,0.7836184251606584,0.49538875781564157,0.4049317225615982
8.737615471427626,1.3083675117171998,2.15339489776793,0.5923491547538012,A2,PU,combo_011,gp,0.43871074946527244,0.5612892505347276,0.8774214989305449,0.09355902974065623,0.500210753947939,327.13624890666654,10.56040407285693,0.7402665988640071,0.0,0.5254028575850851,0.9375,0.7836175192979634,0.6972334383809564,0.5091570594812914
13.744709753601835,0.9542601918093622,1.2034405880416532,1.6963541662019397,A1,Si2,combo_009,gp,0.566974087574323,0.433025912425677,0.866051824851354,0.11570912815081628,0.6196393387279174,287.12237699111466,9.34192458425572,0.4118593848304541,0.0,0.43793662415870754,0.9375,0.7836149061759784,0.4490311345166029,0.5043399216965274
10.789271564164311,1.2933384247604587,1.8231762434998495,0.7845326209442515,Si2,Si2,combo_004,gp,0.526598772683414,0.47340122731658596,0.9468024546331719,0.05158268490252823,0.2738832963708442,283.33147250937424,9.56939610548512,0.3807461653413945,0.0,0.46765471030338107,0.9375,0.7835871805260449,0.4320103801506699,0.39403643711004743
15.079784720649844,1.258628228225433,1.575695108331502,0.7151137389938522,Si2,Si2,combo_004,gp,0.5388192204003985,0.46118077959960146,0.9223615591992029,0.048929591989705104,0.2595783878326989,275.3064415800535,12.183430682672933,0.31488205562480875,0.0,0.5976697632340721,0.9375,0.7834760307107748,0.41943912248130794,0.48039437549842645
8.709756554478133,0.803699671860312,2.5979207870856293,0.8869709211918224,A1,PU,combo_007,gp,0.5512136479937482,0.44878635200625183,0.8975727040125037,0.07213940309585064,0.38472071641694267,328.3109626269254,11.521820157359878,0.749907866796573,0.0,0.5657141442681229,0.9375,0.7834236697441667,0.7155649631651404,0.5012125193186934
8.615700443824496,0.8690757209216273,2.429826876908186,1.2506210545535534,A1,PU,combo_007,gp,0.46490120998363693,0.5350987900163631,0.9298024199672739,0.07986318175279954,0.4263656760497222,329.7166398432861,9.972070819914322,0.7614447292984002,0.0,0.3659326632938038,0.9375,0.7833749558579463,0.6914900063767851,0.44321688949630916
13.311443191694956,1.0753249613877274,2.1743787798783174,1.6861194970635633,A2,PU,combo_011,gp,0.43412120102271956,0.5658787989772804,0.8682424020454391,0.11170502580844108,0.5980500768109266,290.4989622761335,7.892327525817734,0.4395721482625964,0.0,0.4509978175938131,0.9375,0.7833452124818865,0.4583502287636354,0.4588920007944246
8.10832871657971,0.815693285274541,2.25748372690535,1.7575204510620044,A1,Si2,combo_009,gp,0.5511453378234847,0.44885466217651526,0.8977093243530305,0.08222395575497612,0.4390944636534824,311.94885289905307,10.824284764553328,0.615618566256442,0.0,0.5001342895711572,0.9375,0.783299589458398,0.6095256277423348,0.49123041413437657
10.30759025024959,1.0546516229981524,2.5524998815375035,0.8423169911235739,Si2,Si2,combo_004,gp,0.5303123339875526,0.4696876660124474,0.9393753320248948,0.04262908654442503,0.22560741240880644,284.05839042480477,10.255451857200946,0.3867122235109573,0.0,0.556712588983586,0.9375,0.7832815395115406,0.45048108068425924,0.4093589113394269
8.287347933976708,1.0331533820783858,2.1698157498424706,1.3614887853239603,Si1,Si1,combo_002,gp,0.47057701681880104,0.529422983181199,0.9411540336376021,0.059376170058565506,0.3159040985114959,299.44825499765705,9.553472117236565,0.5130219832710404,0.0,0.44127499403326803,0.9375,0.7831660765303393,0.521840405016754,0.40434899421695997
14.280469703683572,0.9561411762645992,1.792240226126385,0.9418213112089551,Si3,Si3,combo_006,gp,0.5472710309392852,0.4527289690607148,0.9054579381214296,0.09091102247729647,0.4859332661420565,285.6432698304329,10.417381880852574,0.39971985824523065,0.0,0.4071544013488293,0.9375,0.7830808992755348,0.44590249670960286,0.4824908486627489
12.884220982888113,1.0750835338651803,1.4332015239874567,2.33915934171141,Si1,Si1,combo_002,gp,0.47315975305470914,0.5268402469452909,0.9463195061094183,0.05007420842411981,0.2657499144032242,280.7090910299665,10.511661465069439,0.35922340449478,0.0,0.47514001549878154,0.9375,0.7830341952716822,0.4250940659585647,0.4182163567841375
10.97057152566036,0.836091068800434,2.3740970231277343,1.4474863634088657,Si1,Si1,combo_002,gp,0.47474325781965376,0.5252567421803462,0.9494865156393075,0.05602349999675638,0.29782721987639227,289.8379710607514,8.059630110887264,0.4341471725441149,0.0,0.4223750877766312,0.9375,0.7830026334783672,0.45300456240587866,0.354119905088905
14.51480461157423,0.9569637089326335,2.047916805840452,1.8003487549970458,Si2,PU,combo_003,gp,0.5429966993600885,0.45700330063991146,0.9140066012798229,0.05747023590034679,0.3056277098930385,280.74773717662134,9.703034730983957,0.35954058633069025,0.0,0.5782885686601896,0.9375,0.7829411267496246,0.42927953442686356,0.4254159187143571
8.351153879413824,1.4411359277482314,1.580005577181168,1.9668090477945708,Si2,Si2,combo_004,gp,0.4263949936747622,0.5736050063252378,0.8527899873495244,0.08285713780858457,0.4425084456218809,288.47330844366,12.207083042434936,0.42294693056002114,0.0,0.7024908253744995,0.9375,0.7828851395514977,0.5057524202316674,0.5607932818315426
10.956566395902406,0.9845162195427662,2.2176357263366273,2.40751828474873,A2,Si3,combo_014,gp,0.5328467352943846,0.46715326470561536,0.9343065294112307,0.06463759896090186,0.34427259584685227,293.40509429703667,8.635325038489162,0.46342374459430674,0.0,0.4374821333492146,0.9375,0.7828634963787349,0.47953070268435094,0.38846826701573217
13.894932607147311,1.0069453968317057,2.8506069746053235,0.5425345609581917,A2,Si1,combo_012,gp,0.5553068078889964,0.44469319211100355,0.8893863842220071,0.10420703468387077,0.5576225151758268,279.870111642719,9.814293851336817,0.35233762039023203,0.0,0.39589453950579645,0.9375,0.7828360796754572,0.4068719477433065,0.48931361955588437
15.374434291033154,1.3029490105278645,1.7314515203826855,0.5413636128126431,A2,Si1,combo_012,gp,0.6028971232239542,0.39710287677604583,0.7942057535520917,0.12834128822874996,0.6877492393200413,281.2475136006389,11.665209654863796,0.3636424184002699,0.0,0.6868810470062311,0.9375,0.7828233927547952,0.45842210220235724,0.6293894569883571
13.599194910917037,0.5673572216561227,2.646134612775479,2.4455480561769773,Si3,PU,combo_005,gp,0.49032298297149524,0.5096770170285048,0.9806459659429905,0.05049406246701953,0.26801367744522797,291.79196258741575,8.977631188782519,0.450184233763067,0.0,0.3104662712201616,0.9375,0.7828021009334342,0.4602501260200774,0.3521356012125544
13.92667400075381,1.0351401033069838,2.399521297860761,1.6890668775637685,A2,Si2,combo_013,gp,0.4560968596228463,0.5439031403771537,0.9121937192456926,0.08850085638795366,0.47293816698697205,282.46736531404133,8.120209128611947,0.3736541489215755,0.0,0.38851869427215857,0.9375,0.782763371518933,0.40774962856846814,0.411995654722787
14.379088837350764,1.061037407070256,1.9081992212495364,0.8154510080773721,Si3,PU,combo_005,gp,0.4217856428273308,0.5782143571726692,0.8435712856546616,0.12583982661541834,0.6742618942604544,290.91472268374093,9.822542102788297,0.4429844328187115,0.0,0.4718151529137045,0.9375,0.7827518811000891,0.4779815642406674,0.5417522468449107
8.67796931267248,0.7728079456781312,2.180519435819817,2.126900404921928,Si1,PU,combo_001,gp,0.5536768414142017,0.4463231585857983,0.8926463171715966,0.11066934252189131,0.5924658944338325,324.09090730896185,8.816704225204905,0.7152724630304793,0.0,0.3389746079022366,0.9375,0.78274495538971,0.64739870830478,0.4655460861134495
8.71040290307132,1.3250409877891036,2.3508737233809684,0.7543123619052622,A2,Si1,combo_012,gp,0.4325430068060143,0.5674569931939857,0.8650860136120286,0.06757599337722323,0.3601157889635782,303.73032806935726,11.687202250229241,0.5481663874599938,0.0,0.7407433329813707,0.9375,0.7827195713988185,0.5931478514900779,0.5234016904792661
14.649122813707658,1.0033387959914952,2.2101165214576266,0.6710996948211329,Si3,PU,combo_005,gp,0.4152215541802775,0.5847784458197225,0.830443108360555,0.12522316947687945,0.6709370110935068,288.16666254847223,10.549453222226958,0.4204301852586422,0.0,0.536521063317617,0.9375,0.7826918867115524,0.4743737552232463,0.5702779306168928
11.635733072871039,0.9359399445714827,2.077106555097042,1.086907417052893,Si3,PU,combo_005,gp,0.5559168175320224,0.4440831824679776,0.8881663649359552,0.10067090648768838,0.5385564695876534,308.7846943029982,7.9906926596426775,0.589649259624888,0.0,0.4226565764223208,0.9375,0.7826624210688873,0.5613426982889281,0.43652220700148747
14.535408127329475,0.9391645695588857,1.5061824343425863,1.057479387339313,Si1,PU,combo_001,gp,0.5579745349229057,0.4420254650770943,0.8840509301541886,0.10831575793780099,0.5797758706319992,290.99410532931495,11.253436155683902,0.44363595270987816,0.0,0.3933297159828371,0.9375,0.7826574728243537,0.4818281399308178,0.5362460171432932
12.581994490816875,1.093787230741176,2.6677554887742807,0.6210081575141724,Si2,PU,combo_003,gp,0.4278461156578146,0.5721538843421854,0.8556922313156292,0.08347500819755292,0.44583987037519474,282.65036513761936,11.3403068086822,0.3751560896074639,0.0,0.6831191772336614,0.9375,0.7826418032863703,0.46355351338518214,0.5352249964944368
11.932404496712977,0.8604645443921818,2.1322968925531955,1.5967265628627263,A1,Si3,combo_010,gp,0.4093361027932758,0.5906638972067242,0.8186722055865516,0.13165432374587568,0.7056124169822514,287.4426771937506,8.369923101515788,0.4144881955944826,0.0,0.5499458401105265,0.9375,0.782601169485428,0.4544375713471937,0.5245105984303784
14.821964077967703,1.000651990781257,1.9416606557652933,2.2974324004170112,A2,Si3,combo_014,gp,0.5640299905686135,0.43597000943138653,0.8719400188627731,0.11790897283681004,0.6315004299392991,285.4742020867492,8.648551183128522,0.398332262793251,0.0,0.3883674249591265,0.9375,0.7825774723965334,0.4291590802446318,0.4819944024996755
12.66273491474264,0.8960536890914947,2.665422227256446,0.9722658347327982,Si2,PU,combo_003,gp,0.5685076295572458,0.43149237044275424,0.8629847408855085,0.08743463127310155,0.46718930961551913,288.4019425537598,10.64642319725434,0.42236120686078454,0.0,0.6228281802568294,0.9375,0.7824961602519511,0.4851178393570591,0.5145781032548506
9.93739885821054,0.6043798084350804,2.9774282882531713,1.3215932488466986,Si3,PU,combo_005,gp,0.5583735040234359,0.4416264959765641,0.8832529919531282,0.07011074334502079,0.37378261769813154,322.3330519691359,10.473345021341014,0.7008451570190891,0.0,0.6380688135931118,0.9375,0.7824879465999528,0.6802212134002689,0.4794137656798964
13.303154241976543,0.8257447307518537,2.3800384171245597,0.7884494230860585,A1,Si2,combo_009,gp,0.55738630205596,0.44261369794404004,0.8852273958880801,0.0868892185927773,0.4642485613025319,281.59848433433405,9.794219706047436,0.36652295245864314,0.0,0.5224081394742283,0.9375,0.7824858725317514,0.42929536643731414,0.47505791756796406
15.508309334021003,0.6494414992799924,2.8807268222601214,1.8193669653216302,Si3,Si3,combo_006,gp,0.4263479459421262,0.5736520540578738,0.8526958918842524,0.08898973179943151,0.4755740784599319,281.3488649974738,10.959475977629483,0.36447424317201915,0.0,0.6606615749722846,0.9375,0.7824557682490861,0.45083919877694933,0.531793912414395
10.240997937806705,0.538371238170082,2.845483876458208,2.210664939469683,Si3,PU,combo_005,gp,0.5411508361544719,0.4588491638455281,0.9176983276910562,0.09631331993240325,0.5150612965316613,319.01626132882654,9.377878773783175,0.6736231482113584,0.0,0.31083423624751017,0.9375,0.7824523145774851,0.6198379347392526,0.4496606650061356
9.5256881736547,1.0203418822007864,2.3338595160638924,1.580331595585478,Si2,Si2,combo_004,gp,0.5521247344203601,0.44787526557963986,0.8957505311592797,0.07210888569442002,0.38455617312704243,292.9492310565358,10.016721400082048,0.4596823226916935,0.0,0.566010306726222,0.9375,0.7823525561164211,0.5006147971390917,0.45982269864139247
9.468278774633365,1.3994942471984795,1.5293039723462882,1.6476663082958118,Si2,PU,combo_003,gp,0.4542755716313138,0.5457244283686862,0.9085511432626276,0.07572975783747449,0.4040791399196364,300.3891124681518,10.862538722995168,0.5207439148386711,0.0,0.4824727163801693,0.9375,0.7822463225676803,0.5416476827705734,0.4773774540381015
9.953117170294131,1.0124898476465989,1.7563924201887284,2.0233181307526467,Si1,PU,combo_001,gp,0.4381127969881078,0.5618872030118922,0.8762255939762156,0.08384125683568727,0.447814604560119,306.1712314366663,9.634244091768776,0.5681996968151807,0.0,0.5818272644363074,0.9375,0.7822406453154952,0.5751544605507104,0.4738210134390737
10.094748532080043,1.4813792352257993,1.2054598927806393,0.9357444907532078,A2,PU,combo_011,gp,0.5369243791595153,0.4630756208404847,0.9261512416809694,0.08192443706411019,0.43747952304676885,322.62888829270935,9.564744113761924,0.7032731845551327,0.0,0.35903727531641044,0.9375,0.7819904198600345,0.6468810107135978,0.4348746133406045
9.0103869389667,1.170962092937004,2.1565999609752167,1.7280131949447826,Si2,PU,combo_003,gp,0.43850234219013373,0.5614976578098663,0.8770046843802675,0.08776762782126761,0.4689847556558784,305.5057839627905,9.86242518557123,0.5627381470945628,0.0,0.5509947007342642,0.9375,0.7819485748982595,0.5700403834244475,0.4828786059365921
10.494166484956704,0.8733107645445847,1.8380452636626248,1.9119625627985033,A1,Si2,combo_009,gp,0.5610193876858887,0.43898061231411134,0.8779612246282227,0.10745477616904192,0.5751336414075415,294.33292952117523,9.620585800766975,0.47103879823581934,0.0,0.42106129944041915,0.9375,0.781873540543577,0.49095795506230255,0.4938923016448571
15.764158752229164,1.0241124589234678,2.5596154455560223,0.8372165659141887,Si2,PU,combo_003,gp,0.429377774878418,0.570622225121582,0.858755549756836,0.11541847083543685,0.6180721767592017,275.0288967868304,11.679316713011705,0.3126041527889051,0.0,0.45944447906632857,0.9375,0.7817807997001546,0.4000624643360001,0.5712748168956379
10.104588167877633,0.7620439453280486,2.752653876424664,2.2411969612484315,Si2,Si2,combo_004,gp,0.5420704283554585,0.4579295716445415,0.915859143289083,0.10091406711230658,0.5398675395763558,295.93613309236474,9.456488153819391,0.4841968255183118,0.0,0.2839691293662847,0.9375,0.7816536351876591,0.48517044093198686,0.45647413372055784
9.925176866417294,0.7885956020322897,2.524950078297082,1.3767218615121648,Si1,Si1,combo_002,gp,0.5147819072585271,0.4852180927414729,0.9704361854829457,0.053107809897233516,0.28210644357125014,296.1292117346419,8.40308521579852,0.4857814864362415,0.0,0.33216135918879997,0.9375,0.7816073201946121,0.4828249009449176,0.3445274949505973
9.304737046680971,1.4986293438336926,1.6327834615847225,0.5679815406194771,A2,Si2,combo_013,gp,0.46064891088100524,0.5393510891189948,0.9212978217620105,0.0368417369320634,0.19440326328799395,303.884185192186,11.411691737134907,0.5494291442652849,0.0,0.664541793565421,0.9375,0.7815930221211863,0.5842476110944559,0.44639801881836144
13.765043445751324,0.7942182924509973,2.181072851784039,1.7248193660255158,Si3,PU,combo_005,gp,0.510215910291187,0.48978408970881304,0.9795681794176261,0.07038964616317424,0.3752864019363061,292.24528531089527,7.307212596704104,0.4539048047937887,0.0,0.1796018784393357,0.9375,0.7815665165449487,0.4366476690861093,0.3241299350464405
11.86938795446101,0.5209460562753071,2.833892050168366,1.7325251947071956,A1,Si2,combo_009,gp,0.5503483254028936,0.4496516745971064,0.8993033491942128,0.09193155907460289,0.4914357808160578,292.28103076266507,8.171796514641363,0.4541981796577575,0.0,0.4172899536024356,0.9375,0.7815365789772758,0.46741277267790227,0.42420369677628517
10.673656007805574,1.3360126245797852,1.154250929222088,2.3478518716897527,Si2,Si2,combo_004,gp,0.5755221328808773,0.4244778671191227,0.8489557342382454,0.09492998163059177,0.5076026328003299,284.40708029453583,13.804048890774808,0.38957403775682126,0.0,0.6327582655280574,0.9375,0.7814769856466328,0.4879616170495915,0.6170185355438623
15.527144176055202,1.1636938623804012,1.588444587234776,0.5491998642812569,Si3,Si3,combo_006,gp,0.42357083012518615,0.5764291698748139,0.8471416602503723,0.08892529391712575,0.47522664320490543,280.74448985882486,12.278207129029619,0.35951393450872027,0.0,0.6792717953632854,0.9375,0.7814716882385262,0.459586069009998,0.5707170680376881
12.860784849018586,0.9356558130761028,2.5773866182806615,1.4502590272354925,Si2,Si2,combo_004,gp,0.5034161009065663,0.4965838990934337,0.9931677981868674,0.03663849007754902,0.19330739979582542,276.8505189677784,9.252519362849574,0.3275548145676355,0.0,0.3292334402483884,0.9375,0.7814394635222295,0.3784453774992633,0.3363604274355758
15.601668065229633,0.9081035071998098,2.181670227666854,2.0350605250195137,A2,PU,combo_011,gp,0.5817797732247811,0.41822022677521886,0.8364404535504377,0.12066678939533812,0.6463699859371508,285.25839138042375,8.983109085858146,0.39656103223169653,0.0,0.5267245573316893,0.9375,0.7813261988128735,0.4443827400774881,0.5171496449152171
9.600778151929385,1.5579374615070756,1.2166020206925823,1.7127124056208902,Si2,Si2,combo_004,gp,0.424598236358662,0.575401763641338,0.849196472717324,0.07355286394282694,0.3923417944577905,284.7853892579291,12.557782517861051,0.3926789457990651,0.0,0.7659944657442544,0.9375,0.7813187148178687,0.49366978801428557,0.5624015757536657
8.306439925823694,1.101931716070189,2.4477788428904943,0.5391090940952136,Si2,PU,combo_003,gp,0.5664709169707578,0.4335290830292422,0.8670581660584844,0.06570226575541395,0.35001305108891523,312.65099110799696,12.964278764185316,0.6213812490968434,0.0,0.7318508946456739,0.9375,0.7812438055354589,0.6535398958543656,0.5536399641549985
9.492024570374687,1.1539305997923337,1.3849639083928635,1.9704566948157785,A1,Si1,combo_008,gp,0.5704353844123773,0.4295646155876227,0.8591292311752454,0.08712078302678429,0.4654971071160415,290.6625974625756,11.432952616885187,0.44091515690246813,0.0,0.632922201865092,0.9375,0.7812352893544764,0.505292855808376,0.537122408035865
10.215107491690752,1.3613904353034216,1.5783456443191235,1.354233822653066,A2,PU,combo_011,gp,0.46821772351849944,0.5317822764815006,0.9364354470369989,0.10146600002519586,0.5428434435863183,319.4883059808445,7.368502991034444,0.6774973763639305,0.0,0.1809851805742845,0.9375,0.7812124680481833,0.5937822090038481,0.38466732856219377
8.118707214343296,1.5046978619332734,1.312466530249574,1.6619049205337733,A2,PU,combo_011,gp,0.46623530936544455,0.5337646906345554,0.9324706187308891,0.06642852463462887,0.3539288833584796,323.9949143021619,10.56352051277686,0.7144846163557957,0.0,0.4210825849479809,0.9375,0.7811286302295185,0.6687785016525533,0.4423960378981085
13.649992372360579,0.71005236165853,2.997692304092479,1.078368367878467,Si3,Si3,combo_006,gp,0.4658820712987506,0.5341179287012494,0.9317641425975012,0.05365370694644477,0.285049803497496,281.4249714711267,10.72495356644603,0.3650988744257756,0.0,0.5053874846631751,0.9375,0.7811252896646924,0.4339069592630805,0.4353720493691202
15.243645414453182,1.2403007057590483,2.0522836103311777,0.7764363000050158,A2,Si3,combo_014,gp,0.4267798508692806,0.5732201491307194,0.8535597017385612,0.11195353636323725,0.5993899924768805,277.9441032296573,10.003250879599934,0.33653022593278775,0.0,0.5003557699178983,0.9375,0.781103132070508,0.40773707060018216,0.5247960369486362
9.577647190664413,1.2072210121726004,1.504019513531011,1.8342312418922402,Si1,Si1,combo_002,gp,0.49870291724067917,0.5012970827593208,0.9974058344813583,0.04286905752390492,0.22690128451433184,289.4490445956304,9.97936804735877,0.4309551231182594,0.0,0.2671565163944427,0.9375,0.7810853700338494,0.4503269839341069,0.3587885384307661
14.92112129876451,0.9489166874063947,2.5535181822246007,2.086570573281742,A2,Si1,combo_012,gp,0.4389381982638838,0.5610618017361162,0.8778763965277676,0.13570975687751755,0.7274784435169085,280.31592402766444,8.543456734348245,0.3559965515636655,0.0,0.2351195896951483,0.9375,0.7809672201476893,0.383373827302919,0.4897103815211246
12.450386034408517,0.9965579378328656,1.7235241779294905,1.4799698842865014,Si3,PU,combo_005,gp,0.5376343045123093,0.4623656954876907,0.9247313909753814,0.07960385544179446,0.42496744414365795,300.93787445187036,8.294721092920682,0.5252477877610638,0.0,0.3722348034427811,0.9375,0.7809514816908552,0.5136075028636751,0.3975608247699805
12.924189054122092,1.0799012567176312,1.2174920130801814,1.945828204245265,A1,Si2,combo_009,gp,0.4102212017041609,0.5897787982958391,0.8204424034083218,0.13588321457669153,0.7284136902660623,284.9292494124154,9.721919749095155,0.39385965414553514,0.0,0.5018097103481699,0.9375,0.7809372716372524,0.44580332973581316,0.5624383509422728
12.955048811046069,1.0390661748716186,2.169480145188092,2.0146917745144437,A2,Si3,combo_014,gp,0.46805055963537967,0.5319494403646203,0.9361011192707593,0.073804877113571,0.3937005954784701,284.754088660456,7.52668559673699,0.3924220513391779,0.0,0.35514779243675654,0.9375,0.7808478488235587,0.4128881987963432,0.3629403199363286
10.40389593226071,0.9812493086304503,2.5313847428871723,1.678925817767691,A2,Si1,combo_012,gp,0.5411771128722478,0.4588228871277522,0.9176457742555044,0.0761571429807206,0.4063835090411054,299.7776886931246,8.641335245663843,0.5157257556619156,0.0,0.4260573881061647,0.9375,0.7808103290217269,0.5150468434917647,0.40865860139263716
11.232057893755414,1.093088637270145,1.4502728916872014,1.657338714187668,A1,Si2,combo_009,gp,0.42592603327659617,0.5740739667234038,0.8518520665531923,0.12053616362336532,0.6456656797623598,287.6719185683044,8.84203781919219,0.4163696561368994,0.0,0.4515705473091511,0.9375,0.7808083263454201,0.44962532187114357,0.5017518474685947
9.113444770854107,0.8139669299476304,1.982143777620803,2.3568730076005253,A1,PU,combo_007,gp,0.5602894905062072,0.43971050949379276,0.8794210189875855,0.09331414789620436,0.4988904035106795,315.41264089597644,10.994847006039324,0.6440470314765335,0.0,0.49558694049497143,0.9375,0.7808076517373241,0.630310511310527,0.5161658155990809
12.563315561835918,1.0461965934508517,2.14398483139392,1.230278861428391,Si2,PU,combo_003,gp,0.5557516820024091,0.4442483179975909,0.8884966359951818,0.09280240156210585,0.49613117692323944,288.5539092139255,9.172925291913675,0.4236084480074633,0.0,0.45637201856892373,0.9375,0.7807938573231568,0.45777160165101194,0.45923141636960574
12.9224174283549,0.34837416614939937,2.956492512373604,2.2294454311898013,A1,PU,combo_007,gp,0.5216628917028103,0.4783371082971897,0.9566742165943793,0.07347246877747292,0.39190832095155187,301.75242564690024,7.804735933261533,0.5319330815314848,0.0,0.26054111882533576,0.9375,0.7807576496666188,0.503269218004843,0.35576590183278906
10.41888349228265,1.0327608482695778,2.787697760254855,0.8600412281408751,Si2,PU,combo_003,gp,0.43936178440114304,0.560638215598857,0.8787235688022861,0.06947652233181205,0.3703630338821743,296.72941316229645,11.058825799824758,0.4907075400591199,0.0,0.6495125730764558,0.9375,0.7807390815869345,0.5388679563995028,0.49602892149688577
15.854976553154243,0.5219699795901926,2.653581268943495,2.3619016858340496,Si3,Si3,combo_006,gp,0.5680511354843816,0.4319488645156184,0.8638977290312368,0.09932035568826841,0.5312745890442148,284.40751346858923,11.776626421467666,0.38957759296098565,0.0,0.5289780580482091,0.9375,0.7806862895313648,0.46166155613254783,0.554000838265336
15.699396515427537,1.0928662400728446,1.1676258191132476,0.7303040260835549,Si1,Si1,combo_002,gp,0.5838326889001451,0.41616731109985494,0.8323346221997099,0.09242432194802086,0.4940926526508769,282.4114518694341,15.200729910773504,0.373195248602975,0.0,0.7198967814106734,0.9375,0.7806710877363198,0.49618064307659604,0.6637569638364699
10.552665732717948,0.9498501262799354,2.800685118766618,1.174719066541086,A2,Si3,combo_014,gp,0.48463956595806224,0.5153604340419378,0.9692791319161245,0.038282958029790586,0.20217401865301993,295.7646766099105,9.06515033058036,0.48278962488924937,0.0,0.4241514103035558,0.9375,0.7806577411017503,0.4951298388174613,0.3485504793502995
13.292398404553827,1.1890906378200794,1.4918236516212307,1.8051898246220606,Si2,Si2,combo_004,gp,0.5520676184907813,0.44793238150921866,0.8958647630184373,0.07885999744578437,0.42095672120709493,281.6370139719239,10.59296598369121,0.3668391780657355,0.0,0.5085066239255269,0.9375,0.7805488867275391,0.434400380217732,0.47977887213838766
13.901296097305728,0.8195960050206031,1.6957641475008853,2.2484356360335327,A1,Si1,combo_008,gp,0.5694313538388087,0.4305686461611913,0.8611372923223826,0.11847135684499747,0.6345326840158729,281.8630731364528,10.0091777796075,0.3686945211474137,0.0,0.41920787804736087,0.9375,0.7805368459852371,0.42218384130590236,0.5250867315555782
15.297118880558674,0.49679586905317097,2.9797627623100302,2.0284760815243907,A1,Si3,combo_010,gp,0.41988091551297657,0.5801190844870234,0.8397618310259531,0.11622995312248871,0.6224475153839805,280.8359915449624,10.761187295466053,0.36026491941433536,0.0,0.53167581864643,0.9375,0.780345333645459,0.4334366244626475,0.5584005997092519
10.225760478777492,1.0081091283830894,2.259470090141506,1.5709884608622162,A2,PU,combo_011,gp,0.5801605179034084,0.4198394820965916,0.8396789641931832,0.11803774189278339,0.6321947250992384,319.8318751014433,8.012748450321387,0.6803171629110045,0.0,0.5205569516438223,0.9375,0.7803404537944171,0.6347735068316814,0.484586988234893
8.164188895801717,1.2521270951631973,2.012878538415462,0.6108977855089679,Si1,Si1,combo_002,gp,0.4385404622981497,0.5614595377018503,0.8770809245962994,0.05523071407811155,0.2935526880642077,296.59315417788565,12.938906038128795,0.48958921705474195,0.0,0.744296473134128,0.9375,0.7803251036690305,0.5623307394570405,0.5350481525111712
12.771903352585403,0.6036699125775736,2.58420921078873,1.6634567617305223,A1,Si3,combo_010,gp,0.585693598297695,0.41430640170230504,0.8286128034046101,0.13569168654190175,0.7273810121389916,288.76339445206264,8.873685707672093,0.4253277633384805,0.0,0.4599722669610165,0.9375,0.7803094838841214,0.4569847493876986,0.5324825035341116
10.896025070680345,1.1236771050682264,1.9427336768302736,1.1127938408038829,A1,Si1,combo_008,gp,0.4006806406671046,0.5993193593328954,0.8013612813342093,0.1340625272323951,0.7185969342034164,287.3666728553193,9.315157591935781,0.413864402598609,0.0,0.5969071840522403,0.9375,0.7802364184910277,0.46612145976699,0.5620848129786206
12.528750684466463,0.9136856251708295,2.4400692403221056,2.331678794281011,A2,Si3,combo_014,gp,0.484257905505185,0.515742094494815,0.96851581101037,0.07904715732645182,0.42196584718305225,287.12605369841475,8.367220219081911,0.4118895607955241,0.0,0.16461137095743783,0.9375,0.7800809844257013,0.4140638500971917,0.3673598237137179
13.715234120339062,0.7462919932914074,2.1191295595413746,2.3913629460272654,Si3,PU,combo_005,gp,0.5226792709200367,0.47732072907996326,0.9546414581599265,0.027749594226851866,0.14538037789065675,289.26133808780105,9.248801425630266,0.42941455310238313,0.0,0.5546032951875367,0.9375,0.7800618944251656,0.4722549771746617,0.35328923823469965
13.195995065840517,1.454577720201552,1.207466558776712,0.8575743920592471,Si2,PU,combo_003,gp,0.4601096254605608,0.5398903745394392,0.9202192509211216,0.07125320215071088,0.3799425107968641,287.46937083022107,12.541168570846862,0.41470727918639744,0.0,0.4383284001149524,0.9375,0.7799399519322533,0.4761925194363939,0.5084551827766168
10.916188917921021,1.3532324593565774,1.446783228125006,0.962937761751977,A2,Si3,combo_014,gp,0.5473112823996615,0.45268871760033846,0.9053774352006769,0.05456136569979054,0.2899437050219028,298.75905066320445,9.507967553414254,0.5073654530593401,0.0,0.6132328331147766,0.9375,0.7799095659198222,0.5347191990597797,0.41980556684855663
14.580895443762138,0.6419126278759173,2.3899462054484535,2.49708911087725,Si3,Si3,combo_006,gp,0.5412427012018384,0.45875729879816163,0.9175145975963233,0.09142622060232736,0.4887111040466282,284.7566956007479,10.41942853260065,0.39244344736904035,0.0,0.3224469595795481,0.9375,0.779871088523199,0.4323543404858422,0.4708132401467091
15.382538804666106,0.8762588064116242,2.5484991940711264,1.1912079211460007,A2,PU,combo_011,gp,0.6168782288816033,0.38312177111839674,0.7662435422367935,0.166445014025644,0.8931963647684795,287.2308834975243,9.153563888740747,0.41274993397675286,0.0,0.5522513501279599,0.9375,0.7798376594874789,0.45960649951652355,0.6120538677081637
15.941958290822072,1.0219584409504288,2.22359968891808,1.694009593196411,Si2,Si2,combo_004,gp,0.45492766611866386,0.5450723338813361,0.9098553322373277,0.0823184922646247,0.43960418425825365,276.3949239534536,10.530691142658158,0.3238155940868545,0.0,0.414875159826418,0.9375,0.7797323831978163,0.3944315830133265,0.4705487675589545
10.195025388646005,0.7123568980013371,2.3211295265212835,2.35135493576062,A1,Si2,combo_009,gp,0.4538756296481665,0.5461243703518335,0.907751259296333,0.1046522046976625,0.5600227765087175,296.4204572612079,9.198441320304449,0.48817183576762185,0.0,0.28154443771017607,0.9375,0.7795435815656732,0.4856836323919586,0.45607079997719757
15.124494001017162,0.6260769286472145,1.9533047868244107,2.259289280526054,Si1,PU,combo_001,gp,0.5455182009138042,0.4544817990861958,0.9089635981723916,0.06394047931385803,0.3405138760738252,286.84116811708793,9.919542993680453,0.40955140965935505,0.0,0.5334582493167844,0.9375,0.7794575991115368,0.46150465781859756,0.43685355546215376
8.418841629071373,1.2039865427857879,2.1850672099582926,1.5350438429063666,Si2,PU,combo_003,gp,0.4325205410216597,0.5674794589783403,0.8650410820433194,0.08365876411714156,0.44683064292234276,309.9733732752634,10.320189696062746,0.5994051450459674,0.0,0.6130757012481475,0.9375,0.7794224421632653,0.6055109247798418,0.4970212161400165
13.50135791027419,1.2066197798517821,1.3801390879240065,2.209121982226642,Si2,PU,combo_003,gp,0.5199013112043005,0.4800986887956995,0.960197377591399,0.03675439309066532,0.19393232400933888,281.4316008626205,11.959936846873882,0.3651532840564109,0.0,0.46639479854679455,0.9375,0.7794038750829996,0.43974603825573555,0.4315829416507774
15.44375072543954,0.9269762922287657,1.1067406891789147,2.1276235945728454,A1,Si1,combo_008,gp,0.5923490791089137,0.40765092089108634,0.8153018417821727,0.10529899160787214,0.5635101129489529,283.46211467977275,13.485796927390851,0.3818183892767942,0.0,0.7074092840059137,0.9375,0.7793570465134897,0.48749803309141054,0.6390347448227419
13.358624243811168,0.6069946601929512,2.716856584114312,1.7244322335445736,A1,Si2,combo_009,gp,0.4499428082588395,0.5500571917411605,0.899885616517679,0.09397487228037492,0.5024528878242894,282.90241521520767,8.340219844739803,0.3772247487952678,0.0,0.38419441166819895,0.9375,0.7793159124893578,0.4115447094763169,0.42772547702356467
9.86447091414345,0.7650793497876776,2.3828421937287425,2.2722903902378153,A1,Si1,combo_008,gp,0.4489575103792731,0.5510424896207269,0.8979150207585462,0.10643884248833767,0.5696559446736449,295.32091911110393,9.268533427085634,0.4791475588528225,0.0,0.3143043379012571,0.9375,0.7793128821347919,0.4831931718298585,0.4662832952706139
14.35597626936081,0.9314146848611556,2.561622095794056,1.5785249972646342,Si2,Si2,combo_004,gp,0.4758037641930031,0.5241962358069969,0.9516075283860062,0.05113078736458305,0.27144676166914755,274.72596707914374,9.505858640638534,0.31011790747979506,0.0,0.4145009090074423,0.9375,0.7793036095384945,0.37675616014335306,0.38346387195895104
9.493914103479286,1.0684390074032857,1.5105171203723948,1.6443678395778862,Si1,PU,combo_001,gp,0.5613906021951323,0.43860939780486774,0.8772187956097355,0.08208695285061236,0.43835577334719444,313.30889747607347,10.906377900442104,0.626780906442949,0.0,0.5652207892909423,0.9375,0.7792954500244669,0.6244927220100939,0.5029916690634331
15.771665936130123,1.1121749687594007,1.1023872994504362,2.0551526607202937,Si3,Si3,combo_006,gp,0.42986765520120684,0.5701323447987932,0.8597353104024137,0.08495217644138293,0.4538044450500243,286.7154097782104,13.060056392404558,0.40851926896076396,0.0,0.6284710750076445,0.9375,0.7792744885104145,0.4949508197439313,0.5770930009158676
15.808122154991427,1.2589969364431517,1.4817651633280104,0.6755060743673749,Si2,Si2,combo_004,gp,0.5454695704715249,0.4545304295284751,0.9090608590569502,0.05085429489648806,0.26995597352205014,275.47729697611817,13.52566867642335,0.3162843229370702,0.0,0.6145436067781064,0.9375,0.7792701670314014,0.4326507943177313,0.5234570582933338
12.008947607035738,0.613321561204859,2.6848119983819503,1.4782526575420734,A1,Si2,combo_009,gp,0.567175320908575,0.43282467909142497,0.8656493581828499,0.08442228091994268,0.45094736193305585,290.72828298040247,8.613986700872651,0.44145425989048687,0.0,0.6041764890918109,0.9375,0.77926722476796,0.4806538955298902,0.4502219764811301
14.780514447661925,0.7291789751841045,2.6874770292983663,0.7242644738474951,A1,Si2,combo_009,gp,0.5638747266288959,0.43612527337110407,0.8722505467422081,0.08325384264617317,0.4446473931087618,277.9785355918768,11.58545203534737,0.33681282383216027,0.0,0.5806866700207931,0.9375,0.7792549847055793,0.42839548661441146,0.5261820383455555
9.445049651601838,0.7412700580074267,2.1932193788380134,2.1584642365769744,Si1,PU,combo_001,gp,0.5522840599750083,0.4477159400249917,0.8954318800499834,0.10905214789568024,0.5837463275070516,319.26353490678366,8.385211264606289,0.6756526050710292,0.0,0.308610199370554,0.9375,0.7792229681755435,0.6132391758321313,0.44607740774179544
10.110091816247134,1.5625366413762487,1.2450029591208343,1.5968575994294043,A2,Si1,combo_012,gp,0.5353691499970665,0.46463085000293347,0.9292617000058669,0.04782989199456597,0.25364904107901703,296.7174581973099,11.182846414593719,0.49060942166774324,0.0,0.5385613445173737,0.9375,0.7791558890913084,0.5286782790928213,0.44194578921308497
10.541765669924741,1.1278400449586297,2.267806036143508,1.2673906742599588,A2,Si2,combo_013,gp,0.49525703144949595,0.504742968550504,0.9905140628989919,0.033902733288048596,0.1785567853460772,299.21342431650805,8.981989857032264,0.5110946494222066,0.0,0.34088292037449475,0.9375,0.7791332075745598,0.5059633173555638,0.3255080104562953
11.067797937794968,0.7295736245757973,2.799342582807128,1.3663261821060777,A1,Si1,combo_008,gp,0.4194264515947168,0.5805735484052832,0.8388529031894336,0.12964533413132528,0.6947803754237646,294.1970908195117,8.99774997538462,0.4699239246323498,0.0,0.4413048751311495,0.9375,0.7791321552904992,0.48730979440864947,0.521682821453104
8.377960771223254,1.2547945995840133,2.322241208089459,0.6727426626688877,A2,Si3,combo_014,gp,0.4523878484466479,0.5476121515533521,0.9047756968932958,0.04440031564319956,0.2351575002084493,304.93609247106247,11.599928665314627,0.5580624987081266,0.0,0.6743332599020918,0.9375,0.7791239053202951,0.5927486256985042,0.46730554120239315
12.711330227365798,1.1373293294740523,1.254349874877477,1.571554470972938,Si3,PU,combo_005,gp,0.5321668178820147,0.4678331821179853,0.9356663642359706,0.05123321780681694,0.27199904466707636,298.9613973515279,10.549297779891264,0.509026179927299,0.0,0.48641966102485706,0.9375,0.7790711002011331,0.5313795903295453,0.4231301587600311
11.092276886727232,1.0970743845129545,2.2894114392554883,1.3465536497058914,Si2,PU,combo_003,gp,0.4522666503773678,0.5477333496226322,0.9045333007547356,0.08721417787578924,0.46600067213123275,294.2259889435216,8.75239518741843,0.47016110118994264,0.0,0.4032035399338862,0.9375,0.779037116110323,0.48173852847240023,0.42914967899719575
12.372959335762669,0.9980844728923457,1.3709979020306142,2.096885173271307,Si1,PU,combo_001,gp,0.517230022826233,0.482769977173767,0.965539954347534,0.035020527417988445,0.1845836917977817,293.176821818074,10.865455674586958,0.46155023610168017,0.0,0.44929681963931173,0.9375,0.7790004211104622,0.49691742937689626,0.395657852571382
8.90752300357769,1.2285719314338648,2.509062485483872,0.5576533931028053,A2,Si2,combo_013,gp,0.44475896362656897,0.555241036373431,0.8895179272531379,0.034224595904026635,0.18029219960961865,303.09080622584855,12.075154464549135,0.542917618048637,0.0,0.8089889503863567,0.9375,0.7789843378313203,0.5993454719131185,0.4813654672628491
13.101103298904123,1.2126492932704673,1.4033265307884506,2.161423396459945,Si2,PU,combo_003,gp,0.5265618933496512,0.4734381066503488,0.9468762133006976,0.04049153928759465,0.2140822155877178,282.51897511501386,11.67037820592051,0.37407772779917037,0.0,0.5014562611957685,0.9375,0.7789706025545332,0.44722493693924015,0.4359343693959208
8.858068278848425,1.4305707258520644,1.1545021272379916,2.278491407647998,A2,PU,combo_011,gp,0.5638686911972428,0.4361313088027572,0.8722626176055144,0.06628965635210321,0.35318013533281584,309.31154874919997,13.053856310190442,0.593973330068345,0.0,0.6853721024778073,0.9375,0.7788894708411238,0.6304100662953441,0.5502392002371835
14.848783931971614,1.3512113143728834,1.1289989422157236,0.7361054934764008,Si1,Si1,combo_002,gp,0.41588101154064816,0.5841189884593518,0.8317620230812963,0.08354657761746768,0.4462257573530162,279.3860440718271,14.242924961932033,0.3483647161260282,0.0,0.7642345327703207,0.9375,0.7788034202645396,0.47570990082829395,0.6273232069097512
10.841023096610044,1.443293361976057,1.208244778986437,0.8127133393695476,A2,Si3,combo_014,gp,0.5395699343499274,0.4604300656500726,0.9208601313001452,0.044753018087204194,0.23705919621701385,299.67924593982656,10.45933957264795,0.5149178030993483,0.0,0.5944027902487864,0.9375,0.7787882633128588,0.54559545656486,0.42462564100980416
8.110696271196078,0.976374504369504,2.120306908438317,1.5205665802955004,Si1,PU,combo_001,gp,0.4402616053656345,0.5597383946343655,0.880523210731269,0.09250732391694183,0.4945401814834186,324.1521568946666,10.169909432965428,0.7157751588416833,0.0,0.47958777177877804,0.9375,0.778771028509412,0.6724407548582129,0.489565012005062
13.887671346243964,0.5956452180752114,2.9213705733340776,0.7671310828643572,Si1,Si1,combo_002,gp,0.5645235760072183,0.43547642399278175,0.8709528479855635,0.07151827963823054,0.3813717518144563,281.3344403021222,11.360030102544847,0.3643558548784866,0.0,0.6568414805997203,0.9375,0.778701246100043,0.453520497375637,0.509261713377553
11.229941363806029,1.20156250675565,1.3272757211839012,2.40979039750484,Si3,Si3,combo_006,gp,0.43795019155203363,0.5620498084479664,0.8759003831040673,0.07598930910157894,0.4054785847246144,286.5736730940932,11.994664259636469,0.4073559886449892,0.0,0.6045110275182816,0.9375,0.7785889216641931,0.48337232320980184,0.5272962582040415
15.931718156537237,0.9669638778260683,1.7217492193032777,0.5565916023648959,A1,Si1,combo_008,gp,0.575047553017896,0.424952446982104,0.849904893964208,0.13991023225905078,0.7501265067864399,278.65148966718067,13.079929020638872,0.34233598273838906,0.0,0.320316396652997,0.9375,0.7785839784999269,0.41796314247399985,0.6351288389946007
8.502703184933788,1.2971679043095345,1.2707775393135725,1.2196104895171729,A1,Si2,combo_009,gp,0.45710958883235264,0.5428904111676474,0.9142191776647053,0.07313779268144749,0.39010381914899234,296.6350641082832,10.998530679020167,0.4899331858541434,0.0,0.44334244010995205,0.9375,0.7785333946968673,0.5172353029983812,0.47035510383183965
15.992890885919998,0.5927765938249799,2.028508396101273,1.925870261066131,Si1,PU,combo_001,gp,0.5601135065534208,0.43988649344657915,0.8797729868931583,0.09610680072180447,0.513947789196616,286.73968788429454,9.4487956837141,0.40871852748785487,0.0,0.4583718289779917,0.9375,0.7785307537756154,0.4497154812378986,0.47335115241061804
8.558728751560182,1.4377995790197753,2.0972998167554344,0.7016353060993336,A2,Si1,combo_012,gp,0.4313557295755288,0.5686442704244712,0.8627114591510576,0.06951173741652841,0.3705529060738325,304.83630041375784,11.932118133227059,0.5572434719568227,0.0,0.7052695481682648,0.9375,0.7783493714974079,0.5978781407542142,0.5284665938377227
15.718318405863261,0.7434421873083983,2.1563493342180937,1.2836833403783476,A1,Si2,combo_009,gp,0.5641708954561722,0.43582910454382784,0.8716582090876557,0.10623181858675805,0.5685397161529652,281.5622104749084,9.474130604783726,0.3662252407765204,0.0,0.4305645360184301,0.9375,0.7783458201724497,0.4173884461188458,0.4889837149633369
12.533557334494425,0.8646731908130094,2.282257275918544,1.1296715313117294,Si3,Si3,combo_006,gp,0.5363912476365726,0.46360875236342736,0.9272175047268547,0.06321455995966116,0.33659987445041206,286.63840170833106,8.987916667436476,0.40788723800558535,0.0,0.4440613580551644,0.9375,0.7783334696320737,0.44408252567073603,0.39646279118050326
8.51882399296046,1.0167853313351252,2.7920638496488017,0.5390854954051074,Si2,Si2,combo_004,gp,0.5488615772585206,0.4511384227414794,0.9022768454829588,0.042297185348104276,0.22381787227090857,292.30691929102227,12.965838754760263,0.45441065545842885,0.0,0.6930874185996793,0.9375,0.7783272997744558,0.5327963857558202,0.5037000158471026
13.665797153963112,0.4306304778759913,2.7842388102013382,2.230841882879422,Si1,Si1,combo_002,gp,0.5165147616476062,0.48348523835239376,0.9669704767047875,0.05390032511249022,0.28637951580876636,285.72213461324094,8.84042499775564,0.400367127863677,0.0,0.31703267122236095,0.9375,0.7782572765915146,0.42495709645463925,0.3557766706138248
10.147827650848065,1.0005105033502097,1.7079993083529355,1.3367559358847476,Si1,PU,combo_001,gp,0.5689113037007019,0.43108869629929814,0.8621773925985963,0.09439440520302828,0.5047149194547276,313.14445382377517,10.147007035851486,0.6254312624537155,0.0,0.5489068454748243,0.9375,0.778219659312414,0.6159520463076185,0.5028944217792515
14.642792844566996,0.7142405170457042,2.860730228582551,0.595112781359209,Si3,Si3,combo_006,gp,0.5627263974140106,0.43727360258598935,0.8745472051719787,0.06359251795409332,0.3386377429756646,279.6613797460345,13.391865354464661,0.3506244879841815,0.0,0.6862294952234461,0.9375,0.7781767591646664,0.4628065313275997,0.5545701750821477
9.571561126420779,1.1025196169901597,2.2331388565065877,0.9720957550598952,A2,PU,combo_011,gp,0.5754961116984418,0.42450388830155816,0.8490077766031163,0.1173596151271266,0.6285384108732633,327.24055225147015,9.033756364526965,0.7411226512588773,0.0,0.4640425438543989,0.9375,0.7781370630512796,0.6797054845721348,0.5028986354529847
11.696564535751355,1.3884069447081449,1.2516081004067912,1.9287156136880057,Si2,PU,combo_003,gp,0.4730076391212492,0.5269923608787508,0.9460152782424984,0.04924558861979991,0.2612821739571955,287.051659704412,11.813097949256184,0.4112789844343351,0.0,0.44340321220089846,0.9375,0.7781365762034804,0.46858151369514484,0.44766990451372474
15.195704747240933,1.1334875936364348,1.2557291549374494,1.7796705195646358,Si1,Si1,combo_002,gp,0.4284355363582222,0.5715644636417778,0.8568710727164444,0.07724564247206464,0.4122524650781276,281.29286162229977,12.367526974306987,0.36401460476321434,0.0,0.6817384277788882,0.9375,0.7781290575698118,0.4636847702793808,0.5515015915295247
9.522630716588512,1.4760124894483986,1.4710809375676064,1.544234493000245,A2,Si1,combo_012,gp,0.5507005420428754,0.44929945795712456,0.8985989159142491,0.06117990150408253,0.32562943200086913,300.59845284250514,10.591038193405637,0.5224620412242211,0.0,0.5888818258818898,0.9375,0.7781244525690495,0.5513587626633154,0.4584176043461885
11.489739885731684,1.1746919021520603,2.0232521033411084,0.9403964222459351,A2,Si3,combo_014,gp,0.5511871395962373,0.44881286040376267,0.8976257208075253,0.07656774486007846,0.4085973863996464,292.0634042458808,8.936667901840638,0.45241204613316927,0.0,0.4955473689217824,0.9375,0.7780904513779517,0.47999595550304336,0.42797594268990674
13.157081900836573,0.6697059236018257,2.965929891747041,2.0776352085528815,Si2,PU,combo_003,gp,0.47883305055773207,0.5211669494422679,0.9576661011154641,0.051412112431592855,0.2729636061541681,289.31476694808475,10.166383769554841,0.42985306160742837,0.0,0.3747135138788079,0.9375,0.7780630941063743,0.461780168439213,0.39618514797724336
15.315832070278464,0.9982812035536468,1.2777010434853244,0.6550514198432374,A1,PU,combo_007,gp,0.5719659009629368,0.42803409903706324,0.8560681980741265,0.13561505204193008,0.7269678153347401,289.10781557502946,13.383644459222612,0.4281545425536126,0.0,0.3146708278561805,0.9375,0.7780575307059793,0.47985713120406337,0.6345258997537937
15.337680156201614,0.5006375653170061,2.7946120699021377,1.8341603476034425,Si3,PU,combo_005,gp,0.5652351963889259,0.43476480361107406,0.8695296072221481,0.0818665285554846,0.43716729277565175,290.1163403566442,9.505057678505482,0.43643184234886584,0.0,0.5926024706268062,0.9375,0.7780332752184437,0.4829797795016404,0.46815927284713704
15.40507294331356,1.0703710232658266,2.2038975248763286,1.182483563082621,Si2,PU,combo_003,gp,0.4272121523776775,0.5727878476223225,0.854424304755355,0.10971084060386761,0.5872978574590642,276.74856735969036,10.283830281040027,0.32671806366162237,0.0,0.4864603401648907,0.9375,0.7780320833193194,0.401682844183898,0.5261928807503624
12.412375796473665,0.9377241047108051,1.867089427957871,1.1747834072294059,A1,Si1,combo_008,gp,0.6089499500920112,0.39105004990798875,0.7821000998159775,0.15295890009237698,0.8204821279552993,286.59850155395173,9.371470261836967,0.4075597641093606,0.0,0.5495425907083691,0.9375,0.7780198088991185,0.4574140652174065,0.5921880328356703
9.802764075424651,0.9590768261007467,2.5016443039173186,2.3433330298824018,A2,Si1,combo_012,gp,0.4857045439056371,0.5142954560943629,0.9714090878112742,0.057569781418098195,0.3061644379962774,302.0810344230504,9.23647225528793,0.5346300835339458,0.0,0.2711056634748376,0.9375,0.7780102950401916,0.5174592449915814,0.3667000734160971
12.210645147138976,0.7706737008636868,2.714854423918399,2.06696374797033,Si2,Si2,combo_004,gp,0.5389700752039488,0.4610299247960512,0.9220598495921024,0.07455983326682447,0.3977711573010144,283.0822761359667,9.141206987232026,0.378700927457124,0.0,0.39337917912484816,0.9375,0.7779783794408711,0.4197879197222199,0.4144845159882013
10.984353015069356,1.129359860848345,1.9511244663093215,2.1803400216475373,Si2,PU,combo_003,gp,0.4687681288950287,0.5312318711049713,0.9375362577900574,0.07892995727512832,0.42133392961742705,289.27809722148925,9.856942014220508,0.4295521009111974,0.0,0.2931705829445855,0.9375,0.7779446621531328,0.45098467137175113,0.4273764613458778
12.656259123106704,0.8287889623117134,1.8014525393321532,2.2696347454627532,A1,Si1,combo_008,gp,0.5697898630016596,0.43021013699834043,0.8604202739966809,0.1147469454738043,0.6144514558893183,282.86301314875914,9.50402610790882,0.37690136287308473,0.0,0.42581653305819267,0.9375,0.7779406393763424,0.42462174756974275,0.5051624804046648
10.127146839781668,1.2699030183001012,1.5894616764150888,2.042681163001653,A2,Si3,combo_014,gp,0.5282471116676248,0.47175288833237516,0.9435057766647503,0.04083818326524232,0.21595124564376372,295.61403310546154,9.468571541377601,0.4815532433235577,0.0,0.5068039160947966,0.9375,0.7779273732641776,0.5056983218646824,0.37686083314003027
11.719029479828698,1.4222606443059371,1.1821351806315328,0.7449207555774093,Si2,PU,combo_003,gp,0.5517019438235309,0.4482980561764691,0.8965961123529382,0.06974111310947106,0.37178965066447967,297.29926337681496,12.783665668805076,0.4953844911365214,0.0,0.5423721081060203,0.9375,0.7779268282331877,0.5449756486852968,0.5278747232254252
11.865313886129115,1.1350061691430535,1.2241307951836689,1.9286556134654016,Si1,PU,combo_001,gp,0.46473141666496076,0.5352685833350392,0.9294628333299215,0.036562996265609445,0.1929003533370407,294.6651978853413,11.209292743845575,0.4737658356996657,0.0,0.5983128956757331,0.9375,0.7777815830305154,0.5230706485376205,0.4303735169503085
13.886344065390922,0.8028625489765797,2.0598427515337,1.3156175410209041,A1,Si2,combo_009,gp,0.5516823245409626,0.44831767545903745,0.8966353509180749,0.10194297895436225,0.5454152117755775,283.80570912465953,7.982463086975242,0.3846383836687594,0.0,0.33618611219023603,0.9375,0.7777052948668461,0.40912339895358535,0.4257259580324931
8.792268242604937,1.425369375545972,1.3616500720858467,0.9427689282918641,A1,Si1,combo_008,gp,0.425052061526344,0.574947938473656,0.850104123052688,0.08682521149714141,0.46390344875692957,294.4912854807802,11.97919515717297,0.4723384784974356,0.0,0.648668688131471,0.9375,0.7776339782666513,0.5331543290417682,0.5539433487661025
14.375022890328271,1.0686767247891005,2.174774370919075,1.7223168468655976,A2,PU,combo_011,gp,0.42103636359522056,0.5789636364047794,0.8420727271904411,0.12196667694779946,0.6533787011080214,285.86404790589705,8.202523600161854,0.40153185766472904,0.0,0.4630314530659518,0.9375,0.7776078381104244,0.4353618452294086,0.4885896617989609
10.593948844036898,0.8827166079336962,2.6758663506157454,1.9428018271892153,A2,Si2,combo_013,gp,0.4577647902600148,0.5422352097399852,0.9155295805200296,0.07948750577735733,0.42434011168192143,305.2630499483766,7.5594591539911855,0.5607459479493994,0.0,0.38918425844963866,0.9375,0.7775433601140347,0.5343759951776265,0.379670598044409
15.306290322007818,1.4087656700945992,1.2646016050448747,1.3047408867031587,A2,PU,combo_011,gp,0.42554852807717225,0.5744514719228277,0.8510970561543445,0.09305504629514366,0.49749338319248926,287.84099288279805,11.515255016323374,0.4177573055177109,0.0,0.6037550162340235,0.9375,0.7775367704605464,0.4868120911160633,0.5462086012583965
10.162270981932137,1.1549842610688534,1.9559150745631078,1.9086501749963949,A2,Si3,combo_014,gp,0.5045181007263633,0.49548189927363673,0.9909637985472735,0.03447941107881654,0.18166610843576012,296.2440038898212,7.994191927486492,0.4867236240018065,0.0,0.32180907070621906,0.9375,0.7774352829160346,0.4792374880203961,0.2965796530782326
10.509100848969158,1.6026347071156624,1.1587678699317336,2.023567753369065,A2,Si1,combo_012,gp,0.4916612679695582,0.5083387320304418,0.9833225359391164,0.034990009090307035,0.18441914351373564,289.50671561364044,11.694967190723544,0.43142844842891964,0.0,0.3539364640304894,0.9375,0.7773979295747221,0.472811597530817,0.4041003001307161
8.0126586880744,0.5072867329755287,2.8677415670682427,2.0349023928713086,A1,PU,combo_007,gp,0.5583315474484749,0.4416684525515251,0.8833369051030502,0.10087149844996048,0.5396380184696848,344.44733771295193,9.963393505197901,0.8823444877210971,0.0,0.4025508818129331,0.9375,0.7773876487379165,0.7797135025611146,0.4881163941490164
12.58275053864082,0.8757882306357722,2.155408894472922,1.5651290439458574,Si3,PU,combo_005,gp,0.47384549599729553,0.5261545040027045,0.9476909919945911,0.08062156937669596,0.43045473962675146,298.06522815381487,7.320783985568668,0.5016710199431627,0.0,0.2306817653355171,0.9375,0.7773875262610729,0.47529860578475924,0.35147392718816856
11.906082057946097,0.8684906815530253,2.2615912645592524,1.0290753841812275,Si1,Si1,combo_002,gp,0.5559546348799529,0.4440453651200471,0.8880907302400942,0.08191008731278607,0.4374021522621858,286.6927927199558,9.373202883094502,0.40833364320810706,0.0,0.50021151490586,0.9375,0.7773325254826811,0.4530362819987568,0.4507580114463796
8.857946955402223,1.371327143114153,1.2063577184076222,2.0132114368311664,Si1,Si1,combo_002,gp,0.4756237817070428,0.5243762182929572,0.9512475634140856,0.04091991373753554,0.21639191883891762,288.1043544403734,12.216637960178735,0.419918801800535,0.0,0.46506006208646294,0.9375,0.7772774959732426,0.4799647035278532,0.44630055711250416
10.319579312395234,1.2349416983635793,1.2536228795298456,1.3509343562398197,A1,PU,combo_007,gp,0.4263005951646335,0.5736994048353665,0.852601190329267,0.09089212673308325,0.48583138433783324,306.56304690034415,10.21009022448271,0.5714154572173051,0.0,0.6066284451952114,0.9375,0.7770487926589782,0.5844086338450885,0.5066776437546118
15.926864928813458,0.8341188898851489,2.080150829792513,2.1810658827391904,Si3,Si3,combo_006,gp,0.42134812169288693,0.5786518783071131,0.8426962433857739,0.09604867747343428,0.5136344010948058,284.32339239871953,10.611968945889343,0.38888718323868404,0.0,0.6201309253847495,0.9375,0.7770473679653119,0.461145674054397,0.5294821155618454
15.318301691993527,0.5966886163691476,2.195123468133734,2.2526968254770394,A1,Si1,combo_008,gp,0.573428551550137,0.42657144844986306,0.8531428968997261,0.12820528873629972,0.6870159591958014,280.32943069490545,10.162042362515256,0.3561074052938134,0.0,0.3668601984364729,0.9375,0.7769783428353574,0.40933877759615256,0.539806124647927
14.923764866824566,1.4586193095547755,1.2058078197311353,0.7877943874601059,A2,Si1,combo_012,gp,0.5819376377900198,0.41806236220998017,0.8361247244199603,0.10648431416299912,0.5699011182007251,284.6984856571382,12.609483751314682,0.3919656989159474,0.0,0.583908247582503,0.9375,0.7769589303267543,0.47536798426340743,0.598655724431608
10.085765162822181,0.9946676519472765,1.6376166627372313,2.3706273354241425,A1,Si3,combo_010,gp,0.46488375224377876,0.5351162477562212,0.9297675044875575,0.08258795280659546,0.4410570577663394,289.56739027301893,11.17353875152636,0.43192642562770156,0.0,0.29807158249897686,0.9375,0.7769056006036671,0.46347809798513384,0.4712092538785232
15.744552368602767,0.6415769129542168,2.111516015922771,1.4726900500109914,A1,Si3,combo_010,gp,0.611011934453245,0.388988065546755,0.77797613109351,0.1484185825663807,0.7960017086569027,284.3378663447747,10.147781929712417,0.38900597574919327,0.0,0.5885464521217684,0.9375,0.7768669769446993,0.4544243927361149,0.610812041596441
11.418022265645678,1.2846413104072445,1.30565660678363,1.9444808219764642,Si2,Si2,combo_004,gp,0.574240064332173,0.425759935667827,0.851519871335654,0.08299277403967027,0.443239767118675,284.59364463412857,11.792595805109187,0.3911052336164213,0.0,0.6599712795117411,0.9375,0.7768178766502623,0.47595565935658973,0.5432766479770198
13.405059088709423,0.9826388851771426,1.936318968333112,2.3371497564847283,Si2,Si2,combo_004,gp,0.5652173919435484,0.43478260805645164,0.8695652161129033,0.09340724842706584,0.49939238162550137,281.0679103929557,10.003228123894345,0.3621683548757198,0.0,0.5091489954475262,0.9375,0.7767479077505622,0.42656290467694746,0.4911152314032228
11.875234345598228,1.3475601786944704,1.6544749329425692,0.9495459144565421,A2,Si2,combo_013,gp,0.527262888836546,0.47273711116345396,0.9454742223269079,0.03438831760375164,0.18117495193576458,292.84290812726766,9.612045288173983,0.45880969489245127,0.0,0.5289659314446963,0.9375,0.7767078113340736,0.4931209638805608,0.3719576679840356
11.407325859982228,1.0299725917166627,2.662496286695835,0.7355018094424494,Si2,Si2,combo_004,gp,0.523329707713799,0.47667029228620095,0.9533405845724019,0.03072877911312226,0.16144350448164163,278.0292181551069,10.434180234395768,0.3372287925598457,0.0,0.5152266679646083,0.9375,0.7766768236583128,0.41309792121123284,0.3855920754433457
15.838607377712195,0.9177799005894985,1.644837654948212,1.4131270712832191,A1,PU,combo_007,gp,0.39749885653986894,0.6025011434601311,0.7949977130797379,0.14315859435738149,0.7676409792313392,284.96950615395065,9.905514379903988,0.3941900546716717,0.01667428973420722,0.5409199651755472,0.9375,0.7766683317270271,0.4513876922042016,0.5870816384649695
13.60042481021191,1.0027025854578784,1.5848837467433703,0.8051693459878729,Si1,PU,combo_001,gp,0.5461604911878055,0.4538395088121945,0.907679017624389,0.11419692831514679,0.6114858812157068,293.81189563021076,11.496227149514569,0.46676249903363687,0.0,0.19874808883174488,0.9375,0.7766635289949149,0.4804655781523326,0.5248318415599023
9.069704400112277,1.413026619212998,1.110604959610232,0.8021410921081942,Si1,Si1,combo_002,gp,0.5446292510864481,0.4553707489135519,0.9107414978271038,0.05292472225223804,0.28111927421752486,297.23928744727647,14.845717626692553,0.4948922486469573,0.0,0.5714501880492879,0.9375,0.7764502313160396,0.563735415441611,0.5571896532268691
9.20019867862294,1.1287250868550756,2.7037537576436126,0.5999971482759634,A2,Si3,combo_014,gp,0.4574376933265967,0.5425623066734033,0.9148753866531933,0.03800702898674308,0.20068626837305995,298.6805859668874,12.054826547868686,0.5067214670843799,0.0,0.6466537175998983,0.9375,0.7764333943085959,0.5576149759439761,0.4635942718577773
12.586652173537892,1.177952441699615,1.253717295762444,0.769789053546194,Si3,PU,combo_005,gp,0.5718869203964232,0.4281130796035768,0.8562261592071536,0.09106028733445128,0.48673807027056576,305.48372088949134,11.515150324419041,0.5625570680815026,0.0,0.5837955197402345,0.9375,0.7764304540357211,0.5861751529515971,0.5394474391775592
8.201140534635893,1.5291128093595558,1.56296934056216,1.9380990878222335,A2,Si1,combo_012,gp,0.4448172398854098,0.5551827601145902,0.8896344797708196,0.05041623803913856,0.26759406480464154,299.064662830954,11.127883621745026,0.5098737142143014,0.0,0.6854350133556704,0.9375,0.7763958393871818,0.5564189417338383,0.4673466162538861
15.579828467500466,0.5846565006102052,2.70297019140764,2.1045183669161016,Si3,PU,combo_005,gp,0.4540535339905176,0.5459464660094824,0.9081070679810352,0.07533545949713641,0.4019531677503177,287.01608623976074,8.94282685698666,0.41098702112610314,0.0,0.44065604311050777,0.9375,0.7763315761078533,0.4455576813525031,0.41758608306531797
15.054823122098977,1.0029558598377633,1.5600189934604773,0.807932550749165,Si1,Si1,combo_002,gp,0.5845029736214258,0.4154970263785742,0.8309940527571484,0.10623426525163147,0.5685529080457439,282.2181817155778,12.621140015727628,0.37160901588553835,0.0,0.6041590593504509,0.9375,0.7762859276645474,0.4632349422470544,0.6015419148910417
15.180349926272058,1.1059401236100914,1.9685544709314915,1.5720321013635286,Si2,Si2,combo_004,gp,0.46544544082379957,0.5345545591762004,0.9308908816475991,0.07091398697081386,0.37811353522660635,276.8706693423245,10.114218392784437,0.3277201954230646,0.0,0.36182197201300537,0.9375,0.7762606562959706,0.38858827139458935,0.4296198140212656
15.107121440201382,1.0453621407721012,2.9176966900748136,0.6288205383672365,A2,PU,combo_011,gp,0.3973662774142781,0.6026337225857219,0.7947325548285562,0.130834807263953,0.701193759700124,281.92495008495143,10.812828883985205,0.36920236593464717,0.017558150571479466,0.6166684728733679,0.9375,0.7762014143693639,0.44859772484781113,0.6001303617478231
8.77589137864239,1.4111572229590499,1.1430523129174468,2.0345944567516483,A1,Si1,combo_008,gp,0.430109791187391,0.569890208812609,0.860219582374782,0.0697914472065397,0.37206104133136386,286.8284260478349,12.906744609577315,0.4094468312403198,0.0,0.6980551720546593,0.9375,0.7761730921496689,0.5013543251330291,0.5547057314818641
12.678841098959163,1.1250233929439057,2.4128566677309404,0.7607443301281469,A2,Si1,combo_012,gp,0.5832711819540748,0.4167288180459252,0.8334576360918504,0.12256663489673641,0.6566135458225791,285.63882156409284,9.726021058376599,0.3996833498373687,0.0,0.48780327735137674,0.9375,0.7761254932103384,0.44851148743540825,0.5353200844900029
12.79005246174711,0.9744428861142274,2.8041749907636753,0.6501261838501495,A2,Si3,combo_014,gp,0.5464792772182108,0.45352072278178923,0.9070414455635785,0.06573995439006482,0.35021626013184115,282.5947029451735,11.188949708025495,0.3746992513992862,0.0,0.5048448177373595,0.9375,0.7761210633916187,0.4442174459636821,0.47085462244330867
9.254005764402347,1.030975664292754,1.3692803863981302,2.3586591741437752,A1,Si2,combo_009,gp,0.5728010896490616,0.4271989103509384,0.8543978207018768,0.10883473794528176,0.5825740996364401,293.9599862986771,13.369239095442747,0.4679779286216068,0.0,0.4767674834043948,0.9375,0.776071922397143,0.5238300190888503,0.6079065798799141
10.914825999076967,1.2656612292619098,1.4358230756690409,0.6273327932404191,A1,PU,combo_007,gp,0.41247890293198,0.58752109706802,0.82495780586396,0.11091729358621263,0.5938027934470216,305.17302028366845,10.839407729240875,0.5600070444154056,0.0,0.6001034660426506,0.9375,0.7759647554265473,0.5807132644639268,0.5607894513039275
10.560271465453082,0.9532692718227073,1.700608694296932,2.4952482908082025,A1,Si3,combo_010,gp,0.4507580957065187,0.5492419042934813,0.9015161914130374,0.0869329981936229,0.4644846115301383,287.830962261858,10.961841297959158,0.4176749808607796,0.0,0.3947635012484335,0.9375,0.7759384220294532,0.4615084863574235,0.488092912927934
15.986256795258814,1.0190247948565556,1.174436255607215,0.6215023786522681,A1,Si2,combo_009,gp,0.5748380371531709,0.42516196284682906,0.8503239256936581,0.08853048200214726,0.47309790195116336,281.03746774815295,14.188878621714695,0.36191850192001024,0.0,0.6232531169126254,0.9375,0.7759034434867608,0.4706748986129454,0.6140954577416661
8.430926676632254,1.4006762540324964,1.173223377172373,0.5010202669634787,Si1,Si1,combo_002,gp,0.56475842164744,0.43524157835256005,0.8704831567051201,0.051739164232400006,0.274726999390481,300.18186760887846,16.332478334524744,0.5190429870454206,0.0,0.7616922136832316,0.9375,0.7757935353927305,0.6113429988155036,0.6243611846430042
12.822773942380703,1.5078336765428668,1.7667574444105025,0.6138605556245357,A2,Si1,combo_012,gp,0.42675994884632473,0.5732400511536753,0.8535198976926495,0.09944064975743948,0.5319231888911543,284.46668882256614,10.379505440490556,0.39006326485947174,0.0,0.5381855283367595,0.9375,0.7757827223237365,0.45194849094023326,0.5172007298296629
9.527265962005808,1.024480068623788,2.4834028037518783,0.5415208890081402,A1,Si3,combo_010,gp,0.42624846826615226,0.5737515317338477,0.8524969365323045,0.07046289034456145,0.375681318869155,292.2316364231337,12.02282471446116,0.4537927838123177,0.0,0.7258502801166095,0.9375,0.7756650357819621,0.5282331933102369,0.5358422618265334
13.975025812849118,0.918476109971309,2.645967519646894,1.4063626455558929,A2,Si1,combo_012,gp,0.5905657199760412,0.40943428002395876,0.8188685600479175,0.14491038411466406,0.7770862542667023,283.07075098114365,8.078165475316213,0.37860633666134363,0.0,0.4105114751022498,0.9375,0.7756611944440531,0.4130852033114367,0.5205905807426324
8.10409833091566,1.286429897319571,1.1407997283445426,0.8467392464041514,A1,Si2,combo_009,gp,0.5457173504077559,0.45428264959224407,0.9085652991844881,0.05911760625428721,0.3145099778783289,300.5192663152795,12.893821684393032,0.5218121309418556,0.0,0.5356745269062235,0.9375,0.7756026018770632,0.5636704664072347,0.5098504984939456
13.027417201200597,1.4136340920845067,1.7122126770010926,0.6787627767251618,A2,PU,combo_011,gp,0.3977104481703577,0.6022895518296423,0.7954208963407154,0.12525907175949935,0.6711305885090229,297.4468958166063,9.79501213594329,0.49659615988867734,0.015263678864281998,0.6439822632349058,0.9375,0.7755840101615296,0.5325102482093622,0.565724530336685
12.871597795845574,0.9030163573227179,1.516453152549135,1.3708751515002702,A1,Si3,combo_010,gp,0.5728930411542876,0.42710695884571237,0.8542139176914247,0.14136857749423395,0.7579895918316361,288.4680076572632,7.94321616575665,0.4229034252352566,0.0,0.2673163547739346,0.9375,0.7755698050348198,0.42871368467450566,0.48871759072067694
15.196833426151194,1.012167157807522,2.235748063806131,1.7764934849282425,Si2,Si2,combo_004,gp,0.4565893357068518,0.5434106642931482,0.9131786714137036,0.07801789879045755,0.4164163056843958,276.4819979596976,9.793696891598533,0.3245302395444518,0.0,0.39306332552826573,0.9375,0.7754505793486668,0.38696187952084393,0.4389005333229322
10.132559457905854,0.74661950071447,2.631651513653929,1.8062491795756,Si3,PU,combo_005,gp,0.444920750960236,0.555079249039764,0.889841501920472,0.07986712344983835,0.4263869288356132,316.8009883889998,8.56068504541695,0.6554416631496827,0.0,0.49020006653227827,0.9375,0.7754454914508881,0.6186287740475332,0.42306404623565286
15.58921267580159,0.9885726888401221,2.7228905598937825,1.0169275677446272,Si2,Si2,combo_004,gp,0.46104719055941246,0.5389528094405875,0.9220943811188249,0.05262334126774537,0.2794942925225882,270.341049087796,11.473202381792277,0.27412942067843604,0.0,0.5124320420978897,0.9375,0.77543663601157,0.3768099690133503,0.45505440484788556
13.750929634299077,1.1078730192625375,1.7658602520525215,2.1692972863745466,Si2,PU,combo_003,gp,0.46706523794242116,0.5329347620575788,0.9341304758848423,0.03466612909321922,0.1826728519634914,279.36631977172954,10.30234185461504,0.34820283220593495,0.0,0.5690224372717664,0.9375,0.7752901716981552,0.4251237922996467,0.3974673448770916
13.018297861186277,0.9647619774105656,1.9286345274069268,0.5782845234020529,A1,Si2,combo_009,gp,0.5705765757260224,0.4294234242739776,0.8588468485479552,0.09711338629811157,0.5193750829545143,282.1335056871857,9.867822389439826,0.37091405143325085,0.0,0.5230645379446656,0.9375,0.7751421159171553,0.43301289289045863,0.49647407055028747
15.40956297566893,0.9435221558303121,2.5942353233445132,1.051778938760365,Si2,Si2,combo_004,gp,0.535388546536069,0.46461145346393096,0.9292229069278619,0.052395578577101885,0.2782662448947386,272.3974489522703,11.149650049678133,0.29100698133680586,0.0,0.47830000082444507,0.9375,0.7751420664614054,0.38266969336726264,0.4406100080585143
13.133695676146035,1.2270621103540684,1.9108850866075833,1.2056223557210082,A2,Si2,combo_013,gp,0.5215339218651351,0.47846607813486486,0.9569321562697297,0.045571724542327996,0.24147348600819685,286.605657119915,9.226095876186882,0.4076184922296433,0.0,0.3920613191979437,0.9375,0.7751147240794565,0.4405651946696898,0.36191633164456816
8.182954334686407,0.7100331863844181,2.7704059777051935,1.619077251730857,A1,Si3,combo_010,gp,0.5276964837347933,0.4723035162652067,0.9446070325304134,0.06623170421022996,0.3528676698005762,313.0250429612418,11.012447809302722,0.6244512176139487,0.0,0.3181915604802602,0.9375,0.7750720087869156,0.5989921503214218,0.43893241530495186
10.09086215820213,1.129761840230151,1.3070596074911545,1.3356640549301055,A1,Si2,combo_009,gp,0.5447287112510253,0.4552712887489747,0.9105425774979494,0.09127777418463602,0.4879107127683483,293.0400900798946,9.228254295117235,0.4604280330491928,0.0,0.3182671063134303,0.9375,0.7750697465814945,0.47016940540442115,0.43715956615118756
14.393676986586442,0.9049201747611586,2.7188375204611335,1.2330170845979627,A2,Si3,combo_014,gp,0.547337523166675,0.45266247683332494,0.9053249536666499,0.11270809641456929,0.6034584186027327,280.44408158384243,9.80002659402819,0.35704838344013545,0.0,0.20633847545505313,0.9375,0.7750265158425859,0.39110181232228275,0.4765305551196037
10.110415207039651,0.7068868041274792,2.787097945406191,1.296218452511913,Si1,Si1,combo_002,gp,0.4846163187684063,0.5153836812315937,0.9692326375368125,0.038512391505452784,0.20341107479571047,296.2258863975769,8.903551555239575,0.4865749276905427,0.0,0.37814397288553253,0.9375,0.7749496870966653,0.49190951837430863,0.33763982306964263
10.680273375682518,1.1401498451070666,2.4119539341278315,0.6059240098005158,A2,Si2,combo_013,gp,0.548032436063977,0.451967563936023,0.903935127872046,0.03734344306713346,0.19710835527347093,295.44893766352527,10.985324714674462,0.4801982498790254,0.0,0.6902397247092023,0.9375,0.7749444692753114,0.5350068491231953,0.43947823913144574
15.639192531181909,0.4765694075667213,2.3813505502247008,2.2936198773011185,A1,PU,combo_007,gp,0.5530239191618449,0.4469760808381551,0.8939521616763102,0.08805404612006071,0.4705290617554061,284.91517223295693,9.30586860986266,0.39374411803103054,0.0,0.4149426935839957,0.9375,0.7749173388926749,0.4337678505761922,0.44771102073824104
8.451541435333935,1.3818875134581483,2.0721544237172767,0.5605560252449965,A2,Si2,combo_013,gp,0.4456802771078543,0.5543197228921457,0.8913605542157086,0.03670101858655229,0.1936445401191044,307.02098281651524,11.964067037415013,0.5751738902615515,0.0,0.7526961552585266,0.9375,0.7749062205716744,0.6154230391353328,0.4745409638228447
11.132170302872936,0.9930065172496673,1.6012695809976822,2.2557125660285724,Si1,PU,combo_001,gp,0.4638017335831961,0.5361982664168039,0.9276034671663922,0.06600713872660269,0.3516568608279292,296.79928849775644,10.21338091290689,0.4912810302801238,0.0,0.3972432287876965,0.9375,0.7748523537586239,0.5074018602861908,0.4283992423476005
9.719820762080943,0.7781571597515649,2.988329809371886,0.9367554055589163,Si3,PU,combo_005,gp,0.4382305666903079,0.5617694333096921,0.8764611333806158,0.05618533650599906,0.2986998076593756,315.908889734612,11.26481139590953,0.6481199114744411,0.0,0.6979381168705249,0.9375,0.7748177054113646,0.6555170987591692,0.48387337185138807
12.945204129052511,1.417155577823381,1.286974824621992,1.2565313398843903,A2,Si2,combo_013,gp,0.5142877608282177,0.4857122391717823,0.9714244783435646,0.03799764340113002,0.20063566330637614,290.14720268062314,10.367997925072052,0.4366851397517746,0.0,0.36996484737642343,0.9375,0.7747946821508712,0.46767134869985016,0.37570064073957476
8.18307050559555,1.5775391835717036,1.3438724873722014,0.7439462440756983,A2,Si1,combo_012,gp,0.5615059221589433,0.43849407784105665,0.8769881556821133,0.05833274388722091,0.31027816815856724,310.93147657058313,13.661822945887543,0.6072686188591585,0.0,0.6814282037268192,0.9375,0.774763023829812,0.6440976942041018,0.5513455316195527
15.944820520846164,0.5743918951042928,2.3961891490059486,1.5538737120156778,A1,Si3,combo_010,gp,0.5985992408349716,0.4014007591650284,0.8028015183300568,0.14687180440556463,0.787661812224203,283.15839602754914,10.867688650001275,0.3793256688363108,0.0,0.4653981762651091,0.9375,0.7746856927138156,0.44098790701223145,0.609211784919298
13.525456715463019,0.5921062477438409,2.6897914106020506,1.8567332038847,A1,Si2,combo_009,gp,0.4443075337001403,0.5556924662998597,0.8886150674002806,0.0994601412426182,0.532028282803021,282.0988366203208,8.200314063578606,0.3706295108197791,0.0,0.3649071883544928,0.9375,0.7745871240388179,0.4039004210101896,0.4313376333373637
8.680828255158099,1.4819577495786886,1.3369067723345993,0.5650859024096534,Si2,Si2,combo_004,gp,0.5496115090393658,0.45038849096063416,0.9007769819212683,0.045571387517855236,0.2414716688444501,293.9608237850367,13.635150328756039,0.46798480215193483,0.0,0.6499542952690205,0.9375,0.7745834772166222,0.5432421297629799,0.5218089139399426
14.797040677267304,1.0129794807508876,2.105153881736373,0.6882493513198722,Si3,Si3,combo_006,gp,0.438658593730608,0.561341406269392,0.877317187461216,0.08964007934677881,0.4790806130927167,279.8809288551421,11.300232958120299,0.3524264008662373,0.0,0.4795266261764455,0.9375,0.7745367133408277,0.42696871335337216,0.515218703961683
13.090796040533325,1.1890163665264593,2.0963244230869456,1.080433828206786,A2,Si3,combo_014,gp,0.4365147470328168,0.5634852529671832,0.8730294940656336,0.093654314232446,0.500724507512154,283.0694025626571,8.643799437228202,0.37859526974036556,0.0,0.4740695844519714,0.9375,0.7745363471135014,0.42387607814288003,0.4489475233750441
15.206009853122179,1.0755480109030762,2.6301247565299017,0.622809102194175,A2,Si2,combo_013,gp,0.5447421785315072,0.4552578214684928,0.9105156429369856,0.08718167430443344,0.46582541983864983,276.33972625073017,10.822487124864677,0.3233625681009986,0.0,0.33915869268796,0.9375,0.7744046038410188,0.3888347496610004,0.47639049037199027
14.5218484129623,0.8676207216764941,1.6784177929687663,1.7854381218840196,A1,Si2,combo_009,gp,0.44429363472792716,0.5557063652720728,0.8885872694558543,0.14186224700607175,0.7606513520665598,285.03707268464393,7.0276361217043215,0.3947445957606651,0.0,0.09403382879702786,0.9375,0.7743276913078384,0.384482765204359,0.4384866260655174
15.738691690352134,1.0341638288961712,1.8803594570225826,1.7911659468512207,A2,PU,combo_011,gp,0.5705784586128004,0.42942154138719957,0.8588430827743991,0.11681678987280061,0.6256116134068807,286.0413889411882,9.774131432808863,0.40298735478474534,0.0,0.39163729179453854,0.9375,0.7743183809656032,0.44158557857794756,0.5113671121336908
8.988256173007132,0.7340823737271449,2.589754357158535,2.1944349065234947,Si3,Si3,combo_006,gp,0.53444223788307,0.46555776211693,0.93111552423386,0.0648714259771804,0.34553334101919253,303.1413972449747,8.730659211933897,0.5433328354432797,0.0,0.38379784299628755,0.9375,0.7743092130540522,0.5308474460460282,0.38347771508252326
13.03143326877706,1.0558162450976205,1.6502246425642144,0.6842410975122483,A1,Si1,combo_008,gp,0.5932225825353612,0.4067774174646388,0.8135548349292776,0.14586374984744005,0.7822265980310865,283.8436662775214,10.810430062192493,0.384949910702442,0.0,0.41854017895047363,0.9375,0.7742942393037685,0.43978933508271234,0.5987066650892959
14.159055683721363,1.5258727425127436,1.1114304417328909,0.6281976759054946,A2,Si1,combo_012,gp,0.5762119924881972,0.4237880075118028,0.8475760150236056,0.09422480803979871,0.5038004878882333,286.46774679947447,12.75800302243638,0.4064866161588162,0.0,0.5869497156951761,0.9375,0.7742451408734151,0.4870033279441466,0.5800596658372599
9.2300841381247,1.2814309790897942,1.340752382269244,1.831017701462512,Si1,Si1,combo_002,gp,0.5091141552809866,0.4908858447190134,0.9817716894380268,0.039614358134579634,0.2093526427542084,290.16815698610134,11.137212606324182,0.4368571187369282,0.0,0.30693473005883476,0.9375,0.7742224797112586,0.4675305717190886,0.390443539063542
13.117453732547904,1.2637574474916669,1.3665330214288613,0.7973572356712313,Si3,PU,combo_005,gp,0.4213261102242143,0.5786738897757857,0.8426522204484286,0.09629674330236954,0.514971918894204,298.9066406985655,10.852638004035446,0.5085767737841712,0.0,0.5965155757590268,0.9375,0.7742108449102215,0.5444572040943163,0.5330241750200537
8.176800079883382,1.1285505809725422,2.3642367668303166,1.8300005367477952,Si2,Si2,combo_004,gp,0.4265453794284326,0.5734546205715674,0.8530907588568652,0.08274934241986467,0.44192723598198513,297.315518111936,10.47999902895064,0.49551789917779315,0.0,0.633736010485666,0.9375,0.7742106782540549,0.5361111169596733,0.5027973868698252
9.269326730962549,0.9847184766175976,2.494065404019006,1.2968459278202529,Si2,Si2,combo_004,gp,0.5696996536194376,0.43030034638056236,0.8606006927611247,0.06266771855521631,0.3336514227630829,294.38592920242917,10.426631406374392,0.47147378432519366,0.0,0.7259664446456674,0.9375,0.7741970972996542,0.5280841003277412,0.4772682885883155
8.698125723249877,1.2818142238664831,1.8495434660528045,0.825944050114995,A2,PU,combo_011,gp,0.5516480831023927,0.44835191689760734,0.8967038337952147,0.10166691633017007,0.5439267412547063,334.56217685171407,8.887716550448214,0.8012136702494965,0.0,0.3098132947048597,0.9375,0.7741602373712282,0.7051991932165186,0.446135384644724
15.300091462052489,1.3121716978527782,1.3140694046831216,1.945759222363372,A2,PU,combo_011,gp,0.44740031513953227,0.5525996848604677,0.8948006302790645,0.06219963686732148,0.33112762659245,285.8710011488817,11.15084803580273,0.4015889252527372,0.0,0.5677221822095116,0.9375,0.7739913472366236,0.46902868191108654,0.47255775268505207
10.02854564911535,1.4044846105859996,1.4306742360362472,1.7926339021312112,Si2,PU,combo_003,gp,0.45997359123902015,0.5400264087609798,0.9199471824780403,0.07095384255502807,0.3783284279972904,295.5161872123999,11.198570278931413,0.4807501893923409,0.0,0.3947895958593993,0.9375,0.7739847612461009,0.5075231458049181,0.46445007693314966
13.698895902488452,0.520530134343995,2.466023802040522,1.958373334952001,Si1,PU,combo_001,gp,0.5438014955832813,0.4561985044167187,0.9123970088334374,0.08026630448591925,0.42853922745421796,294.17663403399285,8.369767702574647,0.4697560289597066,0.0,0.3707706524889207,0.9375,0.7739616125663653,0.4752063153490505,0.4006544318815879
9.900669925841846,1.3599166926161566,1.5117475747196452,0.9450708080191246,A2,Si3,combo_014,gp,0.5440779139761389,0.4559220860238611,0.9118441720477222,0.04913294252242922,0.2606748103355604,303.6352043118502,10.003846836331356,0.5473856750046426,0.0,0.5704120480206448,0.9375,0.7739072900413609,0.5623461937437688,0.4167705483551337
9.895019991460277,0.7706640173288329,2.515200781405493,1.4852817453725673,Si1,Si1,combo_002,gp,0.5215932173927982,0.4784067826072018,0.9568135652144036,0.05218237285228807,0.2771166853076885,296.9479139688957,8.220147141158689,0.4925008491722891,0.0,0.3411040546240419,0.9375,0.7738935910632887,0.48698582475177143,0.33909333509197437
11.121101551268978,1.159828373031273,1.4750104615385198,0.9644262819747811,A1,Si3,combo_010,gp,0.4116341480333574,0.5883658519666426,0.8232682960667148,0.11823987241537628,0.6332845695688699,288.6524140989891,9.716309108504461,0.4244169105061861,0.0,0.5452291305401796,0.9375,0.7738852857388987,0.47149128204621077,0.5355018296626503
13.130339476145167,1.078070383746689,1.7210731798366585,1.1892280681901282,Si3,PU,combo_005,gp,0.43717662467720686,0.5628233753227931,0.8743532493544137,0.10804284528773453,0.578304384096705,297.1763742065172,8.357709843856394,0.49437589866295234,0.0,0.3713022681238582,0.9375,0.7738581301661738,0.49239867642666807,0.4528204965781803
12.539899644388719,1.10387545536025,1.5352250671067766,1.8467971821430127,A1,Si1,combo_008,gp,0.39168443119092444,0.6083155688090756,0.7833688623818489,0.1370300766203601,0.7345973246805435,281.4623234110475,9.084037758771895,0.3654054342746709,0.05543712539383719,0.6119779768521992,0.9375,0.773852513867937,0.43189191464202215,0.563591855541884
14.955914607635012,1.0300468722743963,1.7087551588504395,0.7419433551793179,A1,Si3,combo_010,gp,0.388295489455885,0.611704510544115,0.77659097891177,0.14790924060242025,0.7932554459180902,278.95885922090525,10.44350618377416,0.3448586673471283,0.07803007029410021,0.5743774320614039,0.9375,0.7738243219280456,0.42442716128091273,0.615855249141781
9.435783693015427,1.5297701306018925,1.1158384205359615,0.6211199291512384,A2,PU,combo_011,gp,0.5534698707975707,0.4465301292024293,0.8930602584048586,0.07141311287871786,0.38080471518003967,325.62181933938257,11.809095143165472,0.7278371694878295,0.0,0.5159996989646081,0.9375,0.7738127726458843,0.6974004515940372,0.5002822258540404
12.808809881776035,0.725266581069625,2.14574604981698,1.6519165471258828,A1,PU,combo_007,gp,0.5679981837673154,0.43200181623268463,0.8640036324653693,0.126552802451936,0.6781061072098004,299.136822992557,8.179867216083222,0.5104659567667409,0.0,0.3017062949668515,0.9375,0.7737968800066383,0.4953052426685409,0.47242263379143795
8.479082115197475,1.1216648121829327,1.6748073233746705,1.3953124123962777,A1,Si1,combo_008,gp,0.5802272510891555,0.4197727489108445,0.839545497821689,0.08930047627310941,0.4772495460823479,300.47817700621124,11.246461198994389,0.5214748972558444,0.0,0.6521195138725981,0.9375,0.7737934911350134,0.5621395956263575,0.5389885247697348
8.443914527142113,0.7552556788115014,2.859670433551867,1.5274143412262846,Si3,PU,combo_005,gp,0.4307083042792499,0.5692916957207501,0.8614166085584998,0.07656299186603249,0.40857175927412004,329.0417450636874,10.399692000450345,0.7559056423837034,0.0,0.6308452257126342,0.9375,0.7737926622617862,0.7174626816642435,0.48848163258819466
14.187525281497894,1.1180389216954278,1.1641933432932527,1.3013972921892936,Si1,Si1,combo_002,gp,0.5741750390436664,0.4258249609563336,0.8516499219126672,0.07838710291320189,0.4184069752090993,284.6285209935045,12.691000336405443,0.3913914755487804,0.0,0.6645108598886443,0.9375,0.773749134455204,0.48366656674445124,0.5599641378565234
8.699406088404675,1.1912650521389285,1.8139850880829573,0.7063739050011982,A1,PU,combo_007,gp,0.43138333181798316,0.5686166681820168,0.8627666636359663,0.08327524006387313,0.44476276340042065,320.2132690015749,11.114973234519718,0.683447390059628,0.0,0.5811550391879768,0.9375,0.77368909686993,0.66739111188703,0.5133587453110686
12.53767165559632,0.8323481674095755,2.711595702699724,2.408214540213306,A2,Si2,combo_013,gp,0.4253003173988361,0.5746996826011639,0.8506006347976722,0.1105846314840752,0.5920091506679908,290.9579005523506,8.278505657677355,0.4433388080105935,0.0,0.46337738623444025,0.9375,0.7735206170497048,0.4652581100694491,0.46925103110402666
8.61364837948633,1.0125349147030998,2.211861182648857,0.7375230544831578,Si1,Si1,combo_002,gp,0.5564608529671204,0.44353914703287955,0.8870782940657591,0.06125289719369113,0.32602300911928933,299.1686112279098,11.95061562009587,0.5107268534336094,0.0,0.6058120736834569,0.9375,0.7734873257316608,0.5555160501185267,0.49847102295756024
10.224554291692815,0.960595734815764,2.786340839569979,1.2312978719544074,A2,Si2,combo_013,gp,0.4635818458610288,0.5364181541389712,0.9271636917220576,0.04817900125594393,0.2555313634167286,302.5944038083868,9.144558404768278,0.5388434775779976,0.0,0.5007954155149011,0.9375,0.7733747665652834,0.5426556523846926,0.38090515737320463
14.426169224732593,1.0898463046755922,1.107709674233205,1.7264996090799642,Si1,Si1,combo_002,gp,0.5654922896856647,0.4345077103143353,0.8690154206286707,0.06386786017038595,0.340122329211495,284.14981078327526,12.774880559316037,0.3874625409332404,0.0,0.6720534412706164,0.9375,0.7733005884177868,0.48232941361455517,0.5360018493344041
11.823564209637526,1.3895747364731723,1.7202384490681148,0.6058023064367454,Si2,Si2,combo_004,gp,0.469840866992989,0.530159133007011,0.939681733985978,0.048383031242644925,0.2566314493898546,277.8977444266935,9.76573923079787,0.33614974375002393,0.0,0.4390107081906979,0.9375,0.7731104644244491,0.3994706753670832,0.38909935724554207
14.994183516377351,0.6615058575320545,2.532278429550269,1.84839762859541,A1,Si1,combo_008,gp,0.4042709142121339,0.5957290857878661,0.8085418284242678,0.15948924223985758,0.8556923336329822,279.15912333017445,8.65509562319046,0.34650230179307273,0.0,0.3450950118531836,0.9375,0.7729671019686676,0.3886022699871522,0.5541506199629116
9.198642120463242,0.8327646837119008,2.150335703010605,2.18984581873583,A1,Si1,combo_008,gp,0.5567605685146049,0.44323943148539513,0.8864788629707903,0.10002555127768659,0.5350768525681847,297.81850471485234,10.020764425742367,0.49964607825800245,0.0,0.35847196549096116,0.9375,0.7729528769529453,0.5078673481342739,0.48148533203852545
15.764301448132576,1.1168930654446259,1.9047560867520907,0.7454177917753473,A2,Si3,combo_014,gp,0.5978525070323997,0.40214749296760033,0.8042949859352007,0.12971865125584006,0.6951756856503286,281.16202840438393,10.798354159460883,0.36294081283701773,0.0,0.5534267547926374,0.9375,0.7729250307150549,0.4377767731550433,0.5881398536110457
14.68916440385535,1.11128241621974,1.2147412961861839,1.8076333917504086,Si3,Si3,combo_006,gp,0.4338959146257082,0.5661040853742918,0.8677918292514164,0.07994030555564861,0.4267815110702515,287.2444603976786,11.015345251072407,0.4128613641318825,0.0,0.572855012656373,0.9375,0.772923629178818,0.4763683562566536,0.5030814311184888
13.934583493710132,0.9269004978501695,1.7296422268205758,0.6181877322080821,A1,PU,combo_007,gp,0.6151819737721382,0.38481802622786176,0.7696360524557235,0.16153013983745762,0.8666964161995151,293.70168514188987,11.535016475862829,0.46585796473855223,0.0,0.5130160764412472,0.9375,0.7728787133873417,0.5115638763304333,0.6623620839286446
15.58418828389567,1.213570334412767,1.6025412608848,0.7974405535076007,Si2,Si2,combo_004,gp,0.5507443957682767,0.4492556042317233,0.8985112084634466,0.05208269950569976,0.27657926797874943,275.71173709547315,12.50950039482426,0.31820845131478764,0.0,0.6055221783940153,0.9375,0.7728363869778,0.4251139778940164,0.4964865250215867
12.851348276206458,1.0248241182041604,2.3632355014685587,0.6089451238735684,Si2,PU,combo_003,gp,0.5891629362294566,0.4108370637705434,0.8216741275410868,0.09564462847434058,0.5114558554626387,287.3157543959307,11.38393752124784,0.41344649779234643,0.0,0.687250527690111,0.9375,0.7727701764868316,0.49111263458398824,0.5600097453266115
13.237644041825256,1.1882709103352465,1.339243712614304,1.5261783491070653,Si1,Si1,combo_002,gp,0.44925478270907604,0.550745217290924,0.8985095654181521,0.06903451266860351,0.3679798124824961,282.78522065983174,10.702371573190016,0.3762628939287321,0.0,0.49658834042222344,0.9375,0.7726564267000083,0.4406644866765065,0.4624568795268081
8.153377247940684,1.1442828550557105,1.647254074296416,2.043319576423165,Si1,Si1,combo_002,gp,0.5315798567832957,0.46842014321670433,0.9368402864334087,0.055421479080718296,0.29458125208523356,294.14417300937646,10.083059968957246,0.46948961048659693,0.0,0.4034060775013762,0.9375,0.7725726831220887,0.4917405365113162,0.40576455482700097
15.13327877801672,0.7578685980468955,2.3187032889147847,1.5259981564665233,Si1,Si1,combo_002,gp,0.42067184727673634,0.5793281527232637,0.8413436945534727,0.10994341498154254,0.5885518486724423,280.64103859917634,8.62396800181505,0.35866487546136955,0.0,0.502399676999482,0.9375,0.7724694843776165,0.4126020440329768,0.48339142087052167
11.674781641509552,1.0733715717816992,2.900839800743812,0.5478275638855389,A2,Si2,combo_013,gp,0.4562456312096401,0.5437543687903599,0.9124912624192802,0.031589590556823394,0.1660848153498805,285.62405024114435,11.427226891199318,0.3995621166553527,0.0,0.6669176895018823,0.9375,0.7724082788534439,0.47970030329404334,0.43727002319561925
13.494221707214802,1.0949952129981049,2.071814785203137,1.8220802976822748,A2,Si3,combo_014,gp,0.44405018776440386,0.5559498122355961,0.8881003755288077,0.08669627082250628,0.4632082282659368,283.6376021118768,7.622778102933856,0.3832586732562306,0.0,0.4304254918009968,0.9375,0.7723114578841582,0.4147563692539959,0.4012013244440992
8.296251224424601,1.6196738949648322,1.1625187577096345,1.3568906574814001,A2,Si1,combo_012,gp,0.5526194011204666,0.4473805988795334,0.8947611977590668,0.04389968368990899,0.23245819998097478,306.37914500943674,13.007624685493518,0.5699061129634957,0.0,0.6707305719131554,0.9375,0.7723010405827182,0.611735731799053,0.5045193401468315
15.761989949739384,1.3328475619689668,1.2290170679569232,1.6735439188294612,Si2,Si2,combo_004,gp,0.4326172470578342,0.5673827529421658,0.8652344941156684,0.08010415703585251,0.427664963144933,279.11863966453654,13.111366211456216,0.3461700388250183,0.0,0.5787668575127882,0.9375,0.772288292803443,0.44673895339164227,0.5618991073476222
14.448820211226046,0.7477269945281921,2.962435665232624,0.6080731688184683,Si1,Si1,combo_002,gp,0.42578266538507137,0.5742173346149286,0.8515653307701427,0.07547359303807985,0.4026979542067948,275.933070394448,11.768462006417858,0.3200250076391192,0.0,0.6717942321744541,0.9375,0.7722710795414971,0.42719223586199717,0.5301969943386355
12.173383987169723,0.996218240414501,1.8628848727513496,0.5589686748082812,Si1,PU,combo_001,gp,0.5540600706629562,0.44593992933704385,0.8918798586740877,0.10978742314981772,0.5877107741383631,299.5509932179805,11.681137961204746,0.5138651901664488,0.0,0.2656440983655109,0.9375,0.7722260045734392,0.52157945754902,0.5316283367890953
10.060711511743115,1.10158188783986,1.5730765866294962,1.5236596789599526,A1,PU,combo_007,gp,0.44658349347942305,0.553416506520577,0.8931669869588461,0.09242727895796321,0.4941085962149214,310.01860331922353,9.641272535801477,0.59977636312651,0.0,0.3697160026336797,0.9375,0.7722206870085458,0.5761022061839957,0.4584004401325219
14.316450803158524,1.1603082578868549,2.1524848484999297,0.9632832176683441,Si2,Si2,combo_004,gp,0.4684479908478494,0.5315520091521506,0.9368959816956988,0.04133811187797196,0.21864675360963046,272.42633732468124,9.588966744731675,0.29124407785976847,0.0,0.48945824469590576,0.9375,0.7721872983491133,0.37169299128076716,0.3785121935504418
11.167812669637257,0.8705313069806982,2.4358228010246687,0.628301281378726,Si1,Si1,combo_002,gp,0.5705148291175419,0.4294851708824581,0.8589703417649162,0.07026360850067555,0.3746068338647579,287.7485033939391,11.290269945057002,0.4169982133851708,0.0,0.6694984737094252,0.9375,0.7721706838277904,0.49108791170062244,0.5068747652692904
13.61145742394504,0.8281108528719048,2.027833776197413,1.607254424279973,Si1,Si1,combo_002,gp,0.5317595466651639,0.4682404533348361,0.9364809066696722,0.07430121241333862,0.39637672907074356,283.6229437666715,8.719315904226194,0.38313836732029477,0.0,0.28200161423675857,0.9375,0.7721491046442532,0.40844259869574906,0.38569162782780797
8.597768656494317,0.7958433540227736,2.7095489637779058,1.266630793868285,Si1,Si1,combo_002,gp,0.48094458213487457,0.5190554178651254,0.9618891642697491,0.04434776098163512,0.23487413673357857,302.5700881661471,9.689769839170324,0.5386439109791384,0.0,0.35337954143731753,0.9375,0.7721423147837954,0.5320567689561242,0.36655114901683444
14.673211122149972,0.8280492918567535,1.7269789523302492,1.9759656161710786,Si1,PU,combo_001,gp,0.4455520991665196,0.5544479008334804,0.8911041983330392,0.05849304431710697,0.31114247373077786,286.58133655296155,9.602138784901598,0.407418885212013,0.0,0.5937225842024921,0.9375,0.7721092485535928,0.4635452510707603,0.42688745894350294
15.919035483054522,1.3535060969496826,1.4700211353564758,0.5577976398081617,A2,Si1,combo_012,gp,0.601368284108446,0.398631715891554,0.797263431783108,0.11781273566054384,0.6309815397045081,281.7537075908976,12.998975428502813,0.3677969215798727,0.0,0.6549654696248579,0.9375,0.7720583202437947,0.46861485141954673,0.6413999670693318
8.998493753723347,1.0010274696889316,2.3736662766701127,1.704658735114871,A2,Si2,combo_013,gp,0.5510592821234326,0.4489407178765674,0.8978814357531348,0.06719608613219806,0.35806741049677177,316.18731141257194,9.095455828307545,0.6504050111963163,0.0,0.5061500272596422,0.9375,0.7720149443232354,0.6208985075380592,0.4162460871741741
10.403762244681577,0.9150913966496846,2.1071488414534256,0.8121751569866054,Si1,PU,combo_001,gp,0.569161534601136,0.43083846539886395,0.8616769307977279,0.10094135017233172,0.540014643990383,311.18279981895853,10.546419462543318,0.6093313127168041,0.0,0.4608473256844485,0.9375,0.7719892544479727,0.5990133418071731,0.5130206404286803
12.363336783867625,0.791806374410532,2.8133103056506705,1.9029349375395708,A2,Si3,combo_014,gp,0.5336637445692531,0.46633625543074686,0.9326725108614937,0.06923366673543015,0.369053608540367,290.11185003385816,8.248551108331753,0.4363949887697026,0.0,0.3304434539739904,0.9375,0.7719609756253275,0.44686876331286685,0.37045302130359303
12.13149614545933,0.4924665605063051,2.793779256012093,2.0371096175504384,A1,PU,combo_007,gp,0.4576805359190388,0.5423194640809612,0.9153610718380776,0.0844309053804827,0.4509938631764234,308.0800580775803,6.951140961883657,0.5838660747287852,0.0,0.31452810951956517,0.9375,0.7719225011838641,0.5383163920759692,0.36107771938820377
10.19675313004737,1.5396799875949783,1.3141607554836816,2.236661836777724,A2,Si1,combo_012,gp,0.48541252495177645,0.5145874750482236,0.9708250499035529,0.04196152789536463,0.22200807920321,288.11535748841493,11.348412092201622,0.42000910749154174,0.0,0.32425575914335797,0.9375,0.7718159758638736,0.4591279476002146,0.4032771791389258
11.372657968610492,0.8627787948793316,2.487286824970065,0.5123284027968704,A1,Si2,combo_009,gp,0.5655565064884627,0.4344434935115373,0.8688869870230747,0.06511728654407285,0.34685896851815207,287.3838594819241,11.302866677647714,0.4140054589846003,0.0,0.6527951736758006,0.9375,0.7717792372001168,0.48742159551679237,0.4950038140426957
9.376947086902986,1.0710611286977543,1.7914540186179273,1.4879659801681493,A1,Si3,combo_010,gp,0.42886344606702664,0.5711365539329734,0.8577268921340533,0.08129633594848533,0.4340929364073436,295.284515698644,9.934201108086448,0.4788487838856682,0.0,0.6021682103109292,0.9375,0.7717691380955066,0.5169989490411867,0.48031568680465064
9.846044047319303,1.0383808167931787,2.3025193017095056,2.3230683821908493,Si2,Si2,combo_004,gp,0.440652677094306,0.559347322905694,0.881305354188612,0.10041085824117893,0.5371543451600304,289.3328915198133,9.65858787746132,0.4300018160223844,0.0,0.3708387457718729,0.9375,0.7717630276021424,0.4575083020633623,0.47411087961856235
10.11255240068801,1.331167406235586,1.1292222908206773,2.2568828063773996,Si3,Si3,combo_006,gp,0.43699168855776804,0.563008311442232,0.8739833771155361,0.06866532832198113,0.365989249586405,288.48206257554193,13.309077177004312,0.42301877864482257,0.0,0.6047018076297719,0.9375,0.7715492272945006,0.5046795006137703,0.5496381202976682
15.556697647173774,0.8381835580496959,1.9200689616863924,2.023504779421664,Si1,Si1,combo_002,gp,0.42727938976639734,0.5727206102336027,0.8545587795327947,0.09160093314022891,0.4896531166173412,280.7710495676327,10.58352728196816,0.3597319189115677,0.0,0.5496595209541358,0.9375,0.7715232802362663,0.43346645158274993,0.5097360658315261
10.262254827260769,1.5635602898045773,1.358782095489889,0.6350383041314883,Si2,Si2,combo_004,gp,0.44865540424707717,0.5513445957529228,0.8973108084941543,0.05037886734561833,0.2673925700321705,284.386183215835,11.7515156792216,0.38940252845094686,0.0,0.6101756697887952,0.9375,0.7713374644569188,0.4694615381026842,0.47313145420807545
14.374715318000986,0.8175117905105224,2.0592624421398655,1.6424710345462936,Si3,PU,combo_005,gp,0.5260623423835042,0.47393765761649576,0.9478753152329915,0.08390345959552574,0.4481499885136959,290.70981100081275,7.458165375543031,0.44130265418315745,0.0,0.1615164407193328,0.9375,0.7713329070323992,0.42720328883936926,0.35106921602498375
15.339779239715975,1.1163188952463043,1.169898817132713,0.5857202819447751,Si1,Si1,combo_002,gp,0.5911013927486692,0.40889860725133076,0.8177972145026615,0.09065890252367806,0.48457388937099755,282.43877346990297,15.348577666466333,0.3734194861052058,0.0,0.7253860278337299,0.9375,0.7712933945835337,0.498047814305943,0.6653132648261497
13.401711488042121,1.2005918262933508,1.793795616479691,0.5811913124465433,A1,Si1,combo_008,gp,0.40420788365375415,0.5957921163462458,0.8084157673075083,0.13805843161637502,0.7401419944852224,277.7639668222108,10.166155567628897,0.33505178625965737,0.0,0.46837637139014643,0.9375,0.7712779180729944,0.4047837690192313,0.5737407390229476
12.728392441510552,1.3296820554834756,1.3071232666211086,1.1933201653354852,Si2,PU,combo_003,gp,0.5309549195585532,0.46904508044144677,0.9380901608828935,0.06709957639310674,0.3575470506616265,290.0041674178379,11.338847753006334,0.43551120156706213,0.0,0.3128178507158106,0.9375,0.7712112292908314,0.4687604988522576,0.4487371997320066
13.937004512738415,0.6094873545023589,2.566595531333093,1.5422705739616165,A1,Si1,combo_008,gp,0.5846254632112959,0.41537453678870406,0.8307490735774081,0.1471871993211884,0.7893623540331941,283.91008026585,8.300847368778802,0.385494992491225,0.0,0.305448523747732,0.9375,0.7711759886613727,0.40915003745910883,0.5152495186654511
10.30671755929761,1.1926148854314373,1.2995969349040146,1.0378005871063367,Si3,Si3,combo_006,gp,0.5579773130034624,0.4420226869965376,0.8840453739930751,0.044943616086668546,0.23808685979287778,299.5430040476039,11.37010999411292,0.5137996203762685,0.0,0.7052084702364699,0.9375,0.7711653564499612,0.5630470053872909,0.46664415581387353
15.502621014907934,1.2409257326512306,1.2125161341369042,1.2787689124153414,Si2,Si2,combo_004,gp,0.5582187884362497,0.4417812115637503,0.8835624231275006,0.06215242781722628,0.3308730855092785,280.09568937292596,13.324236740082773,0.3541890121796002,0.0,0.5978800166001519,0.9375,0.771111556703774,0.45593555681289183,0.5367409456133181
13.072646490879517,0.5341218704568711,2.4710290778225987,2.276469199348734,A1,Si3,combo_010,gp,0.5845775721865039,0.41542242781349614,0.8308448556269923,0.12483709482884595,0.6688553793110981,286.69877768230106,8.326782483032858,0.4083827637934395,0.0,0.44615068203994845,0.9375,0.7710964579548185,0.4394454023332423,0.49489038322331586
15.282059934869523,0.904616069474421,2.0688051304694035,1.2288089919677558,Si1,Si1,combo_002,gp,0.4165646357314756,0.5834353642685244,0.8331292714629512,0.11798951043533919,0.6319346714147005,279.80968168131267,9.514403407636316,0.3518416515094526,0.0,0.47881110394260984,0.9375,0.7710817829853438,0.412460915915956,0.5195160737143103
12.068489845999512,0.9667030901228554,2.217834578389253,2.3129391500580843,A2,Si2,combo_013,gp,0.5575375808269314,0.4424624191730686,0.8849248383461372,0.08539720824190018,0.4562039611665524,292.3484889959674,8.322600313214746,0.45475183191388496,0.0,0.4424029932767362,0.9375,0.7708985046337183,0.4714961320016118,0.4197852615695694
13.854223392861194,1.0584127345016014,2.6232885524624363,0.6220085103349173,A2,Si1,combo_012,gp,0.5784153845981166,0.4215846154018834,0.8431692308037668,0.12095967229852385,0.6479491477984669,280.79103605983727,9.386323290431335,0.35989595472987235,0.0,0.4116481390311292,0.9375,0.7708944522244803,0.41037661761565464,0.5115256464898414
13.45073152575494,0.9450732923240516,1.8389725016494753,1.199586083137612,Si1,PU,combo_001,gp,0.4238195629923496,0.5761804370076504,0.8476391259846991,0.11829847399629577,0.6336005367372989,291.7215346142743,9.382727631854697,0.44960620785999433,0.0,0.4057826785229891,0.9375,0.770653901983172,0.47255900640907006,0.5055249653282159
14.272315463632452,1.2857995515245046,1.332614690182745,0.8009559753420353,Si1,Si1,combo_002,gp,0.4147960480407562,0.5852039519592438,0.8295920960815124,0.08986791169169799,0.48030903628149674,279.95881877664954,12.69500883630402,0.35306566947232315,0.0,0.6696388666774606,0.9375,0.7705638581121006,0.4573827882071418,0.5825092578808363
10.98097133835548,1.079768490723415,2.4010200415433243,0.8538587134375617,A2,Si3,combo_014,gp,0.5480664546139593,0.4519335453860407,0.9038670907720814,0.06253868080151531,0.33295567884256694,292.60100641789484,9.579989646734507,0.4568243267528035,0.0,0.49613074865825485,0.9375,0.7705321912897009,0.48819590467031965,0.4192744036649978
12.299580225429299,0.8864260964735554,2.731326875562025,0.5845970170329688,Si3,PU,combo_005,gp,0.4409837992634351,0.5590162007365649,0.8819675985268702,0.08167969316578992,0.4361599163854947,297.3176373247483,11.27051383472728,0.4955352922652981,0.0,0.4768646842542984,0.9375,0.770526205823735,0.5266453122478748,0.4989801607016451
8.538735336464137,1.3447684942079654,1.1663997259183383,0.7283871317733572,Si3,PU,combo_005,gp,0.5440028167513873,0.4559971832486127,0.9119943664972254,0.049674139667777596,0.26359282938717205,326.50439832180086,12.488509169528228,0.7350807900350306,0.0,0.5386700451109384,0.9375,0.7703872532255696,0.710074524651356,0.4813363819572436
10.457138512431108,1.1795796864231196,1.4267419988231198,0.6928737086420859,Si3,Si3,combo_006,gp,0.5588089432992263,0.44119105670077374,0.8823821134015475,0.05148957214888325,0.2733812523533925,299.19724444450344,11.49911342925516,0.5109618558075405,0.0,0.6652477430832537,0.9375,0.7703748825700444,0.5580777638013599,0.476549516283322
15.09026477789933,1.0258970587507696,1.5006972770115328,1.7392011059998456,Si3,Si3,combo_006,gp,0.4266080003814352,0.5733919996185648,0.8532160007628704,0.08639018206055761,0.4615578632436389,286.2955715723605,10.051037662237208,0.4050735165522239,0.0,0.5798180038700915,0.9375,0.7703552454338903,0.4640389419901228,0.48978783277373655
14.236441841896902,1.0668148634104109,1.6454862406256816,1.3346197983538293,Si1,Si1,combo_002,gp,0.43236084222283466,0.5676391577771653,0.8647216844456693,0.09501152896118906,0.508042318534699,281.3908185618547,10.213716648211074,0.36481857009009855,0.0,0.47136105605040257,0.9375,0.7703455346718044,0.42629255793541293,0.49426105633026785
15.596128663554282,1.0536262333298914,2.077806281663147,0.7516003025632151,A2,PU,combo_011,gp,0.6325941595655991,0.36740584043440094,0.7348116808688019,0.15689547022558448,0.8417072706698099,287.92053562998825,11.039011462798783,0.4184101394163259,0.0,0.6845259023298949,0.9375,0.7702773432644702,0.4916054758059883,0.6657066880194151
8.383627917702425,1.1412742620374081,1.7810375757336194,1.946831277653903,Si3,PU,combo_005,gp,0.44204805096441646,0.5579519490355835,0.8840961019288329,0.07496109360382362,0.39993466706466246,316.082064251621,10.786623374634226,0.6495412125870291,0.0,0.5073747378198185,0.9375,0.7702489097793818,0.6336997110289312,0.47757520367170614
9.198066358163139,0.650302408279858,2.4912248440083253,2.432502060507915,Si1,PU,combo_001,gp,0.4609830118770759,0.5390169881229241,0.9219660237541518,0.10493300720600574,0.5615368034693705,323.22421024432606,7.570437802056129,0.7081591906881077,0.0,0.1402096620943735,0.9375,0.7702082865711585,0.6127540380032628,0.39064506462096055
14.228864287185418,1.009046553853931,2.887372279971019,0.5765682161445502,A2,Si2,combo_013,gp,0.5355634729936014,0.4644365270063986,0.9288730540127972,0.06658482743096479,0.35477163454711497,277.4068776514444,11.130792862236818,0.33212103614428623,0.0,0.3511706487925095,0.9375,0.7702007200407265,0.3985884814574502,0.44779908888056297
9.337076146401706,1.0811557968721222,1.4560897202600405,1.72007163900347,Si1,PU,combo_001,gp,0.5688407913528408,0.4311592086471592,0.8623184172943184,0.07957917379014309,0.4248343659662082,313.0614805463352,11.264409875127345,0.6247502730473214,0.0,0.5783866770749442,0.9375,0.7700801645121059,0.6272000541081102,0.5100767130856321
12.138386134577733,1.3851646414215764,1.2205211673737122,1.0191984246688315,A2,Si3,combo_014,gp,0.5435803743144021,0.4564196256855979,0.9128392513711958,0.05605540904459316,0.2979992666255424,294.1178654042216,9.36284243970451,0.4692736951826486,0.0,0.4914872358038157,0.9375,0.7700351171246793,0.49474051365767624,0.4003735407625545
13.249736508234605,0.7341877577872469,2.2495507771647327,1.713189065284638,A1,PU,combo_007,gp,0.440316512163875,0.559683487836125,0.88063302432775,0.11363776166494685,0.6084709744440553,294.8119658291663,7.887969272644419,0.4749704092446285,0.0,0.2764557616695302,0.9375,0.7700266552544845,0.46564057366022055,0.4362381938829455
10.710413813051474,0.5538917155692852,2.841558399067689,1.8493360025079424,Si1,Si1,combo_002,gp,0.49474299461507343,0.5052570053849266,0.9894859892301469,0.040922336266656395,0.2164049805968897,298.13596049965093,8.210562252819901,0.50225154393462,0.0,0.22952881847922213,0.9375,0.7700010850375717,0.4825785023081978,0.30084445495194045
14.493614663173274,1.2613442496763487,1.8711583593255168,1.1804685084837212,A2,PU,combo_011,gp,0.3980675014095425,0.6019324985904575,0.796135002819085,0.14047414664239297,0.7531670123179521,287.85027097531946,9.339547857064568,0.4178334539225175,0.012883323936383471,0.4995701375905224,0.9375,0.76990182106784,0.45935766605752615,0.5602542958843525
14.032169762566781,0.5771466014572291,2.4411945092029717,2.0781128054165148,A1,PU,combo_007,gp,0.46408431503786574,0.5359156849621343,0.9281686300757315,0.0791101700224755,0.4223055981390041,290.04635803936895,7.452646110747094,0.4358574740923654,0.0,0.2713084942058024,0.9375,0.7697292576271506,0.4343275166806486,0.3583407573634658
10.767323388390722,0.9824089942778312,1.7742677972832412,0.8023479585578258,A1,Si3,combo_010,gp,0.5907655110302414,0.40923448896975856,0.8184689779395171,0.1119400839622617,0.599317460013112,293.07152728241886,10.579329557440353,0.4606860486723695,0.0,0.574687001688384,0.9375,0.7696905035912485,0.5066041191735811,0.5517573085271407
13.449283863396898,0.9003093750282062,2.3647612954524693,0.644629237639549,Si1,PU,combo_001,gp,0.3930456659418553,0.6069543340581447,0.7860913318837106,0.13057029383900307,0.6997675599870525,288.02305413839036,10.362192108445084,0.41925154306259804,0.046362227054298114,0.6074682137442027,0.9375,0.7696729237212515,0.4791725654693847,0.5858627018861091
14.489751094995812,1.2831144874643423,1.5543333994479773,1.451622143986851,A2,Si3,combo_014,gp,0.42100938809363697,0.578990611906363,0.8420187761872739,0.09936988303277422,0.5315416298741339,284.66916640586004,8.50136564763158,0.39172506602618046,0.0,0.5442388789876397,0.9375,0.7696541233834722,0.4389651090289931,0.4663432644957526
15.61349843183964,0.5147585582426937,2.357829860986423,2.2368548025475556,Si1,Si1,combo_002,gp,0.5798765352059831,0.42012346479401685,0.8402469295880337,0.09133797971225245,0.48823532807370806,282.4503845065233,10.881272724594508,0.37351478176158626,0.0,0.6030786098377537,0.9375,0.7696059950702497,0.45079502646258446,0.5254380201614064
14.229912578591659,1.0196299000625206,2.0727913204410977,1.6814414033236107,A2,Si3,combo_014,gp,0.5778102177249593,0.42218978227504067,0.8443795645500813,0.11894569362932136,0.6370902063262435,284.35797111482435,8.343632204358578,0.3891709823132851,0.0,0.4085910858981384,0.9375,0.7695959853082475,0.422373542974545,0.47860184877791645
10.011707321908714,1.1120401939905706,1.2392417008708883,1.587990191380398,A1,Si2,combo_009,gp,0.5657524033201184,0.43424759667988155,0.8684951933597631,0.09214926995005436,0.4926096312100792,293.58295735240785,10.468655418657194,0.46488352610750844,0.0,0.4660001637821151,0.9375,0.7695923556127906,0.49780437197520166,0.49506400111691495
15.786424065225049,1.4065185501335777,1.1192797079102388,1.3478167947888902,Si2,Si2,combo_004,gp,0.4311041100827424,0.5688958899172576,0.8622082201654848,0.06696479396072325,0.3568203326645011,277.7763495479395,13.939041626465208,0.3351534154263444,0.0,0.6550032835320732,0.9375,0.7695811095484778,0.45315199291802044,0.5712925671446883
10.350970421908242,0.8170297088968932,2.6994830498255826,2.1918562942254223,A2,Si3,combo_014,gp,0.5399259671432048,0.46007403285679516,0.9201480657135903,0.054382768714990065,0.28898074834578674,303.42564484485223,8.47300674353261,0.5456657504525672,0.0,0.46383112071644506,0.9375,0.769504929242801,0.5384600653434388,0.36860617787098254
12.353185004558133,1.015058771088878,2.6519443593821865,0.8256158003803384,Si2,Si2,combo_004,gp,0.5158072840848007,0.4841927159151993,0.9683854318303986,0.023508308033743635,0.12251227146917752,274.8652738311971,10.092099751876864,0.31126124453136705,0.0,0.4343954163773384,0.9375,0.7694828382475744,0.38415061782508036,0.3504373250246764
10.643360205362505,0.7787249486706741,2.882901041072106,2.1798643030487312,A2,Si2,combo_013,gp,0.433029239242245,0.566970760757755,0.86605847848449,0.10029147072621662,0.5365106332591475,308.5891672946972,7.415778393424931,0.5880445041490876,0.0,0.4244490616342155,0.9375,0.7694298950455061,0.555882914449352,0.4202700747213259
15.474416890973021,1.0412787029594308,1.913131863109033,0.9002355117518515,A1,Si1,combo_008,gp,0.4041783586973793,0.5958216413026207,0.8083567173947586,0.1541992264254668,0.8271697017928182,276.7064056043844,10.645538168572715,0.3263720280510715,0.0,0.3516308574855892,0.9375,0.7694118864482167,0.3907987303946669,0.5998673117865776
13.283634860078184,0.538209289624185,2.7928588090917192,2.42090199547777,Si3,Si3,combo_006,gp,0.5388883789297552,0.46111162107024484,0.9222232421404897,0.08329232836712966,0.44485489987026505,286.511748168896,9.700325557131148,0.4068477500969637,0.0,0.26757254138974423,0.9375,0.7690978130813234,0.43130166694440697,0.42746355324450713
12.29889887249074,0.8204200600952479,2.9560689925362604,1.4647065570379656,A2,Si2,combo_013,gp,0.5091504588985671,0.49084954110143286,0.9816990822028657,0.05636031763192145,0.2996432683991497,290.30175555847745,7.421925165142978,0.43795360685098766,0.0,0.1604732982674092,0.9375,0.7690490396996722,0.4244699902439644,0.2979391133551764
9.498285512031817,1.247595361695066,1.812176362235661,2.2213317181299614,A2,Si3,combo_014,gp,0.45561848342677536,0.5443815165732246,0.9112369668535507,0.05325783142140815,0.28291532748620796,296.1380604227988,9.139332337999576,0.4858541105759796,0.0,0.5083867794619346,0.9375,0.7689738587821904,0.5062811833781805,0.3914845796402677
14.646060752358535,0.6858717124794518,2.8468123938533902,0.5156537395093316,A1,Si3,combo_010,gp,0.5687271309140556,0.4312728690859444,0.8625457381718888,0.09870686393262057,0.5279667729436055,278.99127387494815,13.953571665669747,0.34512470524145045,0.0,0.44676589530438077,0.9375,0.7689036318051232,0.4394222841551284,0.6003576581707817
8.071001713834692,1.3596814018411993,1.7413299874536898,1.9886587643365718,A2,Si2,combo_013,gp,0.431426366519986,0.568573633480014,0.862852733039972,0.06715270878050456,0.35783352911040817,308.5918867363068,10.434660952358374,0.5880668235148471,0.0,0.6452557221919717,0.9375,0.7688737601048209,0.6016912241346717,0.4738461576102243
8.402196446795438,0.9717393915129586,2.126673230365842,0.8048038620502731,A1,Si3,combo_010,gp,0.571295374234154,0.428704625765846,0.857409251531692,0.06707317308372077,0.35740468967455175,303.24406423944123,11.98739664022049,0.5441754577642863,0.0,0.6704928401343072,0.9375,0.7687882952296636,0.5856870488398458,0.5201678727761905
9.737908274307804,0.7372721525361925,2.6758129216376547,0.700650686429648,Si1,PU,combo_001,gp,0.5647277345316297,0.4352722654683703,0.8705445309367406,0.0812478477348351,0.43383149834835505,313.1247330743853,11.702612474155057,0.6252694076754662,0.0,0.5191108389872244,0.9375,0.768766602630485,0.6250777569020474,0.5163809569767528
9.291595682166783,1.0402042930981246,2.248351343551478,0.6056160538157849,Si1,PU,combo_001,gp,0.4319027685467347,0.5680972314532653,0.8638055370934694,0.08365125323060903,0.4467901458314309,312.10859290655964,11.369630090713285,0.6169296058615481,0.0,0.5343108049652321,0.9375,0.7686386940783961,0.6181444592657019,0.5140424631171182
9.286285197807853,0.9692721084243818,2.8315362164650155,0.841828401034646,A2,Si3,combo_014,gp,0.5330554672771513,0.46694453272284875,0.9338890654456975,0.03213506198418373,0.16902588041429928,302.8090768353772,11.465427806388956,0.5406053708251908,0.0,0.5335408469149554,0.9375,0.7685755839839916,0.5653929486621525,0.4193430505578298
15.87550980694731,0.9832102081564992,1.197586163745234,1.5152912370197362,Si1,Si1,combo_002,gp,0.5870874004849895,0.41291259951501047,0.8258251990300209,0.08311056917032336,0.4438748932245445,284.19710131004496,13.864299620563598,0.38785067008453555,0.0,0.7141976963911084,0.9375,0.7685386836964104,0.49537244625400667,0.6085860935322802
13.705899843390856,1.4019528860088388,1.4132768762142363,1.2688313327875513,A2,Si1,combo_012,gp,0.5809256095943169,0.41907439040568306,0.8381487808113661,0.11476381832791452,0.6145424307035275,286.6555703748014,10.889804412748306,0.40802814698675316,0.0,0.45564941362728956,0.9375,0.7685064394257713,0.46027847522880383,0.547765671204045
12.366788229808742,0.9990804864757831,1.923096249067377,1.573316510248008,A1,Si1,combo_008,gp,0.3905031359886948,0.6094968640113052,0.7810062719773896,0.15085878137423853,0.8091587377954537,282.88403133209516,8.349355293202223,0.37707386612515686,0.06331242674203484,0.4932209024863696,0.9375,0.7684894575628769,0.42241349569545117,0.5516776406585795
15.597492991063554,0.8958989346352617,2.643425572289968,1.4270167241459286,A2,Si1,combo_012,gp,0.6075780890057558,0.39242191099424417,0.7848438219884883,0.16418747816417786,0.8810242150997775,280.9092628221748,9.103525422632389,0.3608662812637659,0.0,0.39075468128755536,0.9375,0.7684881782122804,0.4067452451700475,0.5821935080263508
8.81416294131203,0.597292039655603,2.5950296961062795,1.9307325964578994,Si1,PU,combo_001,gp,0.5708591650465848,0.42914083495341515,0.8582816699068303,0.1140948435736898,0.6109354621622978,332.051407662986,8.804792370653042,0.7806069487582178,0.0,0.36572068362765703,0.9375,0.768478550081435,0.6957138934083276,0.4756948775027857
13.384300256142637,0.8322186231868441,2.122036155318077,1.4773543825994548,Si3,Si3,combo_006,gp,0.553582062217842,0.446417937782158,0.892835875564316,0.06721613199778743,0.3581754935090319,286.4740170842896,8.858706580447679,0.4065380784809748,0.0,0.5017021171560105,0.9375,0.7684619399245142,0.4478873004249935,0.40910825850604804
9.049728138331618,0.975416159991505,2.2761439881848577,2.1279628754762685,Si2,PU,combo_003,gp,0.5754284575842803,0.4245715424157197,0.8491430848314394,0.10929550461511481,0.5850584547969889,308.9236688550241,10.379993866070315,0.5907898701998584,0.0,0.4384033461738807,0.9375,0.7684265803314245,0.5824827328344251,0.5208441728750051
13.639177765039198,1.2516279748876356,1.5667795210744648,1.3772658939982976,Si2,PU,combo_003,gp,0.469155186618174,0.530844813381826,0.938310373236348,0.07104603050948873,0.3788254856956863,283.2498785005722,10.260547273127358,0.38007649605347715,0.0,0.26482358837440934,0.9375,0.7684147524477171,0.41668719369690826,0.41934196492676845
8.60812827951857,1.5582011133518494,1.1991550108169635,1.25491649474102,A2,PU,combo_011,gp,0.4651541741583287,0.5348458258416713,0.9303083483166574,0.06716651800771291,0.3579079855047708,326.76721637806355,9.996259039594287,0.7372378256210168,0.0,0.3265634304544075,0.9375,0.7683877524570637,0.6707982385488164,0.41401627098515453
15.924346700549483,0.932016611434876,2.7195131676698505,0.501244015148529,A1,Si1,combo_008,gp,0.39252683896222607,0.6074731610377739,0.7850536779244521,0.12040155273294441,0.6449398866827423,272.68571221104014,12.280296082193438,0.2933728542001128,0.049821073585159706,0.6664331040156267,0.9375,0.7683493921294527,0.41201985148507825,0.628248326943332
13.690474694445163,1.3215005003420648,1.58724608509561,1.6194175154707269,A2,Si1,combo_012,gp,0.5722819897723923,0.4277180102276077,0.8554360204552154,0.11283117099598884,0.6041220103759676,285.0890266872923,10.161332428245453,0.3951709996163991,0.0,0.38597045569894356,0.9375,0.7683452168288636,0.438588743120805,0.5136402643544397
9.797849540614436,1.104822174413059,2.905722438116107,0.5005710619908936,A2,Si2,combo_013,gp,0.44120727648672187,0.5587927235132781,0.8824145529734437,0.031421165531526504,0.1651767036999786,295.96070689225553,12.623858830271692,0.48439851090325486,0.0,0.7764378791584604,0.9375,0.7683402441668995,0.5594368258555311,0.4862768092446847
12.61256704224699,1.2228587554314891,2.1554416318400964,0.8509015553025513,A2,Si3,combo_014,gp,0.42720332427333574,0.5727966757266643,0.8544066485466715,0.0836069291195996,0.44655115972168713,283.6758161885903,9.11517320415991,0.38357230894979305,0.0,0.5753689661784026,0.9375,0.7682454230312689,0.4411923813380845,0.45814029042321286
12.77073487820498,0.9759273931371284,1.692688983261471,2.4563600200193574,Si3,PU,combo_005,gp,0.4680633959693594,0.5319366040306406,0.9361267919387188,0.04023857947560726,0.21271831048028017,289.22308269204893,10.650632649373165,0.42910057828966774,0.0,0.4690539506210185,0.9375,0.7682388164797596,0.4744910398240191,0.4025628411182753
10.741136623570567,1.4404473740944335,1.185603481612627,1.3431729739545073,A2,PU,combo_011,gp,0.5430803365028538,0.4569196634971462,0.9138393269942924,0.06862371360160609,0.3657648719304517,315.0881313323385,9.49497488152418,0.6413836730805629,0.0,0.392988361416607,0.9375,0.7682363964317891,0.6064054540725093,0.41294912309874043
9.915900116984247,1.198891467081375,2.388222081298782,0.8196418291359775,A2,Si2,combo_013,gp,0.4511139058554221,0.5488860941445779,0.9022278117108442,0.03647817704696336,0.1924430262833424,299.6939629755588,10.31159205969127,0.5150385907280451,0.0,0.6510250400060487,0.9375,0.7682289445112247,0.5501817399086393,0.41344159359448707
10.735257452275484,0.8008783088452028,2.1989294150956322,2.374347628634311,Si1,Si1,combo_002,gp,0.47096033731303066,0.5290396626869693,0.9419206746260613,0.05076237418521636,0.26946035674166996,288.5867964330272,8.138376901332716,0.42387836440109006,0.0,0.37516091928745726,0.9375,0.7682261221229078,0.44171350192231534,0.3392742049475262
13.921191351094407,0.9571157328353317,2.302333883240708,0.6623633715816906,A1,Si3,combo_010,gp,0.3927952884040451,0.6072047115959549,0.7855905768080902,0.12727760917659559,0.6820141097731388,277.7267967961437,10.980845463142494,0.33474671943853024,0.048031410639699505,0.617836230340489,0.9375,0.7680338790351968,0.425915245789663,0.5982115899919223
11.987739751168602,0.47960454141696846,2.9753455456131586,2.39188912154719,A1,Si3,combo_010,gp,0.4248736965735702,0.5751263034264298,0.8497473931471404,0.09883757193700432,0.5286715224979374,290.8042036821256,9.054214841823992,0.442077366451956,0.0,0.4983736348282808,0.9375,0.7679743157378449,0.47396758681751033,0.4736573119626159
15.619269603295063,1.2066193680622197,1.1742883024734767,1.5958326842148758,A2,Si3,combo_014,gp,0.5862392611006726,0.4137607388993274,0.8275214777986548,0.09899564756746629,0.5295238324283356,288.1637272625504,10.685881938208016,0.42040609438650645,0.0,0.6010654354301844,0.9375,0.7679709471717984,0.4818829175290319,0.5342155343685513
11.588103578405578,1.0197668901088954,1.911589241507532,0.5968215020240837,A1,Si1,combo_008,gp,0.6128317906680252,0.3871682093319748,0.7743364186639496,0.13399616994035338,0.7182391499023436,288.4822660999553,10.996226120851427,0.4230204490376736,0.0,0.626653515183756,0.9375,0.7678956147763304,0.48870939342406544,0.6126357762709977
12.258640304190472,0.8873025107509152,2.466081233995964,2.1457788932342026,A2,Si2,combo_013,gp,0.5536481066253316,0.4463518933746684,0.8927037867493368,0.08164343269780888,0.4359644077112556,292.0736001239662,7.902681909667573,0.452495727110699,0.0,0.4063276431822787,0.9375,0.7678914387782843,0.46301104573413543,0.39574614271074504
9.81160627868941,0.9791420200078095,2.5149768599720987,2.0693451904879376,Si2,Si2,combo_004,gp,0.4360319853809784,0.5639680146190216,0.8720639707619569,0.0926014299811208,0.4950475812184443,291.47815144929353,9.301296708013519,0.4476086809192703,0.0,0.43277669991993695,0.9375,0.7678454790259229,0.4732205349149703,0.4588419173926519
12.152737887764069,0.9280606250366934,2.0177515197419256,1.2149018218250156,Si3,Si3,combo_006,gp,0.5476939621254786,0.4523060378745214,0.9046120757490428,0.062572131023337,0.33313603527163405,289.2956041371314,8.879161871216773,0.4296957860163154,0.0,0.4711750552924107,0.9375,0.7678206599112078,0.4612056569974021,0.3963277250375243
13.237897305631206,0.549684563697083,2.717699562812278,1.6608475647700696,A1,Si1,combo_008,gp,0.5739933733613043,0.4260066266386957,0.8520132532773914,0.13859397931419082,0.7430295529261809,286.6403621237725,7.821101331283255,0.4079033277900188,0.0,0.2342623139409697,0.9375,0.7678020136664486,0.41394905303836926,0.47516641328471565
15.991832682505642,0.5662580194117776,2.700431581957429,1.9950943059884536,A1,Si2,combo_009,gp,0.44784846309654824,0.5521515369034518,0.8956969261930965,0.11141864854333164,0.5965059919562293,278.351629114586,10.574446161794953,0.3398749270104152,0.0,0.20268052610426116,0.9375,0.7677885869566201,0.384797329485834,0.49483807398872975
14.375724418191883,1.1948564780551836,1.744512042494454,2.1182158481908124,A2,Si1,combo_012,gp,0.5743200801466912,0.4256799198533088,0.8513598397066175,0.1063572039270479,0.5692157670429289,282.69461008617026,9.857587394423886,0.3755192226808971,0.0,0.4416856018538507,0.9375,0.7677876339182427,0.4280182276845307,0.5014300994219144
9.660192957881414,1.4961802079459507,1.2792362394813916,0.8335529629306151,A2,Si2,combo_013,gp,0.5388791722539139,0.4611208277460861,0.9222416554921722,0.02805083607027486,0.1470046093667579,305.1003368560821,11.251952678727973,0.559410507244236,0.0,0.6069673394364451,0.9375,0.7677040622010028,0.584222438378752,0.41678093696833013
13.944503166539526,0.7895236799648233,2.6397252041132457,1.09188254417408,Si3,PU,combo_005,gp,0.43376431716663433,0.5662356828333657,0.8675286343332687,0.11030545981789117,0.5905039168588383,291.2193964426476,9.118423811056623,0.4454849921388104,0.0,0.34025434193723314,0.9375,0.7676688035541178,0.4610453292610544,0.4733459241867517
15.367312184195756,1.1872314277012939,1.3402672616222813,1.4036451425614183,Si2,PU,combo_003,gp,0.5402505145902268,0.45974948540977323,0.9194989708195465,0.05943233300347061,0.316206917077034,282.1154468581924,12.528460320576485,0.3707658365908855,0.0,0.4203412435907929,0.9375,0.7676576837570113,0.4435349761439258,0.4831002891148741
15.346466733965425,1.3583909232138371,1.6023024051271793,0.5109133938122109,A2,Si2,combo_013,gp,0.5429893818567564,0.4570106181432436,0.9140212362864872,0.06975098078775077,0.3718428550715296,280.8982127155367,11.954080934349879,0.3607755893471364,0.0,0.3798028236686606,0.9375,0.7675751738689436,0.42797645880495166,0.4807018464581499
9.997187496706072,0.9986332604810988,2.8214071786030095,1.0428387424040544,A2,Si2,combo_013,gp,0.4507352475800843,0.5492647524199157,0.9014704951601686,0.04293825354315288,0.2272743746242792,301.8670372776711,9.994689441448097,0.5328737374729228,0.0,0.6081766537913622,0.9375,0.7675398741723409,0.5558923706625745,0.41049334087057515
9.016845790525618,1.4180119380374765,1.732036105673114,0.9814959147956354,Si2,PU,combo_003,gp,0.4327500453922539,0.5672499546077461,0.8655000907845078,0.07676195539789894,0.40964452800830936,308.1008163131137,10.428807337526804,0.5840364445024016,0.0,0.5613266694129387,0.9375,0.7675196335681781,0.590431075928961,0.4792297276408004
10.599998826867944,0.6337448190070418,2.8298562958900626,1.4441403123262178,A1,PU,combo_007,gp,0.45389873771966904,0.546101262280331,0.9077974754393381,0.09637418896625077,0.5153894893204573,322.99821293786465,7.950696783578887,0.7063043552962537,0.0,0.2392564146348073,0.9375,0.7674843641504125,0.6243470987289454,0.39980421341068606
10.863889108068662,1.3383846866610876,1.4253199462581,1.195834340584653,A2,Si3,combo_014,gp,0.5512926285308595,0.4487073714691405,0.897414742938281,0.04376902835208681,0.23175373439345867,298.6923338677766,9.431536512180108,0.5068178860315367,0.0,0.6210035453950385,0.9375,0.7674340342451633,0.5345126405138505,0.3985035189799151
9.208684283846301,1.5259236389107014,1.3157000852110272,2.0950755755960864,Si2,Si2,combo_004,gp,0.4145452575105253,0.5854547424894747,0.8290905150210506,0.08652813963177639,0.46230170090906364,283.6880764656154,12.840558411509326,0.3836729331390637,0.0,0.6685813678819155,0.9375,0.7674294859788289,0.4798453520135526,0.5800493675985172
9.61257264167299,1.0784668752864208,1.9171801490122724,0.912178084843968,Si3,Si3,combo_006,gp,0.5239833511723688,0.4760166488276312,0.9520332976552623,0.03906318425720034,0.20638083130108595,299.0215636685722,9.077083358013354,0.5095199849907247,0.0,0.3955943681108745,0.9375,0.7673864687341804,0.5110791154514839,0.34606735818612355
9.43562135776766,1.17504254665036,1.8043051980257125,1.9528729308763637,Si2,Si2,combo_004,gp,0.5677953632359731,0.4322046367640269,0.8644092735280537,0.08643145391085963,0.46178039221762124,290.8801023697107,10.919174547977324,0.44270029233604014,0.0,0.5025219654922587,0.9375,0.7671933771820981,0.48946692190096147,0.5021372546077825
13.626413102140413,1.242048544690876,1.5244306791780373,1.8445520540050009,A2,Si2,combo_013,gp,0.5573837416860954,0.4426162583139046,0.8852325166278092,0.08009332661213747,0.4276065678207722,288.7880621710421,8.824013053931736,0.42553021954875936,0.0,0.44542014080534553,0.9375,0.7671766505193438,0.45528109885431134,0.4240130786718305
12.99389712950636,1.2158369303206893,1.7207439883696585,1.0776410526370228,Si2,Si2,combo_004,gp,0.5463113728544471,0.4536886271455529,0.9073772542911058,0.05169550251547897,0.2744915847677382,278.57945636000596,9.655812061209524,0.34174478132262015,0.0,0.5220477557210524,0.9375,0.767155542872803,0.410827475929349,0.4047839550368001
8.487412713434304,1.2467018020266973,1.5739069225136264,1.1892679368231702,Si3,Si3,combo_006,gp,0.4700446895409698,0.5299553104590302,0.9400893790819396,0.026264757656629625,0.1373744572429246,302.13166657224264,10.607954989940483,0.5350456384967807,0.0,0.5302911557946551,0.9375,0.7671027215040113,0.5544410878838051,0.3842048221522978
11.9132950730644,0.6732013360151028,2.20387956462245,2.009380113040927,A1,Si2,combo_009,gp,0.5864045615925306,0.4135954384074694,0.8271908768149387,0.10980491161582999,0.5878050682000482,290.04212564675476,8.341939181960317,0.43582273743228767,0.0,0.5271220921001437,0.9375,0.7670886486776641,0.4668695742175242,0.4790851585022182
11.802607821272634,1.0452382333095662,1.2311435274859794,1.4813660220278662,A1,Si2,combo_009,gp,0.5749030936769941,0.4250969063230059,0.8501938126460118,0.10662700188722013,0.5706704598376622,288.9670387070301,9.176411955367787,0.42699913976935794,0.0,0.4394216795834776,0.9375,0.7670234016469196,0.4584774382229854,0.48287346637200845
14.873717454414159,0.9821630282261353,2.2438933207103675,0.6327298693766765,Si1,Si1,combo_002,gp,0.416899937256602,0.583100062743398,0.833799874513204,0.10511803160568378,0.562534415389378,276.3504568285681,10.574952453503949,0.3234506375380219,0.0,0.5233665614302709,0.9375,0.7667515742261226,0.40537290709070595,0.5310648459495454
9.892168386275976,0.9831247170877289,2.2395165310531366,2.1495973713113163,Si2,Si2,combo_004,gp,0.5542313044977476,0.4457686955022524,0.8915373910045048,0.09446300171919257,0.5050847771724964,291.6873125754925,9.947991507427258,0.4493253361553368,0.0,0.3210572060167461,0.9375,0.7666935079906899,0.46832975283781025,0.46337529215878537
8.0277177080283,0.9146526294701993,2.3782958430050227,1.525776694342509,A1,Si3,combo_010,gp,0.45508637346844694,0.5449136265315531,0.9101727469368939,0.05517258916494994,0.29323929098619894,306.3448506598644,10.59488545379232,0.5696246477800234,0.0,0.48271171315888706,0.9375,0.7666156715031397,0.5737857945506029,0.4312613030794448
8.427439120110407,1.0420928316056703,2.2660667691656076,1.615976901685422,Si2,Si2,combo_004,gp,0.5759040507185205,0.42409594928147953,0.8481918985629591,0.0769664565155022,0.41074715421831653,299.60552127134406,10.879442202062942,0.5143127201163022,0.0,0.6327710552183073,0.9375,0.7664958123180423,0.5523084498841921,0.5027207032424811
15.757490697181467,0.645810175878652,1.7020809564756876,2.399429867351667,A1,Si3,combo_010,gp,0.5747000387151786,0.4252999612848214,0.8505999225696428,0.11997066218325854,0.6426166171608133,285.728969329043,10.588274391070915,0.4004232226595021,0.0,0.3482622729608244,0.9375,0.7664341363055646,0.4418479259009448,0.5331942065516464
10.096926845182612,1.2030128393861321,1.658734626259409,0.6709672370776002,Si1,PU,combo_001,gp,0.43577600575596875,0.5642239942440312,0.8715520115119375,0.09090170711614425,0.4858830397106193,310.4125842801594,11.424250158527492,0.6030098964880473,0.0,0.43444476430934725,0.9375,0.7663788602556375,0.5988430757067811,0.5142466296148654
8.186211744910134,0.819634646516086,2.631266427477009,1.8398761241109522,Si3,PU,combo_005,gp,0.4196680314369132,0.5803319685630868,0.8393360628738264,0.08547565726016101,0.4566269414646431,328.48646769764565,9.907503888824397,0.751348295542025,0.0,0.6191712529488342,0.9375,0.7663745833805996,0.70923921632502,0.490019111982467
8.952150035223985,1.1178025946444121,1.5761904797437185,1.7590399463877864,Si3,PU,combo_005,gp,0.5602352486001934,0.43976475139980664,0.8795295027996133,0.06992778388016185,0.3727961394642388,318.2111099102297,10.695083623383404,0.6670150015462569,0.0,0.5299403856048363,0.9375,0.7663381242500223,0.6474689228255213,0.4689450477925112
10.362245950247766,0.7851576180846399,2.758730749021016,2.3785937484326203,A2,PU,combo_011,gp,0.4399281562289161,0.5600718437710839,0.8798563124578322,0.08510642874827347,0.454636140438905,318.2674895583875,8.397347479826877,0.6674777281531391,0.0,0.43197386774870783,0.9375,0.7663178451162062,0.6199484535620925,0.41972702909600856
10.50238020722215,1.2965541799440905,1.4577910622616226,0.6463125207940834,Si3,PU,combo_005,gp,0.45419398103388176,0.5458060189661182,0.9083879620677635,0.07564860544280229,0.40364158359515695,316.36845299447685,9.648436434350202,0.6518917006720204,0.0,0.3586847901072867,0.9375,0.7663006357082718,0.6115360905456159,0.42527924650005333
10.099818608905252,1.2483717255800986,2.09749207830811,1.0655838290931716,Si2,PU,combo_003,gp,0.4311379967102482,0.5688620032897518,0.8622759934204964,0.08714954235972801,0.4656521712773415,300.6124730591754,9.217179074471442,0.5225771098260935,0.0,0.5000585882970375,0.9375,0.7661907617846687,0.5317659162665869,0.4563333301467872
13.180643898755225,1.0226148007920681,1.2924316932112612,2.1274729003581996,Si1,PU,combo_001,gp,0.47599621021917216,0.5240037897808278,0.9519924204383443,0.020620698583245563,0.10694290000705842,289.3940239868936,11.202213681178407,0.4305035506019126,0.0,0.5033209370689601,0.9375,0.766181594638166,0.48323225012536297,0.385845004052763
14.036219990740445,0.9673350835139017,1.230689515994275,1.7296081162088195,A1,Si3,combo_010,gp,0.43265254169375567,0.5673474583062443,0.8653050833875113,0.14441938998394938,0.7744389191135712,286.44589040735934,7.410795452711469,0.40630723344727804,0.0,0.12212200360654066,0.9375,0.7661241679424388,0.3983949803057878,0.458058930092868
8.075690717944735,1.2987742752300178,2.609570093775217,0.5144457657443664,A2,Si1,combo_012,gp,0.427132340189587,0.572867659810413,0.854264680379174,0.04982804924272797,0.26442267683886467,303.99289932542945,13.627835965019173,0.5503213974743695,0.0,0.7733309301275905,0.9375,0.7660818299427059,0.6131579588030007,0.5481471828663818
14.578241207081444,1.3891945162397432,1.114898103885905,2.483389712206143,A2,PU,combo_011,gp,0.43822283664769657,0.5617771633523034,0.8764456732953931,0.05011561009874618,0.2659731433621475,284.1306562954639,12.808139486981611,0.38730533365293407,0.0,0.6676022232322135,0.9375,0.7660316805771882,0.48203548124252005,0.5102962724294406
10.746881695701974,0.929045749950156,2.2575875235925595,1.0859730707728692,Si3,Si3,combo_006,gp,0.5247601002091216,0.47523989979087844,0.9504797995817569,0.043800238009375055,0.23192201017862146,292.4153520520253,8.223908402942234,0.4553005993515398,0.0,0.3608559137950357,0.9375,0.7658641612868056,0.4629503788829469,0.32634137848255185
13.414799342252515,1.1392198193560024,1.1283162881818822,1.530712586279952,A1,Si2,combo_009,gp,0.3978886664794743,0.6021113335205257,0.7957773329589486,0.12952231936837902,0.694117106178921,283.7830582127349,9.444958164249357,0.3844524800677235,0.014075556803504842,0.53865306603016,0.9375,0.7658145949562579,0.4407272296892368,0.5483471017029964
8.219998073737901,0.8893739276023702,2.5415423159323574,0.5525640341722858,A1,Si3,combo_010,gp,0.5644978895228405,0.4355021104771595,0.871004220954319,0.05183209097796502,0.27522804049221933,303.05458063622365,13.794667114751332,0.5426203025328943,0.0,0.6802144944953651,0.9375,0.7657903155898117,0.5997659354864588,0.5425479482702187
15.431344601502047,1.124939463112345,1.3226319657515246,2.428681202291482,A2,Si3,combo_014,gp,0.5840630889272234,0.41593691107277664,0.8318738221455533,0.10362904459786684,0.5545061164714019,287.772198526631,11.145351340971922,0.4171926872548809,0.0,0.5337657099110483,0.9375,0.7657272196609731,0.47651249391626643,0.5454956437152553
10.935671079283653,0.4986189013841965,2.721379717893808,2.164724787148976,A1,Si2,combo_009,gp,0.5487208434544755,0.45127915654552453,0.9025583130910491,0.10441845525161213,0.5587624495784275,296.83167778126966,7.4181546313324755,0.4915468599500335,0.0,0.1986118105415695,0.9375,0.7656908195699883,0.46576950272434053,0.39424794790174544
8.065168580861632,1.4903200897011883,1.4012372568830507,2.4021693114807947,Si2,PU,combo_003,gp,0.4387739775816897,0.5612260224183103,0.8775479551633794,0.08299070828569419,0.44322862901584137,293.82022600743124,14.437789877862517,0.4668308692223705,0.0,0.4509968956914712,0.9375,0.7656586818752495,0.528843024132531,0.5846455958863012
8.238319975838229,0.6841633788071267,2.8226946730344533,1.7213663076951122,Si1,Si1,combo_002,gp,0.4737488128450451,0.5262511871549549,0.9474976256900902,0.05129414560712306,0.2723275543120258,309.65563722538286,9.74728073335088,0.5967973791401958,0.0,0.3254441110023973,0.9375,0.7656355945852131,0.5704223768874183,0.37705056202121373
14.604454318444485,1.2091695816133363,1.2558465319572356,1.970152540858767,A2,Si3,combo_014,gp,0.5712747069920283,0.4287252930079717,0.8574505860159434,0.08889791141319338,0.4750790026106372,288.6442015701542,9.787464753264956,0.4243495075385223,0.0,0.506695841482846,0.9375,0.7655799188601448,0.4681496679542527,0.4763060269876586
13.20395056521162,0.8175895416222732,2.2518536740586588,0.575828131279236,A1,Si3,combo_010,gp,0.611403492220802,0.38859650777919796,0.7771930155583959,0.12361775768554188,0.6622809746877909,283.5806973849814,11.76749253416312,0.38279163715273906,0.0,0.6608001955987077,0.9375,0.7655552653992493,0.47002185807765184,0.6193752942685561
13.221919433978776,1.3177879431245898,1.6792015585343263,1.0462660994063921,Si2,Si2,combo_004,gp,0.4524738191168609,0.5475261808831391,0.9049476382337218,0.053001462031867376,0.2815330386671336,276.01890334483954,9.621284655234556,0.3207294673367424,0.0,0.5123657490627227,0.9375,0.7655316835546316,0.3948773575955173,0.40484697033024386
13.176716832593478,1.1763735262032404,1.9214683517491755,0.6136211157865115,A2,PU,combo_011,gp,0.62181885888171,0.37818114111829004,0.7563622822365801,0.14062828469053862,0.7539980916481613,299.90805969115183,10.39883007386487,0.5167957539950749,0.0,0.6495643533529081,0.9375,0.765485976730485,0.5519509024947604,0.6121650228500028
8.450546521420373,1.1214834585765705,1.7388691268277372,1.3488469543102717,A1,PU,combo_007,gp,0.4491702377054736,0.5508297622945264,0.8983404754109472,0.07905921170614312,0.422030841815594,322.12662803355204,10.471921731339368,0.6991509668207996,0.0,0.3775480251694643,0.9375,0.7654858323509593,0.6529720220901839,0.4571833982062501
12.726544433597754,0.7576629821710611,2.6814400447071725,2.4189660849488126,Si2,PU,combo_003,gp,0.4669021475070849,0.5330978524929151,0.9338042950141698,0.056154171477165865,0.2985317725012804,287.16636791278097,9.825321913631559,0.4122204330203841,0.0,0.357112474175852,0.9375,0.7654564118660442,0.44499833072294176,0.39311772217063307
8.963555690390104,1.2275996123250505,2.320633232692736,1.025498457847305,Si2,Si2,combo_004,gp,0.43697666051679107,0.5630233394832089,0.8739533210335821,0.05332685944787474,0.2832875118150721,288.8016756617022,10.049092098709732,0.4256419500143935,0.0,0.6535883687176212,0.9375,0.7653591197987388,0.48579860033625444,0.43840527903337756
12.612591748424105,1.1614384443801333,1.8012135878619948,1.2385139062703194,Si2,PU,combo_003,gp,0.5474477413665824,0.45255225863341764,0.9051045172668353,0.08812590855530338,0.47091652860909455,288.94246941018974,9.502692281865318,0.42679749134245404,0.0,0.28700492697279645,0.9375,0.7652990452541627,0.4456574002616382,0.43406684674534535
10.747117095588123,1.2967995842012399,1.934738179072212,1.7939185385776406,A2,Si1,combo_012,gp,0.45286001041890245,0.5471399895810976,0.9057200208378049,0.07480295000225745,0.39908199064863387,291.04554408745435,9.120647580159995,0.44405812778180215,0.0,0.3685679240091652,0.9375,0.7652893713069575,0.4628953491652552,0.4106564209381667
11.543460772713217,1.0510274185397965,1.588882196580762,1.531124238649999,A1,PU,combo_007,gp,0.4212471838122269,0.5787528161877731,0.8424943676244538,0.10901073416923204,0.5835230335672872,300.69918753152115,8.762965266690749,0.5232888044688804,0.0,0.4464098466241832,0.9375,0.7652611092162265,0.5233315748491547,0.47705403344699854
10.322171020708637,0.7867902677765908,2.7974075193797336,2.0978157321134594,A2,Si3,combo_014,gp,0.5432648529792061,0.4567351470207939,0.9134702940415877,0.05115519716199066,0.27157837406676205,304.9061673236494,8.532162445319427,0.5578168930263719,0.0,0.48191238353091226,0.9375,0.7652266599649502,0.5492386339427279,0.36685378510212047
13.716459569396324,0.5160215604660714,2.5478372872849318,2.0844070889723394,A1,Si3,combo_010,gp,0.5935673780458615,0.40643262195413854,0.8128652439082771,0.12945990650252853,0.6937805893787443,285.70103880801815,8.559206648434367,0.4001939875428495,0.0,0.45443752299210144,0.9375,0.7651939427137294,0.43636753459825434,0.511246803298049
12.110231441234383,0.8918862490787516,2.889841903403311,1.0931756981755945,Si2,Si2,combo_004,gp,0.5126566758453244,0.48734332415467563,0.9746866483093513,0.03045512456303839,0.15996801778041203,277.8326066440864,10.436206091087332,0.33561513620793276,0.0,0.3271465735180192,0.9375,0.7651761965346732,0.3931762645505381,0.35691933373698864
13.76918898959152,1.3589813766884868,1.1010170087006828,1.969952407184378,Si2,PU,combo_003,gp,0.46687609236632,0.53312390763368,0.93375218473264,0.021870318496864757,0.11368058283956285,281.64327320101063,12.929736548052524,0.3668905496498377,0.0,0.5725801380493794,0.9375,0.7651698549431512,0.4591980163765475,0.4460833870597851
14.458264498173417,0.7359020637285748,2.1606449009111373,1.4234747268651118,A1,Si1,combo_008,gp,0.6125523970714255,0.3874476029285745,0.774895205857149,0.15392792089037602,0.8257068804771349,282.8799163395946,9.025675313500907,0.37704009300703106,0.0,0.47618273423855306,0.9375,0.7651632281719893,0.4259982396648303,0.5735064722789665
11.135037563052146,0.47552326757417285,2.9267779583691085,1.9528150588534388,A1,PU,combo_007,gp,0.4581352183571141,0.5418647816428859,0.9162704367142283,0.10151788242272328,0.5431231823575396,320.63455862358205,6.949783060520768,0.6869050547254374,0.0,0.148199414167664,0.9375,0.7650760625049738,0.5938001428090651,0.3683363467460128
8.17419550597468,1.4049013173540401,1.283908741857375,0.9498184330546973,Si3,Si3,combo_006,gp,0.4469548145578983,0.5530451854421017,0.8939096291157966,0.02576076728303871,0.1346570491327608,303.253720920076,13.017700787017533,0.544254713368212,0.0,0.7329899805021515,0.9375,0.7650622592078374,0.6000848363716248,0.4799048506446034
8.49931895436805,0.7976176485126245,2.835775238693971,2.0192786675859846,A2,Si3,combo_014,gp,0.5560673521131605,0.4439326478868395,0.887865295773679,0.05103090972468958,0.2709082428344786,320.07473649706975,9.673137014460792,0.6823104075163331,0.0,0.6005549470603908,0.9375,0.7650180931607106,0.6572102134322211,0.4157821441777471
9.948503071218756,1.3864718345424283,1.4883584568148045,1.8413493325953123,A2,PU,combo_011,gp,0.45039673881818487,0.5496032611818151,0.9007934776363697,0.06833253011294098,0.36419487294811675,311.60529995740217,8.97412101994221,0.6127989124953983,0.0,0.43044315506153796,0.9375,0.7650141024062035,0.5860505186549874,0.40369905419826313
9.131885152375515,1.4279392056197469,1.6321100511813325,1.5653576514703356,Si2,Si2,combo_004,gp,0.41898319090412883,0.5810168090958712,0.8379663818082577,0.07058470462065626,0.3763381153461101,287.40893925197673,10.879762255585314,0.4142112970356884,0.0,0.7090060393525736,0.9375,0.7649702344952829,0.48986346602352754,0.5021215858455337
11.664301174414959,1.1599612413497864,2.226690855639058,1.2457701189174761,A2,PU,combo_011,gp,0.393768541964306,0.606231458035694,0.787537083928612,0.1308151704430046,0.7010878821689268,303.931466034569,7.971720951007508,0.549817193933583,0.0415430535712935,0.5621589211588232,0.9375,0.764954259710613,0.5472614721922395,0.51381200206292
14.410719788100812,0.6252480898098682,2.4517356046683334,2.0185592470101428,Si1,Si1,combo_002,gp,0.4555445262439122,0.5444554737560878,0.9110890524878243,0.07258953245466941,0.38714771747563714,281.97329469387256,8.428559540378366,0.3695991462902907,0.0,0.354249097705421,0.9375,0.7648681538090422,0.4039061265236819,0.38530541599706325
11.721929587122425,1.2087604426809255,1.2221487047132316,0.5840932516539414,Si1,PU,combo_001,gp,0.5453990989392281,0.4546009010607719,0.9092018021215438,0.08534948954973681,0.4559466722025445,303.39561475153795,13.371056438536666,0.5454192834447424,0.0,0.2809487693591794,0.9375,0.7647192911859956,0.5584713705064758,0.5342641337321009
9.719721658782714,1.007048105077848,2.3593557040460134,2.4162704397887165,Si2,PU,combo_003,gp,0.4261327763976226,0.5738672236023774,0.8522655527952452,0.09325193416039566,0.4985549603770228,299.2184688031934,10.096719245144282,0.5111360512096181,0.0,0.4962642283294504,0.9375,0.7646861870817292,0.5302861478217096,0.49145958237848697
14.148383073532404,0.9053795895468211,2.116903834200365,2.3046799205630277,Si2,Si2,combo_004,gp,0.5697484916641713,0.4302515083358287,0.8605030166716574,0.09351031135407047,0.4999480748457987,280.20586866850186,9.854697076538065,0.35509329046540633,0.0,0.45581538536215976,0.9375,0.7646392177801813,0.4151103512844856,0.4792264169790516
14.446282584777913,1.0285717180985419,1.4320689384499126,1.1580469535758315,Si1,Si1,combo_002,gp,0.5833291887809935,0.4166708112190065,0.833341622438013,0.09500197208534793,0.5079907899078059,283.975692867066,11.861681960164914,0.3860334970282595,0.0,0.5730736724186043,0.9375,0.7646350270701606,0.46425832497790515,0.5548041116874434
15.507923888722821,1.0571253722090037,1.1979746386847983,1.5503734606383464,Si1,PU,combo_001,gp,0.41770866931727824,0.5822913306827218,0.8354173386345565,0.07208354818371665,0.3844195586981078,285.89983063605496,12.40780383589589,0.40182553848488245,0.0,0.7084885563682526,0.9375,0.7645997912292294,0.49314379411474735,0.546879844384341
15.490671390717019,1.0198806528122497,1.1024945074250103,2.066936094699513,Si1,PU,combo_001,gp,0.45087025629901234,0.5491297437009877,0.9017405125980247,0.04131233006397583,0.218507743592537,285.1554633085232,13.418599089249817,0.3957162671609722,0.0,0.5939890800293138,0.9375,0.7645766242384426,0.4853567171850271,0.4994235498547382
12.477713076916228,0.9647534340752753,2.873024905538469,0.672262362235399,Si2,Si2,combo_004,gp,0.5215396970658333,0.47846030293416675,0.9569206058683335,0.019003603666937183,0.09822387069470911,273.9239677058098,11.461519154968018,0.3035356307031532,0.0,0.4772762382463647,0.9375,0.7644853114722763,0.39378696893925264,0.3860152031585342
9.60373957242789,1.2582880392140399,1.3163230964215902,0.8949610884239777,Si3,PU,combo_005,gp,0.5446830541479954,0.45531694585200455,0.9106338917040091,0.06565434954418195,0.3497546971444095,323.01915139435886,10.084446053035602,0.7064762042035011,0.0,0.39685193731299573,0.9375,0.7644202421429538,0.6569866251867527,0.42413024439300123
14.558750154453554,1.1889999793331285,1.5686304763136327,1.029147769999088,Si2,PU,combo_003,gp,0.5482891319462908,0.4517108680537092,0.9034217361074184,0.08906550735825361,0.47598264403754054,283.37432996268467,11.527076086066515,0.381097910777876,0.0,0.2817842319841114,0.9375,0.7643920691675191,0.4290462857760935,0.49070919782684796
8.016263864984994,0.9503722159299633,2.3719793606262067,1.5600841764505173,A1,Si1,combo_008,gp,0.4474343064635633,0.5525656935364367,0.8948686129271266,0.08582945249321618,0.45853452955762874,305.86125859041687,10.590076478901713,0.565655646115022,0.0,0.34198025935047877,0.9375,0.7643607371924707,0.5568965755812161,0.46787271502752664
9.584756588812011,1.242141951042327,1.9646910543043439,1.652635928343302,Si2,PU,combo_003,gp,0.4323139315995945,0.5676860684004055,0.864627863199189,0.08525617199587386,0.4554435239461977,300.8875058566703,9.497449964812745,0.5248343958738868,0.0,0.4861335512868396,0.9375,0.7642833849845191,0.5341549197262737,0.45837647227473666
9.001980268959638,1.4475791990735982,1.267285639448064,0.9825290410402838,Si2,Si2,combo_004,gp,0.5614371531372342,0.4385628468627658,0.8771256937255316,0.05264502430214062,0.2796112027982722,293.38102533677454,12.72769450678467,0.46322620259684516,0.0,0.6343644612668081,0.9375,0.76424418699795,0.5312244526933925,0.5078724167906368
8.49848677609458,1.0533013900258492,1.6900094966790835,2.2286461519206657,Si3,Si3,combo_006,gp,0.5709665062977933,0.42903349370220667,0.8580669874044133,0.0740076679468608,0.3947940002019021,297.7635891246139,11.718553639848736,0.4991953676635545,0.0,0.5877808511122942,0.9375,0.7642422660527287,0.5438181410852935,0.5134565728710255
10.933568178542636,0.6877414998193512,2.301386100374029,2.123950273795252,A1,Si3,combo_010,gp,0.5745882551348132,0.42541174486518685,0.8508234897303737,0.10845375997293855,0.5805199480373472,294.3730842315969,8.86792627176056,0.47136836135852195,0.0,0.402922328455096,0.9375,0.7642218154731991,0.48346293626682557,0.47236530772756313
11.202851913849901,0.7772427184716107,2.406871732792328,1.7446725732120119,A1,Si3,combo_010,gp,0.4269609158906178,0.5730390841093822,0.8539218317812356,0.12029218907499468,0.6443502212711743,291.7427295471562,8.488147355965884,0.44978016175463553,0.0,0.31318063217986625,0.9375,0.7641978037034443,0.4563940273798258,0.47080415053947106
9.08956158973713,1.212642991484634,1.554772146823904,2.103293777103982,Si3,Si3,combo_006,gp,0.43965739084552524,0.5603426091544748,0.8793147816910505,0.057995892365153456,0.3084619369248927,292.598694984983,11.232449768265038,0.456805356050728,0.0,0.5898350668557581,0.9375,0.764196806669018,0.5105324183376201,0.4701850064099475
15.098114706240958,0.821932949474296,1.3766551124105237,2.2985768719833843,Si1,PU,combo_001,gp,0.5484103066870603,0.45158969331293974,0.9031793866258795,0.041252802696895116,0.21818678478348416,286.7217105176392,12.37472216310302,0.4085709812341109,0.0,0.5846085431404096,0.9375,0.7641885920103231,0.4852177604489559,0.4692069235939116
9.00962391884926,0.7482333680102313,2.637733415310821,1.7870620478484252,A1,Si3,combo_010,gp,0.4673458203054679,0.5326541796945321,0.9346916406109358,0.07855588804643862,0.41931702848385666,306.33972454963344,9.769235898452065,0.5695825760809056,0.0,0.2002058639123473,0.9375,0.7640965780849095,0.5390206383867326,0.4103147101422264
10.168354651731049,0.9697264912822159,1.8137639030397072,1.2163285105482928,Si1,PU,combo_001,gp,0.577226032917622,0.422773967082378,0.845547934164756,0.09922142965783574,0.530741201083868,313.93763859726334,10.068552997886165,0.6319411948647763,0.0,0.48451148218454554,0.9375,0.7640186649691396,0.6134532400452918,0.5001875366822642
10.365475114766665,0.8311549488369072,1.8287570462110323,2.387295165842044,A1,PU,combo_007,gp,0.5559215470502181,0.4440784529497819,0.8881569058995638,0.07872711813589867,0.4202402644387173,304.45022004802973,10.797393278694194,0.5540747814194658,0.0,0.4149335068084988,0.9375,0.7639246707941315,0.5577136790604704,0.4711120534258068
14.285219348738245,1.4493172336913962,1.3551765754239593,0.6072529461656265,Si2,PU,combo_003,gp,0.4311143777742643,0.5688856222257357,0.8622287555485286,0.08085484582837614,0.43171251627274054,282.15426742661896,13.184476180986424,0.3710844499645443,0.0,0.5219923870788753,0.9375,0.7638682663448422,0.45907584141497715,0.5568094458189705
8.749427834275627,1.0757580815645589,2.098712065945758,0.8288221163911933,A1,PU,combo_007,gp,0.4331967756595816,0.5668032243404184,0.8663935513191632,0.08228648571224026,0.4394316117854737,322.0173739229821,10.74931452829351,0.6982542818374088,0.0,0.4932176955974042,0.9375,0.7638354109913922,0.6660901103899862,0.4882499208687353
10.30112647265219,1.295873189437273,1.2510052998914327,0.7572845206688872,A1,Si2,combo_009,gp,0.4517008324152272,0.5482991675847728,0.9034016648304544,0.09220739095428548,0.49292300721197235,288.89835588025767,9.255020846438912,0.4264354368655278,0.0,0.2575779727492113,0.9375,0.7638348831814407,0.44051591443225735,0.4305463381667057
8.481039872632039,1.1237060061338298,2.768216674347072,0.6044826656709592,A2,PU,combo_011,gp,0.42305812613068383,0.5769418738693162,0.8461162522613677,0.07492477390461905,0.3997388390283569,323.14967330102064,12.67417713921615,0.7075474410942376,0.0,0.6342222976203629,0.9375,0.7637945888963635,0.7018147474434998,0.5484245195072195
9.270263945484622,0.9743121191353992,1.8745146211726273,1.9693800480915862,A1,PU,combo_007,gp,0.44676645838478635,0.5532335416152137,0.8935329167695727,0.0828362497007608,0.44239582141995043,314.1254668173218,10.213956807979656,0.6334827638135764,0.0,0.36237939041043354,0.9375,0.7637460809682186,0.6034612133292213,0.4549441347239085
14.296506550768129,0.9757770150938861,1.4541779003562507,1.2468108089605487,A1,Si1,combo_008,gp,0.6017268721516018,0.3982731278483982,0.7965462556967964,0.14538049309206602,0.7796209811479936,283.61434983272284,10.41874450578984,0.38306783403344813,0.0,0.41790252259477756,0.9375,0.763701990942627,0.4353315947169592,0.5869312270102516
12.429615647659896,0.7878536538021467,1.767584456711638,2.2056642210678588,A1,PU,combo_007,gp,0.5592389426347353,0.4407610573652647,0.8815221147305294,0.05597427239012329,0.29756179516886144,294.73508101993247,9.427563799680792,0.47433938993074476,0.0,0.588313671725937,0.9375,0.7636811706850511,0.5084775019336387,0.4165236454013249
11.335557788083069,0.6449777112236563,2.79705279093953,0.7375540834569114,Si1,PU,combo_001,gp,0.5768182287977766,0.42318177120222344,0.8463635424044469,0.08790025820707856,0.4696998702789791,303.499428698567,11.248079555717826,0.5462713191885861,0.0,0.5491033427450042,0.9375,0.7635832144724807,0.5692081853603774,0.520938202797927
13.328475828553072,0.933884659337084,1.5966450747400895,1.9603854237171239,Si3,Si3,combo_006,gp,0.5604989736924466,0.4395010263075534,0.8790020526151068,0.06305844795538086,0.3357581519716618,289.11531310640174,9.637890411672048,0.4282160772982456,0.0,0.5541738740087515,0.9375,0.7635583630378536,0.47442922811582017,0.43055348741300026
15.592561746702522,0.8334787795392893,1.7843498082739182,1.731730022564007,A1,Si2,combo_009,gp,0.43594505614235857,0.5640549438576414,0.8718901122847171,0.12799852404007891,0.6859011282548794,283.92541258678267,7.887239454342739,0.3856208299711067,0.0,0.174975542592017,0.9375,0.7635004177281206,0.39294211385310746,0.44809665142746913
8.512215214214335,1.2858769869313789,1.1367165481783794,1.232678473133265,Si3,Si3,combo_006,gp,0.5596317848732184,0.4403682151267816,0.8807364302535632,0.03054365201030099,0.16044533880829093,304.334581869596,13.488948932594102,0.553125700258425,0.0,0.7517093300960775,0.9375,0.7634791664093636,0.6118679130285805,0.5046937325305766
8.680831383645783,1.0415485323357578,1.5271803378379412,2.3882374482159348,A1,Si3,combo_010,gp,0.5334574733465587,0.4665425266534413,0.9330850533068826,0.0858821094676341,0.45881844468148403,293.9683562326418,12.978013130852117,0.4680466234657545,0.0,0.15625304368992404,0.9375,0.763461886490283,0.48875375034182184,0.5057597456058125
11.761019386400715,1.4370254544162058,1.3663947331504396,0.9149437317082003,A2,Si2,combo_013,gp,0.5315341986704993,0.46846580132950066,0.9369316026590013,0.027728823251392545,0.14526838524133884,294.4325124904528,10.17902846247787,0.47185610893183616,0.0,0.5071152337558402,0.9375,0.7634530036721762,0.5045217921616525,0.3716996937660854
8.32174706199916,0.6301435471032503,2.9648183507855896,2.3607293405937875,Si3,PU,combo_005,gp,0.4109504510908266,0.5890495489091734,0.8219009021816532,0.09702577779294544,0.5189027166655283,328.5254054349732,10.643321633554123,0.7516678705599963,0.0,0.6031674580288368,0.9375,0.7633015451965895,0.7136420702789407,0.529643422331469
11.987526360260855,0.8071754480597308,2.2896754490864657,1.6719321186901381,Si3,Si3,combo_006,gp,0.5446726204445724,0.45532737955542757,0.9106547591108551,0.047018499119083436,0.2492741845422629,288.95037919069813,8.093698320256904,0.4268624095534649,0.0,0.5060402702820679,0.9375,0.763282093813262,0.4565393376496266,0.35061268890108244
10.375470330653243,1.0366695328724245,2.296098299928423,1.1966451918461907,Si2,PU,combo_003,gp,0.5756220495033517,0.4243779504966483,0.8487559009932966,0.09147827940748773,0.4889917939700097,303.0285725701302,9.518512722631046,0.5424068456460884,0.0,0.5117458857122561,0.9375,0.7631373806148256,0.5491823068849806,0.47453925301156763
9.778100487566272,1.51396117620831,1.4388939612856673,2.081380109560987,A2,Si1,combo_012,gp,0.4716257133603392,0.5283742866396608,0.9432514267206784,0.04011136503439016,0.2120323974700172,291.2475621919776,10.719453896539191,0.4457161578527443,0.0,0.39636901535203123,0.9375,0.7631077579766903,0.4793940131964311,0.39331199549238516
8.001944045651888,1.6720301748586444,1.1336741893809696,1.0763296674132223,A2,Si2,combo_013,gp,0.44499594598109127,0.5550040540189087,0.8899918919621825,0.031923439892139784,0.16788485943583745,308.1123891077034,13.193811296752928,0.5841314262936615,0.0,0.6967190140977685,0.9375,0.7630908289303397,0.6257547108541751,0.4909353915531315
13.210099205584132,0.656852719342667,2.976773817849095,2.187970947403964,Si2,PU,combo_003,gp,0.47049837120179916,0.5295016287982008,0.9409967424035983,0.051051029627724565,0.2710167250407824,288.8733376908289,10.243305168684238,0.4262301042271918,0.0,0.33721698379259657,0.9375,0.7630719859198144,0.4560986296686329,0.39199390548934976
9.120203188373162,0.9715969281959452,1.9655900425245103,1.9380222344249136,Si1,PU,combo_001,gp,0.4234007359786176,0.5765992640213824,0.8468014719572352,0.09335863716090186,0.49913028009372373,314.42950176338945,9.250517777375322,0.6359780801833005,0.0,0.5078285305929026,0.9375,0.7629958054792085,0.6121854508743176,0.47013267352524835
8.871081393844229,1.1272465566536254,2.8834964871192694,0.5175271988796286,Si2,Si2,combo_004,gp,0.4465436005415171,0.5534563994584829,0.8930872010830342,0.03881456175824556,0.20504031205621384,285.70716699536814,12.32769408791892,0.40024428362364195,0.0,0.6375231923742029,0.9375,0.7629583884805482,0.48431115180360895,0.47125000717954274
8.366181948863202,1.137634464945213,1.9672826838777615,2.180546487783408,A2,Si3,combo_014,gp,0.5554838685205965,0.4445161314794035,0.889032262958807,0.06051070031481031,0.32202124257037884,306.41390631115047,9.758445822720681,0.5701914105791845,0.0,0.5186636492665313,0.9375,0.7629382481275298,0.5712078496812045,0.42373322301154
9.465864246499173,0.7164908742759363,2.5841325695228132,1.5931107582277515,Si3,PU,combo_005,gp,0.5772629445007453,0.42273705549925467,0.8454741109985093,0.08174884333821604,0.43653275929920177,325.2593665006906,9.212713069609556,0.7248623979579811,0.0,0.5867273043970669,0.9375,0.7628759912496194,0.6819974110274754,0.45901906847441726
8.46182247894616,0.7493922373103807,2.6147207255733385,0.9484879333956067,Si1,PU,combo_001,gp,0.5606309557736893,0.43936904422631073,0.8787380884526215,0.08390919776290726,0.4481809274827657,324.5249377565583,11.60734127010446,0.7188346959081602,0.0,0.41746362989124297,0.9375,0.7628341645628581,0.6796604235500703,0.5035370760909732
8.689605664478083,1.291403599683774,1.5778193262469071,2.1020312977340714,Si2,PU,combo_003,gp,0.555923841135268,0.44407615886473195,0.8881523177294639,0.09407450833133077,0.5029901040631692,301.4869645561647,12.434220354911288,0.5297543536786354,0.0,0.30872886888155543,0.9375,0.7627933254409046,0.5429254863617758,0.5291417983993567
12.797974562090467,1.2651510667805417,1.2120056011471532,2.3199927070733812,Si2,PU,combo_003,gp,0.5462875475204072,0.4537124524795928,0.9074249049591856,0.05007741165162166,0.2657671855195954,282.95764259794964,13.149172689944233,0.37767801837495096,0.0,0.497295059242267,0.9375,0.7627192663320438,0.46094431282733755,0.49405345296045655
9.39152321010442,0.5828656578137522,2.60148785122856,2.0591475200079277,A1,PU,combo_007,gp,0.5599041190140781,0.4400958809859219,0.8801917619718438,0.10617631178491697,0.568240435370244,331.7363070626488,8.059121367970521,0.778020812867259,0.0,0.26831094312439807,0.9375,0.7626910589271444,0.6783057002107306,0.4256409229674783
12.309587659581055,1.1258069848444647,2.0131919196076034,0.8810068757570408,Si2,PU,combo_003,gp,0.5735766288555055,0.42642337114449447,0.8528467422889889,0.09870633098790535,0.5279638994198891,291.3221728537257,9.99850388783213,0.4463285124785004,0.0,0.44301049791592645,0.9375,0.7626534850592124,0.4788240584096274,0.49106461407514557
10.93883244293653,1.0407140186876331,2.743743129772772,0.85464878083093,A2,PU,combo_011,gp,0.42246097877142574,0.5775390212285743,0.8449219575428515,0.1051517201803301,0.5627160569658064,308.07483340590375,9.829086898522128,0.5838231941029571,0.0,0.43888493599295186,0.9375,0.7626250526219689,0.5733270819944529,0.49795159416778195
9.359417569778348,1.2820954373061715,1.2256513037153012,1.8592156948979808,Si1,PU,combo_001,gp,0.43076225739278584,0.5692377426072142,0.8615245147855717,0.06184129782654454,0.32919553926177814,304.982362594233,12.211135941314906,0.5584422530662027,0.0,0.6360994240832567,0.9375,0.762620343757297,0.5939918396290431,0.5112864726144254
15.01389818984492,1.4306616527524125,1.3321796949745415,2.4949865431142406,A2,Si1,combo_012,gp,0.4225964483753444,0.5774035516246556,0.8451928967506888,0.0915551079353514,0.4894060369310829,280.24552657833306,12.13079901327638,0.35541877617969914,0.0,0.5237412981649034,0.9375,0.7626089446223474,0.4400085813064183,0.5482978862250993
13.088268440214666,0.7989231890947623,2.2405240878015267,1.5654751242420903,A1,Si2,combo_009,gp,0.42349177131882243,0.5765082286811776,0.8469835426376449,0.1140696693108105,0.6107997279306532,283.84549851115736,7.728983947879791,0.38496494845597706,0.0,0.37217936441432387,0.9375,0.7625592860218229,0.4109603502471512,0.4470411340407494
9.231899365216012,1.4025532387227422,1.1812991949751377,1.715807315441106,A1,Si1,combo_008,gp,0.41992858937763344,0.5800714106223666,0.8398571787552669,0.08091240885785234,0.4320228837943059,288.459151092419,11.638811010651155,0.4228307364489147,0.0,0.6156798101608898,0.9375,0.7625488797240432,0.4925264511906673,0.5284793221633237
13.75662780192581,0.9804703298437074,1.1936647753537326,2.12383983403448,Si1,PU,combo_001,gp,0.5314176544070932,0.4685823455929068,0.9371646911858136,0.0182559490105677,0.09419267697895517,289.3168543199006,12.074482640061625,0.42987019336523813,0.0,0.5588143999048902,0.9375,0.7625219787902758,0.4951895426950863,0.41368598264962486
8.759266842222946,0.7581974904072657,2.9690034278787127,0.6795641731183776,A1,Si2,combo_009,gp,0.5145982517544319,0.48540174824556814,0.9708034964911363,0.03424948518693879,0.1804263972903397,303.3147191736547,13.500998586209523,0.5447553464126965,0.0,0.2995045093441185,0.9375,0.762410114947152,0.56088282809198,0.44418763679361856
13.842370702759197,0.8739878692491037,2.6499142404785268,2.4715255647438825,A2,Si1,combo_012,gp,0.4230388490910286,0.5769611509089714,0.8460776981820572,0.10668645844820064,0.5709910368753935,282.1606135552068,8.96049205402186,0.37113653476188235,0.0,0.4217817839867293,0.9375,0.7623733134079411,0.41591366748664244,0.47440383214567855
9.558648932469325,1.5802308777747203,1.1904118602872837,1.7126072826363765,A2,Si1,combo_012,gp,0.5450742310751053,0.45492576892489467,0.9098515378497893,0.03796470679127834,0.2004580761630056,297.6246465483741,11.750584308208786,0.4980550195245427,0.0,0.5597348826899394,0.9375,0.7623278239880428,0.5404668876268285,0.44211265897783414
8.05946460196172,0.9454765256228522,2.811257952543749,1.6738275722615712,A2,Si3,combo_014,gp,0.4477007935644082,0.5522992064355918,0.8954015871288163,0.04068210974671853,0.21510973067196662,317.0468453759591,9.86603508244772,0.6574594935738011,0.0,0.6098661590517966,0.9375,0.7623195892215447,0.6422608259742261,0.40295230557880757
13.740197257391811,1.308679675053996,2.071063585839766,1.1067642216480942,A2,Si1,combo_012,gp,0.41816541106967975,0.5818345889303203,0.8363308221393595,0.13083396613104548,0.7011892244917066,280.90609440962066,9.315432155194536,0.3608402770434792,0.0,0.31349308187349617,0.9375,0.7622968407855456,0.4006653182364682,0.513487547268513
12.788241338265891,0.5845615084145372,2.9763764363726946,2.4777720453405334,Si2,PU,combo_003,gp,0.5244412862590337,0.47555871374096625,0.9511174274819325,0.06171614028961935,0.3285207166387479,291.7499306150525,10.850791242383414,0.4498392633244831,0.0,0.21551289633367993,0.9375,0.7622021211301062,0.4652261733139657,0.41056508301072225
8.315016277760504,1.219292210154697,1.5252228104729022,0.6890840545181731,A1,Si1,combo_008,gp,0.5927379243001383,0.4072620756998617,0.8145241513997235,0.0815072832191918,0.43523031889374,302.38927897636125,13.333475362306451,0.5371599495565959,0.0,0.7272288205467174,0.9375,0.7621793425366029,0.5970226587632229,0.592922276761086
10.378988204242901,0.4828955698668197,2.946818139284746,1.459631324662437,Si1,PU,combo_001,gp,0.5711632545276188,0.42883674547238115,0.8576734909447623,0.09886453593280921,0.5288169065860512,320.2297669069529,9.90108996069069,0.6835827938804333,0.0,0.4152317875684224,0.9375,0.7621115660150151,0.6413590399855149,0.48451835473367433
11.73204066849472,0.8907969228131997,2.215862910261205,1.473348502086104,Si1,Si1,combo_002,gp,0.4502432521570512,0.5497567478429488,0.9004865043141024,0.06232853568917365,0.33182262142220437,286.07062020208934,8.156250939357367,0.4032272655080939,0.0,0.4471574320283065,0.9375,0.7621066858638306,0.4345977768286472,0.37239184949754534
11.688633649880053,1.0078289366329929,2.3540576546806653,1.8475842719364663,A2,Si2,combo_013,gp,0.48791017890206234,0.5120898210979377,0.9758203578041247,0.04388073777253727,0.23235604765383094,293.22091101463093,7.931982775166934,0.4619120908664675,0.0,0.21245849135648293,0.9375,0.7620862276894803,0.45044573083791195,0.29620835371739074
12.841698229514215,0.8267201747419134,2.955947416731739,0.6553879626452843,Si3,Si3,combo_006,gp,0.4508741689216009,0.5491258310783991,0.9017483378432019,0.04053301258383079,0.21430583071501544,280.6147268068845,11.758331579218126,0.3584489257921891,0.0,0.5786001149587794,0.9375,0.7619889002812017,0.44468999671246284,0.45000213806125605
8.43297769839647,0.8739785462846767,2.337794992456325,1.8393862397413743,A1,Si3,combo_010,gp,0.45439066723950816,0.5456093327604918,0.9087813344790163,0.060387853987993324,0.32135888149705555,304.6956644355987,10.236195724917202,0.556089225502553,0.0,0.41968218296028315,0.9375,0.7619694545670092,0.5551906928645691,0.4217879944766497
12.360602218280123,1.1794712957435753,1.119575309221543,1.2760486187734266,Si3,PU,combo_005,gp,0.572356312552273,0.42764368744772696,0.8552873748954539,0.06299089461640325,0.3353939188417739,304.0664211952917,11.348749728068713,0.5509248160213912,0.0,0.6526231971485364,0.9375,0.7619457835254995,0.5836083393556979,0.4922266206574478
15.36300829407983,0.8164603660199852,2.5727785597324475,1.5796540004569717,A2,PU,combo_011,gp,0.6128848937981104,0.3871151062018896,0.7742302124037792,0.1552411789459575,0.8327876865360849,287.44044285457005,8.369614294518373,0.4144698576264137,0.0,0.4451883777199385,0.9375,0.7618778975199535,0.4439465629847496,0.5532998340055522
14.614132087613429,0.738073052135777,1.6473628029756084,2.2521527171131774,A1,Si2,combo_009,gp,0.5803179964416358,0.41968200355836416,0.8393640071167283,0.12467128695673084,0.667961378790405,285.9738734719909,8.878819974453767,0.40243323277450727,0.0,0.3349584655361969,0.9375,0.7618542454088791,0.42849752530094504,0.49307470772516715
8.798430828654677,1.4381958217490227,1.591127879179798,1.0198373375136502,A2,Si3,combo_014,gp,0.4501670839276102,0.5498329160723898,0.9003341678552204,0.0441164264065128,0.2336268302699259,306.3447139635995,10.399075790837106,0.5696235258681118,0.0,0.5606909742642523,0.9375,0.761762203633037,0.5800449348978287,0.4167108295071502
15.758093851084427,1.1354331540057232,1.5109361489992517,2.3015113524038413,Si2,PU,combo_003,gp,0.4575613112708794,0.5424386887291206,0.9151226225417588,0.0434098854674021,0.22981731290866653,277.8298403681706,12.675174165753798,0.3355924324573766,0.0,0.4951817688214388,0.9375,0.7616374828733798,0.4275500197311139,0.4681233152920716
12.987029171103888,0.9427222496883496,1.3797767554570879,1.5650837093989698,A1,PU,combo_007,gp,0.5817207931288806,0.4182792068711194,0.8365584137422388,0.11168928862814279,0.5979652253065834,296.01195053592284,9.141074590910428,0.48481908460552553,0.0,0.42850931554070276,0.9375,0.7616132277040591,0.4975826034516996,0.4898183205465747
8.868354678624195,0.9580116155821639,2.6301408654541305,1.8064054785836348,A2,Si2,combo_013,gp,0.44126064756731864,0.5587393524326814,0.8825212951346373,0.07701462492503783,0.41100686796203983,319.545760685236,8.4799646628791,0.6779689263164612,0.0,0.43390066872253225,0.9375,0.7616047860615379,0.628133894703407,0.40701703202880196
12.831523388330867,1.0162745076474,1.345031409072313,2.206540901642059,Si1,PU,combo_001,gp,0.4731021077026014,0.5268978922973986,0.9462042154052028,0.028352163619002717,0.1486293029474998,289.8039250127536,11.065300625292265,0.4338677452546139,0.0,0.44522566607628855,0.9375,0.7615834260329474,0.4787022662969658,0.3879570789819432
15.73804642106634,1.3078678122197966,2.3240946088940677,0.5904196170779963,A2,Si1,combo_012,gp,0.41901236075085535,0.5809876392491446,0.8380247215017107,0.11687511145109157,0.6259260708611296,274.6631690644776,9.350812673784407,0.3096025031948292,0.0,0.38847530804294433,0.9375,0.7615754716981626,0.3725749978687768,0.4993654229061938
10.323172768174947,1.0161076821421693,1.9716144851457864,1.6652254676776534,Si1,Si1,combo_002,gp,0.4598563998311107,0.5401436001688893,0.9197127996622214,0.05612118092931553,0.29835389453577776,289.2992845902736,8.417092197059729,0.4297259927247628,0.0,0.3920589984599585,0.9375,0.761500972283033,0.44968583806881773,0.3595838144607236
14.266979585286219,0.7969220825969975,2.944135885822664,0.8714662823605591,A2,PU,combo_011,gp,0.6140286653992462,0.38597133460075383,0.7719426692015077,0.13704403084045425,0.7346725628454804,291.21083188786326,10.51727847984343,0.4454146999765797,0.0,0.5678955800249978,0.9375,0.7614447090549064,0.4947476484761649,0.5964070357148756
14.310163344435889,1.203589911956123,1.8038276836858829,1.4324983075604285,Si2,Si2,combo_004,gp,0.4479116370930427,0.5520883629069573,0.8958232741860854,0.06266968256999693,0.33366201230997306,276.49649388543514,9.812278017229747,0.32464921244955713,0.0,0.4615415677595073,0.9375,0.7614419498765538,0.39403893150297903,0.42071908051560075
13.338135947940433,1.0131853587827977,1.430431360304941,2.3990624760579538,Si3,PU,combo_005,gp,0.5203550854969521,0.4796449145030479,0.9592898290060958,0.03546848929286592,0.1869990062474666,289.20159692930815,11.74904228846069,0.428924237457219,0.0,0.33747906637010927,0.9375,0.7613871301579359,0.46983764664786626,0.40402122040993677
8.875191372358593,1.3108374436880499,1.9127544635442368,1.1868675192629397,A2,Si1,combo_012,gp,0.5767575521814479,0.42324244781855214,0.8464848956371043,0.0837145891699299,0.44713163964598357,308.1286653282863,10.506179037648552,0.5842650106732963,0.0,0.5575602788755579,0.9375,0.7613484444076082,0.5908221545190788,0.4939122827681829
15.369686313863266,1.1852027148210795,1.4790301528149308,1.202498323250332,Si2,Si2,combo_004,gp,0.5606317534394947,0.4393682465605053,0.8787364931210107,0.05908847414266167,0.3143529037742475,278.8044548790082,12.058859755908799,0.3435914193321369,0.0,0.5632535085628795,0.9375,0.7613472213149055,0.4351156007228252,0.49097843977456346
8.76208895084912,1.5145762035438475,1.2738039734407656,1.5294859616991245,A2,PU,combo_011,gp,0.4582443568832275,0.5417556431167725,0.916488713766455,0.06688993031414048,0.3564166839223019,322.98718585887656,9.6963135972786,0.7062138523752405,0.0,0.3373979987592093,0.9375,0.7613227821211851,0.6478089720623724,0.40687370351992846
14.443972879451739,0.8726440722679745,2.5369106421988272,1.1099095953036529,Si2,PU,combo_003,gp,0.5727652481205041,0.4272347518794959,0.8544695037589918,0.10069478951824852,0.5386852417712905,281.8939418166297,10.424377052322429,0.36894787071776247,0.0,0.41174036154075616,0.9375,0.76124028709874,0.42487564551355894,0.5018342383507387
13.269962302934555,1.2097691559942882,1.324629721098066,0.5903914967659757,Si1,PU,combo_001,gp,0.44774375793038246,0.5522562420696175,0.8954875158607649,0.0955856715455511,0.511137972334631,293.4923427023115,12.997178992653698,0.46413982140301047,0.0,0.2527071883724309,0.9375,0.7612371843048347,0.4958149429419363,0.539066590502036
14.059680343839492,1.1347442916108774,1.847053939906757,2.0899727790942495,Si2,Si2,combo_004,gp,0.4331506942622241,0.5668493057377759,0.8663013885244482,0.09270861564891998,0.4956255033737735,278.55034280071027,9.623334931693288,0.3415058366156676,0.0,0.40704793032028536,0.9375,0.761223012793949,0.3989051382535602,0.464038024295839
9.201672920148498,0.9398251301138834,1.8627003631621397,2.4651492992872424,A1,Si2,combo_009,gp,0.4451149504285752,0.5548850495714248,0.8902299008571504,0.10625448230040668,0.5686619140410646,295.3457516317688,11.698702713352292,0.4793513676455879,0.0,0.20889236840019698,0.9375,0.7611511050871892,0.4918825723380997,0.5169313486859919
15.155391900255097,0.5342396857747683,2.6813943886659324,2.368798028958918,A1,Si2,combo_009,gp,0.41767620476184675,0.5823237952381533,0.8353524095236935,0.11311222504009763,0.6056373935635748,277.72956756910764,9.856562851465053,0.334769460097863,0.0,0.42116987559630237,0.9375,0.7611107018396623,0.3974337739077256,0.5110721440652661
8.140593259049428,0.8098151372513919,2.9563788612599096,0.5615567568496393,Si3,Si3,combo_006,gp,0.5414775903906701,0.4585224096093299,0.9170448192186598,0.012315125119477166,0.06216102743041036,302.0817705566568,13.856849743804608,0.5346361252283696,0.0,0.6792028655273654,0.9375,0.7610954369044032,0.594564266200451,0.46953221138724355
8.408111407071255,0.8614394329495414,2.3438757601216347,2.284448838443291,A1,Si1,combo_008,gp,0.4266716067419054,0.5733283932580946,0.8533432134838108,0.0917147559704156,0.4902668249301952,301.1357777429835,10.385052460902122,0.5268720461837356,0.0,0.47271097570180487,0.9375,0.7610811351643768,0.5412107520559221,0.49295231263078215
9.830451265782171,1.340056745225691,1.4666755507067915,1.0903938135893076,A1,Si1,combo_008,gp,0.405373051742032,0.594626948257968,0.810746103484064,0.10802600752795953,0.578213598503632,290.37275824167517,10.31452271214379,0.4385363495914823,0.0,0.5672524062478109,0.9375,0.7609819031451587,0.488275926747874,0.5359759653451364
11.881619003421733,1.4904109514929684,1.4823327106204436,0.590041691929651,Si2,Si2,combo_004,gp,0.4457317389203723,0.5542682610796277,0.8914634778407446,0.049360439256347345,0.26190142398173033,278.23965951497996,10.739811011925404,0.3389559551013564,0.0,0.5625279105574914,0.9375,0.7609595415085828,0.4214376571497587,0.4362496263079396
11.88554679487526,1.3683520149709802,1.7439598582395504,0.7457367073666927,Si2,Si2,combo_004,gp,0.46100970504947725,0.5389902949505228,0.9220194100989545,0.0501823463018455,0.266332970670458,277.748663999032,9.314191368805682,0.33492619087769543,0.0,0.41469890785817237,0.9375,0.7609568553613636,0.3926362946771113,0.3764346218825617
11.012018751061907,0.4948336789936389,2.6878270996099665,2.2440961896078364,A1,Si2,combo_009,gp,0.552992801105944,0.44700719889405605,0.8940143977881121,0.10571830636421203,0.5657709682733728,295.7031678208797,7.463135225692188,0.48228480170975746,0.0,0.19305478586165473,0.9375,0.7609499471222936,0.45908366265101647,0.3971039368130013
14.995638788448593,0.9114034066714215,1.268894219270461,1.1776223367679375,A1,PU,combo_007,gp,0.6047623327434621,0.39523766725653786,0.7904753345130757,0.13222134852434547,0.708669693097863,291.03627839631986,11.100106972929401,0.4439820811593209,0.0,0.5077345954257355,0.9375,0.7609006889167407,0.4923065832095031,0.5943044158920294
11.698254906861294,0.9986833821029097,2.565392046597587,1.2463260732708887,A2,Si1,combo_012,gp,0.5792629928222652,0.42073700717773477,0.8414740143554695,0.10832159648984023,0.5798073508536352,291.4969994315271,8.856742672009817,0.4477633726059071,0.0,0.42116328514518425,0.9375,0.7608777100255606,0.4686756974578668,0.474544593987797
15.659036086239528,1.0730337683579354,1.6291002657541933,0.7102207706092999,A1,PU,combo_007,gp,0.39319894036273695,0.606801059637263,0.7863978807254739,0.14524987558272648,0.7789167195235508,283.746137649512,11.996182750319324,0.38414946067149575,0.045340397581753816,0.4431656521585463,0.9375,0.7607791176104042,0.4510051431815791,0.6338395438918958
10.331932302355376,0.9272061450252147,1.8890356359244367,2.3880065606502807,Si3,PU,combo_005,gp,0.5413444087274257,0.45865559127257427,0.9173111825451485,0.08176317712264229,0.4366100439936925,303.31571180596154,10.539201449152351,0.5447634932776423,0.0,0.23455677901426733,0.9375,0.7607288995377364,0.5311301191516002,0.44268701809531635
11.993943552882246,1.1096014643129106,2.018479101373013,1.332721699245532,Si2,Si2,combo_004,gp,0.5539087089945411,0.44609129100545886,0.8921825820109177,0.052835104566068346,0.2806360748550519,280.7227665938782,9.116825387205768,0.3593356444163267,0.0,0.5348409370404256,0.9375,0.7606675169974081,0.4201868904358895,0.3940362264967959
9.39352469727896,0.7424219826627286,2.352609522877837,2.078017493778497,A1,Si3,combo_010,gp,0.5550457422378514,0.4449542577621486,0.8899085155242972,0.08284103028684132,0.44242159731581526,302.271314315268,9.79626914579061,0.5361917741751729,0.0,0.3549594824463531,0.9375,0.7606473903462391,0.5313347734010968,0.44235752274592977
8.020872382932055,1.2381452561869968,1.9445485216258858,1.1231449135365263,A2,Si2,combo_013,gp,0.560542485925211,0.43945751407478895,0.8789150281495779,0.04648988674548651,0.2464240198835403,317.02470410608214,10.892258375515711,0.657277772775304,0.0,0.636610724349424,0.9375,0.7606171620860814,0.6528686191718354,0.4461358858912837
13.541181444796534,1.2685813597084314,1.4535438920406896,1.1228698834905717,A2,PU,combo_011,gp,0.5963094588565525,0.4036905411434475,0.807381082286895,0.11273998637691321,0.6036303624469945,298.6853231657864,9.92281129098693,0.5067603468582746,0.0,0.5501672212889591,0.9375,0.7606138690420939,0.5312474821203701,0.5315405202171786
11.89571860709599,1.0293322548393267,1.785670058798022,1.1642375089098036,Si1,Si1,combo_002,gp,0.5657559889300501,0.4342440110699499,0.8684880221398998,0.0877140339407274,0.46869578893495184,287.3360426251898,10.010371538667703,0.4136130100674574,0.0,0.4236680057975216,0.9375,0.7606036622526672,0.45408217278734725,0.4677456550581737
9.802033910963825,1.2372903239226876,1.615046948706171,1.7809711410889961,Si2,Si2,combo_004,gp,0.5793426681752862,0.42065733182471376,0.8413146636494275,0.07780742076386411,0.41528145326171734,289.51440715960047,11.061345542765926,0.4314915755160877,0.0,0.613203260590962,0.9375,0.7605891085860145,0.493805641464549,0.5063732416349154
10.294883305789185,1.05929066421003,1.5995794496472735,1.6276229811291814,A1,Si1,combo_008,gp,0.5936857459592773,0.40631425404072274,0.8126285080814455,0.11348117758523482,0.6076267066357233,291.84418090583625,9.961540503078922,0.4506128069466416,0.0,0.5200771552083945,0.9375,0.7604990555928888,0.4892393988263321,0.5294904351537149
13.557198551239567,0.760149721770902,2.4741399350643962,1.5430584625012882,Si3,PU,combo_005,gp,0.4519697991917866,0.5480302008082134,0.9039395983835732,0.08771472755580431,0.4686995287588336,293.293649546717,7.524323486034894,0.46250908029867477,0.0,0.2568592375897382,0.9375,0.7604297931447427,0.45210171022280216,0.37438172659569846
12.052653128636422,0.746713278073168,2.0868560602988424,2.3650153356551575,Si1,PU,combo_001,gp,0.4517846396048668,0.5482153603951332,0.9035692792097336,0.0689571987282053,0.36756295228104047,296.11818947381147,8.863809738832824,0.4856910230594578,0.0,0.37655807799934954,0.9375,0.7603005689168646,0.4908200408217414,0.3937625540789175
12.995188151450018,1.062378232095241,1.5148834258347956,0.7362343787815299,Si3,Si3,combo_006,gp,0.5715773655643375,0.42842263443566253,0.8568452688713251,0.07841340418717095,0.4185487860430681,290.17424726650347,11.024610569584757,0.4369071037027363,0.0,0.5346152585550505,0.9375,0.7602999483506675,0.4894491736257266,0.4947187270224028
11.171276729774572,1.2619606066755804,1.6217309680948322,1.901749144749208,A2,Si2,combo_013,gp,0.5403492888853663,0.45965071111463374,0.9193014222292675,0.04870937093515151,0.2583910030907861,295.40775818542795,9.289557958961922,0.4798602761456702,0.0,0.4314577681481646,0.9375,0.760285112128923,0.49557255558688385,0.3754915654493438
14.228876706566723,1.2055519630680738,1.1171454576965452,0.9679716302281015,A1,Si2,combo_009,gp,0.4014938501036056,0.5985061498963944,0.8029877002072112,0.11504124022564695,0.6160382301360918,280.53192924067173,10.763645356807375,0.35776937850653573,0.0,0.552980254553628,0.9375,0.7602196485992919,0.4338394964292701,0.5594205897983393
8.940983173486083,1.1653838554372575,1.3123987017651557,1.2580200872796699,A1,Si2,combo_009,gp,0.5550884257525865,0.44491157424741345,0.8898231484948269,0.07514277347660797,0.40091424601225256,298.00734819916886,10.43946418579421,0.5011959798197324,0.0,0.40076544877672493,0.9375,0.7602107549752922,0.5164703335329616,0.45238291315596446
10.534552171943083,0.6318571490710885,2.971667662635733,1.122037056789341,A1,Si1,combo_008,gp,0.5585023460567271,0.4414976539432729,0.8829953078865458,0.10056792241691799,0.5380012015432755,299.848604018447,11.014017934795808,0.5163077814271443,0.0,0.27099731270535843,0.9375,0.7601657957939192,0.5185846528715226,0.49669317855290007
12.747119554619381,1.3564803502591778,1.8252371542443986,0.5540194895705471,A2,Si3,combo_014,gp,0.43788121676963954,0.5621187832303605,0.8757624335392791,0.0768231535408464,0.4099744952828577,285.0498738907536,9.280477904631562,0.3948496595356383,0.0,0.45506253485452725,0.9375,0.7601265454422518,0.43835428072111177,0.4318368830396723
11.953503762930103,0.9556928022412781,1.5826745783174325,2.4717247695528854,Si3,Si3,combo_006,gp,0.5729848831871038,0.42701511681289617,0.8540302336257923,0.07951104379958604,0.42446702365455646,288.7479222280489,11.014893956343046,0.4252007776272755,0.0,0.5391752141785172,0.9375,0.7600941323632907,0.48163442113024457,0.4972069842124225
10.969958167731637,1.1880890407911529,1.2024242681814354,2.0284809979522214,Si3,PU,combo_005,gp,0.543789752822363,0.45621024717763703,0.9124204943552741,0.046340341368523566,0.2456177032523293,301.10478304229474,12.037815570249691,0.526617662320947,0.0,0.4758948670990103,0.9375,0.7599406951843612,0.5543328136692791,0.45323879787467025
15.364805034147635,1.1675150074534244,1.4205986990685875,1.064544096126622,Si3,PU,combo_005,gp,0.40059954786678986,0.5994004521332101,0.8011990957335797,0.10589131384491764,0.5667037875410084,288.48843436669597,11.384260531506646,0.4230710740634143,0.0,0.6171613767805905,0.9375,0.7599383556321564,0.49084345998901135,0.5688420287894096
12.142875892284323,1.4372017303481814,1.1093820244474535,0.8052569195595833,Si1,Si1,combo_002,gp,0.42542641386327773,0.5745735861367223,0.8508528277265555,0.06817442688978244,0.36334241424381064,284.6947970240648,13.316235424751463,0.39193542507207224,0.0,0.6246697640794451,0.9375,0.7599354395540013,0.48497417370560625,0.5519037087124894
13.55742256131246,1.2025784463328484,1.5947167619556328,1.5521284994098716,A2,PU,combo_011,gp,0.5676141192483897,0.43238588075161033,0.8647717615032207,0.09144267399616621,0.48879981722092725,294.65266737721004,9.195501452023782,0.47366299363343195,0.0,0.4117120627074461,0.9375,0.7598837086727547,0.48852111400074605,0.45058708808653836
8.965112602314624,1.5910703389586511,1.3400219667922926,0.8028269467609926,Si2,PU,combo_003,gp,0.42766699391552265,0.5723330060844773,0.8553339878310453,0.06260823314049518,0.33333069015216427,307.4239446596768,12.550203916973409,0.5784811327237108,0.0,0.6385805729201933,0.9375,0.7598735993296212,0.6109304029387708,0.5224272620818248
10.700936378470754,1.1671852610368036,1.208102606226101,1.8142187900902627,A1,Si1,combo_008,gp,0.5857004607057945,0.4142995392942055,0.828599078588411,0.09734875465394219,0.5206441386994742,288.3549652519697,11.075545741755628,0.4219756484515344,0.0,0.5428481512412618,0.9375,0.7598574618482865,0.4802205180211091,0.5330872926641862
14.218980548211235,1.3269578762304213,1.1141775075130498,2.1577395262166976,Si2,PU,combo_003,gp,0.46656980673829196,0.533430193261708,0.9331396134765839,0.028053807335279436,0.1470206297910437,280.0988361276099,13.42351107552056,0.354214838646511,0.0,0.4945116193122422,0.9375,0.7598526459495348,0.44639655268619116,0.45961647628213403
10.373107711734507,1.344447895498143,1.5422819116434163,2.2730267724233126,A2,PU,combo_011,gp,0.43876583440334116,0.5612341655966588,0.8775316688066823,0.05747149456947663,0.305634496367306,300.56089378483847,9.882831001860893,0.5221537814907949,0.0,0.5672858876873409,0.9375,0.7598367180752079,0.5434207250804566,0.42871066932023916
10.661273183647879,0.9842756596361127,2.1028323359760623,1.4501134817166976,Si3,PU,combo_005,gp,0.4363717642965099,0.5636282357034901,0.8727435285930198,0.07750832812948226,0.4136688098602796,311.0880223173246,7.85638365700058,0.6085534420990756,0.0,0.4622787009888141,0.9375,0.7598045053679626,0.5774828992062613,0.3950625573325146
15.632286239257281,0.7162425316018118,2.944779811440196,0.8470519352645172,A1,PU,combo_007,gp,0.3844618088824916,0.6155381911175084,0.7689236177649832,0.14320072934745787,0.7678681620700499,284.05775620963743,12.331239405436351,0.3867070182952101,0.1035879407833895,0.5289492502828594,0.9375,0.759662056291737,0.46400551880412666,0.6520511276591242
8.691176849019943,0.7818656627382435,2.816659042899542,1.127109963987372,A1,Si2,combo_009,gp,0.45118297615645986,0.5488170238435401,0.9023659523129197,0.05503210154976301,0.2924818118657815,307.2422751477808,11.084900597289781,0.5769901103502069,0.0,0.46512977451654386,0.9375,0.7596153096569138,0.5810322820319932,0.4418298960036841
15.055684520271377,1.0428287194848211,2.6416861829102323,0.7839383133897575,Si2,PU,combo_003,gp,0.4107835254378358,0.5892164745621642,0.8215670508756716,0.1071967893890234,0.5737426319655509,275.29008727621925,11.502737763680704,0.3147478303898452,0.0,0.5112288855422586,0.9375,0.7596067229724951,0.40535452783815124,0.5586728070578996
15.036283107316839,1.1290002138617028,1.4437574850345332,0.6518129838630571,Si1,PU,combo_001,gp,0.41471504491036626,0.5852849550896337,0.8294300898207325,0.11195642130964031,0.5994055474897614,286.24948771797466,13.007309523951665,0.40469529096428997,0.0,0.4442837523156653,0.9375,0.7595991639870473,0.47344099898191794,0.5989752247324859
15.91200673581541,1.0991048716810425,1.448328563215168,1.3414339350938131,Si3,PU,combo_005,gp,0.4091271933068583,0.5908728066931417,0.8182543866137166,0.09851694932933003,0.5269427940934873,287.029739078891,11.318578371143916,0.41109907453777694,0.0,0.5812978318332618,0.9375,0.7595495027079254,0.4783608007937288,0.5477404817265656
9.238035475684509,1.3682817012814203,1.5901928721812677,0.7128801748079046,Si1,Si1,combo_002,gp,0.4327537031616373,0.5672462968383627,0.8655074063232746,0.06299305496989625,0.33540556700493396,293.4795387833528,12.728277688493378,0.46403473536277895,0.0,0.5860123203650353,0.9375,0.7595355626596305,0.5269597921800906,0.5201636553702284
9.913671322705985,1.2935722848378917,2.0149748787292148,1.7077854732576923,A2,Si1,combo_012,gp,0.44006465604446987,0.5599353439555301,0.8801293120889397,0.07483667022236198,0.3992638028505926,296.1370651324205,9.247624388482485,0.48584594189535363,0.0,0.4425364628858681,0.9375,0.7595211601384563,0.5005410209805837,0.42530605420896045
9.204652601291022,1.6047610397723988,1.159306708251514,2.332212152527689,Si2,Si2,combo_004,gp,0.4011355479446195,0.5988644520553805,0.802271095889239,0.08993868050852939,0.4806906065790288,281.0676434229787,14.253535659313677,0.3621661637639331,0.0,0.7096093263076404,0.9375,0.7594613321451756,0.47999173597875266,0.6314838217451302
13.79330996680923,1.1606673925449318,1.2576957941624716,1.4298783607402963,Si3,Si3,combo_006,gp,0.4268229946165434,0.5731770053834566,0.8536459892330868,0.07759188223294071,0.4141193156839479,287.63524267683164,10.22325696995837,0.4160686448434612,0.0,0.5481252089651878,0.9375,0.7594544750893403,0.46991896066561956,0.47316490115953286
8.234343468198102,1.3290124060222537,1.3384989146546058,2.217043895088765,Si2,Si2,combo_004,gp,0.5961875582272569,0.4038124417727431,0.8076248835454862,0.09163967635705945,0.4898620117414267,292.0401019084529,14.296792148113306,0.45222079606541005,0.0,0.673658844226774,0.9375,0.759438860109692,0.5397746914392115,0.6304904049411301
14.831191771930852,0.9980077509005909,1.2637001238910626,1.277503028078736,A1,Si3,combo_010,gp,0.408563314571154,0.591436685428846,0.817126629142308,0.16265792493240433,0.8727771917938871,284.27764559359895,7.9441125889102375,0.38851172392666605,0.0,0.1786629930067377,0.9375,0.7594177047171154,0.3957811985989031,0.5156198900023419
8.38427590335828,1.2369754232151204,1.3193386686999704,0.5892147086315256,A1,Si2,combo_009,gp,0.557922434272939,0.44207756572706103,0.8841551314541221,0.0602897546426039,0.32082995084533766,300.0670675668408,12.531142941335032,0.5181007847497747,0.0,0.5151666444826215,0.9375,0.7594117930135375,0.5561730507730349,0.4990159089680182
15.536767640180171,0.5485345779421673,2.5017256929797567,1.701292363858497,A1,Si1,combo_008,gp,0.6132287089429838,0.38677129105701624,0.7735425821140325,0.14816499139322942,0.7946343993853437,281.56129860902166,9.893086031374033,0.3662177567885657,0.0,0.4739021399960664,0.9375,0.7594067691151493,0.42500768185229953,0.5861349941367193
11.957827941171333,0.8202209097991613,2.8568086355343345,1.9406960740448242,A2,Si1,combo_012,gp,0.45272532374410446,0.5472746762558955,0.9054506474882089,0.09281777464254783,0.4962140652791689,292.54808595766906,7.246096661086651,0.4563899908568722,0.0,0.20937053586820292,0.9375,0.7594012383705554,0.44088412576593333,0.3692397782554984
11.770777175431355,0.9591382724222928,1.6600042676894082,1.3612781800000517,Si1,PU,combo_001,gp,0.5683575880748037,0.43164241192519626,0.8632848238503925,0.08976899016596296,0.47977567260951454,302.68181386532024,9.977405748101512,0.5395608811158658,0.0,0.42521089852476035,0.9375,0.7593664606443177,0.5421410397313858,0.4709487860343574
12.914237949247571,1.2818765230689262,1.5765135194952595,0.8318375632859367,Si2,Si2,combo_004,gp,0.5538484799134551,0.4461515200865449,0.8923030401730898,0.04985542358106983,0.26457027340601835,278.79614068348894,10.321791238343746,0.3435231819520312,0.0,0.5429619669972136,0.9375,0.7593647507060359,0.41939475661266196,0.4227570546545042
11.427486323240231,1.1268422566868534,1.6674838223283608,0.6852839260571301,Si1,Si1,combo_002,gp,0.5849124228668643,0.4150875771331357,0.8301751542662714,0.08883813100519694,0.47475667945918293,289.24362576739225,11.975042604950655,0.4292691821717269,0.0,0.5853649094174246,0.9375,0.7593329946580306,0.4966428272361836,0.5481322549331408
13.831407266676933,0.6511024415288812,2.841936703893444,2.349311776754517,A2,PU,combo_011,gp,0.5529289281639933,0.4470710718360067,0.8941421436720134,0.085113394079526,0.454673696012637,293.413712936771,8.497280521687895,0.4634944806497897,0.0,0.30990423398876465,0.9375,0.7592596697203111,0.4657381478637773,0.40417698673790586
10.723802832897734,0.6213849589497503,2.5329305073874595,2.1627414364137483,Si1,Si1,combo_002,gp,0.5348466513517707,0.4651533486482293,0.9303066972964587,0.04670212430847342,0.2475683593494567,295.2407194903362,8.075265510210212,0.4784893337733183,0.0,0.38462912498522595,0.9375,0.7592392022294275,0.4803922883033317,0.3312972420922957
15.257150327956897,1.4898712017464997,1.208831936839839,2.2642526195140755,A2,Si1,combo_012,gp,0.41840626653399227,0.5815937334660077,0.8368125330679845,0.08868930634871995,0.4739542487984117,281.09007369854464,12.51875141075955,0.3623502565286666,0.0,0.5545060351018701,0.9375,0.7592273639707009,0.45098428995355244,0.5581696664012702
14.950377272843397,1.1321272459114688,1.7590233717210595,1.7031797141622864,Si2,PU,combo_003,gp,0.4452586281988431,0.5547413718011569,0.8905172563976862,0.0595733417775502,0.316967206174538,278.56989741703103,10.308279501167124,0.34166632788431933,0.0,0.48834028509893773,0.9375,0.7591974848329185,0.4125266617092395,0.4325312778070569
14.371579665000205,0.7721032744265947,2.491516722398562,0.5510448942839451,A1,Si1,combo_008,gp,0.6198529687472103,0.3801470312527897,0.7602940625055794,0.13784069633676443,0.738968012509204,280.2411455651637,11.699832937825516,0.3553828197410765,0.0,0.5977310034419119,0.9375,0.7589621220060441,0.44399732973474126,0.634895349395796
8.884892654882163,1.0327171386052634,2.6355477381843486,1.634177550371072,Si2,Si2,combo_004,gp,0.41724644809613665,0.5827535519038634,0.8344928961922733,0.0766256189886567,0.40890943130091434,295.16180456287134,10.009237214649255,0.4778416526009218,0.0,0.6396789693008531,0.9375,0.7589500065153986,0.5206344092853183,0.47919089072150545
8.673136480627939,1.5272607734256993,1.2023416812457293,0.604054581762168,A2,Si2,combo_013,gp,0.5601910179742902,0.43980898202570984,0.8796179640514197,0.027996361658872006,0.14671089501208123,309.50873095762734,13.348743229403732,0.5955916703245261,0.0,0.7369364619240356,0.9375,0.7588699717577214,0.6390155499475877,0.49381635339088925
15.777989007217343,1.3592477723602636,1.4468759178968715,0.9752624968331072,Si2,Si2,combo_004,gp,0.4360032917027752,0.5639967082972248,0.8720065834055504,0.0561995249055986,0.2987763084700306,274.79614666105306,12.761435813162592,0.31069389475304665,0.0,0.5930469994469169,0.9375,0.7588051058262889,0.4205851144254384,0.5093101664191975
11.309452549602941,0.9195021558299061,1.8338779184322502,2.114846817013767,A1,Si2,combo_009,gp,0.4077295031899837,0.5922704968100163,0.8154590063799674,0.12077802233393922,0.6469697301094816,288.0013823520025,9.263627105833464,0.41907367547193386,0.0,0.4470743422706814,0.9375,0.7587767969520146,0.45437991686346163,0.5131237412000601
8.92334033622022,0.7999442454071369,2.720245310572819,1.5391365243848847,Si3,PU,combo_005,gp,0.4208496818206129,0.5791503181793871,0.8416993636412258,0.07603475367471307,0.405723612126066,325.1980163218303,9.510226273815968,0.7243588765451451,0.0,0.6083305436451393,0.9375,0.7587630575001945,0.6861421078271625,0.4596552853745583
15.399359047409007,0.8046395260292426,1.5278361529276476,1.1859371501638867,A1,Si3,combo_010,gp,0.5981755419851993,0.4018244580148007,0.8036489160296014,0.14674206676826562,0.7869622946812825,285.4568070237121,9.316733359504498,0.3981894956998288,0.0,0.33712634089876053,0.9375,0.7587303077043971,0.42918331759691974,0.5470888820833353
14.581440294005075,0.5807363764858973,2.3623830932788072,2.056287380845356,Si1,Si1,combo_002,gp,0.5578426446541158,0.4421573553458842,0.8843147106917684,0.07292528186774751,0.3889580063737773,283.0499927886296,9.062228001354363,0.3784359672408012,0.0,0.42886338806776664,0.9375,0.758722285796309,0.42253052260466967,0.41455133399364963
11.371216497340457,0.7644807161869033,2.3760924794813882,1.5153548629607996,Si1,Si1,combo_002,gp,0.5449521473927774,0.4550478526072226,0.9100957052144452,0.052196900423792665,0.27719501486058507,290.0747591631367,8.059350053063502,0.4360905716029407,0.0,0.43970994567874566,0.9375,0.7586804649057227,0.456096227803887,0.34949116295185556
8.688555208600999,1.1806536545629343,1.898712498070605,1.3793598105220757,A1,Si1,combo_008,gp,0.40602241289570884,0.5939775871042912,0.8120448257914177,0.09521801212752347,0.5091556315267937,296.25564353570553,10.3320967751788,0.48681915446397406,0.0,0.6242272980083335,0.9375,0.7586602465709751,0.5279094160178883,0.5208350390585837
14.475265294353543,0.8032965190252191,2.1807217134188717,0.5471634753871014,A1,PU,combo_007,gp,0.629181589928578,0.370818410071422,0.741636820142844,0.16597339621365967,0.8906535025744009,290.96932361009084,12.021861947728556,0.44343256086150795,0.0,0.5038879910128904,0.9375,0.7586489022252958,0.49877724621697705,0.6827617153471873
12.339624838335318,1.1468862758056306,2.648229718254335,0.5324871411495988,A2,Si3,combo_014,gp,0.4330753625985153,0.5669246374014847,0.8661507251970306,0.06111366306136001,0.32527228850986095,281.34744643008327,10.936750752706711,0.3644626005155516,0.0,0.5879145612989872,0.9375,0.7586408813343332,0.4433778507125955,0.46765149494963676
8.88537393780045,0.6444391836288696,2.9323863288176333,2.141127712594833,Si3,PU,combo_005,gp,0.41277956904309576,0.5872204309569042,0.8255591380861915,0.09477948853284356,0.5067912062617019,326.68698924798446,9.873606378146937,0.7365793747634046,0.0,0.5629213794802428,0.9375,0.7585300939842701,0.6930097341110505,0.4982072475138824
15.392531142881715,0.9952596148677958,1.3178417868203904,1.5369071450834821,Si3,PU,combo_005,gp,0.556888837571961,0.44311116242803905,0.8862223248560781,0.06758017995585809,0.36013836209856726,290.9360222509559,11.646448638295045,0.4431592454822784,0.0,0.45229111640657804,0.9375,0.7585214049459902,0.4904775284086561,0.47902140145189703
9.538115702046651,1.2300103128529634,1.805731076742735,1.5546808280322393,A2,Si3,combo_014,gp,0.5349732038407353,0.4650267961592647,0.9300535923185294,0.03824292146737806,0.20195815008666676,302.01280176582844,8.635514654217976,0.5340700753220019,0.0,0.43348353435238807,0.9375,0.7584760105724544,0.5285847636437995,0.3380636338742491
8.38530384110171,1.2695916487446872,2.2232950265985787,0.9681374396516211,A2,Si2,combo_013,gp,0.4333195310869655,0.5666804689130345,0.866639062173931,0.04150949791300551,0.2195708303896108,310.69662660814186,10.723986232998149,0.6053411267623178,0.0,0.708605698099298,0.9375,0.758464343059591,0.6223907592553728,0.4429105478426305
14.159088257851174,0.39362177134039916,2.86526090733685,1.5922992799319473,Si1,PU,combo_001,gp,0.5756397349380507,0.42436026506194935,0.8487205301238987,0.10559347031373831,0.5650978790364076,294.87604321706885,8.843961036667766,0.475496313773139,0.0,0.38571586550525283,0.9375,0.7584634201311006,0.48444362007966457,0.4637277860963275
15.147932301512395,0.510406127617604,2.392841738459216,1.7891344173395565,Si1,PU,combo_001,gp,0.5669769214077292,0.43302307859227085,0.8660461571845417,0.10629289619481126,0.5688690335291894,289.1620246908899,7.8823427306869815,0.4285994548768319,0.0,0.3002275377976456,0.9375,0.7584380796233805,0.43551388915593986,0.42578860177323874
8.792702901574799,1.174181184455653,1.8467517327165441,2.058740045199306,Si2,PU,combo_003,gp,0.567879681548078,0.432120318451922,0.864240636903844,0.1013096924370637,0.5420006665613443,304.5874811728638,11.322445590201363,0.5552013293250773,0.0,0.3398633123229739,0.9375,0.7583871012631679,0.5551193025310844,0.5169018728442321
8.17690734763998,0.8973428718828016,2.2981553149795566,1.877809523772535,A1,Si3,combo_010,gp,0.4484768082263173,0.5515231917736827,0.8969536164526346,0.055789369066963454,0.29656483606749845,305.0959899822042,10.520636038756994,0.5593748309981827,0.0,0.4743189614744884,0.9375,0.7581790447874396,0.5651884505129612,0.42912514117854333
15.688194060279008,1.1922147688234328,1.4099273705036266,1.161880903003202,Si2,Si2,combo_004,gp,0.5655157297710218,0.4344842702289782,0.8689685404579564,0.05903223984785141,0.3140497005053081,278.9369897450473,12.742828018388453,0.3446791772529419,0.0,0.5841647173371362,0.9375,0.758155988108765,0.4433404277643379,0.5128119646149056
8.911674303636378,0.9827090635257739,1.9596675290379753,1.5554023355329385,Si3,PU,combo_005,gp,0.5685973315098636,0.4314026684901364,0.8628053369802728,0.07823132065798988,0.4175670306666737,324.5467809387386,9.235104398739036,0.7190139702013503,0.0,0.49110456374535527,0.9375,0.7581513119807962,0.6685171117627546,0.438653212160598
15.419629985184617,0.5235633402038891,2.5382877094380207,2.0643972303095914,Si1,PU,combo_001,gp,0.4115872641872329,0.5884127358127671,0.8231745283744658,0.11455353954177128,0.6134086525426675,286.1631707351907,8.393716495665197,0.403986858651124,0.0,0.44506216451153296,0.9375,0.7580768182394277,0.4367851547728785,0.4771608334974481
12.200983432006549,0.8601950216266496,1.9638902433426115,1.5187922341139237,A1,Si1,combo_008,gp,0.6123916352654817,0.3876083647345183,0.7752167294690366,0.14413324549576012,0.7728960893421531,287.4770651311668,8.683646780063247,0.4147704288846535,0.0,0.4801053775027995,0.9375,0.7579330530670066,0.45011525253572116,0.5462083888768168
10.699586634764987,0.7118621775624994,2.8215966956554492,1.436665322243722,A1,Si3,combo_010,gp,0.43743344283144836,0.5625665571685516,0.8748668856628967,0.10909905169562091,0.5839992227467923,296.6050171648466,9.43735640614866,0.4896865805517356,0.0,0.23729713566226412,0.9375,0.757932315178381,0.48419579846097704,0.4643934730905918
14.401241887013814,1.254861088634107,1.2940189092387793,2.1630697249539574,A2,Si2,combo_013,gp,0.5711199840421841,0.4288800159578159,0.8577600319156318,0.10580646165003076,0.5662462826864851,288.52649828361723,9.216741454591691,0.4233834773453986,0.0,0.33783435371252385,0.9375,0.7579092914911204,0.4461045127562946,0.4671956033485697
14.994099361077344,1.0037838440914768,1.4638581215531565,0.9352964922077696,Si1,Si1,combo_002,gp,0.5993213927748116,0.40067860722518844,0.8013572144503769,0.10230303066366798,0.5473565334480028,283.21952832372943,12.655691414254141,0.37982740201320536,0.0,0.6231036456754437,0.9375,0.7578879874387937,0.47115365749794624,0.5979147238821713
11.52661008482012,1.376718317611189,1.7757577402753881,0.5521427608210489,A2,Si1,combo_012,gp,0.5947092068377628,0.40529079316223715,0.8105815863244743,0.10720090923071242,0.5737648452692268,294.1111231578883,11.194817068540287,0.4692183593146445,0.0,0.5487944990241126,0.9375,0.7578633192790205,0.5148218752186152,0.5558503789836811
8.842756312099047,0.818454382928457,2.7911089991235105,1.4207811950131353,A2,PU,combo_011,gp,0.5844342499425181,0.41556575005748186,0.8311315001149637,0.10349205631811696,0.5537675050178985,337.05426144613807,10.20008639830259,0.8216670410334579,0.0,0.4763618240597438,0.9375,0.7578557508887055,0.7464795046641227,0.5106402777367738
14.601778169219239,1.5025396427537603,1.2857268570066054,1.8095804741910408,A2,Si1,combo_012,gp,0.4195231042960472,0.5804768957039528,0.8390462085920944,0.09120410094317129,0.48751348243549114,282.27884325583346,11.366030810904668,0.3721068854112964,0.0,0.5169264929822863,0.9375,0.7577988943328613,0.44500185296216027,0.5255890363658495
10.470064883127039,0.9620478671193832,2.414622451092136,0.8024179478598383,A1,Si2,combo_009,gp,0.4287671297593363,0.5712328702406637,0.8575342595186726,0.07316651753361351,0.3902586973973268,290.1547515844434,9.754024251161255,0.43674709612724966,0.0,0.5441014165123201,0.9375,0.75767586962853,0.48030587675241426,0.45131044390828856
8.809324197989081,0.9211273703270766,2.4424240397666157,2.074276949245144,A2,Si2,combo_013,gp,0.5610490092641243,0.43895099073587573,0.8779019814717515,0.08514388044361926,0.4548380719558642,321.3490122758768,8.577243738923324,0.6927688145235745,0.0,0.3730638163140704,0.9375,0.7576742763491157,0.6331742163810647,0.4159067236727077
15.42482102489149,0.7235776414808356,2.7366744359914397,1.3566615370175237,A1,Si1,combo_008,gp,0.3691997353407146,0.6308002646592854,0.7383994706814292,0.15682086780003726,0.8413050303754657,277.88185966757294,10.170795511131242,0.3360193722253838,0.20533509772856948,0.5692564264706108,0.9375,0.757654883986773,0.4155855294577011,0.6244073664870544
12.699931791337452,1.1626125455974217,1.3186989543185834,1.1455326695723094,Si1,Si1,combo_002,gp,0.5684161348699206,0.4315838651300794,0.8631677302601588,0.08141345640957667,0.43472442483948986,286.32365645233784,11.689068053026237,0.40530401854436554,0.0,0.46416796722599996,0.9375,0.757506129052033,0.4655013117496141,0.5080797009385751
