A_Cell_D,C_Barrier_Thx,E_Barrier_Outer_Thx,F_ThermalResin_Thx,B_Barrier_Type,D_Barrier_Outer_Type,discrete_combo_id,CellD_x_Resin,Barrier_x_Outer,selected_model_kind,p_tp,p_notp,boundary_score,clf_uncertainty_raw,clf_uncertainty_scaled,tmax_pred_given_notp,tmax_std_given_notp,tmax_scaled,notp_window_score,local_sparsity,combo_priority,acq_boundary,acq_notp_high_tmax,acq_uncertainty_sparse
8.246943209406128,1.626987170030421,1.4517409705553062,2.393817009782323,A2,Si3,combo_014,19.74167293338521,2.3619639333009945,mlp,0.4814295,0.51857054,0.962859,0.32587814,1.0,317.48352,2.4822698,0.25871226488257,0.0,0.402177409793179,0.34375,0.7914615387417735,0.26982348530360123,0.5113516676416721
9.604585332751002,1.6783238057467393,1.3122265950480299,0.5333717685280623,A2,Si1,combo_012,5.12281466490809,2.202341133003095,mlp,0.51180077,0.48819923,0.97639847,0.2516587,0.7722478878164983,322.03268,2.5656931,0.278141687618854,0.0,0.5294000435705681,0.375,0.7885163828805147,0.29976580884932136,0.45713994832809324
8.118558723575148,1.5457755368631303,1.728987853081566,1.7625282339989023,A2,Si3,combo_014,14.309188969679289,2.6726271268269888,mlp,0.5332078,0.46679223,0.93358445,0.25078955,0.769580771448137,315.94498,2.3744402,0.2521411636512461,0.0,0.5752595548852032,0.34375,0.7667600331342661,0.2818928051150841,0.45443032598704863
12.167205722309403,0.7420655348097164,2.7305917679344853,1.867577577170239,Si3,PU,combo_005,22.723200583802463,2.026278040619313,mlp,0.5102897,0.48971027,0.97942054,0.24156739,0.7412813443788263,391.52112,2.551035,0.5749259341808053,0.0,0.40697046442072027,0.34375,0.7624815996165933,0.49205994185845975,0.4229456354100815
12.172439429489518,1.5968665837041374,1.1393721364930072,1.6134141164189313,A2,Si1,combo_012,19.63918560679279,1.8194252911692725,mlp,0.5134496,0.4865504,0.9731008,0.17968534,0.5513881278021,371.2962,2.7163584,0.4885455727995641,0.0,0.5586046714766014,0.375,0.7579543437237449,0.4508620095083914,0.3873452903558525
8.609179979390055,1.553820396947183,1.7708734031439537,2.296474156016077,A2,Si3,combo_014,19.77075932716028,2.751619214216347,mlp,0.5243497,0.4756503,0.9513006,0.2276041,0.6984331743037916,323.757,1.7251449,0.28550616965341236,0.0,0.5224533932915174,0.34375,0.7579108386282184,0.2961192115307348,0.408138057054735
14.482335307788148,0.9797864816857927,2.6401608928566835,2.496499200979099,A2,Si3,combo_014,36.15513852420451,2.586793952296471,mlp,0.50400233,0.49599767,0.99199533,0.25422534,0.7801239472005338,417.56583,3.5483596,0.6861625629054395,0.0,0.2833498194008619,0.34375,0.7566809990340936,0.5634748271955153,0.438687033705991
12.818374761497285,0.876068879688414,2.8760768580427847,1.8193057060474112,A2,Si3,combo_014,23.320542345846135,2.519641430923316,mlp,0.5193617,0.48063833,0.96127665,0.20776783,0.637562946653283,394.8216,1.6488729,0.5890222269144695,0.0,0.5252432704498674,0.34375,0.7546855724199036,0.5084073624105205,0.385669689735047
14.377203022856426,1.0489088665989739,2.4025914315923744,2.377183056705283,A2,Si3,combo_014,34.17724342874627,2.5200994554119633,mlp,0.51967394,0.48032606,0.9606521,0.24108578,0.7398034743845623,414.40918,3.7000778,0.6726805635388928,0.0,0.40888473346821663,0.34375,0.7522244290691522,0.567490177743248,0.4465525107720339
10.446812815661946,1.3654833649781581,1.946506829074758,2.464906833957964,A2,Si3,combo_014,25.750420302404773,2.657922694917965,mlp,0.49841505,0.50158495,0.9968301,0.16129935,0.4949682916408161,353.64603,1.2941365,0.4131618838329925,0.0,0.5130360530201934,0.34375,0.7510197277604002,0.3819818191767831,0.32657144319815623
9.882725126882292,1.0779581889038963,2.6187600704762346,2.202886610069382,Si3,PU,combo_005,21.770522853005236,2.8229138627444015,mlp,0.50088495,0.49911505,0.9982301,0.24869762,0.763161410839079,345.9024,3.0879986,0.38008897022117427,0.0,0.2384204619874437,0.34375,0.7508263297864356,0.3420017401858861,0.4164605150049134
11.727623065776493,0.8815288443471309,1.9861539643606876,0.8893610002979839,Si1,PU,combo_001,10.43009058089669,1.7508520088983495,mlp,0.49653608,0.5034639,0.99307215,0.19658068,0.6032337002645534,369.28287,2.0438693,0.4799466387217276,0.0,0.3670721861979131,0.375,0.7479855487637425,0.4217035517670491,0.3628105241694505
10.9529313525609,1.2674288172301234,1.9066439319584378,2.4884925200930255,A2,Si3,combo_014,27.25628774394018,2.4165354635610745,mlp,0.50780755,0.49219245,0.9843849,0.15393722,0.4723766344364194,365.4549,1.7474977,0.4635974156144954,0.0,0.5589758352408243,0.34375,0.7476770683161189,0.4245678167561034,0.3349603453954301
8.382002202885817,1.6031179799296567,1.37150328120274,1.256016954314847,A2,Si3,combo_014,10.527936877928981,2.1986815696286324,mlp,0.54392487,0.45607513,0.91215026,0.2792344,0.856867559436712,314.76236,2.8086753,0.24709022018370147,0.0,0.42791454657004346,0.34375,0.7459624550230226,0.2661964276355852,0.47188719376332017
8.316546530707631,1.425844092601026,1.2501565786319615,1.3323227750385958,Si3,PU,combo_005,11.080324352529997,1.7825283724686924,mlp,0.5411794,0.45882058,0.91764116,0.22403443,0.6874791488639423,316.66205,3.1292582,0.2552037673531685,0.0,0.5705538885842679,0.34375,0.7449700832760755,0.2880399929316323,0.4406476696309765
14.676246986212728,0.6676058236627072,2.1745828286028264,0.8425067390417703,A1,Si2,combo_009,12.364836989725696,1.4517641604121694,mlp,0.49658662,0.5034134,0.99317324,0.20333757,0.6239680973960223,414.4887,1.6382295,0.6730202301025908,0.0,0.44255758548963203,0.25,0.7437241293607961,0.5494993111599666,0.35422534229921726
14.381117585644777,1.4224518108837798,1.3472157415641086,2.0392852328606432,A2,Si3,combo_014,29.3272007244379,1.9163494712390006,mlp,0.49772993,0.5022701,0.99545985,0.19078799,0.5854580610492,408.97852,3.8634498,0.649486264097922,0.0,0.3591927316258471,0.34375,0.7407630538339658,0.5472533012562063,0.3884669823988637
8.96657657249976,0.9727303192752119,2.7024488071177757,1.3816312134779691,Si2,PU,combo_003,12.388502070605972,2.6287538909725896,mlp,0.5044224,0.49557757,0.99115515,0.23536131,0.7222371696009459,329.84625,2.2594182,0.3115133409712691,0.0,0.3888553530010861,0.1875,0.7399241976232453,0.2885061548198785,0.3840757952500794
14.1358028996537,0.5220816351414793,2.97967604300704,0.7739155337135231,Si1,PU,combo_001,10.939917445554661,1.5556341407250083,mlp,0.47481647,0.52518356,0.94963294,0.15821336,0.4854985378598101,407.00235,2.811966,0.6410460843848529,0.0,0.5861086859541562,0.375,0.7392892407872134,0.5609294507648779,0.3703929219942854
13.853257447832188,0.999406920980434,2.5158748580460744,2.4284050467331024,A2,Si3,combo_014,33.64132030000862,2.514382745451914,mlp,0.53594303,0.46405697,0.92811394,0.2535811,0.7781470217261521,410.38153,3.1944451,0.6554785244967891,0.0,0.40292326555784824,0.34375,0.7391857444132482,0.5518556347079281,0.44858914095319863
8.228210556444758,1.5091847360453075,2.2107074469713517,1.6054842243030567,A2,Si3,combo_014,13.210262242615935,3.3363659348308548,mlp,0.4997654,0.5002346,0.9995308,0.12312392,0.3778219680619125,316.63794,1.9449121,0.25510079859441126,0.0,0.5338132761707254,0.34375,0.7380497104439472,0.2772740369723085,0.3021872064342966
8.97319734349667,0.9048593101812075,2.8696186906316425,2.4784785791466653,A1,PU,combo_007,22.239877402312256,2.596601188888048,mlp,0.4958667,0.50413334,0.9917334,0.15660025,0.48054849645018555,335.75488,2.824603,0.33674902863965234,0.0,0.5403015883543183,0.25,0.7360808823381376,0.3309157044083369,0.34330150134873216
15.315014592659818,0.6315835292133173,2.441874438896047,1.0228540258809926,A1,Si2,combo_009,15.665024332528246,1.5422476760137542,mlp,0.51355267,0.48644733,0.97289467,0.22313088,0.6847064964823768,421.46063,1.6530333,0.7027972310527708,0.0,0.40448126907355847,0.25,0.7359702206309672,0.5666233245787584,0.3700794399004859
8.634369108490445,1.5249694160984684,1.9285478392658533,1.2278523085413564,A2,Si3,combo_014,10.601730042658167,2.9409764723632112,mlp,0.47583085,0.52416915,0.9516617,0.17760605,0.5450075429899213,319.8039,2.1571205,0.26862255172225025,0.0,0.5235822117928997,0.34375,0.7352649193827369,0.28697395221754746,0.3635697787297957
11.462619546033133,0.6875715170802732,2.2697889955020685,2.0631778202536637,A1,PU,combo_007,23.649422409381682,1.5606422630894665,mlp,0.4789017,0.52109826,0.9578034,0.22903673,0.7028293802749717,381.64093,2.7268329,0.5327277727596801,0.0,0.42797196768607126,0.25,0.733912072788181,0.4562883628732326,0.4022221163541238
15.024597001318035,0.8179267854623302,2.928144024986718,0.9796453328104899,A2,Si3,combo_014,14.718776329699695,2.3950074297281154,mlp,0.5052463,0.49475372,0.98950744,0.1572226,0.48245825017266203,416.8038,1.5407267,0.6829079680875052,0.0,0.4374764428114867,0.34375,0.7337817941613979,0.5647096979732622,0.31597452009016425
9.72623142915194,1.243781131697553,2.380012419727417,2.4958670173550423,A2,PU,combo_011,24.27538022718232,2.9602145408627987,mlp,0.51938576,0.48061424,0.9612285,0.26699927,0.8193224368466644,343.27005,2.806531,0.36884621550709507,0.0,0.3154976059526408,0.21875,0.7317111818120466,0.32767122045924246,0.4230893753207701
15.658560855894592,1.3857490411410285,1.4423690425700517,2.026842218628919,A2,Si3,combo_014,31.737432225697336,1.9987615177129525,mlp,0.5352348,0.4647652,0.9295304,0.22766817,0.6986297511325459,422.43936,4.078281,0.7069773716377116,0.0,0.4237506984394566,0.34375,0.7311613014636629,0.5952262130286873,0.44221745829651155
12.429615647659896,0.7878536538021467,1.767584456711638,2.2056642210678588,A1,PU,combo_007,27.415558515668632,1.3925978726241464,mlp,0.5101015,0.4898985,0.979797,0.16746081,0.5138755622490547,395.49023,1.3104552,0.5918779807174707,0.0,0.5167599001001996,0.25,0.7309836545803544,0.4981771952330112,0.32002359732486513
8.781129865984793,1.1270108614774967,1.5948579940590877,2.2829860393656936,A1,Si3,combo_010,20.047196893900427,1.7974222818188048,mlp,0.4973876,0.5026124,0.9947752,0.23837176,0.7314751373980123,332.47784,1.1256989,0.3227528371803244,0.0,0.30047713075386545,0.1875,0.7300441930097994,0.28081623656708987,0.35053324883155107
10.336819187210224,1.1364758990116317,2.205816820487537,1.5826698445209406,Si3,PU,combo_005,16.359772015863083,2.5068576541185528,mlp,0.4842593,0.5157407,0.9685186,0.1957239,0.6006045823480867,349.36563,2.007336,0.39488036724655023,0.0,0.36925797689105017,0.34375,0.7297271041274171,0.35903420151613125,0.3567728139960316
12.278966127631893,1.2057935965435271,1.7528592752028826,2.4866170315220404,A2,Si1,combo_012,30.5330863024517,2.113586489681564,mlp,0.47632274,0.52367723,0.9526455,0.20832935,0.6392860461271027,389.77277,2.3480258,0.5674587440678917,0.0,0.3453233466005519,0.375,0.7278964560397329,0.48258992806082,0.37847627207091095
9.86634453119892,1.3378397196314622,2.7522043278796238,0.6028095603354753,A2,Si1,combo_012,5.947526808970341,3.682008266378973,mlp,0.48756772,0.5124323,0.97513545,0.18912609,0.5803583121407752,333.2362,1.959599,0.3259917911741436,0.0,0.31588657048560426,0.375,0.7270112334315546,0.3083171131630231,0.3453781028460796
12.970737290745264,1.2379305122691564,1.902871989370922,0.9371050878118738,A2,Si1,combo_012,12.154943907828587,2.3556232965845743,mlp,0.48558015,0.51441985,0.9711603,0.18146588,0.5568519485203741,387.0113,1.5422314,0.5556645199635569,0.0,0.3497837498983152,0.375,0.7263834978253949,0.4700039340702682,0.3335771273376923
9.617641750889677,1.320762032705686,2.3559448203333995,2.03270414593002,A2,PU,combo_011,19.5498202611031,3.1116424698459726,mlp,0.47417456,0.52582544,0.9483491,0.25379488,0.7788030094408092,338.87775,2.3770196,0.3500867414037379,0.0,0.36011492283286894,0.21875,0.7252422108295161,0.31645553517021074,0.4066899253942893
11.709779742931715,1.2714016788620828,1.1496396481749065,0.735829981098677,A1,Si1,combo_008,8.616407006911116,1.4616537787759902,mlp,0.4974211,0.5025789,0.9948422,0.15667692,0.480783757623468,358.86667,5.674707,0.43545918201096684,0.0,0.4562329008003415,0.25,0.7252156872210603,0.408498983533086,0.3898991814470776
11.99744133786573,1.1437085397980722,2.331671486956047,0.8673199789725357,A2,Si1,combo_012,10.405620568881936,2.6667525916353005,mlp,0.48564062,0.51435935,0.97128123,0.1681408,0.5159621848186171,373.25357,1.8962572,0.4969054629488428,0.0,0.381980144113905,0.375,0.7251460111860392,0.43419060303167045,0.3314394622499168
8.802043121340397,1.40747684608045,2.2422682435088355,1.9410664794753554,A2,PU,combo_011,17.08535085373047,3.1559406354401665,mlp,0.50638026,0.49361974,0.9872395,0.23762368,0.7291795462061175,326.93533,1.3212062,0.2990808409028405,0.0,0.2552317989580595,0.21875,0.7234559455871875,0.26400511027048407,0.3516863071152644
11.846088619649143,0.9165629998870909,2.73273479351321,2.4431845764272646,A2,Si3,combo_014,28.94218100651733,2.5047236002382975,mlp,0.5411931,0.45880687,0.91761374,0.2206175,0.676993862449811,386.33774,3.2714922,0.5527877813882014,0.0,0.4307194419545854,0.34375,0.7224070433443752,0.48320840323014164,0.4189533103709193
9.180174491442918,0.9204340720225855,2.9412348103442643,1.0745217002079483,Si2,PU,combo_003,9.864296702750881,2.707212733259748,mlp,0.4982564,0.5017436,0.9965128,0.23962708,0.7353272476061432,331.22778,1.9441262,0.3174138418686614,0.0,0.23260091838865846,0.1875,0.7213962785605667,0.2751422737547156,0.35867839854770267
15.715626906368138,0.9443063786484769,1.492506436655281,1.8820705759206648,A1,Si3,combo_010,29.577918982622577,1.4093833483074907,mlp,0.49702883,0.5029712,0.99405766,0.17454982,0.5356291043815187,425.2256,2.0591128,0.7188773016450237,0.0,0.4360228959607906,0.1875,0.7206045104853063,0.5771904377339148,0.32168275037976696
13.939169978761026,1.0511707752642663,2.3167533352797878,2.466948171861863,A2,Si3,combo_014,34.38720989637628,2.435303399542129,mlp,0.5661212,0.43387878,0.86775756,0.25657722,0.7873410009423251,411.51923,3.4857357,0.6603376071885227,0.0,0.48967931019665883,0.34375,0.7203822159442239,0.5656591245213468,0.47086328650331516
11.676885471114868,0.8854506246904947,1.6738318403098233,2.106837882612849,Si1,PU,combo_001,24.60130466147639,1.4820954486291735,mlp,0.5336529,0.4663471,0.9326942,0.24812421,0.7614018218771583,381.68777,2.3265529,0.5329278449681514,0.0,0.23527010320420508,0.375,0.7187326207896398,0.4472857007114024,0.4042633493341019
9.76269316065515,0.9703959550733005,2.6437405257981075,0.7203417843049105,Si2,Si2,combo_004,7.032475810967677,2.565475112497844,mlp,0.52094233,0.47905767,0.95811534,0.20149375,0.6183101233362989,336.32074,1.1145931,0.33916579664582525,0.0,0.40959010480388536,0.25,0.7186485065873606,0.30940077981379793,0.3364370497729483
10.807208149678647,0.7900314725673275,2.512361499537289,1.0333564592687203,A1,PU,combo_007,11.167698348131985,1.9848446551009038,mlp,0.5002347,0.49976528,0.99953055,0.124424696,0.3818135659686048,357.5844,2.8899794,0.4299826777872926,0.0,0.4904154182521489,0.25,0.718076152232875,0.3915781379183123,0.30261758657380794
9.462934481090107,1.4510701321338106,1.7587384637794514,2.0317891179376035,A2,PU,combo_011,19.2266873024354,2.5520528550252637,mlp,0.5151348,0.4848652,0.9697304,0.24796753,0.7609210111410912,335.38925,1.4912978,0.33518742269196833,0.0,0.24792552774602358,0.21875,0.7174912002124924,0.28955725183275316,0.3652284441694911
10.151423822239664,1.0718434872224,1.949826677921314,0.9782834003693042,Si2,PU,combo_003,9.930969415410578,2.0899090259424487,mlp,0.5314968,0.46850318,0.93700635,0.23052023,0.707381695409531,341.94708,1.512076,0.3631958374553422,0.0,0.44873868909047876,0.1875,0.7168965585180496,0.3262426140321845,0.3723552029222975
11.770777175431355,0.9591382724222928,1.6600042676894082,1.3612781800000517,Si1,PU,combo_001,16.023302130557344,1.5921736255252523,mlp,0.53878343,0.46121657,0.92243314,0.23703063,0.727359690144802,374.41376,2.4646041,0.5018606063686829,0.0,0.29013888557823536,0.375,0.7162130121999778,0.43184376482128906,0.4034428057062722
8.557412213554866,1.4795310130078125,1.884456514538508,1.7286219475443299,A2,PU,combo_011,14.792530566534847,2.7881118559243303,mlp,0.48928803,0.51071197,0.97857606,0.22035386,0.6761848292255376,321.5864,1.7510865,0.27623559252003654,0.0,0.29110492644384045,0.21875,0.7161227926503335,0.2541487211002461,0.3474370271169421
11.984675150258878,1.4585671586141808,1.3608807130854446,1.2969362724620135,A2,PU,combo_011,15.54335991604487,1.9849359148978771,mlp,0.5119279,0.4880721,0.9761442,0.16275954,0.49944909103679164,368.3544,2.6609728,0.4759811684477655,0.0,0.4756142443323824,0.21875,0.7159513013765431,0.41781460412812477,0.3321315847478118
10.100526649693425,1.0653364411619186,2.6536160559667072,1.9034568177203985,Si3,PU,combo_005,19.225916313925524,2.8269938852736987,mlp,0.4659067,0.53409326,0.9318134,0.22875567,0.7019668931514627,347.63434,3.1142893,0.3874860373059723,0.0,0.3097579109200198,0.34375,0.7158185860854233,0.3544692611328414,0.4062884529843207
12.920216090763457,1.1160365367420968,1.1396270647952984,1.0143690037584236,A1,Si1,combo_008,13.105866724331284,1.271865442571706,mlp,0.4834362,0.5165638,0.9668724,0.13461818,0.413093608065951,387.63248,3.935279,0.5583175947540676,0.0,0.5626752672724954,0.25,0.7156451569881753,0.49483422921112324,0.3460894044600493
13.128574092747801,1.0602244655647988,1.3234243329543787,0.7130927400385627,Si1,PU,combo_001,9.361890872596817,1.4031268561220065,mlp,0.4913918,0.5086082,0.9827836,0.19150425,0.5876560268562633,386.17914,1.0552517,0.5521104033638199,0.0,0.20141715290987736,0.375,0.7151419565982524,0.44979298277817625,0.3120011302999748
13.371328613334903,0.9391962054710913,2.6697510464245213,1.6211510566761342,A2,Si3,combo_014,21.676943510671705,2.5074200523543855,mlp,0.46425352,0.53574646,0.92850703,0.18487968,0.5673276324376368,398.95596,1.0928569,0.6066800656393252,0.0,0.4509515599248846,0.34375,0.7149832662216267,0.5100430791609072,0.3384089756150243
11.586955134755161,0.7674203545564314,2.5033040228439836,1.9752420893815952,Si2,Si2,combo_004,22.887041469944588,1.921086460773471,mlp,0.4848141,0.5151859,0.9696282,0.17574583,0.5392992244109005,379.2082,1.643359,0.5223375733000705,0.0,0.42052177587467204,0.25,0.7147686622422378,0.4418482735803268,0.3213922763148518
8.523453012768474,1.5398157517570576,1.1239452812858868,1.9408148953076028,A2,Si2,combo_013,16.542444566635517,1.7306686482370253,mlp,0.49782467,0.50217533,0.99564934,0.31085703,0.9539057287215985,321.02866,8.1885395,0.2738534950073186,0.0,2.4947182519935945e-10,0.15625,0.7141304831974367,0.25527661714375294,0.5251441022378699
8.310883939126969,1.4396333408117024,2.241665064698858,1.155119490951538,A2,PU,combo_011,9.600064025121657,3.227175766073298,mlp,0.5058927,0.4941073,0.9882146,0.18995884,0.5829137194622309,316.9365,2.0065017,0.2563759167803885,0.0,0.3344482074718885,0.21875,0.7139348554463679,0.24609516464777045,0.3265922404726479
9.293218595915333,1.032306539648339,2.227811104674071,1.1320834727347502,A1,PU,combo_007,10.52069918094699,2.2997839724562343,mlp,0.52348936,0.47651064,0.9530213,0.16859652,0.5173606284459246,332.70905,1.7752167,0.32374029454278613,0.0,0.4935381175534938,0.25,0.7132965083339337,0.3109133554930983,0.32740161904139287
13.112536075158708,1.272487298161895,1.6870749966618395,2.1256748480855885,A2,Si3,combo_014,27.872988129579785,2.1467815042987124,mlp,0.5474866,0.4525134,0.9050268,0.20506492,0.6292687213937046,397.3358,3.4538329,0.5997603043704373,0.0,0.46263776505606524,0.34375,0.7131132093814211,0.5203617648812736,0.41081993085346974
10.546018869963772,0.6895236813960157,2.7127800814640537,2.389495572774804,A1,Si2,combo_009,25.199665400177977,1.8705261085888778,mlp,0.49646276,0.50353724,0.9929255,0.21367563,0.6556918205748768,366.53946,3.3160448,0.4682295760163603,0.0,0.20095779285364834,0.25,0.7121064627242701,0.3919305650349689,0.36389509501278583
11.865313886129115,1.1350061691430535,1.2241307951836689,1.9286556134654016,Si1,PU,combo_001,22.884104232011897,1.389396004371456,mlp,0.51648974,0.48351026,0.9670205,0.2140623,0.6568783691046156,375.3372,1.56895,0.5058045705094868,0.0,0.16730309968786647,0.375,0.7117385255556887,0.4170122701239516,0.34176855693463026
8.586862475130769,1.5349469179996826,1.8982990319185005,2.2591849371948083,A2,Si1,combo_012,19.39931036157876,2.9137882484850834,mlp,0.5055541,0.49444592,0.98889184,0.15902555,0.48799084305898605,324.13724,1.4075208,0.28713020855735555,0.0,0.2558138385457679,0.375,0.7117112380721645,0.27183447236285974,0.29258566966597954
15.735175073763342,0.7126259897738818,2.4183635067478204,1.8796793948178556,Si1,PU,combo_001,29.577084360004484,1.7233886876292013,mlp,0.463583,0.536417,0.927166,0.19627762,0.6023037213059103,423.11603,2.73322,0.7098674049135649,0.0,0.36588130009742215,0.375,0.711419033098653,0.5866148968208641,0.3766070392723746
11.710446940499036,0.8247373187422903,2.519193643022727,1.836134719303771,Si3,PU,combo_005,21.5019582060149,2.0776730105391863,mlp,0.44970933,0.5502907,0.89941865,0.19913572,0.6110741846839992,383.10684,2.6931129,0.5389886643127226,0.0,0.4724885090470972,0.34375,0.7087771597111383,0.4742977769393379,0.3901482545514926
8.21086489398974,1.0033382742347854,2.922215575529858,2.1275440125736385,A1,PU,combo_007,17.468976443258953,2.931970732494138,mlp,0.4868017,0.51319826,0.9736034,0.10835206,0.3324925585221885,323.56708,2.5637991,0.2846950625828475,0.0,0.5726556082343112,0.25,0.7087540951878829,0.2961675017534966,0.2909246266451652
8.181717925460434,1.2225122532396973,1.5916175196420705,0.6198061255727925,A1,PU,combo_007,5.071078887909097,1.9457719202334058,mlp,0.53261936,0.46738064,0.9347613,0.1801151,0.5527069164315731,310.1835,2.2658265,0.22753397643188486,0.0,0.4947698243114421,0.25,0.7087402421333333,0.24660002932902747,0.3501353162822404
15.023086951672322,0.9059652988787893,2.909989527652907,2.304083357379459,A2,Si2,combo_013,34.6144446218127,2.6363495321542127,mlp,0.50804484,0.49195516,0.9839103,0.20825431,0.6390557691069568,424.40472,1.942274,0.7153714109196414,0.0,0.3205813584747672,0.15625,0.7085337582623197,0.5593746373626819,0.33345452150874644
14.078735053546039,1.166152547525118,1.9680016554252107,1.7648630565929992,A2,Si1,combo_012,24.847039379564265,2.294990144007759,mlp,0.5240872,0.4759128,0.9518256,0.16231328,0.498079683530968,405.01822,1.2487892,0.6325718858793337,0.0,0.35519887012161283,0.375,0.7077458614361013,0.5226413211197934,0.30773161872642574
13.842218835920505,0.9556762026406977,1.358578382788068,1.5067151130466936,A1,PU,combo_007,20.856280318181035,1.2983610298526411,mlp,0.49693576,0.5030643,0.9938715,0.11951228,0.36673917771167197,404.2885,0.72592765,0.6294553213342144,0.0,0.45241114316749953,0.25,0.7070019173907562,0.5145818657582691,0.2467474764507018
13.022844712102161,0.9521680748968607,2.396869330894158,1.5664313617348151,A2,PU,combo_011,20.399392376039224,2.282222456576817,mlp,0.5067092,0.49329078,0.98658156,0.1544148,0.4738421583632809,397.71408,1.7635877,0.6013760015015192,0.0,0.4031934564238521,0.21875,0.7069877262321996,0.4930299573167773,0.2936897110723766
11.119024372976643,0.52263499724853,2.987399331731427,2.3653936649709095,A1,PU,combo_007,26.300869812496092,1.561319441519715,mlp,0.48154154,0.5184585,0.9630831,0.2684225,0.8236898353272385,379.13306,2.6594799,0.5220166757253106,0.0,0.10562916157631401,0.25,0.706593539213725,0.41615710182247173,0.3947746109009106
9.479789418460921,1.1421658661623204,2.5429106077251733,1.1053732837343788,Si3,PU,combo_005,10.478705958594565,2.904425696845775,mlp,0.535849,0.46415102,0.92830205,0.20432761,0.6270061902267433,334.43512,2.9454823,0.3311123363090001,0.0,0.3297155008480741,0.34375,0.7056368690405561,0.316002882030838,0.3795439295606281
12.645353644762327,0.6805956326164255,2.545306119519508,1.038463481632394,Si1,Si1,combo_002,13.13173797241277,1.7323242286168388,mlp,0.4831931,0.5168069,0.9663862,0.22749983,0.6981131825271869,388.8856,2.5768108,0.5636696240858264,0.0,0.3681911855701599,0.09375,0.705520594465548,0.45545537501763833,0.3650546103219429
13.180391575035614,0.7626987621106547,2.458729064814089,1.25429272765223,Si2,Si2,combo_004,16.53206930017589,1.8752696140991933,mlp,0.4816882,0.5183118,0.9633764,0.17688875,0.5428064220767439,394.98273,2.5426555,0.5897104231755305,0.0,0.37697882176249853,0.25,0.7053248260274855,0.48998525343675353,0.33474433362294814
8.07944696447654,1.0937695846580973,1.8486551091819945,1.2883625226877005,A1,Si2,combo_009,10.409256673074479,2.0220027309460598,mlp,0.5628741,0.43712592,0.87425184,0.2696808,0.8275510450443069,317.28568,2.900027,0.2578672693597559,0.0,0.41841626773218604,0.25,0.7052336341326605,0.2639569912063483,0.4480342715098872
15.730030440709585,0.9643030658443366,2.279474769909565,2.4329333054409896,Si3,Si3,combo_006,38.270114954802956,2.198104509138607,mlp,0.48207837,0.5179216,0.96415675,0.2729534,0.8375934277219146,427.6212,3.523494,0.7291088770800667,0.0,0.23080313270240208,0.09375,0.7046081769576293,0.5631351957311015,0.41290350937488174
11.473866630137255,1.236379538258014,1.3484440212342639,1.047826279710906,Si2,PU,combo_003,12.022618984955828,1.667188596340399,mlp,0.51660573,0.48339427,0.96678853,0.19788797,0.6072453033730554,358.15567,2.542199,0.4324225160090352,0.0,0.35662361684818367,0.1875,0.7044390297255382,0.3715954917529388,0.34486018972408244
8.610640795613271,1.1007816836128261,1.7105726263535879,2.0270704858629314,A1,Si3,combo_010,17.454375821154972,1.8829670155795162,mlp,0.52315474,0.47684526,0.9536905,0.25781128,0.7911278598979246,329.57632,1.2755991,0.310360481893791,0.0,0.21929789572989047,0.1875,0.704218678064326,0.264912147818486,0.3623445085432085
13.098010917536135,0.5011670005596993,2.954786183956296,0.6208695464295076,A1,Si3,combo_010,8.132156097499399,1.4808413291086167,mlp,0.49262467,0.50737536,0.98524934,0.18659008,0.572576220047526,397.5555,3.3140385,0.6006987538173386,0.0,0.31773415945293815,0.1875,0.7035587210409754,0.4900747345265156,0.34290446911637157
13.352978584217219,0.613735363567222,2.9923683065525717,0.5082339673672577,Si2,Si2,combo_004,6.7864372820267445,1.836522250549075,mlp,0.5435536,0.4564464,0.9128928,0.14325838,0.4396071993485666,393.0589,3.484592,0.5814937769071052,0.0,0.6526858341633925,0.25,0.7034350051748042,0.5173873168565437,0.35952120851481484
11.304097043642575,1.122733011080734,1.2799209215757288,1.210155254240732,A1,Si2,combo_009,13.679712431811186,1.4370094702259462,mlp,0.49480605,0.50519395,0.9896121,0.12916324,0.3963543983459562,361.33902,3.35482,0.4460185630514205,0.0,0.41285814751140354,0.25,0.7031685501792326,0.3978027185308523,0.30571644530080666
15.263587366863474,1.0479911013466847,1.6889377917321267,1.3615675037765893,Si3,PU,combo_005,20.782404549776185,1.769991776463389,mlp,0.5097081,0.4902919,0.9805838,0.15542476,0.47694134136455685,417.24185,2.1301935,0.6847788713320638,0.0,0.2663323903957242,0.34375,0.7023746247130778,0.5523987930219493,0.30060053221171595
14.121336488110583,0.5593514417192467,2.8631335128465993,1.7684009649955323,Si1,PU,combo_001,24.972185072601377,1.6014978582454367,mlp,0.5404908,0.4595092,0.9190184,0.19059065,0.5848525093061913,410.03778,2.2237182,0.6540103724731923,0.0,0.34645729923048646,0.375,0.7014066143697961,0.5425526711541021,0.3570158548911062
14.185192229911607,0.6018558179825164,2.6193203085864596,0.8849568076686991,A1,Si2,combo_009,12.55328243194941,1.576453166882521,mlp,0.4591899,0.5408101,0.9183798,0.24780633,0.7604263453738279,408.48038,2.200094,0.647358720997676,0.0,0.29436525883224324,0.25,0.7008276335485437,0.5200472866192208,0.3914128058373579
8.227091745607565,1.0628900460925177,2.527169980298715,1.5644879477924047,A1,Si3,combo_010,12.871185881385411,2.686103816843328,mlp,0.5011231,0.49887693,0.99775386,0.15368241,0.47159471683425613,321.702,1.4125533,0.2767293212012674,0.0,0.35126879088439295,0.1875,0.7003191722111115,0.2553791751469673,0.27314466878639143
15.602402809954732,1.2267575602945322,1.232368096101599,1.8981851654867707,Si3,PU,combo_005,29.61624955980518,1.5118168789584152,mlp,0.513385,0.486615,0.97323,0.11368996,0.3488726119962073,422.52686,2.9469974,0.7073510569938597,0.0,0.4060130643348075,0.34375,0.7000718836228089,0.5870087234058794,0.29367324361733266
8.38427590335828,1.2369754232151204,1.3193386686999704,0.5892147086315256,A1,Si2,combo_009,4.940138683483569,1.6319895080792195,mlp,0.5394269,0.46057308,0.92114615,0.2268207,0.6960292120758074,312.95273,4.425778,0.23936130694726304,0.0,0.3419477277640329,0.25,0.6998269616607905,0.2523993432266597,0.42218317794624033
10.02724904640575,1.080704046377487,2.518266353489762,2.297470657696314,Si3,PU,combo_005,23.037310461530556,2.721500638072665,mlp,0.44719076,0.55280924,0.8943815,0.23589855,0.7238857811347701,348.67258,3.0354776,0.3919203412827822,0.0,0.315332694907983,0.34375,0.6993551329710491,0.3576636225584902,0.4131613272274723
10.626707803526198,1.5674359868212657,1.3129216033175677,1.5690051422002973,A2,PU,combo_011,16.67335918839263,2.05792056891503,mlp,0.49201378,0.5079862,0.98402756,0.14243793,0.43708956184812764,344.82098,3.2266412,0.37547023486000813,0.0,0.39784702385518617,0.21875,0.699268169206205,0.3430330391156498,0.310375503373562
11.17550215435125,0.739046720925598,2.5032755308846917,1.2264965423251377,Si1,PU,combo_001,13.706714751058936,1.850037572673617,mlp,0.49432135,0.50567865,0.9886427,0.13001871,0.39897953808514874,365.35077,1.0254726,0.46315269484882493,0.0,0.26256628467849763,0.375,0.6992353781676597,0.3934609944449804,0.254518959571913
12.514093190780075,0.7663071913877748,2.1732227200724044,0.9054550582639873,Si1,Si1,combo_002,11.33094897917874,1.6653561988787846,mlp,0.50325346,0.49674654,0.9934931,0.19097948,0.586045688131387,387.06714,2.2954106,0.555903042531311,0.0,0.33706373974214465,0.09375,0.6989501440203547,0.44523811744387026,0.31532419974939063
11.15177951390357,0.9379905159055572,2.1244976261644677,1.7230713297235491,Si2,Si2,combo_004,19.21531155580566,1.9927586244061406,mlp,0.522159,0.47784102,0.95568204,0.15288842,0.46915824329544525,366.13647,1.6155947,0.466508433662703,0.0,0.4362391320466711,0.25,0.6989347159738638,0.4041750484041547,0.2986245656849905
8.308877458686823,1.4700817995944007,2.503793998451931,1.7726666174378778,A2,Si3,combo_014,14.7288696993962,3.6807819870578746,mlp,0.5443861,0.4556139,0.9112278,0.13886091,0.4261129934037248,318.11346,1.5989062,0.2614027473107558,0.0,0.5441644620674106,0.34375,0.6982794027063514,0.28066968493374406,0.3134638216345739
10.89317620877821,1.022517210426258,2.8996261149798856,1.3116561804414872,A2,Si3,combo_014,14.288101898882108,2.964917606368361,mlp,0.4746128,0.52538717,0.9492256,0.14692248,0.45085099156297187,359.31415,1.9688073,0.4373703603776216,0.0,0.37544968386549377,0.34375,0.6975817046696775,0.3891680021999702,0.3044885350486644
11.88732774886907,0.7286112809522509,2.2624851551811855,1.47609686284582,A1,PU,combo_007,17.5468471977257,1.6484722070520157,mlp,0.48696256,0.51303744,0.9739251,0.15372322,0.471719960829129,384.1224,2.8348346,0.5433261255202203,0.0,0.3546450301734131,0.25,0.6971135850151273,0.4570146601820198,0.31257528336804197
14.857032785615168,1.1392087281336827,1.9411457034120383,0.7266875165794258,A2,Si1,combo_012,10.796420258717795,2.211370127906191,mlp,0.502082,0.497918,0.995836,0.13880056,0.42592780239268613,409.04367,1.6358986,0.6497645404269684,0.0,0.1882746055388795,0.375,0.696090183844459,0.5202782147637234,0.2654704373566237
12.877183783247482,1.5862541857375396,1.127573902803669,0.9507235751500809,A2,Si1,combo_012,12.24264220427369,1.7886188230507338,mlp,0.5301163,0.46988368,0.93976736,0.1744703,0.5353851095087033,376.1195,4.410413,0.5091458415610585,0.0,0.2827600367353654,0.375,0.695843820314601,0.44773867670438716,0.375510837621735
8.93338054458723,1.0691839730379287,1.98675044093309,1.7206516790502224,A1,PU,combo_007,15.371236233638609,2.124201729871698,mlp,0.44628257,0.55371743,0.89256513,0.2312904,0.7097450527936132,331.57538,1.3966256,0.31889841675757896,0.0,0.40464464312900955,0.25,0.6955692825019493,0.29639072129226174,0.3735482433188104
9.802344152922414,1.2009807372505341,2.783590294180554,1.8169962568159452,A2,PU,combo_011,17.810822633881692,3.343038323708393,mlp,0.49155545,0.50844455,0.9831109,0.18391348,0.5643627472139956,341.236,3.623852,0.3601587804328077,0.0,0.24803420738572737,0.21875,0.6953830288505114,0.3196880741924004,0.3406893676607757
9.610566276819151,1.0851097989624958,2.8071853622151623,1.174070434352227,Si3,PU,combo_005,11.283481722995926,3.046104344043756,mlp,0.5450079,0.45499212,0.90998423,0.19437623,0.5964690613038033,336.51205,2.9160817,0.33998289936563425,0.0,0.3580220690849514,0.34375,0.6952274906451966,0.3248686708149165,0.37249200204574484
11.418348510227267,1.7105823164863956,1.1351939902422865,0.6146098817528695,A2,Si3,combo_014,7.017829827683833,1.9418427654900852,mlp,0.50970525,0.49029475,0.9805895,0.12437739,0.38166840822427334,345.72546,2.8583193,0.3793332577360168,0.0,0.31269643655882384,0.34375,0.6950414507126732,0.34753899114302317,0.28931464311407107
13.107397687159931,0.9348334502649889,1.4535997315872762,1.8323577461521443,A1,Si2,combo_009,24.0174416839642,1.358873652383995,mlp,0.5121728,0.48782718,0.97565436,0.16725244,0.5132361274099524,399.64664,3.0243227,0.6096299250674184,0.0,0.2904846794117795,0.25,0.6946680091000419,0.49813441276576054,0.3214128369761142
11.093259070731845,1.0440044471829872,1.4420060981175162,1.624909780938101,A1,Si3,combo_010,18.025545166512483,1.505460779299674,mlp,0.48948723,0.51051277,0.97897446,0.17616892,0.5405975277137205,365.57642,1.8331758,0.4641164302947122,0.0,0.3123565359261224,0.1875,0.6945040455200975,0.38515202548124466,0.3001846624768893
12.799610919258175,1.5017497415377308,1.2024038538585395,1.9837333777768793,A2,Si3,combo_014,25.391015403089845,1.8057096767560332,mlp,0.48810595,0.51189405,0.9762119,0.16652414,0.511001260579208,389.01035,2.53998,0.5642024548273449,0.0,0.19145247455152123,0.34375,0.6938471142437609,0.46293618254020963,0.3097905708561575
11.645983126872864,1.4482219122833224,1.6583396408570068,1.1803374214314473,A2,Si1,combo_012,13.74618969400726,2.4016438058971725,mlp,0.51808465,0.48191535,0.9638307,0.13178848,0.4044102987784892,361.70923,2.5103168,0.44759972002924836,0.0,0.31163937552951454,0.375,0.6937643532686981,0.3962821402256257,0.2945839061845999
13.689266272823088,0.6820576678947732,2.2237645221905575,0.6233228082689808,Si1,PU,combo_001,8.532831896317932,1.5167356439524262,mlp,0.54038954,0.45961046,0.9192209,0.119584434,0.3669605838537582,400.67416,2.159335,0.6140184796336919,0.0,0.5100365601754044,0.375,0.6933711157747541,0.5305346618999005,0.30395493386084105
10.772878286983612,1.4922586757279697,1.6130176189145788,1.9970562462254609,A2,Si3,combo_014,21.514043872847267,2.4070395359273524,mlp,0.46212897,0.537871,0.92425793,0.19008115,0.5832890399112692,353.7766,2.346778,0.413719609552894,0.0,0.3045360210126203,0.34375,0.6930781079888336,0.36776140493195775,0.3480458336236821
8.972160116268261,0.9891759437086234,2.692658272241083,1.3470873271663575,Si2,Si2,combo_004,12.086283189932407,2.663512787528904,mlp,0.48949924,0.5105008,0.9789985,0.1727079,0.529976937546092,330.013,0.8253187,0.31222551982930646,0.0,0.2455205719638259,0.25,0.6922737946317489,0.2724210548609845,0.274908982180012
12.644329708070718,0.5305100263413067,2.8874454185171974,2.270032536893331,Si1,PU,combo_001,28.703039844527485,1.5318187450366438,mlp,0.44144678,0.5585532,0.88289356,0.23071408,0.7079765472274574,398.5033,2.6804628,0.6047467294385075,0.0,0.2946797042952135,0.375,0.6922399089236215,0.5055975633171966,0.40181783515641223
12.352798778330165,0.883627242337684,1.7203822295141906,1.388967525078467,A1,PU,combo_007,17.15763634692956,1.5201766052323809,mlp,0.47310233,0.52689767,0.94620466,0.14311622,0.4391709716336755,387.658,1.4367603,0.558426559162069,0.0,0.45580681960053904,0.25,0.6921592329627811,0.46941452349032664,0.287354238420753
8.00758465277361,1.3520223503740945,1.6136429148755436,1.8134836609081122,Si3,Si3,combo_006,14.521623931143502,2.181681286434537,mlp,0.54320085,0.45679915,0.9135983,0.23265824,0.7139424413534363,318.13556,2.5775573,0.2614971136162498,0.0,0.45451252475927967,0.09375,0.6918098213024054,0.25257117617001057,0.3835585377570718
11.242071654957183,1.1631838005533772,2.3349343384724506,1.8517858415497734,A2,Si1,combo_012,20.81790912033774,2.7159577978669707,mlp,0.46582642,0.5341736,0.93165284,0.12286686,0.37703314580723896,367.15894,2.9068966,0.47087535175561734,0.0,0.44376913249837785,0.375,0.6917794327416311,0.4281386523545222,0.31304844597242343
13.146010864729941,0.6875556417288323,2.887967039290651,1.2922361571542824,Si3,PU,combo_005,16.987750561747063,1.9856380309911994,mlp,0.45463666,0.5453633,0.9092733,0.16967458,0.5206687800695331,400.97272,1.9580144,0.6152935978196691,0.0,0.409960356828993,0.34375,0.6912571851519358,0.5171013639700148,0.33387746089540055
10.42434680007262,1.2676910736089007,1.1945913465201399,2.4725945596759713,Si2,PU,combo_003,25.77518318603518,1.5143727865940184,mlp,0.49910527,0.5008947,0.99821055,0.14219444,0.4363423504132183,350.25873,1.988942,0.3986947732276014,0.0,0.32278975921684927,0.1875,0.6910106364709078,0.341323440377905,0.26849171771630065
9.641613510551657,0.9553390450370401,2.6394085557092617,0.9381847289320233,Si1,PU,combo_001,9.04561455786424,2.5215300490738795,mlp,0.4962554,0.5037446,0.9925108,0.10016013,0.30735454777909793,336.629,3.2604613,0.3404823630157073,0.0,0.28334084192208187,0.375,0.6907352817942578,0.3229163683100492,0.27193142303495743
12.894284531168879,1.1099025927994641,1.9859719297282385,1.1101285747923906,A2,Si3,combo_014,14.314313709554074,2.204235394032327,mlp,0.49570432,0.5042957,0.99140865,0.121425025,0.37260868105955963,391.05402,1.3239499,0.5729309470649342,0.0,0.2524609994534532,0.34375,0.6905977461786669,0.46793936712514733,0.24527780310908226
8.857946955402223,1.371327143114153,1.2063577184076222,2.0132114368311664,Si1,Si1,combo_002,17.832920117459565,1.6543110835576322,mlp,0.49251136,0.5074886,0.9850227,0.19837648,0.6087443445866061,324.45898,2.9329228,0.28850438529606126,0.0,0.2894265257488625,0.09375,0.6905506613540007,0.25707397707258467,0.3293483912342358
8.450546521420373,1.1214834585765705,1.7388691268277372,1.3488469543102717,A1,PU,combo_007,11.39849393767513,1.9501129623667919,mlp,0.57179683,0.42820317,0.85640633,0.23868464,0.7324352499063528,321.52496,2.1747093,0.27597321769550703,0.0,0.4798221723407149,0.25,0.6903621133027279,0.27847266652148406,0.4089078524702824
10.739269665671232,1.0229985243954645,2.458797677495027,0.9469136713123596,Si3,PU,combo_005,10.169161266334203,2.5153463958644076,mlp,0.54539996,0.45460004,0.9092001,0.16782343,0.5149883087314315,351.5568,3.604461,0.4042387936753721,0.0,0.40707120824522197,0.34375,0.6899314494237868,0.37883284950473567,0.36561159516887004
12.511730651833068,0.932281423294271,2.2607259709421923,2.329840841515703,Si3,Si3,combo_006,29.15034107068457,2.10763282586831,mlp,0.48923525,0.5107647,0.9784705,0.17087159,0.5243419637526777,394.42133,1.3233626,0.5873126848386975,0.0,0.39054043212396117,0.09375,0.6894536337574113,0.46681104554705805,0.2815841824485392
9.67567923546543,1.1941499204432193,1.347111593358789,1.6841732338996487,A1,Si3,combo_010,16.295519988169495,1.6086532020375361,mlp,0.45362037,0.5463796,0.90724075,0.28302,0.868484111434324,340.12057,1.7835535,0.3553948460877737,0.0,0.21155187626122926,0.1875,0.6891128276587274,0.29867233094430445,0.3987948491397875
8.420893969596412,1.1364039795859966,1.590001069420012,1.592494562608674,A1,Si2,combo_009,13.410227858886458,1.806883542834892,mlp,0.4461394,0.5538606,0.8922788,0.19020174,0.5836591018501176,322.24005,2.783129,0.2790273492843671,0.0,0.48835883786816825,0.25,0.6890560435998021,0.2850704298853687,0.3707384169259983
10.673656007805574,1.3360126245797852,1.154250929222088,2.3478518716897527,Si2,Si2,combo_004,25.06016323569889,1.5420938133736577,mlp,0.5278376,0.47216243,0.94432485,0.17234649,0.528867894883936,353.13068,3.6493165,0.41096082885940594,0.0,0.3521060543410537,0.25,0.6890247544931235,0.3689326253277456,0.3490927102827318
10.111444201463117,1.064135600636098,2.115864078485936,1.4650066389665537,Si2,Si2,combo_004,14.81333288468333,2.2515662920239756,mlp,0.48837084,0.51162916,0.9767417,0.12337867,0.3786037027593735,345.25372,1.7906052,0.3773184589096,0.0,0.38313156747838223,0.25,0.688968192013477,0.3374686256797912,0.26259494802085337
13.37991171299983,0.7107801426287623,2.6495767179088703,0.8471464197476076,Si3,PU,combo_005,11.334744304206886,1.8832665174611147,mlp,0.5191307,0.4808693,0.9617386,0.16353196,0.5018193530733843,403.47675,1.4707228,0.6259882719887178,0.0,0.21923528824870614,0.34375,0.6886769306534222,0.5026268706610686,0.2885624968673247
14.277093539899997,1.250421478134152,1.4388109778756906,2.1899057175846885,Si3,Si3,combo_006,31.265488773518424,1.7991201497109657,mlp,0.4992539,0.50074613,0.9985078,0.19726977,0.605348261527386,408.40836,2.06799,0.6470511181234139,0.0,0.22759747760661758,0.09375,0.6881836764371171,0.4967471845357694,0.3009423024860904
8.10409833091566,1.286429897319571,1.1407997283445426,0.8467392464041514,A1,Si2,combo_009,6.862058113504667,1.4675588773964643,mlp,0.52459615,0.47540385,0.9508077,0.21358675,0.6554190639376309,310.68964,4.746283,0.22969566866478194,0.0,0.18969436470465392,0.25,0.6872112262561816,0.2323077475131745,0.3917805275046351
14.879852425784915,1.2646864661726547,1.1101769499088991,1.9585147319070644,Si3,PU,combo_005,29.142410184502822,1.404025763606622,mlp,0.47124615,0.5287539,0.9424923,0.10730353,0.32927501331546233,415.53613,2.530679,0.6774937664798891,0.0,0.45236784635455657,0.34375,0.6871797361213706,0.5682765096132967,0.2851307411603108
15.942206529766228,0.7719385793418003,2.5912806220199682,2.404952810026855,Si3,PU,combo_005,38.34025439178977,2.000309482038031,mlp,0.58528614,0.41471386,0.8294277,0.21352841,0.6552400459602936,435.3462,2.4672303,0.7621022831693002,0.0,0.5409272430340346,0.34375,0.6871728448235297,0.6359823401376606,0.41118616419632226
12.372959335762669,0.9980844728923457,1.3709979020306142,2.096885173271307,Si1,PU,combo_001,25.94467498064954,1.3683717183847375,mlp,0.5135615,0.4864385,0.972877,0.20791878,0.6380261528117575,388.90048,0.61583984,0.5637332301038942,0.0,6.006936743993478e-10,0.375,0.687036322856991,0.435182778832781,0.29030246552416916
8.87297268857875,0.9886461601699271,2.71704009984048,0.8354453103505483,Si2,PU,combo_003,7.412883421541612,2.6861912617350057,mlp,0.5168477,0.48315227,0.96630454,0.27683675,0.8495100348835848,325.70248,2.5317206,0.29381535746451815,0.0,2.2864931370330607e-10,0.1875,0.6870190026156204,0.23884601272766404,0.3759419309222795
9.802792492764318,1.4772710805600426,2.1333755880577936,1.5565479154302708,A2,Si3,combo_014,15.258516220007808,3.151574060210553,mlp,0.46458516,0.5354148,0.9291703,0.14766751,0.4531372088888759,336.78656,1.5644664,0.3411553094732561,0.0,0.37584839614974835,0.34375,0.6869540085490675,0.31946074140886194,0.29696043060269617
12.200983432006549,0.8601950216266496,1.9638902433426115,1.5187922341139237,A1,Si1,combo_008,18.530758885084193,1.689328610344464,mlp,0.50927675,0.49072325,0.9814465,0.10618885,0.32585446675231483,386.00806,2.2896857,0.5513797161972465,0.0,0.4018017732403404,0.25,0.6864440135249907,0.46413665988246383,0.2572867136206116
8.12699408515587,1.1904189990818368,2.3526350869291535,0.6791095459449434,Si3,Si3,combo_006,5.519119263067443,2.800621505387013,mlp,0.52057135,0.47942865,0.9588573,0.1603804,0.4921483583937163,315.0672,3.317349,0.24839218845107616,0.0,0.4736482072097702,0.09375,0.6863035106049883,0.24969616508706255,0.324148000095429
11.06866562323998,1.5575786049307634,1.3073872606008905,2.012476088094744,A2,Si1,combo_012,22.275424893886765,2.036358425470987,mlp,0.52250266,0.47749734,0.9549947,0.10839959,0.3326384250222412,356.02673,2.954115,0.42332985324996775,0.0,0.36408658667625127,0.375,0.6860058487701547,0.38716841968626803,0.2865374598620515
10.731945867900542,1.0609752957156595,2.749458393332328,2.295854239921974,A2,Si1,combo_012,24.63898342343257,2.917107431923669,mlp,0.45872068,0.5412793,0.91744137,0.16795789,0.5154008960135554,363.28363,2.6506038,0.45432397099669847,0.0,0.3160040564091678,0.375,0.6855535191619314,0.402257087959063,0.3369955812377201
11.189910000139095,0.7930799153195806,2.2220660788436764,2.1114226172746298,Si2,PU,combo_003,23.626629059561242,1.7622759776438552,mlp,0.5174023,0.4825977,0.9651954,0.16673964,0.5116625525302305,371.89456,2.7257013,0.4911011531197579,0.0,0.33053298445076473,0.1875,0.6853118339613034,0.4111491240077514,0.3112994053791507
8.726642317481248,1.4012080213757672,2.875592431104533,1.3722250294706986,A2,Si3,combo_014,11.974917011285951,4.029303180671115,mlp,0.56503594,0.43496406,0.8699281,0.19979694,0.6131032379985251,320.94083,2.72465,0.27347837590895996,0.0,0.42206278047989404,0.34375,0.6852978934753456,0.2835849275863754,0.3839488027788669
12.073790070231087,0.9848717037457211,2.754900503599,1.1584941635627006,A2,Si1,combo_012,13.987415328444005,2.713223552629492,mlp,0.45275077,0.5472492,0.90550154,0.14808461,0.4544171302691187,379.22708,2.4039428,0.5224182538844638,0.0,0.4112000449854562,0.375,0.684118440650903,0.45798068429438143,0.324813659610499
9.738971192562998,0.9105628690704854,2.3408625278442665,1.9094086719767178,A1,PU,combo_007,18.595676051211225,2.1315024994534646,mlp,0.51991653,0.48008347,0.96016693,0.15043482,0.4616290626792466,345.8033,1.2760189,0.37966575558866195,0.0,0.3267248536508693,0.25,0.6838449353460933,0.3304210230416724,0.2725176806611941
10.723543370366178,1.0739788685346174,1.7508567646708715,1.4214321277714888,Si2,PU,combo_003,15.242789070189438,1.8803831670874036,mlp,0.49856004,0.5014399,0.9971201,0.19335693,0.593341207990448,354.02887,2.2608979,0.4147970016540172,0.0,0.12094356713705076,0.1875,0.6836837943597924,0.334022308699514,0.2988061357652036
11.760305842455136,1.4554682987954999,1.4558885001270219,1.7382279230732158,A2,Si1,combo_012,20.442091999236595,2.1189995585158083,mlp,0.5381055,0.4618945,0.923789,0.11294607,0.34658989272273405,369.40768,2.1643553,0.4804797301436479,0.0,0.44656095758658837,0.375,0.6833066267033503,0.4307397336270157,0.2874079997782567
13.61891785066167,0.8370032906771531,1.8154717797397817,2.2289289678301083,A1,Si1,combo_008,30.355600507838354,1.5195558537737048,mlp,0.52477676,0.47522324,0.9504465,0.15376619,0.47185178939328315,407.0556,1.8123043,0.6412735280355255,0.0,0.3448237192145937,0.25,0.6827468759699841,0.5185350032511232,0.2899357501366243
11.103962426826955,1.167689176790938,1.6164970599581117,0.7072984464456591,Si2,PU,combo_003,7.853815373885676,1.887566121227459,mlp,0.5470718,0.4529282,0.9058564,0.22373408,0.6865574920692521,350.70386,2.082409,0.40059591539878237,0.0,0.3551448848434506,0.1875,0.6826013665066166,0.3464437462222158,0.3628592643062866
14.748528518438322,1.163539986880522,1.8384283386352367,1.2979016509395378,A2,Si2,combo_013,19.142139513009955,2.1390848850164232,mlp,0.48899364,0.51100636,0.9779873,0.15435222,0.4736501084259075,410.9708,1.2280205,0.6579952634370971,0.0,0.33441041761906,0.15625,0.6825395761716072,0.5163607409552146,0.2628196523476185
9.254471291912955,0.9507932606317655,2.6036696107132253,2.227712007008317,A1,Si3,combo_010,20.61629681550826,2.475551518777867,mlp,0.49190274,0.5080973,0.9838055,0.15392065,0.472325786929191,339.8016,1.2038537,0.3540325303073552,0.0,0.28125457385557434,0.1875,0.682255105551278,0.30125300260407356,0.25856892051533936
15.002965724706598,0.6021434171485464,2.9946221063453353,1.0958897509298926,Si2,Si2,combo_004,16.44159637125843,1.8031919881833578,mlp,0.5518377,0.44816232,0.89632463,0.20186487,0.6194489337387477,416.2601,3.2873776,0.6805858270672281,0.0,0.38728779632183435,0.25,0.6814890823545462,0.5590430257772401,0.37856488144982603
15.538297789146357,0.7789192480741127,2.029660054027371,1.223739958273229,Si1,PU,combo_001,19.014835888126967,1.5809412831290628,mlp,0.48386198,0.516138,0.96772397,0.09131008,0.280196994765999,417.8925,1.900689,0.6875577244164995,0.0,0.3391123572573597,0.375,0.6813946017895574,0.5633866756498955,0.24258341667083821
14.991244487972455,0.9471468260753758,2.8550099380319085,1.9602338430089639,A2,Si3,combo_014,29.38634479414519,2.7041136012205773,mlp,0.43274182,0.5672582,0.86548364,0.20791443,0.6380128007684924,417.07623,2.8924665,0.6840715150614619,0.0,0.38370824590409364,0.34375,0.6808366718152647,0.5681593487212873,0.3903953397120773
13.773124205094346,1.1687902725029788,1.1988759038909005,0.6334816758380326,Si3,Si3,combo_006,8.725021802968538,1.4012344944059008,mlp,0.5002698,0.49973023,0.99946046,0.17907923,0.5495282156109895,398.18524,3.7357485,0.6033883238641178,0.0,0.22973576103063478,0.09375,0.6806553368908359,0.4762821392501718,0.31632381716623204
13.017929183983064,1.1858292764962624,1.9789150932788133,1.8585910323711385,A2,Si1,combo_012,24.195006441393456,2.3466554533103485,mlp,0.4588999,0.54110014,0.9177998,0.12878476,0.3951929992127782,393.6862,0.9261345,0.5841729197378076,0.0,0.4005097877703465,0.375,0.6803953069062639,0.49138070861849137,0.2718244189774942
11.330068224286201,1.2174655275629949,1.399976932087409,1.0548590604348602,Si1,PU,combo_001,11.951625121733407,1.7044236541998203,mlp,0.4670375,0.5329625,0.934075,0.161383,0.4952249983904386,355.84888,0.8168495,0.42257023055878146,0.0,0.23981295322041457,0.375,0.6802469475481465,0.3615413923486567,0.28046396714385446
9.379319119539215,1.186424665729508,1.6209360929416796,2.4272328846841247,Si1,PU,combo_001,22.76579180289213,1.923118562237227,mlp,0.46606368,0.5339363,0.93212736,0.15204522,0.46657078192491835,338.32758,1.6110485,0.34773696826085765,0.0,0.2737116682135766,0.375,0.6799624076513895,0.31725532965264114,0.29199552157614894
13.951811328327913,1.4369519815303202,1.2041733765666507,1.218640447394856,A2,Si1,combo_012,17.002241599122147,1.7303393195635053,mlp,0.53193957,0.46806043,0.93612087,0.15014343,0.46073488731607104,397.50568,2.450409,0.6004859082691734,0.0,0.26483791620483593,0.375,0.6799523918187245,0.4982672418758458,0.30603449862564325
14.265279662206277,0.6994568217182171,2.3212384353062077,0.8917434851485493,Si1,Si1,combo_002,12.720970202594545,1.6236060584094474,mlp,0.48508844,0.51491153,0.9701769,0.1433017,0.4397401253409344,405.63312,3.0306304,0.6351981105884469,0.0,0.44174568530642006,0.09375,0.6798826621130027,0.5155706294277401,0.29507173886343874
12.808809881776035,0.725266581069625,2.14574604981698,1.6519165471258828,A1,PU,combo_007,21.159084992695355,1.5562379013944143,mlp,0.5113471,0.48865288,0.97730577,0.12378244,0.3798427220755733,396.32886,1.8035862,0.5954597294398108,0.0,0.31918175854893643,0.25,0.6798718753521908,0.4838494750471212,0.25370542655405115
12.852701805316133,1.2013825447603739,1.258951147371594,2.160157161532821,Si3,PU,combo_005,27.76385584979946,1.512481933158278,mlp,0.44174665,0.55825335,0.8834933,0.17892016,0.5490400886868321,395.27606,1.7220327,0.5909632531871437,0.0,0.3999473605352072,0.34375,0.6798319406827138,0.49767012021890844,0.33741000939102733
13.60350241555632,0.5404535296881088,2.999819581507559,1.9876130671083343,Si2,PU,combo_003,27.03849915959953,1.6212630812532656,mlp,0.469796,0.530204,0.939592,0.16646159,0.5108093020941856,407.61945,3.0056818,0.6436816935884352,0.0,0.3873449700096069,0.1875,0.6796237488783129,0.5252961915062094,0.3253307827111104
13.262276833984826,0.6582781045934637,2.715404091829768,2.213552279836267,A1,Si2,combo_009,29.356743121686822,1.7874910587750354,mlp,0.48249713,0.5175029,0.96499425,0.15578555,0.47804846352733915,403.5271,1.9040399,0.6262033333202993,0.0,0.2621163677434497,0.25,0.6792716018840692,0.5002588640007691,0.2816015460538374
14.02375401229002,0.7142278856599371,2.358490324393917,2.4557480650976107,A1,Si2,combo_009,34.43880678108607,1.6844995577412865,mlp,0.48813158,0.5118684,0.97626317,0.15166318,0.46539845423578025,414.58246,1.4144126,0.6734206351999353,0.0,0.2303961517220117,0.25,0.678813937864799,0.5272368514539536,0.2622586524871168
11.601572681343722,0.8005494147275773,2.3490301488212593,2.0932408664387196,Si2,Si2,combo_004,24.284886051547712,1.880514710816293,mlp,0.45815223,0.54184777,0.91630447,0.15952808,0.48953291260374354,380.31833,2.0580983,0.5270789587903386,0.0,0.4200312177581536,0.25,0.6779020835244689,0.44757641697637196,0.31250428624065185
15.063984147332633,1.0485752615162056,1.764670168405683,1.6014959004738152,Si3,PU,combo_005,24.124908856755752,1.8503894833258356,mlp,0.4704998,0.5295002,0.9409996,0.13571623,0.41646312421716786,415.04785,2.4253035,0.6754083232645528,0.0,0.3077508667456007,0.34375,0.6777444114381469,0.5517304230843504,0.2917680089239605
9.56085364601905,1.078850557106357,2.8525964243800486,1.1249763274486932,Si3,PU,combo_005,10.755734021972959,3.077525241642017,mlp,0.55761683,0.44238317,0.88476634,0.19608355,0.6017081835953504,335.63962,3.019146,0.336256733700632,0.0,0.32738572960912354,0.34375,0.6775480860422555,0.31980760017551396,0.3718683213842983
11.955500240173244,0.7584604949288142,2.6159209182323107,1.9350694788526803,Si3,PU,combo_005,23.134723619175134,1.9840726743371164,mlp,0.5885878,0.41141218,0.82282436,0.23863637,0.7322871428236974,389.97922,2.9011624,0.568340495527376,0.0,0.4191941152776598,0.34375,0.67683810997413,0.49074776368258116,0.42889463577972514
13.279040658037141,0.8026117394592112,2.870555883021879,0.6396470470809206,A2,PU,combo_011,8.493899144980942,2.303941850487062,mlp,0.4669653,0.5330347,0.9339306,0.13294955,0.4079731909261709,399.35278,4.321806,0.6083748792723889,0.0,0.45543673347250735,0.21875,0.6759857904748348,0.5183164853021135,0.33154251446970295
14.171006200957919,0.5876022005868307,2.840563443165718,0.7697874008885089,Si1,Si1,combo_002,10.908662031410339,1.6691213301106804,mlp,0.525972,0.474028,0.948056,0.18586428,0.5703490352142765,405.1196,3.3736248,0.6330048760269179,0.0,0.36594490239157484,0.09375,0.6759373810652246,0.5084882722175124,0.3365301883420261
8.455484081879618,0.9947999552070992,2.9622959186753155,1.9807692139544122,A1,Si1,combo_008,16.748362558468735,2.9468918472083767,mlp,0.4524251,0.5475749,0.9048502,0.17965508,0.5512952579395273,328.63828,1.7799966,0.30635408479672793,0.0,0.38676155834507964,0.25,0.6758761330879852,0.2880936842206463,0.3233614156300972
11.983100848727364,0.7288545661029793,2.9032461723005074,1.4262355802877176,Si3,PU,combo_005,17.090724792630912,2.1160442292022217,mlp,0.45877606,0.54122394,0.9175521,0.15986647,0.49057130832465146,384.19598,2.507388,0.5436403757447313,0.0,0.3069916590793742,0.34375,0.6758506373560872,0.45990346848799035,0.3192948452311278
13.906069112084287,1.0327647240136224,1.128716490888281,2.0155348902360677,A1,Si2,combo_009,28.028167481439976,1.1656985752018598,mlp,0.46462315,0.53537685,0.9292463,0.18431337,0.5655898548614606,409.43295,2.9467266,0.6514271600303954,0.0,0.2809877387036435,0.25,0.675572089684027,0.5259828576337425,0.33670236110441276
10.804534519752735,1.3118873121454566,1.1519685832616222,1.2477626639217632,A1,Si1,combo_008,13.481494774801321,1.5112529683710991,mlp,0.55679053,0.44320947,0.88641894,0.17902014,0.5493468655986983,349.28976,3.8399076,0.39455634150696733,0.0,0.4533258832429192,0.25,0.6754313524183294,0.3687011322644976,0.3753971525446319
10.307405985030863,1.215161764294939,1.558364747835484,1.0187798990605204,A1,Si1,combo_008,10.500978029005546,1.8936652563948047,mlp,0.4654933,0.5345067,0.9309866,0.20310333,0.6232493276423144,341.8441,3.1712148,0.3627559392771072,0.0,0.21593569176961772,0.25,0.6754203945514993,0.31873837773139935,0.35178239715187154
8.004760009753547,1.0744726109388207,2.686786900417112,1.2034401591678332,Si1,PU,combo_001,9.633249660238114,2.886878935927396,mlp,0.42651892,0.5734811,0.85303783,0.18189006,0.5581535898340103,315.2075,2.9450006,0.24899136235488248,0.0,0.441055874824551,0.375,0.6753022284908985,0.2727743831043686,0.37682408457282135
9.622908518718711,1.3345252077184193,2.977509880912991,0.5002533978886353,A2,Si3,combo_014,4.81389268406053,3.973561992309055,mlp,0.45110735,0.5488926,0.9022147,0.22857282,0.7014057872511033,328.72577,2.6166017,0.306727770152876,0.0,0.14725672275515053,0.34375,0.6750799617899395,0.2787384780933705,0.37139231743910667
14.868594023518273,0.8151691746601102,1.4107928540804549,0.8947117762737402,A1,Si3,combo_010,13.303106169475152,1.1500348464771457,mlp,0.4920659,0.5079341,0.9841318,0.106329635,0.32628648765905394,417.74844,2.0700033,0.6869425186679753,0.0,0.3768347441048372,0.1875,0.6748657057835655,0.5489818241771044,0.2397605357430272
13.62332758268192,0.9290322146986785,2.500016663884284,2.4255065618267797,A2,Si1,combo_012,33.04347044571076,2.322596018032018,mlp,0.5968409,0.40315908,0.80631816,0.22022268,0.675782301702038,410.73285,1.5978291,0.6569790008902235,0.0,0.4916126747005862,0.375,0.6748342544712579,0.5554364998126936,0.39763046781897615
9.329650754911935,1.1500664123048847,1.5076745542161452,1.3293957162573113,A1,Si2,combo_009,12.402797747756717,1.7339258654907284,mlp,0.45138875,0.5486113,0.9027775,0.1775537,0.544846906935161,332.35916,3.5272408,0.32224594413879665,0.0,0.39340159643672884,0.25,0.674764917517426,0.3102381966452638,0.3583472232583319
8.88624248307345,1.1131656323177146,1.781024481396034,2.4279142615586764,A1,Si1,combo_008,21.575034856322617,1.982575243006546,mlp,0.520453,0.47954702,0.95909405,0.14020643,0.4302418841525513,335.1903,1.3535634,0.3343377349219197,0.0,0.30005176248154963,0.25,0.6745458089084146,0.2964837190470592,0.25913987306308695
15.350203275312396,1.2777562291753695,1.124846073821161,1.575002079457499,Si3,PU,combo_005,24.176602078712335,1.4372790776884459,mlp,0.46608114,0.53391886,0.9321623,0.12357422,0.37920376736131434,417.1831,2.7261584,0.6845279664452186,0.0,0.35400696973472284,0.34375,0.6742334029952832,0.5645230008660994,0.2919069098700778
8.659106032500757,1.0877831745073392,1.9296910035974189,1.5793561879845643,A1,Si2,combo_009,13.675812694844542,2.0990854057114534,mlp,0.44923368,0.55076635,0.89846736,0.18573956,0.5699663071247966,326.43484,1.8906338,0.29694326160712076,0.0,0.3802276833681591,0.25,0.6741861446535788,0.28150848554098284,0.33121137927604105
13.874821745838686,0.7234661539895926,1.6496600889493127,0.5564788860639079,A1,Si3,combo_010,7.721045349459598,1.1934732399422885,mlp,0.49559546,0.50440454,0.9911909,0.12416949,0.38103043662278907,408.11432,2.9848711,0.6457952902871785,0.0,0.28960519098029586,0.1875,0.6738753329061793,0.5168783833738301,0.26481549522673486
9.266818281846955,0.9836073832484673,2.773688521415939,0.837270979899128,Si1,PU,combo_001,7.7588380233891545,2.728220508496242,mlp,0.4540821,0.54591787,0.9081642,0.13020146,0.3995403239022791,330.38824,3.3028052,0.31382818294029247,0.0,0.3877010212738247,0.375,0.6738265224589411,0.3149454392770692,0.3207288983770583
14.639206537180446,0.5838606104500591,2.586076573322977,0.6902533992231406,A1,Si2,combo_009,10.104762074218423,1.5099082467709504,mlp,0.43157673,0.5684233,0.86315346,0.262733,0.8062308498776734,413.4654,2.2177057,0.6686496624840497,0.0,0.26847691834597776,0.25,0.6734405907782863,0.5324664993410096,0.40392648839560213
9.281847383008433,1.6166018255410466,1.4268246404103566,0.9788871152449095,A2,Si1,combo_012,9.085880808896636,2.3066073184143296,mlp,0.5444027,0.45559728,0.91119456,0.1668242,0.5119220485765624,322.45322,1.9486698,0.2799377755880624,0.0,0.2598371534686482,0.375,0.6731709256711614,0.2704095812020211,0.31279127032438825
8.100133870925514,1.4874190800968736,2.268867157458889,2.4899906493659874,A2,Si1,combo_012,20.16925759721725,3.374756300209509,mlp,0.548417,0.45158303,0.90316606,0.13520879,0.41490596503447386,319.77167,3.081279,0.26848491247003803,0.0,0.38183763207849103,0.375,0.6725028940324294,0.28130578864398714,0.32063178604872944
9.480286882302806,1.579831248800666,1.6648150281551235,2.1436673507742037,A2,Si3,combo_014,20.32258146556549,2.630126804952425,mlp,0.400441,0.599559,0.800882,0.258994,0.7947572379048778,333.40503,1.667026,0.32671283316584615,0.0,0.4061091350009586,0.34375,0.6721775459531941,0.31298497022759114,0.42319416080676153
8.18803380143419,1.0444883478605242,2.5948603331459505,2.2259213015347243,A1,Si1,combo_008,18.22591885629871,2.7103013822964233,mlp,0.46268043,0.53731954,0.92536086,0.16669583,0.5115281175740691,326.5392,2.5509236,0.2973890250943989,0.0,0.32624197356647977,0.25,0.6721140185958565,0.28033559647306533,0.31635792261207957
14.598947663266092,1.1405691140362586,2.1033080119972554,1.5707481435148762,A2,Si1,combo_012,22.931269939346056,2.398968155789074,mlp,0.44556847,0.55443156,0.89113694,0.14689368,0.45076260286560454,408.2954,1.4355901,0.6465687290396664,0.0,0.38624228231676183,0.375,0.6719260610797383,0.5366506529525046,0.2997023537261928
10.099897155234059,1.1805957714368396,1.796407200672316,0.8967074273670356,Si2,Si2,combo_004,9.056652794741574,2.120830744892426,mlp,0.4379464,0.56205356,0.8758928,0.19251582,0.5907601482845002,337.97427,2.5583625,0.34622801975436085,0.0,0.42606815330193204,0.25,0.6717653159853403,0.324549602297238,0.3592173808813375
13.180643898755225,1.0226148007920681,1.2924316932112612,2.1274729003581996,Si1,PU,combo_001,28.041462703873385,1.3216597784905892,mlp,0.5217978,0.47820222,0.95640445,0.14280652,0.43822059880073044,398.14713,0.8305018,0.6032255289531205,0.0,0.1573278136652996,0.375,0.6716046961045237,0.47983250651941844,0.2484228737300152
14.213214763053092,0.5418717395638115,2.9652923777564766,1.6008992749882558,A1,PU,combo_007,22.753925209424068,1.606808139050213,mlp,0.48696312,0.51303685,0.97392625,0.09559759,0.2933537872613459,412.57983,2.858155,0.6648674505326352,0.0,0.3597560603345031,0.25,0.6711259095505712,0.5427429148201816,0.2513975615402498
10.321136412527935,1.035862511378598,1.682369548823251,2.3935661251566374,Si1,PU,combo_001,24.704322490147565,1.7427035459109317,mlp,0.5066554,0.4933446,0.9866892,0.060806684,0.18659331852780736,355.2796,0.9687026,0.42013886445010123,0.0,0.29390298808426174,0.375,0.671003517418202,0.36614849809754957,0.18370658930655573
12.611799838877626,1.0300860455476561,1.7847987768943323,1.385225383833904,Si3,PU,combo_005,17.47018527264563,1.8384963141893762,mlp,0.547954,0.45204598,0.90409195,0.14147285,0.4341280603614782,390.62775,1.4277083,0.5711103551379455,0.0,0.37522063948497303,0.34375,0.6702153917250908,0.4795559097229897,0.2873760071720204
15.659726696460506,1.139421966525159,1.558857705831159,0.6374009538159657,A2,Si3,combo_014,9.981524732821269,1.7761967127110372,mlp,0.4997397,0.5002603,0.9994794,0.065193914,0.20005611059003595,421.89838,2.8196845,0.7046668308953199,0.0,0.25749563764073563,0.34375,0.6699089334420437,0.5695234177005383,0.21666873743671577
11.493840993824973,1.2853959087795555,1.4320787959091967,2.463504745363358,Si3,Si3,combo_006,28.315131830739716,1.8407882253116334,mlp,0.5364065,0.46359348,0.92718697,0.21922645,0.6727252325084575,373.93546,3.2159529,0.49981778439906,0.0,0.2966696028967341,0.09375,0.6694245685000182,0.4073952303327821,0.3586996451856535
9.503860843469905,1.3481396050616117,2.2791678084302673,2.373396197103196,A2,PU,combo_011,22.556427183689447,3.0726363891263198,mlp,0.41873437,0.5812656,0.83746874,0.2693936,0.826669718736465,338.38593,2.365385,0.34798617872509036,0.0,0.3462991488256009,0.21875,0.6693656568440572,0.3135346037510144,0.42112954704472183
13.005315788184767,1.0212155822223907,2.5735247820304883,1.0437334927414277,A2,Si1,combo_012,13.57408367180732,2.628123608645016,mlp,0.4470604,0.5529396,0.8941208,0.1555458,0.4773127750886722,390.39432,1.6362703,0.5701133829408138,0.0,0.3300688627804885,0.375,0.6691236984696807,0.4787040333432049,0.30473202722116066
9.849775058298674,1.320080911499037,2.3235866385073125,1.4353594482485168,A2,PU,combo_011,14.137967693051587,3.0673223677077166,mlp,0.53733003,0.46266997,0.92533994,0.16161934,0.49595021553490115,338.88705,1.7657534,0.35012649516503025,0.0,0.3519037479404153,0.21875,0.66892759574963,0.3120391683504946,0.2937790019215396
15.27681609596723,0.6664608535552546,2.7072605964718024,2.430542102880263,A1,Si2,combo_009,37.13094471920724,1.8042832079211053,mlp,0.53675914,0.46324086,0.9264817,0.21666096,0.6648526940399405,428.04437,1.8835188,0.7309163046467585,0.0,0.14482429670154912,0.25,0.6685164847722647,0.5617071051731394,0.32896350529509893
11.597324073264488,0.7129760502162805,2.5772080835908464,0.627474841084433,A1,Si1,combo_008,7.2770290798763035,1.8374876400240714,mlp,0.5470194,0.45298058,0.90596116,0.18093008,0.5552077724255797,371.38654,3.5457969,0.4889313797944014,0.0,0.32794648282217725,0.25,0.6682517859483726,0.4204824754465698,0.3525402073512283
11.446297077421026,1.118418104029424,1.8933833080892275,1.1371756132892883,Si3,Si3,combo_006,13.016449898907643,2.117594169634113,mlp,0.5110122,0.4889878,0.9779756,0.1620084,0.49714412597890595,363.95245,2.6488166,0.45718050684090544,0.0,0.27511614553837893,0.09375,0.6677881602954638,0.372032279015634,0.28224794977944206
13.412727102469198,1.2502583603371353,1.208734600527115,1.541909036200021,Si3,PU,combo_005,20.68120511938218,1.511230539737793,mlp,0.52948743,0.47051257,0.94102514,0.11900433,0.36518046383900876,397.01205,2.3660722,0.5983776555186693,0.0,0.2920583627176043,0.34375,0.6677121438687458,0.49588863158436786,0.27023644432468
13.184199285320044,0.9340281669037142,2.420772629681072,0.7505463567214481,A2,Si3,combo_014,9.895352739886478,2.2610698217916956,mlp,0.47682548,0.5231745,0.95365095,0.10369754,0.31820955318576094,395.11636,1.714296,0.5902811829155278,0.0,0.2920650930898129,0.34375,0.6676117559661469,0.48635858767541684,0.24027648371796972
13.455947026851502,1.3919809927303433,1.3635709978869026,1.3073706765185311,A2,Si1,combo_012,17.591910567692366,1.8980649112969155,mlp,0.55121076,0.44878924,0.8975785,0.14329576,0.43972192632305945,393.0741,1.9396217,0.5815586863271826,0.0,0.3427747496081895,0.375,0.6672926701728752,0.4897843487113851,0.29977416327968376
8.595879327129376,1.495064019787029,1.535660347309999,2.057055039216551,A2,Si2,combo_013,17.682196886368857,2.2959105318768325,mlp,0.44315797,0.556842,0.88631594,0.23554021,0.7227861580647804,322.9659,3.3559978,0.28212749096416556,0.0,0.3197026483346188,0.15625,0.6672846068371376,0.2643953990965507,0.3919561696314711
8.580522193672499,1.0829452558320272,2.2106349261645066,0.950541548423387,Si2,Si2,combo_004,8.156142852254694,2.393996605666436,mlp,0.51574564,0.48425436,0.9685087,0.118095145,0.3623905040999918,322.1609,1.40859,0.2786892468030807,0.0,0.28206189003448495,0.25,0.6668476553390436,0.25605694153989494,0.23383493915018466
11.459750668750166,1.6904085866340255,1.1331995666685006,1.5206523274180181,A2,Si1,combo_012,17.42629652606513,1.9155702778663903,mlp,0.42841488,0.5715851,0.85682976,0.14683565,0.45058454513795404,354.6109,3.777316,0.41728284996669807,0.0,0.47705832537631365,0.375,0.6666528058899454,0.39911194183568666,0.36184173972951406
13.202760362081378,0.8832012613207927,2.015531745383078,0.6602260820281948,Si3,Si3,combo_006,8.716806745814138,1.7801201797544333,mlp,0.52972335,0.47027665,0.9405533,0.18284301,0.5610778702137498,396.48773,2.2580194,0.5961382805260009,0.0,0.3405001262496024,0.09375,0.6666035007314046,0.4735247989016417,0.30632523819193574
13.605653157264936,0.9984100449859705,2.135472505451597,0.7018481684882473,A2,Si3,combo_014,9.549102749512734,2.132077200234232,mlp,0.51075524,0.48924476,0.9784895,0.063731566,0.19556870376169128,400.11093,1.5271424,0.6116129208848015,0.0,0.31523717685913133,0.34375,0.6663526468865193,0.5024987221859802,0.19694548242793292
10.507449559884979,0.8194352590751985,2.785491823966953,1.3633275513201812,A1,Si2,combo_009,14.325095479098303,2.2825302144242072,mlp,0.49795112,0.50204885,0.99590224,0.10887483,0.33409674707645126,354.1664,1.8480628,0.4153844449397372,0.0,0.20566084427992407,0.25,0.6662098797961381,0.3467083041515966,0.22158886704900496
15.808930228236616,1.3076838897648297,1.1851694769250571,0.5826616742777455,A2,PU,combo_011,9.211257755324407,1.5498270316159073,mlp,0.49157667,0.5084233,0.98315334,0.12534395,0.3846344137392159,419.52148,2.049145,0.6945151540034644,0.0,0.23277885844416357,0.21875,0.6661588415088119,0.5428784497979805,0.24282872010433712
10.2774223980893,1.6576048067988804,1.3116216809332102,0.9889342953506481,A2,Si3,combo_014,10.163695477275411,2.1741504030165166,mlp,0.44470295,0.555297,0.8894059,0.1949877,0.5983454349181172,333.76886,1.2999552,0.3282667490416737,0.0,0.2376255265162005,0.34375,0.6661314075265338,0.29504866072304864,0.3215625742966708
11.107906886078476,1.633896658325388,1.1316251178148913,1.4711424889377913,A2,PU,combo_011,16.34131378327472,1.8489584984748244,mlp,0.4675645,0.53243554,0.935129,0.093956314,0.2883173233799033,349.68027,3.650844,0.3962241747184326,0.0,0.5021063864601909,0.21875,0.6656970260576182,0.3705010546715701,0.2827442491812636
15.482694653821088,1.1426698085698994,1.8605955958439186,0.9543385769153996,A2,Si1,combo_012,14.775732782743283,2.1260464133289685,mlp,0.5500766,0.4499234,0.8998468,0.117183305,0.3595924051017243,416.74048,1.5454273,0.6826375121705163,0.0,0.40329196527196365,0.375,0.6655984091590348,0.5642547926767864,0.2726288182821981
11.994750486233817,0.7693442001092636,2.267892074504386,0.7352861538248161,A1,Si1,combo_008,8.819573951111206,1.7447896139937153,mlp,0.52302617,0.47697383,0.95394766,0.13534607,0.41532724028995516,379.25018,4.313884,0.5225169214165895,0.0,0.271012433350569,0.25,0.6651221479836397,0.44285152875394473,0.31097594059953276
12.342824756862582,0.6960725031423456,2.100627664449517,2.321822415333056,A1,PU,combo_007,28.65784718901132,1.4621891565634344,mlp,0.42610708,0.57389295,0.85221416,0.19454522,0.596987641860887,395.031,1.8392422,0.5899166213734468,0.0,0.4621557471258391,0.25,0.6650892920375079,0.4944780371662889,0.35189193294320903
9.306180852271359,1.502570846222625,1.1604961102435924,1.3483439518525515,Si3,Si3,combo_006,12.54793266700611,1.7437276224067795,mlp,0.46185732,0.5381427,0.92371464,0.1304317,0.40024683904093555,328.87332,3.2673135,0.30735796502451046,0.0,0.5527102791560352,0.09375,0.6650491184955368,0.2985818472743531,0.3028037889833055
14.86895106647944,0.8343922814940914,1.9019869134702843,2.4263131033215926,Si1,PU,combo_001,36.07673080524663,1.5870032001023755,mlp,0.4390077,0.5609923,0.8780154,0.17585027,0.5396197191754364,418.43692,2.0006325,0.6898829936015995,0.0,0.2969337709661362,0.375,0.6646415108411822,0.5613888873409382,0.32912791888754056
8.820027898821476,1.1975179446255115,2.534623544940651,0.6573045874886323,Si3,PU,combo_005,5.7974447996730785,3.0352571779367565,mlp,0.43101415,0.5689858,0.8620283,0.23758544,0.7290622128396175,322.5712,3.2124653,0.28044167080496807,0.0,0.19032631321703164,0.34375,0.6635863592288556,0.26817695033973843,0.3998937445673724
9.458883514858517,1.122759293601762,2.438729209718229,0.5635724006491553,Si3,Si3,combo_006,5.330765689929534,2.7381058847892223,mlp,0.5673334,0.4326666,0.8653332,0.20208502,0.6201244922565465,331.44797,2.508461,0.3183542464185771,0.0,0.5334226698886044,0.09375,0.6630278578892012,0.2998526382005344,0.36112536828842684
12.762874495692817,0.7109583878524018,2.363057137933252,2.203055013273599,A1,Si2,combo_009,28.11731464151782,1.6800352931881355,mlp,0.5164226,0.48357737,0.96715474,0.12437727,0.38166804241486885,398.84348,2.310301,0.6061996316585921,0.0,0.24173297450967396,0.25,0.6629452483257298,0.48662591138380074,0.2532388122230209
13.765367154102037,1.389791053449513,1.3240380188434446,0.7695179306007788,A2,Si1,combo_012,10.59269684638453,1.840136193015637,mlp,0.5428848,0.45711517,0.91423035,0.14515275,0.44542032232198253,393.39737,3.5261116,0.5829393800759362,0.0,0.24685665788538366,0.375,0.6629182377049331,0.49056241528358835,0.3202927535421327
8.219497924580907,1.4386149629391962,2.597967354066151,1.974031396299237,A2,Si2,combo_013,16.225546964939127,3.7374747087871176,mlp,0.5277828,0.4722172,0.9444344,0.17434542,0.5350018784312922,318.2814,2.0847828,0.26212000943663055,0.0,0.26416548342399593,0.15625,0.6627515266835362,0.23730174260796685,0.2915296367742923
9.363062934043985,0.9608225246574118,2.5854731412775847,2.216399286317328,A1,Si2,combo_009,20.752286004759316,2.484180831036258,mlp,0.50129825,0.49870175,0.9974035,0.0850748,0.2610632195470987,341.2719,1.5769444,0.36031219084933586,0.0,0.24992468282002628,0.25,0.6627201295918241,0.3109771461888393,0.19704233435754387
13.50558443162878,0.7066791123906849,2.265719866984058,1.0818809543762051,A1,Si2,combo_009,14.611434574298961,1.601136904526235,mlp,0.420878,0.579122,0.841756,0.19928978,0.6115469476131667,400.21875,1.8668754,0.6120734128147879,0.0,0.4697135584356852,0.25,0.6626548921667119,0.5109073588293424,0.3586946144839393
9.961208884866009,1.596862368056787,1.4292158129574721,0.7061595373363613,A2,Si3,combo_014,7.034202657447832,2.282260947543475,mlp,0.53559357,0.46440643,0.92881286,0.21758984,0.6677030809199668,329.84537,1.4067063,0.3115095611054413,0.0,1.6822372253965212e-10,0.34375,0.6625650538380332,0.2601888079998059,0.31240848157933326
12.260652182602755,1.1526682044868513,1.235825744358262,1.5368044403576486,Si2,PU,combo_003,18.84222471590461,1.4244970418080645,mlp,0.5308391,0.4691609,0.9383218,0.17033318,0.5226897855771594,379.3714,3.519113,0.5230346326947967,0.0,0.2644068731970232,0.1875,0.662266540442104,0.4315926321411647,0.321699412704426
11.45336516297701,0.9424489280595939,2.8224903293225507,1.7460718221450844,A2,Si2,combo_013,19.9983981798123,2.660052985328608,mlp,0.50046456,0.49953544,0.9990709,0.12895116,0.3957036234153137,373.87708,1.51596,0.4995684435946263,0.0,0.19895420320004029,0.15625,0.6621251952935726,0.3936230106061557,0.22119327787006218
9.470623846182257,1.1257990524867465,2.9205263610327874,1.2343193941209987,Si3,Si3,combo_006,11.689774687767565,3.2879258100132778,mlp,0.43949953,0.5605005,0.87899905,0.24478751,0.7511627251922695,332.7917,2.6503277,0.3240932558069818,0.0,0.3449437996610026,0.09375,0.6619279676062408,0.28586292522762313,0.38165995545466924
10.826395484790346,1.4516117609704036,1.168555784722871,1.3786929272347503,Si3,PU,combo_005,14.926274882326686,1.6962893204537184,mlp,0.5412337,0.45876628,0.91753256,0.103456564,0.31747009233760987,349.2345,1.4606867,0.39432029540303143,0.0,0.3857272846484155,0.34375,0.6616850103526828,0.3570490009893636,0.24880585511382614
11.234874566309854,1.0561527701185724,1.1588311419339772,2.47441468533573,A1,Si2,combo_009,27.79973861478199,1.2239027206532387,mlp,0.47482547,0.5251745,0.94965094,0.14072768,0.43184143149999416,375.68414,3.937739,0.5072864082541843,0.0,0.24707702365894005,0.25,0.6616458198599912,0.42756715514699306,0.30536243908493427
10.144545766426075,1.312785284979768,1.9348948642096246,2.4926427009509897,A2,PU,combo_011,25.28672795914522,2.5401015057173217,mlp,0.40986,0.59014,0.81972,0.2542258,0.7801253189858007,349.8421,1.4685144,0.3969153688041156,0.0,0.4064528988344238,0.21875,0.6616452192777242,0.348484510219565,0.39525641407653994
9.109717675330153,1.2139981198253709,2.374831873120584,2.381096171447359,Si3,Si3,combo_006,21.69111387969496,2.883041428869753,mlp,0.5397236,0.46027642,0.92055285,0.199514,0.6122349893768949,333.9973,1.8868824,0.32924247578604915,0.0,0.3294979425656902,0.09375,0.6616265250460569,0.2833977262300076,0.31488063389798127
14.994183516377351,0.6615058575320545,2.532278429550269,1.84839762859541,A1,Si1,combo_008,27.715213254396282,1.6751170140495748,mlp,0.49500793,0.50499207,0.99001586,0.055598836,0.17061235168257693,420.3128,1.4527156,0.6978948754143189,0.0,0.3586540721919775,0.25,0.6613987187882449,0.5574216400196423,0.179116803954173
9.578097795766547,1.6211178693498778,1.4170064544731438,1.2065069651576308,A2,Si3,combo_014,11.55604170355329,2.2971344843305275,mlp,0.41515797,0.584842,0.83031595,0.21522863,0.6604574025922718,327.97314,1.4124825,0.30351332011683696,0.0,0.35938093139830024,0.34375,0.6612120212415453,0.2905637687347014,0.3638994609128394
9.300886156761415,1.036477970230615,2.5074643383184574,0.7696575526284348,Si1,PU,combo_001,7.15849727668868,2.598931547805967,mlp,0.43916482,0.5608352,0.87832963,0.11943658,0.36650686587671344,329.62543,2.434078,0.31057019927713325,0.0,0.4446522172484603,0.375,0.6610051734562485,0.3132108793796349,0.2996880492069034
8.54959716760658,1.586837984135855,1.5711515741726083,2.0670463665390733,A2,Si1,combo_012,17.672413760673933,2.4931629967319373,mlp,0.43954405,0.5604559,0.8790881,0.21403596,0.6567975252262165,320.98834,1.2634455,0.2736813156018524,0.0,0.15121562200912636,0.375,0.6609504261792346,0.25110646747837734,0.3329894223771329
12.437422941369888,1.2227595619277145,1.5602424294777888,2.0078241231794616,Si3,Si3,combo_006,24.972157811868115,1.907801349569294,mlp,0.46944124,0.53055876,0.93888247,0.19288445,0.5918913224156297,386.75604,1.6636041,0.5545743545227398,0.0,0.2779884957810331,0.09375,0.6609298491828991,0.43465568906811747,0.2954020068469623
14.348730761254863,0.6447647687433103,2.957139429844162,1.0957644788547656,Si3,PU,combo_005,15.72282948483378,1.9066593206251956,mlp,0.4801653,0.5198347,0.9603306,0.1010089,0.30995911073928617,414.6861,1.5445554,0.6738632705223905,0.0,0.2311360114392457,0.34375,0.6609086192369665,0.5377670602625243,0.22472818460987914
14.293854011446143,0.7701239358780707,2.2538158253759533,0.9508286865759137,Si2,Si2,combo_004,13.591006435811192,1.7357175141828116,mlp,0.55841184,0.44158816,0.8831763,0.1828682,0.5611551474504548,407.07275,2.9057019,0.6413467792284642,0.0,0.35568199791601357,0.25,0.6607725515184102,0.526152856849411,0.3455032918876578
10.56896865813824,1.1699830238973778,2.605842955013828,1.8294494100568277,A2,Si3,combo_014,19.335393476540105,3.048792020308757,mlp,0.4623081,0.5376919,0.9246162,0.1420927,0.43603017781263537,355.69656,1.2527909,0.4219197026157975,0.0,0.23432805642099333,0.34375,0.6606551369409219,0.35999643042521773,0.2632791860297823
11.156235605315846,1.0154689178342962,2.5176659005090714,2.468375501032008,A2,Si3,combo_014,27.537778651902627,2.5566114674582554,mlp,0.5679437,0.4320563,0.8641126,0.15867037,0.4869009139382163,373.01297,3.0197196,0.4958778608044858,0.0,0.4029085191805136,0.34375,0.6602958714211328,0.43909806813619257,0.34302609554795693
9.184724811248758,1.1664104925291925,1.6044353182406574,2.1379064417953524,A1,Si1,combo_008,19.636082340086322,1.871430189780317,mlp,0.46455908,0.5354409,0.92911816,0.17825775,0.547007377278261,336.02945,1.661356,0.3379216994276762,0.0,0.19646992433818067,0.25,0.6600365932016031,0.29045864809094324,0.2908557019002498
15.783900905978104,0.6005320770961661,2.5322366274782704,1.189898273025439,A1,Si3,combo_010,18.78123642962801,1.5206893215985162,mlp,0.5205743,0.47942573,0.95885146,0.10873563,0.3336695960074098,427.19318,1.1637261,0.7272808557616234,0.0,0.3630334861358818,0.1875,0.6599987694351411,0.5704668784701493,0.2214736394049624
9.845245228132056,1.3227338616540383,2.6831972751386273,1.6348918850867484,A2,Si1,combo_012,16.09591153016213,3.5491558933237095,mlp,0.5392122,0.46078777,0.92157555,0.10076753,0.3092184381474826,339.52563,3.0267227,0.3528538638700873,0.0,0.33651256654838735,0.375,0.6599762249917951,0.3355081833754773,0.2757106153743981
9.785324353943277,1.1849723933632839,2.9642646313299523,1.4701417401291519,A2,PU,combo_011,14.38581377343434,3.5125717547491857,mlp,0.45007825,0.54992175,0.9001565,0.14738394,0.45226703976787197,338.92767,3.5739224,0.35029997797250606,0.0,0.4262799438105137,0.21875,0.6596806214121852,0.3303155449410409,0.3271569364176558
10.428518726120222,0.7941726979934346,2.8139818121071767,0.6992376158839835,A1,PU,combo_007,7.292012571253781,2.2347875278256106,mlp,0.44186014,0.55813986,0.8837203,0.12312148,0.37781446896911985,348.7692,3.3954344,0.39233299835901686,0.0,0.5290241912182841,0.25,0.6595719642560006,0.3720801557356883,0.31749492499085286
14.300799333858054,0.5847951269247098,2.945533043275973,1.3263597280763717,A1,Si1,combo_008,18.968004315730727,1.7225333699034995,mlp,0.5008745,0.49912548,0.99825096,0.11896291,0.3650533450709378,411.74048,2.3426716,0.661282573645472,0.0,0.12114595431053637,0.25,0.65946794746612,0.513317134501786,0.23000714523756524
9.437750046836927,1.0197150400163348,1.9444541674915075,1.557875724202503,A1,Si3,combo_010,14.702841689058284,1.9827891592135316,mlp,0.5441825,0.45581752,0.91163504,0.19609298,0.6017371282644831,339.58725,0.79677546,0.3531170207358226,0.0,0.2644188427843737,0.1875,0.6594476742980756,0.296515752073704,0.29289265779089313
8.434382427327186,1.3600666625399516,2.910638606916593,2.4180874710887594,A2,Si2,combo_013,20.395074473891068,3.9586625359689847,mlp,0.54756486,0.45243514,0.9048703,0.17743696,0.544488688075784,322.75424,2.370964,0.2812234513303173,0.0,0.377715285945931,0.15625,0.6594467634101573,0.2637253759183369,0.3178193435922399
8.072035296869696,1.552180911395503,1.96496600822694,1.2940589192965504,A2,Si3,combo_014,10.445689272790808,3.0499827295108752,mlp,0.3913059,0.6086941,0.7826118,0.19697687,0.6044494678204783,312.67505,2.4517183,0.23817534145874147,0.05796051025390639,0.5743729359084149,0.34375,0.6588223525255814,0.272486108080308,0.3981045182626458
10.234109319639492,1.0863831117485914,2.96866636682247,2.2184876165400778,A2,Si1,combo_012,22.70424479193761,3.22510900533198,mlp,0.55744284,0.44255716,0.8851143,0.15124227,0.4641068269545928,353.0851,3.2585194,0.41076623093937487,0.0,0.3069711726257705,0.375,0.6587245895130127,0.3744665988475141,0.3302989850737841
12.949008523481524,1.3574401969734216,1.1496604100455823,1.1447434301723656,Si3,PU,combo_005,14.823292434501438,1.5605952534648198,mlp,0.4356374,0.5643626,0.8712748,0.19435559,0.5964057305506456,384.1694,3.2816885,0.5435268494296964,0.0,0.25067360610922346,0.34375,0.6578255683208645,0.4587816019043235,0.3639521100332573
12.15594957771248,0.9103600893270558,2.193578625681294,0.6244912556824214,Si3,PU,combo_005,7.591284215797867,1.996946433621143,mlp,0.5717795,0.4282205,0.856441,0.22109261,0.6784517958315287,377.9618,3.2560835,0.5170142188125225,0.0,0.22251436456949225,0.34375,0.6577499975121489,0.43725507143375747,0.3879131695546078
8.51882399296046,1.0167853313351252,2.7920638496488017,0.5390854954051074,Si2,Si2,combo_004,4.5923744525140044,2.8389295664739818,mlp,0.42502823,0.5749718,0.85005647,0.16905926,0.5187806091019233,318.79742,0.9983811,0.2643239318946382,0.0,0.4992323772373238,0.25,0.657733003162908,0.2652868934257064,0.312637231586317
9.42280005106211,1.5065561124029156,1.9258431918490273,2.481678181043307,A2,Si1,combo_012,23.3843572910546,2.901390832209693,mlp,0.40857705,0.5914229,0.8171541,0.2175735,0.6676529193053719,336.85028,2.860563,0.34142745981285755,0.0,0.34578245783438305,0.375,0.6577000638036293,0.3274518338474991,0.3991061721147494
8.668773680489124,1.3763518571270743,1.546755751683973,1.8854976747811656,Si3,Si3,combo_006,16.34495261776641,2.1288801513522198,mlp,0.47539383,0.52460617,0.95078766,0.14886364,0.4568076947276622,326.31497,1.8678163,0.2964312852977557,0.0,0.3465117413965826,0.09375,0.6574936601238368,0.26201826484676727,0.2626376228595493
12.14355789724775,0.574834064934096,2.820281990726833,1.7924254124989962,A1,PU,combo_007,21.76642177317974,1.6211941609899296,mlp,0.4377989,0.56220114,0.8755978,0.20427544,0.6268461028860899,389.91797,3.5595937,0.5680789027440523,0.0,0.29566966190373384,0.25,0.6574561618204481,0.4727398353898742,0.37305831577101606
15.729622421175597,1.3443558029846692,1.1943279574969663,2.4640965816502423,A2,Si2,combo_013,38.75930883866779,1.6056017203278738,mlp,0.5295193,0.47048068,0.94096136,0.10558646,0.3240059632420078,432.40616,4.352094,0.7495454385491571,0.0,0.4525366039112395,0.15625,0.6574476574271131,0.6107753871639588,0.2929722969808758
9.060008689059593,1.4962307400188826,1.9169117897384536,1.7875036162158946,A2,Si3,combo_014,16.194798294641448,2.868142345711287,mlp,0.5808132,0.41918677,0.83837354,0.16376777,0.502542969801702,328.8829,1.8594991,0.30739889184761143,0.0,0.46222972251266864,0.34375,0.6573838697361326,0.306218089922359,0.3333301246296705
15.226583661492626,1.1546450366833119,1.9081024655063716,1.9619233144508352,A2,Si1,combo_012,29.873389484918548,2.2031810412801223,mlp,0.5687463,0.43125367,0.86250734,0.21297933,0.6535551278430707,419.27286,2.4103956,0.6934532723862553,0.0,0.19091160181536584,0.375,0.6572990721013534,0.5557145997427324,0.36160255613523984
10.616845043042028,0.7470795327329633,2.586952126692905,1.671234607109621,Si1,Si1,combo_002,17.74323885425207,1.9326589860122814,mlp,0.5074395,0.4925605,0.985121,0.15622468,0.4793960139212427,362.1771,1.8240318,0.4495979656501434,0.0,0.19667130128101906,0.09375,0.6572891894968309,0.3539913790586084,0.24715915547850917
15.64034159089751,0.714969500400426,2.4752830770214445,2.4908387990240346,A1,Si2,combo_009,38.95756966459681,1.769751904927651,mlp,0.45909506,0.54090494,0.9181901,0.20779653,0.6376510152674213,431.64746,2.0623345,0.7463050508131274,0.0,0.12296554589403477,0.25,0.6565970689634945,0.5713532229956051,0.3198736521572461
13.560502162780152,0.9305136492419848,1.904682992003901,0.5561508950820863,Si3,PU,combo_005,7.541685415592748,1.772333521538692,mlp,0.43783933,0.5621607,0.87567866,0.19136825,0.5872386840518805,400.8651,2.005115,0.6148340182710894,0.0,0.2327467487175211,0.34375,0.6561835770823872,0.49933747095490283,0.3315719932526448
15.44821105732386,0.8027864448609235,2.8122866052235196,1.8492992948596578,Si3,Si3,combo_006,28.568365815152184,2.2576655657373847,mlp,0.49162588,0.5083741,0.98325175,0.16214973,0.4975777930279654,422.1333,2.3137136,0.7056701897622986,0.0,0.17520464700648225,0.09375,0.6557683377039282,0.5339976956740901,0.260461268100175
15.666204365128763,1.1416504439856618,1.7488475044255603,2.11230170189464,Si3,Si3,combo_006,33.09175014269073,1.9965725298906576,mlp,0.54927874,0.45072126,0.9014425,0.23294854,0.7148332787057956,422.7447,3.0736737,0.7082814253483016,0.0,0.25764358684485816,0.09375,0.6557274320275748,0.548573865170392,0.3646319661710898
9.326633573493126,1.3971899440810234,2.357463267524261,2.267893171149785,A2,Si1,combo_012,21.151808591141375,3.293823970925289,mlp,0.5782256,0.4217744,0.8435488,0.2118061,0.6499549231361279,335.86472,2.5254302,0.33721812302290205,0.0,0.2521929834536165,0.375,0.6555240120840428,0.3131599624797927,0.37192109368008597
10.82614262331795,0.7278065001973685,2.87169768855616,0.522867115971575,A1,Si1,combo_008,5.660633970551197,2.0900402443329313,mlp,0.536122,0.46387798,0.92775595,0.13653626,0.41897948138469104,354.99197,2.3195884,0.41891040805606716,0.0,0.2980299250972052,0.25,0.6553171785465948,0.36120819763542467,0.27493502545182247
14.23034658255277,1.095409909965983,1.185463708128791,2.0114331442098967,Si1,PU,combo_001,28.623390769740677,1.2985686937892995,mlp,0.5070415,0.4929585,0.985917,0.04072234,0.1249618643695787,406.7685,1.6086936,0.6400472874249078,0.0,0.25296776119493236,0.375,0.6551937725623989,0.5197842047161411,0.16927196260583594
11.343013272151833,0.7541622025584174,2.477618780849992,0.6939230528912176,A1,PU,combo_007,7.871178398797199,1.8685264368659307,mlp,0.44842505,0.55157495,0.8968501,0.12443331,0.3818399956980814,365.05676,3.4752593,0.4618969973527905,0.0,0.4476362661295463,0.25,0.6551890052397965,0.41310929815263675,0.30835164528831105
15.789092884944392,0.5483365088021421,2.8683706101177764,2.2752699359326383,A1,PU,combo_007,35.9244483567619,1.5728323263026518,mlp,0.54906476,0.45093524,0.9018705,0.13892217,0.42630097371147296,433.79718,1.3077383,0.7554864752490476,0.0,0.38420978537780864,0.25,0.655105394800587,0.5994320264202159,0.2694336118340426
13.221953098434831,0.7244484174383646,2.387461867292414,1.59425886899582,A1,Si1,combo_008,21.07921599262649,1.7295929714544322,mlp,0.48579255,0.5142075,0.9715851,0.082404576,0.2528692946536224,399.32538,2.0352457,0.6082578337719281,0.0,0.301912044640692,0.25,0.6550889941642583,0.4924542606321051,0.21148006367177344
11.140005166956843,0.7100305990022345,2.8243937983487557,1.3899475027682249,A1,Si2,combo_009,15.484022362636786,2.0054060204597635,mlp,0.4719034,0.52809656,0.9438068,0.12552798,0.38519913200744493,366.6088,2.1849802,0.46852570895293805,0.0,0.2685273039856743,0.25,0.6546527173063165,0.39219080051075494,0.2558940502584148
12.725731124245481,1.068016560153422,1.9047820267318207,1.7798797053503546,Si3,Si3,combo_006,22.650270563789885,2.0343387480321824,mlp,0.4834845,0.5165155,0.966969,0.13640241,0.4185687688757653,390.87143,1.0125312,0.5721511216425994,0.0,0.3063267622116813,0.09375,0.6546298226936651,0.4459342346471579,0.2254832899048658
14.87484318631081,0.9341967710709684,1.8490544369519273,0.8722050293186083,Si3,Si3,combo_006,12.973913037425922,1.727380684534938,mlp,0.49165973,0.50834024,0.98331946,0.113694906,0.3488877930864949,414.7049,2.048362,0.673943560086181,0.0,0.3157735956701219,0.09375,0.6545874329152381,0.5242731670048765,0.22400037075217336
15.79139900466125,0.9662040568514876,1.4983939310070458,2.02238653255451,Si2,Si2,combo_004,31.9363126772216,1.4477542949006557,mlp,0.51042527,0.48957473,0.97914946,0.100386925,0.3080505001711988,429.1275,1.8403656,0.7355423390591783,0.0,0.2147001787392553,0.25,0.6544447993120015,0.5716771414546615,0.21366890370839692
8.707717721045215,1.0590408424652709,1.8921861023233095,2.025005462544635,A1,PU,combo_007,17.633175951413282,2.003902363905555,mlp,0.57157964,0.42842036,0.8568407,0.22576773,0.692798017605675,330.8602,1.1575215,0.315843894148116,0.0,0.2768218207513203,0.25,0.6542054009377991,0.2800530630737955,0.3434831221071224
13.903417476879547,1.1215927255833122,1.6097786335225215,1.3222889231443244,Si3,Si3,combo_006,18.384334923529035,1.8055160051583048,mlp,0.49734274,0.5026573,0.9946855,0.13588893,0.41699309059196743,401.77155,1.9048038,0.6187053829199594,0.0,0.2017696879394021,0.09375,0.6539539169208493,0.47335515846199583,0.22775851058239316
12.603164991519101,0.7198728848221062,2.0193716773711596,2.3017496241083286,A1,PU,combo_007,29.00933028180434,1.4536909149172321,mlp,0.42056504,0.579435,0.8411301,0.1748154,0.5364440820086156,397.4379,1.3508292,0.6001964226828445,0.0,0.4890828726032814,0.25,0.6539505830229461,0.5014717055260874,0.32460858795069625
12.7571732881061,1.2667691091734787,1.3269117344291976,0.6667434628971882,Si3,PU,combo_005,8.505761894891371,1.6808907957747103,mlp,0.56373394,0.43626606,0.8725321,0.18813908,0.5773295474498695,378.7231,4.2172065,0.5202658158058349,0.0,0.23746122923516177,0.34375,0.6536737876110005,0.4467226119268244,0.37470098878001196
15.718318405863261,0.7434421873083983,2.1563493342180937,1.2836833403783476,A1,Si2,combo_009,20.177343476369014,1.603121065632108,mlp,0.41951647,0.58048356,0.83903295,0.17798084,0.5461576477577347,423.4511,0.9200162,0.7112985403200894,0.0,0.48504188951627847,0.25,0.6536480609412149,0.576285589031327,0.3184649366373768
14.013511010300274,0.992995018836704,1.1295494911427195,0.6862017098384195,A1,PU,combo_007,9.616095216107565,1.1216370182342543,mlp,0.51264954,0.48735046,0.9747009,0.111031555,0.3407149479599541,403.6906,1.627795,0.6269016961170351,0.0,0.1929757432054446,0.25,0.6536391496915028,0.49219630607190984,0.21743299890984372
11.422502141784575,1.319980342370068,1.7620493638501311,2.153183453447271,A2,Si1,combo_012,24.594742608656563,2.3258705225678566,mlp,0.44650713,0.5534929,0.89301425,0.121415846,0.3725805137354115,369.3763,2.8059478,0.48034574041706257,0.0,0.3335411518003619,0.375,0.6533261093941936,0.4231467859242838,0.2928616361605116
9.271364255785974,0.997409606044206,2.2590387560604466,2.2083554453801293,A1,Si1,combo_008,20.474467740367647,2.2531869557208433,mlp,0.48355764,0.51644236,0.9671153,0.10132553,0.31093072338078126,341.90436,0.852349,0.36301336117400024,0.0,0.2474009896475927,0.25,0.6531631566506062,0.30832079859918354,0.19908561547459677
10.339605377389168,1.5604699128820032,1.2197347865489028,0.6257041694648082,A2,Si2,combo_013,6.469534195253154,1.9033594361051152,mlp,0.54063755,0.45936245,0.9187249,0.15869857,0.486987473588561,334.80377,4.2435117,0.33268684593657905,0.0,0.3410842380881072,0.15625,0.6529469308580982,0.3071855491999246,0.33104541779349234
9.785039264083244,1.4364672522405768,2.234641570689867,2.058828785609766,A2,Si1,combo_012,20.14572050521638,3.2099894367914397,mlp,0.4288434,0.5711566,0.8576868,0.17058817,0.5234722518934295,340.04266,1.9788625,0.35506208755472657,0.0,0.30916942446573226,0.375,0.6528740100998857,0.3281087840373951,0.32486003289135656
9.083366322923785,1.4700030177683725,1.9383450702162637,1.0366455548769875,A2,PU,combo_011,9.41623132197827,2.8493731026943556,mlp,0.53888804,0.46111196,0.9222239,0.16868381,0.517628492382385,324.48123,1.89807,0.28859940330256,0.0,0.2342952019070646,0.21875,0.6528242430205231,0.25799361191914844,0.28647003557816936
9.376947086902986,1.0710611286977543,1.7914540186179273,1.4879659801681493,A1,Si3,combo_010,13.952578263148473,1.918756763191045,mlp,0.4437934,0.5562066,0.8875868,0.24412912,0.7491423598511009,337.25195,0.6997191,0.3431429975378736,0.0,0.1604380694663639,0.1875,0.6527348041418061,0.27856058911211246,0.326873929979216
13.507057814950027,0.9065993071188974,2.9266404473626624,2.364583474383573,A2,Si3,combo_014,31.938565696774326,2.6532902017651296,mlp,0.3941434,0.6058566,0.7882868,0.2429673,0.7455771356684655,405.18124,2.884622,0.6332681632328541,0.03904398282368992,0.3686933892080698,0.34375,0.652260827526036,0.5310490214205521,0.42562789469378903
14.393676986586442,0.9049201747611586,2.7188375204611335,1.2330170845979627,A2,Si3,combo_014,17.747649634645605,2.460330924162884,mlp,0.44208527,0.55791473,0.88417053,0.1416698,0.4347324232239222,408.93207,0.9960278,0.6492878863120631,0.0,0.32631326617768286,0.34375,0.6520131461348502,0.5268308023012088,0.27129618148251256
10.402023910170225,1.2265896827651237,1.1194462377136385,1.8636055852015374,A1,Si2,combo_009,19.385269856393165,1.373101205589783,mlp,0.41067082,0.5893292,0.82134163,0.20886324,0.6409243692714247,350.26996,4.2129636,0.3987427384215541,0.0,0.44181198280875345,0.25,0.6516483633211363,0.372691384757388,0.4134612702012983
11.442563877969803,0.8017497598109072,2.388439381073062,2.148929167265628,Si2,Si2,combo_004,24.589259265669405,1.9149307000982394,mlp,0.4342065,0.5657935,0.868413,0.16167642,0.496125392513491,377.6978,1.776747,0.5158867760742314,0.0,0.4134822449579142,0.25,0.6515683037856889,0.4374193755873307,0.30799265156192956
8.01022439423626,1.0313250820771267,2.7742932969445144,1.7321539098315106,Si2,PU,combo_003,13.874941503104083,2.8611982621773238,mlp,0.42130762,0.5786924,0.84261525,0.17972766,0.5515179901407049,318.56476,2.540582,0.26333021820253044,0.0,0.5138393907836494,0.1875,0.651366998824139,0.2689428767213458,0.3489044523210278
14.085687421885847,1.3118579150124263,1.2854432008703451,2.0424780773135147,Si3,Si3,combo_006,28.769707763092562,1.6863188373606706,mlp,0.523321,0.47667903,0.95335805,0.19049922,0.5845719334929238,405.24466,2.155448,0.6335390101704459,0.0,0.1677119038712782,0.09375,0.6512520232746132,0.4818185291153664,0.2865020729344576
8.182275142544858,1.3965521289718714,2.845452641137406,2.040642003932631,A2,Si2,combo_013,16.697094343610896,3.973822943869079,mlp,0.5613349,0.4386651,0.8773302,0.18003131,0.5524497981463706,317.94077,2.3108003,0.26066515211353153,0.0,0.4154681615982868,0.15625,0.6511568011127301,0.25275325354020645,0.32502056174414273
11.68312916929656,0.8350214100673555,2.6394308317095723,0.6122933121520264,Si3,Si3,combo_006,7.153501855368543,2.20398125486938,mlp,0.44923097,0.55076903,0.89846194,0.2487079,0.7631929619002189,367.03693,3.4061677,0.4703542516321852,0.0,0.1891825355776758,0.09375,0.651072890469081,0.3771494859119212,0.37818631374241196
11.628764350379369,0.7792208347782653,2.2090641575610315,1.2545872601802692,A1,PU,combo_007,14.58929960562444,1.7213488169334523,mlp,0.44840604,0.55159396,0.8968121,0.15048313,0.4617773069404287,376.5086,3.26657,0.5108076791232796,0.0,0.3402420292123473,0.25,0.6510495451582528,0.4353704159578653,0.3158912935871739
11.724365790214176,1.135673341416664,2.2925843973340196,1.732156434002282,A2,Si1,combo_012,20.308435638115732,2.603626983000035,mlp,0.45247945,0.5475205,0.9049589,0.08664859,0.26589261244249474,375.76508,2.6255019,0.5076320704671262,0.0,0.3810809680245448,0.375,0.6510234311740598,0.4459316656047624,0.2589084777221733
13.49932416511014,0.8382426811576628,1.9598980897775449,1.7474983713478902,A1,Si1,combo_008,23.590046992827187,1.6428702295709108,mlp,0.5004593,0.4995407,0.9990814,0.11073367,0.3398008588473199,401.61713,1.0565294,0.6180458615031093,0.0,0.08646498998577569,0.25,0.6509346206721323,0.4719601602361707,0.18928550274338665
11.188517701774403,1.4390393558461552,1.3451357328161686,0.5442132533873386,Si3,PU,combo_005,6.088939619064477,1.9357032584774252,mlp,0.41206342,0.5879366,0.82412684,0.18546523,0.569124488232643,345.47284,1.7546866,0.37825430155248213,0.0,0.40445325210590954,0.34375,0.6508689407329423,0.34941798850359324,0.34579284141923833
8.487207689315937,1.262348142124189,1.5186520248141806,1.6606808766844554,Si1,Si1,combo_002,14.094543506096242,1.9170675620573188,mlp,0.50917065,0.49082935,0.9816587,0.12559763,0.38541285615203624,320.9039,1.9827495,0.27332066426580015,0.0,0.26004398410506574,0.09375,0.650793309459128,0.2378752822289292,0.22706356318224138
9.841439293253227,0.9536321591055985,2.1808924658383386,2.1957908939849595,A1,Si2,combo_009,21.609742783831212,2.0797691909745475,mlp,0.47672516,0.52327484,0.9534503,0.10309091,0.31634804057850563,349.38525,1.4403107,0.39496417599576655,0.0,0.27589197205555643,0.25,0.6507336731177961,0.3370204143927683,0.21745263897642664
13.981296781315748,0.8763284001881316,2.895517734340962,1.2401934469583265,A2,Si2,combo_013,17.339512648167332,2.537424423851379,mlp,0.54343253,0.45656747,0.91313493,0.18313363,0.5619696678157959,405.0343,2.212278,0.6326405751652387,0.0,0.2703783216832484,0.15625,0.6505139053492951,0.49804310685491515,0.304545184236247
9.5256881736547,1.0203418822007864,2.3338595160638924,1.580331595585478,Si2,Si2,combo_004,15.053745990521449,2.381334611412848,mlp,0.5488676,0.45113242,0.90226483,0.1641151,0.503608801227949,338.863,1.3385079,0.3500237870866749,0.0,0.2744053484559487,0.25,0.650447804692117,0.3048100774816914,0.2806590035621588
11.724719986280213,1.1512780868348487,2.159214057898205,0.7682312668214485,A2,Si2,combo_013,9.007296488186805,2.4858558296439552,mlp,0.51102513,0.48897487,0.97794974,0.11945001,0.36654808802398536,366.5355,1.3426976,0.4682126317902357,0.0,0.22645555919443763,0.15625,0.6502604211405332,0.37339712307412876,0.21151970184288046
15.556697647173774,0.8381835580496959,1.9200689616863924,2.023504779421664,Si1,Si1,combo_002,31.47905204107389,1.6093702340070857,mlp,0.5160702,0.4839298,0.9678596,0.11413157,0.35022775293525465,423.55792,2.2007062,0.7117547310234443,0.0,0.33968752372366484,0.09375,0.6498726155001502,0.5540353490870004,0.23121683957966863
14.398698282002655,0.961551426167238,2.2145441798457703,0.7165729535686041,A2,Si3,combo_014,10.317717755477828,2.1293981144410568,mlp,0.5233455,0.47665453,0.95330906,0.05815424,0.17845394496178024,409.80402,1.5783074,0.65301196653385,0.0,0.3027330236385415,0.34375,0.6480605516605927,0.5305309022092538,0.19014111573337045
9.341791082138249,1.2285051437835985,2.133388741408492,1.4000874009339492,Si3,PU,combo_005,13.079323996258886,2.62087904251035,mlp,0.42556104,0.5744389,0.8511221,0.17258716,0.5296064183454879,333.47214,2.2380698,0.326999451267754,0.0,0.32436945811689916,0.34375,0.6477760291534553,0.3083963065615863,0.3299767721570957
12.176571249068536,0.8093848321220509,2.071853563244814,1.1080310670750277,Si1,Si1,combo_002,13.492019234420512,1.6769268484683766,mlp,0.46931434,0.53068566,0.9386287,0.16453022,0.5048826410268417,383.94577,1.4632162,0.5425717164370724,0.0,0.27764162060982556,0.09375,0.6476869216208357,0.4250314220887258,0.26073987227714246
9.701404977094306,1.1449494883956608,2.8644465512331685,2.360424660545436,A2,PU,combo_011,22.899435549871633,3.2796466133711313,mlp,0.5449602,0.4550398,0.9100796,0.2466144,0.756768754316551,342.45465,3.8016412,0.3653636556776843,0.0,5.597133544183218e-10,0.21875,0.6468715864057255,0.29958185246506613,0.3745145911162552
14.21213735318496,0.7969137307440272,1.8168302617819712,1.4233456567622227,A1,Si3,combo_010,20.228783974963964,1.4478569820453182,mlp,0.50143087,0.49856913,0.99713826,0.04330988,0.13290206614638814,409.67026,1.0440766,0.6524406854330488,0.0,0.3346916155322228,0.1875,0.6466900843181368,0.514535389479051,0.14447158391050044
10.614461537149024,1.1274361048252382,2.0700040677947418,1.8991227804829187,Si3,PU,combo_005,20.15816570775945,2.333797323166902,mlp,0.40102357,0.59897643,0.80204713,0.18606757,0.5709728317013356,356.23846,1.7619698,0.42423415356421795,0.0,0.45396669894117725,0.34375,0.6464293589519983,0.3865983983992261,0.35401786947218955
13.18794261407969,0.7869051860190339,2.135876706179551,1.84633881434914,A1,Si2,combo_009,24.34941032978439,1.680732456789941,mlp,0.4636394,0.5363606,0.9272788,0.11860737,0.3639623413850422,399.1563,1.9697115,0.6075357490586178,0.0,0.29552368338537915,0.25,0.6464262916435722,0.49092153358732965,0.24804486516972893
13.517788201411555,0.9147637114557212,1.512456314964704,1.5713100003105,A1,Si2,combo_009,21.240635782957266,1.3835401520917558,mlp,0.44709072,0.55290926,0.89418143,0.13787936,0.42310096449307594,402.34424,2.6115158,0.6211513471311471,0.0,0.3564125743689788,0.25,0.6462268324173667,0.5103454218951865,0.2911909988606234
12.555462867559687,1.0231331342524825,1.2208216078644893,1.8887856773561016,A1,Si2,combo_009,23.714578436823103,1.2490630380175503,mlp,0.44436947,0.55563056,0.88873893,0.16335444,0.5012746171438772,392.92365,3.0421383,0.5809161091364571,0.0,0.29800784235560657,0.25,0.6461987954500386,0.4788926538788106,0.3187243687207528
12.157225313214223,0.6400688081884676,2.549428883231263,0.6684386701498042,A1,PU,combo_007,8.126359521076452,1.6318099068510903,mlp,0.5291073,0.47089273,0.94178545,0.09438517,0.28963332271266695,384.43652,3.245312,0.5446677172086863,0.0,0.31321402467245985,0.25,0.6459091081807671,0.45624364176882887,0.25114569704456113
13.125442211895821,0.9400842391175575,1.5608873477849545,1.1834553679571624,Si1,PU,combo_001,15.53337504247964,1.4673655946906412,mlp,0.5554436,0.44455642,0.88911283,0.14669058,0.4501393550926522,392.49393,1.25095,0.5790807887667602,0.0,0.2203338176427339,0.375,0.645833038459899,0.471723855241201,0.2707675716195226
11.397480587288623,1.1714365751950635,1.5423962567303722,0.6868068338000908,Si2,PU,combo_003,7.8278675554536985,1.8068193885779131,mlp,0.5777726,0.42222738,0.84445477,0.23122233,0.7095361756236319,354.67218,2.1197217,0.4175445730902228,0.0,0.3120390886824957,0.1875,0.6458114105718225,0.35421838585413773,0.3652099901502084
9.428695714948367,1.5826398232667207,1.22647467124817,1.9553706831524602,A2,PU,combo_011,18.43659518137526,1.9410676569453131,mlp,0.55382156,0.44617844,0.8923569,0.20800127,0.6382792929196858,331.0037,2.7157106,0.31645675377302296,0.0,0.17639125471540895,0.21875,0.6458093799338842,0.2765496549942429,0.33697424731475223
13.690474694445163,1.3215005003420648,1.58724608509561,1.6194175154707269,A2,Si1,combo_012,22.170594515293246,2.097546495619832,mlp,0.41093883,0.58906114,0.82187766,0.16561966,0.5082257274485819,397.85248,1.3398426,0.601967094312866,0.0,0.40850098874490365,0.375,0.6457917225111914,0.5070878673638722,0.3211669615650542
11.784992356755856,1.3117053710700979,1.4454145273711925,0.8863397652921976,Si3,PU,combo_005,10.445507359457327,1.8959579989755402,mlp,0.53506166,0.46493834,0.9298767,0.12889855,0.39554216428939326,361.5781,2.4223294,0.44703964818572955,0.0,0.15410594296820876,0.34375,0.6454418869565601,0.3764902305601119,0.2613372378129999
15.034641654033042,0.9399155315279822,1.3982891438335883,1.4833714150132349,A1,Si1,combo_008,22.301957664559914,1.3142736838561544,mlp,0.56514865,0.43485135,0.8697027,0.1352228,0.4149489476395051,417.25446,2.3609405,0.6848327018350597,0.0,0.4485903534236296,0.25,0.6453673783995977,0.5626549465079301,0.2969662542709602
10.170714988176035,1.1323125499286033,1.5525286779980991,0.9131234123278977,A1,Si3,combo_010,9.287117975817795,1.7579477062213111,mlp,0.47276926,0.52723074,0.9455385,0.16373089,0.5024297975171784,341.92844,1.6725419,0.36311619959255653,0.0,0.1390332882218144,0.1875,0.6443906373870635,0.2961674351961421,0.2574951056713834
8.330783945198506,1.467447364411337,2.479251808844542,2.266270290363333,A2,Si1,combo_012,18.87980815043921,3.638171532600963,mlp,0.430087,0.569913,0.860174,0.10683664,0.32784229791956876,321.65903,2.8240356,0.2765458021983178,0.0,0.43888225328084396,0.375,0.6443543977259909,0.2911281491030262,0.2933796600903934
8.31130697922807,1.546606921400601,1.9480071098597573,1.7286795623178925,A2,Si1,combo_012,14.367586511141624,3.012801279046682,mlp,0.44236523,0.5576348,0.88473046,0.15940374,0.48915137339482834,317.83148,1.6367015,0.2601984038538991,0.0,0.18668024040620135,0.375,0.6442265119943182,0.24742724142065392,0.2873761881371856
14.908603862027697,0.6381110254080327,2.6577939377714825,1.6173028841153612,A1,Si1,combo_008,24.111728024190807,1.6959676149546137,mlp,0.5212655,0.4787345,0.957469,0.04615802,0.14164196157611178,418.58398,1.6217552,0.6905111030300186,0.0,0.3861967625682716,0.25,0.6432837392819053,0.5560091943097477,0.17661531169855613
10.782079625473155,0.734063500955908,2.5926393564391708,1.471493136141275,Si1,PU,combo_001,15.865756162212438,1.90316192270381,mlp,0.53769,0.46231002,0.92462003,0.07614165,0.233650674515961,360.6502,0.9939872,0.44307665437558574,0.0,0.2883148366244911,0.375,0.6430858742441574,0.38179600186817064,0.19986297207410036
10.607263344514621,0.8706475495258037,2.2612815552013763,0.6261078762661605,A1,Si3,combo_010,6.64129112562994,1.9687792448239767,mlp,0.5236877,0.47631228,0.95262456,0.14599773,0.4480132708335772,349.7419,2.0769358,0.3964874619243688,0.0,0.15426453826463232,0.1875,0.6424102147988745,0.32344735393772683,0.2491231942061662
13.88174947102278,1.3182486262227895,1.1894625610584324,2.2094466077730814,A2,PU,combo_011,30.670984278707046,1.5680073870587194,mlp,0.5353667,0.4646333,0.9292666,0.10378781,0.31848656235733436,407.67465,2.7210946,0.6439174790119692,0.0,0.33757812451407276,0.21875,0.6423187997485456,0.5219227613190417,0.24933651295957426
15.060435049216444,0.8120452278698383,2.0603496288466845,2.088780269727276,Si1,PU,combo_001,31.457939584312445,1.6730970838483428,mlp,0.4021747,0.5978253,0.8043494,0.19107251,0.58633115664544,416.38495,2.5997298,0.6811190488293495,0.0,0.368734664686688,0.375,0.6419020734313714,0.5659851646241596,0.3686753784412189
14.363313510717411,0.8936457897170179,1.2010802199852493,0.5682150241053314,A1,Si2,combo_009,8.161450532724727,1.0733402817022077,mlp,0.4809855,0.5190145,0.961971,0.07577233,0.2325173741176677,409.70477,4.2617707,0.6525881002003329,0.0,0.2692091894092447,0.25,0.6418430113425438,0.533412146739777,0.24564091115773842
9.58153423835592,1.148672912791303,2.5205923048692496,1.1806300255423858,Si3,Si3,combo_006,11.312247012565393,2.895336104793505,mlp,0.45790023,0.5420998,0.91580045,0.2119569,0.6504176720328467,335.3587,1.8369677,0.33505695215080883,0.0,0.1763742724737228,0.09375,0.6417715344433194,0.2718596398261813,0.30424053733890466
10.67115554634895,1.4068442063763045,1.5821549171341251,2.083407691656775,A2,PU,combo_011,22.23236754412926,2.225845478759926,mlp,0.42651147,0.57348853,0.85302293,0.22348107,0.6857811073343323,353.75638,1.5266782,0.41363319399965853,0.0,0.24565076095977184,0.21875,0.6416898933975733,0.34445152037991494,0.3393222314056009
9.067483871437421,0.9409729898164397,2.8787452379730443,2.122396767647378,Si2,PU,combo_003,19.244798459433515,2.7088215134953337,mlp,0.42962217,0.5703778,0.85924435,0.21533184,0.6607741020842357,334.32104,1.8507167,0.3306251246378172,0.0,0.27741032957547346,0.1875,0.6414370613496796,0.2883174589117517,0.3373684206428668
11.2987045293854,1.1686346505676064,1.6371328923137203,0.8522291525304304,Si2,Si2,combo_004,9.629085385769855,1.9132102255417793,mlp,0.47160888,0.5283911,0.94321775,0.056596383,0.17367345621115104,354.3708,2.6911664,0.4162573332655564,0.0,0.3912478171004891,0.25,0.6410079916597404,0.370875239082403,0.21076901654160232
14.556751868577253,0.7642416681283369,2.6613126029939016,1.9816673523849988,Si3,PU,combo_005,28.84663993472887,2.033885983123026,mlp,0.54285395,0.45714605,0.9142921,0.13546592,0.4156950159200253,416.61523,1.9902152,0.6821025959857825,0.0,0.15564576432593016,0.34375,0.6401242823582434,0.5386270630226556,0.2596574631209502
15.491324507395762,0.8715143386892092,1.708399790298949,1.7142301814449932,Si2,PU,combo_003,26.555696021136306,1.4888949134591722,mlp,0.5310593,0.46894068,0.93788135,0.11408551,0.3500864133265829,421.9275,1.4804194,0.7047911754470343,0.0,0.28804733216296363,0.1875,0.6396798105683966,0.5491025808541805,0.22254143137610882
11.081639551586502,1.214041192823307,2.0900415589386716,1.9534482539892688,A2,Si3,combo_014,21.647409433385075,2.537396547264189,mlp,0.4368742,0.5631258,0.8737484,0.15839371,0.48605196176267457,365.98834,1.4224939,0.46587576232725036,0.0,0.23090101539004543,0.34375,0.6396670904117904,0.3914288261221823,0.2837932572648018
12.916984571220366,0.6881437826549971,2.22832142284798,2.3314781029510465,Si2,PU,combo_003,30.115666683956796,1.5334055328897742,mlp,0.47830135,0.52169865,0.9566027,0.14654166,0.44968236769405456,402.01956,1.6142251,0.6197646577331493,0.0,0.11797570736966255,0.1875,0.6394052219941156,0.4733699449648302,0.23466508314967666
10.167033092100922,1.0072390787011778,2.6776618108665584,2.490371076036727,Si3,PU,combo_005,25.319685141676384,2.6970456154505595,mlp,0.4050022,0.59499776,0.8100044,0.2057001,0.6312178453533426,352.78482,3.5049999,0.409483683361943,0.0,0.3153430959332325,0.34375,0.6390490713935629,0.37274193866578936,0.39046938778052587
9.935136521308786,1.4546767905679747,1.7310692290731906,2.0071401983816486,A2,PU,combo_011,19.94121188832848,2.518146230399167,mlp,0.406703,0.593297,0.813406,0.24761355,0.7598347858405422,341.3461,1.540575,0.36062904787786604,0.0,0.2956131951080568,0.21875,0.6385029979330766,0.3124272302949018,0.373023674753963
11.02044234511574,1.0237416125915013,2.629408291022632,2.490780336102918,A2,Si1,combo_012,27.449501088370212,2.691834684012973,mlp,0.41352788,0.58647215,0.82705575,0.16948204,0.5200779521550564,370.31793,2.5735385,0.4843673873176378,0.0,0.3289630697025777,0.375,0.6384868378928267,0.4241266022553648,0.33897767827931835
9.238367184212674,1.1505564757692954,1.9310430234976226,0.775150946491564,Si2,Si2,combo_004,7.1611290668790595,2.2217740556743095,mlp,0.42900038,0.5709996,0.85800076,0.14854209,0.45582096958514284,327.30194,2.26419,0.3006466177369552,0.0,0.40448280466336456,0.25,0.6384459994392017,0.2887404764391574,0.3026482325036375
9.993278710772248,0.8770225294410999,2.58202027834452,0.6993978755411746,A1,Si3,combo_010,6.989277900004959,2.2644899555819236,mlp,0.558422,0.44157797,0.88315594,0.16089074,0.4937144341806455,341.4479,1.9510419,0.36106386278826363,0.0,0.3362721676335174,0.1875,0.6383587643123465,0.3161054037612518,0.28980806776965784
15.489429501076675,1.0252404525809058,2.5140356637499943,2.214659239101783,A2,Si3,combo_014,34.30380815297518,2.577491061707582,mlp,0.62506974,0.37493026,0.7498605,0.2811158,0.8626408549112108,425.49078,4.2415395,0.7200099579913533,0.0,0.29831844667129204,0.34375,0.6381296780990849,0.592773458947489,0.4841933191220613
9.333598279511833,0.965829496923311,2.4399050266131477,2.1446370619975816,Si1,PU,combo_001,20.01718079203794,2.356532244394434,mlp,0.42497858,0.5750214,0.84995717,0.1748886,0.5366686889829914,340.586,2.6432793,0.3573826644925921,0.0,0.2255416416715572,0.375,0.6380580069555889,0.3253085186541659,0.33071800009246544
12.799189325178759,0.7096720855266111,2.9003481087896255,2.2108065339892122,Si3,PU,combo_005,28.296531389870175,2.058296091117896,mlp,0.3955319,0.6044681,0.7910638,0.2621712,0.8045068816065178,400.15137,2.8840828,0.6117856216510714,0.02978738149007176,0.20488474772953805,0.34375,0.638056332415011,0.49962718162772685,0.4216708216682926
9.402357603025816,1.30008618025883,1.3815234653791406,1.0779055740213515,Si1,PU,combo_001,10.13485366924356,1.7960995650427087,mlp,0.47734427,0.5226557,0.95468855,0.073465854,0.22543964803282335,326.6166,1.9593954,0.2977195678440297,0.0,0.14945490941548475,0.375,0.6375628975111366,0.2718821838976916,0.19618759735243912
9.077035387934622,1.5694020596055882,1.5132135412224348,2.4054174474407617,A2,Si3,combo_014,21.834059293175162,2.374840448217555,mlp,0.6107267,0.3892733,0.7785466,0.23759674,0.7290968732806958,330.06436,2.2627883,0.31244488238751966,0.0,0.32278918251323385,0.34375,0.6375460407028449,0.29819659159037887,0.4000741778624996
11.57872748140495,1.2316959822888724,1.386732454638616,1.2165461970316382,Si2,Si2,combo_004,14.086056883968912,1.7080327928879693,mlp,0.46314335,0.53685665,0.9262867,0.1052947,0.3231106447244431,361.71365,2.8683054,0.4476186193583873,0.0,0.2781010454387074,0.25,0.6371394609295629,0.38256339481414303,0.24977478098726522
9.101641214217015,1.2922576099259553,2.6284258164989023,2.2568810178687304,A2,PU,combo_011,20.541321287818082,3.396603263496549,mlp,0.58785075,0.41214925,0.8242985,0.2506775,0.7692369106078875,332.5328,3.1482341,0.3229875798822507,0.0,0.2353785874589411,0.21875,0.6368690181495079,0.2895836053445472,0.4006302492153736
11.181723090249076,0.8749375898761781,2.123812960397319,0.9280838881871429,Si1,Si1,combo_002,10.377577042230318,1.8582037929178212,mlp,0.5525438,0.44745618,0.89491236,0.17270619,0.529971679035902,364.58218,0.7224642,0.45987007688768455,0.0,0.33935792723826247,0.09375,0.6366637460558707,0.36892134462466386,0.2634115200264095
12.89562067672604,0.7012480298150939,2.2366843974346775,1.164186392434913,A1,PU,combo_007,15.012906113846759,1.568470527019228,mlp,0.54092586,0.45907414,0.9181483,0.11824404,0.36284740004623833,396.52655,2.06228,0.5963040732616202,0.0,0.26417357261924235,0.25,0.636534723296215,0.4804730177714877,0.24487245820157252
10.866883120594654,1.1212562908266444,1.989198131164053,2.4467728004507996,Si3,Si3,combo_006,26.588794045148905,2.2304009182682987,mlp,0.53848946,0.46151054,0.9230211,0.17044473,0.5230320917274398,364.58246,3.0510051,0.4598712499494932,0.0,0.24154751657561002,0.09375,0.6364110222848862,0.3729427747938824,0.2946168781918119
9.41060455717332,1.1168848587393017,1.871043857986869,1.6168979399557972,Si1,PU,combo_001,15.215987122232178,2.089740555022702,mlp,0.45747176,0.5425283,0.9149435,0.100349285,0.30793499585172135,336.26715,1.6450275,0.3389369192529421,0.0,0.20378455730502465,0.375,0.6362268818146068,0.30430398379720835,0.22668882820761863
10.605440325214733,1.2140473847169915,2.3567293804888276,1.1542659074300101,A2,PU,combo_011,12.241498200678805,2.861181140868157,mlp,0.5261833,0.4738167,0.9476334,0.07922821,0.24312218875472627,349.74152,1.3102658,0.39648576750175635,0.0,0.30489234501687257,0.21875,0.6362130719801075,0.33708976772866434,0.18878835373180172
9.05139886733949,1.0778975790603447,1.8187767335209797,1.8131142619364946,A1,Si3,combo_010,16.411220376849062,1.9604550379135457,mlp,0.43143588,0.5685641,0.86287177,0.22902851,0.7028041394260597,334.5263,0.7718986,0.3315017928294642,0.0,0.1866234616626211,0.1875,0.6361186234339472,0.2734581052923785,0.3160807325577344
14.97079060533873,0.9350648835110608,2.8229072688030303,1.9562685220075102,A2,Si2,combo_013,29.286886410789915,2.639601456465832,mlp,0.5540671,0.44593292,0.89186585,0.15654922,0.4803918842988751,419.56845,1.8048483,0.6947157475727396,0.0,0.3339339355389208,0.15625,0.636112602118812,0.5454363859309662,0.27707414160199195
13.626703251220674,0.9018811219568768,2.205453215454021,1.2602584748024914,Si3,Si3,combo_006,17.173168255969518,1.989056620377074,mlp,0.47375703,0.526243,0.94751406,0.10460695,0.3210001988174114,401.19534,1.3125749,0.6162444295856615,0.0,0.35173284807193705,0.09375,0.6361052242338723,0.48311856781821816,0.20436963485059936
10.483267762916602,1.2898014059091263,2.0943521423867177,1.8378735701542381,A2,Si2,combo_013,19.26692075031437,2.7012983377191793,mlp,0.5234965,0.4765035,0.953007,0.109458335,0.3358873155223173,352.99927,0.7244812,0.41039958395407855,0.0,0.25159551000624353,0.15625,0.6357137524501947,0.33177771306860415,0.19173447348418454
15.859060707214962,1.0092403000659427,2.0392305359460408,1.4999364700005295,Si3,Si3,combo_006,23.787583534704112,2.058073638001815,mlp,0.5321118,0.46788818,0.93577635,0.14800844,0.4541833780596299,421.53973,1.9602376,0.7031350728536553,0.0,0.25558447899641185,0.09375,0.6352046666832537,0.5381659863030664,0.2499973100908653
12.75140829072686,0.6971143348873434,2.8729415291084894,0.8603121423215492,Si3,Si3,combo_006,10.97019138421199,2.002768723234692,mlp,0.55385965,0.44614035,0.8922807,0.16976643,0.5209506362157164,391.71524,2.6949086,0.5757550281991025,0.0,0.3462519959277046,0.09375,0.634897290544856,0.462421224168439,0.3022067889916952
8.900043472898622,1.2301140586718708,2.4274806541005898,2.3999978482978044,Si3,Si3,combo_006,21.36008518471361,2.986078079763124,mlp,0.44417205,0.555828,0.8883441,0.17410894,0.534276204025074,330.65634,2.3028412,0.31497322160571306,0.0,0.3473498318511148,0.09375,0.6348956623833052,0.27765989413537007,0.29890194157835115
13.343383646909182,0.837615815921313,1.6948985846074223,1.123898336897138,A1,PU,combo_007,14.996606689341698,1.4196738608498245,mlp,0.55599284,0.44400716,0.8880143,0.098079,0.30096833864732464,399.8861,0.77514297,0.61065270462434,0.0,0.4243766512359811,0.25,0.6347096285503212,0.49890829225246613,0.22054348483336586
8.165449754062566,1.2279422937888338,2.238267781676085,1.474265026935605,Si3,Si3,combo_006,12.038037001614379,2.748463673944977,mlp,0.5285042,0.4714958,0.9429916,0.15177087,0.4657289173065893,319.57516,1.9853002,0.26764565191606615,0.0,0.2079283111168148,0.09375,0.6337564900328587,0.22870632483473471,0.2474097485611528
9.209495686575453,1.1574304258683674,1.875947357396488,0.7377256506643914,Si2,PU,combo_003,6.794081197669782,2.1712785487780555,mlp,0.40671796,0.59328204,0.8134359,0.21499315,0.6597347918398164,325.49124,1.2182845,0.2929131425934833,0.0,0.3944678124615366,0.1875,0.6336451423179477,0.26987628859229723,0.3414434253706347
9.395190056122596,1.2409147254932418,2.101514576120149,2.0699333802378366,Si3,Si3,combo_006,19.447417510846755,2.6078003833461807,mlp,0.5491384,0.45086157,0.90172315,0.18083233,0.5549078087138727,337.52734,0.82408726,0.3443191875113233,0.0,0.26867509354998814,0.09375,0.6335476837622018,0.2815697754945607,0.2636449191680783
14.880306141765871,0.6264025896150742,2.9649636234222685,0.5893705084293096,Si3,Si3,combo_006,8.77001359635633,1.8572608918262028,mlp,0.52928126,0.47071874,0.9414375,0.2207206,0.6773102418585459,417.22748,2.5874658,0.6847174810974124,0.0,5.948247622531614e-10,0.09375,0.6334496519266298,0.5034329099520427,0.3027659406750155
13.516784435427809,0.6752993711938999,2.3028171038327794,0.630756220288865,A1,Si1,combo_008,8.525795860949804,1.5550909421928336,mlp,0.5879668,0.4120332,0.8240664,0.18276949,0.5608522572635115,401.289,2.6087162,0.6166444436624032,0.0,0.389650963644514,0.25,0.6333120034265786,0.5104978352266447,0.34433163363369496
8.186606131098422,1.486270026160374,1.851196421702344,2.183104146828168,A2,Si2,combo_013,17.87221379324987,2.751377754111534,mlp,0.5377421,0.46225792,0.92451584,0.15466613,0.47461337604036197,318.84366,2.469836,0.26452139729909036,0.0,0.2003205695854773,0.15625,0.6331612997486915,0.23488049696340538,0.26880488368617866
11.097352833910874,0.81432819233236,2.984139443458205,1.3150137830824427,Si3,PU,combo_005,14.593171932321804,2.4300688786590148,mlp,0.5406788,0.4593212,0.9186424,0.12537667,0.3847348284207569,363.24298,3.4677446,0.45415035784902175,0.0,0.12285737069236306,0.34375,0.6329546448388919,0.38453921998699125,0.27455460903315837
13.92667400075381,1.0351401033069838,2.399521297860761,1.6890668775637685,A2,Si2,combo_013,23.523083769301753,2.483840724154896,mlp,0.47352904,0.52647096,0.9470581,0.07786241,0.23893106468095568,404.51172,1.4551767,0.6304086295640251,0.0,0.35064265551668855,0.15625,0.6327555088849017,0.5000197134632114,0.18781519622437517
11.185458009696138,1.2598762583901624,1.2934218770446035,0.9670761118058366,Si1,Si1,combo_002,10.817189240784392,1.6295515149709359,mlp,0.5189442,0.4810558,0.9621116,0.11574534,0.3551798291596919,353.20532,1.820772,0.4112796409909505,0.0,0.24151784752095043,0.09375,0.6327285451445218,0.33163388517358233,0.21034284838141162
12.564697371713999,0.8835682094318766,1.7067634887082908,1.9296074382026773,A1,Si2,combo_009,24.244933507224964,1.5080419596416874,mlp,0.45242596,0.54757404,0.9048519,0.13713452,0.4208153416074543,393.54544,2.9502964,0.583571790730987,0.0,0.22937537554974047,0.25,0.6326971718931899,0.47334402185356994,0.27836348364923774
10.86957290524881,0.706513140420913,2.7715619971721903,1.2817956306083478,Si1,PU,combo_001,13.932571056526811,1.9581449704933815,mlp,0.5214329,0.47856712,0.95713425,0.04692913,0.14400821114079856,360.12335,1.114957,0.4408264611462378,0.0,0.18739717268846906,0.375,0.6323846790915716,0.3708461082143343,0.1558599883034731
11.592926251348592,0.804624393274438,2.5048119058314127,1.8863173016159878,Si3,PU,combo_005,21.867937364277026,2.015432759996189,mlp,0.6227113,0.3772887,0.7545774,0.19650212,0.6029926318669742,382.4106,3.230789,0.5360150829680549,0.0,0.5023370885236724,0.34375,0.6323795330841554,0.4783880237704165,0.40295113337342986
12.015258095237904,0.7219334919070818,2.3731407595203686,1.5850324347667235,A1,Si2,combo_009,19.04457379304552,1.713249795307564,mlp,0.5414678,0.4585322,0.9170644,0.08157772,0.25033197203460267,385.2879,2.022495,0.5483039481350273,0.0,0.35280080941668135,0.25,0.6323553885616867,0.45549984208098443,0.21796080268140347
14.706389829552624,0.7692890713234731,1.894631087526294,0.5508418290516071,Si2,PU,combo_003,8.100894672456718,1.4575189898236847,mlp,0.43303147,0.56696856,0.86606294,0.16860732,0.5173937799232093,412.9585,2.4256306,0.6664847117461286,0.0,0.335234710210346,0.1875,0.6323539049630569,0.532609218205133,0.3077856008710044
13.227191801537064,0.6429255409712911,2.936133314966721,2.495855593814728,Si3,PU,combo_005,33.01316064832659,1.8877150998888093,mlp,0.6306117,0.36938828,0.73877656,0.2729675,0.8376366846839992,411.54388,3.3072543,0.6604429220708973,0.0,0.3246789655825794,0.34375,0.6322369759503261,0.5481749218290201,0.46001411385075575
11.749375001342331,0.7828214159795375,2.5015441216523198,2.0294473709050633,Si3,PU,combo_005,23.84473820625187,1.9582623114471573,mlp,0.6279297,0.3720703,0.7441406,0.22837575,0.7008010585792548,387.80994,3.3676047,0.5590755230226414,0.0,0.44158900989612876,0.34375,0.632198359981772,0.4892664539120395,0.4309101258101802
8.106532065891198,1.570080466741457,1.8750545482348566,2.383911167680175,A2,Si1,combo_012,19.325252323035468,2.9439865202582753,mlp,0.40703145,0.5929686,0.8140629,0.16763124,0.5143985325189928,317.45468,1.6256974,0.25858909339266417,0.0,0.3361248678944381,0.375,0.6315631044071075,0.26117996376951513,0.3184011071840358
13.190906481113846,0.7658611228971031,2.33224155379993,1.6989452772299491,Si2,Si2,combo_004,22.410628268470294,1.7861731352604988,mlp,0.58192366,0.41807634,0.8361527,0.17102928,0.5248258838686832,399.77277,1.7513173,0.6101686211179801,0.0,0.36877555222219177,0.25,0.6314242033172263,0.49879527162259985,0.3108042778496489
12.833179205373998,0.9224091650271353,1.5385124168023463,1.7808885011092956,A1,Si3,combo_010,22.85446127952548,1.4191379537665323,mlp,0.46353883,0.5364612,0.92707765,0.10697412,0.3282641676153324,395.69156,1.6985207,0.592737835023194,0.0,0.2938942954747486,0.1875,0.6313414715661733,0.4725426614214014,0.22030521873849634
12.181262500115018,0.9258848040689601,2.808982479983043,2.2852893378202443,A2,Si3,combo_014,27.837709312702422,2.6007941931122414,mlp,0.3756,0.6244,0.7512,0.21381034,0.6561051852019854,388.36386,2.7485554,0.5614413280102395,0.16266679763793956,0.45224883048265,0.34375,0.630975628426151,0.4883192910327902,0.40402331371384415
15.814643548794798,0.8084493907747708,2.636253536081065,0.5223900488010192,A2,PU,combo_011,8.261412415225639,2.131277565172572,mlp,0.5713716,0.42862839,0.85725677,0.13212614,0.40544645391679446,427.77985,2.5215182,0.72978651578485,0.0,0.4352594874272797,0.21875,0.6304096386171537,0.590616300900275,0.2902844508635021
8.582500694631056,1.2403899016516315,1.1182802462479955,2.497250294124559,A1,Si3,combo_010,21.432652383991638,1.3871035246625134,mlp,0.63469565,0.36530435,0.7306087,0.29817858,0.9150002524084891,329.8282,3.8051105,0.3114361795723017,0.0,0.4210030018041538,0.1875,0.6303602740701593,0.30082848201265927,0.48843053507430884
14.351862892117802,0.8692811544492207,2.7564663645752403,1.9507136446104827,A2,PU,combo_011,27.99637476923306,2.3961442635984116,mlp,0.44114694,0.55885303,0.8822939,0.09586089,0.2941617687835813,414.2575,1.3890191,0.672032772740129,0.0,0.4539372553926383,0.21875,0.6302890025197893,0.54534394667566,0.23064268814721986
11.474658352048083,0.7919527678307546,2.251254326707526,1.13429762863564,A1,PU,combo_007,13.015677758132282,1.782887095126987,mlp,0.42675725,0.5732428,0.8535145,0.14362687,0.440737961944116,371.74872,3.5992248,0.4904782572993771,0.0,0.38066905827058,0.25,0.6301440328543632,0.42715422351732846,0.32149252695350017
14.69778412607301,0.8802232800041544,1.642225909988081,1.2569518990654052,Si1,Si1,combo_002,18.474407669320836,1.4455254769975159,mlp,0.52080154,0.47919846,0.9583969,0.13778089,0.4227988059249418,410.9773,2.2947123,0.6580230258999014,0.0,0.1692346428474901,0.09375,0.6299858425493243,0.49993505700587765,0.23299893957004517
13.720066475430187,1.4459678782562613,1.2863463296265836,0.5063404160500877,A2,Si1,combo_012,6.947024167404182,1.8600154729528804,mlp,0.4203148,0.5796852,0.8406296,0.16763799,0.5144192464765238,388.7087,4.655034,0.5629141722810708,0.0,0.22730402727257415,0.375,0.6298547766439534,0.48128081833626457,0.3649290729005711
10.355500901462669,0.9116135083113822,2.9958194162312237,0.5788346801118202,Si3,Si3,combo_006,5.9941230516958095,2.7310294482979027,mlp,0.6086217,0.39137828,0.78275657,0.24145679,0.7409419647037822,343.06183,4.0846744,0.36795690431595507,0.0,0.4932807357402091,0.09375,0.6297120288382662,0.3399027845741229,0.430088870933622
10.587072889418671,1.410821848245961,1.1208046196235866,0.5646609218285775,Si1,PU,combo_001,5.978106337205489,1.5812556449799595,mlp,0.59901494,0.40098506,0.8019701,0.16942875,0.5199144353512356,335.22855,2.1044285,0.33450105119372076,0.0,0.362345942695181,0.375,0.6296726369624709,0.31977796104908085,0.33419615208106357
10.141967001661158,0.9068802043001223,2.5152536991288104,1.6694960599094317,A1,Si2,combo_009,16.931973949004774,2.2810337885325738,mlp,0.4722445,0.5277555,0.944489,0.08660752,0.26576659110263734,350.46686,1.8004605,0.3995836933981385,0.0,0.21884558688727768,0.25,0.6296607898446969,0.3366841055926184,0.19866351025719256
8.699906021750275,1.0863986971641344,1.9003274597164008,1.6502135976084449,A1,Si3,combo_010,14.356703215007894,2.064513276421127,mlp,0.41328138,0.5867186,0.82656276,0.24200211,0.7426153598247627,328.41156,1.0982846,0.30538578744380707,0.0,0.23543519573267135,0.1875,0.6294421264187133,0.2619926189949037,0.34410732403696837
10.933399875533734,0.76604004664419,2.7154129206130504,0.7686557950992177,Si2,PU,combo_003,8.40402117446607,2.0801150403646576,mlp,0.5359386,0.46406138,0.92812276,0.12327258,0.37827815525243774,355.76743,1.6358068,0.4222223525624232,0.0,0.22697975465964007,0.1875,0.6293812157836867,0.34611865410915726,0.22647192901053875
9.592760297240938,1.5954110810066235,1.5189351232955488,0.8411024731197296,A2,Si3,combo_014,8.068494410054106,2.4233259270358807,mlp,0.41817322,0.5818268,0.83634645,0.21268357,0.6526475547104545,325.9495,1.7140607,0.2948703310510764,0.0,0.1270788032116394,0.34375,0.6285120146967673,0.26307096760673915,0.332576959054781
10.393263369666709,1.2899716419132106,1.8443112269428044,2.3770547076972,Si3,Si3,combo_006,24.70535562120312,2.3791091816183774,mlp,0.4535578,0.5464422,0.9071156,0.17998235,0.5522995419334636,351.54868,1.1442984,0.4042041231819171,0.0,0.21341763100839423,0.09375,0.6278336620809576,0.319861429190186,0.26108621384498754
8.847169243261847,1.1721183700997824,2.3780202119209886,0.969828956961892,Si3,Si3,combo_006,8.58024091925797,2.787321174861168,mlp,0.53872806,0.46127194,0.9225439,0.14762308,0.45300085343334073,325.84003,2.1402094,0.29440280075023817,0.0,0.2551761593091845,0.09375,0.6276881936998614,0.2530792867968207,0.2532557087906213
11.592369605398012,0.6920592120950668,2.8699145100698162,2.001512134513889,Si2,Si2,combo_004,23.202268432974105,1.9861507746191167,mlp,0.41757232,0.5824277,0.83514464,0.18889391,0.5796458525992954,379.14374,1.1731871,0.5220622947956461,0.0,0.2919013717913389,0.25,0.6275616589588118,0.42600675155148443,0.30646678223234813
13.8401736797146,0.9159267013709386,2.09311016214402,1.3985286594569915,Si3,PU,combo_005,19.355879542943196,1.9171354864185624,mlp,0.4486454,0.5513546,0.8972908,0.116130225,0.35636089054836295,404.68216,1.0645593,0.6311365795863784,0.0,0.19356247805351715,0.34375,0.627560983346236,0.5012560064804348,0.2253752187761185
8.835774136736497,1.2326623938289927,2.2431195196320015,1.6145430338158326,Si3,PU,combo_005,14.265737580838012,2.765009076714123,mlp,0.42137307,0.57862693,0.84274614,0.18025179,0.5531263626400318,328.24344,1.954732,0.3046677432767266,0.0,0.19433129243445124,0.34375,0.6271915423575469,0.2780809038539849,0.31282516089808793
9.560094894424886,0.9225927075991384,2.500040951370517,2.303000072299553,A1,Si2,combo_009,22.0168992330511,2.306519550433651,mlp,0.54721695,0.45278305,0.9055661,0.100116424,0.3072204329061655,345.49078,1.8524473,0.37833094159064573,0.0,0.3009381132523279,0.25,0.6267851408524544,0.3303245664713826,0.22656470461944936
10.414018624283127,1.0279034775672813,2.052775730609139,0.8163643202739526,Si1,Si1,combo_002,8.501633235533177,2.1100553121588503,mlp,0.48140508,0.5185949,0.96281016,0.08996521,0.27607009310580966,347.7587,1.3461682,0.3880171736248783,0.0,0.27396930180092993,0.09375,0.6261140144186587,0.3157822470882513,0.1776764616547751
15.891789480315065,0.8647531668480105,1.5663953731564841,1.763202662748585,A1,PU,combo_007,28.020445527531475,1.354545359473141,mlp,0.5074564,0.49254358,0.98508716,0.101406224,0.3111783534845541,427.80908,2.125448,0.7299113816973684,0.0,1.81651905779162e-10,0.25,0.6259746890126079,0.5479551839853161,0.1884726824733174
10.0398835813626,1.6020325378365234,1.5409214244947145,2.3486855832783684,A2,Si3,combo_014,23.580529825339532,2.4686062602899383,mlp,0.37540954,0.62459046,0.7508191,0.25331873,0.7773418752268019,341.84903,1.9178905,0.36277705438966246,0.16393637657165538,0.2985058328455397,0.34375,0.6258901719579215,0.3289565106010685,0.40616249360933937
12.338674089191631,0.9582535831126774,2.3601960907993567,1.3381072467145612,A2,PU,combo_011,16.510469213596508,2.2616663608570176,mlp,0.5827213,0.4172787,0.8345574,0.13659063,0.41914633619932806,389.04193,2.4180305,0.5643373569353369,0.0,0.47319400950620377,0.21875,0.6256701295860086,0.47798195289137446,0.29862272639675935
9.12787399898141,1.4406560463361844,2.226865775708368,2.2110506546678454,A2,Si1,combo_012,20.18219178117345,3.2081476441533776,mlp,0.60931695,0.39068305,0.7813661,0.20266852,0.6219150378393248,332.91544,2.2469168,0.3246217853218686,0.0,0.3083939443466625,0.375,0.6255477137047749,0.30831182665521695,0.36475949362911264
9.913077101808181,1.1865423091187823,1.449677964054047,0.9549460570365684,A1,Si2,combo_009,9.466453891471216,1.720104238947304,mlp,0.40974337,0.59025663,0.81948674,0.20206083,0.6200502786736044,336.1661,3.785666,0.33850536284756844,0.0,0.2952112559248274,0.25,0.6255069475988987,0.31333248512915435,0.3753009053262935
10.1935954237096,1.168050196678319,1.3496880942014384,1.381937253989439,A1,Si3,combo_010,14.086909268120555,1.5765034438863756,mlp,0.57110304,0.42889696,0.8577939,0.21688809,0.6655496524079039,345.93726,2.0123713,0.3802378187306689,0.0,0.1713396522018253,0.1875,0.6254450735288312,0.31339743074335835,0.3264827996140169
14.210100254358796,0.9936026335814858,2.4286609647712734,2.0429682603726955,A2,Si1,combo_012,29.030783796368986,2.4131239306732892,mlp,0.5799724,0.4200276,0.8400552,0.1306671,0.40096922116251305,411.74966,1.1103206,0.6613218060459606,0.0,0.31319110837823094,0.375,0.6254044303953908,0.53774476245677,0.2645692495173254
10.773390502410775,0.8021045046183035,2.625886372514805,1.3007976676236952,A1,Si2,combo_009,14.014001237935206,2.106235288009942,mlp,0.4807311,0.5192689,0.9614622,0.08827811,0.2708929983714165,358.78018,1.6953585,0.43508979788145036,0.0,0.11890591085410723,0.25,0.6247740789947599,0.3509214543960862,0.18328645283592246
11.132170302872936,0.9930065172496673,1.6012695809976822,2.2557125660285724,Si1,PU,combo_001,25.11097643936058,1.5900711298043424,mlp,0.41282934,0.58717066,0.8256587,0.16365154,0.5021863056322943,369.211,2.003167,0.47963968754847025,0.0,0.2580734189135504,0.375,0.6244012500179363,0.410347559647388,0.3102497474606989
14.006788856933227,0.5836540179046337,2.9423170733305777,1.8434024343526252,A1,Si1,combo_008,25.820148676333936,1.7172951817987943,mlp,0.46289748,0.5371025,0.92579496,0.05722996,0.17561766460691586,410.94,2.0270905,0.65786375017433,0.0,0.3423511794983579,0.25,0.6243825481428906,0.5311739789183597,0.19033868499989948
13.423982869460943,1.4189811084046022,1.260966116430057,0.982761543307222,A2,PU,combo_011,13.192574122121146,1.789287097552569,mlp,0.57480925,0.42519075,0.8503815,0.20346314,0.6243534318775095,389.46368,2.9245753,0.5661386585125837,0.0,0.1955303409827998,0.21875,0.6235049052730711,0.4544788727570035,0.3393039742542507
11.574639063271576,1.2181345430228592,1.8394662443499237,1.9233409107739408,A2,Si3,combo_014,22.261976837832385,2.240717372967169,mlp,0.5864739,0.41352612,0.82705224,0.1963179,0.6024273191584628,375.9973,0.82985,0.5086239593964206,0.0,0.17792525414782723,0.34375,0.6234941334591698,0.4125422886883244,0.3042838207638017
9.43177371995029,1.004909093263043,2.1615098703897893,2.1719772873159995,A1,Si2,combo_009,20.485598298835964,2.1721209239325203,mlp,0.5393926,0.4606074,0.9212148,0.0904746,0.2776332195544149,342.50406,1.2910885,0.36557467646303615,0.0,0.2506041730094157,0.25,0.6234037593095318,0.31303451964337775,0.1970136536595456
9.750247950588458,0.8082608334650369,2.738476586747158,2.479357129419204,Si1,PU,combo_001,24.174346769896477,2.213403368428747,mlp,0.3965975,0.6034025,0.793195,0.22948457,0.7042036347554052,350.00208,3.4027998,0.3975986121375402,0.0226833025614422,0.167394587104598,0.375,0.623247006237756,0.35214678130877164,0.39638948958719933
13.52900009029387,1.0436903711183483,1.757602870996865,1.5470878174978313,Si3,PU,combo_005,20.930551222620707,1.8343931927093924,mlp,0.44146127,0.55853873,0.88292253,0.09240746,0.28356445323931545,400.13983,1.3220598,0.6117363530551091,0.0,0.2902626853281055,0.34375,0.6232439862228115,0.4988721164790868,0.21974336425992608
12.114003983286082,1.3156865007337586,1.6810960110412616,1.498003030749691,A2,Si3,combo_014,18.14681468147638,2.2117953281643574,mlp,0.41998798,0.580012,0.83997595,0.16692518,0.5122318891421915,378.75354,1.7185435,0.5203957649861904,0.0,0.2185343662211936,0.34375,0.6231642184711337,0.43011089835217753,0.2972428079719831
10.492403737436597,0.8782200766909442,2.3581509723768797,1.5956047954912944,Si2,PU,combo_003,16.741729719684614,2.0709755278096478,mlp,0.5564357,0.4435643,0.8871286,0.12667988,0.38873390255715407,354.04922,1.9311036,0.4148839385680565,0.0,0.324588020461879,0.1875,0.623044019758931,0.3524928641683966,0.25089863690027786
9.635271133074177,1.0743338237411653,1.6290326206149934,1.655235140650137,A1,Si3,combo_010,15.948639369156242,1.7501248443043969,mlp,0.5788106,0.42118943,0.84237885,0.23103105,0.7089491887079027,342.5888,1.1049424,0.365936631201098,0.0,0.15978822869419415,0.1875,0.6217440065655452,0.2968529750413854,0.3211152365110861
12.95850906146499,0.6870693473818137,2.5497340235092025,0.8683010249379889,Si1,Si1,combo_002,11.251886699738268,1.7518440915296738,mlp,0.4081832,0.5918168,0.8163664,0.21610819,0.6631564358311774,390.4107,3.118609,0.5701833756287286,0.0,0.39316606869607573,0.09375,0.621512396551204,0.46572381712739697,0.36780562845720144
15.261122476384507,0.5817119275750453,2.935606165215556,1.7190992753589234,Si1,Si1,combo_002,26.235384590316386,1.7076771209687278,mlp,0.5589312,0.44106883,0.88213766,0.14084288,0.43219494056328794,421.4894,2.3634064,0.7029201418622747,0.0,0.3827931852011523,0.09375,0.6214864476625785,0.553126053880543,0.2697464331762478
9.71056424838948,1.3209992832180666,1.3725521356122414,2.221908396877083,Si2,Si2,combo_004,21.575984241910987,1.8131403873231975,mlp,0.57830375,0.42169625,0.8433925,0.20594284,0.6319627247532982,339.3436,3.7610044,0.35207638457136975,0.0,0.1687059507357063,0.25,0.6214661775211656,0.31003549675362957,0.3599828599543606
9.605602495034853,1.2884375436754065,1.358168515473774,0.5858490289236574,A1,Si1,combo_008,5.62743289394283,1.7499153059743027,mlp,0.6131648,0.38683522,0.77367043,0.23797391,0.7302542942365997,328.40155,4.473623,0.3053430358578927,0.0,0.32599749895869035,0.25,0.6214565201237026,0.2972751152008779,0.4327619685423073
10.897471937462882,1.218563428172481,1.3437987955001942,0.5271385841748237,A1,Si2,combo_009,5.744477928199057,1.6375040670187675,mlp,0.39525837,0.60474163,0.79051673,0.17576742,0.5393654816392943,344.39737,3.85287,0.37366098253050284,0.03161088625590021,0.4544169358706224,0.25,0.6213515663942639,0.3542603162008577,0.37233623090289836
14.624422805410159,0.6615100342255692,2.8476759457556433,1.9079545469287054,A1,Si2,combo_009,27.902733987790167,1.8837662123401457,mlp,0.42682582,0.5731742,0.85365164,0.14425784,0.4426741911222447,414.54816,1.746869,0.673274132814058,0.0,0.31914221803691856,0.25,0.6212808708739965,0.5379794306076883,0.27451390501786876
11.519061662558931,1.1418409510724847,1.8570902229535786,0.8275133962850436,Si3,Si3,combo_006,9.532177838400981,2.120501666404727,mlp,0.4398237,0.5601763,0.8796474,0.18275249,0.5608000836971918,361.1452,2.2085888,0.44519077243513294,0.0,0.25785767816909494,0.09375,0.6206672379455619,0.3593043149742967,0.2928062036041608
15.342780986283437,0.9447054122504054,2.7482631575131693,1.9045398210507363,A2,Si3,combo_014,29.220937354036895,2.5962990791910796,mlp,0.6508051,0.34919488,0.69838977,0.26767823,0.8214059043101127,422.60068,2.9836938,0.7076663499399783,0.0,0.4108611660865357,0.34375,0.6205169452106813,0.5879317445232519,0.460548381769667
12.44523764482581,0.8744252712844826,2.8194268446150175,2.1431751455492654,A2,Si3,combo_014,26.67232400084475,2.4653780834692394,mlp,0.6242954,0.3757046,0.7514092,0.20127955,0.6176528095625505,393.89673,2.3886697,0.5850721367842205,0.0,0.4196822060249172,0.34375,0.6204378153759924,0.49947109225370195,0.3782141299085259
11.678778483248943,1.1549811213542895,1.8540030142131156,1.964239462861353,A2,PU,combo_011,22.93991757481363,2.141338480350097,mlp,0.4012026,0.59879744,0.8024052,0.16564736,0.5083107324089574,377.49542,1.4665626,0.5150223598614745,0.0,0.45926646912425517,0.21875,0.6192719433319411,0.43642919226364196,0.30800285378041853
12.7122008045834,1.026155054598282,1.1111857315340552,2.359871810154162,A1,Si2,combo_009,29.999164323755423,1.1402488550111605,mlp,0.5630261,0.43697393,0.87394786,0.21948402,0.6735156094531003,399.08377,3.086765,0.6072259304009395,0.0,9.631762338771222e-10,0.25,0.619198687750033,0.4677732545885234,0.33523332469347994
14.344122119226029,1.3694375500892368,1.1638899281772994,0.5468999039325046,A2,Si3,combo_014,7.84479900900083,1.5938745718166587,mlp,0.41458637,0.58541363,0.82917273,0.08977716,0.27549302877017806,400.9181,3.7697542,0.6150602888599533,0.0,0.46772371383856465,0.34375,0.6190900131365353,0.5334528671348645,0.29431514456698943
11.896992012203018,1.2508019843531284,2.1283249971300773,0.9382588640219216,A2,Si1,combo_012,11.162458210647479,2.662113129758667,mlp,0.40567875,0.59432125,0.8113575,0.12245511,0.37576964012402403,369.64215,1.54705,0.48148113390761227,0.0,0.40101372548258346,0.375,0.619014128833911,0.4232271217899214,0.2779827771379666
9.03182086152081,0.9972107024144176,2.9057539744738876,1.693174403228747,A1,Si2,combo_009,15.292447897274446,2.8976489619285912,mlp,0.47250295,0.52749705,0.9450059,0.05777394,0.17728694437209547,332.08942,0.92033523,0.3210938671025243,0.0,0.233420488028955,0.25,0.6188593921619459,0.2779820684205179,0.15162359799507064
8.129685104225642,1.4471433523021127,1.6723955941680808,1.5252515581351533,A2,Si2,combo_013,12.399814872368307,2.42019616651968,mlp,0.60712904,0.39287096,0.7857419,0.23124419,0.7096032559231858,315.99768,3.628784,0.25236626117830147,0.0,0.3777651861272664,0.15625,0.6187008490311854,0.25098564094002007,0.40171050575089334
8.68245162134661,1.6782240667437385,1.2717576692584278,0.8402076756292393,A2,Si3,combo_014,7.295062495534955,2.134294327615417,mlp,0.3901401,0.60985994,0.7802802,0.2224563,0.6826364725145446,312.90985,2.283565,0.23917817896491633,0.06573295593261733,0.23583458023028409,0.34375,0.6184872559456293,0.23833758621800571,0.3712008626330089
14.495794055197157,0.657422114143158,2.204587155967324,0.925150670412343,A1,Si2,combo_009,13.410793588324907,1.4493443488888902,mlp,0.608529,0.39147103,0.78294206,0.18055308,0.5540509001837827,413.5996,1.6545624,0.6692228986878652,0.0,0.4474981470730447,0.25,0.6183504942097245,0.5474320429393185,0.3308342341520598
15.502047306646894,0.9917522086456964,1.8560418405199255,2.442883354832876,Si3,PU,combo_005,37.86969333123952,1.8407335946744594,mlp,0.4072826,0.5927174,0.8145652,0.15726367,0.4825842715125195,427.28644,1.9542012,0.7276791754157527,0.0,0.30853132295332386,0.34375,0.6182407010435033,0.5856057637387456,0.30525442375573253
9.508885129052796,1.4451125180653663,2.0882411743420564,0.8748754348538577,A2,PU,combo_011,8.319090012255446,3.017743461781227,mlp,0.44705686,0.5529431,0.8941137,0.12732472,0.3907126570785583,328.70538,1.4679886,0.3066407028986357,0.0,0.2329626143670941,0.21875,0.6181263394019216,0.2679400989440576,0.23292753130662083
13.042609181355694,0.5823572061616363,2.8301629793184597,2.3963276460777654,A1,Si3,combo_010,31.25436495827034,1.648165805617991,mlp,0.5311265,0.4688735,0.937747,0.08507217,0.26105514887711145,403.64005,2.4394405,0.6266857224040469,0.0,0.23223905659896943,0.1875,0.6178799698068552,0.4945322139979969,0.20290421989026952
8.066803782855914,1.266587958946038,2.2757839318353072,2.2344134444973607,Si3,Si3,combo_006,18.02457482653542,2.8824805252254713,mlp,0.4565525,0.5434475,0.913105,0.1737909,0.533300270259988,320.1496,1.7810687,0.2700990455187084,0.0,0.14340879090463934,0.09375,0.6177766152171745,0.22276123419590424,0.25714499457489726
10.320387824793459,1.1208769913898369,2.6457054788955157,1.5928147215531987,A2,PU,combo_011,16.438465659469415,2.9655103972880132,mlp,0.5596341,0.4403659,0.8807318,0.14510418,0.44527130071581583,350.60944,2.122279,0.4001926428170167,0.0,0.22123517794495917,0.21875,0.6171909793426801,0.33613180100011714,0.26383724826026295
10.852391430316025,1.2671866083771162,1.46967765893361,1.255233619249338,Si2,Si2,combo_004,13.622286572586086,1.8623558480317013,mlp,0.44554648,0.5544535,0.89109296,0.08522384,0.2615205727551008,350.03604,3.2932246,0.39774368078120703,0.0,0.33389354017434475,0.25,0.6169132457560214,0.35574875377074244,0.24540211271305776
9.319532201315136,0.9803104664611111,2.596563258716468,1.3176298832238138,A1,Si1,combo_008,12.279694126119434,2.5454381393481236,mlp,0.43603238,0.5639676,0.87206477,0.11613386,0.3563720477352008,337.1245,1.4392387,0.34259869685867084,0.0,0.3058761954645729,0.25,0.616472862557618,0.30335664712378724,0.23593643524391758
8.548000741683472,1.0447759231134635,2.606954638239351,1.0239202813466786,Si1,Si1,combo_002,8.752471324376158,2.7236834386814435,mlp,0.42651612,0.5734839,0.85303223,0.13564302,0.4162384715166165,322.9682,1.5469979,0.2821372664792375,0.0,0.47167262672060445,0.09375,0.6164169038884915,0.26262699594131794,0.2605571226071758
15.296991883560544,1.3469355241747434,1.142457797620485,0.6845379594060403,A2,Si2,combo_013,10.471371609023297,1.5388169924854709,mlp,0.42038804,0.57961196,0.8407761,0.1819039,0.5581960694511103,414.09677,2.3886607,0.6713462709016805,0.0,0.3116856314408603,0.15625,0.6163466261951207,0.5303132749779456,0.3130795967334087
8.749427834275627,1.0757580815645589,2.098712065945758,0.8288221163911933,A1,PU,combo_007,7.25171929481634,2.2577064658182007,mlp,0.6152196,0.3847804,0.7695608,0.15970099,0.490063519145001,322.61002,2.120223,0.2806074635405873,0.0,0.5441411977387702,0.25,0.6158891611401248,0.2878255919224272,0.3325952782070525
14.447927841249218,0.7891788945222394,1.7372069981967044,0.9650878588723861,A1,PU,combo_007,13.943519745453944,1.3709670983931732,mlp,0.4431402,0.5568598,0.8862804,0.086134925,0.2643163625815023,411.40787,1.0537454,0.6598619957952251,0.0,0.34039449714831327,0.25,0.6156608645132138,0.5266079036434632,0.20089760052768305
12.3404280203386,1.0256979827519972,1.3284707878185054,1.6720325762802204,A1,PU,combo_007,20.633597655247367,1.3626098072103974,mlp,0.38577613,0.61422384,0.77155226,0.14783055,0.4536374989757337,386.19778,1.5023954,0.5521900412266055,0.09482558568318698,0.5669412754094104,0.25,0.6149405647177234,0.4765514366039231,0.3104492966681719
12.556147695300107,1.016880440816862,1.5040268082209944,1.5808907641598262,A1,Si1,combo_008,19.849897924926626,1.5294154437441427,mlp,0.41493598,0.58506405,0.82987195,0.12133784,0.3723411372063282,387.85767,1.9604847,0.5592793750969405,0.0,0.43415451063885785,0.25,0.6149039180900927,0.47095046576411437,0.2715806570813393
10.395914480826203,1.3621619739277253,1.9741700793577643,1.4402478984608706,A2,Si2,combo_013,14.972693983588872,2.6891394121670262,mlp,0.5395793,0.46042073,0.92084146,0.119337544,0.36620296971390776,347.53992,1.7395124,0.38708276472420666,0.0,0.1991602118923786,0.15625,0.614704789664649,0.3162286689838521,0.21553656489056822
12.626844696650974,0.8387515040967075,1.7577254092553622,1.7615170964175,Si1,PU,combo_001,22.24240280695933,1.474294830801936,mlp,0.60332865,0.39667135,0.7933427,0.18943517,0.5813067644743465,392.86273,0.72624785,0.5806559500953439,0.0,0.2326804015257689,0.375,0.6146865889896017,0.4709511295828388,0.30764316306721073
14.846147933679637,0.9456485383246832,2.5002022451369035,1.998222888923731,A2,PU,combo_011,29.665912613426404,2.364312598629804,mlp,0.4088974,0.5911026,0.8177948,0.11185606,0.34324504584323456,417.76886,1.5944206,0.6870297162624165,0.0,0.535573415995359,0.21875,0.6144224091683672,0.5652228716516117,0.2643283287837809
11.802607821272634,1.0452382333095662,1.2311435274859794,1.4813660220278662,A1,Si2,combo_009,17.483982197753623,1.2868382856199525,mlp,0.6085478,0.3914522,0.7829044,0.13954593,0.42821507142062815,377.63846,4.078235,0.515633264383367,0.0,0.5471237601073492,0.25,0.6143982492363377,0.46424737279327827,0.35201483001297484
13.879452387373895,1.0312948835075464,2.348919354044698,1.173460143320275,A2,Si2,combo_013,16.286984187694703,2.422428511598148,mlp,0.4226367,0.5773633,0.8452734,0.13952413,0.4281481740257764,401.1185,1.6917609,0.6159162329596479,0.0,0.4118677922254274,0.15625,0.6143402693502171,0.4973998234115681,0.2681329136532869
15.812977681534147,0.7213211017792001,2.0615132857001948,1.0955085843030887,Si2,PU,combo_003,17.32325279351381,1.4870130345737234,mlp,0.5833469,0.4166531,0.8333062,0.13361166,0.4100049878112306,425.77383,1.328857,0.7212188633552435,0.0,0.4420790233076399,0.1875,0.6142560139717551,0.5751067955915776,0.26347351042257783
10.17191645269365,1.578392210878893,1.507939265523735,1.8692768996015665,A2,Si1,combo_012,19.01412844969735,2.380119591181102,mlp,0.41434327,0.58565676,0.82868654,0.12746622,0.3911468728417245,340.4428,1.3746766,0.3567711082696947,0.0,0.2896856712720017,0.375,0.6141524969258206,0.32377561247121545,0.2630896996287053
13.94672996080443,1.1429890924505122,1.8195615795677536,2.2410022476597664,A2,Si2,combo_013,31.25465318966653,2.079739038487967,mlp,0.56753176,0.43246824,0.8649365,0.14009486,0.4298995322760954,411.55292,2.3580837,0.660481502770381,0.0,0.33600445599639583,0.15625,0.6140381692037795,0.5249585850967609,0.2711893111485839
9.222489169553727,0.9989204681981361,2.1823745642229264,1.6949527760034169,A1,PU,combo_007,15.631683619596537,2.1800186214772688,mlp,0.5949899,0.4050101,0.8100202,0.1565046,0.4802549801292331,336.83438,1.5053959,0.34135955256815814,0.0,0.39307024407850577,0.25,0.6140099161098748,0.3116007758605207,0.29374700594936554
13.80762446774093,0.712291708405562,2.309282117698404,2.2110529222107393,Si1,Si1,combo_002,30.529388428187087,1.6448825048058102,mlp,0.47267026,0.52732974,0.9453405,0.054716967,0.1679062194549147,409.07837,2.4439695,0.6499127372354583,0.0,0.36533455038551454,0.09375,0.6139858923162743,0.5147525178924195,0.17629787312871278
12.541786610174242,0.674766141245161,2.544423911356226,2.3647619414995384,A1,Si2,combo_009,29.658339654148556,1.7168911043577604,mlp,0.4107132,0.5892868,0.8214264,0.18453965,0.5662842068374168,396.79648,2.1085608,0.5974569323390982,0.0,0.26473407882406974,0.25,0.6139372641905468,0.4816103841214871,0.3171195168226959
12.16717992525426,1.3755875766307475,1.2441964332335136,2.163583542567929,A2,PU,combo_011,26.324710245743,1.7115011564443086,mlp,0.40759382,0.59240615,0.81518763,0.17201698,0.5278567519636649,381.2506,2.8925529,0.5310607215894205,0.0,0.35718727489821306,0.21875,0.6139223051801759,0.44590020774935774,0.3291143674363122
11.411967258185687,0.7840747067580134,2.82944753878777,0.8328972148014666,Si2,Si2,combo_004,9.504995744748388,2.2184982492622036,mlp,0.4101544,0.5898456,0.8203088,0.094177336,0.2889955568789727,362.333,2.2339013,0.4502638737368405,0.0,0.5452308063895535,0.25,0.6138038029323565,0.4073678296611683,0.2647431967885596
9.79761907516605,1.0953384384604645,2.0150341812446966,0.5426321281920851,A1,Si1,combo_008,5.316502889972722,2.2071443935290267,mlp,0.5835098,0.4164902,0.8329804,0.1603171,0.4919541135999157,334.28955,3.1235657,0.33049061355042797,0.0,0.2949854112014731,0.25,0.613680169461938,0.3037751972419981,0.31669804466812057
8.786603487265824,1.1073863094815095,1.9080028071926574,2.401107312038735,Si1,PU,combo_001,21.097577881259017,2.1128961871374368,mlp,0.60282856,0.39717144,0.7943429,0.15549265,0.4771496698204315,332.29645,1.619083,0.3219780950258269,0.0,0.3244735233722826,0.375,0.6133820843351235,0.30434792623955154,0.303479088787849
13.683697355978781,0.7564365345459818,2.498972509614504,1.204029964983376,Si3,PU,combo_005,16.475581648362247,1.8903141050984706,mlp,0.5808772,0.41912282,0.83824563,0.14201581,0.4357942307467194,407.05673,1.028894,0.641278350622961,0.0,0.23524214405391586,0.34375,0.613253058825915,0.5123118180788576,0.25868895620031584
9.03800373616472,0.9575315707701451,2.899777890078108,1.481718461246913,Si1,Si1,combo_002,13.39177698869384,2.7766288779710275,mlp,0.43939084,0.56060916,0.8787817,0.15872656,0.4870733473462723,333.59616,2.3045814,0.3275291538444494,0.0,0.28230183363274913,0.09375,0.6127986991076839,0.2799545614380537,0.2726598429589323
12.533557334494425,0.8646731908130094,2.282257275918544,1.1296715313117294,Si3,Si3,combo_006,14.158802906841673,1.9734066810246942,mlp,0.57919073,0.42080927,0.84161854,0.1449424,0.4447748516277055,389.7179,1.3362441,0.5672243923865682,0.0,0.4607609694758163,0.09375,0.6127830809330148,0.45984764546615337,0.26453600195897836
8.1054059678735,1.5033948199989442,1.9192591558592818,2.0863574753078953,A2,PU,combo_011,16.910774331478102,2.8854042731543905,mlp,0.42157426,0.57842577,0.8431485,0.22548825,0.691940377456776,316.71588,1.3522378,0.2554336874676593,0.0,0.08275775905997358,0.21875,0.612748926619938,0.21638862839154044,0.31342524537250316
11.438647043678689,1.409126494564789,1.7757173665312558,0.5779978320756347,A2,Si3,combo_014,6.61151319312465,2.502210388038007,mlp,0.4331212,0.5668788,0.8662424,0.07098079,0.21781389373383123,352.15387,1.4974209,0.40678889970712556,0.0,0.34690104184337933,0.34375,0.6127030770713533,0.3621121295853867,0.208864303704561
11.537942467355164,1.0889213934346471,2.2398077411724193,1.3154862624906847,A2,PU,combo_011,15.178004813213592,2.4389745665431803,mlp,0.40729204,0.592708,0.8145841,0.12910245,0.39616788127582614,371.28613,1.1209799,0.4885025605332478,0.0,0.4827271839347206,0.21875,0.6126680226657221,0.41816307782056095,0.2651028207251012
9.47674480130857,1.148313409703086,1.8677021846290973,1.1928136229998825,Si2,Si2,combo_004,11.303990300694176,2.1447074639413413,mlp,0.5876671,0.4123329,0.8246658,0.15044132,0.461648999291793,333.8546,2.3423584,0.3286330050063671,0.0,0.34471813157119097,0.25,0.612021263210075,0.3028177973057787,0.2973449517425153
13.239592836923403,0.7499225630937512,2.1335644630536916,2.172167465167968,A1,Si3,combo_010,28.758612812435896,1.6000081306589673,mlp,0.45685846,0.54314154,0.9137169,0.09523021,0.2922264312658761,402.05624,1.6916002,0.6199213266547015,0.0,0.24962429190545965,0.1875,0.6119468923425827,0.487103086505266,0.2009079450263772
9.346743298028654,1.6703754998330937,1.354877169998406,2.2484868556087907,A2,Si3,combo_014,21.016029448366986,2.2631536300485346,mlp,0.3643959,0.63560414,0.7287918,0.26918176,0.8260196754246315,329.34424,2.317749,0.3093692446655014,0.23736095428466808,0.23723371287085768,0.34375,0.6118859925106044,0.28781385961298234,0.4223040030394092
11.96512249334619,1.2908385033540235,1.1187603178607781,0.5491998449398384,A1,Si1,combo_008,6.571243418031901,1.4441388943192783,mlp,0.38824672,0.6117533,0.77649343,0.14996938,0.46020080558547066,359.7138,6.4738817,0.4390772956493744,0.07835523287455254,0.5207557156186238,0.25,0.6117148707167774,0.42222078669890495,0.4089525179363899
10.389687795271698,1.0443970805443152,1.852543932835947,0.5950459566612739,A1,Si3,combo_010,6.182341713549409,1.934791475033947,mlp,0.4508748,0.5491252,0.9017496,0.1248493,0.3831165104782446,343.75037,1.4915206,0.37089763992998126,0.0,0.20103471976460432,0.1875,0.6117099764923751,0.3067416436867656,0.22128036978969023
9.113070592888628,1.4413471344705795,2.342725960669811,1.7828840613770727,A2,Si3,combo_014,16.247548310265245,3.3766813502612676,mlp,0.6171504,0.38284957,0.76569915,0.16380666,0.502662315119927,329.45807,1.5023345,0.30985541361507674,0.0,0.4232779016818325,0.34375,0.6115880640182192,0.3019254988441258,0.32011971255311034
14.511157974255639,0.9639784123515258,1.2226435041929562,1.1683773409559501,A1,Si1,combo_008,16.954508168152536,1.178601944043832,mlp,0.6096695,0.3903305,0.780661,0.13514405,0.41470733052781905,411.3294,3.0869253,0.6595268911385608,0.0,0.5496272057420194,0.25,0.6115137291961215,0.559347597217292,0.3270978315073808
12.831523388330867,1.0162745076474,1.345031409072313,2.206540901642059,Si1,PU,combo_001,28.313281186728762,1.3669211330252535,mlp,0.41513443,0.58486557,0.83026886,0.16853729,0.5171788668980533,394.0888,0.5786395,0.5858924980090534,0.0,0.13881845004976545,0.375,0.6112974704669775,0.46435561874593634,0.268056958892962
9.212193428656887,1.1143091656292474,2.7036188065483184,1.6139786329430816,Si3,PU,combo_005,14.868283356390883,3.0126672165043984,mlp,0.63256466,0.36743534,0.7348707,0.20363428,0.6248785970038746,334.40427,2.3982382,0.33098056236583107,0.0,0.41119036663440645,0.34375,0.6111517321514093,0.32081452003631794,0.37966787795530166
12.65521378934804,0.9502247503526101,2.137859594056203,1.4179513582323553,Si3,Si3,combo_006,17.944477581326883,2.031447099050988,mlp,0.45209885,0.54790115,0.9041977,0.11820789,0.3627364683443174,390.40717,0.6984426,0.5701682561654173,0.0,0.3011727633552589,0.09375,0.610957615834038,0.44216917355311386,0.19865309108008516
8.831968715482118,1.5793025527156541,1.1252608495929906,0.7267359398927098,A2,Si2,combo_013,6.418509085548906,1.7771273322331957,mlp,0.60310984,0.39689016,0.7937803,0.25456107,0.7811541579360155,316.56192,5.816475,0.2547761211538236,0.0,0.22467234775587222,0.15625,0.6108906734989705,0.2503300680638909,0.44917322712318136
12.03470990879913,1.138623046920812,1.1491775292408555,2.089165297513217,A1,Si1,combo_008,25.142498307101597,1.3084800197971536,mlp,0.4026907,0.5973093,0.8053814,0.13624705,0.4180920277693235,382.07584,2.333873,0.5345852509635399,0.0,0.45031724904952036,0.25,0.6107211769842523,0.45749398733432783,0.2977638507188337
11.068356131769018,1.0755597123812184,1.4530900016171833,2.454225438498881,Si2,PU,combo_003,27.164241180952597,1.5628850642034018,mlp,0.4374012,0.5625988,0.8748024,0.14612475,0.44840304075409415,365.84628,2.1979313,0.46526902869178843,0.0,0.22770007655167018,0.1875,0.6106817964075102,0.37965516512377206,0.2627850065919197
12.11291883067323,1.2242210546770722,1.2919697074009993,1.8181389455115737,Si3,PU,combo_005,22.022969469867512,1.5816565178052797,mlp,0.5862975,0.4137025,0.827405,0.19452971,0.5969400409121238,382.21417,2.2681994,0.535176083094485,0.0,0.09654421419033606,0.34375,0.6106578988473391,0.43151600802935314,0.319994796002424
8.362045072177665,1.6431951574791854,1.230952629793669,1.3895782795406164,A2,PU,combo_011,11.61971620483773,2.0226954003632254,mlp,0.39157125,0.6084287,0.7831425,0.19641769,0.6027335473562223,312.0763,2.508678,0.23561806671593527,0.056191444396972795,0.3769498713145995,0.21875,0.6104933887123359,0.23879131851473692,0.35032211865929574
12.493066723937549,0.9850314037241676,2.612466356495103,0.8235032233740178,A2,Si1,combo_012,10.288080716989253,2.573361402320533,mlp,0.60967094,0.39032906,0.7806581,0.16706218,0.5126522956003371,384.8971,1.9506118,0.5466348115215524,0.0,0.3196555192178891,0.375,0.6104581414552931,0.4630908537164329,0.322059899396252
12.601288192358416,0.798521166231707,2.082164181976064,1.0684162910598332,Si1,PU,combo_001,13.463421593055648,1.662652170877415,mlp,0.3690527,0.6309473,0.7381054,0.1665116,0.5109627591393822,386.37875,1.4672892,0.5529629586182896,0.20631527900695812,0.4722535529494001,0.375,0.6096904436585627,0.47991562634034557,0.3343316986853039
15.395078495418334,0.6011837077534373,2.6962805934804246,0.6880172693859308,Si1,Si1,combo_002,10.592079868399786,1.6209599643322001,mlp,0.43723664,0.56276333,0.8744733,0.13967542,0.4286124318862889,417.26505,3.1915705,0.6848779298847923,0.0,0.3356463101315641,0.09375,0.6096616208081406,0.5406904846277323,0.2786008571132101
15.698487745263616,0.8199216564736818,2.978891111321095,0.8410870335550146,A2,Si1,combo_012,13.203794488963524,2.4424573344491187,mlp,0.6492778,0.3507222,0.7014444,0.19069003,0.585157457171035,424.1678,1.16715,0.7143594495993993,0.0,0.5303600245567673,0.375,0.609372053230316,0.5969248421977342,0.3627894012720505
14.43658339206115,0.7838548699229076,2.941419081864463,0.8582540600529134,A2,Si3,combo_014,12.390256309528942,2.305645671803627,mlp,0.6159302,0.3840698,0.7681396,0.16837296,0.5166745986339214,412.18707,2.1000478,0.663189972146299,0.0,0.3845618762238775,0.34375,0.6092247695246444,0.5489308339121921,0.33161622121133677
8.292987425207004,1.4018492365651432,2.649421134890958,1.2209759341480462,A2,PU,combo_011,10.125538068370123,3.714088995286445,mlp,0.39080492,0.6091951,0.78160983,0.20804037,0.6383992784043686,316.6803,1.9249283,0.2552817107933417,0.06130075454711928,0.3380057925484957,0.21875,0.6091586778659063,0.24520148002335354,0.34485357756988005
9.58575864464416,1.0566277375002222,2.8939019669544814,1.2833556619210058,Si3,PU,combo_005,12.30193763041231,3.0577770878905564,mlp,0.6146667,0.3853333,0.7706666,0.18204118,0.5586173447065916,336.7917,2.8963735,0.34117720662701717,0.0,0.33135450788550136,0.34375,0.6089249074893388,0.3229211162494846,0.354834919707211
14.922020911693966,0.7936320384349725,1.4833534614018524,0.613420771531599,A1,PU,combo_007,9.153477580461967,1.1772368312919246,mlp,0.54848677,0.45151323,0.90302646,0.07524356,0.23089478077774006,417.7998,2.0682518,0.6871618812261885,0.0,0.2670153376857497,0.25,0.608851071650215,0.5443930563506475,0.19923919395816347
13.246915735975222,0.5656380835170406,2.7381344478829774,2.259815094073294,Si2,PU,combo_003,29.935580130073845,1.5487931215125175,mlp,0.5816895,0.41831052,0.83662105,0.17398594,0.5338987801719597,407.11343,2.4053,0.641520522716342,0.0,0.2683997169269366,0.1875,0.6086113737431486,0.5083302833015809,0.30311534057529427
10.880924606932583,1.4311518718274767,1.8705814220027825,1.2849521580632728,A2,Si3,combo_014,13.98146755540179,2.6770861035049855,mlp,0.42787075,0.57212925,0.8557415,0.12754805,0.39139800099792804,351.18134,1.6683496,0.40263521818297937,0.0,0.1823110867498066,0.34375,0.6082766886321309,0.3437586799981016,0.2484761784443696
10.579113201480123,0.701151149681514,2.897703572505855,1.198032846196257,A1,Si3,combo_010,12.674125099001628,2.031728191298711,mlp,0.5680101,0.4319899,0.8639798,0.08185992,0.2511979343474546,355.33755,1.358993,0.42038638049172145,0.0,0.4456272823645334,0.1875,0.6078376934679492,0.3650575052294726,0.20904845664713895
13.726991813423219,0.8936612855520836,2.9381384973633446,2.217075951055115,A2,Si2,combo_013,30.43378342987106,2.625700626683794,mlp,0.4136416,0.5863584,0.8272832,0.15953363,0.4895499684672293,408.65952,0.9586535,0.6481238179773026,0.0,0.3728032066313315,0.15625,0.6077962412260268,0.5116934247031095,0.26855548005375623
13.264892565660892,1.2784325078986072,1.1238736739072186,2.004999326369097,Si3,PU,combo_005,26.59610065850853,1.436796639494427,mlp,0.39114222,0.60885775,0.78228444,0.14833036,0.45517124635653833,397.39258,1.8334852,0.6000028674844211,0.05905167261759454,0.382821168967499,0.34375,0.607517818435309,0.5029458290825315,0.304299078883317
14.105455707808067,0.8751869070612714,2.4831615539370446,2.0895577646322048,Si3,Si3,combo_006,29.474164497925997,2.173230480123623,mlp,0.57158345,0.42841655,0.8568331,0.13238494,0.40624062613400913,410.00397,1.7820076,0.6538659555305303,0.0,0.4068260139303298,0.09375,0.607280719066444,0.5177453584782598,0.2522061799849473
14.117557978754778,0.6227290571925193,2.960700580598945,2.46406995340958,A1,Si2,combo_009,34.786650430967335,1.8437142811857254,mlp,0.4243722,0.5756278,0.8487444,0.17148894,0.5262363992063399,414.76288,1.7109485,0.6741912064680021,0.0,0.15954316449442008,0.25,0.6071763563328392,0.5224485700170579,0.27907564603643265
11.76795314706061,1.052677896323324,2.321720841784905,2.010318660917908,A2,Si1,combo_012,23.657335812343565,2.444024211580151,mlp,0.6160118,0.3839882,0.7679764,0.1315634,0.4037196048965784,381.14594,2.9065614,0.5306136547001328,0.0,0.4529269551781621,0.375,0.607134017712154,0.47086925979947036,0.32375542596099094
10.93883244293653,1.0407140186876331,2.743743129772772,0.85464878083093,A2,PU,combo_011,9.348859811069529,2.8554519388324056,mlp,0.44238073,0.5576193,0.88476145,0.12899654,0.3958428596199094,356.0381,1.065949,0.42337833980472434,0.0,0.188043081792157,0.21875,0.6070142080643796,0.3427815355323956,0.21964482635034696
14.257592364710096,1.1058846168616094,1.3686200554737573,0.8869674724038452,Si3,Si3,combo_006,12.646020662291276,1.5135358656767108,mlp,0.4759716,0.5240284,0.9519432,0.11253258,0.345321037076978,406.7325,2.8731382,0.6398936163279777,0.0,0.11685341761392419,0.09375,0.6069574772360754,0.48543477439299126,0.2100240298260815
9.69938609670628,1.3075377734588673,1.2268148455091532,1.8854152164224138,Si1,PU,combo_001,18.287370136686025,1.6041067515433225,mlp,0.5842582,0.4157418,0.8314836,0.109982826,0.3374967854498578,336.9015,2.6803274,0.3416461706700659,0.0,0.28387703429257394,0.375,0.6067720543494568,0.3203461025117259,0.2705267086983145
15.949029282156442,0.6903027758592069,2.5123665877381383,1.6097901883683563,Si1,PU,combo_001,25.674590852415047,1.7342936294915603,mlp,0.39868212,0.6013179,0.79736423,0.17434469,0.5349996378486895,423.23813,2.5291383,0.7103888960575999,0.008785883585612126,0.21056791454105545,0.375,0.6066354859086937,0.5702389753826862,0.32551990883711224
15.38063038153625,1.073233241563328,1.1511297693520912,1.151144182811237,Si2,PU,combo_003,17.70532319167523,1.2354307338217911,mlp,0.43028015,0.56971985,0.8605603,0.092642896,0.2842869268132441,416.6902,2.1426418,0.6824227115193366,0.0,0.41616100212500884,0.1875,0.6065003651429688,0.5501811255389043,0.23246652012342406
9.333668507222761,1.0831412497931832,2.0475140795512625,0.9638808711047928,A1,Si1,combo_008,8.996544531345245,2.2177469590942933,mlp,0.5946771,0.4053229,0.8106458,0.17720893,0.5437889404111113,332.2793,2.2263298,0.3219048438328882,0.0,0.277015430610612,0.25,0.6064758559439384,0.2906500938523156,0.3135315041142951
15.706637748811755,0.7670530783693696,2.5318129112575836,0.9042886423341039,Si3,Si3,combo_006,14.203334125506567,1.9420348874354452,mlp,0.4622931,0.5377069,0.9245862,0.14561288,0.4468323008972573,423.62833,1.5668788,0.7120554258670556,0.0,0.10762280634375679,0.09375,0.605753157405427,0.5272825628283093,0.21706992057008517
9.062492029455962,1.3110587152009763,1.3827695634667998,0.7726566949627107,Si1,PU,combo_001,7.002195139605353,1.8128920872977974,mlp,0.5712812,0.4287188,0.8574376,0.08039076,0.24668963065687663,319.93048,1.7733911,0.2691632028758262,0.0,0.27093738992326366,0.375,0.6054847508523714,0.2629384980992976,0.21798878904702138
9.580912269412185,1.380831260520193,2.2203795068292704,1.0395528826037141,A2,PU,combo_011,9.95986496764073,3.0659694332482657,mlp,0.56491333,0.43508667,0.87017334,0.1372275,0.42110067294298054,332.09396,1.3939706,0.3211132877924671,0.0,0.20597682177232152,0.21875,0.6054694704196825,0.27493361207991046,0.23797995836372118
12.872082246813815,0.5698093465171838,2.788906629747168,0.6053828467375515,A1,Si2,combo_009,7.792537794016045,1.5891450641936755,mlp,0.6198329,0.38016713,0.76033425,0.18669692,0.5729040767263277,391.77142,2.3508134,0.5759949845090672,0.0,0.42428914841657706,0.25,0.60526284693443,0.48397839906188744,0.3483952818402907
13.33484904266527,0.9685920740332941,2.4039729508954713,1.3410714756183597,A2,PU,combo_011,17.882985682795187,2.3284691464277825,mlp,0.4217599,0.5782401,0.8435198,0.1277623,0.3920554519502031,399.04272,2.0490818,0.6070506228306503,0.0,0.33049269563579,0.21875,0.605130633793325,0.49142428721231085,0.2600818483634079
13.448819761974212,0.9761963109247007,1.2935546789616161,2.4443517787279276,Si2,PU,combo_003,32.87364650697297,1.2627633055817153,mlp,0.44046783,0.55953217,0.88093567,0.09041369,0.2774463138117925,406.0051,2.2403908,0.6367868272979303,0.0,0.33891754010645553,0.1875,0.6050942019681235,0.5110910349643116,0.2205135973079978
11.688633649880053,1.0078289366329929,2.3540576546806653,1.8475842719364663,A2,Si2,combo_013,21.59573569194572,2.3724874228895723,mlp,0.5584127,0.44158733,0.88317466,0.1414561,0.43407666414014306,380.67084,0.87468266,0.5285845184516106,0.0,0.19987355219912992,0.15625,0.6042761180946593,0.41022524040132563,0.22145839320741773
15.088347508544782,0.6604761785840658,2.5999397030573803,1.7496499378444368,Si1,PU,combo_001,26.39932628050064,1.7171982396243293,mlp,0.38148108,0.61851895,0.76296216,0.17295781,0.5307438112364943,415.64838,2.390189,0.6779731577390146,0.12345965703328464,0.3250784041899574,0.375,0.6042525187057982,0.5581754313090211,0.3383244262157701
10.983469073439949,0.7075403638212754,2.6717701054648697,1.5404347050964804,Si1,Si1,combo_002,16.91931694308078,1.8903851924674213,mlp,0.44142738,0.55857265,0.88285476,0.16378541,0.5025971095935711,367.64438,1.0627209,0.47294867333226454,0.0,0.19438073098566452,0.09375,0.6041793088192766,0.36559540062194495,0.2391424946733762
9.320828882580882,0.9916234277495373,2.1893074770400993,1.6871232367372522,A1,Si3,combo_010,15.725386993453922,2.1709685847801947,mlp,0.59487855,0.40512145,0.8102429,0.14624654,0.4487767607869877,339.03546,0.72062963,0.3507603395622915,0.0,0.41962493524021344,0.1875,0.6040188446254852,0.30993535548689194,0.2610577915039107
9.447520250530578,1.3934603965386512,2.662651710476,1.4735011965073936,A2,Si1,combo_012,13.92093239318464,3.710299708324205,mlp,0.439184,0.560816,0.878368,0.058543395,0.17964811833129454,332.57593,1.989797,0.32317175058620506,0.0,0.2506895386658768,0.375,0.6039030595812988,0.30000237001772034,0.19597643980859666
8.824661934566386,1.4833962031105763,2.0669892985483886,1.1077637828913955,A2,Si1,combo_012,9.77564088737296,3.066164077336873,mlp,0.58758414,0.41241586,0.8248317,0.10659706,0.32710711246883306,322.07535,1.7220685,0.278323903219794,0.0,0.29945012813581384,0.375,0.6038910343824757,0.2718980646803953,0.24934712722981697
9.276128544541015,1.3280170970538445,2.4670411101914285,1.4852127176141658,A2,PU,combo_011,13.777024084576098,3.2762727734689148,mlp,0.5872976,0.41270238,0.82540476,0.1684433,0.5168904719087642,331.6229,2.1336393,0.3191013564504714,0.0,0.2632338660266133,0.21875,0.6038037883436574,0.28363510437646855,0.29543943397673
11.662901431154474,1.3903108939625612,1.3350907636453555,1.762948865622216,A2,Si2,combo_013,20.5610988479175,1.8561912331249328,mlp,0.5399896,0.4600104,0.9200208,0.11730798,0.3599749960126775,371.79453,2.8333547,0.49067389794101585,0.0,0.13004982022417524,0.15625,0.6029527084889947,0.3883148084803908,0.22568206428548127
11.234598309544458,1.0810796653937376,2.3106899989892447,1.4641039837517456,A2,Si3,combo_014,16.44862014085467,2.4980399709359484,mlp,0.5944318,0.40556818,0.81113636,0.16871719,0.5177309190156508,366.78925,1.3171828,0.4692964105612058,0.0,0.17986563183816934,0.34375,0.6023269833433287,0.3880955447630438,0.2850408960835433
13.505122817102723,1.1375100130906866,1.2176936823829574,1.1404174789517216,Si2,Si2,combo_004,15.40147811601366,1.385138756587884,mlp,0.40563813,0.5943619,0.81127626,0.16520892,0.5069653311453054,396.0617,3.03072,0.59431873132062,0.0,0.27822907743704567,0.25,0.6014811115990134,0.48622893449646465,0.317512429415555
8.139424839197401,1.4814259997880084,2.2691680061643518,1.44032671013202,A2,Si3,combo_014,11.72343100100804,3.3616044822189863,mlp,0.62410665,0.37589335,0.7517867,0.13470241,0.41335209813642054,315.82565,2.1761093,0.25163153346549827,0.0,0.49299038829558783,0.34375,0.6009965687827487,0.27213360715309914,0.31329552473400596
15.397970792054622,0.9690127934671113,1.5932366687613722,2.323697590547697,Si1,PU,combo_001,35.78022762882114,1.543866715050692,mlp,0.41003776,0.58996224,0.8200755,0.15121831,0.4640332992642841,421.13925,2.7448666,0.7014246183964766,0.0,0.16049527068317743,0.375,0.6009708349363179,0.5602353741182265,0.2976460949482894
9.765627063901697,1.5764674640040524,1.3412977903856491,2.1298052633368747,A2,PU,combo_011,20.798883920482865,2.1145123260835033,mlp,0.4138504,0.5861496,0.8277008,0.24449706,0.7502714305781545,336.40546,2.4863954,0.3395276210436861,0.0,3.056086718873453e-10,0.21875,0.6005886660924492,0.2737009467572723,0.34495564273465446
10.182715564590026,0.9510162397024746,1.9381711633598,2.2408350616252806,A1,Si2,combo_009,22.817786059690796,1.8432322516782076,mlp,0.43286437,0.56713563,0.86572874,0.12190428,0.37407932631808444,355.291,1.3125957,0.42018748134505873,0.0,0.20479346519160624,0.25,0.6004817294449899,0.34680988941209506,0.2243443548199471
11.693277062883569,0.9407044603436957,2.2626651789449825,1.9040045068417069,Si3,Si3,combo_006,22.264052227479073,2.1284992260979116,mlp,0.54124653,0.45875347,0.91750693,0.13887583,0.4261587653054655,380.41193,1.8567233,0.5274787121866784,0.0,0.11786932537837203,0.09375,0.6002955507111877,0.4008214718863934,0.21738400952625325
10.096926845182612,1.2030128393861321,1.658734626259409,0.6709672370776002,Si1,PU,combo_001,6.774707108286827,1.9954790525244261,mlp,0.6060612,0.39393878,0.78787756,0.11327495,0.34759909228054364,335.26447,1.4504594,0.3346544616102489,0.0,0.38859269947997166,0.375,0.6000114504199611,0.3186338397722621,0.2642561506600034
11.95778683461001,1.6043891747819041,1.2217370263323168,1.1050294646536445,A2,PU,combo_011,13.213706784291498,1.9601416594778034,mlp,0.41746798,0.58253205,0.83493596,0.10126596,0.31074793299395975,360.59204,3.1953635,0.4428282259525588,0.0,0.4085307203132868,0.21875,0.5999190747504664,0.39106661464340986,0.26710963015339423
14.40168747708681,1.1627176527043153,1.9114781567783448,1.1945155965868097,A2,Si1,combo_012,17.203040308549138,2.222509395644888,mlp,0.6076577,0.39234233,0.78468466,0.13363081,0.4100637459468318,406.18826,1.3905205,0.6375691291840834,0.0,0.33659425365572326,0.375,0.5998252797495721,0.5251189945971971,0.27707557493943236
10.379196575693193,0.8748347725970731,2.6299127567176805,2.0570084158076405,Si2,Si2,combo_004,21.350094705522743,2.3007391284732535,mlp,0.41632262,0.5836774,0.83264524,0.14302018,0.43887626643215844,355.94003,1.3023667,0.42295955673904456,0.0,0.2545857451496794,0.25,0.5994741853127151,0.3536689412463565,0.2542799245729081
10.38893783149814,0.8912804775336908,2.065492117009975,1.995361100198915,A1,Si2,combo_009,20.72968242135626,1.8409328003907244,mlp,0.56965196,0.43034804,0.8606961,0.11659932,0.3578003734182401,358.2221,1.9876723,0.4327062666265219,0.0,0.23201954541481518,0.25,0.5993558482470926,0.3622969386644567,0.23673515370404083
11.817299203515027,0.6301992144093216,2.611451413708184,2.2922889491171747,A1,Si3,combo_010,27.08866437262869,1.6457346293870097,mlp,0.43240777,0.56759226,0.86481553,0.11854886,0.3637827975566858,386.96283,2.4561708,0.5554575397244348,0.0,0.2731493537374328,0.1875,0.5993133748734543,0.44886267916290024,0.24534251314263916
10.78351516752935,0.8095288474205203,2.2303196549423534,1.5283682390740416,A1,Si3,combo_010,16.48118208762505,1.805508099644816,mlp,0.44279304,0.557207,0.8855861,0.11162519,0.34253658734211667,363.11542,1.4688442,0.45360553580901514,0.0,0.21515893633704508,0.1875,0.5988516771465398,0.365915185255075,0.20872560396300727
13.842370702759197,0.8739878692491037,2.6499142404785268,2.4715255647438825,A2,Si1,combo_012,34.2117730685311,2.3159929007286846,mlp,0.67149985,0.32850015,0.6570003,0.21698403,0.6658440832523675,415.28476,1.8321196,0.6764201542445938,0.0,0.5417876720357804,0.375,0.5987449420117891,0.5754514856174642,0.4065387164930425
14.034657204799966,0.7686477243457506,2.0972184075734854,1.4131751686224918,Si1,Si1,combo_002,19.833429061952064,1.6120221564373785,mlp,0.53653646,0.46346354,0.9269271,0.101379775,0.31109718952292603,405.46695,2.080292,0.6344884081942278,0.0,0.18793122881879723,0.09375,0.5987266740023265,0.4840595782474491,0.1922596943594785
11.544807489143002,0.6610234913491626,2.178836687921746,2.435855122458677,Si1,PU,combo_001,28.12147846022828,1.4402622345296783,mlp,0.6296115,0.3703885,0.740777,0.2458186,0.7543267479104967,387.998,3.3324316,0.5598786793409478,0.0,0.1456582335714941,0.375,0.5986751177705469,0.4631521084164263,0.409212330126545
14.375724418191883,1.1948564780551836,1.744512042494454,2.1182158481908124,A2,Si1,combo_012,30.45088729183769,2.084441515019778,mlp,0.5839619,0.4160381,0.8320762,0.1836083,0.5634262294122467,411.96915,2.428424,0.6622592127712542,0.0,3.8953261451844064e-10,0.375,0.5984058638583132,0.5148944543668013,0.30179469921061136
10.699586634764987,0.7118621775624994,2.8215966956554492,1.436665322243722,A1,Si3,combo_010,15.371725080509261,2.0085879679724408,mlp,0.43686986,0.56313014,0.8737397,0.0910543,0.2794121049624241,359.70932,1.3950151,0.43905813563983354,0.0,0.318214718445364,0.1875,0.5983258691761463,0.36559998623584866,0.20055881255565405
11.78393671952471,1.3214629061880943,1.3377093981193233,0.8373502753634754,Si3,Si3,combo_006,9.867282656959786,1.7677333488738873,mlp,0.6002418,0.39975822,0.79951644,0.22284485,0.6838287825424046,361.82614,3.896706,0.4480990533391204,0.0,0.2786692704097504,0.09375,0.5981712496336496,0.3734270231903266,0.37400812029318964
8.02434384951973,1.163670218743606,1.5814987637937838,1.7403309307813466,A1,Si2,combo_009,13.965013800544245,1.840343012406655,mlp,0.35243887,0.64756113,0.70487773,0.20826651,0.6390932188447447,316.8472,2.3396292,0.25599454135238386,0.31707421938578295,0.512809455505755,0.25,0.5979681668748497,0.2687638288517342,0.3846075101622389
10.822944152220105,1.1140371565161522,2.806296574203978,0.9446046469066847,A2,Si3,combo_014,10.22340333939864,3.1263186558672187,mlp,0.42173666,0.57826334,0.8434733,0.13040589,0.40016764130485677,353.4898,1.719422,0.41249467234428583,0.0,0.1496829928315182,0.34375,0.5979504363832736,0.34770020290271186,0.24771083880638767
14.051960281888569,1.001403260477532,2.2554738978736824,1.1756469425740828,A2,Si3,combo_014,16.520144142574743,2.2586389152526736,mlp,0.60640997,0.39359003,0.78718007,0.13547228,0.41571454099699157,406.0903,1.1515468,0.6371507371390065,0.0,0.3405071595065117,0.34375,0.5979447914353124,0.5206759742944403,0.26999526148762
15.14255521879506,0.7425996171259339,1.9291607718873975,2.2073057020008253,A1,PU,combo_007,33.424248477308694,1.4325940505779526,mlp,0.58858496,0.41141504,0.8228301,0.0986262,0.3026474724033385,424.71313,1.4966115,0.7166886289905282,0.0,0.4139700197978284,0.25,0.5975491743329521,0.5763690402463337,0.23453711121697682
9.358959250407544,1.3970966564890208,2.9715891864664226,1.0239022759558436,A2,Si3,combo_014,9.58265967707028,4.151597316871168,mlp,0.3765948,0.6234052,0.7531896,0.18636994,0.5719007072559027,326.27557,3.009591,0.29626301609831823,0.1560347874959311,0.3061983036240399,0.34375,0.5975316593788785,0.2896366219902053,0.3580593743395969
15.300091462052489,1.3121716978527782,1.3140694046831216,1.945759222363372,A2,PU,combo_011,29.77029406529172,1.7242846818394413,mlp,0.46386132,0.53613865,0.92772263,0.041235965,0.12653798848358833,419.30948,2.8067403,0.6936096806274056,0.0,0.23552568352159153,0.21875,0.5973695197491412,0.5470096945431143,0.16862337262869426
11.785796876425298,0.960765633577851,2.6475311952252527,1.8995449109475233,A2,Si1,combo_012,22.387650478074892,2.543656986197715,mlp,0.60839903,0.39160097,0.78320193,0.13200988,0.40508969829503555,381.511,3.3346672,0.5321727841839986,0.0,0.327462646665574,0.375,0.5968939208034634,0.46195167419211514,0.31429640349175414
11.354797484775398,0.8313500439619419,1.8321809616111,1.7666086154282459,A1,PU,combo_007,20.059483063047196,1.523183722981621,mlp,0.63082945,0.36917055,0.7383411,0.20881431,0.640774204510869,376.0463,3.151349,0.508833155418959,0.0,0.379852494291746,0.25,0.5966816119657017,0.4372663616645173,0.3820915077698158
11.536512248009304,1.2369933447369372,1.7252658135437402,0.6521212945928542,Si3,PU,combo_005,7.5232053022581455,2.134142329255764,mlp,0.3978931,0.6021069,0.7957862,0.10956399,0.33621153697016165,356.7577,1.8750851,0.4264517617433263,0.014046192169189599,0.3794271385485193,0.34375,0.5965907213431372,0.381367221382379,0.2630170687970299
12.82012438260377,1.1562365984850427,1.1255821259474124,0.824758312439897,Si1,Si1,combo_002,10.573504151065862,1.301439248620999,mlp,0.4185838,0.5814162,0.8371676,0.17278048,0.5301996697472696,381.74335,3.2243328,0.5331651944740968,0.0,0.28363745312409777,0.09375,0.596580283634944,0.42948487168652927,0.30703471822804007
13.604448572239772,0.9132034051279391,2.4090119016385767,2.2479444796944117,Si3,Si3,combo_006,30.582045067252917,2.1999178715700802,mlp,0.39712286,0.60287714,0.7942457,0.16809914,0.515834334431737,404.3636,1.6396616,0.6297759582285724,0.01918093363444025,0.45420230165735953,0.09375,0.5964031652055398,0.504776280530285,0.29471744091563123
12.24541606692469,0.7199134970348838,2.384371843598257,1.0725202767336892,Si1,PU,combo_001,13.133457028817233,1.7165414721563341,mlp,0.36667168,0.6333283,0.73334336,0.15499996,0.47563777955154696,382.45404,1.4199555,0.5362005570740189,0.22218879063924166,0.4350416435358031,0.375,0.5961907630076276,0.4641801994871042,0.3154042275093991
13.910026907572142,0.9394377957563875,2.526101737860605,0.5670944764717794,A2,Si2,combo_013,7.888299426857988,2.373115448472147,mlp,0.3713715,0.6286285,0.742743,0.18351679,0.5631454249681014,400.2444,1.4271126,0.612182898583593,0.19085661570231133,0.5317342277498559,0.15625,0.5961781063168122,0.5052045182145241,0.32787176540989565
9.529102112275167,1.377557182033802,2.7137998507920202,1.5034811171316975,A2,Si1,combo_012,14.326825089025487,3.7384144750608077,mlp,0.42674804,0.57325196,0.8534961,0.058905523,0.18075935584987768,333.75363,2.3523533,0.32820170928139536,0.0,0.28672958041521474,0.375,0.5957961874723109,0.309276277116599,0.20929264063309203
15.657108493728074,1.3499157800470012,1.2660066372691778,1.160268777523616,A2,Si1,combo_012,18.166454131572497,1.7090023372939032,mlp,0.42011523,0.57988477,0.84023046,0.16749519,0.5139810525360834,417.29858,1.9255868,0.6850211737656458,0.0,5.77657264901583e-10,0.375,0.5954739196419421,0.5278474280179323,0.27405749060902845
14.816576261814069,0.5576609638645784,2.8826081317677144,0.9840854641516514,Si2,PU,combo_003,14.580777327745638,1.6075180292054552,mlp,0.39280537,0.60719466,0.78561074,0.15988508,0.49062842031793225,416.05438,3.9379704,0.6797072037725668,0.04796441396077488,0.4108859563577734,0.1875,0.5954380580001503,0.5583939774451422,0.3411390276549307
11.197149780252168,1.6733553433017267,1.1925239019586802,0.631053064516036,A2,Si3,combo_014,7.06599568267319,1.995516243357582,mlp,0.5919081,0.4080919,0.8161838,0.12227846,0.3752275563126997,343.80585,2.5846827,0.3711345984153238,0.0,0.2566798634341237,0.34375,0.5952497298100154,0.334576382697655,0.2729812453468692
14.375178363909875,0.6434247745471189,2.509286045754493,1.5608420722239424,A1,Si3,combo_010,22.43738318611387,1.614536808263816,mlp,0.5611872,0.4388128,0.8776256,0.0865397,0.2655584684145528,412.58798,1.170728,0.6649022513662911,0.0,0.2948233257653245,0.1875,0.5948763585396708,0.520022340647204,0.18754847520982937
8.862482835133587,1.1234272094720894,2.787340224480318,2.063223072431398,Si3,PU,combo_005,18.285279064474846,3.131373850237231,mlp,0.63382375,0.36617625,0.7323525,0.22108933,0.6784417360729044,331.7493,2.2371235,0.3196412255628416,0.0,0.2582605198955774,0.34375,0.594861722672616,0.2966290459669581,0.3721331619017925
9.661149412701214,1.1242346288458158,2.680043915032953,2.170048277368436,Si3,PU,combo_005,20.965160640431346,3.012998176107559,mlp,0.3777783,0.6222217,0.7555566,0.20681334,0.6346339564774602,342.0709,2.6097846,0.3637246276506309,0.14814472198486342,0.2131086369799946,0.34375,0.5942800218120446,0.32518106366209476,0.3577585424443982
8.958452990895955,1.2739662157916134,1.1390817736491738,1.7623502759506042,A1,PU,combo_007,15.787932100596002,1.4511516966530371,mlp,0.41455317,0.58544683,0.82910633,0.15331168,0.47045709531237195,326.50046,2.264016,0.29722349303918155,0.0,0.19721004959439753,0.25,0.5936585656363145,0.26561598204676395,0.2766763526581297
14.535408127329475,0.9391645695588857,1.5061824343425863,1.057479387339313,Si1,PU,combo_001,15.370894481215243,1.4145531776265097,mlp,0.54802454,0.45197546,0.9039509,0.08658456,0.2656961270660915,406.8825,1.305882,0.6405342384156888,0.0,5.21247971739522e-10,0.375,0.593277430441049,0.49303347939138487,0.1743019381202919
10.560271465453082,0.9532692718227073,1.700608694296932,2.4952482908082025,A1,Si3,combo_010,26.350499324642435,1.6211380116678014,mlp,0.39979756,0.60020244,0.7995951,0.15050295,0.46183812275393027,364.56454,3.0329268,0.4597947402515305,0.0013496081034343925,0.37390209216921166,0.1875,0.5932633469014046,0.3953925223067191,0.3067396389873005
12.956474427952859,0.8154114933920853,1.7889166043511908,1.0155374392331589,A1,PU,combo_007,13.157784862053154,1.4587031599079028,mlp,0.5813326,0.41866738,0.83733475,0.09223509,0.28303551570346613,395.60626,1.3027003,0.592373534161515,0.0,0.35179000527239956,0.25,0.5932579537128624,0.48198112844652236,0.21432322030884987
15.14044563565282,1.0504515084702295,2.1582587145938517,2.2021828218447026,A2,Si1,combo_012,33.34202929390824,2.26714612241413,mlp,0.63873243,0.36126757,0.72253513,0.19618164,0.6020091990090954,423.0063,2.427188,0.709398701550918,0.0,0.32781430984796933,0.375,0.5931178556380232,0.5806662017061713,0.3644452448554404
14.250180081226212,0.8676953023092719,2.3753738804807902,1.3266063018021632,Si3,Si3,combo_006,18.904378697570355,2.0611007573213276,mlp,0.4415659,0.5584341,0.8831318,0.10802399,0.33148585104094724,407.31796,1.2972859,0.6423940627431659,0.0,0.2893413142586076,0.09375,0.5929090868016927,0.49509353749843066,0.198363712536361
8.34189990393555,1.0908923812857498,2.0592925592579325,1.2624282334691188,Si2,PU,combo_003,10.53104995950157,2.246466563732912,mlp,0.5911476,0.4088524,0.8177048,0.14208107,0.435994465669519,320.74908,2.6695855,0.2726594484263376,0.0,0.3308292763730103,0.1875,0.5928861995414715,0.2579369518268044,0.2836958904590178
10.715984266925956,0.9913352464235643,2.225574296557465,0.766044476208851,Si2,Si2,combo_004,8.208920554819581,2.2062902437117455,mlp,0.60743177,0.39256823,0.78513646,0.12481353,0.38300674479380054,349.20172,2.3772407,0.394180310027202,0.0,0.4401441165616208,0.25,0.5927977007765706,0.3584502625664562,0.2848576967814578
8.025696348402155,1.61497238215847,1.563175814066972,0.6285225184540673,A2,Si3,combo_014,5.044330881245334,2.5244857681762434,mlp,0.35010782,0.6498922,0.70021564,0.23561761,0.7230236598206656,305.05322,3.226796,0.2056226155889487,0.3326147397359213,0.3164991554046173,0.34375,0.5926095259901523,0.2285058359130278,0.4170034673589825
11.451146596178368,1.453426893505654,1.1937916068441923,1.1939774758807078,Si3,PU,combo_005,13.672411108845008,1.7350888266286775,mlp,0.4403265,0.5596735,0.880653,0.038776457,0.11899066600723425,356.28006,1.5302913,0.42441180725812444,0.0,0.25885831916768154,0.34375,0.5925990227430494,0.36583872101255277,0.16175166503052568
15.38562070538346,0.8251645364712338,1.8569717299344957,2.075898851248149,A1,Si3,combo_010,31.938992348045257,1.5323072167715832,mlp,0.6070293,0.39297068,0.78594136,0.16396579,0.5031506249487867,424.6587,2.2688196,0.7164561020720182,0.0,0.3753953154408008,0.1875,0.5921746463284423,0.5706758070331117,0.305571530183362
8.839251848217105,1.3092906217100102,1.4668671579549093,1.124439718785411,Si1,Si1,combo_002,9.939205862482664,1.9205554132047788,mlp,0.40918845,0.59081155,0.8183769,0.1816884,0.5575347775000878,319.86475,2.1777902,0.2688824500829615,0.0,0.29429960163017865,0.09375,0.591944963111529,0.23935013280267123,0.2964907139050885
15.669502430548347,0.8715862612683851,2.1714907290153356,1.1582101082798681,Si3,PU,combo_005,18.148576106777057,1.8926414858814364,mlp,0.40596008,0.5940399,0.81192017,0.12782684,0.39225349201657556,422.86542,2.0334759,0.7087970511832935,0.0,0.23319035324527373,0.34375,0.5919351680978712,0.5653240538929296,0.2639820647829311
10.54387293815185,0.8013221168949954,2.7145231835082266,1.0367550848810492,A1,PU,combo_007,10.931413882968618,2.1752074637693544,mlp,0.38037133,0.61962867,0.76074266,0.12658666,0.38844783960281876,353.35495,2.6778438,0.4119186989962501,0.1308577855428061,0.5181263469847467,0.25,0.5918946112549652,0.3804470828606099,0.3046954519353591
14.280469703683572,0.9561411762645992,1.792240226126385,0.9418213112089551,Si3,Si3,combo_006,13.44965070100302,1.713634677957213,mlp,0.56979567,0.43020433,0.86040866,0.12870218,0.3949395847477964,409.10342,2.0756977,0.6500197465404453,0.0,0.3006685089716867,0.09375,0.5916285029621124,0.5061780117691278,0.23841981503524803
12.8796306204789,1.2402949742807023,1.1918932238919548,2.2197049790694807,Si3,PU,combo_005,28.58898021685276,1.4782991754724155,mlp,0.363456,0.636544,0.726912,0.155476,0.47709859368232527,394.70764,1.8550725,0.5885355366040903,0.24362659454345714,0.45736757541983736,0.34375,0.5915340372656539,0.5025012893553176,0.32360344076843656
8.59547167471611,1.3138514016668819,1.2715238168276746,1.4133829688088868,Si2,PU,combo_003,12.14869327392295,1.6705933489918638,mlp,0.58789945,0.41210055,0.8242011,0.14145738,0.43408059659124165,320.8757,3.0092506,0.2732002299201145,0.0,0.2992510105939723,0.1875,0.5914353499416126,0.2571709243890385,0.2853356787454943
12.604849657445769,0.7803604379075443,2.1265886750510816,2.120952758570469,A1,Si1,combo_008,26.734290652325637,1.6595056697120865,mlp,0.41567224,0.58432776,0.8313445,0.114010446,0.3498560677171737,394.4802,1.9657626,0.5875641110863464,0.0,0.2936206580908564,0.25,0.5912609876977273,0.47672767852930886,0.24274029477387177
10.063916883061182,0.918117754055154,2.4559176963424907,1.1012900085463861,A1,Si1,combo_008,11.08329111015657,2.254821639510275,mlp,0.43732387,0.56267613,0.87464774,0.068363585,0.20978266257301556,346.58966,1.0600728,0.3830242315467602,0.0,0.27410056398632754,0.25,0.5911387569674524,0.3262295788523069,0.17199797779680168
13.82787379628877,0.6666949937969772,2.5252288818852,1.3510555605774477,A1,Si1,combo_008,18.682225783439126,1.683557453744401,mlp,0.58166504,0.41833496,0.8366699,0.12670723,0.38881781008931604,406.36914,2.107919,0.6383416555551645,0.0,0.23017312042256763,0.25,0.5905171204498905,0.506769790341799,0.24980881953289077
9.305639609140131,0.8949442850105851,2.9649029819442245,0.8447399732879262,Si1,Si1,combo_002,7.860845754852102,2.653422979301826,mlp,0.61050653,0.38949347,0.77898693,0.17612159,0.5404523013801257,333.81604,2.8575413,0.32846825499235555,0.0,0.4458461601900401,0.09375,0.5904501050433251,0.30024385048806024,0.3273453254219755
11.253593527182153,1.0407973061859113,2.693326607323831,1.9333442493389845,A2,Si1,combo_012,21.757070330176035,2.803207077581483,mlp,0.39810583,0.60189414,0.79621166,0.11823047,0.3628057663633863,370.18826,3.0837376,0.483813571803765,0.012627601623535302,0.2757764069062182,0.375,0.589953753841164,0.42144430002863253,0.28653853602693136
10.400924735186733,0.9725824721986437,1.9029110171046615,1.5767928231886785,Si1,PU,combo_001,16.400103476968045,1.8507379013896872,mlp,0.55818486,0.44181514,0.8836303,0.10363928,0.31803078670238916,353.87347,0.81111646,0.41413330935073633,0.0,6.957338498557219e-10,0.375,0.5899512816801226,0.3316202713729034,0.18235511710254715
13.944949892431332,0.9945720513879994,1.4654035100189557,2.0176977631258834,Si1,PU,combo_001,28.13669420486123,1.4574493750707276,mlp,0.41154227,0.5884577,0.82308453,0.09178426,0.28165209312483175,403.64175,1.5803511,0.6266930214553005,0.0,0.25807780262554614,0.375,0.5899059865712665,0.5107792320460609,0.2242920816643088
12.047468206291466,0.974084244141272,1.850393051622087,0.8209686056073866,Si2,PU,combo_003,9.890593174418427,1.8024387170535623,mlp,0.3711804,0.6288196,0.7423608,0.21733679,0.6669265590065202,373.38467,3.6699095,0.4974654044521606,0.19213056564331066,0.3562428857078297,0.1875,0.5898988495341483,0.4237715690950277,0.3890859694355199
12.500488365282589,1.1463427453606005,1.8896500936643756,1.5017723092040811,A2,PU,combo_011,18.77288727850918,2.1661866761421362,mlp,0.38924628,0.6107537,0.77849257,0.13014989,0.3993820656086483,387.2411,1.1850349,0.5566459816767746,0.07169143358866388,0.459971668282772,0.21875,0.589886479502048,0.46396758551393974,0.2641432834971641
8.67483406654476,1.5222156586403341,2.093579446880544,2.2620783924164,A2,Si1,combo_012,19.62315469972859,3.186879416649134,mlp,0.3852078,0.6147922,0.7704156,0.14475249,0.4441920715201283,325.37247,1.9200385,0.2924058585313527,0.09861485163370781,0.28404085890589675,0.375,0.5892135248071289,0.28138790714446515,0.2921223748546794
8.216019153948395,1.2162410262185845,1.4482110292459747,0.8501498961840737,A1,Si2,combo_009,6.984847830775588,1.7613736683911967,mlp,0.372427,0.627573,0.744854,0.23333704,0.716025451555129,312.35944,3.5971878,0.23682736310042843,0.1838200887044272,0.23050436296702742,0.25,0.5891491694630219,0.234570054122724,0.39527618528437397
10.714938536829129,0.9590976383452765,1.813144713697077,1.7853043514683913,A1,Si2,combo_009,19.129426395517402,1.738982812885089,mlp,0.42987013,0.5701299,0.85974026,0.09470766,0.2906229286042469,361.43414,2.166456,0.4464248334578082,0.0,0.23363190248301485,0.25,0.5889953721183048,0.3731208516717114,0.21717378339424323
10.482952100565544,1.0902689729337767,1.7533787278895543,1.585363830631309,Si2,PU,combo_003,16.61929309847712,1.9116544248200762,mlp,0.42849618,0.5715038,0.85699236,0.16547325,0.5077764677736547,351.26538,1.9448037,0.40299417509641916,0.0,0.0874349010625571,0.1875,0.5887525174077223,0.32053592073774434,0.2572747771041462
12.77073487820498,0.9759273931371284,1.692688983261471,2.4563600200193574,Si3,PU,combo_005,31.36952258108949,1.651941546826304,mlp,0.63404334,0.36595666,0.7319133,0.20565367,0.6310753625902817,401.76874,1.8426833,0.6186933916214712,0.0,0.266350486412518,0.34375,0.5887287138048114,0.5044366462141859,0.3485857319011415
8.155529325629338,1.2470394887560359,2.4420907239530525,2.2335641397094586,Si3,PU,combo_005,18.215897842074554,3.0453835678942722,mlp,0.3711352,0.62886477,0.7422704,0.15759395,0.48359779219391996,321.51962,1.916547,0.2759504081603393,0.19243176778157564,0.37562864118789546,0.34375,0.5886951875605255,0.2758821752868268,0.31489261254135553
13.275772029919839,0.8299804734562239,2.916046402237706,0.6543038169382789,A2,Si2,combo_013,8.686388311978993,2.4202615735495696,mlp,0.62355655,0.37644345,0.7528869,0.17161429,0.5266210477951936,394.59528,2.658437,0.5880556239841611,0.0,0.4809428649628356,0.15625,0.5886598890854116,0.49053455483886826,0.33301345691059486
8.094760142710154,0.9951814321617283,2.8561363325177282,1.779853145676461,Si1,PU,combo_001,14.407484303499105,2.842373845844139,mlp,0.6532762,0.3467238,0.6934476,0.1556053,0.4774953597077036,320.44952,3.356225,0.2713800290137287,0.0,0.5282646419764008,0.375,0.5885101746834629,0.2996047218241814,0.3702059028034156
9.980946992269653,1.3047382137762922,1.2126573614335028,1.8632842777846987,Si1,PU,combo_001,18.59734160809852,1.58220039967942,mlp,0.58947355,0.41052645,0.8210529,0.090729296,0.2784147942102614,340.62378,2.6750646,0.3575440256613788,0.0,0.25795313805707193,0.375,0.5882843135755279,0.32885101758292323,0.2458502490320303
10.26396582846347,0.9974653250590336,2.7196885942454303,0.585413200734289,Si3,PU,combo_005,6.008661087868168,2.7127950677183645,mlp,0.61481166,0.38518834,0.7703767,0.15285265,0.46904850047408897,342.6223,3.829949,0.3660797447417504,0.0,0.2834457116823736,0.34375,0.5881438189992201,0.34109547023718395,0.33566660404231163
10.038662912935253,0.907183431044919,2.366118414334662,1.615723527556531,A1,Si3,combo_010,16.219703853638666,2.146503421374682,mlp,0.42626104,0.57373893,0.8525221,0.0846935,0.2598931553036511,349.561,0.6502461,0.39571480521308666,0.0,0.34715442548760034,0.1875,0.5880692874063159,0.3337392554443813,0.18261784054203029
10.37349549896815,0.807897395342823,2.4776146632980014,1.2350174127841866,A1,Si3,combo_010,12.81144757266405,2.0016584331416407,mlp,0.5934471,0.4065529,0.8131058,0.10775189,0.3306508682120407,352.35504,0.77136654,0.4076481023118441,0.0,0.4204465089396481,0.1875,0.5879978322998345,0.3501396728677091,0.22088950645924849
8.372750290968293,1.2300462298326742,1.5753701424913982,0.9258056508947905,A1,PU,combo_007,7.751539532909447,1.937778104362507,mlp,0.3626102,0.6373898,0.7252204,0.1770058,0.5431656011858078,313.68735,1.9456913,0.24249885626473658,0.2492651939392091,0.46575608781619693,0.25,0.5877094665480088,0.2522765773759118,0.33580256581888
9.258068253451507,0.9955121683788205,2.609870708338974,0.5643600717317743,A1,Si2,combo_009,5.224884063615554,2.5981580480469004,mlp,0.5966774,0.40332258,0.80664515,0.23148979,0.7103569147488499,328.17914,2.3035636,0.30439311647330697,0.0,5.007940659649232e-10,0.25,0.5877083725115982,0.25114811924200586,0.33188020204935714
13.55742256131246,1.2025784463328484,1.5947167619556328,1.5521284994098716,A2,PU,combo_011,21.042861935955447,1.9177720059335557,mlp,0.57667094,0.42332906,0.8466581,0.06296369,0.1932123653455582,400.47745,1.1026293,0.6131783066983133,0.0,0.40085751869159153,0.21875,0.5875849553667266,0.497140366540369,0.18140725561305118
9.764371826371264,1.0609129289889578,1.9004026938278433,2.109875558597536,Si1,PU,combo_001,20.60160946151911,2.0161617881674028,mlp,0.43584007,0.5641599,0.87168014,0.06833231,0.20968668333050441,345.31717,0.92104125,0.3775894361873927,0.0,0.1354547071686365,0.375,0.5874452977682152,0.3202365733744139,0.16703328588328567
11.246605180799314,1.3556042594629534,1.6597511621819585,1.0821805766271841,A2,Si2,combo_013,12.170857679655677,2.24996574510245,mlp,0.53640455,0.46359545,0.9271909,0.049345847,0.15142423090401746,357.44897,2.4054618,0.4294042279754387,0.0,0.20838362150423478,0.15625,0.5873636668176893,0.35072322696725444,0.15556269236112502
14.522969393085823,1.0713452112078208,1.18045401297095,2.0281645513665696,Si1,Si1,combo_002,29.45497170363833,1.264673753847482,mlp,0.54276943,0.45723057,0.91446114,0.10366781,0.31811832946550855,412.8098,2.1438208,0.6658496942870586,0.0,0.1506442100445335,0.09375,0.587330529493706,0.5026603222784508,0.19044195027530544
11.12504785871614,1.5637256471989496,1.460622420711021,0.866360090253821,A2,Si3,combo_014,9.638297466955393,2.2840127401396377,mlp,0.5864105,0.41358948,0.82717896,0.102210596,0.31364667530464607,347.36957,2.216548,0.3863552057224562,0.0,0.22509276608283824,0.34375,0.5873218415010913,0.3398901021414436,0.23905288661509333
8.961074557115397,1.2186002309883421,1.6273709202230984,1.5130598344669361,A1,Si1,combo_008,13.558641986034896,1.9831145792875786,mlp,0.4029324,0.5970676,0.8058648,0.2311411,0.7092869222406265,327.8694,2.5462356,0.30307016343357795,0.0,2.884169366196674e-10,0.25,0.5871186903588028,0.2516604092800882,0.33653995479457843
12.587184446907344,0.9112083154568151,1.6520912966487908,0.9117166073203529,Si1,Si1,combo_002,11.475945099649875,1.5053993274002102,mlp,0.45974618,0.5402538,0.91949236,0.14625517,0.4488032362426399,386.88754,2.0432825,0.5551359904486701,0.0,5.678778323904012e-10,0.09375,0.5871037797224749,0.4095004016589976,0.2114993617785981
8.565992136035794,1.2080225285496702,2.792075082023557,2.023214573584488,Si3,Si3,combo_006,17.33084012683774,3.372889600486625,mlp,0.38001257,0.6199874,0.76002514,0.21399899,0.6566840785846395,323.95053,2.5994422,0.2863327872078913,0.1332495212554933,0.3764397162277094,0.09375,0.5870449101356249,0.2622785823883801,0.35226119395907846
11.626999525990609,1.2639046669970209,1.5844916852301687,1.0952280407347617,Si3,Si3,combo_006,12.734215910474697,2.0026464357803846,mlp,0.42832747,0.57167256,0.85665494,0.14878677,0.45657179338792186,362.9588,2.7336967,0.45293662989769595,0.0,0.22144884379693186,0.09375,0.5869258285985105,0.36419793355986196,0.261758383136548
9.374771098404942,1.2182264766632769,2.90071035190045,2.464512643883097,A2,Si1,combo_012,23.10424190552881,3.533722151816379,mlp,0.64907604,0.35092396,0.7018479,0.19142182,0.5874030696530371,338.57104,3.2992227,0.34877682238410473,0.0,0.37696105814472436,0.375,0.5869209880356311,0.33831425663325165,0.38479554612494216
14.246692687032517,0.9185863080404936,1.533205654115187,0.5632938186011389,Si2,PU,combo_003,8.025073926115468,1.4083817212804797,mlp,0.411517,0.588483,0.823034,0.17863172,0.5481549671064183,405.7058,2.3486533,0.6355085809471301,0.0,0.15878783847951508,0.1875,0.586835117479812,0.49282498246616835,0.29048808610246385
13.887671346243964,0.5956452180752114,2.9213705733340776,0.7671310828643572,Si1,Si1,combo_002,10.653664358308436,1.740100412232082,mlp,0.38834333,0.61165667,0.77668667,0.18773091,0.5760770160487902,400.51657,3.7325685,0.6133454028359421,0.07771110534667983,0.39413921942693886,0.09375,0.5867726029391572,0.4996735918200498,0.350210446153805
10.029956784321001,1.3738772685123264,1.256522175928024,2.061763599950908,Si3,PU,combo_005,20.6793998069937,1.7263072548891585,mlp,0.59491813,0.40508187,0.81016374,0.11017367,0.33808242344340783,345.65585,1.5114657,0.3790359517376304,0.0,0.2591672303160817,0.34375,0.5867400268946423,0.33399493049692025,0.23808957712400297
15.737286072322368,0.9143242118568967,2.4341912841025906,0.7219917529568164,A2,Si3,combo_014,11.362190758138919,2.2256400273460284,mlp,0.40133348,0.59866655,0.80266696,0.08743298,0.268299615461154,422.50543,1.282388,0.7072595581727867,0.0,0.35622219906732816,0.34375,0.5867076103006864,0.5720991701918373,0.22347160374604097
13.65771025297092,0.861436814744641,2.3013024372483564,1.2781995505685781,Si3,Si3,combo_006,17.457279107143293,1.982426641307303,mlp,0.566573,0.43342698,0.86685395,0.104673065,0.3212030858583937,402.94724,1.2249204,0.6237267391618865,0.0,0.3161411931641272,0.09375,0.5864338275986174,0.48427747637117247,0.197283497770094
9.855440230549437,0.9684136635984488,2.211609963288751,0.9444468151681369,A1,Si3,combo_010,9.307939137822345,2.1417533069992905,mlp,0.5727738,0.4272262,0.8544524,0.13177519,0.40436951102988516,340.76172,1.2037888,0.3581331633697113,0.0,0.18002034591781207,0.1875,0.585732306762522,0.29399963787148425,0.21959774197129972
15.811629333781356,0.9426729365658231,2.4069794988882056,1.7791580188082254,Si3,Si3,combo_006,28.13138711962046,2.268994432470678,mlp,0.38640198,0.613598,0.77280396,0.19114956,0.5865676066992871,421.1933,2.837986,0.7016554508923741,0.09065326054890964,0.3860477232781523,0.09375,0.5849969817037234,0.5553791362254327,0.33411023979181775
11.45119790194618,1.4645715997553603,1.5721045328963534,1.3904636060088724,A2,Si1,combo_012,15.92247392786132,2.3024596507266657,mlp,0.61499184,0.38500816,0.7700163,0.12005869,0.3684159108434687,360.22888,2.537875,0.44127717756115237,0.0,0.33311681983009467,0.375,0.5849888815305847,0.3941674463099517,0.2857791818892026
11.137813848418746,1.6631282533481975,1.2706094348436647,1.335066815121428,A2,Si3,combo_014,14.86972566202375,2.1131864500592843,mlp,0.4074962,0.5925038,0.8149924,0.12505029,0.38373328799735446,349.1642,2.7533915,0.39402012192022395,0.0,0.18286273240951706,0.34375,0.5847977562466844,0.3442145012291325,0.26838555991458585
15.908052505760018,0.772259468666465,2.1379859705616293,2.110022007899844,Si1,Si1,combo_002,33.5663408899799,1.6510799096422804,mlp,0.5902904,0.40970957,0.81941915,0.11072837,0.33978458032881875,428.8825,2.2235072,0.7344959679258833,0.0,0.4540891624867714,0.09375,0.583824115335455,0.5815295236618284,0.2451949820157175
9.820045477120708,1.2590682196718086,2.607837562705146,2.429839897059494,A2,Si2,combo_013,23.86113829124653,3.2834453972684368,mlp,0.40480915,0.5951909,0.8096183,0.11729594,0.3599380492628209,345.18857,1.5357611,0.3770401825805535,0.0,0.40668976503672155,0.15625,0.5837217309961734,0.32874414873562163,0.24024643748696262
11.939323773734806,0.602935355114159,2.8052103178954413,1.7522840638471417,Si2,PU,combo_003,20.92108678182682,1.6913604791901906,mlp,0.601683,0.39831698,0.79663396,0.14186075,0.435318404163789,385.62567,2.5437055,0.5497465534792362,0.0,0.34648780602863893,0.1875,0.5835446088779548,0.452717666573812,0.28319665723581167
10.87824976938402,0.7445022160732564,2.6179281620681842,1.418031412535995,A1,Si1,combo_008,15.425699886398982,1.9490533181803502,mlp,0.43180647,0.56819355,0.86361295,0.11952835,0.3667884933920189,365.60416,2.1841476,0.4642349095373835,0.0,0.10476453121814695,0.25,0.5832200731277889,0.37280602893500914,0.22486863934951953
8.761988743088137,1.5093179355209505,1.8019650551403614,1.2884705770892233,A2,Si1,combo_012,11.28956469225605,2.719738176905346,mlp,0.61999404,0.38000596,0.7600119,0.14290082,0.438509999765882,321.80972,1.8023406,0.277189422110651,0.0,0.28787274029377724,0.375,0.583213980156059,0.2704219751065159,0.28826678056101407
8.97079225729868,1.073984770894215,2.152340855580805,1.1990188857789272,Si1,Si1,combo_002,10.75614933690049,2.3115813006672097,mlp,0.58646417,0.41353583,0.82707167,0.1647993,0.5057083643051963,329.60815,1.0579487,0.31049642672339073,0.0,0.2560263896700511,0.09375,0.5832121297909283,0.258015108320808,0.24937928322332906
13.989077513650649,0.6781187992172704,2.0709687133870753,0.794963725701113,A1,Si2,combo_009,11.120809179373381,1.404362817138579,mlp,0.62567675,0.37432325,0.7486465,0.15649574,0.48022777305477193,408.05746,2.1736224,0.6455524664927929,0.0,0.4120116914064962,0.25,0.5830915113001258,0.530390650050581,0.31044111455756157
14.368844760778678,0.9868836296524701,1.155111266872883,1.2107618083503304,A1,PU,combo_007,17.397248466465562,1.1399603997039738,mlp,0.61022586,0.38977414,0.7795483,0.095593154,0.2933401837241153,409.8645,1.4278282,0.6532703008121498,0.0,0.48178536974679687,0.25,0.5825203910860512,0.5383500555338805,0.24002494773289582
10.767323388390722,0.9824089942778312,1.7742677972832412,0.8023479585578258,A1,Si3,combo_010,8.639139939807228,1.743056642308572,mlp,0.549816,0.450184,0.900368,0.07600616,0.2332349092646353,352.62177,1.5364884,0.40878727566822165,0.0,0.1600298006593909,0.1875,0.5823170988283103,0.32943042826311475,0.16360393164450282
8.582211879204419,1.0177173178681627,2.2833155990909777,1.9801111075548181,A1,PU,combo_007,16.99373306940158,2.3237698273534066,mlp,0.62892234,0.37107766,0.7421553,0.17178233,0.5271367018770412,329.59576,1.5080065,0.3104435086018016,0.0,0.3835758970134935,0.25,0.5822923122540818,0.28902558362682373,0.30878561287373485
14.426169224732593,1.0898463046755922,1.107709674233205,1.7264996090799642,Si1,Si1,combo_002,24.906775527022234,1.2072332951164626,mlp,0.57067955,0.42932045,0.8586409,0.15092163,0.46312289110878296,409.80804,1.9136964,0.6530291714403765,0.0,0.175925134931258,0.09375,0.5821722218446199,0.4948500633758312,0.24021173668830928
13.916725755365913,1.055099653845871,1.3097738058598059,1.9039795706327354,Si2,Si2,combo_004,26.49716152831512,1.3819418891790702,mlp,0.42430344,0.5756966,0.8486069,0.095873535,0.2942005674435483,407.46207,2.3696666,0.6430095291720921,0.0,0.22513571404290178,0.25,0.5821342257064728,0.5110849828732021,0.22136714938124377
9.136685084853374,1.4788472845802638,1.9006253325937421,1.1486353937209892,A2,Si3,combo_014,10.494719869745245,2.8107346121107164,mlp,0.639505,0.36049497,0.72098994,0.14415808,0.44236805437683635,326.57324,1.9140363,0.29753435441846765,0.0,0.44750944766463263,0.34375,0.5815886115904763,0.29816413717438334,0.31119224128406203
10.03675506827941,0.8851048323371049,2.737939045018231,0.9728026205932379,Si1,Si1,combo_002,9.763781632674672,2.4233630793900742,mlp,0.4027527,0.5972473,0.8055054,0.14087743,0.43230093383824786,345.36026,2.1751993,0.3777734765511461,0.0,0.39542630801756184,0.09375,0.5812495594534203,0.32567116530448365,0.2677741262552592
13.609412909167226,0.723571908092431,2.4538090802001755,0.789441598204169,Si2,Si2,combo_004,10.743836677633425,1.775507318254974,mlp,0.61054915,0.38945085,0.7789017,0.12093658,0.37110982275071114,399.12982,3.1668177,0.6074226137641859,0.0,0.39723945483854045,0.25,0.5811483483930722,0.5081093635155646,0.2906379155772613
15.952405014269544,0.9721074750426262,2.3259733305871704,1.7676130039092446,Si3,Si3,combo_006,28.197678546849886,2.261096061413582,mlp,0.38239014,0.61760986,0.7647803,0.19755384,0.6062199853383591,421.9265,2.904665,0.7047870045606036,0.11739905675252292,0.3682677612586636,0.09375,0.5808648355067805,0.556188445141389,0.3397048394380755
8.283994226293506,1.297006996257222,1.2833041889325978,1.977912101756443,Si2,PU,combo_003,16.38501243106643,1.664454511371779,mlp,0.58371085,0.41628915,0.8325783,0.15319622,0.470102763177918,320.13477,3.355782,0.27003570018104256,0.0,0.15837819831233865,0.1875,0.5803152219308292,0.24292242164841749,0.28400133777571057
15.676891174257264,0.7414967222000328,1.9666848493954654,0.698310399967521,Si2,PU,combo_003,10.94733614614289,1.4582903694272027,mlp,0.37581164,0.62418836,0.7516233,0.16250837,0.49867833062146627,422.74194,2.1597292,0.7082696947302153,0.16125575701395684,0.426462302476548,0.1875,0.5802889069783281,0.5694054240421418,0.3094031872806724
11.286550685692594,1.0014535675506564,1.7837321614377282,1.0357478448890625,Si1,Si1,combo_002,11.690020548937275,1.7863249366266563,mlp,0.41818276,0.58181727,0.8363655,0.1508975,0.46304886043054305,365.10876,0.9261603,0.46211909705522386,0.0,0.24435751746203818,0.09375,0.580174508109821,0.3622029583296902,0.2299641640268997
14.66492989971487,0.7016939722927282,2.2294820789580316,2.355789798623543,Si2,PU,combo_003,34.54749225527767,1.5644141361395112,mlp,0.40028638,0.5997136,0.80057275,0.13513657,0.41468437598768537,419.47736,1.9258547,0.6943266820728784,0.0,0.32828903685337296,0.1875,0.5798860498919333,0.5484417751308289,0.26042756610436446
9.677031373651506,1.244488089173071,1.884069313146771,0.8092923151536419,Si3,PU,combo_005,7.831547124196854,2.3447018193876454,mlp,0.58322453,0.41677547,0.83355093,0.10388644,0.31878922391339976,333.04205,2.3740714,0.32516256681564554,0.0,0.14440415013197969,0.34375,0.5794945355009566,0.2899200607169724,0.23201732215436588
10.22174834910468,1.1422709354318936,1.7380024129652203,0.8766766150635585,A1,Si1,combo_008,8.961167742724609,1.9852696420406704,mlp,0.5871731,0.4128269,0.8256538,0.1623988,0.4983421060525361,341.72662,2.8938494,0.3622542598436178,0.0,0.08729199009775576,0.25,0.5794547235495885,0.30387884073873767,0.2830143450675547
11.995313556929828,1.0326113889077941,1.509510301655039,0.7655821122480977,Si1,Si1,combo_002,9.18339748999258,1.5587375291626333,mlp,0.4380343,0.5619657,0.8760686,0.18137634,0.5565771799314034,372.59604,2.0962706,0.4940971529789905,0.0,4.5941691670120225e-10,0.09375,0.5793868265398242,0.36708728443624017,0.25031948361242184
11.831919383351487,1.3195635074586118,1.7168536709871156,1.6618790734087747,A2,Si3,combo_014,19.663219221451488,2.2654974518809516,mlp,0.38473102,0.61526895,0.76946205,0.18767993,0.5759205868021819,375.2361,1.4411899,0.5053728837639122,0.10179297129313164,0.12021337824301122,0.34375,0.5791867187306253,0.4081188614274908,0.2990319795067945
11.288110081202824,0.7840708047962855,2.146613285954559,1.7694953838425729,A1,Si2,combo_009,19.974258680995206,1.6830968067047902,mlp,0.6067419,0.3932581,0.7865162,0.10656962,0.3270229077165299,375.7596,2.513737,0.5076087395711547,0.0,0.39857784503537685,0.25,0.5789240410210014,0.4345025724442533,0.26186004029926746
11.761019386400715,1.4370254544162058,1.3663947331504396,0.9149437317082003,A2,Si2,combo_013,10.760670966085959,1.9635440123174206,mlp,0.545961,0.45403898,0.90807796,0.06942735,0.21304696279425708,362.5052,3.7383292,0.4509992531506485,0.0,0.16004761017531902,0.15625,0.5788445613307209,0.3689062705645608,0.19753069169980028
15.923848248711575,0.5593911458386988,2.970316682080541,1.2470776135546255,Si1,Si1,combo_002,19.858274672609234,1.6615688522928356,mlp,0.6091634,0.3908366,0.7816732,0.18207829,0.5587312028837487,425.8598,2.8212404,0.7215860317013437,0.0,0.3400730997616174,0.09375,0.5788034015346528,0.5646338266718868,0.3171239167403002
9.663130388357144,1.5372147758127181,1.759302048278847,0.7976835208343814,A2,PU,combo_011,7.70811987046643,2.7044251037318237,mlp,0.40346947,0.59653056,0.80693895,0.12524557,0.3843325295281351,327.3114,1.6092952,0.3006870231992524,0.0,0.29615089401088657,0.21875,0.5787014369469909,0.27092889911535123,0.243104146598231
13.626413102140413,1.242048544690876,1.5244306791780373,1.8445520540050009,A2,Si2,combo_013,25.134628276273755,1.893416906555205,mlp,0.55575526,0.44424474,0.8884895,0.06299867,0.19331970754269728,404.28107,2.500419,0.6294235183251805,0.0,0.2495848308935094,0.15625,0.578542397398274,0.49541967778596646,0.17837618381543266
8.378094892766892,1.4775860905644072,1.7180855372391628,1.777244590744294,A2,PU,combo_011,14.889923828912355,2.538619292224464,mlp,0.62988514,0.37011486,0.7402297,0.19666688,0.6034982261901974,319.80032,2.0498276,0.2686073019187381,0.0,0.31907894324976255,0.21875,0.5783254425081266,0.25337700765809357,0.33239022761903564
8.490254235269925,1.3818490902411062,2.7165429349902004,1.398512853982371,A2,PU,combo_011,11.873729681603255,3.753852383317113,mlp,0.37776202,0.622238,0.75552404,0.1850773,0.5679340529779812,319.6364,1.8554605,0.26790724469938987,0.14825320243835463,0.2957121014738089,0.21875,0.57789764476544,0.24939823752359871,0.31240558006662195
10.157060704719465,1.1302653565394987,2.8270627326782742,0.5838380507089154,A2,PU,combo_011,5.930078522775535,3.195331067510139,mlp,0.64206153,0.35793847,0.71587694,0.20659481,0.633963382112798,339.30536,2.2626472,0.3519130682995687,0.0,0.3723116842286552,0.21875,0.5774860692926487,0.31827573531753794,0.35545290317118805
10.308479860197153,1.4257349343519832,2.2394352079116,1.583686925023459,A2,Si1,combo_012,16.325404771461887,3.1928410091373647,mlp,0.38090396,0.61909604,0.7618079,0.11738004,0.36019610493462256,344.44635,1.4737489,0.3738701785530413,0.12730693817138686,0.31928218593580376,0.375,0.5771661107532141,0.33929183138867103,0.2587516719453547
9.8517333813622,1.290545226420885,1.5373737937727492,1.9834749838000372,Si2,Si2,combo_004,19.540666708999677,1.9840504107779875,mlp,0.4134008,0.58659923,0.8268016,0.14251836,0.4373363460176525,339.6712,2.7285814,0.35347558662865947,0.0,0.1260371917333045,0.25,0.5767469125825043,0.3006287190037791,0.26404561203252847
10.04884190306778,0.8369500840820067,2.468825584965675,1.7956737614906515,A1,Si3,combo_010,18.0444417387066,2.066283780920831,mlp,0.59245986,0.40754014,0.8150803,0.107468784,0.3297821166024793,351.08243,1.3458947,0.40221278559167284,0.0,0.3355831121320176,0.1875,0.5762239470604187,0.3412539356189076,0.2197745683510427
9.411068244935853,0.9922647456501182,2.5736150010288963,1.2042854973732229,Si1,Si1,combo_002,11.333613002165917,2.5537074343972668,mlp,0.39159417,0.6084058,0.78318834,0.12888087,0.39548793304517305,336.6849,1.5366831,0.3407211462638633,0.056038856506347795,0.4804311214563809,0.09375,0.5762039468516856,0.30445042359400337,0.25439422650708104
11.29700091100607,1.2959104632677105,1.8964039286831706,0.9118266629406604,A2,Si2,combo_013,10.300906641920264,2.457569693762514,mlp,0.5266646,0.4733354,0.9466708,0.06896079,0.21161527623731374,357.52393,1.1822662,0.4297243435089928,0.0,2.362938985420066e-10,0.15625,0.575848715325869,0.32285886182636137,0.11999672143103358
10.212359291960183,1.5327586145097232,1.7816009403939757,1.9313648868191935,A2,Si3,combo_014,19.723792148073617,2.73076418900749,mlp,0.3508209,0.6491791,0.7016418,0.19547611,0.5998442017746146,343.71484,2.0828595,0.37074592393606554,0.32786067326863616,0.31984896981257116,0.34375,0.5754194765696818,0.3376468315423962,0.35066207341362715
15.32486603986619,0.6037689622135423,2.8484528969938445,1.2726761419946557,A1,Si1,combo_008,19.503591388201823,1.7198074495321314,mlp,0.4004689,0.5995311,0.8009378,0.12416218,0.38100800793367434,421.00555,1.9036654,0.7008535979760774,0.0,0.263750246194473,0.25,0.5747295245286002,0.5526752177581009,0.24787470064985506
14.92112129876451,0.9489166874063947,2.5535181822246007,2.086570573281742,A2,Si1,combo_012,31.133972622369473,2.4230760147085664,mlp,0.63954985,0.36045015,0.7209003,0.15975179,0.49021939967750244,420.81354,1.6447338,0.7000334974316463,0.0,0.32230090173754644,0.375,0.5746232086529617,0.5689214819688795,0.3082597277231617
8.920828318790212,1.352017403324385,1.2331089813734675,1.3154254499337055,Si1,PU,combo_001,11.734684605025956,1.667184803012533,mlp,0.38561058,0.6143894,0.77122116,0.122052096,0.3745329299796903,320.96716,2.5536761,0.2735908595023872,0.09592946370442722,0.2534220557519802,0.375,0.5746149042299136,0.2689112035552915,0.27629372100516747
15.80178747253309,1.0568320554900676,2.287814050237319,2.454151931179875,A2,Si1,combo_012,38.779987241811035,2.417835225291363,mlp,0.30668133,0.69331867,0.61336267,0.20345941,0.6243420003336182,428.9527,2.4411192,0.734795750388088,0.6221244335174562,0.5813340391913117,0.375,0.5744508803588237,0.6238786818116288,0.4105786901683892
9.501354702581438,1.0143581902350105,2.338287396894068,1.8241590490266164,A1,Si2,combo_009,17.331982158725523,2.371860972162801,mlp,0.44115552,0.55884445,0.88231105,0.07712906,0.23668067381360694,340.6971,1.1889998,0.3578572331642821,0.0,0.10388259241254715,0.25,0.5738555861634763,0.2923550545969767,0.15855418718918024
11.453876617504314,0.864747163332028,2.5034861932268684,0.9084665880145164,Si2,Si2,combo_004,10.405464210243395,2.1648825840338315,mlp,0.38316008,0.6168399,0.76632017,0.07610968,0.23355256900628607,363.45187,2.0291197,0.4550425365245828,0.11226590474446628,0.5290250229697303,0.25,0.5733627347112431,0.4078785410018196,0.23865907357939461
13.620138655022,0.5585162077296976,2.8853805269943065,2.2849997605835375,Si2,PU,combo_003,31.122013565839854,1.6115317897939763,mlp,0.38039178,0.6196082,0.76078355,0.15849362,0.48635855576983855,409.25082,2.5571864,0.6506492897110748,0.13072148958841973,0.35476970456837487,0.1875,0.5727251932686427,0.5242576753411533,0.30258265750767166
12.814580785452343,0.9449344636805654,1.5591736732773414,1.3058834119221099,A1,PU,combo_007,16.734348478458017,1.4733169387431817,mlp,0.36610806,0.63389194,0.7322161,0.1289678,0.39575469955341985,391.28485,0.7179094,0.5739168403449845,0.22594626744588228,0.4863510755854068,0.25,0.5725347381027178,0.4790513967725831,0.2618275595854447
8.041397858568388,1.0227626540741233,2.5789778727962336,1.5749018623907594,Si2,PU,combo_003,12.664412463684418,2.6376822539795124,mlp,0.64711326,0.35288674,0.7057735,0.18331677,0.5625316425134911,319.4564,2.819111,0.2671383678539356,0.0,0.4762268448999343,0.1875,0.5721142010256796,0.26949821567979376,0.3528954595368711
10.808227503589174,0.6857998456526173,2.73718324911996,2.1993212387387144,Si2,PU,combo_003,23.770764301763585,1.8771598497693982,mlp,0.61914665,0.38085335,0.7617067,0.1539549,0.47243086568063963,365.21344,2.41142,0.46256616394451155,0.0,0.36021059387608495,0.1875,0.5719599153179385,0.3922795953307426,0.2955001662065527
13.501362899569884,0.687748285490855,2.538048897947087,1.9933163477338036,A1,Si2,combo_009,26.912487384399316,1.7455387780550633,mlp,0.60743934,0.39256066,0.7851213,0.14004871,0.42975791831037025,405.29108,1.9132133,0.6337372576161038,0.0,0.25203014056238604,0.25,0.5715849357539023,0.5045783605202651,0.26337722395762597
15.338845611963906,1.0090083746406682,1.9658400900074942,0.6716388578919235,A2,Si3,combo_014,10.30216474819998,1.9835491140219266,mlp,0.5646259,0.43537408,0.87074816,0.04332842,0.13295896094033502,419.93692,2.1347141,0.6962894751591128,0.0,0.13988142104757942,0.34375,0.5714000465464629,0.5478379134397163,0.1613328350187822
15.14234357753114,1.5260309844499498,1.1648557443301915,2.058882844836072,A2,Si3,combo_014,31.176311422392534,1.777605958262381,mlp,0.34538758,0.6546124,0.69077516,0.1920306,0.5892711668295738,415.32675,4.1063266,0.6765995023611128,0.36408281326293956,0.3426764045138558,0.34375,0.5712809893945229,0.5660205064093441,0.39236261913555776
14.074195509013101,1.317668903966086,1.5035312767268112,2.1280387022860774,A2,Si1,combo_012,29.95043274672078,1.9811564094833474,mlp,0.36975896,0.63024104,0.7395179,0.1757329,0.53925953409051,405.73123,2.410395,0.6356171543345286,0.20160690943400078,0.18216926509846712,0.375,0.5711991738612721,0.5143550791953939,0.3202877329762689
9.69514619978507,1.0858063719101874,1.9413677104657032,1.8800491053783426,Si1,Si1,combo_002,18.22735093941816,2.107949430244352,mlp,0.4249187,0.5750813,0.8498374,0.06988587,0.21445400294257086,343.52594,1.340713,0.36993911809213226,0.0,0.3817319299727671,0.09375,0.5709009841622305,0.3138715375305674,0.17216205706660812
10.371352923418488,1.4508130915820596,1.68575215993661,2.1681143961789786,A2,Si3,combo_014,22.48627958111656,2.445711302798768,mlp,0.6518724,0.3481276,0.6962552,0.17962484,0.5512024795293057,349.5538,1.4871473,0.39568404492566045,0.0,0.3580326466239623,0.34375,0.5708881506883557,0.35539099852065975,0.32700692326490555
8.29589915780816,1.004457598377521,2.9156666649830525,0.6783394901307092,A1,Si2,combo_009,5.627436004883367,2.928663535978273,mlp,0.6392369,0.36076307,0.72152615,0.21062905,0.6463429668020649,317.0927,2.306496,0.25704312826909514,0.0,0.2632503662400574,0.25,0.5707783802206006,0.24434554436364306,0.3490237061461789
12.58275053864082,0.8757882306357722,2.155408894472922,1.5651290439458574,Si3,PU,combo_005,19.69362832075213,1.887681741987046,mlp,0.6300498,0.36995018,0.73990035,0.15163286,0.4653054014685053,394.61493,1.1462153,0.5881395630735784,0.0,0.2802861310909942,0.34375,0.5703464286582627,0.48031444882168195,0.2782083056413978
8.821927486017785,1.666107961948624,1.1353178830368178,2.15228759356124,A2,PU,combo_011,18.987325079452976,1.8915621642702989,mlp,0.35627237,0.64372766,0.71254474,0.24360849,0.7475447330030318,321.44467,2.4680352,0.2756302926267852,0.291517734527588,0.2230495403194924,0.21875,0.570301256524578,0.25116894726953914,0.3770778469949261
9.715461857763021,1.2007190475656142,1.2768738837248432,1.105425110119389,A1,Si3,combo_010,10.739715493978412,1.5331667935275006,mlp,0.6432754,0.35672462,0.71344924,0.21963951,0.6739927620951222,337.26566,2.2750587,0.34320152028810397,0.0,0.3225224366694566,0.1875,0.5699993557061815,0.3041472925419443,0.3575647785903517
10.15034203262605,0.864767802118535,2.545921512734984,1.1025217652507666,Si1,Si1,combo_002,11.190973015709927,2.201630950934128,mlp,0.6066368,0.39336318,0.78672636,0.13563831,0.416224022045138,348.76996,2.1239383,0.39233625686404083,0.0,0.4043302991883458,0.09375,0.5698451496994574,0.33645167845806284,0.26241939316444907
9.82691703802181,1.366217167782673,1.2247452434839123,0.6444638845760463,Si2,PU,combo_003,6.33309312773007,1.6732679778078912,mlp,0.64760697,0.35239303,0.70478606,0.27113605,0.8320166633499947,329.95724,2.1576996,0.3119873882821553,0.0,0.19482029277725538,0.1875,0.5697828836118822,0.2688315784411316,0.3912831968697272
15.55732242777892,1.0983729437443133,1.6609771600806755,0.508711858258446,A2,Si3,combo_014,7.914194401761214,1.824372372809881,mlp,0.40355673,0.5964433,0.80711347,0.06849611,0.2101893283154038,420.2774,2.9021015,0.6977436807812071,0.0,0.2802104056047056,0.34375,0.5690348767845648,0.5674371887776254,0.2253323265971816
8.842295891903508,1.1286706090172838,1.8804515595513935,1.4123552616584045,A1,PU,combo_007,12.488463128070414,2.1224104069463725,mlp,0.33453897,0.66546106,0.66907793,0.20916715,0.641856954622075,326.25104,1.5567291,0.29615822257674757,0.43640708923339855,0.4483515788222304,0.25,0.5690241579768509,0.28579223870686654,0.35966480851428145
12.362307207375157,1.1369935435546985,1.9671532546610604,0.5804775684531138,A2,PU,combo_011,7.176042028207535,2.2366405497322375,mlp,0.5908766,0.40912342,0.81824684,0.11454272,0.35148942957144697,378.14178,1.1062244,0.5177829653177759,0.0,0.2222201696639503,0.21875,0.5689047205535683,0.4125212015095773,0.21008320667218616
15.269452430433624,0.5862534660169223,2.7751459012085338,2.0929334986451797,A1,Si1,combo_008,31.957948497623587,1.6269389032861583,mlp,0.5759961,0.4240039,0.8480078,0.040211868,0.12339541134170111,426.8925,1.8569638,0.7259966137615791,0.0,0.3096294664165351,0.25,0.5688580206709223,0.5745864422510376,0.16362334484905108
14.365763270453161,0.827534990868405,1.6395372733424693,1.0346388706794922,A1,Si2,combo_009,14.863377086590589,1.35677446252387,mlp,0.41446114,0.58553886,0.8289223,0.1173405,0.36007477052776055,410.3269,2.0867772,0.6552452155370733,0.0,0.14241869212157873,0.25,0.568781274808549,0.5097015287197696,0.2261470037137647
9.272430300973896,1.3600966856051053,1.1765372657758264,2.494588805448151,Si1,PU,combo_001,23.130900828107713,1.6002044356725944,mlp,0.38389063,0.6161094,0.76778126,0.13231461,0.40602479858534185,331.93716,2.8870938,0.32044359983994225,0.10739580790201836,0.1935856404616581,0.375,0.568471281395075,0.29770070226220235,0.2852571897223878
8.34064825534213,1.4579674440240802,2.136497963619925,1.5811031685881516,A2,Si2,combo_013,13.18742538460068,3.1149444751815945,mlp,0.57109034,0.42890966,0.8578193,0.096785836,0.29700008395325833,318.87177,1.9784087,0.26464144062417316,0.0,0.1900770297059288,0.15625,0.5682996923731273,0.2310274017853774,0.1949090001620513
9.43812228906021,1.1859949586236667,1.6937778716910714,1.2377735464449624,Si2,PU,combo_003,11.682258097511303,2.0088120168539345,mlp,0.37544447,0.6245555,0.75088894,0.15877977,0.48723663551921526,331.4734,1.3906691,0.31846281980597557,0.16370352109273287,0.3605586751682358,0.1875,0.5682832275437456,0.2853919012807098,0.2795588333559223
9.551228808252205,1.3454602119318368,2.5069190634513103,1.9349375306556713,A2,Si1,combo_012,18.48103108496683,3.3729598544071617,mlp,0.66101336,0.33898664,0.6779733,0.17289695,0.5305570655354864,337.66522,2.467798,0.34490806453925393,0.0,0.3969365664177535,0.375,0.5682593614033223,0.33267568413717574,0.3506477960128127
8.7847934639358,1.095444481324712,2.904515906697579,0.8247889685545478,Si3,Si3,combo_006,7.245600740084342,3.181735920911705,mlp,0.65179455,0.34820545,0.6964109,0.21031559,0.6453810709728774,324.06564,3.5054781,0.2868244304459069,0.0,0.4900927729425801,0.09375,0.5674095804249041,0.2793582640976805,0.38414889000140096
10.609626721220733,1.4595925329291368,1.4112645272518394,2.1582798265162784,A2,Si2,combo_013,22.898543319278755,2.059871165964553,mlp,0.4042452,0.5957548,0.8084904,0.116819896,0.35847723513204255,353.0849,1.7162642,0.41076531855796816,0.0,0.2992329003697775,0.15625,0.5667637438360152,0.34267592958529786,0.22736117530378014
9.008525039365152,1.4023140263061362,2.5061089193012913,0.6234146317378699,A2,Si1,combo_012,5.616046319917206,3.5143516889871136,mlp,0.64270866,0.35729134,0.7145827,0.15909427,0.4882017321806923,322.78287,1.4838554,0.28134571043881634,0.0,0.29333236762412296,0.375,0.5665005958419229,0.27198962445750297,0.29987082776457796
14.85346491221819,1.152286663165785,2.100463881370215,1.7642313988717357,A2,Si1,combo_012,26.20494918017494,2.4203365169643387,mlp,0.35511714,0.64488286,0.7102343,0.13771842,0.42260712179697285,411.0341,1.6907952,0.6582655890138851,0.299219051996867,0.36929696659803674,0.375,0.5656644875611618,0.5446565661362855,0.2926003877023142
11.491308999699337,0.9655220340084872,2.8591006456804866,1.53945775826619,A2,Si2,combo_013,17.690384792221234,2.7605246708524027,mlp,0.40731058,0.5926894,0.81462115,0.11942276,0.3664644777119646,371.57272,1.9088857,0.48972658536044933,0.0,0.26140108674808066,0.15625,0.56565898234166,0.3953073345350163,0.2284778865890279
9.458388321037575,1.1783860033416644,2.2393836175393886,1.5837259990973427,Si3,Si3,combo_006,14.97949549358587,2.6388583110210386,mlp,0.6108437,0.38915628,0.77831256,0.18421213,0.5652791912246714,337.1766,1.0379658,0.342821187581707,0.0,0.2562898489215051,0.09375,0.5653697721252895,0.2805503446668047,0.2698540439029682
15.719431830028082,0.9544361949849558,1.6798686980346917,1.492832787718955,Si2,Si2,combo_004,23.466483240178896,1.603327488226563,mlp,0.37603098,0.623969,0.75206196,0.1761071,0.5404078098113009,421.40488,1.5595144,0.7025590995056196,0.15979345639546724,0.22033284948313706,0.25,0.5652451905098426,0.5474874887089165,0.2900125802297676
13.263520417209293,0.9849639135619724,1.2566460043203282,1.6289868556540554,A1,Si3,combo_010,21.60610041933313,1.2377509663773658,mlp,0.5725368,0.42746317,0.85492635,0.09071555,0.2783726118133026,400.45547,1.6141077,0.6130844617536231,0.0,0.16600844102744114,0.1875,0.564991667060404,0.47349638517021414,0.1819091427285408
12.987029171103888,0.9427222496883496,1.3797767554570879,1.5650837093989698,A1,PU,combo_007,20.325787789183902,1.3007462469721978,mlp,0.6354602,0.3645398,0.7290796,0.10273731,0.31526295843234575,396.6425,0.37632263,0.5967992356850615,0.0,0.5271872540972579,0.25,0.5648613260822452,0.49712804965860874,0.23269463100859913
10.486200028068701,0.732455604598061,2.913213676440268,1.565136457514094,A1,Si1,combo_008,16.41233396471564,2.1337996847003966,mlp,0.38901585,0.61098415,0.7780317,0.13194218,0.4048819642794433,359.31152,2.08461,0.4373591511203392,0.07322764396667494,0.25765268279370923,0.25,0.5647976477274005,0.3686918371922123,0.2590696608669755
10.994329428990769,1.0199538043144218,2.478278663884044,2.1080300570307333,A2,PU,combo_011,23.17637689321008,2.5277297513797934,mlp,0.39040077,0.60959923,0.78080153,0.12205043,0.374527808648027,368.42062,1.1379846,0.4762640066838455,0.06399488449096694,0.3055762217079931,0.21875,0.5642689605333225,0.39198178376188714,0.23130891547639454
11.019708116352714,1.3338952459599795,1.3324841353772023,0.5713310319191072,Si2,Si2,combo_004,6.295901209563157,1.777394253496744,mlp,0.35852247,0.6414775,0.71704495,0.14286736,0.4384072987755628,343.53732,3.5347118,0.3699877349870898,0.2765168348948162,0.4433642791548359,0.25,0.5641404648923796,0.3486980008743316,0.32874275108227036
8.149516927105422,1.2390930142724343,1.6169803525410287,1.9486813343176255,Si1,PU,combo_001,15.880811519555868,2.0035890590493666,mlp,0.36837173,0.6316283,0.73674345,0.09917971,0.30434599405779206,317.80838,2.266403,0.26009973632177347,0.2108551661173504,0.37970922081218866,0.375,0.5640671977025278,0.270393417890626,0.26471186238663547
11.794145696520786,0.7756625125504385,2.5935559287986676,0.7467570197958475,Si2,Si2,combo_004,8.807361091371883,2.0117241081720607,mlp,0.6426305,0.35736948,0.71473897,0.098404825,0.30196816433914336,369.84827,1.7084801,0.48236145162488614,0.0,0.5874839740664015,0.25,0.5640242515297984,0.4309471922767984,0.26472167919324313
13.056637688635458,0.7227494772378522,2.010322395030089,1.28724029023024,A1,Si3,combo_010,16.807030087750196,1.452959460087544,mlp,0.59073013,0.40926987,0.81853974,0.08233123,0.25264423041749096,399.39606,1.174932,0.6085597016773481,0.0,0.3166247645439544,0.1875,0.563712211464981,0.48278761775770185,0.18638592077978455
10.056230363005403,0.8743351021392749,2.7552906600824465,0.6608825387753732,A1,Si3,combo_010,6.645987052813004,2.409047340706576,mlp,0.39423475,0.6057652,0.7884695,0.11407883,0.350065905136842,342.04706,2.2955468,0.3636228319536823,0.03843482335408543,0.32792697792955217,0.1875,0.563482174685606,0.3191041007650086,0.24542608560299284
14.420620913998114,0.6651792484335062,2.6206940137097305,0.5791122278976374,Si3,PU,combo_005,8.351157905172713,1.7432312744136274,mlp,0.6591828,0.3408172,0.6816344,0.1798105,0.5517721819506713,416.3397,1.7213751,0.680925754311328,0.0,0.3613218286481262,0.34375,0.5634255419146029,0.5567774203586662,0.332558771145688
13.13011831399091,1.183966859112559,1.8762235515299353,1.9221991471123965,A2,Si3,combo_014,25.238702224638182,2.221386505297908,mlp,0.65764534,0.34235466,0.6847093,0.1818155,0.5579248217776581,397.68073,3.0767596,0.6012335396618714,0.0,0.34366279498255925,0.34375,0.5633907752273505,0.5072605563607633,0.36018090371675493
12.770965643410307,1.3600646253893827,1.5324359715945575,0.6127081627611266,A2,Si1,combo_012,7.824874896059399,2.0842119556399665,mlp,0.64563906,0.35436094,0.7087219,0.16465224,0.5052570926785442,378.58185,4.677295,0.5196624710155978,0.0,0.27486032083373374,0.375,0.5630646439062668,0.455892202309342,0.369317572365226
8.50222868103392,1.1197012449883443,1.5000151081331057,1.5843010887924367,A1,Si3,combo_010,13.470090156524321,1.6795687840779643,mlp,0.6675109,0.33248907,0.66497815,0.3058821,0.9386394962950824,326.84708,2.57731,0.29870389704166844,0.0,0.18875783768362348,0.1875,0.5629725747405131,0.26141399042716107,0.43639667490953016
11.66471327189817,1.0688801707213205,1.7745733140672768,0.7561122584529536,Si2,PU,combo_003,8.819832696221068,1.8968062268977304,mlp,0.34306374,0.6569363,0.6861275,0.19317581,0.5927854063264542,362.13458,2.7627363,0.4494164017502082,0.3795752525329591,0.4563794265351622,0.1875,0.562869844024091,0.39477395480566724,0.35933766443905163
8.777449411066367,1.5210705933675888,1.915136555040957,0.6601089684140566,A2,PU,combo_011,5.7940730760455885,2.913057896156108,mlp,0.36708766,0.63291234,0.7341753,0.14458881,0.4436898152077212,316.68665,2.3261173,0.25530882155514106,0.21941558519999196,0.39784204715583943,0.21875,0.5628387137569999,0.25358199689852745,0.294003402226285
8.077330686762531,1.0757236819255578,2.928439118298733,0.8521451440509976,Si1,PU,combo_001,6.8830581216188005,3.150191310631147,mlp,0.3173969,0.6826031,0.6347938,0.16372046,0.5023977891942828,313.17865,3.0631616,0.240326215454959,0.5506874720255535,0.5459932446599636,0.375,0.562645275838101,0.27790287697757876,0.37550141884288246
9.43562135776766,1.17504254665036,1.8043051980257125,1.9528729308763637,Si2,Si2,combo_004,18.426569535583344,2.1201353748226155,mlp,0.612612,0.387388,0.774776,0.15595472,0.47856759279852973,337.13214,2.522397,0.34263128190891046,0.0,0.17805372074605463,0.25,0.562120004959773,0.29701726937754996,0.2820017154748686
12.127593391129466,1.0301333836011102,1.440798627216966,0.9776928705135023,A1,Si1,combo_008,11.857061594993947,1.4842147649428477,mlp,0.6362329,0.3637671,0.7275342,0.1388344,0.4260316465373945,377.7557,4.593049,0.5161340314354497,0.0,0.40314505228434616,0.25,0.5620203069892462,0.45325142672662494,0.34033368235755446
8.352446279717691,1.0810249404938368,2.491632566448846,1.5565477539340635,A1,Si2,combo_009,13.000981496549498,2.6935169468778697,mlp,0.3697341,0.6302659,0.7394682,0.20028558,0.6146026907476559,321.70404,1.1251564,0.27673805399473167,0.20177261034647637,0.1708056859911564,0.25,0.5620187817641177,0.24188552824569998,0.2995409211363057
15.843588750136181,0.9234015501997754,1.3119043933410244,1.5658063322925158,A1,PU,combo_007,24.8079915912017,1.2114145505249978,mlp,0.60920453,0.39079547,0.78159094,0.12505852,0.3837585288462664,426.9957,2.3414001,0.7264374243212208,0.0,0.24532753682741262,0.25,0.5617379260635152,0.5713361519154085,0.25515481984764965
10.334501743490124,0.7876200762256084,2.3978734318888333,1.991310827279642,Si1,Si1,combo_002,20.57920521635222,1.888613255203644,mlp,0.61016876,0.38983124,0.7796625,0.14345348,0.4402058921652405,359.65576,1.9674336,0.4388293885871513,0.0,0.35201569406957084,0.09375,0.5617101192962294,0.3628377804160464,0.2597191528615617
10.183363294463613,1.4117906004093177,2.0717000256508578,0.9569759383065228,A2,PU,combo_011,9.745233643835519,2.9248066230816234,mlp,0.42742014,0.57257986,0.8548403,0.054961003,0.1686550770321444,337.94867,0.9330959,0.34611866432575666,0.0,0.22177491980683667,0.21875,0.5615391527698658,0.29128550408961706,0.14243282971543916
13.167350711275596,0.9751360527312664,1.5584761757613323,1.6081281469743183,Si1,Si1,combo_002,21.174787299884596,1.519726306307625,mlp,0.41416198,0.585838,0.82832396,0.1010589,0.3101125449213949,395.05414,1.4873434,0.5900154192457734,0.0,0.30249464455417463,0.09375,0.5615317565886785,0.4608703226508804,0.19679881393758988
9.956329803781669,1.4250548629058366,2.3156855872853566,2.043871740191177,A2,Si3,combo_014,20.34946112197252,3.2999790071219555,mlp,0.3609772,0.6390228,0.7219544,0.1170396,0.35915142186457444,342.0895,0.86028516,0.36380413517321564,0.2601521809895834,0.39167227021552503,0.34375,0.5612609916324495,0.3327235075147087,0.2518306887365982
14.28339748409582,0.6580752838440138,2.651157475127502,1.4896809572156808,A1,Si1,combo_008,21.27770523639991,1.74466120795971,mlp,0.41312727,0.5868727,0.82625455,0.06770975,0.20777628944157,410.29254,1.8202987,0.655098452470794,0.0,0.2527187811679418,0.25,0.5610142582644614,0.5190493407714966,0.18385942921775406
9.709047052732911,1.0977198097630607,2.311292985749543,2.205919851234042,Si3,PU,combo_005,21.417379630188897,2.537152096623685,mlp,0.7000926,0.2999074,0.5998148,0.24719013,0.7585354765618598,344.72086,1.9296885,0.3750425886606632,0.0,0.43676962165610117,0.34375,0.5607563837054724,0.35143869162069724,0.4205645709192462
12.609432680920708,1.0574383580224986,1.8052225971775044,2.318696475832356,A2,PU,combo_011,29.23744711949618,1.9089116190244908,mlp,0.6212903,0.37870967,0.75741935,0.17791593,0.545958464536973,398.49152,1.4677004,0.6046964181209374,0.0,0.19531773395875882,0.21875,0.5605845770045081,0.4728129030645344,0.28161085212576253
14.07550317502346,1.00245677551986,2.3237026130449214,1.3633686496695505,A2,PU,combo_011,19.190099757151206,2.3294114287400847,mlp,0.40804988,0.5919501,0.81609976,0.09150383,0.2807915493637843,405.7548,1.6609657,0.6357177769696686,0.0,0.2450906490198438,0.21875,0.5605497232035128,0.5006506615174368,0.20027767420869622
10.946570414763558,1.2361009949300112,2.316657576464068,2.0086654602350613,A2,Si1,combo_012,21.987997900166548,2.8636227351793826,mlp,0.356623,0.643377,0.713246,0.1315029,0.40353395662378405,362.09125,2.2763867,0.4492313186648471,0.2891800403594972,0.34188594018153423,0.375,0.5603482719010162,0.3990623729837176,0.2939612714961539
8.647299169451593,1.4986475476078085,1.5374133232346,1.9968636694927604,A2,PU,combo_011,17.267477550712808,2.3040407065251043,mlp,0.6411759,0.35882407,0.71764815,0.19856969,0.6093372301789832,323.56097,2.1616666,0.28466899454265576,0.0,0.2758339906642062,0.21875,0.560294670782118,0.260958585959301,0.33026724665784973
10.916222631016865,1.0584808301750233,1.79078742109621,0.7711788387572722,Si1,PU,combo_001,8.41835989220344,1.8955141561489053,mlp,0.64452267,0.35547733,0.71095467,0.12425151,0.3812821134930994,350.71075,1.06618,0.400625372284199,0.0,0.3720639056896692,0.375,0.5602769692531477,0.36088290999688377,0.2655939814774567
12.921553118952474,0.8918452125291346,2.3943324050843655,2.1784036510038103,A2,PU,combo_011,28.14835849096574,2.13537389267786,mlp,0.6568242,0.34317583,0.68635166,0.17723043,0.5438549232824517,403.1735,1.0911868,0.6246930814117929,0.0,0.45576654518412796,0.21875,0.5602491315725535,0.5106237896352696,0.3121311283765831
13.718255546246118,1.0459572024135526,2.022370942282483,2.2958406376863545,Si3,Si3,combo_006,31.494928561238055,2.1153134530322464,mlp,0.36673665,0.63326335,0.7334733,0.19062632,0.5849619777704941,403.5926,1.9399284,0.6264830433915562,0.2217556635538738,0.36656229404979257,0.09375,0.5602014562866539,0.49548697111377343,0.31199517599860854
10.914308700109906,1.1227902728314318,2.5293785648916574,2.1639366110298566,A2,Si3,combo_014,23.61787218024951,2.8399616489686794,mlp,0.37104192,0.6289581,0.74208385,0.11689922,0.3587206584276634,364.2544,1.8361568,0.45847009278918904,0.19305404027303072,0.31073443694105524,0.34375,0.56012687746258,0.396680048608021,0.2597837858560316
12.36653529064305,1.3537131967413958,1.4064914466216534,1.6902836275900022,A2,PU,combo_011,20.902952131787917,1.9039860323956286,mlp,0.35669422,0.6433058,0.71338844,0.13133812,0.40302831657438515,381.33255,2.3358383,0.5314106850289941,0.28870519002278655,0.49374658834976776,0.21875,0.5596923734243987,0.45650137367801363,0.2943592226830936
8.350479809721989,1.5874728397835909,1.4844609713449404,0.9460166280903506,A2,Si1,combo_012,7.899692752529749,2.35654147372886,mlp,0.6467298,0.35327017,0.70654035,0.12962765,0.3977795003336182,312.1542,2.0662744,0.23595082524898237,0.0,0.36736017163901025,0.375,0.5596181411759907,0.2510680799236068,0.29140954866158153
13.172692070522412,0.8736851420792082,1.6692328933701894,0.8079142743272498,Si1,PU,combo_001,10.642405955092434,1.4583839776074219,mlp,0.6205334,0.3794666,0.7589332,0.12679203,0.38907803775445704,392.8144,1.0513881,0.5804494912170256,0.0,0.1811297442071078,0.375,0.5591944318072505,0.4675787033636658,0.23937557266375603
10.470064883127039,0.9620478671193832,2.414622451092136,0.8024179478598383,A1,Si2,combo_009,8.401367977478156,2.3229823789717665,mlp,0.37666273,0.62333727,0.75332546,0.13464908,0.4131884441540731,347.00482,1.0228591,0.38479737964059996,0.15558179219563814,0.3019505492528111,0.25,0.5590998711801457,0.33003520934306746,0.2465954981846293
10.323172768174947,1.0161076821421693,1.9716144851457864,1.6652254676776534,Si1,Si1,combo_002,17.19041020080134,2.0033726245794115,mlp,0.40921563,0.5907844,0.81843126,0.09641345,0.29585736396279866,353.8845,1.390177,0.41418036216328236,0.0,0.3356260020395511,0.09375,0.5589222028716964,0.3405229968832687,0.19476347877046787
9.94244753598646,1.5460677775503033,1.4908186594796033,1.094154675059236,A2,Si3,combo_014,10.878575453030766,2.304906691592153,mlp,0.6516042,0.34839582,0.69679165,0.17576598,0.5393610462002646,334.5231,1.5493481,0.3314881071083635,0.0,0.28808663727068085,0.34375,0.5589150772776456,0.30382791552982485,0.31366088065485276
11.442987388122738,1.2559858538376054,1.517660337447301,1.2394802626121686,Si3,PU,combo_005,14.183357012898105,1.9061599147642168,mlp,0.6318952,0.36810482,0.73620963,0.13251545,0.40664109597960835,361.7368,1.6824445,0.4477174172307139,0.0,0.27450512227925034,0.34375,0.5586497357306958,0.38461916528816675,0.2679327654303475
9.040050565181758,1.3757783327532191,2.829034083260586,0.7626929738624832,A2,Si3,combo_014,6.894783049425698,3.892123794370281,mlp,0.63446003,0.36553997,0.73107994,0.18696572,0.5737289312073466,322.92136,2.9561741,0.28193719427076613,0.0,0.12433791264817864,0.34375,0.5583665033143974,0.2611058963456433,0.3303120546393102
11.525843819556782,0.7566944273561441,2.1221172376036224,0.6226365313315549,A1,Si3,combo_010,7.176411416478075,1.6057942878910754,mlp,0.57608426,0.42391574,0.8478315,0.059660066,0.18307476933887998,367.45346,3.0255811,0.47213326503506803,0.0,0.24313890970226687,0.1875,0.5583643939086317,0.39090963236018733,0.18940560125289368
12.055688462046255,1.0667673842966925,1.3969381479943106,2.060231679905523,Si2,Si2,combo_004,24.837511292579187,1.4902080541601566,mlp,0.61189413,0.38810587,0.77621174,0.08461802,0.259661529361326,383.73322,3.0040452,0.5416638969373962,0.0,0.3653218408305825,0.25,0.5581639855931784,0.45792172109396806,0.24346664344261518
8.309090941766877,1.01943589538247,2.4896782296278954,1.2927532173428398,Si2,PU,combo_003,10.741604048163378,2.5380673552349564,mlp,0.6464404,0.3535596,0.7071192,0.20400704,0.6260224830118113,321.38446,2.8277218,0.275373131410294,0.0,0.30930567026108435,0.1875,0.5573397915810985,0.25862146990980284,0.3502577077310067
11.191641532749607,0.9244311629840087,1.6313854567357664,2.0611263152272707,A1,PU,combo_007,23.06738687374068,1.508103555045443,mlp,0.35599154,0.64400846,0.7119831,0.173309,0.5318214857422127,372.32748,2.7846296,0.49295015921055546,0.2933897177378338,0.3222083509563215,0.25,0.557195189959431,0.4182102424875365,0.3277038084590268
9.020181127352219,1.2001678486653968,2.1241081995955895,2.0548700914773863,Si3,PU,combo_005,18.535300418304846,2.549286368241168,mlp,0.656544,0.34345597,0.68691194,0.19142446,0.5874111631861121,334.632,0.7447151,0.3319531609453835,0.0,0.2646162177002642,0.34375,0.5571681744490117,0.2970372172487398,0.3102656796294862
13.9198840665013,0.6128638761928027,2.655950061581634,2.421833741616112,Si1,PU,combo_001,33.71164491163734,1.627735849715433,mlp,0.33088034,0.66911966,0.6617607,0.20335191,0.6240121317030916,410.4584,1.7435896,0.6558068514630035,0.46079770723978686,0.28869248393985864,0.375,0.5571240646914133,0.5351879231266347,0.35209669416697287
9.432477236639617,1.4454055150549248,1.9817166338959402,2.2865340253834017,A2,Si1,combo_012,21.567680145230888,2.8643841519092734,mlp,0.6745292,0.3254708,0.6509416,0.2030582,0.6231108230565278,337.4353,2.1095514,0.3439260814652324,0.0,0.3278424745858824,0.375,0.5569108862917931,0.3229554997102966,0.3652456425488271
15.955302777163858,0.8909840037912915,1.4814294662940868,2.427043485995858,Si2,PU,combo_003,38.72421367240717,1.3199299572131016,mlp,0.623577,0.376423,0.752846,0.16443945,0.5046041228914746,435.29556,1.9236485,0.76188604877591,0.0,0.2594607157210561,0.1875,0.556800027210184,0.5888374231571855,0.2815294614169745
15.256924353685495,0.8656330942770043,1.7678462517464755,1.9756193113550269,Si1,Si1,combo_002,30.141874385023876,1.5303062211053056,mlp,0.5872396,0.41276038,0.82552075,0.097325616,0.2986564689369286,421.02573,2.290046,0.700939752848911,0.0,0.2912352912388849,0.09375,0.5565826786496325,0.5421491726030729,0.2077524155110713
10.376166509281838,0.8300785324456544,2.3510519716444747,1.56228889663281,A1,PU,combo_007,16.210569727064236,1.951557770326108,mlp,0.6194159,0.38058412,0.76116824,0.11569659,0.3550302131132429,354.07382,1.8599524,0.41498899277002904,0.0,0.3132379917302638,0.25,0.5563827814333894,0.3572596745881675,0.24529880501559734
15.358369367549905,0.839751666715598,1.354503088978022,0.9042777423775661,A1,Si2,combo_009,13.888231578288796,1.13744622654072,mlp,0.598818,0.401182,0.802364,0.09405123,0.28860857625516523,422.9527,2.726507,0.7091698241580349,0.0,0.22730275791074186,0.25,0.5561869134618306,0.5597289461030763,0.22713769228074102
9.570613714504997,1.1620007396885383,1.9107007709546833,0.6400138036326748,Si2,PU,combo_003,6.125324886519386,2.2202357091728024,mlp,0.3396266,0.6603734,0.6792532,0.19597472,0.6013742453351985,328.62946,1.0193408,0.30631641647865093,0.40248926480611175,0.4251091813424024,0.1875,0.5556867912690961,0.28114354453353513,0.3214863350935174
14.266979585286219,0.7969220825969975,2.944135885822664,0.8714662823605591,A2,PU,combo_011,12.433191659703372,2.346246901578353,mlp,0.38712502,0.612875,0.77425003,0.06876761,0.21102245923419996,410.9641,3.2989542,0.6579667189330872,0.08583323160807305,0.43252590967160076,0.21875,0.5551822721205381,0.5446770781670981,0.23795399099642955
13.609920969789059,0.7029759673079664,2.356777555465861,1.8850841879980784,Si1,PU,combo_001,25.655846820052826,1.656757981783318,mlp,0.33637795,0.663622,0.6727559,0.16989328,0.521339903148302,401.0869,1.7804394,0.6157813308516559,0.42414681116739916,0.33752236402612845,0.375,0.5550950804707568,0.5122714612405314,0.3242503470519831
11.290353231573544,0.9731272906653023,2.4697950900455883,2.4133563568579266,A2,Si1,combo_012,27.247645742589448,2.4034250044745296,mlp,0.67097604,0.32902396,0.6580479,0.17619526,0.5406783715921196,376.41006,3.1555903,0.5103868106143846,0.0,0.37181044490024556,0.375,0.555049669491143,0.45007485382793766,0.3646896434697322
12.752108141875542,1.485739418515642,1.2909319816891545,0.8319104663981084,A2,Si3,combo_014,10.608612231866799,1.9179885318180898,mlp,0.3753398,0.6246602,0.7506796,0.060716152,0.18631550914816158,376.4873,3.0171843,0.5107167016630106,0.16440129280090343,0.4153415385680539,0.34375,0.5546848617266766,0.45071353127442854,0.23963356087436977
8.897829650054724,1.0549392656048293,2.4356802235682213,1.3337276649786993,A1,Si2,combo_009,11.867281562545726,2.569494706299266,mlp,0.37834463,0.62165534,0.75668925,0.2186801,0.671048682281363,327.74252,1.2266668,0.3025283392181934,0.14436896642049166,5.177998746717235e-10,0.25,0.554336393158171,0.24345982844517222,0.29578200716844605
15.73170297048663,1.3818736048244842,1.2714020475958046,1.663708178609986,A2,Si1,combo_012,26.17296289546162,1.7569169306924448,mlp,0.36259586,0.63740414,0.7251917,0.21492717,0.6595323163344142,419.8475,2.4383583,0.6959075783703044,0.2493609587351482,4.175343424636602e-10,0.375,0.5540352952819574,0.5385071932835853,0.3356379201188411
9.933377873472853,0.9963636802269873,1.8705250986877549,1.4620305154653415,A1,Si3,combo_010,14.522901572665534,1.86372327128548,mlp,0.6062141,0.3937859,0.7875718,0.13051215,0.40049371466281153,346.74942,1.1608777,0.38370656249877805,0.0,0.21754410191902074,0.1875,0.5539951796379248,0.3153990519014334,0.22297958328119072
8.933824371751689,0.8753032621171253,2.957223726569361,1.9949073074155799,Si1,PU,combo_001,17.822151522374845,2.5884675746763235,mlp,0.6809151,0.31908488,0.63816977,0.18208113,0.5587399365832816,333.73325,3.6550102,0.32811464202715507,0.0,0.4191626751790213,0.375,0.5539287568137076,0.3301797039841363,0.3884745337462916
15.2155262086347,0.8145399208517714,1.584419050793916,0.5871916695965187,Si1,PU,combo_001,8.934430238237796,1.2905725682297151,mlp,0.63423175,0.36576825,0.7315365,0.0715099,0.2194375387757969,416.55804,2.1649983,0.6818583384491862,0.0,0.4159686127994758,0.375,0.5539060138407983,0.5686493362186986,0.23832916357657272
12.049785949905175,1.1765873748468785,1.3847732020704975,0.7798769494291542,Si2,Si2,combo_004,9.397350307886331,1.6293066665824325,mlp,0.6041707,0.39582932,0.79165864,0.08371427,0.2568882596763904,366.19696,3.275076,0.4667667679410028,0.0,0.2785828227817307,0.25,0.5532329202784929,0.3984262729071265,0.23510770004987663
9.81789734017234,0.7528300160594604,2.832684825302213,2.2121928187199855,A1,PU,combo_007,21.719081990859298,2.132530162523655,mlp,0.6554648,0.34453517,0.68907034,0.20214893,0.6203206118235453,348.76865,3.3632877,0.3923306522353996,0.0,0.29012089561115484,0.25,0.5530549093389293,0.3479976450860654,0.36586969484050963
12.656259123106704,0.8287889623117134,1.8014525393321532,2.2696347454627532,A1,Si1,combo_008,28.72508545338293,1.4930239807268963,mlp,0.6277615,0.37223852,0.74447703,0.15535384,0.4767237304950426,398.17426,1.9477541,0.6033414013917726,0.0,0.22812672595342878,0.25,0.552689930995118,0.48111564932338363,0.2769462997045789
13.277025796165038,0.7797853230577673,1.8934894196560008,0.6327650784547132,Si1,PU,combo_001,8.401238269555622,1.476515258812919,mlp,0.63803154,0.36196846,0.7239369,0.11748231,0.36050994654061363,395.11536,1.2690256,0.5902768816888961,0.0,0.29455307623800864,0.375,0.5526747688064265,0.4870901831529867,0.2509051469392709
9.269326730962549,0.9847184766175976,2.494065404019006,1.2968459278202529,Si2,Si2,combo_004,12.020888624684197,2.4559522852302482,mlp,0.6396197,0.3603803,0.7207606,0.1593136,0.48887477575883503,334.48175,1.0731754,0.33131149613606475,0.0,0.3011536757970736,0.25,0.5524226007869751,0.2928136368398137,0.2740099997621669
8.424046933919971,1.3392096226119887,1.6933164660215252,1.2645125382883862,Si3,Si3,combo_006,10.65231297107164,2.2677057054233534,mlp,0.3549361,0.6450639,0.7098722,0.19439113,0.5965147874793684,319.55038,1.882557,0.2675398156728878,0.30042584737141936,0.3890441564813682,0.09375,0.5523260469755039,0.2461348482358222,0.31822076474830785
13.548301573152052,0.9351466216460171,2.0962589248777523,2.0931535281354288,Si3,PU,combo_005,28.358675238085997,1.9603094516947421,mlp,0.33037037,0.66962963,0.66074073,0.18584521,0.5702905057095532,403.51263,1.6347173,0.626141552065045,0.46419755617777514,0.3396552302948322,0.34375,0.5514617636313249,0.5157481839508905,0.33399247220813383
9.953381011014303,1.224793601151971,2.5155777892786864,1.4808397061005323,A2,PU,combo_011,14.739361811057039,3.081063579508556,mlp,0.64178306,0.35821694,0.7164339,0.14847897,0.45562727350544907,342.01074,2.7667642,0.36346772711454167,0.0,0.37274588964996397,0.21875,0.5511071218865657,0.32939540257170075,0.30355834536723997
11.01166012867321,1.2315606059807611,2.2551655818064757,1.5800888953976042,A2,Si1,combo_012,17.39940188920909,2.777373090516539,mlp,0.63872206,0.36127794,0.7225559,0.09403883,0.28857053207709504,359.47833,2.2778668,0.4380715906587785,0.0,0.3610681966608645,0.375,0.5511015529096319,0.3931775618418112,0.25663211622714255
13.46512592633384,1.141131247183191,1.8623648311478447,1.5120950488058469,A2,PU,combo_011,20.36055024475664,2.1252027024778526,mlp,0.38406464,0.6159353,0.7681293,0.07799291,0.23933151166346706,398.43677,1.0293471,0.6044625878004178,0.10623550415039076,0.3990818216439884,0.21875,0.551045606048517,0.4904274375472947,0.19576235605792341
11.599369891496107,0.7214351262961634,2.2948557202057236,0.8378903034081159,A1,Si3,combo_010,9.718999557728637,1.655589526338089,mlp,0.39806408,0.6019359,0.79612815,0.08954174,0.27477062378551276,372.3579,2.0711064,0.4930801083909111,0.012906153996785628,0.2916534945674748,0.1875,0.5509591202248719,0.4047665506589767,0.20897568116012105
12.156872735631072,1.5171461430915671,1.287262726159202,1.241670638966975,A2,Si1,combo_012,15.09483193749123,1.9529656801379696,mlp,0.67555726,0.32444274,0.6488855,0.1586546,0.4868525356444684,370.31418,3.5034199,0.48435135547291985,0.0,0.4318982135770496,0.375,0.5509496251033357,0.4399204559849995,0.36207951979899866
13.244786145723731,1.011584655071327,1.2486070022481035,2.1787315633047384,A1,Si1,combo_008,28.856833624909605,1.2630716836887914,mlp,0.64665383,0.35334617,0.70669234,0.14556937,0.4466987804646072,402.2948,2.362717,0.6209401960055942,0.0,0.3847615919742976,0.25,0.5508998417602297,0.5115578456380668,0.29854123428728113
11.931686818409013,1.2301085905570335,1.405727258976572,1.77865940654134,Si3,PU,combo_005,21.222406995468504,1.729197177247273,mlp,0.37610507,0.62389493,0.75221014,0.18580431,0.570164987357627,377.6788,2.1569445,0.5158055741290342,0.15929953257242851,5.566859067982846e-10,0.34375,0.5508028491545541,0.40764280387644647,0.2938339024152614
8.177347569207445,1.0101989291511608,2.7923937082238908,0.8830225288578257,A1,Si2,combo_009,7.220782129910952,2.8208731338162134,mlp,0.65638167,0.34361833,0.68723667,0.19876616,0.6099401298038091,317.1496,2.1486275,0.25728608240368184,0.0,0.2911638630580071,0.25,0.5506457715633971,0.24637124971106275,0.3371947449194309
14.88086046010994,0.7479414802126527,2.1130642965151027,1.833603722316713,Si2,PU,combo_003,27.28560113093318,1.5804484377200136,mlp,0.57553375,0.42446625,0.8489325,0.12080814,0.37071568598042776,417.73242,1.8143845,0.686874090062472,0.0,3.567765944990998e-10,0.1875,0.550645248391636,0.509735354488733,0.19348271007930357
12.13945091749897,0.6356666096262722,2.6667948382344915,2.014277370513763,A1,Si1,combo_008,24.45222127358071,1.6951924333893622,mlp,0.60164624,0.39835376,0.7967075,0.09649192,0.29609815800332445,391.65576,3.1247818,0.5755009951474344,0.0,0.20059024484157945,0.25,0.5501924093296287,0.4658501561849794,0.23401441486906108
10.910696052547747,1.1353408380696504,2.324582555105665,1.6820883752642997,A2,Si2,combo_013,18.352754996032647,2.6391935062757548,mlp,0.58649886,0.41350114,0.8270023,0.066720426,0.20474041433036394,361.62897,1.2007804,0.4472569253007274,0.0,0.2728641196810516,0.15625,0.5499294498236972,0.36252781751507873,0.15890421539541047
10.47856463312856,1.4939385933480365,1.9437308644933862,1.3386698097617242,A2,Si3,combo_014,14.02733812400614,2.903814553548412,mlp,0.36455068,0.6354493,0.72910136,0.121838465,0.3738773766637012,344.35016,1.5201786,0.37345934623962,0.23632860183715831,0.27482787656935953,0.34375,0.5498740329190411,0.33170901401142383,0.253147657271338
11.017575625424092,1.0499676151394424,2.1811253346187978,1.9183209279985738,Si3,PU,combo_005,21.13524589805801,2.2901109659099173,mlp,0.3078009,0.6921991,0.6156018,0.18773523,0.576090276639704,365.81723,2.356385,0.4651449448204759,0.6146607398986818,0.4879742213757381,0.34375,0.5497531705004273,0.422159902399874,0.373241296138142
13.705899843390856,1.4019528860088388,1.4132768762142363,1.2688313327875513,A2,Si1,combo_012,17.390475165342313,1.981347595338105,mlp,0.34788412,0.6521159,0.69576824,0.13671534,0.4195290185626324,394.3094,1.7986622,0.5868345969815816,0.34743920962015795,0.31883077126616605,0.375,0.5496765167683871,0.49024759788030303,0.2861908322198742
9.369002357853603,1.0382224221143241,2.225859269295472,1.928342677506065,A1,Si1,combo_008,18.066647092304052,2.3109370018535644,mlp,0.3856241,0.6143759,0.7712482,0.09532546,0.29251873584317606,341.2757,0.94263744,0.3603283530342547,0.09583926200866713,0.29183783166233246,0.25,0.5493400128548607,0.31142013185337014,0.2011799877655165
11.112106074430082,1.5775459531417582,1.2607275519553494,1.9127279918095073,A2,Si3,combo_014,21.25443633651888,1.988855647601477,mlp,0.6538134,0.34618658,0.69237316,0.17517555,0.5375492379458485,356.29266,2.3390903,0.4244656377611203,0.0,0.24213587411594362,0.34375,0.5493205207918127,0.36899804448743756,0.3225174016491451
12.643837310655051,1.0084789105366054,2.3060651905740217,2.477015955863851,A2,Si2,combo_013,31.318986761839245,2.3256181110164786,mlp,0.375027,0.624973,0.750054,0.15610911,0.47904136170355976,399.0265,0.86644524,0.6069812818437403,0.16648666063944512,0.2758748225424982,0.15625,0.5492046345918647,0.47265427724007875,0.24842534191085802
10.852587778059306,0.9222104897824226,1.852257419862302,2.4402332470651356,Si1,Si1,combo_002,26.482845512713062,1.70817122237434,mlp,0.38100678,0.6189932,0.76201355,0.086512454,0.26547485810253196,370.95953,1.3686782,0.48710765970258973,0.12662148475646987,0.5079215044327162,0.09375,0.5491794213163986,0.40867422843372403,0.20952793269603207
13.416133326513268,0.6870173842286884,2.313621999683649,0.9221433953520495,A1,Si1,combo_008,12.371598738206732,1.589498534316608,mlp,0.6458091,0.3541909,0.7083818,0.1729557,0.5307373638457397,401.16278,2.363425,0.6161053565912388,0.0,0.2821075674973636,0.25,0.5490367322055854,0.4979122526458778,0.3125713244585733
13.32106890198424,1.2554595900246142,1.1354136278580604,0.9844610020441025,Si3,Si3,combo_006,13.114072839545937,1.4254659277390405,mlp,0.6408602,0.3591398,0.7182796,0.197815,0.6070213822913131,392.57504,3.8039527,0.5794272330209078,0.0,0.3222904143250334,0.09375,0.5485130436108754,0.46916909843863486,0.3517445245709508
13.468597851226946,1.3001501704002854,1.4206800730593439,0.7894901430317582,A2,Si2,combo_013,10.633325244002393,1.8470974390723958,mlp,0.40403014,0.59596986,0.8080603,0.06997385,0.21472397028310722,393.36578,1.9107114,0.5828044779679441,0.0,0.32074543860358795,0.15625,0.5481910938109553,0.4664071157162925,0.18430823586393075
14.622361114376405,1.0564449897163275,1.1960729635328622,2.1126258181402764,A1,Si3,combo_010,30.891577612402017,1.263585289659452,mlp,0.37269062,0.6273094,0.74538124,0.13892621,0.4263133655050511,414.67975,1.932229,0.6738361597605911,0.1820625464121502,0.3074106224264916,0.1875,0.5481432720712621,0.5320483499583976,0.2614981868824129
9.073741615395173,1.528893310149094,1.1206868263633918,0.7158941810822164,Si3,Si3,combo_006,6.495838823104955,1.713410591599209,mlp,0.3630852,0.6369148,0.7261704,0.16128443,0.4949225197390755,320.06772,2.2245984,0.26974934275953666,0.24609859784444185,0.40177856006204715,0.09375,0.5479613992862999,0.25098229377513437,0.29166930834837246
14.458264498173417,0.7359020637285748,2.1606449009111373,1.4234747268651118,A1,Si1,combo_008,20.580974107480948,1.590023041565128,mlp,0.6327122,0.3672878,0.7345756,0.11883753,0.364668605029733,412.72403,1.1318054,0.6654833079821643,0.0,0.3439954656888146,0.25,0.5478162245680482,0.5313655938404683,0.23818039250798037
14.058122105027008,1.030645282869974,2.335612608881556,1.9500379824609158,A2,Si3,combo_014,27.41387206687607,2.407188117955409,mlp,0.7171825,0.28281748,0.56563497,0.24179853,0.7419906488141922,409.55423,3.1975355,0.6519451319890045,0.0,0.49195862332742846,0.34375,0.5477541220643766,0.5583041129363255,0.4493538243235601
8.511384260908525,1.106253130919293,1.9320469793571329,1.0217360551013699,Si2,PU,combo_003,8.696388178192565,2.1373330199969907,mlp,0.6342441,0.36575592,0.73151183,0.1472466,0.45184558160768845,321.11243,2.4387815,0.27421127885894975,0.0,0.3296301868612003,0.1875,0.547677866515832,0.257535310605309,0.28427587010460553
8.233636100747324,1.280694214538883,2.084592538421098,1.8017963703965683,Si3,Si3,combo_006,14.835335641492682,2.6697256036268247,mlp,0.38945913,0.61054087,0.77891827,0.1620245,0.49719351024851627,320.94305,1.55575,0.27348789074362995,0.07027244567871108,0.20264245773560255,0.09375,0.5474429416606305,0.22972129122829957,0.24871842401701533
14.5218484129623,0.8676207216764941,1.6784177929687663,1.7854381218840196,A1,Si2,combo_009,25.92786175672384,1.4562300568102293,mlp,0.60075843,0.39924157,0.79848313,0.10478124,0.3215350350299086,414.9271,1.8491011,0.67489256708936,0.0,0.14992549192182644,0.25,0.5473848202479756,0.5227966086741873,0.2088535048668264
15.029542421005868,1.313574018864027,1.5386653153566403,1.4972761937677117,A2,Si1,combo_012,22.503376070194026,2.0211507819797077,mlp,0.33617616,0.66382384,0.6723523,0.17091559,0.5244769931491214,410.7046,1.6880378,0.656858305864136,0.425492286682129,0.2832664103901888,0.375,0.5472052832283453,0.5350520685630856,0.31529305612782144
12.813820372554607,1.0802145089815345,1.360786690579122,1.8895651816729022,Si2,Si2,combo_004,24.212548820190083,1.4699415267925335,mlp,0.3793127,0.6206873,0.7586254,0.11213126,0.3440895397166587,393.819,2.9388242,0.5847401602923792,0.13791537284851088,0.2717393289864475,0.25,0.5471183176273196,0.4783302780996682,0.2576260537360509
15.303144007093337,0.6517418144787911,2.6950680882431817,2.3880040530519873,Si2,Si2,combo_004,36.54396991337712,1.7564885659754979,mlp,0.6682032,0.33179682,0.66359365,0.19422145,0.5959941035182085,430.17535,2.3931403,0.7400177001992901,0.0,0.3674142223534887,0.25,0.5469877741874563,0.5933576861899584,0.348823627937269
12.21003197694252,1.0568609566680869,1.303054263189388,1.9280316524442194,Si2,PU,combo_003,23.541328128901245,1.3771471751847657,mlp,0.61337924,0.38662076,0.7732415,0.12671967,0.3888559914459129,384.31305,2.8485951,0.5441403607556082,0.0,0.2337468952962472,0.1875,0.5467982689717121,0.43932637253117685,0.2563486379546988
8.003681307297525,1.3237351680619045,1.4873811835162658,1.7648296897893812,Si3,PU,combo_005,14.125134398730959,1.9688987809340186,mlp,0.679018,0.32098198,0.64196396,0.21042311,0.6457110310557552,317.95074,3.1711464,0.26070777335924494,0.0,0.30105351120833723,0.34375,0.5466573646072073,0.2651910379596789,0.386472746756573
10.653720283578524,1.1294155023037047,2.367939624870182,1.7983149702570438,Si3,Si3,combo_006,19.15874467489038,2.674387720847603,mlp,0.3857863,0.6142137,0.7715726,0.18585664,0.5703255776862116,354.38202,1.297551,0.41630529845950914,0.09475803375244155,0.14990292850316844,0.09375,0.5464617003592542,0.3228891353434028,0.26104735896565284
14.863299895274487,0.95573018468138,1.6227634335210457,0.6775220901358839,Si3,PU,combo_005,10.070214011362836,1.5509239960132595,mlp,0.67030275,0.32969725,0.6593945,0.16524187,0.5070664317194797,417.06284,2.3751693,0.6840142957132411,0.0,0.3735052632460201,0.34375,0.5463152485780922,0.5640328897970207,0.3323022882447455
11.385507721909017,0.7636129542388463,1.9797738585846754,1.9130367327880222,Si1,PU,combo_001,21.780894493453623,1.511780964878684,mlp,0.6840979,0.3159021,0.6318042,0.19950107,0.6121952990565044,378.27988,2.6446419,0.5183727547271132,0.0,0.33547936685088825,0.375,0.5458935371129766,0.4490034304693735,0.37367123886097886
13.241308311165223,0.5872632874158542,2.7911841683705063,1.5200169135705308,Si2,PU,combo_003,20.12701259077318,1.6391599905003507,mlp,0.6161237,0.38387632,0.76775265,0.13172443,0.40421376767591044,401.72906,3.3112829,0.6185239493602251,0.0,0.2314224137781509,0.1875,0.5457344071299134,0.49390486369006664,0.27097368291362
11.01436956898076,1.027581488234381,1.3732433315203034,2.394749193140426,A1,Si1,combo_008,26.376652638267135,1.411119426311573,mlp,0.62804985,0.37195015,0.7439003,0.12909469,0.3961440579383567,371.67914,3.1400783,0.4901810816411917,0.0,0.2637300298566385,0.25,0.5456262895799243,0.4125308598949425,0.278818773918476
13.789416469798773,0.7855140038812559,2.308297128836111,0.7782778805052306,Si2,Si2,combo_004,10.731997823518908,1.813199719819661,mlp,0.36416617,0.63583386,0.72833234,0.1318403,0.4045693344171047,398.9383,3.3267484,0.6066045986629702,0.23889239629109713,0.30739340668411064,0.25,0.5448772015399381,0.4995000840763867,0.29218961325224085
10.735257452275484,0.8008783088452028,2.1989294150956322,2.374347628634311,Si1,Si1,combo_002,25.48923307458911,1.761074871231761,mlp,0.39078546,0.60921454,0.7815709,0.1045358,0.32078187919217577,370.9411,1.3258785,0.4870289342212108,0.06143029530843113,0.35135997013556447,0.09375,0.5447477965546633,0.3927092861460111,0.20451327635922095
11.786258085277044,0.9928555256569758,2.489565919259501,1.965621724812838,A2,Si2,combo_013,23.16732494667152,2.471779279424084,mlp,0.39194876,0.60805124,0.7838975,0.14496857,0.44485514679199784,382.47968,0.88424075,0.536310042842824,0.0536749362945558,0.1516133163250532,0.15625,0.5440514109394204,0.4108637362304277,0.21819010995376678
10.89045813157747,0.6383511201732569,2.8165421283268444,1.6649016787339508,A1,Si3,combo_010,18.131542025445135,1.7979428226326102,mlp,0.6080986,0.39190137,0.78380275,0.12341881,0.37872686621325813,366.1157,2.1461854,0.46641967198585027,0.0,0.1856054610241667,0.1875,0.5438663662956204,0.3759444473540517,0.23101068034365474
9.189564064823958,1.3113569024982392,1.3332976615589054,0.8909768176295128,Si1,PU,combo_001,8.18768854587938,1.7484290915700318,mlp,0.6177826,0.3822174,0.7644348,0.08464629,0.2597482947794608,322.76038,1.7992004,0.2812496497107099,0.0,0.1861729054740738,0.375,0.5435773339477135,0.2630755383900481,0.21038006465192557
12.871597795845574,0.9030163573227179,1.516453152549135,1.3708751515002702,A1,Si3,combo_010,17.645353578430345,1.3693820018654717,mlp,0.40461344,0.59538656,0.8092269,0.09743523,0.2989928306843855,394.9144,1.6313007,0.5894185914655843,0.0,0.17000355843555384,0.1875,0.5435492550446266,0.45743169324725974,0.19008215632715186
13.154607091348192,0.7924655192520195,2.150488888094246,1.9650677946781963,Si2,Si2,combo_004,25.849694746853753,1.7041882933493044,mlp,0.63143015,0.36856985,0.7371397,0.11539528,0.35410560698022875,402.02692,1.6434194,0.6197960697215803,0.0,0.3165454253658269,0.25,0.5435244849052377,0.4996719442571751,0.24097931145215593
10.347963397114265,1.047899683389706,1.432044320619673,2.3384320243060244,A1,Si3,combo_010,24.198008994158556,1.5006387901773819,mlp,0.62236464,0.37763536,0.7552707,0.15096463,0.46325485685146384,357.9205,2.2350178,0.4314181144204488,0.0,0.19911103867891905,0.1875,0.5428787800700664,0.3533204391343967,0.2644641488025176
15.253354884557933,1.1892700183696783,1.8634278026644981,2.3483704142295445,A2,Si1,combo_012,35.82052732863956,2.216118817105377,mlp,0.30960485,0.6903951,0.6192097,0.21695355,0.6657505274971613,420.69757,2.8537178,0.699538204668004,0.6026341120402019,0.30677882685879665,0.375,0.5426947567853669,0.5741884192950495,0.39244778534831093
15.6236044829619,1.2353903153340489,1.6339669370977654,1.1302025538565457,A2,Si3,combo_014,17.657837687088115,2.0185869296666183,mlp,0.40583402,0.594166,0.81166804,0.09647782,0.2960549010412399,418.2535,1.9897904,0.6890996489938388,0.0,4.704338843431706e-10,0.34375,0.5423881563292748,0.5279579062219868,0.19442774701239596
8.455059647362331,1.024228740955877,2.69880400139487,1.7189671280228231,Si2,Si2,combo_004,14.53396959928809,2.7641926244353505,mlp,0.37868217,0.62131786,0.75736433,0.1477516,0.45339524169758977,324.6093,0.83901757,0.2891464411259829,0.14211908976236992,0.13398071579748339,0.25,0.5421567914971858,0.24519290967242996,0.2316585945295065
8.699406088404675,1.1912650521389285,1.8139850880829573,0.7063739050011982,A1,PU,combo_007,6.14503344985761,2.160937040534383,mlp,0.32372144,0.6762786,0.6474429,0.15607202,0.47892754925257824,317.13077,1.5527198,0.25720566249969046,0.5085239410400392,0.5099181854194582,0.25,0.5419204456919858,0.2646583438385682,0.3117913354652576
8.29828437291554,1.135725321612684,1.4071200174036638,2.1887487156734893,A1,Si3,combo_010,18.162859263512278,1.5981018343134215,mlp,0.7027624,0.29723758,0.59447515,0.2965402,0.9099726594051061,326.66986,2.705814,0.2979470114947023,0.0,0.332815197238847,0.1875,0.5415045170166429,0.27605156993428426,0.45063770795199215
13.346537676022642,0.9101790589923903,2.8513487069807013,2.2280265815704405,A2,Si2,combo_013,29.73644071410982,2.5952378829788634,mlp,0.36841357,0.63158643,0.73682714,0.1453526,0.44603360178866164,404.1981,0.89983964,0.6290691233187743,0.21057621637980156,0.30561293096259695,0.15625,0.541439410170486,0.491287511266701,0.24202611173596866
9.926696011873632,0.7621876413520028,2.7125426709327582,2.13684348607666,A1,PU,combo_007,21.211795711235332,2.0674665004249007,mlp,0.65645826,0.34354174,0.6870835,0.18893981,0.5797866892200358,350.23502,2.8775983,0.39859349889145657,0.0,0.26031916267635674,0.25,0.5414117992531936,0.3465227024280677,0.3371368949059096
11.841165672370575,1.0265777524151112,1.6223650230412705,1.4689336977579006,Si1,PU,combo_001,17.393887276879227,1.6654838389505975,mlp,0.3196732,0.6803268,0.6393464,0.19572192,0.6005985007667365,373.7669,2.1342378,0.4990979154691661,0.535512129465739,0.2881047633352813,0.375,0.541196041897636,0.4277483324185154,0.3519177931666484
9.543778503362851,0.9472823964106767,2.736494813604387,1.428998283237164,A1,PU,combo_007,13.638043096901265,2.592233364796552,mlp,0.34785718,0.6521428,0.69571435,0.09983337,0.3063518413382186,338.5583,3.074202,0.34872234018010406,0.34761881828308117,0.4995955763231203,0.25,0.5410350076324925,0.3367058360334583,0.28140472187960136
13.550343899727496,0.9525401668431638,1.7640686630002298,0.6975020965124454,Si3,PU,combo_005,9.451393278524554,1.6803462585770357,mlp,0.66593426,0.33406574,0.6681315,0.18026944,0.5531805024319009,402.30643,2.1273494,0.6209898556221594,0.0,0.2599965635780477,0.34375,0.5410113806965515,0.5070960419168501,0.32627486357024077
11.031432814317723,1.0479269158693387,1.3699509794923974,2.075991560671439,A1,Si2,combo_009,22.90116142463758,1.4356085048316478,mlp,0.37853304,0.621467,0.7570661,0.11835796,0.36319697665843353,368.0407,3.434073,0.47464140152211287,0.14311329523722344,0.2172965276657051,0.25,0.5409603617368013,0.39875228896713233,0.2664212139530972
10.894199797474297,1.3717557707428925,2.285881781759274,0.9609509332557693,A2,Si1,combo_012,10.46879146245774,3.1356715253643292,mlp,0.37552398,0.624476,0.75104797,0.074544005,0.228748096876573,348.86517,1.6203561,0.3927429182910314,0.16317343711853038,0.2441622218364887,0.375,0.5402629485637952,0.3458597178681576,0.2045182522650277
9.68232352256966,1.4616916422540307,1.6416982480336992,0.8484319691707994,A2,Si2,combo_013,8.214792812402528,2.399656608253943,mlp,0.39278692,0.6072131,0.78557384,0.104983196,0.32215476188734243,328.68048,2.3139157,0.30653434529465357,0.048087199529012185,0.241448571018938,0.15625,0.540043635855513,0.26747819529634403,0.21837899002208516
10.27540263581352,1.2038724009648698,2.544962904007888,1.7855747207735542,A2,Si3,combo_014,18.34749919227857,3.0638106016145037,mlp,0.6414813,0.35851872,0.71703744,0.13145402,0.40338397476793053,349.63412,1.1323266,0.39602710033458327,0.0,0.21935500651140236,0.34375,0.5393439328719078,0.3396602917079992,0.24710801502476354
9.888959806214418,0.8056170496917873,2.9974431028424524,0.9794722079032151,Si1,PU,combo_001,9.685961295258986,2.414791269130933,mlp,0.6407552,0.35924482,0.71848965,0.11044944,0.33892865491150337,340.75598,3.88063,0.3581086594119311,0.0,0.24700172350728894,0.375,0.5393088744851394,0.33529670709867254,0.29039694380369097
13.04237563528995,1.048989940363562,1.2858328651162294,2.341273968928129,Si1,Si1,combo_002,30.53577456788683,1.3488257404957817,mlp,0.6055993,0.39440072,0.78880143,0.108964995,0.3343734361647957,399.53745,1.9475327,0.6091635678283889,0.0,0.27466427545438793,0.09375,0.5392589679954716,0.47421860796587223,0.21066223426780104
15.938318753187273,1.038683237223481,1.3474373737063376,1.92021548379609,Si1,PU,combo_001,30.605006455547795,1.3995606132772043,mlp,0.65150917,0.34849083,0.69698167,0.14711581,0.45144424296475355,424.74316,3.103705,0.7168168837482713,0.0,0.212331187689358,0.375,0.5391562262974118,0.5783204460869654,0.3084594436209064
15.747460699294514,0.7366786403516022,2.058384008375201,2.464035311612565,A1,PU,combo_007,38.80229923129278,1.5163675326113242,mlp,0.3221361,0.6778639,0.6442722,0.12909602,0.396148127567982,430.74918,1.9707996,0.7424684869979132,0.5190926392873129,0.5855360395002638,0.25,0.5391023574592236,0.6143821346510662,0.302834314882585
10.945965323091468,0.7737087380290615,2.5074665070754474,0.6137465454832264,A1,Si3,combo_010,6.718048404026576,1.9400487468394831,mlp,0.3877316,0.6122684,0.7754632,0.114444196,0.3511870880986105,356.48764,1.7993224,0.42529838130504427,0.08178925514221205,0.21150773017526805,0.1875,0.5390340135240101,0.3476938558007135,0.21806139590459883
10.969252501723487,0.5860294515476099,2.8919768109698465,2.2072088448469542,A1,Si3,combo_010,24.21143114316366,1.694783584421065,mlp,0.64214814,0.35785186,0.7157037,0.15815526,0.4853202515012818,373.08325,3.4671943,0.4961780342872933,0.0,0.29335648389775804,0.1875,0.5385635714289355,0.41538024327185064,0.31188545869350554
9.51179684857055,1.1265969182757787,2.895665465023959,0.7297208472495419,Si3,PU,combo_005,6.940956455204423,3.2622477892535917,mlp,0.32341653,0.67658347,0.64683306,0.21824914,0.6697262355578447,332.36304,3.3546777,0.3222624973443184,0.51055645942688,0.20522378631125904,0.34375,0.5385631934353948,0.2997841927673157,0.38431098137501896
13.22689894616219,1.3663932561714953,1.2218144956838546,1.0471679056008374,A2,Si2,combo_013,13.850784067046584,1.6694790871949954,mlp,0.6013903,0.3986097,0.7972194,0.068037525,0.20878210526238777,391.7906,2.644099,0.5760768381552691,0.0,0.30143193992435346,0.15625,0.5384402982205008,0.4641133284415051,0.1945457449218236
10.26617502745875,1.3037272536413218,2.5852577471183453,1.1393776845094639,A2,Si1,combo_012,11.697050731554832,3.3704709826055512,mlp,0.610754,0.389246,0.778492,0.06385036,0.19593323283329628,342.73877,2.3312273,0.36657712294860817,0.0,0.16380263000073206,0.375,0.538380971017893,0.323721154130612,0.19572619372455913
8.989580233898414,1.179204504011015,2.2085733815483035,2.224229749860473,Si3,PU,combo_005,19.994891794994523,2.6043596789605976,mlp,0.69120944,0.30879056,0.6175811,0.2016,0.618636150968078,335.2343,1.0259844,0.3345256854917019,0.0,0.36234984987561836,0.34375,0.5383800151568431,0.3102784777339925,0.3416894254780078
10.264643788044447,1.2514886037062471,1.4550056397089715,0.6512655301422958,Si2,Si2,combo_004,6.68500867834259,1.8209229764240955,mlp,0.6641919,0.3358081,0.6716162,0.17286989,0.5304740268006602,338.61197,3.402258,0.34895160859359015,0.0,0.34441185601404967,0.25,0.5381217905700183,0.32329239363661433,0.34337547485127534
13.052846653624307,0.8351698183681328,1.854595595807842,1.7770221847040881,A1,Si3,combo_010,23.195198077030913,1.5489022668971744,mlp,0.38823742,0.6117626,0.77647483,0.07403667,0.22719128064019573,397.2756,1.2870228,0.5995032734941471,0.07841722170511894,0.32488702723940704,0.1875,0.5379979165215247,0.4779387253048904,0.18104206128264322
12.95457256894322,1.1195570698874797,1.219559211385907,1.6014433084004371,A1,Si1,combo_008,20.74601355372198,1.3653661372534915,mlp,0.32955283,0.6704472,0.65910566,0.119546294,0.3668435477073993,390.63098,2.407471,0.5711241711992472,0.46964780489603686,0.5519445269934065,0.25,0.5378263293577392,0.49367018635966453,0.29659776911957875
8.010749230453952,1.352859501886514,2.6027997614195852,1.0923295596577383,A2,PU,combo_011,8.75037817943033,3.5212223887444374,mlp,0.6845751,0.31542492,0.63084984,0.20986423,0.6439960251150105,314.9738,2.6766002,0.24799321709594213,0.0,0.4076236329815144,0.21875,0.5375228776371319,0.2515166031571401,0.3728486113588829
9.090906717470428,1.3505381349437313,1.382815978518246,0.6828339392121581,A1,Si1,combo_008,6.207579644900602,1.8675457125984227,mlp,0.2969525,0.7030475,0.593905,0.27747962,0.8514827535498145,318.6986,3.5877948,0.2639018903239345,0.6869834264119467,0.30413714130834196,0.25,0.5374907129102878,0.26082982727470505,0.45353629964859477
12.740005144210322,0.809313199693987,1.6586670487308597,1.1525010561667182,A1,Si3,combo_010,14.682869384271818,1.3423811364353542,mlp,0.59043086,0.40956914,0.8191383,0.07931327,0.24338321662793966,395.46136,1.802748,0.5917546788873639,0.0,0.14753147207664996,0.1875,0.537288261979547,0.4578359423895552,0.17080466649385068
14.445823148180015,0.6003745398909021,2.900795194083736,1.837503818725126,A1,Si1,combo_008,26.5442551994086,1.7415635799657632,mlp,0.3790212,0.62097883,0.7580424,0.06279672,0.19270000354835123,414.36884,1.7953777,0.6725082537932257,0.1398588816324871,0.3595950646004465,0.25,0.5372675745552817,0.5417761194736196,0.1940971846860991
12.679608278217778,0.7315789754718847,1.8838182980894698,0.9885817778045032,A1,Si3,combo_010,12.534829693545227,1.3781618604914838,mlp,0.5896009,0.41039908,0.82079816,0.06169881,0.18933092179580227,395.07687,1.8981346,0.5901125226954875,0.0,0.19458352763318756,0.1875,0.5371511606299094,0.46195701102955233,0.1609229751013822
8.234343468198102,1.3290124060222537,1.3384989146546058,2.217043895088765,Si2,Si2,combo_004,18.25590091623265,1.7788816630232929,mlp,0.66584814,0.33415186,0.6683037,0.18289874,0.5612488861103633,320.58347,5.2644725,0.2719520921557357,0.0,0.3189997857700834,0.25,0.5371043631599967,0.2778891811728573,0.3889666613080587
15.245032307312567,0.6934183925418536,2.0976133644866124,0.6100352423441918,A1,Si1,combo_008,9.300006978136455,1.4545236873766159,mlp,0.36186767,0.63813233,0.72373533,0.096027106,0.29467182140892223,418.8041,2.1115854,0.6914512468995325,0.2542155583699545,0.37968412498359744,0.25,0.5367078427092289,0.5589193361081569,0.23936043397109766
10.463194637312103,1.2349919634807422,1.3064922729181205,1.7074815775078398,Si1,PU,combo_001,17.86571208508924,1.6135074574035675,mlp,0.63268495,0.36731505,0.7346301,0.074315906,0.22804814344411017,348.6101,1.3905487,0.3916535348914201,0.0,0.28045930187261153,0.375,0.536572682091774,0.3473647508718998,0.20495045739858647
11.962352158101073,1.0836491022251948,1.9010239441091872,0.5588881889061612,Si3,Si3,combo_006,6.6856173326988175,2.06004289034252,mlp,0.34164333,0.65835667,0.68328667,0.18751283,0.575407813469395,367.65277,2.7766623,0.47298451688752813,0.3890444437662761,0.4014484331761075,0.09375,0.5363986097358543,0.39648607796176355,0.33124225457079504
9.373947530523605,1.1822631871588964,2.148500269545324,1.3587953064775462,Si3,PU,combo_005,12.737275907642259,2.540092776284403,mlp,0.67058516,0.32941484,0.6588297,0.15363142,0.4714382418614724,335.0501,2.4713552,0.33373895203871623,0.0,0.3442901822496433,0.34375,0.5362780985413652,0.3164887511180195,0.3174455446198001
8.125182483232782,1.1267789115002147,2.725608096198825,0.6436843271266491,Si3,Si3,combo_006,5.230052619500929,3.0711577238110848,mlp,0.67959195,0.32040805,0.6408161,0.192985,0.592199882648343,315.771,3.9507337,0.25139809416558156,0.0,0.5391739110538875,0.09375,0.536217419925467,0.26210704616952546,0.38213450760380674
9.589192047806398,1.27218199327857,2.689515410287908,2.0989738172569368,A2,Si1,combo_012,20.127463036994058,3.4215530756135024,mlp,0.68565404,0.31434596,0.6286919,0.16976792,0.5209552088332728,339.57178,2.8148813,0.3530509382539366,0.0,0.370104328766069,0.375,0.5356894820734646,0.33774969271167465,0.3504625831071486
10.149361104022315,0.9577723097634437,2.467956042789525,0.8725997563460414,A1,PU,combo_007,8.856330026437861,2.3637399594971717,mlp,0.32526293,0.6747371,0.65052587,0.11282559,0.3462201737302024,343.57578,2.8631487,0.37015196364029757,0.4982473055521648,0.5880179898240989,0.25,0.5354249727612184,0.3592978653011075,0.30424368047589817
10.081104082265298,1.2347265819658069,1.1940403873220748,0.675083848017806,A1,Si3,combo_010,6.80559053612367,1.4743134061673135,mlp,0.67471045,0.32528955,0.6505791,0.21978065,0.6744258804300748,337.69162,2.3893523,0.345020808813083,0.0,0.3190305725217202,0.1875,0.5349619820514271,0.30574904516244744,0.3595636201226949
12.273662538487526,0.961334338959829,1.942168498203034,2.4664028086457033,Si3,PU,combo_005,30.271795757295187,1.8670732693686176,mlp,0.31134906,0.68865097,0.6226981,0.20373361,0.6251834076901917,393.39633,1.5485401,0.5829349485091037,0.5910064379374187,0.3142457474179972,0.34375,0.5349608408088766,0.4824518263710747,0.3476058116594253
15.292591206639038,0.7272949525335044,2.6359791085437143,1.5164254791252496,Si2,Si2,combo_004,23.190074947594184,1.91713430062761,mlp,0.33064848,0.6693515,0.66129696,0.15124922,0.46412813535240616,416.9444,2.6215048,0.6835084453933211,0.46234345436096197,0.42726953123505185,0.25,0.5349229740580955,0.5611402929705476,0.3163862753096114
10.557039521974533,0.834784206191511,2.3403058411484854,1.4051640425023417,A1,Si1,combo_008,14.834372331554723,1.9536503538484946,mlp,0.62254393,0.37745607,0.75491214,0.1070321,0.3284420881644562,358.3929,1.3670344,0.43343578073128675,0.0,0.21794734470064717,0.25,0.5346601087030352,0.3577217542410205,0.21147373896934948
8.845369235493397,0.944405892479161,2.8650273497852683,1.5365320202847461,Si1,Si1,combo_002,13.59119306157721,2.7057487112511613,mlp,0.6265582,0.37344182,0.74688363,0.16011639,0.49133822774122937,332.03598,2.3283443,0.32086564141064594,0.0,0.23920168610869225,0.09375,0.5344294899518626,0.271120934895532,0.26818049316597126
14.519282463757921,1.0398735059596445,2.4417194393345776,2.065535550541359,A2,Si2,combo_013,29.990094097243716,2.5390793539506644,mlp,0.36651137,0.63348866,0.73302275,0.15935968,0.48901616109368234,413.201,1.6381097,0.667520394982945,0.22325770060221364,0.22851658255847845,0.15625,0.5342299207507812,0.5148696161769071,0.26082102878205304
11.337820874877773,1.1607116651850236,1.3567146862985298,1.123553139128417,Si1,Si1,combo_002,12.738644234844617,1.5747545627145434,mlp,0.615378,0.38462198,0.76924396,0.14988035,0.45992759168646913,360.9226,1.5939047,0.4442400710093415,0.0,0.18727682066523463,0.09375,0.5342273612813139,0.3479374030986676,0.2341620298296672
13.280396782466285,1.1357719098311096,2.2457983716742884,1.4725447229241473,A2,Si1,combo_012,19.555978200359554,2.5507147056921027,mlp,0.36090422,0.6390958,0.72180843,0.085597925,0.26266850552957494,393.76163,1.7349224,0.5844951207145771,0.2606385548909506,0.2767923146973297,0.375,0.5341637733979578,0.4840283225582839,0.2236615971991649
8.455095253806384,1.4483963361567491,2.2563422480098754,1.8259120852912516,A2,Si2,combo_013,15.43826060621378,3.2680778451331864,mlp,0.6133599,0.38664007,0.77328014,0.13868292,0.42556679423659965,321.75443,1.9023285,0.2769532456665142,0.0,0.14374700575056315,0.15625,0.534138655014325,0.2345617228771709,0.23137955501983565
10.060711511743115,1.10158188783986,1.5730765866294962,1.5236596789599526,A1,PU,combo_007,15.329100472091215,1.7328726760160036,mlp,0.65196383,0.34803617,0.69607234,0.11917807,0.3657136081830101,345.0049,1.4991082,0.37625579525118513,0.0,0.39118359588268076,0.25,0.5338743795371608,0.33580221270900684,0.2532440898036377
15.24907045773626,1.4146713808359368,1.2139002099877976,1.418794083468487,A2,Si1,combo_012,21.635290943830295,1.7172698862604712,mlp,0.3300522,0.6699478,0.6601044,0.17415686,0.5344232594056915,412.4284,2.1411839,0.664220702455479,0.46631868680318206,0.2288054619802816,0.375,0.5337917427667643,0.5374455237879612,0.32000566063787617
14.287861353874167,0.8803494025796127,2.8736185202296496,1.5751082305158588,A2,Si1,combo_012,22.50492801495666,2.5297883475258827,mlp,0.6557285,0.34427148,0.68854296,0.11623704,0.35668865577481357,411.36172,1.5099152,0.6596649214113758,0.0,0.3020598564507874,0.375,0.5337609238560874,0.5378402821893419,0.25569098843585353
10.788876997907284,0.8890010123249676,2.416017268738588,0.5246234333229369,A1,PU,combo_007,5.66009769234098,2.147841797703208,mlp,0.33192283,0.6680772,0.66384566,0.091421574,0.2805391408746649,350.92267,2.81488,0.401530454639655,0.4538478056589763,0.5932766627883285,0.25,0.5336874766552534,0.3815025791050236,0.2810427797488951
10.119850308842878,1.0542047267914683,2.9792310816377494,2.1133797645181644,Si3,Si3,combo_006,21.387086862661434,3.140719488466574,mlp,0.35403457,0.64596546,0.70806915,0.18845205,0.5782899343152633,346.37436,2.784229,0.38210468142899784,0.30643637975056975,0.2882525896230189,0.09375,0.5334819116946852,0.3215954578207424,0.315428591957292
12.043163603917392,1.028194600115519,1.6276975965751124,0.6188235468879784,Si2,PU,combo_003,7.452593217128369,1.6735898794195392,mlp,0.6974905,0.3025095,0.605019,0.23616865,0.7247146137930631,368.94736,2.9545517,0.4785136785523896,0.0,0.4254650028612141,0.1875,0.5334123957223237,0.413187527901124,0.404854949455909
13.002791628696542,0.8895828801188551,2.704464175441754,1.6946473714580335,A2,Si3,combo_014,22.035146655187116,2.4058450303677406,mlp,0.6896776,0.3103224,0.6206448,0.15733841,0.482813634009154,398.3419,1.2238986,0.6040573601156378,0.0,0.45366561506141,0.34375,0.5333890256986735,0.5092552971885543,0.3119546567675493
15.01972352605041,1.079604637532853,1.4690952594527713,1.1284008289386835,Si3,PU,combo_005,16.948268477225128,1.5860420550827417,mlp,0.64579296,0.35420704,0.7084141,0.14633402,0.4490452191637304,416.19766,1.917473,0.680319151016067,0.0,0.16310248075913178,0.34375,0.5330124096766923,0.5376931679045519,0.27093949823204666
8.917851699834406,1.310640918076548,1.4801493503405951,2.1174088805550824,Si3,PU,combo_005,18.88273838470261,1.9399443034208035,mlp,0.62710893,0.37289107,0.74578214,0.12040733,0.3694857433100776,332.4199,1.5455967,0.3225053211387041,0.0,0.10354715147246182,0.34375,0.5326976154822582,0.2790637816152631,0.22644577872763055
11.741642386086644,1.0158183919672141,1.3356840894653894,2.240076645026596,A1,Si1,combo_008,26.302178883327045,1.3568124639369243,mlp,0.64853776,0.35146224,0.7029245,0.1410603,0.4328620854647828,383.89325,2.5743525,0.5423474009512228,0.0,0.2906869431647851,0.25,0.5326408357016007,0.44838982362776114,0.2839775916463851
10.712316593788774,1.0666771695530017,1.8462453384292468,2.294395812004983,Si3,PU,combo_005,24.578294329660448,1.9693477518961326,mlp,0.6894017,0.3105983,0.6211966,0.15678626,0.4811192962997647,362.16437,2.4779043,0.4495436137863437,0.0,0.44662106376082833,0.34375,0.5323816991983742,0.40782392021783015,0.33631940793861564
10.05255645340164,1.3846475873067257,2.078370456502887,0.5118165213007512,A2,PU,combo_011,5.145064474159445,2.8778106381263004,mlp,0.64321315,0.35678685,0.7135737,0.14317873,0.43936279294017117,333.65085,2.0655034,0.3277627234845671,0.0,0.2688005258171766,0.21875,0.5315025296396214,0.2898508739900638,0.26772625879365874
9.219361266529692,1.3776557970870584,2.928880123827247,2.312819022096063,A2,Si3,combo_014,21.32271410880552,4.034988681563669,mlp,0.32121992,0.6787801,0.64243984,0.15585089,0.4782489728071921,331.01324,2.2183414,0.31649755025592297,0.5252005259195964,0.3647777366025713,0.34375,0.5313584136742666,0.3049688700559515,0.3176536402308221
8.324073966665088,1.24955579663965,1.3251098837631197,1.656846957982884,A1,PU,combo_007,13.79171662969357,1.655798736440699,mlp,0.3363088,0.66369116,0.6726176,0.18542846,0.5690116360313484,317.44464,2.142008,0.2585462114665488,0.4246077537536622,0.2568909258702102,0.25,0.5313250691530926,0.24378681173267494,0.3175915104082477
11.482535318492138,1.3802446351857902,1.4209845275838122,2.3747833457577263,A2,Si3,combo_014,27.268533641430018,1.9613062708795714,mlp,0.6853149,0.3146851,0.6293702,0.18974546,0.5822589206281387,373.37387,1.4653798,0.49741926402102127,0.0,0.3063202277250335,0.34375,0.5310029891581882,0.42130539041486753,0.3296682462753762
13.130339476145167,1.078070383746689,1.7210731798366585,1.1892280681901282,Si3,PU,combo_005,15.614968249896696,1.8554380234426406,mlp,0.32752877,0.6724712,0.65505755,0.1294119,0.3971174767637866,393.74274,1.8061692,0.5844144401301838,0.4831415017445883,0.39638998505166384,0.34375,0.530870265523996,0.49322890450489737,0.28544890730518296
11.27970462784842,1.1731939212951086,1.8604520110810074,1.661168465750506,A2,PU,combo_011,18.73748963076184,2.182670990261498,mlp,0.68368715,0.31631285,0.6326257,0.14775936,0.4534190650350592,367.0765,1.6580698,0.47052330287282834,0.0,0.5467807656252226,0.21875,0.5307866150333074,0.41516637723096483,0.30589074790717374
9.265366245729563,1.3303263962541296,2.4342648702003604,2.4059534905633377,A2,Si2,combo_013,22.29204026026077,3.2383668123016722,mlp,0.65422237,0.34577763,0.69155526,0.14912345,0.45760493059863977,336.23636,2.0173504,0.33880540599017495,0.0,0.3889666102686687,0.15625,0.5307786190561979,0.3030619497863539,0.2817619832321003
9.857303678712093,1.2742304162086149,1.307091076782729,1.5870378158440286,Si2,PU,combo_003,15.643913700374547,1.6655352067914235,mlp,0.6241953,0.37580472,0.75160944,0.12417854,0.38105821527444483,339.02753,2.7027686,0.3507264511100423,0.0,0.21386215380853915,0.1875,0.5307482677838649,0.3010838231998198,0.24761152056411362
11.163352856886814,0.9523299454901808,1.878937101553468,1.1307140756268783,A1,Si1,combo_008,12.622560206471444,1.7893680675018924,mlp,0.6494301,0.3505699,0.7011398,0.12260108,0.376217550876772,364.86478,3.3840895,0.46107702714856047,0.0,0.3408056309273743,0.25,0.5306803893876263,0.40131187668904245,0.2884678685190707
9.873734301835938,1.32900736484197,1.3432519458269974,1.1654055776679662,Si2,PU,combo_003,11.506905027771124,1.7851917288423864,mlp,0.3396955,0.6603045,0.679391,0.14367154,0.4408750490184602,333.03174,1.785532,0.32511851182772156,0.4020299116770427,0.41816570800275044,0.1875,0.5306461781264695,0.2981520071339024,0.28016479654665144
11.29230529458367,1.0146100504011062,1.4592628850635858,0.8756330541297859,A1,Si3,combo_010,9.88791577326225,1.4805827893628285,mlp,0.62169844,0.37830156,0.7566031,0.102430135,0.3143203590492467,360.94318,2.0995333,0.4443279203047875,0.0,0.26077699288313383,0.1875,0.5305213376378795,0.36772085971858703,0.21877633135893498
13.97408304707529,0.9183811928890847,1.6208031009784614,2.288697424390879,Si1,Si1,combo_002,31.98244787806546,1.488515085314927,mlp,0.5730446,0.4269554,0.8539108,0.10113671,0.31035130414710804,410.08682,1.8481162,0.6542198291761326,0.0,4.154798974856958e-10,0.09375,0.5302661496924906,0.47770230527547874,0.1589924433510425
15.295866026254208,1.1179099037762104,1.7098866914740158,0.8710590578861281,A2,PU,combo_011,13.323602650381424,1.9114992667339397,mlp,0.61807615,0.38192385,0.7638477,0.08664045,0.2658676230875484,418.08585,1.1478903,0.6883835599297727,0.0,0.24858640390074824,0.21875,0.530096849794857,0.5348252019637891,0.18493487234581116
13.919421523082265,1.0528420141987378,2.460223739541075,1.7282061226259118,A2,Si3,combo_014,24.055629499601665,2.590226917317976,mlp,0.31111154,0.68888843,0.6222231,0.13709144,0.4206831472338956,401.8263,1.6291213,0.618939213240479,0.5925895373026531,0.4880392894859575,0.34375,0.5300935560902533,0.5255117840211907,0.3037714152696661
15.005213903835884,1.0380430149539306,2.2180115644088008,2.0126934561914407,A2,PU,combo_011,30.200895833003305,2.3023914115215955,mlp,0.33485246,0.66514754,0.6697049,0.10783027,0.33089138789551314,417.27286,2.19835,0.6849112969762376,0.43431695302327483,0.5278750713597051,0.21875,0.5299651895208358,0.5665497338892089,0.2713783625119379
15.07791451841748,0.5989641049618157,2.1999198870591226,0.611900972921014,A1,Si2,combo_009,9.226190563439538,1.317673046140066,mlp,0.6858386,0.31416142,0.62832284,0.1582322,0.48555633574572443,421.49615,2.0796108,0.7029489470466865,0.0,0.49233596649237304,0.25,0.5297614131514953,0.5780433918515463,0.32240447542855877
9.802033910963825,1.2372903239226876,1.615046948706171,1.7809711410889961,Si2,Si2,combo_004,17.45713951940228,1.9982819623150063,mlp,0.62453204,0.37546796,0.7509359,0.17179118,0.5271638632253269,340.2274,3.1299603,0.3558510367911285,0.0,1.6952760411145796e-10,0.25,0.5295893490633664,0.2920668544136171,0.28490630240435394
9.537209219979836,0.9457400597462979,2.397426218781809,2.3239351176298912,Si1,Si1,combo_002,22.163855430494724,2.2673420153880492,mlp,0.39517757,0.6048224,0.79035515,0.08793254,0.26983258549697403,346.52933,2.4685414,0.3827665489694652,0.03214931488037124,0.2678660821653533,0.09375,0.5294126333917655,0.31814898100434114,0.19786157703087434
9.86139004735893,1.4246865217244986,2.222573750888161,1.2549463298133174,A2,Si1,combo_012,12.375515246790664,3.1664708664290266,mlp,0.6290766,0.3709234,0.7418468,0.091017306,0.27929858973158367,337.27972,1.2923046,0.3432616071207459,0.0,0.15431277887946343,0.375,0.5293074630908056,0.30029344015184545,0.20192805371579328
12.493975348220225,1.0267175928770054,1.450782991804991,0.9854886812111621,Si1,Si1,combo_002,12.312671289002319,1.4895444211329205,mlp,0.37211686,0.62788314,0.7442337,0.17730375,0.544079896066232,382.68866,1.9740487,0.537202612538988,0.18588757514953624,0.16046298641397372,0.09375,0.5290724824723574,0.4125829755837477,0.2674793801629826
13.133308003055632,1.147054207608056,1.4400609281741579,2.1684806375647048,Si3,PU,combo_005,28.479324111799716,1.6518279468741304,mlp,0.31875023,0.68124974,0.63750046,0.14325893,0.43960889121706254,398.0337,1.6009798,0.6027410544261577,0.5416649182637533,0.4054059052352066,0.34375,0.5289399960333921,0.5057429350743009,0.29741662029489757
9.618302196045045,1.137051932831329,2.0146746898775945,0.973111188589211,Si2,Si2,combo_004,9.359677482203612,2.2907897501516774,mlp,0.34690762,0.6530924,0.69381523,0.14492156,0.44471088070808995,333.04926,1.5316778,0.32519332710307175,0.3539492289225261,0.28691711062568115,0.25,0.5288425818883133,0.2898248822041641,0.26592882243474375
11.035741948152248,1.2017079407849758,1.2776515100525943,1.9014537105748401,Si1,Si1,combo_002,20.98395247626051,1.5353639651861177,mlp,0.6325666,0.36743343,0.73486686,0.11301721,0.34680818948488185,361.0722,2.2979944,0.44487899867444014,0.0,0.39037090355916204,0.09375,0.5288161355973842,0.3728673173960181,0.23964074974156097
14.371228310605378,1.3740727263261046,1.3866436689655908,1.9691163476291333,A2,Si3,combo_014,28.298620601923663,1.9053492466583817,mlp,0.6826296,0.3173704,0.6347408,0.14397144,0.44179533402788346,410.2772,3.6663516,0.6550328913497119,0.0,0.41113038479683306,0.34375,0.5286088319123763,0.5551614714447429,0.3418868562001988
9.899247715623034,1.1826760726484409,2.1531115030476506,1.7895120031174014,Si3,Si3,combo_006,17.714822608939937,2.546433456398577,mlp,0.6443252,0.3556748,0.7113496,0.18873902,0.5791705290042961,344.19064,0.7407737,0.3727780580092098,0.0,0.2423567274446201,0.09375,0.5285338839709537,0.29836533473399485,0.26646076910899746
15.568458674334803,0.7884887905079982,2.9242574141646855,0.9555004746566144,A2,Si3,combo_014,14.87566965299879,2.3057441916287593,mlp,0.7002891,0.29971093,0.59942186,0.17846796,0.5476524364369578,424.7376,1.7437911,0.716793161831697,0.0,0.43291353962616824,0.34375,0.528329418742614,0.5891766400622711,0.34232063855799255
10.86074692960777,1.1093340472825366,2.9078725197197497,0.9091396924929908,A2,Si2,combo_013,9.8739361238278,3.2258019912823777,mlp,0.606647,0.393353,0.786706,0.069238216,0.21246658331089702,351.03336,1.924016,0.4020031985485315,0.0,0.26745365134122456,0.15625,0.5281138310390353,0.3345958999255997,0.17580038718626576
8.579716220175914,1.4484747097865964,1.231053762598497,1.8230334914753807,Si3,PU,combo_005,15.641110016735254,1.7831502415115554,mlp,0.30692565,0.69307435,0.6138513,0.22105645,0.6783408184034322,321.70853,2.3595755,0.27675721400427256,0.6204956372578939,0.24572013870384496,0.34375,0.5277898753394681,0.2660819932898244,0.37275706090435007
11.661098097319375,1.5096769801328174,1.5529483472513368,0.5700511853694552,A2,Si3,combo_014,6.647422793086409,2.344450371180648,mlp,0.36223763,0.63776237,0.72447526,0.07810143,0.23966451253701992,353.49976,2.4197245,0.4125371632497983,0.25174911816914886,0.27830267148736637,0.34375,0.5277189790662129,0.3647427239165682,0.22535552883646665
14.164348420582353,0.9142707319098298,2.6087443493185916,1.9805890535922626,A2,PU,combo_011,28.053753433072263,2.3850986056171415,mlp,0.35105926,0.64894074,0.7021185,0.08647374,0.26535606149841384,410.94034,1.06013,0.6578651839165406,0.32627161343892425,0.45924977157874314,0.21875,0.5276685766255444,0.5340085054255909,0.2145347356027401
11.296614292289364,1.1540323915261381,1.882295867391274,2.123103565809263,Si3,Si3,combo_006,23.983882085531434,2.1722304014053186,mlp,0.38266405,0.6173359,0.7653281,0.20101005,0.61682580595128,369.9278,2.9826589,0.482701118188584,0.11557277043660495,5.006582672848642e-10,0.09375,0.5275168459643574,0.3643638312690767,0.2897947018625538
14.425691605147339,0.8844585474039767,2.6434649861067756,1.7107440865019377,A2,PU,combo_011,24.678666607206456,2.338035201725272,mlp,0.6334849,0.3665151,0.7330302,0.07767125,0.23834446643771875,414.63803,1.6600544,0.6736579847058808,0.0,0.37057109714032865,0.21875,0.5273164564601538,0.539751450698334,0.2042243587398972
8.423441612948205,1.0982645896852812,2.0495537615118615,1.7378936419836386,A1,Si1,combo_008,14.63904562276309,2.2509523209247493,mlp,0.59867984,0.40132016,0.8026403,0.019414227,0.059575113748434334,326.75296,1.8576083,0.2983019278619124,0.0,0.26128092813782045,0.25,0.5270805816617377,0.27036912873537006,0.1340473314964978
12.142124286412024,1.4425995784303898,1.7144097251157726,0.549673431888554,A2,Si1,combo_012,6.674203126929457,2.473206746708974,mlp,0.31731826,0.68268174,0.6346365,0.12907588,0.39608635150479354,362.90796,4.2842026,0.45271948312289906,0.5512115955352784,0.41510684116697494,0.375,0.5269790835188377,0.4207268372771409,0.343990051612173
9.48493556420228,1.7279535394117462,1.1970552639951788,0.6680652654058387,A2,Si3,combo_014,6.336555995056074,2.0684558802919315,mlp,0.32502112,0.67497885,0.65004224,0.19071077,0.5852211080074216,319.46442,1.4598157,0.26717264732678764,0.49985901514689135,0.20030596218771324,0.34375,0.5269147932277107,0.2494983528652071,0.31468744444265007
13.713098811125853,1.1701341845593656,2.129020487576229,1.4494424555038778,A2,Si1,combo_012,19.876347613365564,2.4912396521401936,mlp,0.3423022,0.6576978,0.6846044,0.1029377,0.31587788404134526,397.71725,1.804713,0.6013895568824188,0.38465197881062835,0.31076486466189857,0.375,0.5267788477226618,0.4996653433993151,0.24882857401776787
10.812197180041402,1.1735376243763629,1.7290195147363678,1.6076336394247983,Si3,PU,combo_005,17.3820519027285,2.0290694538240888,mlp,0.670484,0.329516,0.659032,0.13534093,0.4153114647593852,357.12274,1.1089287,0.4280108912271921,0.0,0.3350162571243826,0.34375,0.5265792452767363,0.3734763870080995,0.26814643226263596
10.093695419562694,1.1935049202032761,1.668038722041905,1.9583005657990813,Si2,Si2,combo_004,19.766489451133218,1.9908124218465986,mlp,0.63647443,0.36352557,0.72705114,0.14254095,0.4374056668998092,346.2042,2.7425885,0.3813779044684531,0.0,0.1571746852994142,0.25,0.5265651970941047,0.3233571132139847,0.26903107665628667
9.069704400112277,1.413026619212998,1.110604959610232,0.8021410921081942,Si1,Si1,combo_002,7.275182592604557,1.5693143713592346,mlp,0.676082,0.32391798,0.64783597,0.19159386,0.5879309783499362,319.80533,4.1317983,0.2686286777116953,0.0,0.45043951633941687,0.09375,0.526127875543506,0.2663682152729013,0.37108643221609516
12.676017811499108,0.7851783249716886,2.504253321719033,1.0867869377258432,Si2,Si2,combo_004,13.77613057991736,1.9662854284521376,mlp,0.33895752,0.66104245,0.67791504,0.11383764,0.34932578125914526,385.90204,2.612687,0.5509269143391166,0.40694967905680346,0.42232409501743756,0.25,0.5261007605552569,0.4677864137951069,0.27528071258925163
8.135264689939142,1.3374835507067413,2.9481506897738345,2.472434847261696,A2,Si1,combo_012,20.113911911103152,3.9431030525772366,mlp,0.7155916,0.2844084,0.5688168,0.15878226,0.4872442717905346,321.09824,3.7283869,0.274150670665504,0.0,0.5586800787453609,0.375,0.5259878761941233,0.3067915800534756,0.38590086643429466
12.747057570285914,0.7565418454083225,2.1883594528761328,1.7066340933954947,Si1,PU,combo_001,21.754563039925078,1.6555854988956564,mlp,0.30752245,0.6924776,0.6150449,0.17660207,0.5419266961850469,390.9748,1.0731376,0.5725925839032459,0.6165172259012859,0.33430599122071974,0.375,0.5259595906394752,0.477525405835461,0.3163002352817834
14.946470947264888,1.1064547683870267,2.063609555799643,1.178796483259216,A2,Si3,combo_014,17.618847389771894,2.2832906331035487,mlp,0.36278495,0.637215,0.7255699,0.06330862,0.19427083485753918,411.58203,1.231574,0.6606058473220954,0.24810012181599947,0.30683395059114665,0.34375,0.525791685796734,0.53420156521618,0.18909915439940567
13.547573684289244,0.7557195912564718,1.8148949340527554,1.2163206627326255,A1,Si3,combo_010,16.47819380209377,1.3715516577357896,mlp,0.60405314,0.39594686,0.7918937,0.05019643,0.15403436102608076,404.55444,1.2443916,0.630591105845367,0.0,0.2599412382374146,0.1875,0.5257629100761393,0.4929529464176215,0.1448108818521714
10.469651783614898,0.8754913708076058,2.8706903329137177,1.9983067117340458,Si3,PU,combo_005,20.921575428715975,2.513264614726773,mlp,0.69488734,0.30511266,0.6102253,0.2160717,0.6630444524272185,355.74268,3.9444366,0.4221166466594458,0.0,0.2599547713655554,0.34375,0.5256363035327528,0.3786507949170541,0.40241660197046286
8.044390836529196,1.0270593838078765,2.6567666290284047,0.5113282114917442,A1,PU,combo_007,4.1133239789830505,2.7286570969312427,mlp,0.6565087,0.34349132,0.68698263,0.057440344,0.17626326104817563,314.32288,3.219331,0.24521319094969782,0.0,0.5576414737453667,0.25,0.5254261695658026,0.2709142248779881,0.24759131586398683
8.602474455749807,1.0920846683162684,2.1032264933010927,2.1121786671009484,A1,Si2,combo_009,18.169963029715582,2.296901407330712,mlp,0.36374697,0.636253,0.72749394,0.10667111,0.3273343486983038,328.4261,1.1262918,0.30544782937946335,0.24168666203816744,0.25735827344041073,0.25,0.5253255821635806,0.2706443591642891,0.2120034424516508
15.206177628990082,0.5447867298764579,2.9340970688003383,0.5388150083304346,A1,Si1,combo_008,8.19331672583836,1.598457147251837,mlp,0.30211955,0.69788045,0.6042391,0.16174068,0.49632256378252776,418.74493,2.9404156,0.6911985172498739,0.6525363127390544,0.540209381136759,0.25,0.5253113001359491,0.5797075659388403,0.3512111346202829
14.602828810873621,1.2516216169188257,1.4561632114901168,2.238180216615106,A2,Si2,combo_013,32.683762551114434,1.82256535326297,mlp,0.6013895,0.39861047,0.79722095,0.065566495,0.20119942502077798,418.39398,3.390916,0.6896996049388509,0.0,0.22135303423786856,0.15625,0.5252918947963134,0.5400678841013498,0.19537275416423808
9.810527884888556,1.468712425875092,1.8092395061219622,1.1233849456238296,A2,Si3,combo_014,11.020999334506595,2.6572525440254404,mlp,0.67989504,0.32010496,0.6402099,0.14537688,0.44610808972865723,334.7448,1.3346597,0.3324350286683272,0.0,0.3621501671421086,0.34375,0.5249166908201962,0.31062461956394544,0.28767814621301585
13.85174701702752,0.5408408995184327,2.7319830963593112,0.6569070373640091,Si1,PU,combo_001,9.0993100952713,1.4775681953041229,mlp,0.7060754,0.29392463,0.58784926,0.12515225,0.3840461464905709,405.42218,2.3410094,0.6342971991194216,0.0,0.5841897176717102,0.375,0.5248024901628249,0.5532218962112181,0.3248267066340381
15.197497573303615,0.783181581354352,2.963666479240473,1.0693561553980933,A2,PU,combo_011,16.251537576659807,2.3210889998184383,mlp,0.6292141,0.3707859,0.7415718,0.08782932,0.2695158402788346,422.66675,2.9873605,0.7079485364750535,0.0,0.2868251992263318,0.21875,0.5241281371364835,0.5632474111941279,0.23010752906789259
14.01135852972515,1.0059632839552906,2.032873344725331,1.7565065516795721,Si3,Si3,combo_006,24.611043055393683,2.0449959457250695,mlp,0.63185304,0.36814696,0.7362939,0.12716934,0.390235870245941,405.47778,1.6198653,0.634534678965568,0.0,0.30953124119443126,0.09375,0.5239892123192357,0.49352294331374674,0.22864664447966496
15.920322749673637,0.983247496894302,1.6467699196669243,1.9961623020243988,Si1,PU,combo_001,31.779548108959936,1.6191824014733343,mlp,0.3304169,0.6695831,0.6608338,0.12707356,0.3899419423894085,421.97614,3.4618044,0.7049989377273622,0.4638872146606446,0.3047860857841793,0.375,0.5239177780442449,0.5814158888622045,0.3082306762651357
10.743308774515912,1.4101091821730516,1.6302008455666332,1.6527195967935984,A2,Si2,combo_013,17.755676946047064,2.2987611811197826,mlp,0.39153725,0.60846275,0.7830745,0.077395394,0.2374979606125698,353.2961,2.0652163,0.41166740308880206,0.05641833941141778,0.22687722761804566,0.15625,0.5237847522317084,0.33814011846454756,0.18140411774914184
10.28930270218692,0.8779151483493869,2.12007106482701,1.4939774366531613,A1,Si3,combo_010,15.37198607596166,1.861242503388847,mlp,0.6291861,0.3708139,0.7416278,0.0949277,0.29129814417572897,353.71838,1.1431601,0.41347092044946515,0.0,0.2915945172496935,0.1875,0.5234541960258708,0.34353412883291495,0.19550114282557912
15.114206385614606,0.6645423005056973,2.1864935398444114,0.9098672126452962,A1,PU,combo_007,13.7519208354249,1.4530174470090507,mlp,0.35885224,0.64114773,0.7177045,0.080454856,0.24688632180106992,418.75577,1.4036998,0.6912447880212141,0.2743182182312013,0.36002769726451617,0.25,0.5232745849307607,0.5526134160646353,0.2050018987517201
15.693475493356575,0.8898743931301001,2.941838513828536,2.314165381239479,A2,Si3,combo_014,36.31729769805594,2.617866762179924,mlp,0.7003552,0.29964483,0.59928966,0.30816358,0.945640539583504,432.24554,4.1846657,0.7488594580715124,0.0,6.41811429188652e-10,0.34375,0.5230178857003165,0.5827991639196719,0.4673155901695101
9.961432536165821,0.8688801920875204,2.8969668983665886,1.2109045549709734,Si1,PU,combo_001,12.062344032079249,2.51711715512395,mlp,0.3609621,0.6390379,0.7219242,0.0946683,0.2905021429114917,343.11374,3.5991037,0.36817861299778554,0.2602527141571046,0.17337366103161667,0.375,0.5228896787160086,0.3333142149038193,0.25656316813149194
9.951538337876912,0.952173945301568,2.6459164379719775,0.5657655058107313,Si2,PU,combo_003,5.630237121323815,2.5193726936820493,mlp,0.3505765,0.6494235,0.701153,0.16806553,0.5157312219058378,337.90445,0.9368246,0.34592980137456775,0.3294898668924968,0.21157835569336966,0.1875,0.5228555907212257,0.2870307445194845,0.2577698489788742
14.461761351266798,1.1629733252668102,1.3795645190515373,0.9057928941571786,Si3,PU,combo_005,13.099360668974382,1.6043967361414742,mlp,0.3162889,0.6837111,0.6325778,0.15147923,0.4648339645984291,406.70392,2.468277,0.6397714875596795,0.5580740769704183,0.3575576423971875,0.34375,0.5228390362306169,0.5320200268610387,0.31706030862243334
12.223106562617291,0.612763963899544,2.5943582841438593,2.3816416476713895,A1,Si1,combo_008,29.11105965345482,1.5897292659676108,mlp,0.648324,0.351676,0.703352,0.091731444,0.28149001669554125,396.40674,3.1561632,0.595792357632657,0.0,0.37292205140314455,0.25,0.5225054021432849,0.4974732931824203,0.25540234550127183
14.175593204292689,1.236436483449562,1.6499232612240022,1.7875483112999662,A2,Si2,combo_013,25.339557694008672,2.0400253150694385,mlp,0.39818788,0.6018121,0.79637575,0.08566358,0.2628699750591148,407.3565,2.081254,0.6425586824169766,0.01208082834879572,0.14377420959500098,0.15625,0.5224407969810305,0.49154877032772987,0.17815157357715214
10.776700991337446,1.5295932672523902,1.4023417920184424,1.9806708840601155,A2,Si3,combo_014,21.345097879763863,2.145012563458061,mlp,0.67613745,0.32386255,0.6477251,0.1727802,0.5301988009499339,352.6666,2.1768565,0.4089787454234297,0.0,0.23394953901302432,0.34375,0.5224335767829417,0.35637699939699863,0.3153512441319646
14.159055683721363,1.5258727425127436,1.1114304417328909,0.6281976759054946,A2,Si1,combo_012,8.894685873530243,1.6959014162391162,mlp,0.32926187,0.6707381,0.65852374,0.1438014,0.4412735526385101,393.03595,4.421271,0.5813957610759845,0.47158734003702807,0.25169014921170696,0.375,0.5223826262900295,0.49527098913724377,0.3381365609253286
8.07635305928804,1.5777180709951766,1.6160032773680753,1.6274937009980983,A2,PU,combo_011,13.144213731028007,2.549597573491043,mlp,0.31632125,0.68367875,0.6326425,0.1998422,0.6132421083937163,312.31146,2.0720453,0.23662246830452163,0.5578583081563314,0.3291697121149933,0.21875,0.5221276522305117,0.23212838932476718,0.3377751108054091
15.15024706745618,0.9143207587796175,2.908803200834292,1.9491980669732305,A2,Si1,combo_012,29.530832298052438,2.65957914972739,mlp,0.32606277,0.6739372,0.65212554,0.12211808,0.37473540548509254,419.0547,1.6111983,0.6925214702896029,0.4929146766662598,0.33882099220010037,0.375,0.5219525022400592,0.5651163016340852,0.26962264698953375
10.464980545706617,1.0542349660746324,2.709748436888094,2.339551157139012,A2,Si1,combo_012,24.483357345145166,2.856711551433508,mlp,0.68654585,0.31345415,0.6269083,0.172299,0.52872216556241,358.04166,2.7612472,0.43193556501825414,0.0,0.2771609548408202,0.375,0.5219320462503344,0.3833566954098837,0.33812686661855007
8.086528068999735,1.4532237000829493,1.3842813118912511,1.3206145120018429,Si3,Si3,combo_006,10.67918631963129,2.0116704100222833,mlp,0.30812353,0.6918765,0.61624706,0.22493409,0.6902398667136854,313.2705,2.4894745,0.24071853945984414,0.6125098069508871,0.4356894431164986,0.09375,0.5218877783276312,0.23562178471866804,0.3706118895652101
10.451741158259424,0.9282351089161525,2.076293649864484,0.7553916220225372,A1,Si3,combo_010,7.895157706497297,1.9272886622238752,mlp,0.6053446,0.3946554,0.7893108,0.12893167,0.39564381357767453,347.76773,1.3264688,0.388055754324362,0.0,2.1093489399220934e-10,0.1875,0.5215925251513297,0.2976705621768615,0.19208570423432758
13.103660268195078,0.6426873344658952,2.881156771558617,1.2611344715984627,Si2,Si2,combo_004,16.52547766833597,1.8516829656913716,mlp,0.6542723,0.34572768,0.69145536,0.13281976,0.40757491593699885,396.19647,2.7711275,0.5948943136480528,0.0,0.27930800275359696,0.25,0.5208329000495305,0.48520108645237964,0.27750235417282937
8.885448297065823,1.1288571102047595,2.2962506522843658,0.7630366431361123,Si1,PU,combo_001,6.779922641352591,2.5921388756435233,mlp,0.30475965,0.6952404,0.6095193,0.10118485,0.3104990454203589,322.096,1.8819648,0.2784121435358429,0.6349358558654785,0.5513501327943715,0.375,0.5207630022376569,0.29809756511491037,0.2846363655776223
10.62974888772278,1.1832473418496627,1.9318923476032612,1.8921861313355055,Si3,Si3,combo_006,20.11346342492806,2.2859064850412634,mlp,0.64352185,0.35647815,0.7129563,0.17000319,0.5216771794192703,354.81537,1.4178307,0.4181561293131202,0.0,0.24091125527298932,0.09375,0.5205767293685728,0.3339984672652411,0.260166880353346
8.89599486733118,0.9469010579114627,2.8009551607245395,1.6855767412703466,Si1,Si1,combo_002,14.994882038833818,2.6522274048526375,mlp,0.6233919,0.37660807,0.75321615,0.14819503,0.45475596123005607,333.65588,2.2869184,0.32778422961772524,0.0,0.15858245868285845,0.09375,0.5203321440694719,0.267656485427874,0.24242443112808015
10.193110312744796,1.1772427065555506,1.655135501405822,1.3684988498806403,Si2,PU,combo_003,13.949259739697748,1.9484961973911683,mlp,0.3548832,0.6451168,0.7097664,0.14415608,0.44236192706931066,342.83078,1.6370449,0.3669700986544981,0.3007787068684897,0.23318443488696064,0.1875,0.5198284855415333,0.30806988286689974,0.24985763582749537
12.22931433657438,0.6303947563344635,2.689260362211771,1.1191887129220395,A1,Si2,combo_009,13.686910572269724,1.6952956307564204,mlp,0.649485,0.350515,0.70103,0.1096818,0.3365730481141794,385.2337,1.9256984,0.5480724639381249,0.0,0.30847019634892975,0.25,0.5198229894789909,0.4503310120684275,0.2394875331612671
15.69114809995608,0.5532926886710812,2.981606690417802,1.6516462347803074,A1,Si1,combo_008,25.916225678672635,1.6497011823009495,mlp,0.6607928,0.33920717,0.67841434,0.0740723,0.2273006119259719,429.4293,2.3070455,0.7368312733064571,0.0,0.5001986516940092,0.25,0.5197527970575694,0.603895331738222,0.23791252531824517
12.114690900514471,0.9339959776869762,2.1376961546713558,0.713067285381637,Si2,Si2,combo_004,8.638589753667473,1.9965996099799623,mlp,0.3248691,0.6751309,0.6497382,0.14475301,0.44419367193627307,372.04553,2.1582663,0.4917459460938997,0.5008726914723715,0.38618915840392837,0.25,0.5194134364185534,0.42005281452160914,0.2936372363924875
9.669239125845767,1.4464915017897897,1.2137039790682322,0.534878626789721,Si1,Si1,combo_002,5.171869345733826,1.7556124914106508,mlp,0.31200877,0.68799126,0.62401754,0.23517312,0.7216596937297342,321.79022,3.9198859,0.2771061347222385,0.5866084098815919,0.3580093971846492,0.09375,0.5192225177299462,0.2618033831928375,0.3996308244739241
8.371250721994057,1.5618231078375984,1.6619179035948823,2.0715085598473726,A2,PU,combo_011,17.341117527239188,2.5956217851635053,mlp,0.3159391,0.68406093,0.6318782,0.23299535,0.7149769046232456,318.43402,1.5653262,0.26277184078162413,0.5604062080383302,0.21035826976169295,0.21875,0.5191457935546677,0.2355483971993104,0.34504864294840465
11.735869041366842,1.2775723631040996,1.3376090670497287,2.2865266236356456,A2,PU,combo_011,26.834377014586625,1.708892376700192,mlp,0.6883241,0.3116759,0.6233518,0.2094696,0.6427850588075199,377.69696,3.0579803,0.5158831265486045,0.0,0.31348946882963236,0.21875,0.5190971819055062,0.4318866266570806,0.3662164100724067
15.999549952610915,0.6517942328123549,2.194277052226224,1.168600758552468,A1,Si3,combo_010,18.69708621111922,1.4302171278335472,mlp,0.62414515,0.37585485,0.7517097,0.07960574,0.2442807071388437,430.1109,1.1967711,0.7397424216948658,0.0,0.27167895770481204,0.1875,0.5189592964443829,0.5702503853192704,0.17716987142265833
10.665773551769657,1.0449422529053023,1.8706538752359987,1.545888102883613,Si2,PU,combo_003,16.48809244173141,1.9547252747951387,mlp,0.36905205,0.63094795,0.7381041,0.1841485,0.5650839404550083,354.5251,2.291993,0.4169163333216027,0.20631965001424166,2.353346321632587e-10,0.1875,0.5188448428907371,0.3235957895891531,0.27141962603629544
14.85027841932698,1.3331594060136622,1.5091131187041853,1.6621639939366337,A2,Si3,combo_014,24.683598088539533,2.011888348939097,mlp,0.6592599,0.34074008,0.68148017,0.1316938,0.40411975465894856,412.60602,3.1870575,0.6649792824250577,0.0,0.21164382440837862,0.34375,0.5187411299730446,0.539334433380645,0.28883442413982247
13.743794073540217,0.8224803246961632,1.8252713025597815,1.8712274390061805,Si1,PU,combo_001,25.71776458645898,1.5012497335879578,mlp,0.6294727,0.37052733,0.74105465,0.11850213,0.36363940027011366,404.6058,1.1061524,0.6308104684035802,0.0,6.61150820957866e-10,0.375,0.5183759877878525,0.4850430099990718,0.2044386773702896
10.319579312395234,1.2349416983635793,1.2536228795298456,1.3509343562398197,A1,PU,combo_007,13.941074235056417,1.5481511679540283,mlp,0.62165785,0.37834215,0.7566843,0.057103407,0.17522932362938531,343.60812,2.5552313,0.3702901242533136,0.0,0.25453969703328777,0.25,0.5181417318263601,0.32422167096467447,0.18798736781936973
10.16196323085322,1.3708118436940466,2.5032069329633666,1.7508118296123671,A2,Si1,combo_012,17.791685436663727,3.4314257109232322,mlp,0.3256943,0.6743057,0.6513886,0.09501915,0.291578765715172,343.9714,2.4299457,0.3718416940055238,0.49537118275960296,0.3990364512723892,0.375,0.5181060135509418,0.35151485643414815,0.26653512495181764
13.621579634967933,0.6602180086852283,2.442500798959779,1.609563092321169,Si2,PU,combo_003,21.924791839558047,1.6125830137013044,mlp,0.6346428,0.36535722,0.73071444,0.107477434,0.32980866064739484,405.77322,2.1408756,0.6357965024510475,0.0,0.2561067304640324,0.1875,0.5179052687382778,0.5015268834346146,0.22435434614986638
8.190614953540589,1.120995965418712,2.161844814548761,1.6326941515495148,Si2,PU,combo_003,13.37276913223972,2.423419314970525,mlp,0.33161134,0.66838866,0.6632227,0.13043964,0.40027121109251174,319.5229,2.2659984,0.26742237915182415,0.4559244314829509,0.43129651005453284,0.1875,0.5176326269773698,0.2619255986860293,0.2778903883506061
11.752530211539694,0.9397561652312795,1.7479729292623047,1.5467163107034183,Si2,PU,combo_003,18.17783017022314,1.64266833693163,mlp,0.6494278,0.35057223,0.70114446,0.15163672,0.4653172445479766,376.95312,3.4775462,0.5127062144904415,0.0,0.22669956328269045,0.1875,0.5175569664890074,0.4203456347669821,0.2951006191181093
10.385142656359186,1.1250226081282564,2.191694611923695,2.164853214750813,Si3,Si3,combo_006,22.482309465264983,2.465705988527042,mlp,0.6628826,0.33711737,0.67423475,0.2183615,0.6700710109216056,352.58276,1.8405694,0.4086207008913966,0.0,0.21387254387916227,0.09375,0.5174831385973124,0.3271254387850182,0.3168186636103714
9.185760571693294,1.4972249943898837,1.8819772732192734,1.841275909988152,A2,PU,combo_011,16.913519655577858,2.8177434123376153,mlp,0.31279865,0.6872014,0.6255973,0.23246479,0.7133488241422501,329.3267,1.4632324,0.30929429904995026,0.5813425381978353,0.22232424397163578,0.21875,0.5172419712167624,0.2687055883478936,0.3441557662007099
12.464492684080987,0.8680442695992151,2.407423526017218,2.1783142902624997,Si3,Si3,combo_006,27.151582534605996,2.089750196257583,mlp,0.62788093,0.37211907,0.74423814,0.115594506,0.35471696594753416,394.65167,1.5997018,0.5882964926755324,0.0,0.27066049952586135,0.09375,0.5172001137117717,0.45714962610530674,0.20996612248998373
11.953593314330949,1.0445364931672132,1.2043027880356019,2.2318849920415342,Si1,PU,combo_001,26.679045519223266,1.2579382109262052,mlp,0.6861458,0.31385422,0.62770844,0.20098174,0.6167389262177063,382.97794,1.7814156,0.5384381073038739,0.0,0.1538558333892565,0.375,0.517078853223271,0.43977033782235886,0.33011027698211093
10.09049062891778,1.0465685579718915,2.885117620345073,2.4205240875072125,Si3,Si3,combo_006,24.424275622061288,3.019473387503838,mlp,0.37176484,0.62823516,0.7435297,0.17241062,0.5290647003435682,348.56235,2.6149704,0.39144955247692,0.18823440869649263,0.09719341042441296,0.09375,0.5169425451407403,0.3080277257377423,0.2660295995490101
9.041495832796917,1.0471116632963506,2.9236237533433713,2.4953067939754976,Si3,PU,combo_005,22.561305979279297,3.061360531216097,mlp,0.7135762,0.2864238,0.5728476,0.26212382,0.8043614723682209,335.21167,3.1782901,0.3344289730625907,0.0,0.19638389371253298,0.34375,0.5167404934859503,0.3063712581155407,0.4264481559874163
12.736310394853046,0.7228890515699753,2.808207583833293,1.0977674914902071,Si3,PU,combo_005,13.981507512998478,2.0300225168888613,mlp,0.3328314,0.6671686,0.6656628,0.1251952,0.38417797505472506,394.12628,1.9446195,0.5860525557758305,0.4477907816569011,0.2734452058768292,0.34375,0.5163205339291314,0.48290172603897175,0.2653505295794043
9.896812238609748,1.5577240691876701,1.1782159887497068,2.4601997903725326,Si3,Si3,combo_006,24.348135394784016,1.8353354043771675,mlp,0.35682616,0.6431738,0.7136523,0.14088993,0.43233929809954696,339.93344,2.8731415,0.35459559997549606,0.2878254254659018,0.29704130014280666,0.09375,0.5159783647321569,0.30374497098319553,0.2675086728074989
9.767333422559991,1.4988981962970735,1.4043651843381009,1.6014854181085167,A2,Si2,combo_013,15.642242050033778,2.1050004417467867,mlp,0.3381377,0.6618623,0.6762754,0.1801124,0.5526986399937959,335.02505,3.507184,0.3336319427337293,0.4124154249827068,0.24963020144017176,0.15625,0.5157382870534131,0.2943373766132024,0.32505104215836583
10.06721119127644,0.87224851088675,2.7219189508227806,0.8081695040824687,A1,Si1,combo_008,8.136013075947359,2.3741897516095953,mlp,0.37235418,0.62764585,0.74470836,0.08369478,0.2568284498387512,344.55368,1.5927589,0.3743285850398124,0.18430566787719738,0.20069517055985422,0.25,0.5157181615042336,0.3159594063266551,0.18850381212734443
12.69572523904226,0.7918740510594109,2.3725599481350805,1.870785461206696,Si3,PU,combo_005,23.750978196675163,1.878768657511032,mlp,0.707674,0.29232597,0.58465195,0.17826326,0.5470242959632201,399.6861,2.2072427,0.6097984549472578,0.0,0.4029629941886444,0.34375,0.5156191584241316,0.5140322457087482,0.34722255010923514
9.356860243781757,1.3574836995389874,1.3804264500601962,2.2339278174969035,Si2,Si2,combo_004,20.902550383014923,1.8739064043691862,mlp,0.35288987,0.6471101,0.70577973,0.12883121,0.3953355277020146,332.59863,3.2635772,0.3232687236957182,0.3140673637390138,0.20347203547132722,0.25,0.5154999896567416,0.2903984085545618,0.2720590844878963
14.308815987687382,1.4279591670656235,1.2431938110796048,1.3887381974883883,A2,Si3,combo_014,19.871199322934007,1.7752299989703706,mlp,0.6238899,0.37611008,0.75222015,0.05072738,0.1556636418191848,405.01617,2.5736759,0.6325631530858694,0.0,0.17902087376135678,0.34375,0.5154862619318078,0.5097452326714758,0.18425668917422833
14.342159403437385,0.9424395916140045,1.341935416002038,1.643530644918404,A1,Si3,combo_010,23.571778493853998,1.26469306542933,mlp,0.6138018,0.38619822,0.77239645,0.09370302,0.2875400469845599,412.1622,1.3219675,0.6630837448825179,0.0,0.12940555387079072,0.1875,0.5154849088710546,0.5031040307247876,0.17356683824502578
9.715691917016319,1.3220881489550453,2.7484460763610943,0.8539504545732772,A2,Si2,combo_013,8.29671952903,3.6336879855989963,mlp,0.63340616,0.36659384,0.7331877,0.13083726,0.4014913683612909,332.85443,2.0401683,0.32436123526015254,0.0,0.189827287972391,0.15625,0.5153885259223576,0.27317234324593276,0.2327246963053647
9.632364171293414,0.9945694112174822,2.9856055434390125,2.2280377657252446,Si3,PU,combo_005,21.461271146860476,2.9693919474657897,mlp,0.69239265,0.30760735,0.6152147,0.2724483,0.8360434932749599,341.1197,3.9452646,0.3596620539269548,0.0,4.200562209713633e-10,0.34375,0.5153371120612257,0.30894201076807903,0.4239902281294622
10.302502274012564,1.2690516430725594,2.0397619596181196,2.3474125078679764,Si3,Si3,combo_006,24.184222700355363,2.588563266330278,mlp,0.34528103,0.654719,0.69056207,0.17593482,0.5398791694955928,350.07822,1.0291561,0.3979238109389317,0.3647933006286622,0.2691594590345268,0.09375,0.5152274354385755,0.3203569255528409,0.26271172015111244
13.819405329486038,0.8225585075346599,1.9348924582955003,1.8068630180295535,A1,Si1,combo_008,24.96977242100884,1.591562252735616,mlp,0.6174285,0.38257152,0.76514304,0.12230023,0.37529436225520035,406.63632,1.1109297,0.6394827840145564,0.0,3.7113284591479977e-10,0.25,0.5146228246572404,0.4786419468237703,0.1898670197626267
11.593261932394235,1.3299870697785758,1.8636723784382596,0.6094303786013524,A2,Si2,combo_013,7.065286008683665,2.47866016562637,mlp,0.38862863,0.6113714,0.77725726,0.062318854,0.19123361082415397,357.8509,1.2757318,0.4311208084220624,0.07580931981404636,0.2329926765313237,0.15625,0.5145629589781843,0.3476896408845305,0.14975099094399302
10.080797550329917,0.9745129532737651,2.894946468948892,2.4227943587176477,Si3,Si3,combo_006,24.423699436314006,2.821162833024843,mlp,0.6426003,0.3573997,0.7147994,0.20557378,0.6308302245630772,349.27252,3.1677408,0.3944826992934258,0.0,0.0835647248399498,0.09375,0.5143614325712054,0.3120644220900056,0.31107049767521355
12.064030972512567,1.147813154454692,1.7104778923075123,1.3631116710379838,Si3,PU,combo_005,16.4446214183956,1.9633090251944985,mlp,0.31055903,0.68944097,0.62111807,0.13867036,0.4255282470705983,378.2019,2.284624,0.5180397355136642,0.5962731043497722,0.38221817440483874,0.34375,0.5143393950431386,0.4481853124170079,0.30319249304479207
13.555423624581561,1.0009139420549946,1.2755524214124967,1.5132877095468944,A1,Si2,combo_009,20.513255968780893,1.2767182024137758,mlp,0.32094002,0.67906,0.64188004,0.11224286,0.3444320059085535,401.18637,2.8258846,0.6162061095665797,0.5270665486653646,0.4803921853358448,0.25,0.5142576481568746,0.5205523164185872,0.2867009040277596
12.33921625035279,0.8641845718984359,1.9777291715350995,0.9834324206411614,A1,Si1,combo_008,12.1347853058992,1.7091230374341082,mlp,0.35292917,0.6470708,0.70585835,0.08008047,0.2457374745030845,384.16556,3.0874515,0.5435104265643756,0.31380550066630053,0.34063318315303737,0.25,0.5136776969989432,0.4572397885711227,0.2366201943616812
8.413310654840151,1.3400064527718898,1.669997833813127,0.542973613937391,Si3,Si3,combo_006,4.568205691436514,2.2378078734246682,mlp,0.34534478,0.6546552,0.69068956,0.19385916,0.5948823630116942,314.1857,1.6863438,0.24462731174638924,0.3643681208292644,0.2025090278000476,0.09375,0.5135504746453972,0.21027959401469434,0.28559868676685995
15.240286670197694,0.9037781755311772,1.1828114964066556,0.8942412086802458,A1,Si1,combo_008,13.628492372591024,1.0689992162197088,mlp,0.6831278,0.31687218,0.63374436,0.1370191,0.42046114665152706,420.1181,3.6869152,0.6970633049322036,0.0,0.42710412893984884,0.25,0.5131942007186655,0.576927019265427,0.3231800458851604
9.77302393764367,0.9596406443441298,2.6017601717721823,1.1139467404423815,Si1,Si1,combo_002,10.886628159603534,2.496754807668351,mlp,0.33819598,0.661804,0.67639196,0.124888666,0.3832373190340876,341.62573,1.690595,0.36182335513924896,0.41202680269877123,0.46275413115372166,0.09375,0.5129768129642676,0.3183665325429954,0.2506478792405102
10.304785559709014,1.2011166906078672,2.6208724249170237,1.8187204835391948,A2,Si1,combo_012,18.74152457592169,3.1479736135217515,mlp,0.68487835,0.31512165,0.6302433,0.14369714,0.440953606588081,349.72888,2.8038628,0.3964318066585595,0.0,0.2924885049965735,0.375,0.5129001384635435,0.36028940964549083,0.31059106875226095
13.607675896227441,1.2447431286387767,1.6447043551204787,0.9744400286510465,A2,PU,combo_011,13.259864090194023,2.0472344446784865,mlp,0.36975,0.63025,0.7395,0.08610494,0.26422433865317757,395.4299,1.2981005,0.5916202981401757,0.20166651407877617,0.22385686416366915,0.21875,0.5127496698367421,0.46550828528237637,0.18376641374076538
12.071202529424063,1.164884058713641,1.1067828251158849,0.9447971219044622,A1,Si2,combo_009,11.404837407725719,1.289273669435542,mlp,0.34822938,0.6517706,0.69645876,0.045286324,0.13896704889481662,370.4422,3.6987019,0.4848981326159409,0.34513727823893237,0.4743946279517324,0.25,0.5125565708152361,0.433210310276211,0.23199520258052253
8.28609148322789,0.9314840078752179,2.991018333213142,0.5713687176397684,Si2,PU,combo_003,4.734413465017726,2.786085744649631,mlp,0.71317106,0.28682894,0.5736579,0.27707022,0.8502264726023389,318.6879,3.1983526,0.26385614091339804,0.0,0.2740370341225773,0.1875,0.5122763487092379,0.2492295031164885,0.4311275742561877
10.103033554824144,1.4905278696080362,2.129635447437964,1.578552039855632,A2,Si3,combo_014,15.94816422669755,3.1742809865114654,mlp,0.32495338,0.6750466,0.64990675,0.10838986,0.3326085658295972,340.53094,1.4055946,0.35714753077006295,0.5003108183542888,0.3535585301927307,0.34375,0.5119362912958204,0.3274846502646587,0.2481361175414643
11.498916455181911,1.5083301767464372,1.5513459039188504,1.4416468851052209,A2,Si3,combo_014,16.57737708969817,2.339941841452781,mlp,0.32511824,0.67488176,0.6502365,0.14634332,0.4490737522972831,360.70953,2.5058415,0.44333003572624907,0.4992117087046306,0.23491787878546327,0.34375,0.5117913186866124,0.3824696853633374,0.2939275487893273
14.607606081748955,0.8376175825287182,1.964989631438502,1.449576562399485,Si2,Si2,combo_004,21.17484340886746,1.645909864779515,mlp,0.6684226,0.33157742,0.66315484,0.16448295,0.5047375975979491,413.56268,1.6056632,0.6690651870447054,0.0,0.2243986239652422,0.25,0.5116055895321624,0.5247218589265245,0.27909523234954103
13.531222796032512,0.9254043014566952,1.6572819357997317,2.119322796296373,Si1,PU,combo_001,28.677028933396855,1.5336558321155502,mlp,0.31967312,0.6803269,0.63934624,0.14885801,0.4567904102332986,399.73383,1.1950873,0.610002307021557,0.5355125268300375,0.23457642015110108,0.375,0.5115954576307038,0.49446207094436134,0.27407295565388445
15.938453239890848,1.0712800493005894,1.1860656670869523,0.5847955702885298,Si3,Si3,combo_006,9.320736851939033,1.2706084863106466,mlp,0.41157827,0.5884217,0.82315654,0.09712733,0.2980480135817716,425.86142,3.7811222,0.7215929397319945,0.0,2.9498183079214815e-10,0.09375,0.511505811576676,0.5363207316363955,0.19478666307862166
8.913705832693088,1.343750413001118,2.9627515319018536,0.8888840992717051,A2,Si3,combo_014,7.92325138026634,3.9811985946128106,mlp,0.68282664,0.31717336,0.6343467,0.17333867,0.5319125265577628,322.14044,3.5437114,0.2786019188684385,0.0,0.20794655490335934,0.34375,0.511432054214789,0.27061449921275876,0.3404061193315265
10.44468514350621,0.7381314668696504,2.9880194277369867,0.5456222069239439,Si2,PU,combo_003,5.698852158625588,2.205551163230515,mlp,0.6650697,0.3349303,0.6698606,0.19008878,0.5833124517131586,346.47766,1.2120335,0.3825458830092424,0.0,0.18238404178950926,0.1875,0.5114028167301731,0.31137377923065984,0.2827533636763691
14.01696705858978,0.6313145311211914,2.554713226040313,2.4883479174261867,A1,Si1,combo_008,34.87909078887334,1.6128275824467466,mlp,0.34905726,0.65094274,0.6981145,0.13989231,0.42927797637163895,414.76562,1.1865269,0.6742029370860884,0.3396182854970297,0.1696164776040273,0.25,0.5112971569498045,0.5203557787043261,0.23577202581349327
10.596805764828629,1.0104930510434316,2.5085988648290485,2.1574345352692568,Si3,Si3,combo_006,22.861914720581634,2.534921720765194,mlp,0.6333973,0.36660272,0.73320544,0.20413253,0.626407543136245,357.40936,2.2528234,0.42923504639459453,0.0,7.683452886776328e-10,0.09375,0.511286634219737,0.3226117243434223,0.27800781147923814
14.064995290495128,1.0934850328379224,1.21546965936177,2.2348197364112123,Si1,PU,combo_001,31.432729067729266,1.3290978803807034,mlp,0.34844413,0.6515559,0.69688827,0.07185815,0.2205062052249289,405.4095,1.6478786,0.6342429775958228,0.343705972035726,0.2548891740466857,0.375,0.5108478691885632,0.5161455854256155,0.20381359089927628
14.2213107439086,0.9036630334450964,1.6530459057640936,1.9117851700880437,A1,Si3,combo_010,27.188090979418224,1.4937964776267778,mlp,0.35882252,0.6411775,0.71764505,0.069459155,0.2131445653160008,409.0729,1.4449297,0.6498894063394867,0.2745165030161541,0.3735164218642422,0.1875,0.5108289370003,0.5190078982108817,0.1866959116940956
14.231625220777644,0.8826353044691773,1.3039351716673637,0.602816793810801,A1,Si1,combo_008,8.579062686306113,1.1508992172526924,mlp,0.68252945,0.31747055,0.6349411,0.14021896,0.43028033986620157,408.07916,4.565351,0.6456451383756744,0.0,0.3949523121022523,0.25,0.5105025212674819,0.5429257566675537,0.34001721584875577
14.995638788448593,0.9114034066714215,1.268894219270461,1.1776223367679375,A1,PU,combo_007,17.659199191380754,1.156474514148772,mlp,0.6775687,0.32243133,0.64486265,0.08921016,0.2737531249268381,417.93634,1.7917014,0.6877450232852769,0.0,0.5150540662345879,0.25,0.510495537177937,0.5679659682666862,0.24570836236194946
10.576683886709409,0.7493262620242596,2.9465798737718014,0.7989610929822586,A1,Si1,combo_008,8.450358918253192,2.2079496825693385,mlp,0.3655831,0.63441694,0.7311662,0.08431101,0.25871943296615824,353.69644,1.7983876,0.41337720584497595,0.22944625218709322,0.21214322048635278,0.25,0.5102708200511866,0.34565704176832934,0.19514864930984657
11.042877416469329,0.6419943677050155,2.91159821044914,0.7362834903173661,A1,PU,combo_007,8.130688327344856,1.8692296521283502,mlp,0.6529957,0.3470043,0.6940086,0.08679393,0.266338602695869,361.2184,3.6599293,0.44550345857723245,0.0,0.34036507998466564,0.25,0.5102102702766071,0.3920012720914559,0.2556664737524971
9.385485096150795,1.3935186556311971,2.3367534906599117,2.3588663562351098,A2,PU,combo_011,22.139105030256154,3.2563095828459074,mlp,0.2925365,0.7074635,0.585073,0.21718387,0.6664573169928711,335.64447,2.3047936,0.33627745779258444,0.7164233525594076,0.3704420522015012,0.21875,0.5101375641277826,0.3073936537591427,0.3674196670723723
15.684381452273513,0.6522810674741956,2.230404972759071,0.9185540882012987,Si2,PU,combo_003,14.406952703894458,1.454850936531041,mlp,0.6680183,0.33198172,0.66396344,0.10937305,0.33562560175647044,426.25327,1.7719245,0.7232665079123018,0.0,0.4417512388603802,0.1875,0.5099114224472029,0.5791335035469193,0.24658303087176664
9.82932083376609,1.5082914321546104,1.165517839787904,2.3538727136679336,Si3,Si3,combo_006,23.13697010448974,1.7579405717754455,mlp,0.6490911,0.35090888,0.70181775,0.13681701,0.4198410082585131,341.3065,3.7630622,0.36045986629702187,0.0,0.3124401105186625,0.09375,0.5099044367889732,0.31466454680862543,0.28390557218923235
15.764771585728957,0.8804388124181448,1.3455837335719847,1.2943743529108667,A1,Si3,combo_010,20.405516020065537,1.1847041443952915,mlp,0.6462328,0.35376722,0.70753443,0.100185394,0.30743207650976856,426.86826,1.6694058,0.7258931236420181,0.0,0.30705041439300895,0.1875,0.5094413174220377,0.5668944068234123,0.21438341485881596
10.307519407392764,1.0123417299192135,2.1339620681594393,1.3604219267895605,Si2,PU,combo_003,14.022575412626054,2.1602988516625095,mlp,0.33562678,0.6643732,0.67125356,0.16575843,0.5086515753216196,347.89346,1.6973374,0.38859275595231113,0.4291547934214275,0.23663252904134638,0.1875,0.5091070866608383,0.3239079159816149,0.27482699940678745
13.225899807544858,1.089352804043072,1.3484545174237126,2.3842477002390963,Si3,PU,combo_005,31.533821199731534,1.4689427096800687,mlp,0.70817643,0.29182357,0.58364713,0.173706,0.5330397225116181,405.5629,1.8791788,0.6348981977860414,0.0,0.37414056670856105,0.34375,0.5086454838203438,0.5267753331562793,0.3311988710085305
10.574778640415897,1.448281005190882,1.7577105876248988,1.2398033370068284,A2,Si3,combo_014,13.11064584649616,2.5456588566800447,mlp,0.6734771,0.3265229,0.6530458,0.13189188,0.4047275927107355,346.24957,1.6180419,0.38157172034727843,0.0,0.24534215450444344,0.34375,0.5082481375106673,0.3350191558663593,0.26155255722929416
9.74223440047864,1.1493775921105591,1.5712777464028571,1.4517416174912023,A1,Si3,combo_010,14.143207126529296,1.8059914326974216,mlp,0.33835593,0.6616441,0.67671186,0.23444147,0.7194145385094877,339.76685,0.9518621,0.35388407281846346,0.4109606742858888,4.20354476508461e-10,0.1875,0.5082286993846271,0.27153002863518755,0.29763421021217085
10.572814566717437,1.2539101944532525,2.3206678859938634,1.7504775871860165,A2,Si1,combo_012,18.507474932512707,2.9099091201879834,mlp,0.6981975,0.30180252,0.60360503,0.13208461,0.4053190150654945,352.75287,2.3521771,0.40934721717153943,0.0,0.39437529542296,0.375,0.5081869081947433,0.3768416598250993,0.3040317235059072
8.876975675579647,1.2559053256219166,2.879615694271636,1.0512250812365131,A2,PU,combo_011,9.331699475695766,3.6165246861802003,mlp,0.70628136,0.29371864,0.5874373,0.18773422,0.5760871672597656,325.02057,3.441189,0.2909029056741,0.0,0.4382428785785948,0.21875,0.5080525005548007,0.289147155152901,0.36953485695880767
9.490273918931692,1.3894458323045515,2.264284496966243,2.2018166734044176,A2,Si3,combo_014,20.895843349878884,3.146100657461554,mlp,0.6996635,0.30033648,0.60067296,0.1657386,0.5085907137819424,337.3898,1.1245803,0.34373174422560326,0.0,0.33117281723350084,0.34375,0.5078971578070711,0.3141894096626627,0.3005423468435712
15.422573667167221,0.5408807874142614,2.9659342565917988,0.7467185092070449,A1,Si2,combo_009,11.516321216882934,1.604216856124304,mlp,0.30714223,0.69285774,0.61428446,0.28766128,0.8827265347899376,420.38544,2.5405564,0.6982050850926002,0.6190516153971355,5.85991626614123e-10,0.25,0.507765451844933,0.5282211933179372,0.3971260051951897
15.727582214091047,0.7643318297073829,2.7884532388867402,1.5585467368657735,Si3,Si3,combo_006,24.512171938559778,2.13130356613178,mlp,0.6452017,0.35479832,0.70959663,0.13983652,0.4291067775703232,425.92255,1.7844251,0.7218540111545144,0.0,0.2595812675440927,0.09375,0.5076438673392144,0.5506268520834648,0.23817277360436137
10.336966178669542,1.3700557529096606,1.826093710261512,1.27473996782391,A2,Si2,combo_013,13.176943933994057,2.5018501930959314,mlp,0.6482688,0.35173118,0.70346236,0.115348525,0.3539621411043932,345.07513,2.1039002,0.3765557080535907,0.0,0.29320879214649886,0.15625,0.5074174392468196,0.3204243742631433,0.23291881614694226
13.350764331919123,1.1217166202190285,1.4625231860193777,2.3577029316149973,Si3,PU,combo_005,31.477136204666657,1.640536565213622,mlp,0.3100183,0.6899817,0.6200366,0.15376188,0.47183857452854483,402.11172,1.6991075,0.620158285140044,0.5998779932657878,0.2931704694035225,0.34375,0.5073339936614195,0.507293072356555,0.29389736185912074
9.030518686769206,1.1802133974621367,2.420924995217669,2.2433489763257786,Si3,Si3,combo_006,20.25860485165451,2.8572081136068523,mlp,0.66768634,0.33231366,0.6646273,0.18421945,0.5653016427768738,333.4854,1.923119,0.3270561492551709,0.0,0.2860410998051573,0.09375,0.507308945795874,0.2777363933023666,0.29268716589398874
9.800169919309415,1.358782165551543,2.461019712997153,2.1121623005119536,A2,Si2,combo_013,20.69954944217662,3.3439896950913086,mlp,0.35148168,0.6485183,0.70296335,0.10159339,0.3117526971127395,341.92154,1.5539536,0.3630867427071399,0.32345549265543627,0.33587609751524433,0.15625,0.507211668866515,0.3120032042272797,0.21313691964939607
15.550958517247818,0.6798967603136412,2.8438360196679775,2.221454171117492,A1,Si2,combo_009,34.54574166301526,1.9335148966354982,mlp,0.32934776,0.6706523,0.6586955,0.13738924,0.4215969848525642,426.1769,1.9248068,0.7229403967295037,0.4710151354471843,0.29430009111132166,0.25,0.5071671057690489,0.5713162700367309,0.26710189961740716
10.632550656402243,1.1232816028584658,2.646560348730757,2.0498097453669604,A2,Si2,combo_013,21.794705953601188,2.972832550583945,mlp,0.40433893,0.59566104,0.80867785,0.039519876,0.12127194490617721,359.51685,2.0354486,0.4382360799923881,0.0,0.13790470627111667,0.15625,0.5070868372227977,0.3476645017372695,0.12676159956203098
14.007191895341712,0.5656161100933197,2.737620935895164,1.5142991847688139,A1,PU,combo_007,21.21107926801629,1.5484425046710562,mlp,0.65744936,0.34255064,0.6851013,0.09626089,0.2953892193773631,411.32968,2.7357626,0.6595280642003694,0.0,0.3224910564641939,0.25,0.5069877342873816,0.5345534037541894,0.24398117133799627
13.726863150777543,1.352102035817504,1.5214904690071354,1.866231727429562,A2,Si1,combo_012,25.617507530064774,2.0572103606214767,mlp,0.30421552,0.69578445,0.60843104,0.14608061,0.4482675998220703,398.5639,1.6512638,0.605005585077611,0.6385629971822103,0.32547579660669507,0.375,0.5069485851269278,0.5027581374815907,0.29418829836180593
10.914825999076967,1.2656612292619098,1.4358230756690409,0.6273327932404191,A1,PU,combo_007,6.847228281734102,1.8172655989538944,mlp,0.35648933,0.6435107,0.71297866,0.11682883,0.3585046479742938,342.52676,2.244943,0.36567164957254933,0.2900713284810385,0.15445143882469847,0.25,0.5065816855437288,0.3091407816373745,0.230683533304128
12.42064147828792,0.981262570137555,1.2950025653297705,2.0475011131804686,A1,Si3,combo_010,25.431277253210016,1.2707375455902177,mlp,0.65688527,0.34311473,0.68622947,0.09918689,0.30436803407441443,393.70203,1.9964151,0.5842405663021051,0.0,0.3682692976414909,0.1875,0.506446806822968,0.4757977437477202,0.2292776680746102
9.944465929168045,0.8676547976144396,2.564341012970732,2.0537959178035567,Si1,PU,combo_001,20.423903530061885,2.2249627826235274,mlp,0.3087247,0.6912753,0.6174494,0.15193117,0.46622079377714304,350.47467,2.7648919,0.39961706048958384,0.6085019906361898,0.2701560069041128,0.375,0.5063036856867525,0.36005485021899575,0.3152762540081825
14.439489401478708,0.665678554591534,2.8905974739387306,0.5287503367058006,Si3,Si3,combo_006,7.634884882891707,1.9242087483574737,mlp,0.36515683,0.6348432,0.73031366,0.19661283,0.6033323773514229,410.15585,2.5996988,0.6545146587107008,0.23228780428568532,5.054065093428586e-10,0.09375,0.5062348689713864,0.48236344141391274,0.27712746307939445
9.291595682166783,1.0402042930981246,2.248351343551478,0.6056160538157849,Si1,PU,combo_001,5.627139510685633,2.3387447199551836,mlp,0.72782254,0.27217746,0.5443549,0.14250858,0.4373063496464818,328.88498,1.6466951,0.30740775498127665,0.0,0.5646874338852119,0.375,0.5059442711201471,0.31833374071931086,0.3261388284126864
12.235157180582704,0.7701801236478261,1.897505848902426,0.5709510969217093,A1,Si3,combo_010,6.9856764132632225,1.4614212893301435,mlp,0.37535053,0.62464947,0.75070107,0.07876759,0.2417087240787456,381.33298,2.174796,0.5314125097918077,0.16432976722717296,0.19084244666638758,0.1875,0.5058932819006798,0.42213271280684267,0.18443340992830404
12.599408264943216,1.1127396767041806,1.3860212496608255,1.3944243547868467,Si1,PU,combo_001,17.56892174053951,1.5422808372527115,mlp,0.282248,0.717752,0.564496,0.17551623,0.5385946754977934,381.2254,1.4796139,0.5309530605834288,0.7850131988525391,0.38885876931861874,0.375,0.505840803149006,0.4562422698492621,0.3317493286035208
8.736903776367134,1.1583756646239507,1.5047436719236345,2.4197969375603323,A1,PU,combo_007,21.141533001812494,1.743058451053224,mlp,0.31592363,0.68407637,0.63184726,0.15324429,0.470250275820291,330.284,1.3789479,0.3133829408138181,0.5605091253916423,0.33213429329697697,0.25,0.5053736856384337,0.2851740739768499,0.2784817918028266
15.631473694185594,0.8387207049180888,1.7947656491088804,1.0528873320964862,Si2,PU,combo_003,16.458180634607476,1.5053071103833713,mlp,0.3299811,0.6700189,0.6599622,0.12112472,0.37168716144339614,420.11118,1.3259611,0.697033717706586,0.46679274241129565,0.3898130279433818,0.1875,0.5053292318706174,0.55293343002187,0.24216229761192154
14.35938200819619,0.5834041533388767,2.8830262677622445,2.450862599331134,Si1,Si1,combo_002,35.192872313396435,1.681969498797574,mlp,0.33793852,0.66206145,0.67587703,0.10313752,0.3164910720556733,417.12408,2.9625468,0.6842758884965648,0.413743019104004,0.4785433884865979,0.09375,0.5050500530477866,0.5532013018843757,0.2560418273008971
11.516525616042534,0.924545951144183,2.6762843406193144,0.6843027689768152,A2,PU,combo_011,7.880790368050328,2.4743478512301667,mlp,0.68194705,0.31805295,0.6361059,0.15850215,0.48638471114226184,366.863,2.3034523,0.4696114428269226,0.0,0.3290535123231926,0.21875,0.5049864877140778,0.3965806389322906,0.2981581477722103
9.472657787939786,1.7423842539798258,1.156935008223884,1.2259919518736022,A2,Si3,combo_014,11.613402210866978,2.0158253412073157,mlp,0.2899534,0.7100466,0.5799068,0.15959662,0.489743253011343,322.94754,2.0775871,0.28204902616318855,0.733643929163615,0.4065629790958654,0.34375,0.5049571805436203,0.28419915370467425,0.3250244666013449
8.689772518676278,1.3002833059288337,1.949109480262663,0.648333382989879,Si3,PU,combo_005,5.633869614445873,2.534394518613166,mlp,0.31493935,0.6850606,0.6298787,0.15427016,0.4733982943770705,317.773,3.4211729,0.2599486720288625,0.5670708020528158,0.23819914397426917,0.34375,0.5047353976511995,0.25985617882687434,0.32192195366046794
10.085765162822181,0.9946676519472765,1.6376166627372313,2.3706273354241425,A1,Si3,combo_010,23.90959059365479,1.628884320714577,mlp,0.645793,0.35420698,0.70841396,0.10682222,0.3277980578447095,354.90588,1.8878281,0.4185427183491631,0.0,0.25198788874873085,0.1875,0.5047205870726342,0.3475374958886821,0.21778331815083996
10.020123019397055,1.076688068263278,1.928161051127515,1.7847010968455697,Si1,Si1,combo_002,17.882924543245466,2.0760279974389757,mlp,0.35667726,0.6433227,0.7133545,0.072097085,0.2212394015870275,348.09848,1.3927938,0.38946838142235046,0.2888180414835613,0.4337381178354759,0.09375,0.504654139147659,0.33305133193527553,0.1834182942770702
9.941833679561762,1.3013520478607237,1.5050462656140398,0.8603579446637402,Si1,Si1,combo_002,8.553535590736507,1.9585950398819654,mlp,0.3370841,0.6629159,0.6741682,0.16573289,0.5085732006567011,332.35327,2.743145,0.3222207884800117,0.4194392363230388,0.2896097428909124,0.09375,0.5045824794597696,0.27956893606550864,0.29037901610491457
13.514095819730315,0.6592286401843885,2.9821451432264148,0.9444005062898415,Si3,PU,combo_005,12.76271893420274,1.965915487601628,mlp,0.3342549,0.66574514,0.6685098,0.10978077,0.3368767613722828,403.94748,1.9852097,0.627998769588503,0.43830092748006194,0.22942973527650795,0.34375,0.5041888751072887,0.5081031133322558,0.2430348305960604
14.027458577424802,1.1022746726701982,1.2779781895665565,1.6175864281935612,Si1,PU,combo_001,22.69062661688972,1.4086829905841285,mlp,0.335792,0.664208,0.671584,0.06169955,0.18933319667303664,399.87683,1.4667066,0.6106130812032486,0.42805329958597826,0.33281374693122673,0.375,0.5039432471089531,0.5063232785241581,0.20083329533591193
8.642412802434771,0.9439541175257734,2.716914779417129,1.904454449074914,Si1,PU,combo_001,16.459081512338894,2.564642892997427,mlp,0.7254914,0.2745086,0.5490172,0.17246509,0.5292318295152586,330.01743,3.2852058,0.3122444191584455,0.0,0.43908666525026746,0.375,0.5034572292281041,0.3188710547810927,0.3734636720759199
8.993096622134345,1.033229337205234,2.2064121620686157,1.3246377788310264,Si1,PU,combo_001,11.912595534356846,2.279729775815723,mlp,0.7153186,0.28468138,0.56936276,0.16270687,0.499287449006169,330.6564,2.2734513,0.314973482286115,0.0,0.3931691499701128,0.375,0.5032680016605597,0.31019280983589737,0.3351065799827957
10.773299851851137,1.4300306375840655,1.8563200181346877,1.1770054167048973,A2,Si1,combo_012,12.680232281414856,2.6545944990932115,mlp,0.68804204,0.31195796,0.6239159,0.13067351,0.40098888341800604,348.04016,1.5957482,0.3892193012983187,0.0,0.2913144858016359,0.375,0.5032492503189356,0.3479625572644963,0.27136487428083134
14.218794553614067,1.1551644286790217,1.7996463339002848,1.9404179936518375,Si3,Si3,combo_006,27.590404799871482,2.0788874291242183,mlp,0.33961588,0.6603841,0.67923176,0.17546369,0.5384334450027509,403.54483,2.4185724,0.6262790609770562,0.4025607903798422,0.23194562238616487,0.09375,0.5031968356561279,0.48471951909091154,0.28544719869813256
11.792533622903168,1.5675989317757055,1.2531290287319141,1.097190764437073,A2,Si3,combo_014,12.938658980363014,1.964403726817276,mlp,0.6679362,0.3320638,0.6641276,0.09209701,0.2826117940975921,360.68784,3.3475533,0.4432373638433676,0.0,0.291786770905291,0.34375,0.5029924523396201,0.3930806701278318,0.2616575777842599
12.753297730310791,1.04265457466186,2.356869594205762,0.8272970829469064,A2,Si1,combo_012,10.55076601023952,2.4574008642800798,mlp,0.7049867,0.2950133,0.5900266,0.13023701,0.3996494265571775,388.39398,1.4677395,0.5615699737885856,0.0,0.41462899388578844,0.375,0.5029064203254323,0.48018074978064185,0.28673768896806606
8.453737172029937,1.30101055949458,1.4072905518423002,1.6516448518159563,Si1,PU,combo_001,13.962571478788428,1.8308998682237874,mlp,0.29122484,0.70877516,0.5824497,0.11649204,0.3574711678172592,318.23013,2.8755105,0.26190103789902025,0.7251677513122559,0.48384554752946257,0.375,0.5027948462168795,0.28567824329345115,0.31156210790462757
14.436904722818193,1.045733760343726,1.414166860326802,1.6466666819863882,Si1,PU,combo_001,23.77276999807665,1.4788420286030275,mlp,0.3594088,0.6405912,0.7188176,0.038532272,0.11824135116824891,404.51373,1.9852936,0.6304172320172883,0.27060802777608245,0.22292479319710556,0.375,0.5027746030322141,0.5122710402520864,0.1702259367094121
10.307128350943673,1.2919407327082904,1.2849788640649806,2.428914556701616,Si1,Si1,combo_002,25.035134089399012,1.6601165351547778,mlp,0.34157404,0.6584259,0.6831481,0.06919865,0.21234518031477168,349.64398,1.8022705,0.3960692002194929,0.38950618108113616,0.5405868884183154,0.09375,0.5027337785106466,0.35078381913004364,0.20482726184390238
14.452696290799373,1.0095229077463919,1.4557310234616267,2.2998833067412687,Si1,PU,combo_001,33.23951493661093,1.4695938157016124,mlp,0.3238098,0.6761902,0.6476196,0.112773634,0.34606074941909465,410.19278,2.0639212,0.6546723703538606,0.5079346497853597,0.2558150925253853,0.375,0.5027221769584811,0.5330047058282149,0.2565274068233999
9.787941388017044,1.202454561613949,1.572552103956023,0.5298471038641968,A1,Si1,combo_008,5.186112397233337,1.8909224507775328,mlp,0.6944324,0.30556762,0.61113524,0.19916525,0.6111648139639693,332.5033,4.297272,0.3228615409079238,0.0,0.24757549785764088,0.25,0.5024354371369347,0.30065060926883264,0.3756589425323619
12.995188151450018,1.062378232095241,1.5148834258347956,0.7362343787815299,Si3,Si3,combo_006,9.5675042758319,1.6093791757687523,mlp,0.6641284,0.33587158,0.67174315,0.17501347,0.5370518743342269,390.56592,3.092244,0.5708462858908036,0.0,0.2533508899518106,0.09375,0.5020816496320719,0.45205006644032886,0.30214981013529957
10.379167441264235,1.460945597113416,1.6086329695344286,0.9824379679623,A2,Si2,combo_013,10.196888170136098,2.350125254212803,mlp,0.36695355,0.63304645,0.7339071,0.07883212,0.24190674128203027,339.31485,2.321539,0.35195360410206683,0.22030965487162282,0.25725397838296055,0.15625,0.5019605208563953,0.3008974011489508,0.19282113774338244
10.961732708538756,1.181646456849006,1.3821774056441969,1.3579270535850094,Si1,Si1,combo_002,14.885233399092458,1.6332450341162166,mlp,0.64607656,0.35392344,0.7078469,0.14029524,0.43051441215891934,356.63763,1.6846257,0.4259390033927554,0.0,0.22410303145739444,0.09375,0.5015709005199556,0.33934699539811913,0.23127336354530906
11.470226419807885,0.9095231504578939,1.6710107305330568,2.378125979439588,A1,Si3,combo_010,27.277643438999466,1.5198229440833726,mlp,0.32560748,0.6743925,0.65121496,0.12177694,0.3736885732847929,381.06232,2.5839574,0.5302565225495065,0.49595014254252123,0.3909898555625221,0.1875,0.5009950086889746,0.4437634300123107,0.26913655433396966
11.102510337295376,1.4034959963191826,1.8507301745773561,1.5182843730452624,A2,Si3,combo_014,16.856767946689054,2.5974923902864213,mlp,0.3218457,0.6781543,0.6436914,0.13380718,0.41060496096082033,358.34552,2.6887393,0.43323336239919813,0.5210285981496176,0.22251275232692777,0.34375,0.5005604382984753,0.3752455671656901,0.2823969330727816
10.281254854442931,1.2280173416423035,1.4694061589458285,0.8828444571669772,Si2,PU,combo_003,9.076748860966019,1.8044562451014843,mlp,0.70366496,0.29633504,0.5926701,0.2166817,0.6649163448763271,340.53192,1.6956106,0.3571517016564936,0.0,0.3110621947665175,0.1875,0.5004903445030978,0.30933190983244074,0.3406482971085443
8.792585150595253,1.313709806203368,1.8696637229987647,0.6286392650650263,Si3,PU,combo_005,5.527364267091864,2.456195567206175,mlp,0.30780536,0.69219464,0.6156107,0.16016386,0.49148391133657976,318.45187,3.2198012,0.26284808979918484,0.6146309375762941,0.24350166098554082,0.34375,0.500396249029623,0.2612224595218419,0.32486982508913875
12.880715661292186,0.7911636563032983,1.8884897038304014,0.8393573241984268,Si1,PU,combo_001,10.811523031222979,1.4941044189735933,mlp,0.6874557,0.3125443,0.6250886,0.12475568,0.38282923578025685,391.23538,1.248429,0.5737055588792307,0.0,0.28404797918971514,0.375,0.5000803090425997,0.47431766786194207,0.25671385494782906
10.559614457872941,1.574390898869626,1.5981082640486415,2.173129205174197,A2,Si3,combo_014,22.947406573783386,2.516047106326518,mlp,0.29042476,0.70957524,0.5808495,0.1740958,0.5342358735382257,349.32773,2.201206,0.39471848471695975,0.7305015722910564,0.3244659028841327,0.34375,0.49983501299579397,0.35559077654388815,0.3308468055086095
15.343595250520632,1.174878348810339,1.2311590753517725,2.250838949509818,Si3,PU,combo_005,34.5359618153857,1.4464621415721541,mlp,0.6641439,0.33585608,0.67171216,0.0975415,0.2993189497685158,425.53867,2.5916164,0.7202144617666572,0.0,0.2254591445741843,0.34375,0.49972090221216553,0.5758513122884952,0.24187396518556692
15.543369204176802,0.8219467875177066,1.674311738940807,1.7557657840890317,A1,PU,combo_007,27.29051581815679,1.3761951551255813,mlp,0.61586654,0.38413346,0.7682669,0.08606753,0.26410954308942136,425.22354,1.771005,0.7188685688515595,0.0,7.628155425073595e-10,0.25,0.4996632355290989,0.538124372594584,0.16464565032345785
9.546231896638727,1.286000413453801,1.504116651364661,2.259165930474076,Si3,PU,combo_005,21.56652186529113,1.9342946355377009,mlp,0.66882956,0.33117044,0.6623409,0.10468451,0.32123820356122773,342.3773,0.9884039,0.3650332432682545,0.0,0.23741476666805839,0.34375,0.4996479411474911,0.31891751402912516,0.21808027100753286
12.97641585092133,1.0855187638317856,1.4763714185294423,0.7852715847002989,Si3,Si3,combo_006,10.19001063898307,1.6026288771986599,mlp,0.66548234,0.33451766,0.6690353,0.17535019,0.5380851487234715,390.1389,3.1123486,0.5690224354587909,0.0,0.2442659390449266,0.09375,0.4993845866977456,0.449984039638567,0.30156578610517626
8.209075341413245,1.6013296458585982,1.7905987098908729,1.4536076700871845,A2,Si1,combo_012,11.932774880601865,2.8673387979844143,mlp,0.28832328,0.7116767,0.57664657,0.15767992,0.483861586500755,313.19327,1.59019,0.24038864841121813,0.7445114453633627,0.3546257815455677,0.375,0.499178734603387,0.25007928583662054,0.30975171078683816
8.368403911731185,1.0436073416531748,2.445432784143634,1.7162364597082218,A1,Si1,combo_008,14.362159902877965,2.55207160705166,mlp,0.6218468,0.3781532,0.7563064,0.09873876,0.30299288793355733,326.96436,2.4327826,0.29920479443395204,0.0,3.33282504193787e-10,0.25,0.49891747057065344,0.24828219667213605,0.19198345269938233
8.940983173486083,1.1653838554372575,1.3123987017651557,1.2580200872796699,A1,Si2,combo_009,11.247936432275022,1.5294482589339287,mlp,0.716756,0.283244,0.566488,0.22976413,0.705061503535182,328.47513,5.222764,0.30565728608240367,0.0,0.29153940091674285,0.25,0.4985585448722717,0.2984895653873795,0.43431677400790425
10.856787410408426,1.2290444217726644,2.3780499861051103,1.0266873253441666,A2,Si2,combo_013,11.146526028222448,2.922729070119048,mlp,0.6173278,0.3826722,0.7653444,0.031172868,0.0956580504224367,351.49365,1.0752167,0.4039691197995889,0.0,0.2643238500489406,0.15625,0.49837420076398964,0.33062808948451883,0.11683951732488779
14.510031813389425,0.8996853662956831,1.4082611568990449,1.0414823450524682,A1,Si2,combo_009,15.111941959794736,1.2669919547846995,mlp,0.35438487,0.6456151,0.70876974,0.09950029,0.30532974699889964,411.0707,2.4836183,0.6584219972550354,0.3041006724039715,0.1679732167490312,0.25,0.49831882169460534,0.5168328714173696,0.21905192478576566
13.562957320899015,1.0086186856642647,1.1661189423103446,0.6497464484560525,Si1,Si1,combo_002,8.812483349815151,1.1761693549212624,mlp,0.6635794,0.3364206,0.6728412,0.13751172,0.42197280828953376,396.18427,4.5282116,0.5948421775676693,0.0,0.338075131423389,0.09375,0.49813234020696895,0.48583083452766984,0.30437004242271365
9.38449562762338,0.9807587727604209,2.106953754606302,2.379988456489915,A1,Si3,combo_010,22.334991263723726,2.066413378630638,mlp,0.6309992,0.3690008,0.7380016,0.08156986,0.250307851476992,343.69177,0.96776116,0.3706473867441409,0.0,0.17674814755711482,0.1875,0.4980842656483442,0.301033399487825,0.1602889191897665
12.290725851582051,0.7292801167069576,2.1717020472971207,1.319047577663112,A1,Si3,combo_010,16.212052162250696,1.5837791225055828,mlp,0.3485507,0.6514493,0.6971014,0.106898665,0.3280326331253585,388.2786,1.4919429,0.5610771574887614,0.34299548467000335,0.24753286064271735,0.1875,0.49786559889698323,0.4445196227484417,0.20898449323741253
15.627328098342467,0.8030943575222913,2.1137864574457623,1.4647353354674846,Si1,PU,combo_001,22.8898996645861,1.6975699769817247,mlp,0.31746736,0.68253267,0.6349347,0.114480525,0.35129856851463825,416.92856,2.658367,0.6834407988290236,0.5502177874247234,0.2641141584364528,0.375,0.49777601584083564,0.5574958911125183,0.2719373290555393
9.238614936312215,1.4586151271936154,1.325772105518443,1.3611389869841664,Si3,Si3,combo_006,12.575038975548798,1.933791248320531,mlp,0.31323075,0.68676925,0.6264615,0.13809855,0.4237735965356386,327.9151,2.6343129,0.30326541305461385,0.5784616470336915,0.5034614558592911,0.09375,0.4977015860986803,0.2870402784471082,0.29051918019669015
10.934602704222854,1.1252840364256589,2.719569413563637,1.4065357186168246,A2,Si3,combo_014,15.379909272373565,3.0602880470346516,mlp,0.31069618,0.6893038,0.62139237,0.12024943,0.369001205890702,359.90253,1.5729996,0.4398833194521019,0.5953587690989177,0.3261212114349976,0.34375,0.497596683578927,0.3836482078543605,0.26023077460735833
14.614258530567021,0.8280350771277364,2.652020925541904,0.7890172376973494,A2,PU,combo_011,11.530901896782916,2.195966351625461,mlp,0.66091925,0.33908075,0.6781615,0.06758953,0.20740737065711076,416.21783,2.3787043,0.6804053058889006,0.0,0.3984087581440089,0.21875,0.4966737393961567,0.5515178991351737,0.21248047564648867
14.392357782763943,0.8869405544125764,2.592524562660536,2.225280477503067,Si3,Si3,combo_006,32.02703279922393,2.2994151729343577,mlp,0.3186869,0.6813131,0.6373738,0.14426546,0.4426975571979585,411.43243,2.185326,0.6599669196569967,0.5420873165130616,0.4374994149330823,0.09375,0.49664764455546545,0.5274739095741272,0.27793399238247224
14.974955961559786,0.9028352536597692,1.6350194086658325,2.2025184365459243,Si1,PU,combo_001,32.98261659179873,1.4761531625614628,mlp,0.6868715,0.31312847,0.62625694,0.11104929,0.3407693621088766,419.35352,1.9698044,0.6937977615373887,0.0,0.2977877615722624,0.375,0.49647489302459824,0.5640319005617781,0.2590188606232753
14.375208903799308,0.6240860174758682,2.832072951314683,1.304308701210435,A1,Si1,combo_008,18.749710054943158,1.767457129387109,mlp,0.35708222,0.64291775,0.71416444,0.10035038,0.30793835672562536,410.47638,2.1177795,0.6558836218413682,0.2861183484395346,0.13319748254111233,0.25,0.4964608126347006,0.5094100478731831,0.20715922239053539
12.85639843388548,1.3038615379697212,1.599233397555842,1.4141426010848357,A2,Si1,combo_012,18.180780721877824,2.0851789173097024,mlp,0.6919798,0.30802017,0.61604035,0.12775578,0.3920354238853056,389.0064,1.2760186,0.5641856409414212,0.0,0.2829927101665533,0.375,0.49632640610097345,0.46771172702702557,0.26035008061465403
12.928309595312214,1.151970244402826,1.7742579717596136,1.8280299093708252,A2,Si2,combo_013,23.63333661783656,2.0438923893615843,mlp,0.63548774,0.36451226,0.7290245,0.0741009,0.22738836045688132,397.83517,1.5298463,0.6018931914189225,0.0,0.24997067103053863,0.15625,0.49600483996404926,0.4704342874731733,0.17022347913354718
15.332269802238951,1.081253354960511,1.203086467175609,2.0603148797623994,Si1,Si1,combo_002,31.58930361408461,1.3008412789412158,mlp,0.37845856,0.62154144,0.7569171,0.14141256,0.4339430522551418,419.95084,2.2531254,0.6963489102907499,0.14360960324605318,2.9377241700915875e-10,0.09375,0.49545839718859624,0.5095932194800804,0.21065150619848944
9.635949828668924,0.9914899356263043,2.3256015793266256,1.9034985566220903,Si1,PU,combo_001,18.342016590554174,2.305810560178988,mlp,0.30067772,0.6993223,0.60135543,0.11239868,0.34491014166335,343.46783,2.4069262,0.3696909503495073,0.6621485551198324,0.3780228959985722,0.375,0.495435444054516,0.34777153962526586,0.28157153071459595
10.166968486876467,1.5476644639377408,1.5241083413018583,0.8879866426432228,A2,Si1,combo_012,9.02813221252088,2.35880831902398,mlp,0.71325445,0.28674555,0.5734911,0.17962922,0.5512159230249218,335.9298,2.3540456,0.3374961386715466,0.0,0.2731541271492888,0.375,0.4953256284806451,0.3144348628780401,0.3369512279567164
8.430926676632254,1.4006762540324964,1.173223377172373,0.5010202669634787,Si1,Si1,combo_002,4.224065134275806,1.643306125081154,mlp,0.69102454,0.30897546,0.6179509,0.17186393,0.5273870984144358,310.13144,3.6895666,0.22731161604904962,0.0,0.41428076105132533,0.09375,0.49518569480044883,0.2312092158622713,0.33529812843256546
14.580185040260051,1.052438560086861,1.2277587452252683,1.3722296724209606,Si1,PU,combo_001,20.00736254163304,1.2921406459589326,mlp,0.6511443,0.34885567,0.69771135,0.033372886,0.10240909727750008,408.1179,1.5312356,0.6458105400906907,0.0,0.26410278727949876,0.375,0.49496804225843993,0.5244728775738418,0.1614418748774791
12.623355809150436,1.1441640758235594,1.5023368877702619,0.9185360620929555,Si3,PU,combo_005,11.595007535335274,1.7189198967713042,mlp,0.68548185,0.31451815,0.6290363,0.1571216,0.4821483181546818,384.7479,3.2663515,0.5459975782790661,0.0,0.16677781516046972,0.34375,0.49487139499193217,0.45203062810624917,0.3110594799102049
10.486999046947012,0.9535680428737743,2.656891463937434,0.9362778259539453,Si3,Si3,combo_006,9.818744668456645,2.533526793394856,mlp,0.70181334,0.29818666,0.5963733,0.1894037,0.581210190791553,347.18954,2.5420256,0.38558632887700184,0.0,0.4349107011121875,0.09375,0.49448597746117445,0.3372628418293008,0.333424867208504
8.160489248974773,1.0650990322674803,2.7366443500562143,1.985406205759982,Si1,Si1,combo_002,16.20188599695213,2.9147972489051415,mlp,0.33914167,0.66085833,0.67828333,0.1635097,0.50175103816709,322.95572,3.0222466,0.28208395733704544,0.40572222073872893,0.2135228493021853,0.09375,0.49440942861943,0.2455187466625042,0.2823682113410477
8.901643639871365,1.466573815680139,2.8730153894707167,1.2246983815943628,A2,Si3,combo_014,10.901828559280213,4.213489142243829,mlp,0.28649467,0.7135053,0.57298934,0.15512638,0.47602572042504127,320.13266,2.6040492,0.2700267067071764,0.756702184677124,0.3749565852986537,0.34375,0.4943539973077577,0.27574331917770895,0.326403870778433
9.85549521122247,1.4866339979296137,1.7823282242375027,0.7667182917073598,A2,Si1,combo_012,7.556388452278558,2.649669733620988,mlp,0.7139657,0.2860343,0.5720686,0.14871834,0.4563618187897269,331.80106,2.0512466,0.3198622825436672,0.0,0.36621349562725336,0.375,0.4942740177474164,0.30960236038215905,0.31142960655652574
15.84553756755346,0.674532079785026,2.706023757261181,0.6326140710791451,Si3,PU,combo_005,10.02411002904753,1.825299832933075,mlp,0.30052835,0.69947165,0.6010567,0.11150039,0.3421536306217589,427.62555,1.9434651,0.7291275157288037,0.6631443500518799,0.40389761776866034,0.34375,0.4940513754604672,0.5960925967391526,0.27018592221534843
12.051750816606067,0.9507313911127384,2.716715382067169,0.7180940607987034,A2,Si1,combo_012,8.654290683630741,2.582866594450094,mlp,0.69845045,0.30154955,0.6030991,0.15994842,0.49082280229025954,377.27203,2.3038404,0.514068269590458,0.0,0.21504044239277736,0.375,0.4938340138421192,0.4319264112764716,0.30605507129406384
11.33239945305171,1.193330901436545,1.714740817177462,0.5549788663314635,Si3,PU,combo_005,6.289242201269936,2.0462532050924187,mlp,0.7252611,0.2747389,0.5494778,0.16822761,0.5162285855174593,353.67862,2.0629516,0.4133010871676162,0.0,0.4166551525891754,0.34375,0.4937078652718882,0.3769980663367937,0.33550454303139415
10.778413855792223,0.9485388946772222,2.1591765152646047,1.4886816123191204,Si2,PU,combo_003,16.045626517083516,2.0480629052021047,mlp,0.32414296,0.67585707,0.6482859,0.17285904,0.5304407381448488,357.30966,2.1998818,0.42880922495806306,0.5057137807210287,0.1956097820481385,0.1875,0.49358985785415865,0.350935834012562,0.28672511983778204
12.595872081177895,0.9790401043349023,1.1787473506240913,2.3698620265902046,A1,Si2,combo_009,29.850478936971225,1.1540409291395,mlp,0.6864791,0.3135209,0.6270418,0.22274254,0.6835148266209746,399.7288,3.158573,0.6099808008883988,0.0,0.05745697469814682,0.25,0.4935187813100813,0.4758729784641402,0.34884125682562533
11.242443329138375,0.7649804822372477,2.8381599948558254,0.506272135419649,Si2,Si2,combo_004,5.691735791577273,2.1711370015312736,mlp,0.71220577,0.28779423,0.57558846,0.12059603,0.3700647967343463,356.43506,1.6060526,0.4250738051387928,0.0,0.5588013689280514,0.25,0.4934035744942113,0.3873704744637207,0.28212824310439116
10.165858017986395,0.6926676261560974,2.724808222009639,2.23329431454365,Si1,Si1,combo_002,22.703352914026993,1.8873864428700333,mlp,0.6921064,0.30789357,0.61578715,0.16293532,0.4999884770037576,358.37335,2.9915555,0.4333522326624723,0.0,0.43430203727240874,0.09375,0.4928890266844242,0.37330254664525103,0.31423150273215483
13.916526845835318,0.6805826640348406,2.419079233498696,1.5105002709855975,A1,Si3,combo_010,21.02091757181259,1.6463833892459026,mlp,0.34849095,0.65150905,0.6969819,0.070301995,0.2157309292583141,405.3248,0.83566916,0.633881283538163,0.34339364369710296,0.32504468109090645,0.1875,0.49258140226329006,0.4993438493054466,0.16769121692279287
10.131173012996195,1.1398585416118112,1.4780752143623535,2.2919246596864737,A1,Si1,combo_008,23.21988526003609,1.6847966582356375,mlp,0.34837216,0.65162784,0.6967443,0.09722619,0.29835136103047044,351.55603,1.4104198,0.4042355351703481,0.34418559074401867,0.18075957177323548,0.25,0.4925760174477928,0.3338199574714026,0.19626385198857396
14.50635647094526,0.7434650421582161,2.5639843319673794,0.6226713066545668,Si3,Si3,combo_006,9.032691938560415,1.9062327194591333,mlp,0.33753026,0.66246974,0.6750605,0.16042735,0.4922924415729219,410.65594,2.0530512,0.6566505435838081,0.4164649645487468,0.22158837783855762,0.09375,0.49242791568210764,0.5027773274383885,0.2601614932368413
14.225480676190298,1.2913679865708467,1.3632643218025227,1.25181944251263,A2,PU,combo_011,17.807733289542732,1.7604759024099945,mlp,0.6643673,0.33563268,0.67126536,0.11237864,0.3448486628203027,405.016,1.0332415,0.6325623710446637,0.0,0.2576211367974446,0.21875,0.49237893785533604,0.4959743003775811,0.21155504688972504
11.884250643114342,1.0476594387351108,2.4587215892007075,0.6275242937747716,A2,Si1,combo_012,7.457655991862702,2.575902880147913,mlp,0.7111868,0.28881317,0.57762635,0.15339886,0.4707245934394278,371.39658,2.260218,0.4889742617205167,0.0,0.31879735783262214,0.375,0.492372777878338,0.42447773952137247,0.31367928324681316
13.910832032762428,0.563030357965892,2.6896160852178994,2.003328814235001,A1,PU,combo_007,27.867970641216225,1.514335507251055,mlp,0.6674808,0.33251917,0.66503835,0.08536226,0.26194534606301284,412.93686,1.9043946,0.666392300543649,0.0,0.33162992061133045,0.25,0.49230737502503147,0.5353445991061184,0.21639984753926314
10.834310278922526,1.1612093082657582,2.478902676674441,2.4380237245469223,A2,Si3,combo_014,26.414305499115702,2.878524862439264,mlp,0.31430727,0.6856927,0.62861454,0.112401284,0.34491814374407387,363.88434,2.1189752,0.456889587512366,0.5712848504384359,0.28765789979913164,0.34375,0.4921869002486744,0.3949423524991377,0.2573585146922848
13.735203856770482,1.328685103436407,1.1864442026041164,2.036286727753208,Si3,Si3,combo_006,27.968813316526408,1.5764107380585757,mlp,0.654105,0.345895,0.69179,0.13941576,0.42781560755089143,402.78693,2.1012168,0.6230420620862513,0.0,0.22151528729790376,0.09375,0.49194662581400445,0.4795295666355906,0.2385828362964826
14.21051693887254,0.9769434925815961,2.281435414320126,1.7261407661953592,A2,PU,combo_011,24.529352596897578,2.2288334817652444,mlp,0.65096486,0.34903514,0.6980703,0.047342513,0.14527673527178175,411.2622,0.9524897,0.6592398820160501,0.0,0.35228670158124825,0.21875,0.4913856856863407,0.5236364849448594,0.15422950339655905
11.260482496685036,0.5641649362251552,2.8796749044449346,2.446260199645658,A1,PU,combo_007,27.546070160447172,1.6246116088153564,mlp,0.30374163,0.69625837,0.60748327,0.25995043,0.7976921267573484,380.95734,2.0102916,0.5298081522582091,0.6417224407196045,7.686059349932787e-10,0.25,0.4912696223706229,0.40720037219107896,0.3563635738475148
15.902583508035999,1.2665610940729348,1.4639527068128935,2.0386631680992897,A2,Si2,combo_013,32.42001127545618,1.8541855420119728,mlp,0.65739715,0.34260285,0.6852057,0.07598557,0.23317173855309212,429.88492,2.9469676,0.738777252506768,0.0,0.3729169449241082,0.15625,0.4912139543102916,0.5869472716805137,0.22008790174897766
8.781574247993985,1.0664266000246574,2.3322698590229445,2.281353389552964,A1,Si3,combo_010,20.033874176272096,2.4871946160978258,mlp,0.33111978,0.6688802,0.66223955,0.15567943,0.47772284743114,332.24194,0.9400025,0.321745307426915,0.4592014948527019,0.18029410134684715,0.1875,0.4910593075869313,0.2669920091531849,0.2398402051717351
9.447472789452947,1.3190821916449271,2.8960085135703975,0.9183950174439838,A2,PU,combo_011,8.6765119372712,3.8200732571028078,mlp,0.2999529,0.70004714,0.5999058,0.14702953,0.4511794884082316,328.9516,2.62575,0.3076922876399691,0.6669809023539226,0.4039362755945769,0.21875,0.491028051474811,0.29263581946841916,0.30375482924550856
13.003634768142962,1.2481111759436239,1.5031996621845276,1.0288621824762996,A2,Si2,combo_013,13.378948047676259,1.876160298047189,mlp,0.6360247,0.3639753,0.7279506,0.03982512,0.12220862274954054,391.51837,1.5362823,0.574914203562719,0.0,0.32235464426631033,0.15625,0.49049482306591213,0.4588255404846752,0.14440168207677867
11.245366960245317,1.647469696251989,1.211923109730837,0.6675017706954451,A2,PU,combo_011,7.506302358083804,1.996606597469028,mlp,0.6556717,0.34432828,0.68865657,0.12945965,0.39726398343029723,344.40564,3.1096969,0.3736963047249626,0.0,0.1278194460601372,0.21875,0.4903361271135371,0.3140953818093571,0.2535063947451682
11.246075633173756,1.3228415474920712,1.131807472639417,1.0632615700713068,Si1,PU,combo_001,11.957520034868994,1.4972019485694164,mlp,0.6779595,0.3220405,0.644081,0.10264264,0.31497246003898066,352.5661,1.0416725,0.4085495351416733,0.0,0.2160031242389469,0.375,0.4901408976449698,0.3506784856815065,0.21846807495402695
13.683090305202008,0.6536369057839694,2.6679101689054283,2.070309167555103,A1,Si3,combo_010,28.32822729934407,1.7438445477129312,mlp,0.3452819,0.6547181,0.6905638,0.09778815,0.3000758094264694,405.0557,1.6506845,0.6327319436461107,0.3647873401641847,0.24708529278154798,0.1875,0.49000926016457663,0.4955741041506641,0.20242557733730782
11.435676767518434,1.1611210855083427,1.464541491847068,0.8551810385256757,Si2,PU,combo_003,9.779573934290356,1.7005100067854753,mlp,0.70899284,0.29100716,0.5820143,0.20583144,0.6316208758647734,357.38736,2.5676396,0.42914107110970345,0.0,0.3110312195400098,0.1875,0.48963069156520356,0.3648900318191179,0.347080549792808
9.977516063094926,1.2786338633393,2.445948866369522,1.854428744289373,A2,Si3,combo_014,18.502592584012174,3.127473048536443,mlp,0.697345,0.30265498,0.60530996,0.14424929,0.44264794429747034,344.08856,1.5556934,0.3723420700370036,0.0,0.2582177749686505,0.34375,0.4896128495853222,0.3294764128346363,0.27546259884095287
15.05237499229817,0.6326286455572163,2.784499458071803,1.9890051724092142,Si1,PU,combo_001,29.939251716724165,1.7615541207147676,mlp,0.27417138,0.72582865,0.54834276,0.16594656,0.5092288682881291,416.18475,2.3854537,0.6802640171110615,0.8388576507568359,0.36809071906701485,0.375,0.4894364734121095,0.5640521978515267,0.337147810645685
15.49258724776085,1.3614609713484565,1.399532110169507,1.6879733096949383,A2,Si1,combo_012,26.151073772340478,1.905408346144732,mlp,0.30055645,0.6994436,0.6011129,0.19048777,0.5845368157900898,416.31534,2.2858036,0.6808217428309631,0.6629571914672852,0.09916832441676376,0.375,0.48941786424124833,0.5369597233767914,0.3210999825260894
10.99733876361803,1.314980600609429,1.955695051120676,2.3960676563870713,A2,Si1,combo_012,26.350367717836946,2.5717010529315543,mlp,0.28496966,0.7150303,0.5699393,0.14429256,0.4427807331113114,363.83063,2.223689,0.45666018875867903,0.7668687502543132,0.35352226559493044,0.375,0.4891620881325811,0.40511386678649586,0.30834987476394493
9.881271833511454,1.4455849904884406,1.964616167899769,0.672290351331847,A2,Si2,combo_013,6.643083712556899,2.840019644386824,mlp,0.35798806,0.64201194,0.7159761,0.044756647,0.1373416662581795,330.2783,0.9995547,0.3133585671962389,0.28007960319519054,0.339933147931791,0.15625,0.4888155995222181,0.27431317142066247,0.14120056394553815
9.029384886836226,0.928407362891148,2.827279557973587,0.9220040338434071,Si1,Si1,combo_002,8.325129288787696,2.624867158574309,mlp,0.68761027,0.31238973,0.62477946,0.14523616,0.44567629745279597,330.83057,2.3602324,0.3157173338129853,0.0,0.4274379725628306,0.09375,0.488658345050226,0.2865297537608451,0.28109577991705637
8.503922780581561,0.9657355635280785,2.671250328430138,2.3648726062955996,A1,Si1,combo_008,20.11069402985044,2.5797214412510443,mlp,0.662958,0.33704197,0.67408395,0.088408515,0.2712931709968745,332.32343,1.9686857,0.3220933157634742,0.0,0.2635075776383929,0.25,0.48846627780928237,0.28790413964256506,0.21078695944969336
8.882174812303475,1.0345252592493566,2.27493383259438,1.3949764672356149,Si1,Si1,combo_002,12.390424841036262,2.3534765129398334,mlp,0.6779228,0.3220772,0.6441544,0.13768195,0.42249518411918946,331.02255,1.261552,0.31653730401721536,0.0,0.37779024527263827,0.09375,0.48839025655889007,0.27562689848478134,0.24274301524174574
8.701251997406017,1.5192100978976961,1.6247037907976172,1.9976808161659307,A2,Si1,combo_012,17.382324191843487,2.468266405072406,mlp,0.6988871,0.3011129,0.6022258,0.1500044,0.46030826209804865,325.04404,1.640951,0.2910031372886371,0.0,0.21084266467626675,0.375,0.48814681232356616,0.27143198517788236,0.28099362056449095
12.052653128636422,0.746713278073168,2.0868560602988424,2.3650153356551575,Si1,PU,combo_001,28.504709484557253,1.5582831296526054,mlp,0.29892227,0.7010777,0.59784454,0.17924386,0.5500333983986327,389.574,1.825682,0.5666098383390488,0.6738513310750326,0.13587208671835624,0.375,0.48795032929831006,0.45795454957911985,0.3049840916921005
13.79378017882908,0.9696110938927692,2.43689086454222,2.0393370859453213,A2,Si1,combo_012,28.130167474063626,2.3628364168660783,mlp,0.7005699,0.29943007,0.59886014,0.11252748,0.34530539872493476,408.8862,0.8990375,0.6490919849900224,0.0,0.3356034410596941,0.375,0.4877594174269686,0.5301728109143775,0.24406567631655474
8.17419550597468,1.4049013173540401,1.283908741857375,0.9498184330546973,Si3,Si3,combo_006,7.764001566967619,1.8037650827977942,mlp,0.7082082,0.2917918,0.5835836,0.22712189,0.6969534295363292,315.7683,3.2267559,0.25138662422789726,0.0,0.3208124067199542,0.09375,0.48769835775159864,0.2359717296831881,0.37102504352653454
9.120759742348726,1.2939810374915315,1.6302921922926432,0.9867401798944493,Si3,PU,combo_005,8.999820108939232,2.109567182397178,mlp,0.67155915,0.32844085,0.6568817,0.07413283,0.22748635165111733,326.86945,2.5154102,0.29879943640897105,0.0,0.27058568154325807,0.34375,0.4875582464140165,0.28492176134470865,0.22192063227374081
12.307859902578084,0.8676123707810317,1.7326518045406627,2.396789328135501,Si2,PU,combo_003,29.499347266685998,1.503270139875557,mlp,0.32128894,0.67871106,0.6425779,0.09328913,0.28626997959515144,392.38712,1.6856,0.5786245980634053,0.5247403780619304,0.41938480600434647,0.1875,0.4873910614201707,0.47513586394605806,0.22416279021329394
9.913088163268661,1.116890488375928,2.0656775909643343,2.110941782982308,Si3,PU,combo_005,20.92595200223116,2.307135653399366,mlp,0.74475753,0.25524247,0.51048493,0.19562307,0.6002951533180376,347.6373,1.4348842,0.3874986803054653,0.0,0.43302158687630904,0.34375,0.48732673656931313,0.35685036496728534,0.3543534969231601
15.745851923173149,1.0341279317570635,1.1272363610171527,1.7884731884938645,Si2,PU,combo_003,28.16103399458973,1.1657066066200268,mlp,0.68862903,0.31137097,0.62274194,0.10101534,0.3099788644471303,426.63657,1.725837,0.724903580836341,0.0,0.46757568895410634,0.1875,0.48726626063164546,0.5825887312897713,0.24052425123083815
15.077173093760887,1.155601336244743,1.8250946997037247,0.8654348522282177,A2,Si2,combo_013,13.048311068418213,2.109081873750822,mlp,0.30062285,0.6993772,0.6012457,0.15811029,0.48518224990342634,411.8099,0.5373118,0.6615790976026527,0.6625145276387533,0.3991991249042203,0.15625,0.4867798449235396,0.5212543496932913,0.262245397285376
13.156383152545057,0.8987219576191168,2.67166638317528,0.8773106458677002,A2,Si3,combo_014,11.542235000842235,2.401085241992473,mlp,0.3127504,0.6872496,0.6255008,0.11746971,0.3604712850591733,393.75482,1.7151433,0.5844660548497633,0.581664005915324,0.2462768111626344,0.34375,0.4866001474967782,0.4777141921598611,0.24821742571577754
15.399359047409007,0.8046395260292426,1.5278361529276476,1.1859371501638867,A1,Si3,combo_010,18.262671983034704,1.2293573579420438,mlp,0.66087925,0.33912075,0.6782415,0.061184105,0.18775148253406418,423.93817,1.6161737,0.7133787699273875,0.0,0.38169329602043256,0.1875,0.48657455488932994,0.5652831320134516,0.18258733540781724
15.64938252360735,1.0966601876537727,1.9600220214776067,2.355205119084845,Si3,Si3,combo_006,36.85750583011694,2.149478117879159,mlp,0.3299195,0.67008054,0.659839,0.23709475,0.7275564498782586,422.72217,3.746464,0.7081852342799942,0.4672036170959473,6.956157320656672e-10,0.09375,0.48610740056757223,0.5267299129708605,0.3443956287302932
10.046481305591145,1.2574655189046002,1.5779978294326031,1.6905740395115518,Si3,PU,combo_005,16.984320483670512,1.9842778594178012,mlp,0.7015447,0.2984553,0.5969106,0.11452746,0.35144258310458054,346.12158,1.1729923,0.3810250735444584,0.0,0.3555593868000223,0.34375,0.48591362918777786,0.3430203436357076,0.2502027992676523
12.94062535452564,1.2449660441464172,1.7529749766709344,1.1208835014805456,A2,Si1,combo_012,14.504933458728626,2.1823943221936712,mlp,0.69946724,0.30053276,0.6010655,0.13320534,0.4087581264559214,389.20865,1.5229664,0.5650494054531733,0.0,0.24839641518571595,0.375,0.4854092272266991,0.46632043324633554,0.26613653422432904
9.629068861111591,1.414871892641776,1.9779832978289997,0.7910690986815723,A2,PU,combo_011,7.61725882510234,2.7985929722131386,mlp,0.6891709,0.3108291,0.6216582,0.13913433,0.4269520229991689,330.34515,1.8468931,0.313644142576539,0.0,0.30995632620660224,0.21875,0.48526078355457175,0.2827877077925564,0.2650207707698156
10.188158962004461,1.157892566483234,2.804295100572818,1.8328219964743921,A2,Si2,combo_013,18.67308184913949,3.247072451178619,mlp,0.6653131,0.33468688,0.66937375,0.09836212,0.3018371131199738,348.54395,2.5400007,0.391370957335742,0.0,0.32240376314068625,0.15625,0.4852292002772185,0.33629938609876275,0.22810124283695546
10.757454485741672,0.7811420795424114,2.208116012837599,1.7041057120992373,Si1,PU,combo_001,18.33183963679995,1.7248523341388602,mlp,0.68793714,0.31206286,0.6241257,0.09871616,0.30292354418831285,363.15073,2.109899,0.4537563394215241,0.0,0.26742479694305465,0.375,0.48507139069797967,0.393796972883235,0.24412465458588714
11.489739885731684,1.1746919021520603,2.0232521033411084,0.9403964222459351,A2,Si3,combo_014,10.804910281078495,2.3766978618069237,mlp,0.66772807,0.33227193,0.66454387,0.08474973,0.260065703027146,363.33698,1.1107213,0.454551805667974,0.0,0.1930955257834444,0.34375,0.4850358231536808,0.37787357943222094,0.19255949502904934
8.986126892176209,1.2659553556361072,1.5851557042513051,1.0275399941715562,Si1,PU,combo_001,9.233604774411607,2.0067363533140647,mlp,0.33780062,0.6621994,0.67560124,0.02779181,0.08528282691289053,321.50793,2.0160954,0.2759004878633722,0.414662520090739,0.2946022064369847,0.375,0.48481344514797386,0.2714596279104533,0.17008105055343964
8.201140534635893,1.5291128093595558,1.56296934056216,1.9380990878222335,A2,Si1,combo_012,15.89462298927977,2.389956439289857,mlp,0.71834075,0.28165925,0.5633185,0.1870013,0.5738381253145961,318.12277,2.3810298,0.26144250107204814,0.0,0.21774936540434078,0.375,0.4848133055689001,0.2558167803218429,0.33711807427917273
11.731923162046709,0.9066513571445913,1.67637031250506,0.7924672519934484,A1,Si3,combo_010,9.297164908825442,1.5198834189096153,mlp,0.36112228,0.63887775,0.72224456,0.085389584,0.2620291850059115,371.09006,2.2512727,0.48766512474208934,0.2591849962870281,0.1332006160861437,0.1875,0.48464399942062897,0.3861986496126312,0.18448580956093058
8.529136238435628,1.4541016766383283,2.6871562183899007,1.5418885348542795,A2,Si1,combo_012,13.150977378254051,3.9073983625498645,mlp,0.30599505,0.69400495,0.6119901,0.105701126,0.32435782616298126,320.27655,1.7201517,0.27064126075469586,0.626699686050415,0.287258312539394,0.375,0.48458697260703776,0.2652896716961115,0.24651633873655018
15.868587501593378,1.0185997765641792,1.2984817680921639,0.6870787987465349,Si2,Si2,combo_004,10.902970038399056,1.3226332388513384,mlp,0.28845754,0.7115425,0.5769151,0.13514093,0.4146977280309504,420.95615,2.6491413,0.7006425771907255,0.7436165809631348,0.4504967662615675,0.25,0.4845824740477473,0.5756207150385655,0.3031430400762206
14.859502981737672,1.1443349984857885,1.5999172472427428,2.2627822894100715,A2,PU,combo_011,33.623820176512154,1.8308413007009108,mlp,0.675585,0.32441503,0.64883006,0.102689184,0.31511528574835823,421.58527,2.9891508,0.7033295404334854,0.0,0.3176061581683094,0.21875,0.4845772415318056,0.5631028211774295,0.25072161843722757
14.458934035760084,1.1100027605199683,1.1190825736752466,1.6846262991994856,Si2,PU,combo_003,24.357900535031995,1.2421847460293145,mlp,0.32735303,0.672647,0.65470606,0.08807694,0.2702756950012877,408.75494,2.0756063,0.6485313917856999,0.4843133290608725,0.371468479802928,0.1875,0.4844749746093043,0.5215906192887629,0.21946805492557064
15.667460030945218,0.6318113226466453,2.3231577224420334,0.7014652037381633,Si1,Si1,combo_002,10.990178042666518,1.4677973533328692,mlp,0.6994395,0.30056047,0.60112095,0.14746413,0.4525130923185878,422.72577,3.2062154,0.7082006144237073,0.0,0.47771442896920935,0.09375,0.48421316194942565,0.5713099782217675,0.30858011495576726
13.994141992208595,0.5622939820317362,2.87965439366221,1.2184103425145827,A1,Si2,combo_009,17.05060733792458,1.6192123358875088,mlp,0.7111419,0.28885812,0.57771623,0.14329083,0.4397067909589474,409.55133,2.5754185,0.6519327496699134,0.0,0.41827618711339215,0.25,0.4839413739512226,0.5378648103043814,0.30553373878699996
15.00825078063362,0.9106765606064359,1.478553700974304,1.444823954974742,Si1,Si1,combo_002,21.684280250127824,1.3464841990751957,mlp,0.66049886,0.33950114,0.6790023,0.1274921,0.39122629920868107,416.3603,2.7051277,0.681013733946975,0.0,0.24960418173602017,0.09375,0.4836383348541838,0.5264981070645313,0.24251809493160506
8.866462523682387,1.2894573295541463,1.3023336371311873,1.3825790182165791,Si2,PU,combo_003,12.258585051046886,1.6793036539237194,mlp,0.6744167,0.32558328,0.65116656,0.10303451,0.3161749670039917,324.9731,2.9865117,0.29070022666160944,0.0,0.33194132502287177,0.1875,0.4834840448896924,0.27255517610229396,0.24850053448390863
11.700966747339233,0.7554058034049286,2.079242195759914,2.1581276977614587,Si1,Si1,combo_002,25.252180428018605,1.5706716213614456,mlp,0.66624045,0.33375955,0.6675191,0.0850243,0.26090825353810854,387.69144,2.481376,0.5585694120223195,0.0,0.420402851695662,0.09375,0.48339466073249904,0.4565407346048801,0.21788483006160306
11.288417939130385,0.9039693753542628,2.5488848332344167,0.6683028463335313,Si2,Si2,combo_004,7.544081839323332,2.30411383054887,mlp,0.2872502,0.71274984,0.5745004,0.097773276,0.30003017470325544,356.92175,2.1538947,0.4271524706636793,0.7516655921936035,0.5658286440681272,0.25,0.48335404182701414,0.39277541882988415,0.2700352451110944
12.527835127582158,1.0802971499527314,2.485396310717741,1.4036799159355557,A2,Si1,combo_012,17.585070558739027,2.6849665509714087,mlp,0.3239378,0.6760622,0.6478756,0.061441015,0.1885398475269821,385.31885,2.2938504,0.5484361130987991,0.5070815086364747,0.2832183116180379,0.375,0.4833453107095216,0.46274247639701804,0.2102754746083412
14.14014166797655,1.1861487006375042,1.4091009075431367,1.7914419058078963,Si3,PU,combo_005,25.331242338073558,1.6714032105494194,mlp,0.3141864,0.6858136,0.6283728,0.06790452,0.20837395341929366,405.12518,1.8885003,0.6330287282836933,0.5720907052357992,0.3660905718877511,0.34375,0.48333722435307885,0.5247169555237374,0.216551729357235
9.489699312155153,0.9493090557009412,2.764107192151885,1.6049223633909375,A1,PU,combo_007,15.230230647933402,2.623991988437886,mlp,0.31118733,0.6888127,0.62237465,0.08409515,0.25805704358692216,338.51794,2.853157,0.34855003043443694,0.5920844872792562,0.43206221456335914,0.25,0.48332396620285833,0.3285217123810861,0.24978594111218158
9.547880616710025,0.9332371845139713,2.5124965321051906,0.8415234290380218,A1,Si3,combo_010,8.034765236619481,2.344755189722965,mlp,0.6822878,0.3177122,0.6354244,0.14083923,0.4321837376502745,336.18146,1.5311767,0.3385709239686506,0.0,0.2718225892552095,0.1875,0.48320934961908985,0.29142677743876194,0.24989474763902708
12.389645731774774,1.015474906819791,2.4961264772279375,2.2850192495376156,A2,Si1,combo_012,28.310578992056914,2.5347538018734532,mlp,0.26703256,0.73296744,0.5340651,0.15166584,0.46540659349503083,389.92352,2.7512653,0.5681026246606267,0.8864495754241943,0.4222486209319936,0.375,0.4831341141399905,0.49312323955782955,0.3375224915707301
15.91200673581541,1.0991048716810425,1.448328563215168,1.3414339350938131,Si3,PU,combo_005,21.344905810864127,1.5918649796245958,mlp,0.6906881,0.30931193,0.61862385,0.148015,0.45420354330305407,425.3705,2.455792,0.7194962872593756,0.0,0.15442863978214616,0.34375,0.4831004583850976,0.5674404855518019,0.2826113078454762
11.726198568261282,1.5643632333583848,1.2634641535813325,1.1336484785146417,A2,Si3,combo_014,13.293387165669971,1.976516868528908,mlp,0.6828099,0.3171901,0.6343802,0.09293223,0.28517479196419165,360.08923,3.2805321,0.44068074080156616,0.0,0.2642932714412725,0.34375,0.48289184914399835,0.3881444386365805,0.25704024316340707
10.714001987851438,0.7138419447470484,2.749532171968249,1.8781262873718203,Si2,PU,combo_003,20.122248776337724,1.9627313927823908,mlp,0.66298425,0.33701575,0.6740315,0.10849731,0.3329382744185094,360.44662,1.8977047,0.4422071548949914,0.0,0.22557427264748076,0.1875,0.48261919892581956,0.36151978016722286,0.21582524260953334
13.84744421761549,0.6278227694565485,2.720743870857252,2.4566640049170854,A1,Si2,combo_009,34.0185177695132,1.7081449519835297,mlp,0.6660144,0.33398563,0.66797125,0.16810142,0.5158413305365985,414.92218,1.621858,0.6748715823170056,0.0,6.041020695106003e-10,0.25,0.48226039499886386,0.5064424626804281,0.24965770827182387
12.213614109977867,0.8655310097875734,2.2914138523379544,1.269386520322577,Si3,Si3,combo_006,15.503797115627531,1.9832897454553031,mlp,0.6779472,0.32205278,0.64410555,0.12383582,0.3800065132364475,386.50797,1.592376,0.553514819029148,0.0,0.37899644475644945,0.09375,0.4821710041542568,0.4435926280253282,0.23491588214870285
12.936097147372084,1.0864442301492148,1.9868436477237956,1.1401786822030193,A2,Si2,combo_013,14.749462198340941,2.1585948172781366,mlp,0.6484664,0.3515336,0.7030672,0.064149074,0.1968498826117621,393.13568,1.1710232,0.5818217128527169,0.0,0.2807173104893027,0.15625,0.4817595298871721,0.457332112342227,0.15670319352489429
14.65594405584123,1.041783357859539,1.170201926650591,2.335449031712791,Si2,PU,combo_003,34.228210354051235,1.2190968925197547,mlp,0.32113057,0.6788694,0.64226115,0.11177036,0.3429820746075597,416.7884,2.2820728,0.6828421462860211,0.5257961750030519,0.3245753440241154,0.1875,0.48150226180064115,0.5421425948372743,0.24216448083753134
10.230583363807046,1.0849254241546205,2.917015117898985,0.8713473481891494,Si3,Si3,combo_006,8.914391684481297,3.1647438640519963,mlp,0.28082553,0.7191745,0.56165105,0.18623367,0.5714825413803598,341.16162,2.8836184,0.35984114136307177,0.7944966952006023,0.48397254110556276,0.09375,0.48128883746711143,0.3261720719540537,0.3444658367616753
10.329182581828999,1.3920550681888924,2.323230366011158,1.7018403040488748,A2,Si3,combo_014,17.578619225636203,3.234064605576168,mlp,0.31574464,0.68425536,0.6314893,0.09510576,0.29184454911064417,346.837,1.3295728,0.384080638875529,0.5617024103800456,0.25645664244403776,0.34375,0.48112677506003027,0.33617704334223647,0.21772635015269964
9.72369973376692,1.590557167060802,1.4501592030806574,1.753029226567096,A2,PU,combo_011,17.045929823656103,2.3065611138391207,mlp,0.29467893,0.7053211,0.58935785,0.17532349,0.5380032074168588,332.98697,2.0115628,0.32492730275291537,0.70214049021403,0.28975736130182245,0.21875,0.48112342230388067,0.28964204848863745,0.30427492830112474
15.85519625146495,0.5334310260804098,2.9007901277311636,1.3775096544084113,A1,Si3,combo_010,21.840685908933022,1.5473714542795576,mlp,0.69974387,0.30025613,0.60051227,0.12405237,0.3806710288828473,430.59146,1.4328017,0.7417948888393596,0.0,0.43731920287479725,0.1875,0.4811052990325218,0.5896501294114381,0.25464899481763936
13.215471312198122,1.4823548747752116,1.3115857416782215,1.5700641397566217,A2,Si1,combo_012,20.749137597264657,1.944235517862373,mlp,0.27680224,0.72319776,0.5536045,0.116137475,0.35638313633277535,388.34552,1.6595159,0.5613629935494635,0.8213183879852295,0.4456635028120582,0.375,0.4810394558936977,0.4842760051577306,0.28022808100993124
13.049568025051308,0.9639676555850932,1.7757651599190158,0.6416088560644717,Si3,PU,combo_005,8.372718412688677,1.7117801780768218,mlp,0.7226841,0.2773159,0.5546318,0.18373366,0.5638109237272759,394.716,2.485043,0.588571249819153,0.0,0.26220122186360806,0.34375,0.48051183389307595,0.4867435936880953,0.33774659478323366
13.920580095283364,0.9985898862283252,1.2744210622498704,2.3967954949443566,Si2,Si2,combo_004,33.36478365938725,1.2726239835590796,mlp,0.65976065,0.34023935,0.6804787,0.073394656,0.22522116836597328,414.03165,2.3387861,0.671068124912835,0.0,0.23238163260243308,0.25,0.4804037067358371,0.5312675581671603,0.19767062995621934
8.921062465974067,1.0954782040089963,1.8980715940355104,1.0460051755980504,Si2,PU,combo_003,9.331477511242381,2.0792960609145137,mlp,0.7036285,0.29637152,0.59274304,0.15017572,0.4608339759385206,326.9297,2.032409,0.2990567279656632,0.0,0.3785480802544812,0.1875,0.48004098591155525,0.2774102765102464,0.2863292597975737
13.989979663983,0.599946778788205,2.979416609455596,1.163085647303418,Si1,Si1,combo_002,16.27154455324532,1.78749139751096,mlp,0.3190424,0.68095756,0.6380848,0.1663396,0.5104349876210098,402.5867,2.7808344,0.6221869000277624,0.5397170384724935,0.2520585318667593,0.09375,0.479383192733346,0.4860134846822365,0.2861798306138111
14.449829581923302,0.9549363895904693,1.2312647356232413,1.7796426382674901,A1,PU,combo_007,25.715532839689608,1.1757795012661219,mlp,0.67770326,0.32229674,0.6445935,0.08573544,0.2630904895407775,414.13654,1.3920197,0.6715161041835295,0.0,0.3192481717168746,0.25,0.47937722955707124,0.5346561554756386,0.20431412591098524
9.76205049750333,1.0928101250156803,1.9675955231876474,1.0569901465538558,Si2,Si2,combo_004,10.318391186022186,2.1502083096749858,mlp,0.6975874,0.30241263,0.60482526,0.12992331,0.3986867991091809,338.4321,2.438554,0.3481833834491406,0.0,0.32918436995498324,0.25,0.4793345852812707,0.31551985398591603,0.27497370519752806
10.01226591435342,0.9144780191209796,2.368314928504604,2.010303387304284,A1,Si3,combo_010,20.12769208221591,2.165771944473535,mlp,0.31212837,0.68787163,0.62425673,0.11616314,0.35646189967018627,351.79874,1.0804111,0.40527213078857127,0.5858108997344972,0.35912281889591147,0.1875,0.47880390932872263,0.3441758822875863,0.22713596867993519
10.296914218725611,0.8070235807384816,2.976347566583929,2.43861095606049,Si2,Si2,combo_004,25.110167827399316,2.4019826707068286,mlp,0.31592014,0.6840799,0.6318403,0.11358571,0.34855271167195384,356.8964,2.0830853,0.4270441579566827,0.560532569885254,0.2761836823795981,0.25,0.47872261487898826,0.36331540486340935,0.24210244263732428
8.61032114578583,1.2290006176730084,1.7796801593148115,0.6749283899189118,A1,Si1,combo_008,5.811350187609991,2.1872280150583014,mlp,0.30451912,0.6954809,0.60903823,0.19044676,0.5844109773549346,316.04437,2.0968199,0.25256568168576804,0.6365392208099365,0.12025333563387114,0.25,0.47817068743561025,0.22566884393831352,0.30154820860141857
10.518335092010451,1.3687825098507698,1.9276722254124563,0.925772935545178,A2,PU,combo_011,9.737589955178375,2.638564026869681,mlp,0.68370086,0.31629914,0.6325983,0.10906763,0.3346883751990003,342.64203,1.2873257,0.36616394451156964,0.0,0.3146426161306421,0.21875,0.4781412091585834,0.31670354930902966,0.22182316662177987
10.344002639520264,1.3076046365512857,2.673125240211088,1.5009578343111967,A2,Si3,combo_014,15.525911799923637,3.495390958182288,mlp,0.31644997,0.68355,0.63289994,0.045248795,0.13885188752165592,346.14175,1.8760128,0.38111122841729195,0.5570000012715658,0.38159152869576046,0.34375,0.47772398242048175,0.34985078562249766,0.19428509494980412
15.450612846472103,1.3287408994799075,1.2434375318791284,1.6913436128124681,A2,Si1,combo_012,26.13229535191886,1.6522063045561493,mlp,0.68934596,0.31065404,0.6213081,0.15029222,0.4611914631790886,420.82373,2.5615525,0.7000770310587665,0.0,0.0700853415280199,0.375,0.477660969272503,0.5491645369351195,0.2792870969860173
8.65957003872675,1.410770275249578,2.4853413653322916,1.6364747688445855,A2,Si3,combo_014,14.171167877418858,3.506245722058999,mlp,0.74001205,0.25998795,0.5199759,0.13718547,0.42097167940171143,323.77005,1.8232789,0.28556195525942263,0.0,0.5086467683224621,0.34375,0.47699201847660394,0.2953592557721247,0.31099133894295755
13.219702766123657,1.3981867168320563,1.4944623826071344,1.70306786070454,A2,Si1,combo_012,22.514050909052106,2.0895374521664816,mlp,0.2722953,0.7277047,0.5445906,0.122663505,0.376409120689302,390.84393,1.4857992,0.5720336851215357,0.8513646920522054,0.4313135012147924,0.375,0.47693323697839374,0.4892808414791181,0.2814809086274479
15.293670256661674,0.6945265189709486,2.566766403075569,2.0121392026868055,Si1,Si1,combo_002,30.77299347639413,1.7826873349396577,mlp,0.31521428,0.6847857,0.63042855,0.09009168,0.2764581940209184,419.7412,2.4776165,0.6954536034503658,0.5652381579081218,0.49776514028582547,0.09375,0.47693171601210044,0.5600736149671377,0.23485366378174236
9.882787555046203,1.634250488205224,1.485833214358748,1.0982317593941315,A2,Si1,combo_012,10.85359116429682,2.4282236559573214,mlp,0.31491563,0.68508434,0.62983125,0.12154266,0.37296966635255835,329.2819,1.4320945,0.30910295963494316,0.5672289530436199,0.12210412807027822,0.375,0.4769182740298348,0.27399007938835485,0.23278158436297097
14.166497442649437,0.9080500183580346,2.490582245082866,1.9725474951570046,Si3,Si3,combo_006,27.94408904564626,2.2615732533696913,mlp,0.31515723,0.68484277,0.63031447,0.12778474,0.3921243155706041,406.45374,1.9754746,0.6387029585922216,0.5656184355417888,0.3809717900090677,0.09375,0.47669986801209113,0.5056925495040661,0.2474008271611865
12.721570281248052,1.462944390684566,1.4740892752896864,1.2822975721038707,A2,Si1,combo_012,16.31283868499313,2.1565106366533238,mlp,0.2829706,0.7170294,0.5659412,0.10753998,0.33000059626932937,380.08197,1.6745752,0.5260694739339149,0.780195951461792,0.39779156658876796,0.375,0.4766864983979834,0.45487260709300026,0.26412580906392136
12.17847808559221,0.7635662332250175,1.9564350728913902,0.8768094087212814,A1,Si3,combo_010,10.67820416935319,1.4938677591569913,mlp,0.35280204,0.64719796,0.7056041,0.08730843,0.2679174132226931,384.6552,1.6824461,0.5456017350887552,0.3146530787150066,0.1333925554158787,0.1875,0.47640373134734526,0.4234019409944851,0.17477512605801432
10.105121960222426,0.973272053851096,2.674302370113436,1.8835353544711566,Si3,PU,combo_005,19.03335447332182,2.6028237603791577,mlp,0.7555959,0.24440408,0.48880816,0.23003297,0.7058864494685521,347.96216,3.797727,0.3888861517446688,0.0,0.32618787565975377,0.34375,0.4752181340521438,0.3611431875933918,0.4243027669844754
11.783017174928935,0.9022991866334042,2.6404861468291863,0.6753942349897423,A2,PU,combo_011,7.958181870732122,2.3825085026007464,mlp,0.7117155,0.28828448,0.57656896,0.15903555,0.4880215253227902,373.3719,2.4281094,0.49741079190795895,0.0,0.3469335581223538,0.21875,0.47516868518522865,0.41856705159534413,0.303999062647711
12.250028434049185,1.5594017011030101,1.21136621372492,0.9058714922419695,A2,Si1,combo_012,11.096951537558692,1.8890065343413527,mlp,0.72846603,0.27153397,0.54306793,0.18354437,0.5632300641190724,366.5392,4.9409485,0.4682285332947526,0.0,0.23766247864257983,0.375,0.4750712500456108,0.41773137860433585,0.3894979452561911
15.741263384347821,0.6132282609877344,2.6659482857988115,1.3559850156681537,Si2,PU,combo_003,21.344917276861413,1.6348348311836367,mlp,0.3708001,0.62919986,0.7416002,0.08441255,0.25903103398954663,424.89902,2.6354039,0.7174825311545665,0.19466574986775728,5.91086803960433e-10,0.1875,0.4748597826170572,0.5360275821493291,0.17142519797208783
9.313687905185942,1.4500811359340597,1.1784136353573502,0.6127869224024476,A1,Si1,combo_008,5.7073061476357925,1.7087953829591713,mlp,0.22496572,0.7750343,0.44993144,0.2628991,0.8067405138305219,317.74902,4.463315,0.2598462246309091,0.8331046104431152,0.4586117560796579,0.25,0.4747651429328923,0.27862767707178204,0.4792104480302609
10.85681350305443,1.4239384708765315,1.161036743064915,0.6529927354438536,Si1,Si1,combo_002,7.089420347563279,1.6532448845513232,mlp,0.30743793,0.6925621,0.61487585,0.13082388,0.40145030625563344,339.03247,3.8987992,0.3507475662225976,0.6170806884765626,0.41430753225583145,0.09375,0.4746079098618027,0.31885721440781684,0.2955648139203001
8.400603615460351,1.1795290411039847,1.8865010129138207,2.2037934172313727,Si1,Si1,combo_002,18.51319494852159,2.225182730803935,mlp,0.33989736,0.6601026,0.6797947,0.10894667,0.33431721583193835,324.93286,1.2115716,0.29052830793654516,0.4006840387980144,0.24284844192404062,0.09375,0.47452447034079553,0.2436301787215888,0.19060260823739547
11.171276729774572,1.2619606066755804,1.6217309680948322,1.901749144749208,A2,Si2,combo_013,21.244965966605523,2.0465605963615308,mlp,0.68025744,0.31974256,0.6394851,0.12167543,0.3733770865768434,367.08847,1.6837049,0.47057439623160413,0.0,0.2888867971885219,0.15625,0.4744938989901283,0.38331468867948687,0.23034876047496503
15.299414538694077,0.7435435096296892,1.9326240625098818,1.9371209307095394,A1,PU,combo_007,29.636816130506126,1.4369900782333853,mlp,0.677444,0.32255602,0.64511204,0.104849756,0.3217452839851569,424.95605,1.263797,0.717726136990158,0.0,0.22594416626220176,0.25,0.4744650561307775,0.5569127805602355,0.20818771247730186
8.46973743443055,1.021528008847962,2.1988025583496684,0.7084051749767932,A1,Si2,combo_009,6.00000582924527,2.2461383992807415,mlp,0.7253322,0.2746678,0.5493356,0.19202147,0.589243182410128,319.94113,3.5634809,0.2692086916059607,0.0,0.30950937203433265,0.25,0.4744474566262943,0.26493769854926585,0.36205388992450493
12.877015638036127,0.6453245166914496,2.389448681753437,2.3120085150553864,A1,PU,combo_007,29.771769803640897,1.5419698157115582,mlp,0.2901105,0.70988953,0.580221,0.16769192,0.514584729505894,399.7094,1.4429457,0.6098980348607902,0.7325968742370605,0.270789596002074,0.25,0.4744277182212605,0.48697949608972213,0.2861247870317395
8.684259547391497,1.4597772920001524,2.5069751773688402,1.348498174022688,A2,Si2,combo_013,11.710708142396529,3.6596254355310873,mlp,0.34125417,0.6587458,0.68250835,0.08425062,0.25853412763968064,320.8237,1.4349414,0.2729781302176812,0.39163883527119964,0.24539241482929142,0.15625,0.4744060735505979,0.2391734018563309,0.17846894917186926
10.078960749900316,0.9947764657163825,2.6961630511789134,0.8306731001756826,Si3,Si3,combo_006,8.372321572668719,2.6820795510468574,mlp,0.7181897,0.28181028,0.56362057,0.17584269,0.5395964445520737,341.21823,2.449269,0.36008292243584983,0.0,0.4626962755531385,0.09375,0.47439773792415274,0.3216392314732117,0.321103650671007
9.746827459150115,1.1315865215310938,1.8735110613540322,1.6399304878027547,Si2,Si2,combo_004,15.984119509613333,2.120039864967637,mlp,0.68808734,0.31191266,0.6238253,0.13589396,0.41700850031313286,341.14102,2.4427888,0.3597531617274248,0.0,0.20788468245942718,0.25,0.47433789286884115,0.31151383034197216,0.263279198582423
8.98611247128309,1.5130145487857616,2.171119247535807,0.6176218158923826,A2,Si1,combo_012,5.550019102327048,3.2849350086704714,mlp,0.2882306,0.7117694,0.5764612,0.11287809,0.34638128990980604,318.60162,1.5192697,0.2634876691652883,0.7451293468475342,0.32603629774199766,0.375,0.47416631379932084,0.26296929526162227,0.25587393588075436
9.42022250980054,1.2386418197191142,2.236280921982984,1.167455995074158,Si3,PU,combo_005,10.997695243999173,2.769951070608142,mlp,0.28737193,0.71262807,0.57474387,0.13308987,0.40840379432146745,332.26343,2.3311372,0.3218370669283898,0.7508537769317627,0.30028424562713557,0.34375,0.4739748268380851,0.3029257423096654,0.28587376299636047
10.263645849071873,1.2531972205007058,2.4057635925821765,2.256343808034747,A2,Si2,combo_013,23.158313759414852,3.014896247405776,mlp,0.33710918,0.6628908,0.67421836,0.0825824,0.25341496796972857,352.37042,1.1119719,0.4077137937731272,0.41927194595336925,0.2764754296595199,0.15625,0.47374116472022343,0.33468237344761964,0.1746396651800081
14.739475295479085,0.8776275358934453,2.460283512225316,0.795331659187096,A2,PU,combo_011,11.722771342300593,2.1592125564335753,mlp,0.66904104,0.33095896,0.6619179,0.070857964,0.21743699573173586,416.65253,1.9256744,0.6822618717113538,0.0,0.29494162977664506,0.21875,0.4737241525107969,0.5397855988312208,0.1910726327672347
15.370309988031767,1.211093709773896,1.6505761549091655,2.0889092169958925,A2,PU,combo_011,32.107182202083585,1.9990023987132743,mlp,0.31475186,0.68524814,0.6295037,0.08239206,0.2528308846661477,420.1823,3.0305486,0.6973375407150203,0.568320910135905,0.378111047653283,0.21875,0.4736808396754903,0.5652042820417266,0.2388566124967385
8.345062620132568,1.3529134462602794,1.6610429496373975,1.0252053827122447,Si3,Si3,combo_006,8.555403117230657,2.2472473413802714,mlp,0.30810636,0.69189364,0.6162127,0.18607606,0.5709988956214077,316.24774,1.5773741,0.2534342687849556,0.6126242478688558,0.23320708650144156,0.09375,0.4736104143014596,0.21886838830875283,0.279583596724698
10.353069741067387,1.1977766169562138,1.1577510488400815,1.9466494916552537,A1,Si3,combo_010,20.153797948520218,1.3867271345571812,mlp,0.6637522,0.3362478,0.6724956,0.16259447,0.4989425364638814,352.38556,2.52112,0.40777844251280265,0.0,2.1244480893733421e-10,0.1875,0.47283898034161315,0.3185573409334514,0.2530233968305829
10.119018292230493,0.9878128660914702,2.740041991961112,0.5347669924439115,A1,Si2,combo_009,5.411316978621025,2.7066487332900873,mlp,0.29788902,0.702111,0.59577805,0.18355004,0.5632474857919627,338.70343,1.5882144,0.3493422381758628,0.6807400385538738,0.15245044736830357,0.25,0.47253262533590207,0.2936175552144229,0.28841949027314245
15.17664405963061,0.8315233210227204,1.9212093091741442,2.4290516211715154,A1,Si2,combo_009,36.86485185698878,1.5975303451442509,mlp,0.31416172,0.6858383,0.62832344,0.12284945,0.3769797147710911,424.7181,1.6132389,0.7167098744432844,0.5722552140553793,0.21884798090941715,0.25,0.4724520499934031,0.5575629785347788,0.23370453647367787
12.938691473738956,0.7885543463111341,2.6446615971909706,2.3191441224898997,Si3,PU,combo_005,30.006690284031876,2.0854593969870856,mlp,0.26050165,0.7394984,0.5210033,0.2104179,0.6456950268943075,400.22235,2.1679347,0.6120887929585009,0.9299891789754232,0.24926706236270077,0.34375,0.4723586465413222,0.5000329036456936,0.3578874669520679
10.278313634019515,1.286783269626136,2.526184448534019,1.4105855854978575,A2,Si1,combo_012,14.498441055374029,3.2506518843633025,mlp,0.67919123,0.32080877,0.64161754,0.073824,0.22653867666253058,345.28265,2.4899166,0.37744202142010863,0.0,0.19384228968615305,0.375,0.4721968019728714,0.33527112672170933,0.21423606994137165
8.263660449439024,1.0484852705079206,2.7403780564991527,2.3075592266666067,A1,PU,combo_007,19.06888591614294,2.873246027862484,mlp,0.2745513,0.7254487,0.5491026,0.10683061,0.3278238016815527,324.4854,2.4859953,0.28861725991009135,0.8363248507181804,0.5567195883891289,0.25,0.47218796178628275,0.29685828151202787,0.28528611142309124
9.689566771565909,1.010502148107994,1.9070263267175154,2.257458831966783,A1,PU,combo_007,21.873798086403333,1.9270541996465467,mlp,0.3259713,0.6740287,0.6519426,0.12919126,0.39644040928219415,346.33148,0.42445374,0.38192155344665113,0.49352463086446136,0.10914708617643262,0.25,0.4719065542656934,0.305194936399505,0.19939919746745366
15.146792931980151,0.6800827977429637,2.707365799026453,0.5400565902621792,Si3,PU,combo_005,8.180125344252478,1.8412329071155242,mlp,0.27664584,0.72335416,0.5532917,0.11405666,0.3499978874506889,420.28238,1.7858661,0.6977649262339632,0.8223610719045004,0.4219440694061594,0.34375,0.47166423454567813,0.5750093138836436,0.27236897604605204
14.751521320933552,0.713921832862976,1.89983136394057,0.7216792905376386,A1,Si1,combo_008,10.645867441242174,1.3563310894750191,mlp,0.6845721,0.3154279,0.6308558,0.10305262,0.3162305471703911,416.10016,2.5415456,0.6799027140740046,0.0,0.2641033549460617,0.25,0.47152079249558376,0.5418257321863819,0.23848843369144976
13.744709753601835,0.9542601918093622,1.2034405880416532,1.6963541662019397,A1,Si2,combo_009,23.315895653758908,1.1483954463757995,mlp,0.734897,0.26510298,0.53020597,0.15928519,0.48878757594203237,408.71237,3.0111883,0.6483495672053627,0.0,0.460043040136197,0.25,0.4714378731848972,0.5421161480857665,0.3380171221995157
14.458693151391838,1.000812247589668,2.227150078166045,1.5366990289978633,A2,PU,combo_011,22.218659726321892,2.228959075448864,mlp,0.6572788,0.34272122,0.68544245,0.056632962,0.17378570254061948,412.1639,1.1937629,0.6630910439337715,0.0,0.23613306444678475,0.21875,0.47129367318333404,0.5161470011828343,0.15178982950203965
9.10551581830233,1.3146953711971485,1.5391941071669613,0.8682440497630677,Si3,Si3,combo_006,7.905809929264488,2.0235713680663316,mlp,0.68239117,0.31760883,0.63521767,0.14767234,0.45315202416975897,327.68677,1.6280278,0.3022902076710422,0.0,0.2634050579105444,0.09375,0.47091579683772605,0.25638757556792946,0.24391770257100645
15.345761557710293,0.6001771434109056,2.845440034687111,0.9803257005673678,A1,Si1,combo_008,15.043844449802124,1.7077680717655384,mlp,0.29225913,0.7077409,0.58451825,0.17272162,0.5300190513537875,419.50415,1.9890786,0.69444112076932,0.7182726860046387,0.21618208911673611,0.25,0.4709152136426,0.5439359263801277,0.2946652465960912
9.697642308717121,1.1130623964449589,2.5375600132399203,2.0938330605348074,Si3,Si3,combo_006,20.305244075233006,2.824462629459727,mlp,0.695047,0.30495298,0.60990596,0.20988613,0.6440632425930912,341.51538,1.5480671,0.36135204497258294,0.0,0.16297009374315594,0.09375,0.470565795328443,0.2872134248450708,0.2940125929338702
15.015169824248794,0.9434367016310045,2.34649484088955,1.1112094450730163,A2,PU,combo_011,16.6849985280806,2.2137693530830056,mlp,0.6648038,0.3351962,0.6703924,0.09578498,0.29392881678216487,418.0254,1.8353509,0.6881253559916739,0.0,0.16562166894046557,0.21875,0.47046089555508036,0.5304226789074481,0.19657300608213216
11.744131495344618,1.3018109931095883,1.7460600684975032,1.5132878524902307,A2,PU,combo_011,17.77225152995294,2.2730401917997303,mlp,0.27862507,0.7213749,0.55725014,0.11773552,0.36128694857890364,370.66464,1.6594646,0.4858481823407275,0.8091661930084229,0.5125258949461319,0.21875,0.47037201660329453,0.4224765726984928,0.2685352107233325
14.68975065388161,0.9973583854806057,2.6912255138597523,1.9694760567446432,A2,Si2,combo_013,28.931112192368797,2.684116333467376,mlp,0.30508187,0.69491816,0.61016375,0.13957559,0.4283060665100027,413.39703,1.75538,0.6683577004339025,0.6327877044677734,0.3119324676999962,0.15625,0.47006334465710403,0.5244923994170302,0.25451766163504647
11.552853885177054,1.1029082356218414,1.5823774554716419,1.3966887292791959,Si2,Si2,combo_004,16.13574081243616,1.7452171275020074,mlp,0.6935808,0.3064192,0.6128384,0.08702479,0.26704703833389914,366.8008,3.074093,0.4693458094973691,0.0,0.3694348617450263,0.25,0.4700333921704997,0.40812554728971495,0.2481216733133074
13.491366650021039,0.871676690008845,2.7753460538855843,0.517295306683716,A2,Si1,combo_012,6.979020648805092,2.4192044618800956,mlp,0.7266897,0.2733103,0.5466206,0.15281054,0.468919278301942,398.90143,2.2621052,0.6064471477002124,0.0,0.2851806336015338,0.375,0.47000631488191114,0.503358273752939,0.3080440669551391
9.974248369096381,1.1868863564157075,2.50773811872375,2.32149735218871,Si3,Si3,combo_006,23.155191178929808,2.976400158576813,mlp,0.3070533,0.6929467,0.6141066,0.17967226,0.5513479802199539,344.5398,1.6410574,0.3742692802483763,0.6196444829305013,0.23452448628436046,0.09375,0.46970200048979205,0.3039620976739154,0.2742245010702939
11.079557266134932,0.9313663442403263,2.795556633080648,1.5790762001331322,A2,Si3,combo_014,17.495465186965784,2.603687361469118,mlp,0.724715,0.275285,0.55057,0.13711181,0.4207456549158931,365.4226,2.4111466,0.46345951568188126,0.0,0.34399814094598985,0.34375,0.4690875695452218,0.40690707537468324,0.2984103014221472
12.067948549490577,1.1140203765594192,1.9540875989678277,1.1499566179526632,A2,PU,combo_011,13.877617299598931,2.176893402832231,mlp,0.6933528,0.30664718,0.61329436,0.08486765,0.26042755711748045,380.4273,1.619672,0.5275444036479615,0.0,0.39856289519876154,0.21875,0.46897296154898965,0.4400317699299213,0.2153144717685848
10.447500882571028,1.106974313504466,1.4467050506616546,2.0739935235221516,A1,Si3,combo_010,21.668049167444273,1.601465330299629,mlp,0.35090265,0.6490973,0.7018053,0.11910142,0.36547839273590316,356.58234,1.4666135,0.4257028269486186,0.32731548945109057,6.398451708300272e-10,0.1875,0.46893967344460996,0.3248541740830118,0.1844351205960229
8.62165746195585,1.2894820164994498,2.034084756563991,1.7608628355707274,Si3,Si3,combo_006,15.1815562057791,2.6229157136249275,mlp,0.32822335,0.67177665,0.6564467,0.12267466,0.3764433467317125,325.44672,1.2409291,0.29272297624028476,0.47851101557413744,0.24675982587203488,0.09375,0.4685886642812939,0.24573159203528855,0.2065424865165047
13.783291058548626,1.022341236760494,1.4495446669804155,2.444219920470565,Si1,Si1,combo_002,33.68939457494837,1.4819292875803365,mlp,0.3352365,0.6647635,0.670473,0.12844194,0.3941410228177274,405.8806,1.5463065,0.6362551696182205,0.43175673484802257,0.17730634755016456,0.09375,0.4685397443052601,0.4810688020962745,0.20865373024849224
13.066554760859319,1.1921818747327033,2.071007092991734,2.3249028743031968,A2,Si3,combo_014,30.37847072076195,2.4690171187076118,mlp,0.23385528,0.76614475,0.46771055,0.17946863,0.5507231320308568,395.26147,2.8895667,0.5909009505710856,0.8923683166503906,0.5121452478964119,0.34375,0.46823355903872715,0.5157664656745411,0.3790493475932513
10.598861888498522,0.8188162084279846,2.355278242328739,1.9579034160727127,Si1,Si1,combo_002,20.751547897974138,1.928540000176546,mlp,0.3239718,0.6760282,0.6479436,0.105184555,0.32277265969775365,364.25162,1.2793196,0.45845823183090184,0.5068546136220297,0.3276021941908887,0.09375,0.4679877168356614,0.3700580547740503,0.20068051577950277
11.77575446730197,0.6710992803334836,2.9231776120449484,1.0943340223705966,Si2,Si2,combo_004,12.886608752651087,1.961742391730316,mlp,0.71409744,0.28590256,0.5718051,0.11572615,0.35512093384556404,374.06134,1.4257402,0.5003554377280139,0.0,0.4175275124533842,0.25,0.46789008863826265,0.42487149001384916,0.25196621697010824
14.39854955233956,0.6259633769530117,2.332543983563059,0.5955964066655539,A1,PU,combo_007,8.575724374569361,1.4600871088425627,mlp,0.29666728,0.7033327,0.59333456,0.08365334,0.25670128534450465,411.70572,2.0739856,0.6611341161565802,0.6888848145802816,0.43660334091044467,0.25,0.4678296935720314,0.5431664058881982,0.23382861771355976
8.280575399404084,1.1486258956043764,1.7423727246395673,2.1488528519175842,A1,Si2,combo_009,17.793738062528053,2.0013344313157604,mlp,0.27685815,0.72314185,0.5537163,0.16202523,0.49719575083111894,322.97363,1.4122955,0.2821604670350081,0.8209456602732341,0.3399357921753968,0.25,0.4676137034663582,0.2642961490415832,0.2897747317655837
9.892168386275976,0.9831247170877289,2.2395165310531366,2.1495973713113163,Si2,Si2,combo_004,21.264179159707744,2.201724056004907,mlp,0.7015179,0.29848212,0.59696424,0.13621876,0.4180051937619254,347.8995,1.1726358,0.38861856331210093,0.0,0.2602972734179942,0.25,0.46757570807823917,0.3294324617740382,0.24514049922756145
8.497675492485047,1.1531556826779734,2.064240513506659,0.5452063151650441,Si2,PU,combo_003,4.632986342726075,2.3803906785643014,mlp,0.2854415,0.7145585,0.570883,0.15845163,0.4862296994070961,315.65292,2.176695,0.2508938079280731,0.7637232144673666,0.35018132261106305,0.1875,0.46757229907375053,0.24171476480977028,0.29395597768068793
11.025396950783108,1.2040075672237218,2.7219585459248874,1.0680981113742103,A2,Si1,combo_012,11.776205660282415,3.277258686962843,mlp,0.28988162,0.7101184,0.57976323,0.11332167,0.347742466704028,356.2182,1.9149094,0.4241476076707815,0.7341227531433105,0.2684629595300094,0.375,0.46755061331063963,0.37201894058057616,0.2559219246790099
11.2043081125847,0.9088725986319621,2.724755831888766,1.3136108914140632,Si3,PU,combo_005,14.718101167450207,2.4764559135663364,mlp,0.30272165,0.6972784,0.6054433,0.11233686,0.3447204466240182,365.13202,3.2945983,0.46221841628835425,0.6485225359598796,0.20593014598595644,0.34375,0.4671539241022964,0.39746787175790904,0.26941855836742884
10.812614224143122,0.7779847418147897,2.6089172250324526,2.025690148202406,A1,Si2,combo_009,21.90300611015992,2.0296977937330305,mlp,0.28403714,0.7159629,0.5680743,0.15521449,0.47629609930115774,367.1443,2.4780202,0.47081278845915725,0.7730859120686849,0.3035369884637443,0.25,0.4669158353571181,0.39902962174836365,0.2991085814569937
11.265580275829858,1.121269352871472,2.215209328501568,1.238898246255023,A2,Si2,combo_013,13.95690764677079,2.483846330243801,mlp,0.67663366,0.32336634,0.6467327,0.08426017,0.2585634381182179,364.24493,0.939202,0.45842968732689193,0.0,0.3262960963496952,0.15625,0.46686942642415424,0.37414152994357325,0.18033060492305844
14.27345146223935,1.0257888889620048,1.5280499084273287,1.0898589515691879,Si2,Si2,combo_004,15.55604884590987,1.5674566178441627,mlp,0.28452972,0.7154703,0.56905943,0.14214589,0.4361933745332272,404.1922,2.3827362,0.6290439676599894,0.7698020935058594,0.33922129891516184,0.25,0.46679490923297184,0.5127951141750642,0.2884486001493479
14.269795404258936,1.0776537332166325,2.133350538448675,1.047931423230762,A2,Si1,combo_012,14.953767007196852,2.299013172018928,mlp,0.720695,0.27930498,0.55860996,0.11762597,0.360950769736149,405.9713,1.325112,0.6366425406954692,0.0,0.3276903111957072,0.375,0.46678164149463675,0.5231923015175236,0.257193537775944
14.046450921722403,0.7269960888802902,2.229322050697572,1.5046257681899116,A1,Si3,combo_010,21.13465200843846,1.620708411711723,mlp,0.3325386,0.6674614,0.6650772,0.06303094,0.19341875043897128,406.26022,0.57169944,0.6378764713779436,0.4497426350911459,0.29074538581352477,0.1875,0.4665421035292288,0.4971459587479616,0.14926098623283907
8.35360608805514,1.4053477380619415,1.2542130361303414,0.8480443334071829,Si2,PU,combo_003,7.084228306490905,1.7626054533735753,mlp,0.2737288,0.7262712,0.5474576,0.1621819,0.49767651584101047,310.47784,1.9690999,0.2287911076701298,0.8418080806732178,0.4174140718141226,0.1875,0.46649027271858245,0.2317356980305295,0.3037406954965644
14.388361428777817,0.9713450553862644,1.1951299739323793,2.4349446360674114,Si2,PU,combo_003,35.03486348280178,1.1608835907231316,mlp,0.6966109,0.30338907,0.60677814,0.1092244,0.33516946029212075,418.72314,2.265477,0.6911054543463895,0.0,0.36158774704519936,0.1875,0.46636656672109666,0.5515297844695662,0.24463764418803008
11.560349600227596,1.5157366418365992,1.5827391572536156,1.186046435245797,A2,Si3,combo_014,13.711111433545113,2.3990157351188843,mlp,0.28550005,0.71449995,0.5710001,0.12159059,0.3731167445962635,358.65356,2.714768,0.43454901638767346,0.763333002726237,0.2972623623589485,0.34375,0.4661694146329882,0.38379576200699467,0.2810284650115838
13.51929118872446,1.0363660093534275,2.140263427788323,1.3146287034493054,A2,Si3,combo_014,17.772848246986456,2.218096267622072,mlp,0.7171753,0.2828247,0.5656494,0.100502566,0.3084053581566718,401.45694,1.2762473,0.617361705788278,0.0,0.3813610947552434,0.34375,0.46613462659767596,0.5116481660863327,0.24115205852466942
10.958488315683146,0.979971814198635,1.8588694685834235,0.6453940700096297,A1,Si3,combo_010,7.072543375211717,1.82163968548615,mlp,0.33914214,0.66085786,0.6782843,0.082641415,0.2535960664880541,354.03192,2.1375957,0.414810035674113,0.40571904182434093,0.1753173187331128,0.1875,0.4655183599216943,0.3387379748591924,0.18549348412979272
9.14106081152059,1.46293557646053,1.7978855252124917,1.376133438269553,A2,Si3,combo_014,12.5793194439889,2.6301906972367792,mlp,0.73056585,0.26943415,0.5388683,0.11850294,0.36364186948359417,329.02448,2.1173372,0.308003540039858,0.0,0.4196498864862246,0.34375,0.4654338328324998,0.30391160961959984,0.28367663759296047
12.12058703001583,0.6299021938334148,2.8381088665177927,1.7542872606673388,Si2,PU,combo_003,21.262991418566546,1.787731001357624,mlp,0.2734631,0.72653687,0.5469262,0.17144728,0.5261085488194599,386.27554,2.2580545,0.5525221480586479,0.8435791333516439,0.381952460147989,0.1875,0.46514356453977374,0.45651394729689093,0.31436705285264416
9.577333458998464,1.4417713229403586,2.080243631562426,0.9562035263817431,A2,Si1,combo_012,9.157880026828188,2.999235612716015,mlp,0.7152568,0.2847432,0.5694864,0.10729785,0.329257591642572,331.0209,1.5327727,0.31653026564636355,0.0,0.30853181449845724,0.375,0.4651359316349605,0.29842869874116673,0.2475350889357018
14.868020600636221,0.7873940978011862,2.080452823247314,1.7129073991582788,Si2,PU,combo_003,25.467542497667502,1.6381362737787495,mlp,0.3360216,0.6639784,0.6720432,0.1094876,0.33597712173112715,414.10214,1.8479338,0.6713692107770491,0.42652265230814623,0.11298643555803027,0.1875,0.46509331384392294,0.5103794348531874,0.19896816107667403
14.52889524415143,0.9000695842807048,2.9619117375560724,1.8950903112980189,A2,Si1,combo_012,27.53356861105524,2.665926666298234,mlp,0.29922688,0.7007731,0.59845376,0.10267057,0.31505817375507744,412.4942,1.4948596,0.6645017159287456,0.6718207995096843,0.21579110788648895,0.375,0.46502696628760154,0.5325099261103613,0.22786767659781723
14.11444060857409,1.0370904347268906,2.241761598147198,2.0116792253992424,A2,Si2,combo_013,28.393726950399937,2.3249095103765263,mlp,0.679047,0.320953,0.641906,0.12395892,0.3803842800358786,412.04126,1.2393275,0.6625672066661192,0.0,0.2097165164487944,0.15625,0.46500094405766185,0.5071587295784213,0.2117070919152813
13.494221707214802,1.0949952129981049,2.071814785203137,1.8220802976822748,A2,Si3,combo_014,24.58755550527256,2.268627272016132,mlp,0.749746,0.25025398,0.50050795,0.1728232,0.5303307666926147,402.67953,2.8251815,0.6225833949190783,0.0,0.38714842733981725,0.34375,0.46446375203539153,0.52506287299626,0.3518268208096199
11.950202385494439,1.3811981128057043,1.2519598339785034,1.877348135935454,A2,Si2,combo_013,22.4346901724594,1.7292045599996517,mlp,0.653607,0.346393,0.692786,0.13006063,0.39910816581701336,378.9811,2.8652847,0.5213677118647382,0.0,6.994796782126618e-10,0.15625,0.46433601305196737,0.3969847505265992,0.22053359067054742
13.726200499326918,0.810052393428858,1.92880836203839,0.5697674262319691,Si1,PU,combo_001,7.820741930445467,1.5624358301347931,mlp,0.28491002,0.71509,0.56982005,0.0897263,0.27533696533297436,397.10248,1.7238314,0.5987638535341093,0.7672665119171143,0.3551481575761103,0.375,0.46422381185143224,0.5017862816507822,0.239618850970489
13.474628288254866,0.9290551839411914,1.359837453851015,0.7482261151929757,A1,Si2,combo_009,10.082068777790314,1.263364035817676,mlp,0.31561577,0.6843842,0.63123155,0.07231131,0.22189678395003923,398.06308,3.3716676,0.6028665720396807,0.5625615119934083,0.3078380332045685,0.25,0.4641375790547433,0.4971941719868886,0.22925276819849238
9.631970672437275,1.4012776707008154,1.7830285216546038,1.840771849218368,A2,Si2,combo_013,17.73026046631945,2.4985180536172815,mlp,0.68516684,0.31483316,0.6296663,0.11763259,0.3609710950211877,338.6524,2.4495819,0.34912430935986016,0.0,0.26782081195127283,0.15625,0.46407277264293023,0.3007325100082383,0.23873494796433795
8.733690950121074,1.4253562468040915,1.5943546090403864,1.925616596944047,A2,Si2,combo_013,16.817740246133166,2.2725233016166095,mlp,0.7049224,0.29507762,0.59015524,0.139573,0.4282981101554544,326.82797,3.983107,0.2986223040758684,0.0,0.34449367441009904,0.15625,0.46394164585484643,0.28213785214719034,0.3056134412016776
14.776922127168708,0.7096717349375574,2.2544554992342483,0.6464347514622162,Si2,Si2,combo_004,9.552315982652827,1.5999233454810862,mlp,0.707454,0.29254597,0.58509195,0.13904317,0.42667227025706156,413.97406,2.6211445,0.6708221729536262,0.0,0.2681725047249298,0.25,0.4635273058087611,0.5363480643471594,0.27940469512365934
15.930907050575392,0.904093212417235,1.6611947001714962,1.2467724675737948,Si2,Si2,combo_004,19.862216294134647,1.5018748529285335,mlp,0.6952654,0.3047346,0.6094692,0.19725558,0.6053047302082479,425.96893,1.8091569,0.7220521282599713,0.0,4.845511551441103e-10,0.25,0.4635037679611586,0.5405789965862928,0.2848554292910717
11.529496533564549,0.7839274422810821,2.8612832607571175,2.0417346381556274,A2,PU,combo_011,23.540172433073973,2.2430384682470015,mlp,0.7349206,0.26507938,0.53015876,0.19740379,0.6057595227504184,383.2713,2.5874915,0.5396910676556881,0.0,0.3205370185308647,0.21875,0.4633443041425556,0.446468274956278,0.3445542758470109
8.063234269688095,1.4410903838044264,2.451930614782915,1.6579566734572981,A2,PU,combo_011,13.368493067078962,3.5334536307193347,mlp,0.32739377,0.6726062,0.65478754,0.12401738,0.38056366382262047,315.36478,1.5073123,0.2496631357506227,0.4840415318806967,0.08788349648140498,0.21875,0.4632127153248244,0.21378096820131562,0.2084292891572152
9.051253556632913,1.713095164141069,1.3756145999257643,2.2958328725596306,A2,Si3,combo_014,20.780165453190115,2.356558718854678,mlp,0.24678692,0.75321305,0.49357384,0.2060972,0.6324364022059771,324.26746,2.1404924,0.28768637019484555,0.9785796801249186,0.3003673039649332,0.34375,0.46294868526485466,0.2778985772786953,0.36034269347716746
12.410586849418198,1.2552301952797396,1.2868205732592592,2.2998589527956526,A2,PU,combo_011,28.542599275082434,1.6152560394622064,mlp,0.71271807,0.28728193,0.57456386,0.15856512,0.48657794996019993,391.70874,2.2053554,0.5757272657362983,0.0,0.2687659234081486,0.21875,0.46212419853607506,0.4642515197141386,0.28714761574999453
13.599988264208257,0.6149150641373679,2.4109961631924843,2.232616667673801,Si1,PU,combo_001,30.36356047883944,1.4825578603244542,mlp,0.72570324,0.27429676,0.5485935,0.11743855,0.3603756487629789,410.30243,1.5832794,0.6551406826959045,0.0,0.3335027285402156,0.375,0.4620581872500049,0.5382524437731168,0.26321981195994204
14.530550778820498,0.9694851224668892,1.1528264261368948,1.9710467117099488,A1,PU,combo_007,28.64039433192858,1.1176480689263937,mlp,0.6992469,0.30075312,0.60150623,0.085868366,0.263498389889906,416.6961,1.4966518,0.6824479975183225,0.0,0.35896261754135145,0.25,0.4616975793831212,0.5469000968119261,0.2125846578750479
8.332656494606157,1.1572313958451428,2.135136945660019,2.4681706224297093,Si2,Si2,combo_004,20.56641796678504,2.4708475079466785,mlp,0.3113292,0.6886708,0.6226584,0.1011492,0.3103896455453194,323.70837,2.0228293,0.28529853771328545,0.5911387602488201,0.23183232675948562,0.25,0.46129541828605886,0.2593011877516502,0.22084265032219083
14.025473175123292,1.0002851764597143,2.0478711687862523,2.157769952392729,A2,PU,combo_011,30.263744585371285,2.0484551734361176,mlp,0.6889893,0.31101072,0.62202144,0.069810376,0.21422233127407025,413.4201,1.735714,0.6684562376258272,0.0,0.36110736476205374,0.21875,0.4612237505460894,0.5356123010495122,0.19593161448353005
10.365475114766665,0.8311549488369072,1.8287570462110323,2.387295165842044,A1,PU,combo_007,24.745448633138466,1.519980469178664,mlp,0.7144196,0.2855804,0.5711608,0.13254496,0.4067316795334028,360.75095,3.0914183,0.4435069073789498,0.0,0.31744090433854394,0.25,0.4602643298587003,0.38494160919385256,0.28957161606903914
13.117453732547904,1.2637574474916669,1.3665330214288613,0.7973572356712313,Si3,PU,combo_005,10.459296647229673,1.7269662830740131,mlp,0.28384238,0.7161576,0.56768477,0.14775138,0.4533945558049563,386.46423,3.172143,0.5533280415211744,0.7743841012318929,0.18868768278775142,0.34375,0.46010145908564387,0.45879454978397166,0.30232778049120784
11.261675967141127,0.6224076183011598,2.8625179077440626,1.1488181145089804,Si1,PU,combo_001,12.937617350782167,1.781652953303401,mlp,0.69746745,0.30253255,0.6050651,0.065470524,0.20090492558705092,366.70944,0.774942,0.4689555709356993,0.0,0.2697858816481138,0.375,0.4596394360858088,0.3967600304290042,0.18107850533489656
10.771579159076671,1.325390174907042,1.7114635810624703,1.615103352358358,A2,PU,combo_011,17.397213610018156,2.26835701505142,mlp,0.71820945,0.28179055,0.5635811,0.10699793,0.3283372380438854,353.29703,1.376469,0.41167131329483087,0.0,0.4504369600951238,0.21875,0.45959823373620173,0.3626665089076443,0.24181870490075455
9.695013366911956,1.2418177170093592,2.1468428867358953,1.0895364507318923,Si3,PU,combo_005,10.563070453583506,2.6659875323841518,mlp,0.28876767,0.7112323,0.57753533,0.12152445,0.3729137889660178,334.93198,2.2032235,0.3332344051208058,0.7415486971537273,0.22793921866888558,0.34375,0.45933489823347706,0.30291121045201536,0.25994692644040873
10.09086215820213,1.129761840230151,1.3070596074911545,1.3356640549301055,A1,Si2,combo_009,13.478001867965013,1.4766660674497056,mlp,0.7543991,0.24560088,0.49120176,0.18827207,0.577737653566788,346.02972,4.7502475,0.38063274953957327,0.0,0.43262856806136174,0.25,0.4592159063162744,0.36228062226371005,0.40111440668713405
13.498456611650258,1.0608628864730587,2.0190308931358283,1.7698208398253072,Si3,Si3,combo_006,23.88984981677633,2.1419149411703526,mlp,0.30214587,0.69785416,0.60429174,0.13279101,0.40748671014433374,396.2998,1.707045,0.5953356455684984,0.6523610750834148,0.344427485296557,0.09375,0.45921010557155045,0.4700899727240775,0.2417274243826557
10.9562596648384,1.496772982911389,1.3370501646536077,1.4371558359532686,A2,Si2,combo_013,15.745852517541909,2.001260563250744,mlp,0.36173004,0.63826996,0.7234601,0.051664364,0.15853890373871843,351.95328,3.5286977,0.4059321735662252,0.25513307253519707,0.09384917413862724,0.15625,0.4591987666342233,0.32949695075383706,0.16417428388200417
12.291201222543863,1.3436833921352016,1.415053486826542,0.7479145674752654,A2,Si2,combo_013,9.192768446110348,1.9013838692318328,mlp,0.669845,0.33015501,0.66031003,0.065635785,0.2014120517371557,373.58868,3.6817791,0.4983367286955683,0.0,0.27960133683308813,0.15625,0.4587600426578663,0.41366269468395295,0.21021839683108007
12.753772853725547,0.9127831557537096,1.974989049064592,1.0206979335255655,Si3,PU,combo_005,13.01774959645212,1.8027367367841964,mlp,0.72434896,0.27565104,0.5513021,0.13885206,0.42608583205543915,394.61194,1.7992039,0.5881267897338844,0.0,0.2670658707410919,0.34375,0.45875141476319914,0.48285385342359843,0.27604471920576323
12.5986343266554,0.8821812894999849,1.7165936367454546,2.2552778273764025,A1,Si3,combo_010,28.413420652129155,1.5143467880115737,mlp,0.31338352,0.6866165,0.62676704,0.09514947,0.2919786868466644,394.0158,1.7216139,0.5855807242483606,0.5774432023366293,0.276207647967907,0.1875,0.45807483375757085,0.465900896512938,0.20543137418955065
14.557779812928763,0.8950203345818105,2.300612130001423,1.5772792516400298,Si3,Si3,combo_006,22.961684048876613,2.0590946383368456,mlp,0.6812066,0.31879342,0.63758683,0.11690207,0.35872939212719634,412.26572,1.4736832,0.6635258588441691,0.0,0.26319194932368833,0.09375,0.45802345288274804,0.5083163946093466,0.20763592434428013
10.346036661093184,1.1904601371818888,1.4520462680297523,1.1352869149914988,A1,Si3,combo_010,11.745720043361427,1.7286031994331486,mlp,0.2943746,0.7056254,0.5887492,0.1502682,0.4611177525840776,343.97543,1.8244334,0.3718588989120503,0.7041694323221843,0.24537674981404783,0.1875,0.457911213066094,0.31382195764077947,0.26213841284982264
9.016946560565046,1.3531132858950339,2.750447660731223,1.0925028619210826,A2,Si2,combo_013,9.851039923206775,3.721667271894334,mlp,0.67491585,0.32508415,0.6501683,0.16639863,0.5106161090024232,325.74542,2.1801944,0.2939987461272668,0.0,2.087498565859731e-10,0.15625,0.45762249908431263,0.23376583006236948,0.2453491153155877
9.304737046680971,1.4986293438336926,1.6327834615847225,0.5679815406194771,A2,Si2,combo_013,5.284918882832982,2.446937207657218,mlp,0.30631384,0.6936861,0.6126277,0.13275176,0.4073662673978953,320.4605,2.338684,0.2714269514860738,0.6245741844177247,0.2407775030974136,0.15625,0.4576043013035138,0.24298271899115892,0.24861617829795607
8.774912611360635,1.3292610045902733,1.552665638731392,0.6902982615760318,Si3,PU,combo_005,6.057306921103844,2.0638978867328883,mlp,0.71738976,0.28261024,0.5652205,0.092025995,0.2823938860079366,319.83673,2.9981942,0.2687627977784816,0.0,0.35067163129490936,0.34375,0.457393600874617,0.2747662506972013,0.2631665567267206
14.022775925938415,0.6958180214256392,2.204576204414241,1.0968090360624556,Si2,PU,combo_003,15.38030734624832,1.5339838526375627,mlp,0.70103526,0.29896474,0.5979295,0.114102505,0.3501385640298149,409.16907,1.9388981,0.650300108312707,0.0,0.31853884637964514,0.1875,0.4572878183313623,0.5167254648783124,0.23664458984246756
9.435636482941598,1.1955527232668302,1.690424155014635,2.227239226051131,Si1,Si1,combo_002,21.015419697566664,2.0209912020037772,mlp,0.32993945,0.6700605,0.6598789,0.05480954,0.16819029332061292,337.9974,0.769971,0.34632681762668743,0.46707010269165045,0.3649639589882738,0.09375,0.4569690351394238,0.2922832470923278,0.14161447250232273
13.165639791240295,1.152841358854058,1.5932055629306356,1.9462599337462934,A2,PU,combo_011,25.6237572278269,1.8367132661027985,mlp,0.6957725,0.30422747,0.60845494,0.08996502,0.2760695215286151,400.9333,1.4663451,0.6151251982800308,0.0,0.32026634549676375,0.21875,0.4569130985405927,0.49259987729756327,0.20586389819105874
11.522285140727153,1.1165005174937368,2.0462124717867565,2.142694087079997,A2,Si1,combo_012,24.68873224068578,2.284597283652052,mlp,0.7522878,0.2477122,0.4954244,0.13470209,0.41335109216055815,377.38235,2.8499675,0.5145394494169231,0.0,0.4408871250932632,0.375,0.45686914103915355,0.4580778916459213,0.32414642692680573
14.432207425228057,0.7885968469154297,1.9281540833795048,1.6044673126977014,A1,Si2,combo_009,23.156005063851474,1.5205362305201882,mlp,0.693181,0.30681902,0.61363804,0.107045926,0.3284845220553806,413.812,1.2411559,0.6701300664865365,0.0,0.21287298362871432,0.25,0.4562045556850727,0.5221542148857977,0.20811607520191788
14.66465183479568,0.8142211712960085,2.0440313560495316,2.249581124633655,A1,Si3,combo_010,32.98932396688066,1.664293604888418,mlp,0.28638905,0.71361095,0.5727781,0.15246211,0.4678500631387032,414.88974,2.2138093,0.6747330306833867,0.7574063142140707,0.28181495850505006,0.1875,0.45560270544077686,0.5317855660407376,0.27803808636581984
8.327532420187007,1.4293495541166057,2.26321909800956,0.5721544615628077,A2,Si3,combo_014,4.764634828018922,3.2349312086081508,mlp,0.73825586,0.26174414,0.5234883,0.13739513,0.4216150466919124,314.19302,3.1378217,0.2446585933946193,0.0,0.3508213216404096,0.34375,0.455346522907319,0.2587358718676683,0.3148129997341092
13.331431314731766,0.9641831352634475,1.491896731165602,2.0157084227206474,Si2,PU,combo_003,26.872278388026615,1.4384616677445388,mlp,0.3218451,0.6781549,0.6436902,0.087149106,0.26742850895355097,400.03464,1.7054442,0.6112870703824052,0.5210325717926027,0.2186133580160717,0.1875,0.455060905699664,0.4780400694991497,0.18786422734065994
9.420526402020126,1.1153589301221685,2.3237735353290088,0.735651062248969,Si3,Si3,combo_006,6.930220254590564,2.5918415642107724,mlp,0.7216975,0.2783025,0.556605,0.1527477,0.468726451019584,332.85175,1.999107,0.3243497653224682,0.0,0.42997126955485626,0.09375,0.4549998919080349,0.2906853353855727,0.28205175275534045
14.420076864115718,0.7459745604478103,2.5676136375401155,1.7424579284398243,Si2,Si2,combo_004,25.12637726059011,1.915374454663791,mlp,0.2847362,0.71526384,0.5694724,0.13315675,0.40860901339740363,409.2599,2.270973,0.6506880007507596,0.7684256235758464,0.28657968433704045,0.25,0.45498810657247435,0.5220193365384055,0.2685792938667414
13.226655218430558,1.1200999306389754,1.5337532953856554,2.49350754205899,A2,PU,combo_011,32.98076454337049,1.7179569597787725,mlp,0.7063024,0.2936976,0.5873952,0.1476984,0.45323199925082236,407.3482,2.2836618,0.6425232298823158,0.0,0.20672290682651653,0.21875,0.4548731029884746,0.5052685282573488,0.26779455406153185
11.668091509419906,0.8244387930704599,2.4287639549831317,0.6069416077437365,Si2,Si2,combo_004,7.081850220028359,2.0023672236993297,mlp,0.7229476,0.2770524,0.5541048,0.07076471,0.21715084132504947,365.3152,1.5495923,0.4630007181745073,0.0,0.5329962970876707,0.25,0.4547797254288087,0.41100415631999493,0.22356632263867268
12.581395927822893,0.5566101375289331,2.910509112930077,2.2713126202666203,Si1,PU,combo_001,28.5762833514352,1.6200188776272233,mlp,0.24919346,0.75080657,0.49838692,0.17820658,0.5468503535913705,394.9488,2.2408268,0.5895654848720646,0.9946228663126627,0.2825265563030519,0.375,0.45476935710946853,0.4911495815310898,0.33448040991862515
9.68469481625388,1.3102468108766019,2.5943769259901055,1.6229192300444202,A2,Si2,combo_013,15.717477454409936,3.3992740934903773,mlp,0.6907542,0.30924582,0.61849165,0.106767535,0.3276302427803856,338.08228,2.116633,0.34668929372555307,0.0,0.2800441730066669,0.15625,0.4547590756237494,0.2982768914164239,0.2219921007016804
15.823908201646354,0.8077887890997033,2.9787686205272186,0.8787995215638514,A2,PU,combo_011,13.90604295687712,2.4062158969838756,mlp,0.30984688,0.6901531,0.61969376,0.050577283,0.15520305348426142,425.17456,3.2045407,0.718659372829021,0.6010208129882814,0.38362156825657917,0.21875,0.45446777103898867,0.5817118970921483,0.20912293145959332
10.820047092267018,1.375252303703979,1.4040076777039905,1.8356773070626649,Si3,Si3,combo_006,19.862114908623937,1.9308647931804865,mlp,0.66852885,0.33147115,0.6629423,0.08810528,0.2703626661872125,353.5342,2.4531994,0.4126843173366805,0.0,0.23126923696958548,0.09375,0.4539255570627988,0.33534079976797765,0.19223930748466178
9.335515009253562,0.9933608389747931,2.053480742270191,2.182262971895897,A1,Si2,combo_009,20.37254872827243,2.039847352960098,mlp,0.69975054,0.30024946,0.6004989,0.10885205,0.33402685461709997,341.95023,1.3258109,0.3632092624960409,0.0,0.23851679164361825,0.25,0.45365595003435305,0.310375797462122,0.21565863878938815
12.688777928191179,1.3700174728008658,1.3961299528594246,1.6277756313670466,A2,Si1,combo_012,20.65448350333764,1.912722429718061,mlp,0.7514653,0.24853468,0.49706936,0.11691614,0.35877258050001753,387.15082,1.5955936,0.5562604353623393,0.0,0.46450566043248964,0.375,0.4531298834940021,0.48220955214679306,0.2825646369645526
10.833766338503555,1.2316773220597028,1.9034517295495954,1.1417742215882765,Si3,PU,combo_005,12.369715128014168,2.3444383289215556,mlp,0.3005074,0.6994926,0.6010148,0.04989062,0.15309593415650205,350.7339,1.7099533,0.40072417015652556,0.6632838249206543,0.3187129994190415,0.34375,0.45289199104303013,0.3563077296173657,0.18639381384825993
11.514052532808643,1.0234368169718526,1.5476397764889016,2.1853097497355174,Si1,PU,combo_001,25.161771258913657,1.5839115266688308,mlp,0.27412394,0.7258761,0.5482479,0.14495896,0.44482565340875835,374.68903,1.8226675,0.5030362749813287,0.8391739527384441,0.188893551371963,0.375,0.45284423215944525,0.41873733386782286,0.2760520632517975
11.356553108420073,0.6997075415983487,2.8544966203223265,1.3557042607663141,Si2,Si2,combo_004,15.396127436704022,1.99731281270653,mlp,0.7308501,0.2691499,0.5382998,0.11624595,0.3567160000278015,369.51498,1.2168329,0.4809380062902181,0.0,0.43785020637340955,0.25,0.4527498144307169,0.41207332862781504,0.2512390935213668
10.901554235066275,1.1193869869914728,2.338513818854662,2.098719393539165,A2,PU,combo_011,22.879303292852605,2.617701937725643,mlp,0.27802053,0.7219795,0.55604106,0.15275207,0.4687398487890245,365.07898,1.0393878,0.46199188501908833,0.8131966590881348,0.2905453139953172,0.21875,0.4525278554704314,0.379903808093552,0.2599830943077607
8.323689836444665,1.2989287158880054,1.3800585840853923,0.740363331594339,Si1,PU,combo_001,6.162554738468111,1.7925977244762574,mlp,0.70664966,0.29335034,0.5867007,0.04305165,0.1321096543869327,311.7548,2.4130278,0.23424493269883723,0.0,0.35785988601187146,0.375,0.4524308217706513,0.2509791915202161,0.2041934870416573
10.440622670537039,1.3694759474204554,2.2872047720166577,2.0917568244989857,A2,Si1,combo_012,21.839243723114677,3.132271922102099,mlp,0.26656002,0.73344,0.53312004,0.1264407,0.3879999517131586,351.2098,1.732569,0.4027568255904737,0.889599879582723,0.2984110739155578,0.375,0.4524276737131582,0.35895944272264346,0.27072159514908556
12.02598147369417,0.8339133859187231,2.1579418531181513,1.1125569376791975,A1,Si1,combo_008,13.379589120959949,1.7995365973494815,mlp,0.3160171,0.6839829,0.6320342,0.0633021,0.19425082965572946,380.8869,2.7726605,0.5295073270743968,0.5598860581715902,0.2544083618586603,0.25,0.4524176970102395,0.43694931829429184,0.19913578070552262
11.52661008482012,1.376718317611189,1.7757577402753881,0.5521427608210489,A2,Si1,combo_012,6.364334315140326,2.444718208676979,mlp,0.74937963,0.25062037,0.50124073,0.15290459,0.46920785619593336,354.83636,3.461376,0.4182458033713796,0.0,0.332988412731366,0.375,0.4522618598775928,0.3835063880832038,0.3401952071536366
8.331866531502014,1.0780583975048508,2.73109882802959,1.2571713302933367,A1,PU,combo_007,10.474583731234915,2.944284025972956,mlp,0.25677854,0.74322146,0.5135571,0.11133847,0.34165674713498073,319.8791,2.3803494,0.268943709977412,0.9548097451527914,0.5392956526986925,0.25,0.45209925798530487,0.28071822216449116,0.2853224190885644
11.17986054167816,0.9290213619608648,2.756968705056301,2.0864384716703626,A2,Si2,combo_013,23.326091142066772,2.5612828212548866,mlp,0.66147494,0.33852506,0.6770501,0.1222147,0.3750318940074567,372.48877,2.45301,0.49363900717262127,0.0,2.3456681827689443e-10,0.15625,0.45206985858012066,0.3751310369411935,0.20355422457695166
14.905588192084156,0.9170839648335051,1.4122711895491655,2.1784842651820036,Si2,PU,combo_003,32.471589339738,1.2951712619318794,mlp,0.70951164,0.29048836,0.5809767,0.12436252,0.3816227735010594,422.1124,1.6967688,0.705580906724642,0.0,0.30833836624463135,0.1875,0.45115636354493777,0.5529668348878127,0.24111099810841585
14.782828645235153,0.8970606259900226,1.923101327100888,1.689059131254185,Si2,Si2,combo_004,24.969071709000367,1.7251384803313659,mlp,0.31154925,0.68845075,0.6230985,0.1537533,0.4718122362514193,412.80484,1.3575636,0.6658284488343024,0.5896716912587484,6.501511166135273e-10,0.25,0.45097601243800656,0.49854575237709564,0.22876471623376055
11.202234822479333,1.1382705622447329,1.607437493326358,1.3645260437410074,Si1,PU,combo_001,15.285741163375471,1.8296987793018575,mlp,0.2612057,0.7387943,0.5224114,0.14154604,0.434352667335854,359.19507,1.7306935,0.4368617729134815,0.9252955118815104,0.2811556662575895,0.375,0.4509025263413542,0.38109624856482294,0.2843178266548817
9.660192957881414,1.4961802079459507,1.2792362394813916,0.8335529629306151,A2,Si2,combo_013,8.052282462523515,1.9139679427992646,mlp,0.7142585,0.2857415,0.571483,0.15154678,0.46504124135226566,330.092,5.2140555,0.3125629706095881,0.0,0.2885617529520191,0.15625,0.45079362583479066,0.29359916316536616,0.33561987696818
10.729505527860471,1.0990161281497888,1.683119781077061,0.7983473140282382,A1,PU,combo_007,8.56587191901854,1.8497757850116319,mlp,0.69525003,0.30474997,0.60949993,0.08230549,0.25256523844920226,346.88483,1.4266627,0.38428488197043104,0.0,0.2661817965595566,0.25,0.4505370115253464,0.32849299685855055,0.19338900232268036
8.315518176598225,1.407386638054567,1.1533314641031212,2.4043391309782,Si1,PU,combo_001,19.993325746355602,1.6231832918266431,mlp,0.24401467,0.7559853,0.48802936,0.16090192,0.4937487288123193,317.1413,3.0766377,0.25725062986902114,0.960097869237264,0.34344274381192963,0.375,0.4502448871991793,0.26957479227076653,0.3423712360905068
8.238723560600985,1.2165766846220718,1.2079392051518696,1.6497071362578326,A1,PU,combo_007,13.591481051578985,1.469550673428682,mlp,0.73183584,0.26816416,0.5363283,0.16354072,0.5018462400646165,319.3349,3.287888,0.2666194835139197,0.0,0.2832292238497549,0.25,0.4502419051622595,0.2588637535896957,0.32180574220749664
15.888327351402966,0.6526260999946046,2.084441468405161,0.8292653493671571,A1,Si1,combo_008,13.175639331920939,1.360360906192287,mlp,0.7120367,0.28796327,0.57592654,0.09058821,0.277981858780011,429.04013,2.032268,0.7351691750638342,0.0,0.36144730338299963,0.25,0.4501739904610025,0.5872280766221474,0.2291379791675257
10.256273877248475,1.3343329854893813,2.1368148441268526,2.211514315410982,A2,Si2,combo_013,22.6818965023107,2.8512225304018104,mlp,0.3145582,0.6854418,0.6291164,0.07144172,0.21922831865949877,351.00525,0.9390237,0.4018831552234487,0.56961194674174,0.3181258350875697,0.15625,0.4500546458892087,0.3337408743112556,0.1653340743052559
10.940802733978256,1.0843110884126208,1.804931286341663,0.5447280372445814,A1,Si2,combo_009,5.959761999160126,1.9571070076031205,mlp,0.28004414,0.71995586,0.5600883,0.070962854,0.21775886228153862,349.42618,1.9900354,0.3951389622052519,0.7997057437896729,0.4787688791654856,0.25,0.45002770753129306,0.3606887653476649,0.22478204727940151
11.524676770952988,1.0584742926099824,1.4454371979927827,2.3888237178493434,Si2,PU,combo_003,27.530421210999883,1.5299581156575657,mlp,0.28945917,0.71054083,0.57891834,0.13702531,0.42048021446673767,374.68814,2.6004906,0.503032495115501,0.7369388739267986,0.2686129684927819,0.1875,0.4498940692064707,0.41256691675603796,0.2675000769779574
12.192851386141324,0.9695415334170107,1.503103051439148,1.285491721011115,A1,Si1,combo_008,15.67380951240357,1.4573208373760993,mlp,0.7449613,0.25503868,0.51007736,0.110260844,0.3383499215704637,384.524,3.1952624,0.5450412722246335,0.0,0.5382622079613805,0.25,0.4495343719009375,0.4787132966244916,0.30091545219275473
10.315173149199268,1.0440624412979214,2.5433360143993227,1.9074103454334164,Si3,Si3,combo_006,19.675267979719678,2.655401608234682,mlp,0.700106,0.29989398,0.59978795,0.2291845,0.7032828010318751,349.94257,1.7432015,0.3973444487456711,0.0,5.041835655799329e-10,0.09375,0.4494382870536052,0.2972676922781868,0.2943420038070792
12.735309006049263,0.9898489393852768,1.4444035995595814,2.1161084838001867,Si2,Si2,combo_004,26.94929543151777,1.4297413710683278,mlp,0.68397737,0.31602263,0.63204527,0.045048118,0.1382360816837768,397.329,2.449415,0.5997313688458245,0.0,0.28938555371962404,0.25,0.44926814326735826,0.48768793662259285,0.17807144235220218
13.718083807337848,0.621502047109586,2.6303210435756683,1.1824682205314923,A1,Si1,combo_008,16.221198148764664,1.6347499131377004,mlp,0.7129531,0.2870469,0.5740938,0.14596254,0.4479052656068924,406.27393,2.40576,0.6379349941281739,0.0,0.19103303913821007,0.25,0.44909235789819724,0.5043364728840268,0.2707971546148384
10.735988972794818,1.4825974573761218,1.4335085751934413,1.271228114612614,A2,Si2,combo_013,13.647891020387771,2.1253161687086632,mlp,0.33634827,0.6636517,0.67269653,0.047196694,0.14482927034924556,347.0682,3.3883064,0.38506809623799076,0.42434469858805346,0.22362884241119554,0.15625,0.4486893237656439,0.3270379405248398,0.17593043219385898
8.815276449832252,1.5083032185063427,1.6277400520572907,1.4947407138716702,A2,Si2,combo_013,13.176552613598384,2.4551255594096935,mlp,0.28193587,0.7180641,0.56387174,0.14251973,0.4373405528258045,321.77542,2.1888602,0.27704291972477363,0.7870941956837972,0.32947552561090215,0.15625,0.4485893754381439,0.254895667762159,0.2693037722087122
14.255809743087756,0.9546115733169412,1.891380410778579,2.0417962292927148,Si3,PU,combo_005,29.107458578950926,1.805533629674182,mlp,0.7010441,0.29895592,0.59791183,0.0892821,0.27397389090246643,413.62183,1.7494835,0.669317786354163,0.0,0.17989687030219287,0.34375,0.4484946351958662,0.5306759498784627,0.20869873576234493
9.67028470661198,1.6773341532278054,1.3726897656252137,0.8850558005728979,A2,Si3,combo_014,8.558741572778317,2.3024594256694426,mlp,0.27581653,0.72418344,0.55163306,0.15463768,0.47452608477120817,324.2232,1.5004339,0.2874973769034557,0.8278896013895671,0.14896778885041306,0.34375,0.4484847729721067,0.2588325969643217,0.2690860878614996
14.69631996813996,0.9051229526654241,1.4112057220569016,2.1881468246501017,A1,Si2,combo_009,32.157705872327334,1.2773146899664847,mlp,0.7334599,0.2665401,0.5330802,0.13102156,0.4020569097006801,422.62158,2.4587734,0.7077556329776349,0.0,0.37961776318517126,0.25,0.44794531609477345,0.5723836112937551,0.2841377044911414
10.144214666884936,1.5538107628184683,1.114044714539832,0.8194142159736879,Si3,PU,combo_005,8.312313707934306,1.7310146677130192,mlp,0.26495963,0.73504037,0.52991927,0.0906381,0.27813495001580296,330.2082,1.8770307,0.31305917575463715,0.9002691109975179,0.41657373600056774,0.34375,0.44722439958786514,0.305718602918746,0.24830261492216738
8.231239178157155,1.4319193442163534,2.5335165450929367,1.871399534405369,A2,PU,combo_011,15.403937165582533,3.6277913498107592,mlp,0.3012932,0.6987068,0.6025864,0.10562364,0.32412005005004274,317.94708,1.4431444,0.26069213253512996,0.6580453713734945,0.22906046991009632,0.21875,0.4472120857569298,0.23523862971029572,0.2085194028104622
13.61145742394504,0.8281108528719048,2.027833776197413,1.607254424279973,Si1,Si1,combo_002,21.877075165534148,1.6792711578892947,mlp,0.32192174,0.6780783,0.6438435,0.071481824,0.21935139066103224,399.83197,1.8228667,0.6104214811078396,0.5205219586690267,0.305494739488367,0.09375,0.44690332614434286,0.47744327765204764,0.17244288190164778
15.329408844722526,0.8297645843528196,2.6207979165822843,2.4739026072718824,A2,PU,combo_011,37.92346450889571,2.174645293925635,mlp,0.7723855,0.22761452,0.45522904,0.16271229,0.4993040933340747,434.18304,2.4116225,0.7571344967499671,0.0,0.5913418191808396,0.21875,0.4467853729764803,0.6247167505865435,0.34426717884624125
11.45582403525132,1.164693444998771,1.656138614289069,1.2107394693699187,Si3,PU,combo_005,13.870018313635343,1.9288937880718264,mlp,0.7420732,0.25792682,0.51585364,0.13878216,0.42587133056586324,363.883,2.3224077,0.45688385254352387,0.0,0.31715839434287024,0.34375,0.4467364685763216,0.3990941661603575,0.29433742965909576
11.876964946638667,0.9738874236494439,1.7758995877284938,1.5743878691727602,A1,Si1,combo_008,18.698949534578016,1.7295262741530124,mlp,0.28282237,0.7171776,0.56564474,0.07517562,0.23068629228025098,378.712,2.2233477,0.520218371972686,0.781184196472168,0.42316615716621414,0.25,0.4466824928804555,0.44406696056742506,0.22580632151775215
14.576063606346743,1.4456414069583308,1.181157361089892,1.4690868761711933,A2,Si3,combo_014,21.413503750320555,1.7075299893251805,mlp,0.69761276,0.30238724,0.6047745,0.0629011,0.19302031540818476,408.9003,2.794087,0.6491522021628653,0.0,0.2220468734849368,0.34375,0.4464485336772147,0.5269665800952152,0.2083578707301108
13.595641111471156,0.7819251273234954,2.1527186356800847,1.2051351787145124,Si2,PU,combo_003,16.384585380611163,1.6832647932958116,mlp,0.28400144,0.71599853,0.5680029,0.13546015,0.4156773198900816,399.9463,2.1507058,0.6109097355006302,0.7733235359191895,0.2903959107717892,0.1875,0.44643757733075645,0.4875933300496605,0.25975568300443863
13.690422201940574,0.8021783391851272,1.907740571258669,1.6455837940325582,Si2,PU,combo_003,22.52873690897694,1.5303481630483649,mlp,0.68746054,0.31253946,0.6250789,0.08551279,0.26240724902548374,405.48773,1.2510962,0.6345771698710805,0.0,0.2334506179972617,0.1875,0.4462971020371307,0.4931338690151483,0.1789068889283389
15.592561746702522,0.8334787795392893,1.7843498082739182,1.731730022564007,A1,Si2,combo_009,27.002107305447833,1.48721770047131,mlp,0.6875075,0.3124925,0.624985,0.072651505,0.2229407125381905,426.25067,1.173173,0.7232554289952204,0.0,0.20975198178517424,0.25,0.44614564890520325,0.5586269224083443,0.1692972804222467
13.342278126075147,1.0238394874216876,1.5236812901298966,0.7472354688399427,Si3,Si3,combo_006,9.969823450930676,1.560005071080609,mlp,0.7037571,0.2962429,0.5924858,0.16205485,0.4972866544681424,397.14868,3.1246989,0.5989611885983606,0.0,0.20977787180260385,0.09375,0.4459893549965201,0.46756556252169557,0.28236931146328026
11.768379912925646,1.0198381533466891,1.4449006424084978,1.9791068967028311,Si1,Si1,combo_002,23.29088184869021,1.4735648029233273,mlp,0.6960232,0.30397677,0.60795355,0.10958629,0.3362799661918948,381.40918,2.039251,0.5317379692736011,0.0,0.31301535921454643,0.09375,0.4458312564086987,0.4243994278043964,0.21898488891931864
10.016430294010934,0.7914745078380047,2.9981885881964487,0.5407474313352723,Si1,Si1,combo_002,5.4163589526352185,2.3729898372483063,mlp,0.7163146,0.2836854,0.5673708,0.141863,0.4353253088162993,341.44864,3.1653018,0.36106699095308664,0.0,0.36219326542519564,0.09375,0.4457442049747252,0.31652182382005434,0.28438746053579345
15.61001681214368,1.0167975707154964,1.9283839072337234,0.7702721516369975,A2,Si3,combo_014,12.023961236979616,1.960776072282107,mlp,0.67692804,0.32307196,0.6461439,0.052404825,0.16081110599181173,423.57846,2.11038,0.7118424499786894,0.0,0.09763225025597101,0.34375,0.44570816765606996,0.5543558459213372,0.1642388953228311
14.849362458202261,1.1337367744582891,1.5984096974690287,1.6836684411498295,Si3,PU,combo_005,25.0014029420702,1.8121758546713864,mlp,0.28959104,0.7104089,0.5791821,0.064923115,0.19922512880149132,411.0905,2.3916142,0.6585065880454575,0.7360595067342123,0.3044166185080917,0.34375,0.4456589315643635,0.5393661017460237,0.2145356867786155
13.031184811678287,0.8310833406784538,2.465252203171838,1.4556140871007461,Si3,PU,combo_005,18.968376183492197,2.0488300366269696,mlp,0.2634228,0.7365772,0.5268456,0.12522274,0.38426247702716937,396.3999,0.9507899,0.5957631614276423,0.910514752070109,0.3095177619426059,0.34375,0.4453945957934338,0.48741581189334887,0.2501739106999857
15.105169240918453,0.930726991509713,2.635765636649682,1.7701047336583966,A2,Si1,combo_012,26.737731576060963,2.453178221323642,mlp,0.7361249,0.26387513,0.52775025,0.102564484,0.3147326262481417,420.64877,1.6596355,0.6993297906866712,0.0,0.3444492519819878,0.375,0.4453899212570719,0.5707320474703876,0.25047074775446454
9.408916849413606,1.7691345222348258,1.185689599748104,2.46272067396987,A2,Si3,combo_014,23.171534044714342,2.0976444035691637,mlp,0.23856147,0.76143855,0.4771229,0.19972858,0.6128934463050324,328.08334,2.912494,0.3039839785824982,0.9237430095672607,0.26089972833534036,0.34375,0.4450490906560474,0.2899359271609578,0.3635977580759249
10.825698009353035,1.022229877314282,1.5709410029766573,2.05619422929554,A1,Si3,combo_010,22.259737774927924,1.6058628287408034,mlp,0.31128067,0.68871933,0.62256134,0.1235592,0.3791576753763447,364.8806,2.0111907,0.46114467371285794,0.5914622147878011,0.11593298980984955,0.1875,0.44479734625887096,0.3644845650894779,0.21791011563642176
8.570332163586757,1.1302706853733389,2.654378269878289,0.7749727417297245,Si3,PU,combo_005,6.641773814349271,3.000165946335431,mlp,0.73083675,0.26916325,0.5383265,0.18300557,0.5615766970629894,322.1922,3.7607427,0.2788229758492642,0.0,0.08518069802788505,0.34375,0.4446556852791036,0.25977903374235084,0.33687603163400004
12.286647744395854,1.2345732563153478,1.6037600721259153,1.0881641703978189,A2,Si2,combo_013,13.369889849750747,1.9799592945930282,mlp,0.67867297,0.32132703,0.64265406,0.06610562,0.20285379805272338,381.59494,1.9004705,0.5325313500768355,0.0,0.24861118135370777,0.15625,0.44461699255648773,0.42394180087285993,0.1691210884144746
9.355263776270823,0.8701207083891808,2.7444504103795344,1.8196327314229255,Si1,Si1,combo_002,17.02314417839763,2.388003135218418,mlp,0.68711,0.31289,0.62578,0.12591039,0.3863726028509722,341.59027,2.745979,0.36167189982573517,0.0,0.18817194704203785,0.09375,0.4444231869147223,0.2970577324968666,0.23245193075541482
12.733130225585473,1.175974458610043,1.7445755962620746,1.8461519424763586,Si3,Si3,combo_006,23.507293099769054,2.0515763423185858,mlp,0.28810054,0.71189946,0.5762011,0.1540462,0.472711029958327,388.0301,1.4913814,0.5600157972323562,0.7459963957468669,0.2815601622015373,0.09375,0.4441137735257466,0.4378010727644772,0.25065187950150464
8.146510415855637,1.0814390160238119,2.9853414101863858,1.9482134108895959,A1,Si1,combo_008,15.871140844121731,3.228464677127104,mlp,0.23295268,0.7670473,0.46590537,0.18941882,0.5812566028597516,322.14758,2.0187263,0.27863241847546283,0.8863514264424642,0.4208692850766293,0.25,0.44406685067207025,0.2735142812761737,0.34391651318731126
13.01089317290337,0.7764687495204403,2.277544540699102,0.56252817439406,Si3,Si3,combo_006,7.318993983789471,1.7684421614937373,mlp,0.71876293,0.28123707,0.56247413,0.18955077,0.5816615081443806,395.91913,2.4922593,0.5937097819017417,0.0,0.22010976839166227,0.09375,0.44368896385169854,0.46117419250839503,0.3003302822923159
11.837689099108484,0.6799802460755762,2.1983237119801684,1.7700017730245756,A1,PU,combo_007,20.95273069393571,1.494816698626049,mlp,0.74520016,0.25479984,0.5095997,0.1300843,0.3991808247099863,387.893,2.712577,0.5594303090496505,0.0,0.4399677889782044,0.25,0.4436521370525419,0.4760952241277293,0.29744875812826294
12.273477028940842,1.470529614601677,1.282232327978,1.4920486093041738,A2,Si3,combo_014,18.312624332357906,1.8855606110912995,mlp,0.71253645,0.28746355,0.5749271,0.10580017,0.3246617451888747,378.04694,2.5514708,0.5173778679731968,0.0,0.1803454339073475,0.34375,0.4435234891645432,0.42911637569387434,0.24314406242886488
9.2300841381247,1.2814309790897942,1.340752382269244,1.831017701462512,Si1,Si1,combo_002,16.90044744289468,1.7180816379282513,mlp,0.694244,0.30575597,0.61151195,0.14197083,0.43565618342268836,331.702,2.8020358,0.31943919825135586,0.0,0.18496873271489483,0.09375,0.44348781352956995,0.26750677758949476,0.25038360350237177
14.296506550768129,0.9757770150938861,1.4541779003562507,1.2468108089605487,A1,Si1,combo_008,17.825038897872997,1.418953371025117,mlp,0.25722387,0.74277616,0.51444775,0.085526325,0.26244879125598464,405.5026,2.0567615,0.6346406455489473,0.9518410364786783,0.5558263123134474,0.25,0.44318752431875524,0.536441183649656,0.25336637565578013
15.853379604159727,0.7652593436528592,1.6914542600652358,0.6594892819720373,Si2,PU,combo_003,10.45513393197744,1.294401176876355,mlp,0.70700276,0.29299724,0.5859945,0.10192969,0.31278466830598056,427.37482,1.6390058,0.7280566406377286,0.0,0.303909424209538,0.1875,0.44292609092047963,0.5679145836120489,0.215155022144922
12.305492289554511,0.9380017611836806,2.911108784241721,2.4262331692974506,A2,Si3,combo_014,29.855993557451182,2.7306251666160177,mlp,0.21657196,0.7834281,0.4331439,0.16712011,0.5128300789709342,388.7648,2.8539572,0.5631537375704326,0.7771461804707845,0.5076795756669051,0.34375,0.4428681037361422,0.49568578600679797,0.36437820648267893
11.518643658458014,1.636592695597971,1.16496166716414,0.7680902654839418,A2,PU,combo_011,8.847358065639938,1.9065677551324665,mlp,0.7117327,0.2882673,0.5765346,0.13098985,0.4019596043990776,350.22137,3.0265024,0.3985352368216281,0.0,0.21711729825114562,0.21875,0.44276809319591914,0.3399193118643263,0.26681866320160114
10.26917361896449,1.1882251388661367,2.9851643071042355,0.7034282285571847,A2,Si2,combo_013,7.223626607534365,3.547047273347165,mlp,0.69678056,0.30321944,0.6064389,0.087668315,0.26902176895185365,339.5381,1.5939782,0.3529070426720784,0.0,0.30156525136315504,0.15625,0.4425669463272806,0.3016835615815439,0.19386477984932948
8.673259582873957,1.2936373184597778,1.295580157272922,0.5458585353129319,A1,Si2,combo_009,4.734372772296429,1.67601084050424,mlp,0.24735823,0.7526418,0.49471647,0.17015767,0.5221512226813537,313.01144,3.5087378,0.23961208149390725,0.9823880195617676,0.36088544021113894,0.25,0.44204957034528136,0.24903320709914745,0.34514246508318935
13.93588937367604,0.8788446035955024,1.766803338428714,2.1507768033971217,A1,Si2,combo_009,29.97298759961087,1.5527455795925935,mlp,0.30123782,0.6987622,0.60247564,0.05727888,0.17576778364129608,408.77774,1.7187245,0.6486287559158159,0.6584145228068035,0.3110221472275848,0.25,0.44188011124860294,0.5197488426818625,0.17929479222170644
14.580447306049956,0.7233972573122007,2.0565007044344323,1.3395097202149944,A1,Si2,combo_009,19.530650891536446,1.4876669692484772,mlp,0.73734015,0.26265985,0.5253197,0.10840946,0.3326686957504653,415.32022,1.255939,0.6765716095581076,0.0,0.4365652881283633,0.25,0.4418109241313543,0.5491201476439501,0.24344105922345197
10.092439809614016,1.45067474241409,1.6678633619093124,2.2729581831719003,A2,Si3,combo_014,22.939693653432034,2.41952725291969,mlp,0.76007956,0.23992044,0.47984087,0.16197264,0.4970343831575497,345.95755,1.2963037,0.3803244949643063,0.0,0.34419810003789036,0.34375,0.44165987143027424,0.3421246971735289,0.3020138415423652
11.942634815249631,1.183276709677208,2.044408551058353,1.0252386547357906,A2,Si2,combo_013,12.244050851987348,2.4191010235322765,mlp,0.30637005,0.69363,0.6127401,0.12916382,0.39635618166680325,373.35522,1.0034022,0.4973396261582356,0.6241998672485353,0.1446213734378848,0.15625,0.4415912088138752,0.38359154025203485,0.20263869569024875
15.320490771214782,0.5626385869244617,2.994492214212803,1.7562626543872182,A1,PU,combo_007,26.90680578836855,1.684816867960994,mlp,0.32705823,0.6729418,0.65411645,0.041125827,0.12620001488844276,422.58066,2.07492,0.7075808467681496,0.48627869288126635,0.1693051680814382,0.25,0.4415898467642535,0.5489548381551209,0.1480778305556239
8.005986572869753,1.3136422645082089,1.3391445097271095,1.754274504452733,Si2,Si2,combo_004,14.044698127776321,1.7591568262616553,mlp,0.7482379,0.2517621,0.5035242,0.17235495,0.528893867351657,317.2051,5.348248,0.2575231712292254,0.0,0.3184150043060679,0.25,0.4415346499548965,0.26822700984808434,0.3792926176685592
14.116795954881198,0.7815982789572905,2.715307919706252,2.2169854932659807,Si3,PU,combo_005,31.296731843367493,2.1222799968815074,mlp,0.2554436,0.7445564,0.5108872,0.1818184,0.5579336926557178,410.87433,1.9987991,0.6575832580618672,0.9637095133463541,0.1685621877781107,0.34375,0.44152486004664165,0.5228060470465778,0.31155653728532684
9.437464620281077,1.421430897689635,2.6669462770201076,0.8836087335066678,A2,Si2,combo_013,8.339026160640548,3.7908798406347217,mlp,0.30261284,0.69738716,0.6052257,0.12960574,0.3977122828555375,327.0638,1.4301136,0.2996295731488759,0.6492477258046468,0.17014755599562706,0.15625,0.4414905951094435,0.2502763105116938,0.2157944203764951
9.84222372210273,0.795499405173401,2.8740073692082326,1.686313352969615,A1,Si3,combo_010,16.59707328549614,2.28627115266912,mlp,0.72214615,0.27785385,0.5557077,0.12621295,0.3873010728458216,345.5545,1.8526431,0.37860309193024716,0.0,0.3308017969917159,0.1875,0.44147966764108165,0.32725260098301606,0.2497015443091451
10.676478439508653,1.0469105947097082,2.174735375919375,1.1731575269416548,Si2,Si2,combo_004,12.525191042539868,2.2767535057399932,mlp,0.2964414,0.70355856,0.5928828,0.060111783,0.18446092405650438,350.32373,1.9922501,0.39897239785564304,0.690390427907308,0.3322251393490481,0.25,0.44108847698519804,0.34873092304053505,0.19119215144551396
11.052011265144333,0.6991917700967416,2.787682590872657,1.8251828760388038,A1,Si1,combo_008,20.171941706929392,1.9491247251801236,mlp,0.27680156,0.7231984,0.5536031,0.094656415,0.2904656762864785,371.50015,2.0360637,0.48941663636256993,0.8213227589925131,0.37002363175815733,0.25,0.4410551111706083,0.4160814296634601,0.23487250508244997
9.094588516789067,1.1513535655790907,1.8006627705357627,0.7197386440659591,Si1,PU,combo_001,6.545726807411605,2.0731995012618745,mlp,0.7646731,0.23532689,0.47065377,0.11899534,0.3651528680920552,324.68555,1.6660366,0.2894720309479773,0.0,0.4711251757500495,0.375,0.440551281371085,0.2965371481913909,0.2872520115295333
10.268375925115961,1.1531439580667455,1.2853977252358115,1.6098085862543061,A1,Si3,combo_010,16.53011973113868,1.4822486205684147,mlp,0.72988254,0.27011746,0.5402349,0.16704246,0.5125917998700645,350.13214,2.3097415,0.3981541220740254,0.0,0.2554836683172511,0.1875,0.44046553403806443,0.336115807400172,0.29173812311031233
10.194775161726342,1.1762900375092227,2.793482797007438,0.8297421870350288,A2,Si3,combo_014,8.459035039021204,3.2859459840732472,mlp,0.7399761,0.2600239,0.5200478,0.14546677,0.4463839557458415,340.93677,2.3275082,0.35888079476240936,0.0,0.23938725738826602,0.34375,0.44045448096990253,0.3227451434644191,0.2899569879909554
9.527265962005808,1.024480068623788,2.4834028037518783,0.5415208890081402,A1,Si3,combo_010,5.159213533562379,2.544196674808232,mlp,0.2895967,0.7104033,0.5791934,0.07694635,0.23612000231191543,331.66534,1.827544,0.3192826596700047,0.7360221544901531,0.38891180891697064,0.1875,0.440436169837638,0.2913905326994205,0.2049839872822367
13.333745214286523,0.8881046713963594,1.7914828440399886,2.0050397487989433,Si1,PU,combo_001,26.73468915500216,1.5910242825183494,mlp,0.2724028,0.72759724,0.5448056,0.14298081,0.4387554578763154,396.5934,1.1714469,0.5965896486419203,0.8506482442220052,0.1240694596388984,0.375,0.4403168071329736,0.4738823934712276,0.25069425630552244
15.84842092091862,0.7397924632365416,2.4140862743373654,1.6261361409565553,Si1,PU,combo_001,25.771690036597743,1.785922831357565,mlp,0.26117444,0.73882556,0.5223489,0.13382821,0.4106694805945427,419.81952,2.82169,0.6957880564060254,0.9255037307739258,0.23365633694112148,0.375,0.44019075705265187,0.5640612328776978,0.2915366276970462
11.75740492324092,0.7717581218387711,1.9678271819034894,2.3305798013363423,A1,Si1,combo_008,27.401570430237754,1.5186866100091188,mlp,0.7086268,0.2913732,0.5827464,0.09642265,0.2958855998762101,389.77066,2.7072494,0.5674497505940255,0.0,0.25168993877749174,0.25,0.4401468374279991,0.46284947001365995,0.23294322829362252
9.5537418698441,0.9909469969881708,2.8239462442932597,1.3786244467397208,A1,Si3,combo_010,13.171022099607928,2.798381050438429,mlp,0.30159053,0.69840944,0.60318106,0.09435211,0.28953187919217577,338.14105,1.1806808,0.3469403289525992,0.656062920888265,0.24544422428353788,0.1875,0.44012100377247093,0.2925700766163819,0.1887387750840227
11.060786004324196,1.011718612315828,2.4948293969558786,1.7372624006534618,A2,Si3,combo_014,19.215487646986464,2.5240653354529354,mlp,0.72316015,0.27683985,0.5536797,0.12263832,0.37633184345259696,366.0218,1.7015363,0.4660186151875009,0.0,0.18284013859285503,0.34375,0.43996215275458694,0.3883766660336405,0.24397084139820263
8.664315328363418,1.059424948997216,2.952431868133996,0.9852738914918857,A1,Si3,combo_010,8.536723680689422,3.127879981315614,mlp,0.29174283,0.7082572,0.58348566,0.13257664,0.4068288933826542,322.55817,1.7005662,0.28038601553915876,0.7217146555582683,0.19855979067376128,0.1875,0.4398504321250639,0.24437506139416926,0.23354513135783012
8.306439925823694,1.101931716070189,2.4477788428904943,0.5391090940952136,Si2,PU,combo_003,4.478077303567125,2.6972851409066236,mlp,0.27330238,0.7266976,0.54660475,0.1448649,0.44453702978859144,314.87503,2.5315523,0.24757143620564034,0.8446508248647054,0.2951692964931181,0.1875,0.439713574760509,0.23599119979136096,0.27847328169332786
10.337308449882888,1.0807020525828306,1.5549158488953763,0.826414683673681,A1,Si2,combo_009,8.542903492647238,1.6804007494948077,mlp,0.753837,0.24616301,0.49232602,0.16730557,0.5133991869520175,344.97137,3.5338411,0.3761125513703317,0.0,0.36123400159477037,0.25,0.4394742899389701,0.3447671837750254,0.3426523074695282
9.923463789079106,1.1043123933469468,2.4574034411769743,1.92366201206425,Si3,Si3,combo_006,19.089390319146638,2.713741075545167,mlp,0.7146562,0.28534383,0.57068765,0.21129194,0.6483771414482541,344.46725,1.1302158,0.3739594615906979,0.0,0.09495022645630193,0.09375,0.43943981358450235,0.2867599552878959,0.27665111682605426
13.64095960171018,0.7068094805425649,1.9032662699401441,1.115589225791595,A1,Si3,combo_010,15.217707561126284,1.3452466435905783,mlp,0.6874637,0.3125363,0.6250726,0.04251743,0.1304703366982921,406.72058,1.3949131,0.6398426533094028,0.0,0.3190872786639201,0.1875,0.4393485774163314,0.5062357997996363,0.14855796080230826
9.742840119090035,1.2587506809324918,1.9249423725943213,0.7738504488885717,Si3,Si3,combo_006,7.539501199607408,2.423022522258908,mlp,0.29829288,0.7017071,0.59658575,0.09395176,0.2883033540332682,333.30258,0.45973426,0.32627528111122844,0.6780474980672201,0.3573749381434403,0.09375,0.4390364126058794,0.27564944451665363,0.17607980336873377
11.61165345171335,0.667126370119456,2.6147817114821907,0.6388020041423512,A1,Si1,combo_008,7.417547496360938,1.7443898318358526,mlp,0.7413173,0.25868273,0.51736546,0.14213084,0.43614719109590644,373.13394,3.7466824,0.49639452936108536,0.0,0.3436024426577464,0.25,0.4390134396976762,0.42846295816616964,0.31738478499895223
10.632135663737218,1.0348897224187084,2.716848111815433,0.9533157667102788,Si3,PU,combo_005,10.135782562043346,2.8116381882904653,mlp,0.25479215,0.74520785,0.5095843,0.11954271,0.3668325505621759,350.0771,3.8396285,0.39791898835149625,0.9680523077646891,0.3474449354078134,0.34375,0.43897550403525365,0.369840235477429,0.3096917083250346
10.608043974059424,1.0747041756169768,2.491720514191459,2.2768016780373923,A2,Si1,combo_012,24.152412320832944,2.6778624410720417,mlp,0.7480788,0.25192118,0.50384235,0.15296315,0.4693875600659042,359.6214,2.8141677,0.438682625520872,0.0,0.23408106345187507,0.375,0.43888358216864287,0.3840853177191841,0.31199561282369925
11.744549391202586,0.9850471696739322,1.6153411372233526,0.7538873049671617,A1,Si1,combo_008,8.854066688587437,1.5911872152797344,mlp,0.73170745,0.26829255,0.5365851,0.14235315,0.4368293799091622,369.33072,5.307867,0.48015101215683054,0.0,0.2700692817781446,0.25,0.438656618033995,0.4189925815963563,0.33898048241559
12.71474029654755,0.8672777084718113,1.767528584277624,1.7971487519839782,A1,Si1,combo_008,22.850279655740827,1.5329381402307225,mlp,0.7138902,0.2861098,0.5722196,0.118361846,0.363208911190256,395.35532,1.7382724,0.591301746689033,0.0,0.21299277429795244,0.25,0.4386510324805951,0.46993286282405683,0.23060030455306693
8.884172718927113,1.3850885016745846,1.6446153179336642,1.9205657512189176,Si3,Si3,combo_006,17.062637851884865,2.2779377665478098,mlp,0.2900076,0.7099924,0.5800152,0.11180583,0.3430909029054046,328.08282,1.3201065,0.3039817627990819,0.7332827250162761,0.3600875547348307,0.09375,0.4385476190183497,0.265414813036603,0.21351083184028544
10.523005805532271,0.8950901893953578,2.637253747557065,1.893762025525338,Si3,PU,combo_005,19.928068788899687,2.3605799563844703,mlp,0.7786926,0.2213074,0.4426148,0.18630955,0.5717153790663373,355.7946,4.22729,0.4223383553412763,0.0,0.38390318071893903,0.34375,0.4383434235256299,0.39287735237446336,0.39491150925392515
9.261507065552262,1.078166034505242,2.2416136636488324,1.281625418271837,A1,Si2,combo_009,11.869782866715992,2.416831714629029,mlp,0.27254993,0.7274501,0.54509985,0.17328882,0.5317595725004975,331.47488,1.4573158,0.31846920647582255,0.8496671517690023,0.14173877567813423,0.25,0.4383296781453738,0.2701594080693659,0.27307646761656257
11.767039036428141,0.6944005744154209,2.5021430202830164,2.339649211936777,Si2,Si2,combo_004,27.530743608408393,1.7374895505540628,mlp,0.73423934,0.26576066,0.5315213,0.1264069,0.3878961990208014,388.0104,2.6181118,0.5599317278027379,0.0,0.3349459194360568,0.25,0.43826304991765286,0.4653841189872511,0.2757861691087402
14.100495267621646,1.438925954173647,1.271340619554305,0.7615531549396812,A2,PU,combo_011,10.73827665726931,1.829365014071894,mlp,0.30844727,0.69155276,0.61689454,0.14333865,0.43985352625633584,394.8997,2.4920423,0.5893557674887223,0.6103517214457195,4.0835021443947235e-10,0.21875,0.4380825486053396,0.4486141196574978,0.23642652256192037
12.158216167988268,0.6779382142294486,2.3434358626756424,1.8845360935396993,Si1,Si1,combo_002,22.912597201631822,1.5887047239035723,mlp,0.70769346,0.29230654,0.5846131,0.10574554,0.3244941130292531,392.0355,1.933857,0.5771228182679612,0.0,0.3583965775327442,0.09375,0.4380333002204995,0.4600822553895141,0.21948061316048412
11.199509798088902,0.9510503754229951,2.0706178421573687,0.6927314819479478,Si1,Si1,combo_002,7.758253019520686,1.9692618761413174,mlp,0.3258613,0.67413867,0.6517226,0.08920301,0.2737311763625669,360.80072,0.8434976,0.44371949224671314,0.49425776799519866,0.16143544944523064,0.09375,0.437784926389175,0.34054107255385924,0.14954981977191228
13.286167929982962,0.6539003339879478,2.727889974985569,1.5729106801463324,Si2,Si2,combo_004,20.89795543528789,1.783768165725438,mlp,0.73969245,0.26030755,0.5206151,0.12185328,0.37392282848221287,402.0719,2.245542,0.6199881911777931,0.0,0.38509500513014444,0.25,0.4376909745547167,0.5102302686291234,0.2706888607590844
15.766804525680644,0.8058189688284659,1.5827825667380817,0.7086326973479625,Si1,PU,combo_001,11.172873219591137,1.2754362158085535,mlp,0.71756035,0.28243965,0.5648793,0.040330507,0.12375947172000655,423.0398,1.9033239,0.7095418150915705,0.0,0.34770738317837635,0.375,0.4376536362898722,0.579650659104759,0.18917419835863597
8.478712117190375,1.130769723901285,2.1850902809917523,1.0377869128668253,Si1,Si1,combo_002,8.799096473185543,2.470833933736425,mlp,0.29913944,0.70086056,0.5982789,0.09832055,0.30170955995323495,319.7243,1.02934,0.26828262447815043,0.6724037329355876,0.328528072792267,0.09375,0.4376515468588467,0.23554604664870915,0.18826146472419228
12.004495206450578,0.6319692674165753,2.503267735208638,2.342949670910878,A1,PU,combo_007,28.125928093404593,1.5819882767673528,mlp,0.25271738,0.7472826,0.50543475,0.17868684,0.5483241082298337,389.45557,2.3858228,0.5661039880191288,0.9818841616312662,0.2652609480595529,0.25,0.4375268777347135,0.4613593879374432,0.31666433540271677
10.483021019255425,0.8045580162252104,2.516416591751042,1.095175122931463,Si1,PU,combo_001,11.48074383345617,2.0246031410554233,mlp,0.71317834,0.28682166,0.5736433,0.084330924,0.258780545999801,351.633,1.8661444,0.40456425315716554,0.0,0.17825013609502569,0.375,0.43730843799232455,0.3490002721273092,0.21024169609145182
11.219304069467238,1.0680392569442454,2.389948538928927,0.6377505515080869,A2,PU,combo_011,7.155117357839655,2.552558861652636,mlp,0.7172263,0.28277367,0.56554735,0.11197582,0.3436125471162513,357.26544,1.4133952,0.42862036200687414,0.0,0.2790781097413971,0.21875,0.43726713941647993,0.3576138254174166,0.22222727158652525
10.21809540865058,1.170767558368837,2.2571338923822832,2.0812023220477505,Si3,PU,combo_005,21.265923891389043,2.642579136095955,mlp,0.23516063,0.76483935,0.4703213,0.12714928,0.39017432281363035,350.16196,1.8574015,0.3982814644503619,0.9010709921518961,0.45625964390555473,0.34375,0.4372043027524762,0.36922645001933846,0.2930620713679578
13.541181444796534,1.2685813597084314,1.4535438920406896,1.1228698834905717,A2,PU,combo_011,15.204984831243376,1.8439386869608634,mlp,0.71029794,0.28970206,0.5794041,0.10689914,0.3280340963629766,396.74835,1.3268701,0.5972513858421867,0.0,0.23985259652080776,0.21875,0.43666777351531605,0.4712201421961395,0.20909601679601122
11.729942947593853,1.3373819720695777,1.626720024575442,0.8969721400199708,A2,Si3,combo_014,10.521432028015424,2.1755460344717767,mlp,0.72348434,0.27651566,0.5530313,0.05977244,0.1834196018603603,362.91547,2.4982944,0.45275154681233487,0.0,0.3559290229562194,0.34375,0.436632034580565,0.40112112438343955,0.2189437017117003
15.258775870264799,0.6790659729675845,2.4219456266666954,1.5576520999072265,A1,Si2,combo_009,23.767864276331682,1.6446608634470057,mlp,0.73204833,0.26795167,0.53590333,0.113360845,0.34786268081958865,422.89566,1.1458777,0.7089262183224434,0.0,0.3476389101594261,0.25,0.43657208460746927,0.562223384387073,0.23313676671974004
10.455559643980433,0.8120891264212382,2.9613048026593676,1.8432150510843723,A1,Si2,combo_009,19.271844903295094,2.404843430258663,mlp,0.29832208,0.7016779,0.59664416,0.113871515,0.3494297397192925,357.62503,2.6881669,0.4301561605947684,0.6778527895609539,0.12324307830897892,0.25,0.4365552183871478,0.35378616553568565,0.23202077915767383
12.959033633568945,0.9446237449067906,1.8583442538322963,1.0454431915164295,Si3,PU,combo_005,13.54793348084707,1.7554361083810792,mlp,0.7466091,0.2533909,0.5067818,0.12735246,0.3907977992174605,396.95465,1.6954445,0.5981324856006663,0.0,0.3117332163778648,0.34375,0.43567215736516246,0.49370957579128066,0.26824151199838825
12.661231965622498,1.475250538496211,1.3701239899802604,2.110664829553655,A2,Si3,combo_014,26.723617008659897,2.021276154024956,mlp,0.24666813,0.7533319,0.49333626,0.17765775,0.5451662128191321,386.70825,2.0981514,0.5543702417680387,0.9777873357137045,0.20556633096337287,0.34375,0.4355073277229239,0.45484622795289825,0.314699613797471
12.529749233571724,1.0993061051762483,1.590582760923444,1.1900047240628135,Si3,Si3,combo_006,14.91046077927277,1.748537339871235,mlp,0.7134687,0.28653133,0.57306266,0.13775964,0.42273360039858593,386.83746,2.3650084,0.5549221021788971,0.0,0.2851439446401897,0.09375,0.4354286057472104,0.4397719969784297,0.25182081029767306
9.81160627868941,0.9791420200078095,2.5149768599720987,2.0693451904879376,Si2,Si2,combo_004,20.303600263767184,2.4625195229459784,mlp,0.32834494,0.67165506,0.6566899,0.04050787,0.12430373895621408,346.0019,1.2469064,0.3805138792762991,0.47770039240519213,0.12058028134884259,0.25,0.43541204425936625,0.31022769800129024,0.1229281911424894
8.20009790946266,0.9963597548840252,2.5440520955465367,1.5618606487309488,Si2,PU,combo_003,12.807410240530645,2.534791122330938,mlp,0.765565,0.23443502,0.46887004,0.16884315,0.5181174423777026,322.15768,2.8237562,0.27867556108198005,0.0,0.477506165992095,0.1875,0.4353470832018808,0.27772971538484004,0.337638750829866
11.384884423669845,1.484769977101713,1.1978345682280287,1.3057267071406327,A2,Si2,combo_013,14.865547649695106,1.7785088044395705,mlp,0.68402773,0.31597227,0.63194454,0.07497451,0.23006914895173658,360.28366,3.8418798,0.44151113822187293,0.0,0.19859095901831333,0.15625,0.4353060116350369,0.3667326870915669,0.21141812650634068
14.980495451531896,1.142820718943181,1.11713780513203,1.6536998284308688,Si2,Si2,combo_004,24.773242758007708,1.2766882296195936,mlp,0.2689392,0.7310608,0.5378784,0.1428543,0.4383672426457677,414.9406,2.4802184,0.6749503077983846,0.8737386862436931,0.24073124556465136,0.25,0.435197884040889,0.5356583402080346,0.2764582224351671
8.60109286527472,1.0524358616202711,2.7681728069806493,0.5821054755251763,Si1,Si1,combo_002,5.006743252376943,2.913324333228484,mlp,0.26481685,0.7351831,0.5296337,0.14691024,0.45081340464665737,319.25897,1.8484628,0.2662951970939349,0.9012207984924316,0.414339828842577,0.09375,0.4351340234698115,0.2475911003758804,0.2703123442932556
11.193205275760251,1.520686023031695,1.2066744088410302,1.9128476634029472,A2,Si2,combo_013,21.410896557727536,1.8349729078745878,mlp,0.31478518,0.6852148,0.62957036,0.08745776,0.26837565809111874,359.8448,2.6697311,0.4396367157918884,0.5680987834930421,0.16504399016599686,0.15625,0.43471415392267987,0.35511837379459227,0.19547703688963858
9.925543535526609,0.9634420041594319,2.605525411173648,0.9175942469115241,Si1,Si1,combo_002,9.107621645669086,2.5102726240294673,mlp,0.28487283,0.71512717,0.56974566,0.12135989,0.37240881194616454,342.02322,1.593819,0.3635210362567337,0.7675144672393799,0.34166975570019453,0.09375,0.4345344099733851,0.3068728642491172,0.22668761908403112
11.02411566881718,0.7880242420967433,2.412197821006786,0.5756314803751147,A1,Si1,combo_008,6.345828022267731,1.9008703596862881,mlp,0.7459001,0.2540999,0.5081998,0.12805341,0.39294875851604294,358.64667,3.6853015,0.43451955950225685,0.0,0.39011852147703535,0.25,0.43446999399938896,0.38943827254164975,0.30796939430045295
11.342486536988199,0.935649180439237,1.7236693642465344,0.6342287979678034,A1,Si2,combo_009,7.193731602320018,1.6127498280054904,mlp,0.7645533,0.23544669,0.47089338,0.12869103,0.39490538156847366,359.70667,3.4573705,0.43904679604235014,0.0,0.5245800361159615,0.25,0.4344141733170329,0.40470250442760797,0.32409499151864335
15.87550980694731,0.9832102081564992,1.197586163745234,1.5152912370197362,Si1,Si1,combo_002,24.056020893688142,1.177478941341295,mlp,0.67974824,0.32025176,0.6405035,0.14774704,0.45338124948786684,426.12714,3.1085114,0.7227278118617403,0.0,4.351524932522738e-10,0.09375,0.4343466385630531,0.5331284660774549,0.2351999294435512
15.50083771213262,1.024628184494741,1.3075403172336648,2.264648039077962,A1,Si1,combo_008,35.10394172884686,1.3397426614008077,mlp,0.2768396,0.7231604,0.5536792,0.14915006,0.45768659754819907,424.14468,3.4474056,0.7142607820672738,0.8210692405700684,0.15690182681356535,0.25,0.43421185088113234,0.5605254098373949,0.29070996214521744
15.507923888722821,1.0571253722090037,1.1979746386847983,1.5503734606383464,Si1,PU,combo_001,24.043073626675284,1.266409385816614,mlp,0.72473824,0.27526176,0.5505235,0.08773036,0.26921217274690673,418.8493,2.3471088,0.691644280737152,0.0,0.23037893332843323,0.375,0.43397659568463165,0.558019927440071,0.23168973202995713
13.748725961437184,1.1281056675495253,1.5763819877881022,1.4808015618395962,Si3,Si3,combo_006,20.359134877000788,1.7783254546467449,mlp,0.68895257,0.31104743,0.62209487,0.1323417,0.4061079287725192,402.15125,1.9286367,0.6203270757002853,0.0,0.11163388941895615,0.09375,0.4338759510162274,0.4656180252282679,0.210922750019829
14.937263928240608,0.5694132964783369,2.553196883027618,0.9482152818037628,A1,Si2,combo_009,14.163741925093849,1.4538242537229709,mlp,0.7406327,0.2593673,0.5187346,0.1398948,0.42928561264295834,420.52344,2.014412,0.6987944834813347,0.0,0.3111476856143862,0.25,0.4338690046529998,0.5566299945322654,0.2741789236358171
15.884152671724053,1.093611329905174,2.0688494489211595,0.8512757610561557,A2,Si2,combo_013,13.521794154354062,2.2625171972082554,mlp,0.2433681,0.7566319,0.48673618,0.13561733,0.4161596395899423,419.20615,1.2541343,0.6931683487069601,0.9557872613271078,0.535251975881565,0.15625,0.43385414640016334,0.5612208370098931,0.27336595388274076
13.339639651639994,0.5760463510989153,2.560318760803791,0.6946971128627693,A1,Si2,combo_009,9.26700915262402,1.4748622798111206,mlp,0.74737763,0.25262237,0.50524473,0.12547448,0.3850349750371662,400.42023,2.409062,0.612933918821516,0.0,0.4038349908926661,0.25,0.4337150974361667,0.50813548601278,0.2807813430164907
10.153207556610816,1.0349135516439871,2.2407421435042094,1.173433561865036,Si1,PU,combo_001,11.91411450750883,2.318974410052302,mlp,0.2619694,0.7380306,0.5239388,0.072513685,0.22251779114038886,344.20587,2.0393605,0.37284309776948815,0.9202040831247965,0.3673061409628138,0.375,0.4328899339812824,0.3467277445606568,0.2295015151336263
14.20078606197486,0.6166508725391266,2.6552596532178274,1.3506411739902824,A1,PU,combo_007,19.180166358330563,1.6373681819747121,mlp,0.29947135,0.7005286,0.5989427,0.06547924,0.2009316753997565,409.4558,2.3103142,0.6515247848409133,0.6701908111572266,0.2385736237642076,0.25,0.43284427527086533,0.5180376612599445,0.18950745318664192
12.977431703114185,1.1267745105300615,1.79353793914493,2.1903736268281166,A2,PU,combo_011,28.4254241464644,2.020912833497124,mlp,0.28936952,0.7106305,0.57873905,0.11919673,0.36577085735481757,397.84546,1.4245056,0.6019371160666456,0.7375365098317465,0.17882387996664803,0.21875,0.4328081864759817,0.468975983622286,0.21517503239557603
14.047848947812495,0.9073735598849598,2.4728782087218715,1.7806997712928256,A2,PU,combo_011,25.015001408525873,2.243824303409907,mlp,0.71321934,0.28678066,0.5735613,0.05384441,0.1652286660869807,411.85565,1.1149924,0.6617744775638895,0.0,0.3982807961371164,0.21875,0.4327976342956202,0.5309732919038328,0.17148292553490577
13.913162720739031,1.4312637112960842,1.1047087953837476,2.11476777539996,Si3,Si3,combo_006,29.423108175714933,1.581129610382369,mlp,0.2714911,0.7285089,0.5429822,0.15606776,0.47891447156636663,400.65414,2.2952554,0.6139329764618631,0.8567259311676025,0.32081667715230405,0.09375,0.43266239366514614,0.48423344497780296,0.2753879947085134
10.129752831518992,0.8945131738006097,2.762818125151333,1.1479378545248884,Si1,PU,combo_001,11.628326732281325,2.471377209762969,mlp,0.28921708,0.7107829,0.57843417,0.07662087,0.2351212283221347,345.04858,3.4072561,0.3764423120787568,0.7385525703430176,0.15289965908707406,0.375,0.43259194112339006,0.33591429158992236,0.23012885406710665
11.050930338796455,1.3993867286090933,1.7635423973211466,2.4116322304137765,A2,Si1,combo_012,26.650779781098965,2.4678778261506773,mlp,0.2369821,0.7630179,0.4739642,0.12415019,0.38097119836234444,362.7295,2.302624,0.4519572536276936,0.9132140477498373,0.389434105687202,0.375,0.4324911134861551,0.4058808565577662,0.29374082485371256
9.897668409783284,1.6227436984046422,1.6215599521686515,1.52164304316415,A2,Si3,combo_014,15.060718279292312,2.631376193967012,mlp,0.23107676,0.7689232,0.46215355,0.14835043,0.4552328395150245,333.8192,1.572486,0.32848181037325525,0.8738451798756918,0.3896240333088849,0.34375,0.4324754856030755,0.3120143897686706,0.2999266159443533
11.924615720371442,0.9556472499214616,2.9919758764447413,1.0964659495768574,A2,Si2,combo_013,13.074935099176194,2.8592735181557716,mlp,0.26338002,0.73661995,0.52676004,0.09914085,0.304226763055006,373.38065,1.6365054,0.4974481995456341,0.9107996622721354,0.4905112185269166,0.15625,0.43236622912052813,0.4220090339038196,0.23541065314043386
8.673016007376084,1.0902611172682333,2.4849586005245747,1.375708388380429,A1,Si3,combo_010,11.931540873905016,2.7092537401732284,mlp,0.27416855,0.72583145,0.5483371,0.117611386,0.3609060266733585,325.236,1.0902501,0.2918229771526662,0.8388763268788656,0.32317751485878643,0.1875,0.4323229372948089,0.2612252620747287,0.22350372960143633
15.925940777216786,0.9532578090904531,2.0677238978939694,0.6435992091999344,A2,Si2,combo_013,10.249922889981713,1.971073952710377,mlp,0.76064074,0.23935926,0.47871852,0.13907869,0.4267812814596088,428.00366,1.4242707,0.7307424308186798,0.0,0.5429150269158812,0.15625,0.4321871497036654,0.5892974266941823,0.28176248105155904
14.602190198766827,1.3208098230558292,1.201108793697928,2.2997695163419944,A2,Si2,combo_013,33.581671890951796,1.5864362932749605,mlp,0.6830466,0.31695342,0.63390684,0.044181224,0.1355759042625575,419.92422,3.8157358,0.6962352536355141,0.0,0.26477134260679586,0.15625,0.4321383437728804,0.5515026462308152,0.18773018837137978
14.787868876313652,0.65482636383115,2.428447593385062,0.5379154598489779,Si2,PU,combo_003,7.954623286788647,1.5902115073308474,mlp,0.24158688,0.75841314,0.48317373,0.124116056,0.38086646255721257,412.80875,3.9626818,0.6658451323800251,0.9439124266306559,0.5380372274394752,0.1875,0.4317061038935614,0.5615521229894568,0.3223076725391667
9.80508397096511,1.0945382075165617,1.762413073220801,1.4583504843051829,Si2,PU,combo_003,14.299248957709954,1.9290284460668503,mlp,0.71520317,0.28479683,0.56959367,0.13632672,0.41833647990389455,341.35962,1.5962893,0.3606867885868906,0.0,0.18060205512861768,0.1875,0.43124230956701065,0.298171762435519,0.23271589342707422
11.946352183759831,1.3060527636560582,1.2236807752095546,2.228067985915547,A2,PU,combo_011,26.617284849107563,1.5981916582952265,mlp,0.7620782,0.23792177,0.47584355,0.17822303,0.5469008352891943,381.00342,2.8942325,0.5300049659616565,0.0,0.36368886535178213,0.21875,0.4311149069222421,0.4458212934734353,0.3367898798318269
11.093329894052273,1.4657643482787346,1.5811288341181193,0.8540993052337111,A2,Si2,combo_013,9.474805355238404,2.3175622750858604,mlp,0.31200942,0.68799055,0.62401885,0.074472286,0.22852801679357815,348.83295,2.755304,0.3926052790388192,0.5866036415100099,0.20055757726727644,0.15625,0.43101070845765416,0.3262549319603585,0.18863261864044475
11.518309129391373,0.7026264690731058,2.5598103899912226,1.651559764309921,Si1,Si1,combo_002,19.023175910986424,1.7985905358161827,mlp,0.31161615,0.6883838,0.6232323,0.10706554,0.3285447205655121,377.55466,1.0725319,0.5152753501915349,0.58922545115153,0.1653743115119467,0.09375,0.43092814345068736,0.3923815841673194,0.17407672651189735
10.675600647617818,1.4278246887630481,1.9322356629650184,0.7930022618951188,A2,Si2,combo_013,8.465775460649924,2.7588937840898895,mlp,0.31667292,0.6833271,0.63334584,0.06439296,0.1975982829272361,342.9223,1.6143206,0.3673609889171727,0.5555138587951661,0.19656914781947082,0.15625,0.43090282791080364,0.3014222868038612,0.1535391504270793
14.618353660244058,1.1122884117154037,1.5242864968131433,2.407624426449354,Si3,PU,combo_005,35.19550534687891,1.695446206539528,mlp,0.26270503,0.737295,0.52541006,0.11498683,0.3528522296449015,415.5214,1.7872722,0.6774308121628262,0.9152998129526774,0.24842097903376661,0.34375,0.4307290181250729,0.543431459028982,0.24736870137147499
15.709986345929511,1.3227901605920256,1.3530650870125924,2.121254674532066,A2,PU,combo_011,33.32488197313791,1.7898211837408502,mlp,0.28375244,0.71624756,0.5675049,0.057171244,0.17543749204364545,423.26447,3.2237542,0.7105013796510271,0.7749837239583334,0.3964054095191191,0.21875,0.43071661482082524,0.577393567242961,0.218521145516799
8.961332102045686,1.2333934402051052,1.5903275354288793,2.1151593894260916,Si2,Si2,combo_004,18.954645737407386,1.9614995499755317,mlp,0.72700584,0.27299416,0.5459883,0.12559174,0.385394794312688,331.45572,3.5922587,0.3183873528296206,0.0,0.22930399121597456,0.25,0.42999841242806947,0.291512794364193,0.27927314560835076
11.92896356423426,0.7550740145500667,2.084783466045908,1.0301130510351957,A1,Si2,combo_009,12.288181052841036,1.5741658211748863,mlp,0.7283124,0.27168763,0.54337525,0.07541347,0.23141617349462115,380.75357,2.6490214,0.5289378707364091,0.0,0.3927876334931247,0.25,0.42998697845210776,0.44965579643093423,0.23033563822856012
8.12659625448976,1.019174963554646,2.356360152909132,1.7121839924808309,A1,Si3,combo_010,13.914228020292043,2.401543272962785,mlp,0.7581712,0.2418288,0.4836576,0.13319075,0.4087133605300432,323.2317,1.5252283,0.2832626237743133,0.0,0.49633805032638084,0.1875,0.4298943967614439,0.2751272561074769,0.2752340342493405
13.737138220940022,1.2408876235002864,1.5741604026797626,0.5805863161119994,A2,Si2,combo_013,7.975594473616913,1.9533561610895445,mlp,0.29010493,0.7098951,0.58020985,0.059875358,0.18373542112344457,395.43848,1.5009274,0.591656923736645,0.7326338291168213,0.39600960273383995,0.15625,0.42951468369524615,0.4777013863494642,0.176250865914782
11.293153095585119,1.7612118480858507,1.1460476319442399,1.2406161104605173,A2,Si1,combo_012,14.010467668279961,2.0184326678509277,mlp,0.23588505,0.764115,0.4717701,0.1293072,0.39679615892809067,345.93466,3.8811557,0.38022673981358746,0.9059001604715983,0.36119175945477083,0.375,0.42942174999802984,0.3622014829629453,0.327789981560897
8.580333000107135,1.1121857898404028,2.279992411663333,0.6719715743637228,Si2,PU,combo_003,5.7657398746469966,2.535775161195909,mlp,0.2719416,0.7280584,0.5438832,0.14563967,0.44691451656092335,318.51282,2.3441937,0.263108379180499,0.8537226517995199,0.23192404309661943,0.1875,0.4290865583226396,0.2394320287831323,0.2659318439257398
15.700356754440534,0.5663811897149141,2.8488317413402804,0.7831678854145221,Si1,PU,combo_001,12.296015199628803,1.6135247109579185,mlp,0.21726945,0.7827306,0.4345389,0.10206508,0.3132001363371651,419.97968,2.5285397,0.6964720817806557,0.781796137491862,0.5773024757597164,0.375,0.4288217932437085,0.5971671130994509,0.30288784805153657
9.697029999316092,0.9928419349980525,1.9743968607976128,1.901485274091779,A1,Si1,combo_008,18.43875974612576,1.9602639997283824,mlp,0.7231866,0.2768134,0.5536268,0.09218614,0.2828853052167348,346.3741,0.52461386,0.38210363870739017,0.0,0.29590864352404617,0.25,0.4288138308899135,0.32459221755111106,0.18974697471683086
11.371216497340457,0.7644807161869033,2.3760924794813882,1.5153548629607996,Si1,Si1,combo_002,17.23142821702493,1.8164768804402465,mlp,0.326198,0.673802,0.652396,0.12120893,0.3719455600615145,374.8017,0.8542354,0.5035174910032676,0.4920134544372559,5.1483419517826e-10,0.09375,0.4286721498670919,0.3663197717359833,0.1599322940364991
14.414314859925854,0.9238027403186224,2.435936391237573,0.6141366774219267,A2,PU,combo_011,8.852359435388369,2.250324713467126,mlp,0.2999793,0.7000207,0.5999586,0.039959013,0.12261949530008077,409.42343,2.2195034,0.6513864938876963,0.6668044726053874,0.31517636469909033,0.21875,0.4284591231385933,0.5219378810846211,0.1670172241865283
11.406120431138552,1.1608877962078963,1.3384776108899956,1.0970757723618512,Si1,PU,combo_001,12.513378381643617,1.553822323979697,mlp,0.74508893,0.25491107,0.50982213,0.11684279,0.35854749340079833,359.7813,0.8700832,0.4393656081738947,0.0,0.253368470058834,0.375,0.42843957805165966,0.37496923327427945,0.2357645051124487
10.453248261995675,1.2643566162590616,2.1283145421936522,2.4676534448385796,A2,PU,combo_011,25.794994083466523,2.69094857290292,mlp,0.2349867,0.76501334,0.4699734,0.2048546,0.6286232964256031,356.1547,1.580962,0.4238763697125868,0.899911085764567,0.2853788448162514,0.21875,0.42839819802114754,0.35591630052695133,0.326402330834203
10.927325438578942,0.8222608511036615,2.291268245997725,0.5518648491913972,A1,PU,combo_007,6.030406805226686,1.884020178060883,mlp,0.7672814,0.23271859,0.46543717,0.10780583,0.33081639696758636,353.74142,3.4810243,0.41356932730118884,0.0,0.5683161814610493,0.25,0.4283603323781564,0.3913820905356841,0.3087149676334271
11.377606588442923,0.869214054193606,2.715774573769429,0.5077996495788669,Si2,Si2,combo_004,5.777544638657524,2.360589427542038,mlp,0.23115662,0.7688434,0.46231323,0.11514243,0.3533297023701523,357.16644,2.3022451,0.4281975383949647,0.8743772506713867,0.5554116472697729,0.25,0.4280834845695545,0.39334456456308486,0.290205073278732
10.494099499476366,0.8012341535850335,2.391565467027587,0.705698741472909,A1,Si3,combo_010,7.405672809671956,1.9162039327170441,mlp,0.72261447,0.27738553,0.55477107,0.13549332,0.4157791063568895,349.14902,2.0199277,0.39395521250014665,0.0,0.21618806443893826,0.1875,0.4280441796423539,0.327529235875657,0.2459471292765641
10.050121322655311,1.3317430796416425,1.400745381612963,2.4738529969295495,Si2,Si2,combo_004,24.86252275355641,1.865432968303055,mlp,0.26123714,0.73876286,0.5224743,0.108279586,0.33227016926732766,344.52188,2.2430384,0.3741927705504136,0.925085703531901,0.3535128297566343,0.25,0.42772832665222404,0.33500041719962587,0.25132116564241497
10.167657628842008,1.0698570641076426,2.2195094310859034,0.6288661392380626,A1,Si2,combo_009,6.3940955981443075,2.3745578437007886,mlp,0.25084904,0.749151,0.5016981,0.15281935,0.468946302471701,338.81342,1.687218,0.34981198426011734,0.9943399429321289,0.2913978997049398,0.25,0.4274855814659462,0.3084279332669887,0.27831003092128026
9.577647190664413,1.2072210121726004,1.504019513531011,1.8342312418922402,Si1,Si1,combo_002,17.56761970093811,1.8156839594522491,mlp,0.70357114,0.29642886,0.5928577,0.10101004,0.3099626087917169,338.318,1.5381373,0.3476960414377567,0.0,0.27219239700981734,0.09375,0.42745749006700745,0.2885175972590694,0.1932547225593765
14.825408552600106,0.9567043684868328,1.6310602532913407,0.7377231324655444,Si2,Si2,combo_004,10.937046837505623,1.5604424695890657,mlp,0.27749413,0.72250587,0.55498827,0.11532722,0.35389675267333515,409.58893,2.52462,0.6520933287974944,0.8167057832082113,0.2093931422775583,0.25,0.4272370359737436,0.5167878205320818,0.24311395128858085
13.332924074580042,0.6346054988936217,2.71933113214842,2.18061187980281,A1,Si1,combo_008,29.073932629538128,1.7257024897740054,mlp,0.28307298,0.71692705,0.56614596,0.07472753,0.22931126045483277,403.64514,1.7700433,0.6267074892176069,0.7795136769612631,0.2921293419337643,0.25,0.4270963873038614,0.5028188503343225,0.19626570035943042
10.803982970778645,1.1034252145430576,2.46234554579743,1.8631506770978314,A2,Si1,combo_012,20.12944818735967,2.7170141621506714,mlp,0.75827885,0.24172115,0.4834423,0.11849042,0.3636034594961195,359.87964,3.1526117,0.43978556430138305,0.0,0.3339240931343676,0.375,0.42677241340070704,0.3968476917911393,0.2969686809273675
10.719439815607842,0.6493351844320593,2.962104619111542,2.3097401202343586,Si1,PU,combo_001,24.759120208547028,1.923398749157848,mlp,0.23515542,0.7648446,0.4703108,0.14930722,0.4581688715218842,368.5144,2.9506507,0.47666454212139103,0.9010360240936279,0.28749174979038394,0.375,0.4267700490932178,0.4168226851868404,0.31891202503111593
15.366053445442919,1.042786555346781,2.1543473899862944,1.7009428522224312,Si3,Si3,combo_006,26.136778774893994,2.246524493824136,mlp,0.2686413,0.7313587,0.5372826,0.16915941,0.5190879347278964,413.19736,2.8520215,0.6675048844990309,0.875724713007609,0.262195980263146,0.09375,0.4267605215233298,0.5191717559787824,0.29220576000524706
10.56104697195883,1.2120055447172318,1.414354688127681,2.4513831945870965,Si1,Si1,combo_002,25.889173064304817,1.7142057242075603,mlp,0.27346784,0.72653216,0.5469357,0.06198019,0.19019438060054197,356.48056,1.6693127,0.4252681423784219,0.8435477415720622,0.5537812487405405,0.09375,0.4264734730022366,0.37175445153988096,0.1962954150245313
11.520115286969036,0.9091419359263602,1.589355640448171,2.4734522257103055,Si2,PU,combo_003,28.494454796992876,1.4449498638325302,mlp,0.72273886,0.27726114,0.5545223,0.10124586,0.3106862483831224,378.28223,2.9564016,0.518382790922587,0.0,0.3108287942600831,0.1875,0.4263395081550562,0.42964325030501327,0.24278796638928468
15.056743627720781,0.8344163797500458,2.019786514094216,1.7287299346016356,A1,Si2,combo_009,26.02904342686334,1.6853429509584605,mlp,0.31518546,0.6848146,0.6303709,0.038399477,0.11783385092315661,416.28897,1.1023635,0.6807091288973349,0.565430482228597,0.16187246302857036,0.25,0.42615995328782735,0.5236368608548663,0.1238590024109524
10.318474161072587,1.0729173169222523,1.5517507266644126,0.9366292538157145,A1,Si2,combo_009,9.664584754002147,1.664900226184937,mlp,0.7616501,0.23834991,0.47669983,0.16284148,0.49970053927622415,346.08246,3.541205,0.3808579774068296,0.0,0.3432553773677384,0.25,0.42612830542338265,0.3463347660253297,0.33531374971505234
12.745221130646701,1.224671543508475,1.857785756912842,1.219120877582944,A2,Si3,combo_014,15.537965169782689,2.2751773504265107,mlp,0.26733908,0.7326609,0.53467816,0.11181308,0.3431131715529048,386.00986,1.5569707,0.551387406269103,0.8844059308369955,0.19312769916599587,0.34375,0.426071616256944,0.4483067115500225,0.23088841527609405
9.359417569778348,1.2820954373061715,1.2256513037153012,1.8592156948979808,Si1,PU,combo_001,17.40117604083582,1.5714019442217482,mlp,0.7512304,0.24876958,0.49753916,0.099571265,0.30554754077311624,334.0357,3.1051698,0.32940644375885497,0.0,0.33071867146565215,0.375,0.42533646532504255,0.31898056884502646,0.27518410872585797
9.101524194340538,1.142141261078277,1.9393065791188855,2.3998158258117925,Si2,PU,combo_003,21.841981800587348,2.214962061892243,mlp,0.2868995,0.7131005,0.573799,0.10105365,0.3100964264445082,334.0325,1.9741715,0.32939275803775436,0.7540032863616943,0.23367873566915387,0.1875,0.42528073206736977,0.28381338012892726,0.21063257538049457
9.400635307865512,1.5193868338596297,1.8580927528372038,1.8802613118851104,A2,PU,combo_011,17.675650876520695,2.8231616647508426,mlp,0.23504189,0.76495814,0.47008377,0.21954942,0.6737163016376555,331.61896,1.5123991,0.3190845425645477,0.9002790451049805,0.21853810878824062,0.21875,0.42519674572945754,0.27547156439211645,0.3307364299047972
14.471339276370124,0.9348294311615087,2.566290658595192,2.365906423684912,A2,Si3,combo_014,34.23783455328784,2.399044036569637,mlp,0.80662775,0.19337225,0.3867445,0.24783069,0.7605011076708769,421.24625,3.7375014,0.7018815911410372,0.0,0.31198835337193404,0.34375,0.4251454056409492,0.5784630750323225,0.44003858132800794
12.322270488471366,0.9588492722673932,2.5742670271850665,0.827990856859032,A2,Si3,combo_014,10.202727300198168,2.468334065638347,mlp,0.26733103,0.732669,0.53466207,0.10088155,0.30956831197981904,381.08792,1.7609332,0.5303658779781106,0.8844599723815918,0.22052458646123116,0.34375,0.4251405691255173,0.43754024987931833,0.22748846543193374
11.91065398904142,1.4269969882941806,1.339712971352644,1.8885451000747564,A2,Si1,combo_012,22.493807229690024,1.9117663752988712,mlp,0.76023364,0.23976636,0.47953272,0.12798312,0.39273306814590236,375.26788,1.8668187,0.50550856791311,0.0,0.3069847772104056,0.375,0.4249506899469856,0.43253875294673705,0.2764492623354447
12.890946207024047,0.9696279824293655,1.1665019282423554,1.689444087117801,A1,Si2,combo_009,21.77853284681042,1.1310729111815996,mlp,0.7696015,0.23039848,0.46079695,0.14606681,0.448225257383497,399.17316,3.5968509,0.607607696849547,0.0,0.44204894556948365,0.25,0.42447945417913785,0.5152687492311349,0.33327081599790925
12.972627140323613,0.9504256654116434,1.843374240836109,1.1129975527053562,Si3,PU,combo_005,14.438502259339264,1.751990189449342,mlp,0.75823414,0.24176586,0.4835317,0.11466274,0.3518577081894483,397.3806,1.6199288,0.5999517741256454,0.0,0.35928627680190545,0.34375,0.4241765520867768,0.4992907900901307,0.26017886121355227
8.706438078121733,1.2837517591685343,1.195934425542595,1.780905261139367,A1,PU,combo_007,15.505341379111114,1.535282922640517,mlp,0.26765975,0.7323402,0.5353195,0.14497481,0.44487430605955963,322.11792,1.8385417,0.2785057278001311,0.8822681109110514,0.1699271931441342,0.25,0.42414595081744366,0.24726340444193712,0.2548034509284777
8.744067424720686,1.4149419482381205,2.1245033315874577,0.5481052568052683,A2,Si3,combo_014,4.792669321349114,3.006048883034735,mlp,0.77533305,0.22466695,0.4493339,0.13279504,0.4074990562117363,319.04382,2.9158356,0.2653762986771773,0.0,0.4275017757770987,0.34375,0.4239462821345603,0.2795905626348677,0.31676935198164047
12.000958320582074,1.6446422575829087,1.2297797860469495,1.4722059289770268,A2,Si3,combo_014,17.66788199296711,2.0225478036540814,mlp,0.2556329,0.7443671,0.5112658,0.1382712,0.42430338000573586,365.16394,2.4550378,0.46235475213855687,0.9624474843343099,0.1807176033565622,0.34375,0.42351185431243493,0.3900658375418136,0.2760739509875787
15.977960490336372,1.1227652012944924,1.6929134518256856,0.5974675337434575,A2,PU,combo_011,9.546312648411677,1.90074431251322,mlp,0.3013928,0.6986072,0.6027856,0.03328183,0.10212967605016564,422.90167,1.6605283,0.7089518953420323,0.6573813756306967,0.2917043904292335,0.21875,0.42341970087423836,0.5565733261014992,0.14472900629897953
12.046612113483288,0.7964022432139889,2.150896253045934,1.7398910721999004,Si1,PU,combo_001,20.959792866504745,1.7129786008463452,mlp,0.22455017,0.7754498,0.44910038,0.13602097,0.4173982702336498,382.22504,0.8014087,0.5352224842060261,0.8303345839182537,0.3816844986001934,0.375,0.42311762465182057,0.4544936041165817,0.27418502296501057
9.248556276637517,1.4886587414532702,1.2569524265423457,0.5708607664551139,Si3,Si3,combo_006,5.279637924684547,1.8711732173631623,mlp,0.26595467,0.7340453,0.53190935,0.14034852,0.4306779289627401,321.28256,1.2218956,0.2749379254792935,0.8936355113983154,0.34420247509563534,0.09375,0.4228447071884987,0.24291350639494846,0.2397461350758825
9.483915101611824,1.210051034772687,1.9085773785955538,1.235936778485501,Si3,Si3,combo_006,11.721519478116113,2.309476031913292,mlp,0.7159228,0.28407723,0.56815445,0.11580204,0.35535381725771714,336.30896,1.477348,0.3391154853282553,0.0,0.28182428611243543,0.09375,0.42212416533271707,0.2831140883042524,0.20932534882837175
10.638929414949972,0.7555106546038736,2.804514117697426,1.0387812260885385,A1,Si2,combo_009,11.05152014193115,2.118840296907387,mlp,0.7176104,0.28238958,0.56477916,0.09312695,0.2857723187633886,353.41812,1.3669652,0.41218850321223427,0.0,0.20716900689363973,0.25,0.42206973221189653,0.34177041567788097,0.19492113219106744
14.286975673266896,1.3938809211749008,1.295339945953424,1.9531491942421046,A2,Si3,combo_014,27.90459502439779,1.8055496371002049,mlp,0.7620217,0.23797828,0.47595656,0.104865395,0.32179327360641247,410.05078,3.5424802,0.6540658973988006,0.0,0.402588991862491,0.34375,0.42199595929093187,0.5528962303906203,0.2960352051298556
14.203916445561736,0.7548449427576248,2.263701607133542,1.7645165668643286,Si2,Si2,combo_004,25.063045882550373,1.7087437100570617,mlp,0.7360029,0.26399708,0.52799416,0.12272217,0.37658914464250176,412.5935,1.3572363,0.6649258429426647,0.0,0.25062718279788687,0.25,0.42197922889167777,0.5229747062173711,0.23302392061656899
12.389314844543236,1.1185058111116688,1.595466224352784,2.2438455501000356,Si3,PU,combo_005,27.799708982716655,1.7845382433709824,mlp,0.2259527,0.7740473,0.45190537,0.13549572,0.4157864682711555,389.50604,1.6893107,0.5663195707115142,0.8396845658620199,0.39488408176654716,0.34375,0.4217110388531209,0.4797192658838553,0.2893329298918788
13.432889801043402,0.9776358195146466,1.401026359857449,2.479219457398851,A1,Si3,combo_010,33.30308176384138,1.3696935534808594,mlp,0.30184352,0.6981565,0.60368705,0.09302063,0.2854460625007316,404.46808,1.6731861,0.6302222430766544,0.6543765068054199,0.12450412482862246,0.1875,0.4216454104369733,0.4816925676179421,0.17938478803452562
11.01002787151835,1.3331257858525973,1.431152823540388,0.7807704200543734,Si3,PU,combo_005,8.59630408605574,1.9079067325574435,mlp,0.7528102,0.24718982,0.49437964,0.12595761,0.386517509101338,349.43158,1.4310161,0.3951620324208216,0.0,0.26537746131980383,0.34375,0.42125556523861685,0.3454273720011204,0.25430445849441596
10.509100848969158,1.6026347071156624,1.1587678699317336,2.023567753369065,A2,Si1,combo_012,21.265877594877452,1.857081605843084,mlp,0.76937026,0.23062974,0.46125948,0.1205725,0.369992595103129,347.83667,3.2773242,0.38835019283832733,0.0,0.3716001851334585,0.375,0.42118163339558035,0.36534973254334424,0.30744346270720657
8.062965893348027,1.1902756726413635,1.338919619390978,1.3678722508100805,A1,PU,combo_007,11.029107304738877,1.5936834505833148,mlp,0.7777795,0.22222048,0.44444096,0.14926693,0.45804522794315616,316.30258,3.3307903,0.25366849012607806,0.0,0.47017602449521395,0.25,0.42117572529270403,0.2687470269568449,0.33540741842112753
15.038064437117068,0.6601050666658042,2.4370087048185063,2.2832753927630423,A1,PU,combo_007,34.33604248405441,1.6086817935593651,mlp,0.26773536,0.73226464,0.5354707,0.096106336,0.2949149474844019,421.49054,1.0058489,0.7029249644497102,0.8817642529805502,0.29663940323771293,0.25,0.4207420568269909,0.5520925817469812,0.2040502241846421
10.19675313004737,1.5396799875949783,1.3141607554836816,2.236661836777724,A2,Si1,combo_012,22.806688585020755,2.023387015700922,mlp,0.7675244,0.23247558,0.46495116,0.12185365,0.373923971636602,345.90958,2.5446582,0.3801196001683995,0.0,0.34979674484058315,0.375,0.42053125605594366,0.35306534007143764,0.29034971094214707
12.771903352585403,0.6036699125775736,2.58420921078873,1.6634567617305223,A1,Si3,combo_010,21.245508992026913,1.5600093483589932,mlp,0.7054032,0.2945968,0.5891936,0.073829375,0.2265551609488218,397.91345,1.8657013,0.6022275140343811,0.0,0.22878349069132953,0.1875,0.4204822741006217,0.47366526386793983,0.17840862234737742
12.543376682248327,1.4055620148857968,1.3896450670828242,0.5890456793886941,A2,PU,combo_011,7.38862183962327,1.9532323204650426,mlp,0.75013363,0.24986637,0.49973273,0.15240817,0.46768453438315755,372.2176,3.7841048,0.4924808041469038,0.0,0.2837555205521159,0.21875,0.4203815291467394,0.416835467217148,0.3155346480237856
9.37070341549132,1.6510473353573316,1.123383220970994,0.6061982112624313,A2,Si2,combo_013,5.6805036487415945,1.8547588735692961,mlp,0.26640803,0.733592,0.53281605,0.13920656,0.42717365777213295,318.35526,4.088092,0.26243543272295017,0.8906131585439047,0.2646716759903213,0.15625,0.42026312890462386,0.24944710452812435,0.2954245006993895
8.532323611429463,1.4797684941107803,1.8052630889176209,2.183431955986989,A2,Si3,combo_014,18.629748032017403,2.6713714425614037,mlp,0.7899279,0.2100721,0.4201442,0.122567564,0.37611471270792607,324.86203,2.2158163,0.29022578833012047,0.0,0.5405596537405416,0.34375,0.42014296514602684,0.30414186178550734,0.3082215535401464
11.98390429948646,1.2390631572293358,1.8255280292806688,1.6691812345257422,A2,Si1,combo_012,20.003308173055157,2.261944523571153,mlp,0.74723136,0.25276864,0.5055373,0.097829565,0.3002029053314526,380.23022,1.0330623,0.5267026666301714,0.0,0.27057151736646723,0.375,0.419911668689951,0.4387914833646307,0.22130537192500244
9.711550960936945,1.2081466381486459,1.77047631437451,1.11092317996631,Si1,PU,combo_001,10.788787075928944,2.1389950071333694,mlp,0.2684969,0.7315031,0.5369938,0.02380965,0.07306304949145176,333.0645,2.465479,0.325258497203551,0.8766875267028809,0.3802977891391454,0.375,0.41960071369093666,0.3172433635968498,0.1879809639344535
10.26144328991974,1.2971437541418238,2.769160291461901,1.7236829453553795,A2,Si1,combo_012,17.687474793566054,3.5919989762873574,mlp,0.25694636,0.7430537,0.5138927,0.047675177,0.14629756070972877,346.5391,3.0788631,0.3828082578337719,0.9536911646525065,0.3905537320796838,0.375,0.41941868751353517,0.36218942098370677,0.2278761415827008
14.912329516229908,1.282051897878069,1.1618106617402324,1.1075096399812667,Si3,PU,combo_005,16.515548693801804,1.4895015638590403,mlp,0.25177836,0.74822164,0.5035567,0.11906985,0.3653815218329685,409.31268,2.6950397,0.6509134892984177,0.9881442387898763,0.2401003737586505,0.34375,0.41934098493841326,0.5294177619517122,0.2693375759396783
13.886344065390922,0.8028625489765797,2.0598427515337,1.3156175410209041,A1,Si2,combo_009,18.26911783307983,1.6537706019872778,mlp,0.23916666,0.7608333,0.47833335,0.12239226,0.37557676711549043,401.88583,1.4892069,0.619193506972549,0.9277778466542562,0.41613089957314936,0.25,0.41933948874078375,0.5082946547157441,0.2602328879981509
10.493230320835181,1.224780809072072,2.0506051268186445,2.3023846928943286,A2,Si1,combo_012,24.159452869705564,2.511541806312278,mlp,0.77419436,0.22580564,0.45161128,0.15805659,0.48501745276668967,355.34448,2.4154384,0.420415967717339,0.0,0.2795903276353823,0.375,0.4193273713030171,0.3734862485213054,0.3160207918583535
15.971007982327968,0.6355741500686571,2.6503602568949924,2.1640209022978403,Si2,PU,combo_003,34.56159510452338,1.6845004676517825,mlp,0.29634,0.70366,0.59268,0.14139593,0.4338920218432112,430.31757,3.6737096,0.7406250855357569,0.6910667419433594,4.906470870480513e-10,0.1875,0.41918279092942445,0.5583815814762954,0.2541662831514236
10.385260996694582,0.833400682400891,2.857335728996209,1.1274104138972978,Si2,PU,combo_003,11.708451398714901,2.381305546393888,mlp,0.2592829,0.7407171,0.5185658,0.1124299,0.3450059608642467,349.25876,1.5198703,0.39442391586279346,0.9381140867869059,0.3600159386010401,0.1875,0.41908946059995356,0.33927619175219365,0.2323769758511124
8.317313210295076,1.1661090630241628,1.3971327922201682,0.7549219443922711,A1,Si2,combo_009,6.278922260835481,1.6292092112561927,mlp,0.77031344,0.22968656,0.45937312,0.1873619,0.574944653037096,316.81824,5.15607,0.25587084850167424,0.0,0.2845980358327958,0.25,0.4190866114412931,0.2625496174072373,0.386351103492653
8.543984138995391,1.1589105356300315,2.042214815271282,1.3120148177845308,Si1,Si1,combo_002,11.209833793277959,2.366744265437627,mlp,0.28392926,0.7160708,0.5678585,0.10940115,0.3357118413235862,321.91266,0.7194058,0.2776290596084841,0.7738051414489746,0.2812444651654493,0.09375,0.41892814531799033,0.23552315847670474,0.18664011005784584
9.700458100403717,0.9086250514190293,2.2058656354277355,1.7031442068371263,A1,PU,combo_007,16.521279017368865,2.004304776413996,mlp,0.7484582,0.2515418,0.5030836,0.12126941,0.3721311626081333,344.36008,1.0599821,0.37350170680493155,0.0,0.3234519119097573,0.25,0.41853342789826464,0.32449840862306917,0.23622077303955502
11.0979752192681,1.453761504607988,1.5623981585301432,1.0732611278860984,A2,Si2,combo_013,11.911025401083652,2.2713542977415306,mlp,0.30733126,0.69266874,0.6146625,0.054157108,0.16618821844967047,351.8277,2.885287,0.4053958236392809,0.6177915732065837,0.21305433033451734,0.15625,0.41838828465947087,0.337228419083705,0.17138470926721044
8.695208141196229,1.4895935744497053,1.8217120625749694,1.8176839148475035,A2,Si1,combo_012,15.805139974503446,2.713610582909194,mlp,0.7382895,0.26171052,0.52342105,0.11737582,0.3601831644269376,324.96954,1.702469,0.2906849768580973,0.0,0.13329199998143598,0.375,0.41815285763664356,0.2638188335716144,0.2355934317514528
10.462447559741575,1.0920575997280966,2.1719805204435976,0.5698464666620124,Si3,PU,combo_005,5.961988774555331,2.3719278338118173,mlp,0.77265865,0.22734135,0.4546827,0.13395752,0.41106629234609665,344.05334,2.5155132,0.37219165744509747,0.0,0.3647691153147433,0.34375,0.418013300431734,0.34571526992649887,0.3003032632604425
8.306746725765827,1.1355300216472282,2.757564166675497,2.210259371976666,Si3,Si3,combo_006,18.360064801260403,3.1312968978786477,mlp,0.7599791,0.24002087,0.48004174,0.1829927,0.5615371896473011,324.42987,2.980588,0.2883800407443468,0.0,0.37041642175613776,0.09375,0.41787851787056524,0.26536844459184905,0.32596318827314974
12.147829820541727,1.0482546573495868,1.9320607322738708,2.4588437123027598,A2,Si2,combo_013,29.86961497236299,2.025291660888338,mlp,0.7404428,0.2595572,0.5191144,0.10007996,0.3071085409545577,396.10947,1.3331741,0.59452271373512,0.0,0.4169585204632233,0.15625,0.41756048340700314,0.48080802912603027,0.21909373853151257
8.670082811966875,1.1423259715285359,2.0158951321115994,2.3702837179955925,Si1,Si1,combo_002,20.550556122878525,2.302809365289029,mlp,0.3120986,0.6879014,0.6241972,0.08616728,0.26441565697174196,330.0862,1.8780882,0.31253820597140597,0.5860091845194499,0.13526192994185757,0.09375,0.4173225868285438,0.2522290114765831,0.16382602948983443
9.298974078281274,0.9451739759979564,2.36683521837436,1.907507491871609,Si1,Si1,combo_002,17.73786272104142,2.237071053882885,mlp,0.7288071,0.2711929,0.5423858,0.10831251,0.33237120125223873,341.33932,2.0626054,0.36060011235325323,0.0,0.36603559711853395,0.09375,0.4171357367527625,0.3100433765307385,0.226054343606691
8.817675585452815,1.1605855301524652,1.6513507446812317,1.3589525144539802,A1,Si2,combo_009,11.982802408490574,1.9165337794835355,mlp,0.23692207,0.7630779,0.47384417,0.1244775,0.3819755966717197,324.30853,2.2792132,0.28786180810533574,0.9128139019012451,0.4109005283798079,0.25,0.41704572449236355,0.28052192726543324,0.278076668730084
15.689334607247966,1.153487436847648,1.6674495079282217,0.6952499617060909,A2,PU,combo_011,10.908009284883194,1.9233820589729962,mlp,0.29540217,0.70459783,0.59080434,0.038349867,0.1176816170531565,419.3841,1.4792867,0.6939283624187492,0.6973188718159994,0.2768064039038261,0.21875,0.41692808333344306,0.5434928050487288,0.1441776149324548
9.349393173931917,0.9670173757622311,2.3890685116839183,1.2583202525841926,Si1,Si1,combo_002,11.764530780130935,2.310270762684762,mlp,0.72844565,0.27155435,0.5431087,0.09778732,0.30007327162372555,337.58676,1.4825906,0.34457295988258957,0.0,0.3918983908961404,0.09375,0.41656802935577836,0.29797280465236303,0.20659703146000205
10.34777381108767,0.827118284099687,2.931545945774716,1.1577517442751661,A1,PU,combo_007,11.980153179151634,2.4247352524285772,mlp,0.22893056,0.7710694,0.45786113,0.103051744,0.31622784932603276,350.39594,3.043259,0.3992807827711109,0.8595372835795085,0.5301631217334116,0.25,0.4162822795681421,0.37497009515010793,0.288804538153585
8.294107756204724,1.5442848198918702,2.364339792998463,1.4306149354594926,A2,Si3,combo_014,11.865674432336899,3.651214051393813,mlp,0.258083,0.741917,0.516166,0.02234301,0.0685624678087724,314.98636,1.6435007,0.24804691725873704,0.9461134274800619,0.4701115046218035,0.34375,0.4162548862908407,0.26417962734179046,0.17813831122107054
8.0678239068768,1.4527924615181065,2.8213156463253135,1.2853924454644254,A2,Si2,combo_013,10.370319901236725,4.0987861025445,mlp,0.29244238,0.7075576,0.58488476,0.15450026,0.4741043979801468,311.7903,1.7284455,0.23439664869275295,0.7170507907867432,5.100242370265632e-10,0.15625,0.41623978525417754,0.18936677118235865,0.22319844903205704
11.31126196789447,0.7593469818298789,2.4997872858835386,0.8502808135066978,Si2,PU,combo_003,9.617749027848681,1.8982059307523698,mlp,0.71282035,0.28717965,0.5743593,0.07462509,0.22899691586091048,363.90195,3.164959,0.4569647938083191,0.0,0.25171203657376356,0.1875,0.41612895662901034,0.38197513082868984,0.20965572630659868
13.732541641870167,0.9124302296188015,1.3336348133952969,2.353401565968579,A1,Si2,combo_009,32.318185004705974,1.2168487190138981,mlp,0.7553776,0.24462241,0.48924482,0.15936124,0.48902096234211667,413.9742,2.5680678,0.6708228246546311,0.0,0.23977716183949113,0.25,0.4159043808262615,0.5331943915419003,0.2958663544446477
9.004946861098723,0.9715435786338936,2.528758698163121,1.517016175984782,Si2,Si2,combo_004,13.660650052170151,2.4567992751149847,mlp,0.73937637,0.26062363,0.52124727,0.124501735,0.38204997029627635,332.96924,1.2506608,0.3248515750961585,0.0,0.22911846532201274,0.25,0.4158612685509038,0.2821401562928202,0.2294979845785766
14.318554140783373,0.9039794291271847,2.7341157433464502,1.5083902777300453,A2,Si1,combo_012,21.597967857108923,2.471584388837972,mlp,0.7446791,0.2553209,0.5106418,0.092091195,0.2825939608891217,411.62103,1.2350506,0.6607724220989204,0.0,0.24195223180713768,0.375,0.41578493216791246,0.5309756014794463,0.21503961098547247
12.998545012411883,0.788826077937414,2.857284581081477,1.6176123082699818,A2,PU,combo_011,21.026606401678844,2.2539005896455486,mlp,0.7557789,0.24422109,0.48844218,0.11669331,0.358088791270617,402.5589,3.1267881,0.6220681601046892,0.0,0.39898445333922544,0.21875,0.41501668708896783,0.5151734841338894,0.2808243884889954
12.319957994977184,0.6222312853861163,2.4826703173299176,1.2352883506783883,A1,PU,combo_007,15.218700592042389,1.5447951427421518,mlp,0.74455136,0.25544864,0.5108973,0.104008436,0.31916358411275125,392.5551,3.304929,0.579342120869682,0.0,0.3236971629085857,0.25,0.414922633266732,0.48191739830148395,0.2642905197822188
12.986735058280235,1.0028560933333126,1.3136358667816326,1.9076407233348618,Si2,PU,combo_003,24.774024660335915,1.3173877334231479,mlp,0.69016725,0.30983275,0.6196655,0.03455933,0.1060498611021691,397.40677,2.104903,0.6000634756778668,0.0,0.19873024943361817,0.1875,0.41465803754594427,0.47056290102366205,0.13668603967107928
15.69240994832188,1.04306296923532,2.1887924456648227,1.493745896412032,A2,Si1,combo_012,23.440472965121156,2.2830483474149874,mlp,0.7704247,0.22957528,0.45915055,0.10128065,0.31079301900306694,423.1915,1.7158836,0.7101897362305353,0.0,0.3948536551402285,0.375,0.41462981109425734,0.5837078413445118,0.25781941656400786
15.796378502596195,0.7180186942406703,2.172296889621256,1.390179695091884,Si1,Si1,combo_002,21.959804650295172,1.5597497761889239,mlp,0.7171449,0.2828551,0.5657102,0.09983649,0.3063614209719995,424.785,2.2234216,0.7169955801637855,0.0,0.28902986235112366,0.09375,0.41451178936507616,0.5527728148951475,0.20873620560171677
8.558728751560182,1.4377995790197753,2.0972998167554344,0.7016353060993336,A2,Si1,combo_012,6.005106267422095,3.0154967936092154,mlp,0.7666855,0.23331451,0.46662903,0.10849302,0.3329251281430344,317.58334,2.1409118,0.2591386076799053,0.0,0.3440159257151977,0.375,0.4144371355758356,0.2654074914182225,0.2667572408550333
12.67633477221137,1.0565072571568224,2.05997923621991,2.060413902206069,Si3,Si3,combo_006,26.11849639368251,2.176383012658703,mlp,0.2593151,0.74068487,0.5186302,0.16615288,0.5098619929150034,389.63715,1.350564,0.5668795122148319,0.937899112701416,0.25754770519220627,0.09375,0.41442056535756094,0.43936977933172205,0.2571315792164989
10.587319261296603,1.4778196485575814,1.6916823602461752,1.9065186226841846,A2,PU,combo_011,20.184921335964937,2.5000014310900625,mlp,0.22243288,0.77756715,0.44486576,0.19561806,0.6002797893230477,349.5673,1.8263576,0.39574165529448413,0.8162190119425456,0.3123912216712397,0.21875,0.41438932438245,0.34037773909424823,0.32562471328720166
15.212318232192796,0.6772118917101061,2.6170759169420617,1.605292768751536,Si1,PU,combo_001,24.420224454086245,1.7723149324612941,mlp,0.24276042,0.7572396,0.48552084,0.12565301,0.38558282034661173,414.1153,2.4856539,0.6714253874036623,0.9517361323038737,0.22046694365503108,0.375,0.41419393239085,0.5436966826581137,0.27380678855473306
15.27718457636813,0.7627984986620574,1.498903102136663,0.7224027255558959,A1,PU,combo_007,11.036279776788833,1.143361035949747,mlp,0.7206009,0.2793991,0.5587982,0.043515455,0.1335329044644843,423.19052,1.9115766,0.7101855653441046,0.0,0.3287233599624847,0.25,0.4141774522868786,0.5657517973246906,0.17116850011343338
13.310329703740717,1.0322715633286201,1.1483470557254771,1.8245167213813027,A1,Si1,combo_008,24.284919111573178,1.1854060104575563,mlp,0.7770513,0.22294867,0.44589734,0.116000414,0.3559625469699275,401.6886,2.9124808,0.6183511182537541,0.0,0.5201653865200611,0.25,0.4141627393704221,0.5265444130262432,0.29849902000561596
8.673136480627939,1.5272607734256993,1.2023416812457293,0.604054581762168,A2,Si2,combo_013,5.239047829371911,1.836289286021308,mlp,0.7620268,0.23797321,0.47594643,0.18824549,0.5776560780695799,315.9717,6.00315,0.2522553416672858,0.0,0.2810938894608958,0.15625,0.41402054156588114,0.25531413085334853,0.3902847203340435
15.149939280983375,1.2126313569554332,1.690388376741124,1.1858919297206485,A2,PU,combo_011,17.96619072907603,2.0498179510692816,mlp,0.3092974,0.69070256,0.6185948,0.045646515,0.14007234201057628,412.42438,1.2605613,0.6642034975489525,0.6046837170918783,0.13279960092899143,0.21875,0.41397044831845287,0.5069882978982982,0.1258758731670137
8.965700357966995,1.1510031425011076,1.7222204130934173,1.2765973289325372,A1,Si2,combo_009,11.445589128990157,1.982281107550079,mlp,0.23299296,0.76700705,0.4659859,0.12779056,0.39214214877907455,325.7571,2.2923903,0.2940486664242339,0.8866196473439535,0.4081902980812013,0.25,0.4138421207617226,0.28465980826104864,0.2815017886307331
10.700944191198895,1.0070418858403036,1.7292988079223641,0.5839204229056304,A1,Si2,combo_009,6.248499857614408,1.7414763327115266,mlp,0.78887624,0.21112376,0.42224753,0.150366,0.4614178534743114,348.07544,2.657428,0.3893699745706268,0.0,0.49918830995555585,0.25,0.41382707144135994,0.3626481643120398,0.3269707241190013
9.021752481595446,1.432218032536619,2.8278943174645046,1.4303513846923752,A2,Si1,combo_012,12.904276154401918,4.0501612355804975,mlp,0.24189584,0.75810415,0.4837917,0.096229024,0.29529143395091717,325.09915,1.8225137,0.29123853169156816,0.9459723631540934,0.314586504251047,0.375,0.41381713661118447,0.283047297373309,0.2425658391948513
10.212855262185121,1.4131541141224702,1.2744658407044709,2.4652976867018435,Si3,PU,combo_005,25.177728452485727,1.8010166461000758,mlp,0.24509534,0.7549046,0.49019068,0.058209304,0.17862291461203716,348.5507,2.165962,0.39139976252015385,0.9673024813334147,0.4375293597408585,0.34375,0.41359023269155437,0.36436511970127705,0.22261064894613425
10.474837875842342,1.4172856073459021,1.2345443780890308,0.9268873379135851,Si3,PU,combo_005,9.7089945938159,1.7497019786953811,mlp,0.76152635,0.23847365,0.4769473,0.12328466,0.3783152163177333,342.47217,2.0665736,0.3654384709530345,0.0,0.28583328915117256,0.34375,0.4135058009534688,0.33043351716670644,0.26768672412951017
11.500676299752447,0.9661919699203896,1.9433688803853644,0.5149791112372889,Si1,Si1,combo_002,5.922608059474268,1.8776674068215171,mlp,0.32580304,0.67419696,0.6516061,0.08815036,0.2705009878682969,363.0268,1.5576919,0.45322702786543156,0.4946463902791342,2.2867689731036043e-10,0.09375,0.4130210057394179,0.3352859515423396,0.13901995783604962
9.800088480325114,1.0429722564243584,2.0543310178732477,2.249609242029884,Si1,PU,combo_001,22.046369618049976,2.14261025715381,mlp,0.25381786,0.74618214,0.5076357,0.080874,0.2481725305304529,346.85608,1.4350965,0.3841621015011281,0.9745476245880127,0.26720731617645443,0.375,0.4127566368304074,0.3410595911413564,0.21093034276735137
12.531248173939908,0.8979261182270434,2.514233164573519,2.463938474039952,A2,Si2,combo_013,30.87622450351343,2.2575956257831953,mlp,0.7538436,0.2461564,0.4923128,0.16057391,0.49274220423578025,402.59485,1.1919225,0.6222217008614184,0.0,0.29569011803219664,0.15625,0.4124743882304858,0.48723325831173014,0.26294498485666423
11.335557788083069,0.6449777112236563,2.79705279093953,0.7375540834569114,Si1,PU,combo_001,8.360586934862463,1.8040367072719183,mlp,0.77276456,0.22723544,0.45447087,0.09783679,0.3002250825266017,363.49054,1.9060261,0.4552076775591973,0.0,0.4072177927525406,0.375,0.41232542329626587,0.40758382039365526,0.2599197816915626
11.451618500698263,0.7981399690930038,2.273676324751464,1.4227885914256866,Si1,Si1,combo_002,16.293232156152815,1.814711951564628,mlp,0.31491962,0.6850804,0.62983924,0.11217013,0.34420881644562024,375.2531,0.7941574,0.505445483255846,0.5672027269999187,3.242171208538148e-10,0.09375,0.41210540832327586,0.3673132738283315,0.14897811011346113
10.588483025103034,0.9264889224187665,2.0270088040991254,0.8166502862319047,A1,Si2,combo_009,8.647087693212058,1.8780012026431512,mlp,0.78233206,0.21766794,0.43533587,0.14889571,0.4569060974574783,350.2403,1.9514364,0.3986160477462224,0.0,0.4439202386801521,0.25,0.4120586844074991,0.35940907838762026,0.3024555437525131
11.32053991125474,0.7665163693020404,2.324558619787109,0.9480495587876981,A1,Si1,combo_008,10.732432868103583,1.7818122334689768,mlp,0.73918456,0.26081544,0.5216309,0.11974429,0.3674511342652206,369.9807,3.8521864,0.4829271280970461,0.0,0.21525266869274737,0.25,0.41180257409436044,0.4068261398882024,0.2762773890252231
10.997740055421337,1.3045927919940894,1.3739798500733453,0.9297721650386033,Si1,Si1,combo_002,10.225392581860865,1.792484208750806,mlp,0.27962044,0.7203796,0.5592409,0.09978918,0.3062162403645803,347.54657,2.496044,0.3871111788880156,0.8025306065877279,0.29408306169942816,0.09375,0.41168989290634195,0.32397493201949934,0.21509894558032683
12.701060627340116,1.0676975557629174,2.0374380594942165,1.5608366575847066,A2,Si2,combo_013,19.824281017358263,2.1753676361403165,mlp,0.6992819,0.30071813,0.60143626,0.05575941,0.17110509695046647,394.1275,0.7139908,0.5860577693838689,0.0,0.21155492527887543,0.15625,0.4116264568046314,0.4506722059440819,0.1278369846906962
8.049931573070939,1.4202006034564323,1.2904192918249098,2.1929493351529334,Si3,Si3,combo_006,17.653092091192523,1.832654256961559,mlp,0.76114243,0.23885757,0.47771513,0.16876838,0.5178879884287169,320.82758,3.9881346,0.2729946834232029,0.0,0.38047138138820313,0.09375,0.41155972951390457,0.2615760874115619,0.3330958512260299
8.990339497763147,1.7100172990741873,1.1355025736450843,2.4661131858689127,A2,PU,combo_011,22.171194780871794,1.9417290440763555,mlp,0.22777832,0.7722217,0.45555663,0.18233185,0.5595092794871644,323.74725,2.5203326,0.2854645911293066,0.8518554369608562,0.29073850610760427,0.21875,0.4109058089772921,0.2651318279311322,0.3225036960911484
9.911141599035147,1.5433425022889042,2.0584167103193116,0.8341569722106619,A2,Si3,combo_014,8.267447867402296,3.176841996457501,mlp,0.24268511,0.7573149,0.48537022,0.06284572,0.19285037407669706,331.0211,0.9566063,0.31653104768756934,0.9512338638305664,0.4228364243030585,0.34375,0.41086913709132916,0.30331967328375126,0.20029813572481686
13.136429381478123,1.1566370535951496,1.3090667644811014,1.3400949249046752,Si2,Si2,combo_004,17.604062345487495,1.5141151254287566,mlp,0.23066434,0.7693356,0.4613287,0.1442027,0.44250495854647826,391.46625,2.4433212,0.5746915824994819,0.8710958162943523,0.3544505316114487,0.25,0.4107740974494703,0.4766304653540858,0.29419888078454703
14.928177785087314,0.8399725382623322,1.8038168641249785,1.45939244073641,A1,PU,combo_007,21.786069813525632,1.5151566299194585,mlp,0.26234168,0.7376583,0.52468336,0.07965373,0.2444279682872511,413.72388,1.3707923,0.6697536439861683,0.9177221457163492,0.31976190792198567,0.25,0.4107043393091168,0.5333479881525093,0.19741893808381086
15.357966387834928,0.6310509124762936,2.9062946010439727,1.6721067150244007,Si1,Si1,combo_002,25.680158726217822,1.8340198599137247,mlp,0.2635842,0.7364158,0.5271684,0.10989996,0.33724250218754026,417.78638,2.490009,0.6871045315377667,0.909438689549764,0.37285738193157036,0.09375,0.41052010480261997,0.5418119413295123,0.23764909176508953
9.923679319741932,1.1082713217663844,2.061060186791791,1.96507042040945,Si3,PU,combo_005,19.500728692853844,2.284213897455809,mlp,0.7935871,0.20641291,0.41282582,0.16517463,0.50686011521533,347.2304,1.5521158,0.3857608544060853,0.0,0.37216346251011245,0.34375,0.410470245175891,0.3502429256750699,0.31495449439117895
10.499283404206786,1.3479124525360793,2.2476079998352443,2.2951330372785685,A2,Si1,combo_012,24.097252208745587,3.0295788113976356,mlp,0.23765957,0.7623404,0.47531915,0.13724002,0.42113908293045527,354.2264,1.5556839,0.41564069377482166,0.9177304903666178,0.1946436464690965,0.375,0.4100429343599602,0.3565529800752876,0.2630856802470334
9.674697484510222,1.3068079635401109,2.410688342055984,1.9911169273095806,A2,Si3,combo_014,19.26345392800772,3.1503067230120667,mlp,0.77688134,0.22311866,0.44623733,0.13566911,0.416318538050031,340.02792,1.7134877,0.35499913323766363,0.0,0.33620072086436364,0.34375,0.40987091795474345,0.3260699251112205,0.2812182056016342
15.670219566708646,0.577553414743103,2.8346398328119653,1.7151328700504858,Si1,Si1,combo_002,26.87650865977028,1.6371559150073691,mlp,0.7491261,0.25087392,0.50174785,0.11561555,0.35478153130743206,427.7121,2.108886,0.7294971605387222,0.0,0.4441646610420715,0.09375,0.40986573852382746,0.5763585296150557,0.24657741408201284
11.857509877589585,1.1027942673126723,1.6316793006789474,2.3713208206324987,A2,PU,combo_011,28.117960053583694,1.7994065788814932,mlp,0.76738304,0.23261696,0.46523392,0.1875561,0.575540602283236,387.06967,2.1448977,0.5559138607679905,0.0,0.23148417895658488,0.21875,0.409744874288558,0.4462956188897302,0.31143808224029484
9.41523052531477,1.117569014246517,2.104414462273344,1.406335623401902,Si1,PU,combo_001,13.240974090291164,2.351828396168935,mlp,0.26109037,0.7389096,0.52218074,0.040230956,0.1234539865726,334.22852,1.7597756,0.3302299331485109,0.9260640144348145,0.31722191799231686,0.375,0.4095507935006707,0.3102329608247171,0.18151653837460488
12.761151124849968,0.7796991950460999,1.884389663620595,0.5172877630143494,Si1,Si1,combo_002,6.601187318861689,1.4692571038781688,mlp,0.7419324,0.2580676,0.5161352,0.15491799,0.4753862398597633,389.2377,3.1219115,0.5651734893244859,0.0,0.2679179171582348,0.09375,0.40943248625983775,0.449711656468051,0.2833673493124582
12.861909361007742,0.6338601498136195,2.539252387785207,0.5024647249538691,Si2,PU,combo_003,6.462655749460349,1.6095308989361223,mlp,0.76287746,0.23712254,0.47424507,0.107398756,0.3295672264404111,393.0037,3.8993022,0.5812579914835713,0.0,0.472907112455172,0.1875,0.40933093414999605,0.49545245184986575,0.29326860910289015
13.557198551239567,0.760149721770902,2.4741399350643962,1.5430584625012882,Si3,PU,combo_005,20.919549952300418,1.8807167832614784,mlp,0.7588984,0.24110162,0.48220325,0.09503551,0.2916289730559425,407.47385,1.1938918,0.643059840489662,0.0,0.3245258732573566,0.34375,0.4091975177470895,0.5234652034587796,0.2250465688241653
15.430074483858892,1.0158362186955476,1.1320274455921098,0.9889613554371341,A1,PU,combo_007,15.259747376053028,1.1499544797898686,mlp,0.22941777,0.7705822,0.45883554,0.11489342,0.35256559511337165,417.67694,2.115237,0.6866371315771295,0.8627853393554688,0.4419945358104578,0.25,0.4090435589089754,0.5618021402192657,0.26904556953105097
11.853568325983211,1.246705889069705,1.1899506145586582,1.4393295104097026,A1,Si1,combo_008,17.061190695245372,1.4835184388723939,mlp,0.23647213,0.76352787,0.47294426,0.081744336,0.2508432592666838,369.30487,2.6640275,0.4800406140066187,0.909814198811849,0.49110746596746846,0.25,0.4089119575495424,0.42534864341772166,0.2521943951956557
9.944031256026772,1.3799168072461865,2.7867761535614997,0.9003195492042586,A2,Si2,combo_013,8.95280573769908,3.845519252332393,mlp,0.2746501,0.7253499,0.5493002,0.11905134,0.36532470705982883,334.1319,1.998966,0.32981727607227623,0.8356660207112631,0.18682623720748096,0.15625,0.40837525418320253,0.2764472537994568,0.21876146195046592
8.438470251192582,1.353792860734763,1.4595060783221674,2.2264550313965485,Si2,Si2,combo_004,18.78787454805782,1.975868909031542,mlp,0.24553306,0.75446695,0.4910661,0.11894981,0.36501315176261606,319.89594,3.4155214,0.26901565776834113,0.9702203273773193,0.30588789625371887,0.25,0.40822150525924344,0.263563446844242,0.2799607262885829
10.442701659572622,1.2786320274024596,1.2584416304381325,0.8498351179642657,A1,Si2,combo_009,8.874574596728532,1.6090837732947663,mlp,0.2422061,0.7577939,0.4844122,0.12400259,0.3805182805933721,338.70078,4.2618423,0.3493308985783794,0.9480406443277994,0.3144815249480869,0.25,0.40817668310577027,0.325659763102289,0.3042335625590447
8.056617181521084,1.4379731796554225,2.8068274974515433,1.1094149556584254,A2,PU,combo_011,8.938131593194122,4.036142661254668,mlp,0.22202432,0.7779757,0.44404864,0.12984894,0.3984585797669355,311.64435,1.8277977,0.23377323151156834,0.8134954770406088,0.47537656139702356,0.21875,0.40811452488629435,0.24330691182455697,0.2794649648216295
11.952342997919338,1.0755397480461604,1.3276034701229167,0.6372810691160433,A1,Si1,combo_008,7.61700192415569,1.42789030176121,mlp,0.7749263,0.2250737,0.4501474,0.13906433,0.426737201426364,368.37085,6.6296244,0.4760514218160822,0.0,0.39228230641145456,0.25,0.4079339908767531,0.4361784467079302,0.3812001392452908
9.82294708904452,1.0848011392489905,2.76905016521886,2.134043189994107,A2,PU,combo_011,20.962593341047892,3.0038687738670244,mlp,0.75558525,0.24441475,0.4888295,0.16708077,0.5127093618674424,344.48935,3.603988,0.37405382789619185,0.0,0.1955755989784134,0.21875,0.40791147152479706,0.3240510088496733,0.3143298094861088
13.284285668263546,0.6506120125998553,2.697929714970517,0.6362135826461155,A1,Si1,combo_008,8.451642977900397,1.755305481709922,mlp,0.23979966,0.7602003,0.47959936,0.11533615,0.3539241655155864,395.3159,2.8175936,0.5911333471493946,0.9319978555043539,0.3565836618274722,0.25,0.40785581429921264,0.49057138820093604,0.27127988375222023
12.638665911279231,1.0372655351704034,1.5126700629317709,1.5026303974380124,Si1,Si1,combo_002,18.99124358135177,1.5690405223631712,mlp,0.26275498,0.737245,0.52550995,0.10799069,0.3313836530385592,386.32397,1.5355465,0.552728997957569,0.9149668216705322,0.3666563103772156,0.09375,0.40779898681812177,0.44147170220159615,0.21486792919759487
10.73383741511589,0.8615851835075329,2.5437402975289842,1.4949186793037312,Si2,PU,combo_003,16.046214052466024,2.191648951042016,mlp,0.23326778,0.7667322,0.46653557,0.13160034,0.40383296008580427,357.2862,1.9179437,0.4287089933435259,0.888451894124349,0.41638396814129347,0.1875,0.4077521077250468,0.3712719965300514,0.2696796965653143
11.653566404073295,0.8923970809271308,2.0487116618605556,1.8950082498902474,Si3,PU,combo_005,22.08360447636272,1.828264306705731,mlp,0.79629785,0.20370215,0.4074043,0.13914083,0.42697195961171525,384.7342,3.205723,0.5459390555288358,0.0,0.4518033941692788,0.34375,0.4074511700200452,0.48013286536753036,0.33324384977095306
10.692617186505476,1.4782591785586587,1.5065991221912167,1.7014116568315971,A2,Si1,combo_012,18.192543523158292,2.2271439807875844,mlp,0.7811229,0.21887708,0.43775415,0.10275986,0.3153321649990635,350.66772,2.4777164,0.4004415926008475,0.0,0.42030136558015085,0.375,0.4073598263207383,0.37394442201035416,0.2790295597978054
11.864213493457378,0.721491697646339,2.245359858323074,1.2896440635245232,Si1,Si1,combo_002,15.300612500224851,1.620008496008458,mlp,0.73234254,0.26765746,0.5353149,0.1696757,0.5206722095327004,384.17072,1.250047,0.5435324540583377,0.0,0.1380133307181131,0.09375,0.4072885535794311,0.410477619959903,0.24089976460955564
9.989497659277653,1.4289948760687001,2.160769207059527,0.964081609181986,A2,PU,combo_011,9.630690978276082,3.0877281252550923,mlp,0.30687597,0.69312406,0.61375195,0.025874963,0.07940073171940663,335.274,0.8688068,0.33469512775294796,0.6208270390828451,0.1662326002566714,0.21875,0.40722107411052916,0.2773537443655183,0.10152877833504972
9.369880337385906,1.3569402454366892,2.9935446497904055,1.8046284013249825,A2,Si2,combo_013,16.909152173863117,4.0620612118122805,mlp,0.25511223,0.74488777,0.51022446,0.06917382,0.21226897764319244,331.68115,1.6629022,0.3193501758941012,0.9659184614817301,0.4739087982909992,0.15625,0.4069876321665722,0.29583663397532683,0.20128267049001353
11.681038927004742,1.126427639097685,2.4990811879747823,1.6041841167491167,A2,Si1,combo_012,18.738537113829153,2.815034122483872,mlp,0.24651329,0.7534867,0.4930266,0.035453897,0.10879495203141279,373.34586,2.5799663,0.49729961171654136,0.9767553806304932,0.41999199618336874,0.375,0.406732697917642,0.44232015041638406,0.20881631172613865
13.904625038011442,1.0686157419715356,1.2285027200604526,0.8479645098750224,Si1,Si1,combo_002,11.790628555353337,1.3127973457114503,mlp,0.25568244,0.74431753,0.5113649,0.12842874,0.39410050942617675,397.46396,2.9392698,0.6003077332144631,0.9621168772379557,0.347904859770512,0.09375,0.40661399083291816,0.4812217733946239,0.26312646685080865
9.796101292638532,1.0444550795983432,1.7632045583254148,0.8618312154326165,A1,Si2,combo_009,8.442585883535692,1.8415879573139327,mlp,0.78717947,0.21282053,0.42564106,0.16051859,0.49257242294590703,339.1717,3.6637928,0.35134217821937036,0.0,0.40738744980069197,0.25,0.40659657278420513,0.33281351286403255,0.3449818164575856
10.665469273977864,0.9145771746826313,1.7010323248460961,1.829450279819667,A1,PU,combo_007,19.511945747686866,1.5557253377015705,mlp,0.75890636,0.24109364,0.48218727,0.11901164,0.36520289252812344,360.91788,2.8232746,0.44421986827819293,0.0,0.3231491114329298,0.25,0.4059557997091482,0.3844221704100378,0.2703301092518168
10.673003562199435,1.3153477494718226,2.5709095356534153,1.0868220824518695,A2,Si2,combo_013,11.599655957485812,3.3816400718173685,mlp,0.27975366,0.7202463,0.5595073,0.06574146,0.20173631891117563,347.63382,1.4377137,0.387483821522556,0.8016421000162761,0.29495282191526123,0.15625,0.40566990673988657,0.3242998585475967,0.16608128942218542
12.237164609196014,1.218729160042578,1.380865855414119,0.7981582539640522,Si1,PU,combo_001,9.767193937946583,1.6829014841003254,mlp,0.21884558,0.7811544,0.43769115,0.1380942,0.4237602444923736,367.06665,1.5931888,0.4704812029879188,0.7923040390014648,0.29978305790357684,0.375,0.4055116319923119,0.40567757552811334,0.28055204101961106
9.15112725715337,1.5415206105714259,1.4952976874929909,1.347802581829575,A2,Si1,combo_012,12.333912943842307,2.3050322042102365,mlp,0.7589086,0.24109137,0.48218274,0.114034854,0.34993096719274935,326.48138,2.4926744,0.2971420304135825,0.0,0.2100091101160521,0.375,0.40544153711855224,0.2806941609274417,0.25990560522702055
10.334742392298578,0.9957942520065276,1.8757063395723437,1.8745427775308723,A1,PU,combo_007,19.372916709125427,1.867817591398344,mlp,0.26458794,0.73541206,0.5291759,0.100051895,0.3070224157028808,353.9258,0.8773343,0.4143568427953802,0.9027470747629801,0.20351734604211422,0.25,0.405127702886322,0.34002096349002714,0.191653483653999
13.239299084523713,1.2058823761026292,1.7835417199067676,1.2885535812781634,A2,PU,combo_011,17.059546248975742,2.150741527079343,mlp,0.27015764,0.72984236,0.5403153,0.07439665,0.22829591072640967,392.8388,1.2522931,0.5805537633777924,0.8656157652537029,0.2724144455832891,0.21875,0.40509246410052285,0.4623459612246368,0.17752482364822303
15.917192879751704,1.3433202929480144,1.3571197145116862,0.9363946457672649,A2,Si1,combo_012,14.904774188244328,1.823046452463364,mlp,0.22923855,0.77076143,0.45847714,0.14203888,0.4358650148664942,417.24432,1.7650092,0.6847894288883415,0.8615904649098715,0.2069294058788772,0.375,0.40483158982193446,0.5474263766133879,0.27442509139791893
11.62310732279565,1.4668871088136959,1.5596100854795876,0.6206851718381762,A2,Si2,combo_013,7.214290365942983,2.2877719291658334,mlp,0.27085418,0.7291458,0.54170835,0.08867573,0.2721131556401957,354.4637,2.7819097,0.41665421917747514,0.8609721660614014,0.2839421368425274,0.15625,0.4047853924327417,0.35158534187600754,0.2169470366867755
12.678841098959163,1.1250233929439057,2.4128566677309404,0.7607443301281469,A2,Si1,combo_012,9.645356478628907,2.7145201950179887,mlp,0.21932516,0.7806748,0.4386503,0.1054962,0.3237289769335222,381.33453,1.6015521,0.5314191571420565,0.7955012321472168,0.3906372173688572,0.375,0.4046626115880221,0.4574691304473305,0.25934272002058
8.315016277760504,1.219292210154697,1.5252228104729022,0.6890840545181731,A1,Si1,combo_008,5.729745130063816,1.8596922915598635,mlp,0.7784742,0.22152579,0.44305158,0.19496194,0.5982663743605652,315.7382,3.6157732,0.25125797844955117,0.0,0.22483566897887708,0.25,0.40464368257952193,0.2442147744891708,0.35359576074111987
9.294155070900741,1.0074085548685519,1.9141532942267867,1.0707217784476146,A1,Si3,combo_010,9.951454246682758,1.9283344039338852,mlp,0.7452782,0.25472182,0.50944364,0.13324188,0.4088702470384071,335.04736,1.4532201,0.33372722142063,0.0,0.23250502195538916,0.1875,0.40452530465990627,0.2836423674187144,0.23422017555732172
15.090216777831177,0.5266295408329962,2.7485814440588747,2.410229689328069,A1,PU,combo_007,36.37088849632525,1.4474841838268189,mlp,0.7507963,0.24920368,0.49840736,0.10063647,0.3088162535702998,430.60114,1.2001847,0.7418362066830635,0.0,0.3104281463428999,0.25,0.4045107160878253,0.5818611864019917,0.21501550551448997
9.603242148746094,1.218978175365112,2.5701042757737036,1.9522840438014937,Si3,Si3,combo_006,18.74825641575897,3.132901020580702,mlp,0.26025707,0.73974293,0.52051413,0.15095149,0.4632145263646154,336.711,2.0079007,0.3408325871356828,0.9316195646921793,0.23103878392274763,0.09375,0.4044832743293593,0.2823821838861098,0.250465132562027
9.914120129103651,1.3553325625954842,1.5697792922090321,2.490047174787528,Si3,Si3,combo_006,24.68662681797871,2.127572990818993,mlp,0.69789493,0.30210507,0.60421014,0.12583038,0.38612709901436315,345.83057,1.3727188,0.37978214938811794,0.0,2.979711258022698e-10,0.09375,0.40429715885475115,0.282778170102985,0.17565181395499138
11.698254906861294,0.9986833821029097,2.565392046597587,1.2463260732708887,A2,Si1,combo_012,14.579840102190342,2.5620144055159835,mlp,0.78067243,0.21932757,0.43865514,0.10345166,0.317455048425849,375.6895,2.5270247,0.507309348129553,0.0,0.39284979168121775,0.375,0.4040560608654177,0.44629895200200953,0.2766777377024322
8.957281589099617,0.9194763707246554,2.844089095565969,1.650445707736976,Si2,Si2,combo_004,14.783506951720904,2.6150727196085644,mlp,0.7558874,0.24411261,0.48822522,0.12306618,0.3776447791315977,333.13123,1.371313,0.3255434208828463,0.0,0.27407763551689973,0.25,0.40378223409592573,0.2878354910519608,0.2372029831115686
13.690374894471317,0.5918819219602571,2.3073282933297907,0.5873003233426367,A1,PU,combo_007,8.04036160220492,1.3656659048493165,mlp,0.751497,0.24850303,0.49700606,0.0585801,0.1797607533332553,408.14127,2.5228398,0.6459103806846249,0.0,0.43954171813590254,0.25,0.4037487089619508,0.5354640624728655,0.21665170601715714
13.842924014647014,0.9192137479021079,1.6018580309732768,1.2228314186909515,A1,PU,combo_007,16.92756241166185,1.4724499242580367,mlp,0.22879556,0.7712045,0.45759112,0.09396844,0.2883545444868133,401.4393,0.726807,0.617286369152124,0.8586368560791016,0.4747018574995888,0.25,0.40363358923472786,0.5082978827021498,0.22267470410528753
11.778025026893783,1.1977651923401869,1.763938595923108,1.4016673192161908,Si3,Si3,combo_006,16.508872765107412,2.1127842516221205,mlp,0.2713237,0.7286763,0.5426474,0.115825094,0.3554245556513163,370.79703,2.3321507,0.4864135981324856,0.8578421274820964,0.25081538696855005,0.09375,0.4034545940026143,0.3881884355730868,0.22243172616546483
12.955048811046069,1.0390661748716186,2.169480145188092,2.0146917745144437,A2,Si3,combo_014,26.10043027804764,2.254233435920514,mlp,0.8038789,0.1961211,0.3922422,0.1482811,0.4550200756201201,400.07465,2.625628,0.6114579463858617,0.0,0.4515107534306159,0.34375,0.4032753395704323,0.5225285048430627,0.33098267408627696
10.627758116509154,1.412341017968565,1.3171363091533945,2.0980150695220603,A2,Si2,combo_013,22.297196683671594,1.8602456356730637,mlp,0.7480883,0.2519117,0.5038234,0.14488092,0.4445861854273239,355.12518,2.982458,0.4194793430332511,0.0,0.23999520766308088,0.15625,0.4032275965940234,0.3503569195071058,0.2748809512103524
12.910898501788182,0.6471887262020086,2.6807327090240385,1.28997636871,Si1,PU,combo_001,16.6547539661201,1.7349399872413274,mlp,0.22283301,0.77716696,0.44566602,0.109209456,0.33512359693802896,390.41388,2.077759,0.5701969310096282,0.8188869158426921,0.3432140230268603,0.375,0.40311695132622294,0.4826938103690168,0.2660963096409077
10.190661215981885,1.667827525361678,1.1813022434003797,2.2973364336613353,A2,PU,combo_011,23.41137729457471,1.970208397314654,mlp,0.22880623,0.77119374,0.45761245,0.19065447,0.5850483545161366,340.19678,2.927718,0.35572030556956713,0.858708381652832,0.2055635360580521,0.21875,0.4030911248355943,0.30820797189042237,0.32711736984007633
11.14841558315709,1.381227993246942,1.1996483509476044,1.2561525254195867,Si1,PU,combo_001,14.004110389209853,1.6569878843813628,mlp,0.23835886,0.76164114,0.4767177,0.088830575,0.2725883191935805,348.60455,1.6671152,0.39162981297484567,0.9223923683166504,0.29097737335056245,0.375,0.4029796065747977,0.3500392084456986,0.22785462481921406
12.264930083255342,0.6803013774020827,2.440233565305719,1.3951286003982566,A1,Si3,combo_010,17.111154741034497,1.660094255660276,mlp,0.2628841,0.73711586,0.5257682,0.096098736,0.29489162713486367,386.59552,1.4933687,0.553888765065698,0.9141057332356771,0.2755448610204937,0.1875,0.402863003397559,0.44229739941362045,0.20161652082981535
14.00194519182353,1.300521141222141,1.8288119831700869,1.7058758471769995,A2,Si3,combo_014,23.885580116227878,2.3784086474330883,mlp,0.21974063,0.7802594,0.43948126,0.1428892,0.4384743333489412,398.89532,2.693895,0.6064210796600206,0.79827086130778,0.2915962177734705,0.34375,0.4027877837248422,0.5034158750892453,0.30262069076274367
10.526199247951102,1.531122353473707,1.4770801795872799,1.2856947041941906,A2,Si1,combo_012,13.533478628383603,2.261590480839042,mlp,0.76547194,0.23452806,0.46905613,0.131569,0.40373679793859085,344.3165,2.6716406,0.3733155809979628,0.0,0.18661237960465654,0.375,0.4027832597529776,0.33273673627423717,0.27894080687239686
9.541055054753656,0.919768549778652,2.3163843271952453,1.8704440835504303,Si1,Si1,combo_002,17.846009977992903,2.130537453354369,mlp,0.7438362,0.25616378,0.51232755,0.10838978,0.3326083143356316,344.80103,2.0174124,0.37538499236858125,0.0,0.3743231669043559,0.09375,0.40188237569895285,0.3209536833329363,0.2264429369988528
15.730986284515659,0.8220185305211708,2.150216079197934,1.955974242840319,Si1,Si1,combo_002,30.76940398698696,1.7675174617252791,mlp,0.24254923,0.75745076,0.48509848,0.10945562,0.33587899335836446,421.20306,2.5247633,0.7016971597566809,0.9503282705942789,0.47062959300526025,0.09375,0.4018429466421352,0.5620099965774198,0.2525586756914765
10.93291322296786,0.8869027008313516,2.0731626119987636,1.9545125125128147,A1,Si2,combo_009,21.368515692507486,1.8386935198442829,mlp,0.26395586,0.73604417,0.5279117,0.07707565,0.2365167912003816,367.483,1.6857529,0.4722594343495959,0.9069611231486002,0.2560059867326809,0.25,0.40172986713322717,0.3905932732462281,0.19162052177888592
11.95862140751967,1.072317919088278,1.1002664246954013,1.7427669578159803,A1,Si3,combo_010,20.841090250056112,1.1798354029720721,mlp,0.7368404,0.26315957,0.52631915,0.08793409,0.2698373410192328,382.74515,2.577192,0.5374438722509622,0.0,0.2895363617282061,0.1875,0.4015065857980869,0.4386091259705328,0.2174302508930976
11.365027662609068,1.0237297194120516,1.438015224508573,1.3943155774268665,A1,PU,combo_007,15.846435107863073,1.4721389222964198,mlp,0.7723969,0.22760308,0.45520616,0.12930551,0.3967909918702518,366.78217,2.8762639,0.46926617163458345,0.0,0.3596455666720279,0.25,0.40132886349821506,0.4059183043660187,0.28795967859651844
13.44879827696096,1.1510371017493752,1.7016794673481956,2.3017712381018494,A2,PU,combo_011,30.95605706094245,1.9586962022028878,mlp,0.27328265,0.72671735,0.5465653,0.11124628,0.3413738621498472,403.5021,2.0209146,0.6260965846957143,0.8447823524475098,0.10944285879483621,0.21875,0.40104593786925685,0.4824845248621321,0.20860148450644192
11.917747134976006,0.974714086296244,1.5175236860967738,1.862662340156719,Si2,PU,combo_003,22.19873876783044,1.479151713126725,mlp,0.7404965,0.25950348,0.51900697,0.083613046,0.25657764176577663,381.24338,2.9231215,0.5310298309617933,0.0,0.3244179334778195,0.1875,0.4007281624755806,0.4396578353526752,0.2251979258004274
14.336786380642806,0.8067166448631167,2.6348973069445094,0.5903492449818213,A2,Si3,combo_014,8.46371101527814,2.1256155150171363,mlp,0.7673576,0.23264241,0.46528482,0.09206656,0.2825183755209126,412.42993,2.4413059,0.664227219465527,0.0,0.33859444858585225,0.34375,0.40063609490164404,0.5470828575991178,0.24984585562152
14.252676385957495,1.0995329775099338,1.168854518386283,1.3865597304188872,A1,Si1,combo_008,19.762187127460862,1.2851940888772095,mlp,0.21418735,0.7858126,0.4283747,0.09720102,0.298274129519941,403.75482,2.487243,0.6271759318998518,0.7612492243448894,0.5497495663187737,0.25,0.4003096436101593,0.5331597446942486,0.27392410534345807
10.100538593527073,1.3728930706465747,1.557354702071144,0.9514588769103545,Si3,Si3,combo_006,9.61024710638696,2.1380814790123344,mlp,0.2717163,0.7282837,0.5434326,0.08198888,0.25159367153388273,336.836,1.2213198,0.34136646059880893,0.8552246888478597,0.32905514080013326,0.09375,0.4000477601111345,0.28789533479989715,0.17478260020939054
8.256856893534888,1.6473852080377505,1.162768745783774,0.6797114371906655,A2,Si2,combo_013,5.612280065782253,1.9155280321727968,mlp,0.25149047,0.7485095,0.50298095,0.15572609,0.4778660160868344,304.80597,4.6374583,0.20456659928078277,0.9900635083516439,0.18627890845945183,0.15625,0.39969875980392167,0.20435583100994126,0.3128045642353783
12.665413425615668,0.942978835350867,1.4624719236718502,1.2064375266153353,Si1,PU,combo_001,15.280030046760428,1.3790800713174234,mlp,0.7710968,0.22890317,0.45780635,0.10593836,0.3250858097410655,388.37396,1.7410372,0.5614844706167568,0.0,0.2858649907616199,0.375,0.39968612383669433,0.468864378774967,0.24699540795837957
12.624835340582077,1.3340305647628767,1.7055297108200407,2.3600160657747784,A2,Si3,combo_014,29.7948142315349,2.2752287633451247,mlp,0.19081952,0.8091805,0.381639,0.14692494,0.4508585363819401,389.3527,2.6612523,0.5656646112016975,0.6054633458455404,0.4703580648234702,0.34375,0.39964644224532575,0.49256905231286074,0.33309226041983886
10.980899241452798,1.650499182123692,1.3025901364005994,1.9620865167621981,A2,Si1,combo_012,21.545474343578785,2.1499239547715776,mlp,0.23097439,0.7690256,0.46194875,0.066961884,0.20548136127922084,350.18954,2.8800418,0.3983992919920284,0.8731625080108643,0.3891932892475972,0.375,0.39952302928220873,0.37178865359561686,0.24426184080239743
9.846044047319303,1.0383808167931787,2.3025193017095056,2.3230683821908493,Si2,Si2,combo_004,22.873033615985896,2.390891873191176,mlp,0.2715722,0.72842777,0.5431444,0.05530133,0.16969941715587578,346.95984,1.045223,0.38460525818438707,0.8561851183573406,0.2500347856384346,0.25,0.39918955012739854,0.32484170253127975,0.1540509151846005
10.373107711734507,1.344447895498143,1.5422819116434163,2.2730267724233126,A2,PU,combo_011,23.57835154200326,2.073517670373844,mlp,0.75854546,0.24145454,0.48290908,0.1294751,0.39731140147435823,350.9457,1.6594297,0.40162886149137866,0.0,0.2728804814303186,0.21875,0.3989412782872183,0.3395582997263829,0.2451962326184243
9.669812027844669,1.4209688811272094,1.2821360246338838,0.5101896239077123,Si3,PU,combo_005,4.933437761744345,1.821875392376898,mlp,0.7772991,0.2227009,0.4454018,0.08570142,0.2629860966819624,328.1307,2.5901613,0.3041862665743858,0.0,0.4196859468701904,0.34375,0.3989342987403501,0.30404563144949553,0.258261301430638
14.394606460472147,0.8003049900402603,1.6981062379282097,0.7818954567317837,Si1,PU,combo_001,11.255077392885154,1.3590028958324398,mlp,0.7477279,0.25227213,0.50454426,0.047821708,0.14674720905714822,409.06088,1.5899489,0.649838052300309,0.0,0.287632759843229,0.375,0.39890634326024277,0.5299931369909129,0.18170772253379422
9.232350028265747,0.9317888968192513,2.4427031575320175,1.970968874584824,A1,Si3,combo_010,18.19667454498411,2.2760836804136604,mlp,0.75820255,0.24179745,0.4835949,0.10906273,0.3346733541503272,339.5316,1.1604993,0.3528792802092742,0.0,0.3621818248319019,0.1875,0.39863048069331214,0.3082814839263339,0.22163026621568105
13.855638486640096,1.25181864785779,1.5926359440490103,2.3092100661976076,A2,Si3,combo_014,31.995579866944297,1.9936913740091469,mlp,0.79557335,0.20442665,0.4088533,0.1553726,0.476781299750079,410.05927,3.6982331,0.654102131974667,0.0,0.3353318310298964,0.34375,0.3982487804728618,0.54711905188882,0.34342354697948424
8.93322517015618,1.267330575657613,2.1735073851809386,1.9749183999799962,Si3,PU,combo_005,17.64239075970587,2.7545523656574322,mlp,0.2405678,0.7594322,0.4811356,0.10277477,0.3153779140377164,330.69485,1.1044819,0.31513771093932275,0.9371186892191569,0.23096503363252519,0.34375,0.3981385377926261,0.2840336818592197,0.2174697578926239
11.875234345598228,1.3475601786944704,1.6544749329425692,0.9495459144565421,A2,Si2,combo_013,11.276080256076806,2.2295045362816106,mlp,0.2863745,0.7136255,0.572749,0.07460831,0.2289454281872242,367.30405,2.0089736,0.4714951194111751,0.7575032711029053,0.16885514126382,0.15625,0.3981195635670707,0.3738839513729905,0.16854065886085234
11.011270125387949,1.1133422188610502,2.8505939086674053,1.1772805631882226,A2,Si3,combo_014,12.963354294634374,3.173686547347563,mlp,0.23610935,0.7638906,0.4722187,0.09707092,0.2978748942810821,359.4833,1.5391966,0.4380928361115347,0.9073958396911621,0.28102801088690715,0.34375,0.3981182314428467,0.3776851935289929,0.2278713396992123
11.073636663660782,0.9433818801161525,2.8862847015920177,1.189210485283139,A2,Si1,combo_012,13.1688848306412,2.722868688338366,mlp,0.81551266,0.18448734,0.3689747,0.13954861,0.42822330213222987,362.21304,3.8423173,0.44975150640687256,0.0,0.49749419797545663,0.375,0.3980437080945374,0.4242688618408853,0.3584291418974501
9.910883137957125,0.9243724150248617,2.5650271018613138,0.838441057961997,Si2,Si2,combo_004,8.309691343526488,2.3710402967517643,mlp,0.7687737,0.23122633,0.46245265,0.09533719,0.2925547223433458,340.815,1.4952805,0.3583607373605849,0.0,0.4152100841408719,0.25,0.3980136844717019,0.32565563364849925,0.23116304722831102
11.344885759053607,1.4886048265651892,1.2218644723214587,1.0190455326810288,Si3,PU,combo_005,11.5609551515402,1.8188733509062514,mlp,0.27232265,0.72767735,0.5446453,0.026407402,0.08103459084583914,350.49472,1.9784888,0.3997026940016136,0.8511823018391927,0.23044828502613024,0.34375,0.39783984561686414,0.34835787949888053,0.15350342773294623
15.226506902482118,0.9797677514959413,1.595225177282126,0.8827294132297056,Si2,Si2,combo_004,13.4408855035661,1.5629501850754228,mlp,0.2357022,0.7642978,0.47140443,0.11160885,0.3424864485906095,413.24347,2.4570408,0.6677018285426792,0.9046814441680908,0.33123316009523524,0.25,0.3978303974720051,0.5394972185435807,0.25599440996063455
8.451541435333935,1.3818875134581483,2.0721544237172767,0.5605560252449965,A2,Si2,combo_013,4.737562474184183,2.86348432409197,mlp,0.7495432,0.2504568,0.5009136,0.059238154,0.18178007840392968,315.34735,2.3089654,0.2495887114958754,0.0,0.47521694498089173,0.15625,0.3974895564259666,0.2509637478694825,0.20421041282349106
14.409539817601956,0.5611496107933492,2.4818638167049163,1.0809745924074292,A1,Si3,combo_010,15.576346431110897,1.39269691478606,mlp,0.75634414,0.24365586,0.48731172,0.099529184,0.3054184100533204,416.4944,1.5690925,0.6815864487899868,0.0,0.367928736027026,0.1875,0.3971485362598913,0.5413729929093415,0.22072937196048453
11.323614385760441,0.5731920504773098,2.4691766155250905,2.34739987606993,Si1,PU,combo_001,26.58105100579774,1.4153124072434506,mlp,0.7937531,0.20624691,0.41249382,0.15614387,0.47914804087115315,384.71927,3.7337835,0.5458753191705671,0.0,0.2793830330721637,0.375,0.3969012707793027,0.4691011160141426,0.34128458177208076
8.009948472425055,1.4921074525460658,2.382392734496317,0.8743432412421095,A2,Si2,combo_013,7.003444309562407,3.554785954033555,mlp,0.23756775,0.7624322,0.4751355,0.13267958,0.40714476980345793,309.50137,0.86201787,0.22462061226005997,0.9171185493469238,0.34039297708746435,0.15625,0.39689268691309393,0.21142738220597895,0.23284741169749673
8.792702901574799,1.174181184455653,1.8467517327165441,2.058740045199306,Si2,PU,combo_003,18.10188956901217,2.168421136916641,mlp,0.2462449,0.7537551,0.4924898,0.1111331,0.3410265489833425,328.14447,1.6984326,0.3042450500050181,0.9749660491943359,0.3088570549523813,0.1875,0.39647694466788846,0.2720934656987541,0.22701463858703852
14.704930474680008,0.7297264840909011,2.597657605942082,1.846753787547078,A1,Si2,combo_009,27.156386049731758,1.8955795516561031,mlp,0.25003624,0.74996376,0.5000725,0.08236365,0.2527437077124328,412.43106,1.5956354,0.6642320420529625,0.9997584025065104,0.3062970366103422,0.25,0.3963959931162354,0.5294690624552517,0.20297410594090617
10.344931825310361,0.933462012207081,2.584997844919191,0.8670701573388819,A1,PU,combo_007,8.969781665431862,2.412997289869236,mlp,0.20730555,0.79269445,0.4146111,0.09433487,0.289478974007047,347.0332,3.5260146,0.38491859602749134,0.7153703371683757,0.5826358825055269,0.25,0.396353334109668,0.3730252137610044,0.29732815229752263
9.580410167271282,1.1761183197296425,2.0802939757771317,0.8205755710975774,Si3,PU,combo_005,7.861450544357669,2.446671855334698,mlp,0.7548602,0.24513978,0.49027956,0.100866504,0.30952215140558603,333.92114,2.8758273,0.3289171466444567,0.0,0.1910832818035523,0.34375,0.3963070823287066,0.3001901709145646,0.24618468555330197
12.918501098685248,0.9148929742695203,1.6316721160118932,2.188096724200272,Si2,PU,combo_003,28.266929935610804,1.4928053552507627,mlp,0.26148692,0.7385131,0.52297384,0.07778636,0.23869770114395916,396.78992,1.538892,0.5974289091958922,0.9234207471211752,0.2980895422901698,0.1875,0.39627871092384126,0.47529979253352284,0.18627473327974592
15.653290381591606,1.1259742023782298,1.8286890428810967,1.4180254058699435,A2,Si1,combo_012,22.19676344655652,2.0590566864558513,mlp,0.79234314,0.20765686,0.41531372,0.09329633,0.2862920653379494,422.37738,1.7251968,0.7067126506895648,0.0,0.45733308667217526,0.375,0.39621632514870186,0.5875770256600771,0.25880920115468353
9.6433187231833,1.3641036966580926,2.4928199402296127,1.2229155560632439,A2,Si1,combo_012,11.792964478656797,3.40046489557022,mlp,0.7224852,0.27751482,0.55502963,0.052625142,0.16148717892908565,335.30438,1.7857071,0.33482494659310263,0.0,0.06901440336816607,0.375,0.39609152824767924,0.28878241896242574,0.15813497916693545
12.114223907426297,1.0695260979813639,1.375069195133895,1.42102338914678,Si2,PU,combo_003,17.214595513813865,1.4706723907259294,mlp,0.75139654,0.24860346,0.49720693,0.11353044,0.34838311328678284,378.88306,3.8916833,0.5209489287990584,0.0,0.2815472988086498,0.1875,0.39607837726498324,0.43405496809167904,0.27099214265182775
10.842513531091479,1.6119536936041439,1.5091752624364934,1.6242161306426928,A2,Si1,combo_012,17.610585373910443,2.4327206385805087,mlp,0.23371002,0.76628995,0.46742004,0.06252158,0.1918556925796294,346.62796,2.1601777,0.38318780849896317,0.8914003372192383,0.35799533810864076,0.375,0.39580868640255695,0.3537540653723249,0.21987952276181943
12.480384510927909,0.6775341063539619,2.165777713968608,1.5818896935757365,Si1,PU,combo_001,19.742591629699117,1.4673882679950474,mlp,0.79180163,0.20819837,0.41639674,0.13311204,0.4084718348707083,394.4666,1.4073501,0.58750610969692,0.0,0.3274949596063695,0.375,0.3956632305363078,0.48926470345361295,0.2755026436136655
13.9347432622885,0.7393884328595084,2.090679531547219,1.92029855712217,A1,Si3,combo_010,26.758867380440485,1.5458242624421492,mlp,0.7255785,0.2744215,0.548843,0.087010935,0.26700451299062355,410.39258,1.6803783,0.6555257076495361,0.0,0.16881438634316753,0.1875,0.3953615052491898,0.5038786486588575,0.17972598884272256
15.692393268839407,1.1394358514884637,1.324029088115165,2.152913104402902,Si3,PU,combo_005,33.78435910792825,1.5086462114119972,mlp,0.760454,0.239546,0.479092,0.078580044,0.24113321443308322,429.11044,2.6475458,0.7354694788868426,0.0,0.2914035106536098,0.34375,0.3949436098162419,0.593455763887664,0.2325608732549166
9.643073163224134,1.0728138597361379,1.8967080282344613,2.0175081362190443,A1,Si3,combo_010,19.454978564960207,2.034814660562732,mlp,0.24180368,0.75819635,0.48360735,0.10932272,0.3354711615984993,343.7181,0.5963829,0.3707598703375681,0.9453576405843099,0.3350258339869965,0.1875,0.3946836077179513,0.31473868590981147,0.20613345811937378
10.95027059924073,0.952262064610609,2.7263083893894673,1.6427316809982415,A2,Si3,combo_014,17.988356428876344,2.5961600556452384,mlp,0.7761408,0.22385919,0.44771838,0.113319285,0.34773515051593756,363.23206,2.424483,0.45410369605707857,0.0,0.2976481295129674,0.34375,0.39461510799974286,0.39580204767822935,0.2661807883119451
14.463190233946106,0.8852061972766515,2.0534508615716325,1.4122869118731611,Si2,Si2,combo_004,20.42617427133381,1.8177274284662885,mlp,0.23623078,0.7637692,0.47246158,0.12216213,0.3748705949231508,406.51337,1.9570531,0.6389576433448945,0.9082052707672119,0.2717533480905076,0.25,0.3943474611286387,0.5104647971565277,0.24803460245785672
13.49351753709399,0.9885841622018555,1.4042184207973243,1.6535328463276213,A1,Si2,combo_009,22.3119744600827,1.3881880910723354,mlp,0.23284832,0.7671517,0.46569663,0.09968762,0.3059045936150163,399.84036,2.6946344,0.6104573246631032,0.8856552441914877,0.3651991132975688,0.25,0.3942986951703411,0.5042309183115774,0.25321455377166
11.666239880727629,0.8788538195298095,1.4182167209382648,2.49090513487565,Si1,PU,combo_001,29.05949682359554,1.2464051821176358,mlp,0.80204344,0.19795656,0.39591312,0.16105503,0.49421856526625074,385.70532,2.83137,0.5500867414037379,0.0,0.30551470518462825,0.375,0.39396220881409183,0.46931352436761964,0.3317583756537732
8.146415116390461,1.1289304958412094,1.840270830639669,0.7639077213454036,Si2,PU,combo_003,6.2231094086955885,2.0775378613161557,mlp,0.77066356,0.22933644,0.45867288,0.11899357,0.36514744954025075,315.5147,2.988576,0.25030349715793193,0.0,0.39129447158652403,0.1875,0.39386139066993175,0.2502250151297883,0.27458669793910867
15.626530754512318,1.2208047035579321,1.384778648162601,0.8586785723984013,A2,Si1,combo_012,13.41816711982435,1.6905442870634981,mlp,0.76658213,0.23341787,0.46683574,0.07884641,0.2419505926843972,419.9916,2.3534014,0.6965230447992304,0.0,0.2962959696298826,0.375,0.39374665770415185,0.5680640630932275,0.23216627458174444
9.187560528239405,1.5226818027471487,1.4833767192496299,0.9398744224929575,A2,Si2,combo_013,8.635153145598103,2.2587107370201776,mlp,0.2562713,0.7437287,0.5125426,0.12172018,0.3735144022820654,321.10052,2.9443927,0.27416044618057595,0.9581913153330485,0.2158899754035968,0.15625,0.3937465955833608,0.24599754831629883,0.2456003716826384
10.3359206904916,1.0538463270353697,1.4565504606973778,2.253430760571635,A1,Si1,combo_008,23.29128162278258,1.5349803531476072,mlp,0.7428537,0.2571463,0.5142926,0.09729309,0.29855664869567,357.58344,2.6839447,0.4299785069008619,0.0,0.1906215697358424,0.25,0.3937376674990713,0.3603746316785971,0.22423438206429408
12.265894226506461,0.8828488840006714,1.8089540269583555,2.066344532354551,A1,Si2,combo_009,25.34556346938088,1.5970330439087046,mlp,0.2621085,0.7378915,0.524217,0.07981615,0.24492636073782292,388.89398,2.8221219,0.56370546764109,0.9192766348520914,0.20700660561826525,0.25,0.39360929424235364,0.45644100681854227,0.21078803327881246
15.748464408428593,0.6195457087152448,2.1525978595054505,0.8894094767298208,A1,Si2,combo_009,14.006833488798682,1.3336327664462233,mlp,0.7869632,0.21303678,0.42607355,0.10523131,0.3229161255735891,429.74188,1.8416855,0.7381663479848753,0.0,0.48867692781137717,0.25,0.39357941711609756,0.6009194457897208,0.2599957660895592
8.706790280452072,1.2390508731051961,1.2712880369559616,1.6543536956301954,A1,Si2,combo_009,14.40411067754295,1.575190552158475,mlp,0.21747677,0.7825232,0.43495357,0.1004779,0.30832965847302374,323.15714,3.3167527,0.28294420266337167,0.7831785678863525,0.47051378556644735,0.25,0.3935509803071688,0.28919059859156326,0.2827664218974797
9.47471618193773,1.3475845020901387,2.0608352818431466,1.2758592920403977,A2,PU,combo_011,12.088404680170772,2.7771496871723875,mlp,0.7755025,0.2244975,0.448995,0.15274812,0.4687277313524998,333.45367,1.8279324,0.3269205954461741,0.0,0.2894147680377571,0.21875,0.3934811336193998,0.28991468567071205,0.2761676933701892
12.028227061318596,0.8079071073391529,1.7945067204000815,1.4809620441858578,Si1,PU,combo_001,17.813347736662042,1.4497947335791,mlp,0.7977845,0.2022155,0.404431,0.14729816,0.4520037941751437,385.3385,1.7465969,0.5485200521882164,0.0,0.31304254191427566,0.375,0.39344400433225135,0.4625399941570062,0.29560867126683676
15.125883378917418,0.6841116402265219,2.208251958974598,1.4735245035472166,A1,Si3,combo_010,22.288359796632385,1.5106908696875425,mlp,0.714635,0.285365,0.57073,0.06999059,0.21477534364135462,421.58398,0.98354924,0.7033240661450452,0.0,0.12782524815073612,0.1875,0.3934165727814174,0.5291083636990412,0.14084163153561075
13.108782445136319,0.5047264730760794,2.730101807450909,2.4152821803237714,A1,PU,combo_007,31.661408645478826,1.3779546564133272,mlp,0.76364803,0.23635197,0.47270393,0.14547335,0.4464041209892657,410.36435,2.6907866,0.6554051429636494,0.0,0.19096275350345146,0.25,0.39309220663853767,0.5182479483687494,0.27617411067523484
10.933568178542636,0.6877414998193512,2.301386100374029,2.123950273795252,A1,Si3,combo_010,23.222355126374687,1.5827587283346425,mlp,0.76449615,0.23550385,0.4710077,0.08938653,0.2742943399408267,373.1286,3.1346927,0.4963717198259176,0.0,0.429481523877195,0.1875,0.392745623137309,0.4271575344566095,0.25154737122848553
10.570765283254506,1.369205460444169,2.339785868397476,1.2249187081497697,A2,Si2,combo_013,12.948328154918544,3.203647587279926,mlp,0.26076162,0.7392384,0.52152324,0.0469399,0.14404125973418824,347.08365,1.5151013,0.3851340483796758,0.9282558759053549,0.4032028857203154,0.15625,0.39236190825425643,0.3339387127600547,0.16373093989288856
13.649992372360579,0.71005236165853,2.997692304092479,1.078368367878467,Si3,Si3,combo_006,14.719719996136002,2.1285185000464653,mlp,0.24109037,0.75890964,0.4821807,0.10266784,0.31504978300186126,400.28946,1.9205284,0.6123754110604088,0.9406023820241293,0.4384442673545557,0.09375,0.39228600058744384,0.4926848387760379,0.22790574919787124
12.612857570314235,0.914057733367746,2.9657782107684554,1.3404911194949858,A2,Si2,combo_013,16.907423564461336,2.7108925090064635,mlp,0.25380573,0.74619424,0.50761145,0.09458754,0.2902543299030166,386.2101,2.217662,0.5522426986677929,0.9746282895406088,0.3073415533058656,0.15625,0.39226319086527395,0.44549282955978153,0.21510099652802556
10.253567318269916,0.9959088185855438,2.361278151604254,0.7879699962179805,Si1,Si1,combo_002,8.079503400997954,2.3516177343160494,mlp,0.2700754,0.72992456,0.5401508,0.0980692,0.30093825082380277,345.3247,1.4679259,0.3776216302170295,0.8661637306213379,0.2396679167524089,0.09375,0.39223638574205305,0.3057969066478956,0.1837609836737615
10.5149125278593,0.8807567276462305,2.7275832713903765,0.8301359890719389,Si1,PU,combo_001,8.7288073113194,2.402337316492388,mlp,0.22948161,0.7705184,0.45896322,0.08272879,0.2538641819184801,348.14865,2.9727423,0.3896826607127263,0.8632105191548666,0.3026135667945384,0.375,0.3921514456512216,0.3575784906567143,0.2501319488648809
14.018454424824117,0.5970552229076682,2.837541718862793,1.621443156851068,A1,PU,combo_007,22.73012699675964,1.694169103465433,mlp,0.24356446,0.7564355,0.4871289,0.059339974,0.182092525361566,407.22864,2.750316,0.6420125569749603,0.9570965766906738,0.39579447245130556,0.25,0.392103960984034,0.5297091501798304,0.215624750427041
14.24882623905171,0.6833046180489005,2.032798823468649,1.0401336768663614,A1,Si2,combo_009,14.820684027054742,1.3890208236404995,mlp,0.76852477,0.23147523,0.46295047,0.10137325,0.3110771614580285,412.68866,1.7892526,0.6653322436892534,0.0,0.3554529329789628,0.25,0.3921022716003936,0.5363023947946561,0.2347808046571432
13.334319588205748,1.3200858624951688,1.2484373236810962,1.6670254793963697,A2,Si2,combo_013,22.22865050395309,1.64804446120272,mlp,0.7258989,0.27410108,0.54820216,0.066820316,0.2050469397482646,400.17505,2.4560792,0.6118867656470153,0.0,0.24189860381545472,0.15625,0.3919905298167997,0.4821125196681948,0.18040795115229627
12.057458160318724,1.1465590272864021,1.9344238314702333,1.929840440871379,A2,Si1,combo_012,23.26897037189769,2.2179311065701457,mlp,0.7986529,0.20134711,0.40269423,0.10216334,0.31350165473884134,385.4217,1.2054986,0.5488753595760294,0.0,0.4482085151343936,0.375,0.3919883553626533,0.4730981265187718,0.2561826879861453
10.386164121580684,1.419913469406171,1.9082426193652424,1.812175356618132,A2,Si2,combo_013,18.821550670919923,2.709539398131621,mlp,0.2738711,0.72612894,0.5477422,0.06791194,0.2083967250547251,348.84888,1.9395314,0.39267331662371957,0.8408595720926921,0.23939233326308335,0.15625,0.3918640651151639,0.3253508134084431,0.17048860831797505
12.041360008695278,1.1172238079821157,1.3957037525298355,2.1881388623974245,Si2,Si2,combo_004,26.348167791144327,1.5593134612163113,mlp,0.23915596,0.76084405,0.4783119,0.09024165,0.27691838225180565,383.05734,2.5329006,0.5387772525067679,0.9277063210805258,0.3310533717091704,0.25,0.3917673001119687,0.44968167006806614,0.23459233604294816
9.993962761021507,0.9289349284736345,2.31276387478171,0.5641035591029279,A1,PU,combo_007,5.637629963034356,2.1484071445967534,mlp,0.79609555,0.20390445,0.4078089,0.096322216,0.2955774054529013,339.07373,2.422923,0.35092378617429354,0.0,0.5707401139301136,0.25,0.3917425288016172,0.34150106298345784,0.2747945134375758
9.959565558197795,1.3934155151760572,1.697789210729989,0.7689918732812906,A2,Si2,combo_013,7.658824975666345,2.3657258277296793,mlp,0.7220355,0.27796447,0.55592895,0.04451284,0.13659351743667109,334.55908,2.949845,0.3316417782052936,0.0,0.2790569771685129,0.15625,0.3915459942385376,0.2925834981608518,0.1722662226291441
8.434049076483527,1.5341062097532634,1.9354737116344705,2.138416010285745,A2,PU,combo_011,18.035505576688077,2.969222239832638,mlp,0.23914368,0.76085633,0.47828734,0.2076619,0.6372378792711906,320.31726,1.0791972,0.2708151345827745,0.9276244640350342,4.1566423580834306e-10,0.21875,0.39145621851880885,0.21726150805933084,0.2762014561416443
11.082271671303317,1.1836307836289914,1.1771674572674946,2.0353844989566667,A1,PU,combo_007,22.556683972997366,1.393331639908072,mlp,0.22022912,0.77977085,0.44045824,0.104308225,0.3200835261758577,361.3692,1.5425966,0.4461474695101685,0.8015276590983074,0.4191084732058548,0.25,0.3906308368363874,0.3877766353177461,0.2423644628325779
13.39488402155746,1.2528957727411267,1.921348058455707,0.567152999416107,A2,Si1,combo_012,7.5969486496571985,2.4072488604035267,mlp,0.21353526,0.78646475,0.4270705,0.11519309,0.35348517136707364,387.57684,1.7245963,0.5580799845677202,0.7569016615549724,0.30616050684392543,0.375,0.39008562886845255,0.4684133416755474,0.2596384422831921
14.375022890328271,1.0686767247891005,2.174774370919075,1.7223168468655976,A2,PU,combo_011,24.758344098090976,2.3241307518690735,mlp,0.2507793,0.7492207,0.5015586,0.056134436,0.17225591047400118,407.64813,1.4150696,0.6438042133773362,0.994804859161377,0.3702415447416742,0.21875,0.39004435824397543,0.5173687894056969,0.1759616998630312
12.161852135305175,1.1770653731944167,1.812885203486398,0.6074902506348733,A2,Si2,combo_013,7.3882066018608095,2.1338843986003533,mlp,0.73082393,0.26917607,0.53835213,0.07216117,0.22143604700504524,373.6301,1.4990647,0.498513600348269,0.0,0.24804997096365217,0.15625,0.3899540752092664,0.39769405588579887,0.1672134970060725
11.410229352836534,1.33068604820328,1.3879893112356188,1.8131496173617343,A2,PU,combo_011,20.68845298510519,1.846978011516518,mlp,0.78221285,0.21778715,0.4355743,0.13582298,0.41679070653891626,366.29663,2.4635212,0.46719245903733336,0.0,0.36640971097145103,0.21875,0.3898584268319155,0.3995717257165776,0.28272432046088564
14.856335456949251,0.6438090422202041,2.6883755271743115,1.3134461346916446,Si2,Si2,combo_004,19.51299638161242,1.7308004732783298,mlp,0.7782425,0.22175747,0.44351494,0.11495901,0.35276685887512144,417.44342,2.4237657,0.6856397683593949,0.0,0.3692212187417923,0.25,0.38973144228104106,0.5556553550544608,0.2646004670680294
15.116671059195426,1.0121049134210347,2.54341355742474,1.0400780598368948,A2,Si2,combo_013,15.722517906440515,2.574201358331252,mlp,0.23505661,0.76494336,0.47011322,0.1350217,0.41433187290025403,410.8698,2.1659942,0.6575639677121254,0.9003775914510092,0.3036428798242796,0.15625,0.38969597973530967,0.5185416061187972,0.2569014800713158
12.440238229220666,1.1648320492062307,1.444969864497075,0.6072262514834603,Si1,PU,combo_001,7.554039227490906,1.6831472083033774,mlp,0.21111813,0.7888819,0.42223626,0.13198645,0.4050178167470472,369.93744,1.8876227,0.4827423056920869,0.7407873471577963,0.26889359843028093,0.375,0.3895666603204224,0.4129165605710441,0.27546682922845156
8.262205040422018,1.7926468025381965,1.1048199077112772,0.8630238459074289,A2,Si3,combo_014,7.130479969660754,1.9805518749391666,mlp,0.19991207,0.8000879,0.39982414,0.13540345,0.4155033317920564,304.18893,2.5984247,0.20193125075760243,0.6660804748535156,0.3718234314328278,0.34375,0.38956480475549166,0.22772984708378374,0.3046343802777714
15.576398714265764,1.1392955937507558,1.9483781884519868,2.0466297795108943,Si3,Si3,combo_006,31.879121466151517,2.2197786850634285,mlp,0.23386368,0.7661363,0.46772736,0.16432327,0.5042475959005935,416.39835,3.6729326,0.6811762681775703,0.892424742380778,0.2835329432736301,0.09375,0.38947962164571054,0.5357410981589278,0.30724205643168156
12.273325465242293,0.6127092360268895,2.5771877376143233,0.6385831314760019,A1,Si2,combo_009,7.837538609218581,1.57906672981154,mlp,0.79024124,0.20975876,0.41951752,0.09921844,0.3044648592511735,382.9626,2.0564554,0.5383725461827917,0.0,0.5024188843481365,0.25,0.3892672078602395,0.46371095681651625,0.26005453457825056
8.5084018101907,1.3715485487098462,2.9795710763403793,2.4103480231719576,A2,PU,combo_011,20.50820948354586,4.086626385532481,mlp,0.21930158,0.7806984,0.43860316,0.127738,0.3919808725578564,321.96588,3.1874979,0.27785637291895576,0.7953438758850098,0.3746168785601223,0.21875,0.3890339021887234,0.2721483122234122,0.29029090881372643
11.455196225047517,1.487007644811451,1.1973505506741215,2.411954342395184,Si3,Si3,combo_006,27.629410277992278,1.7804694223716195,mlp,0.23932283,0.76067716,0.47864568,0.12909807,0.39615443778021,366.01498,2.468795,0.46598954932268716,0.928818941116333,0.347064710027797,0.09375,0.38880049149493145,0.38432644762587737,0.25395928206750135
10.088008741836205,1.0176135174481753,2.988880826686965,1.4681494446512429,A2,PU,combo_011,14.810704431963709,3.0415255312783325,mlp,0.7664412,0.23355877,0.46711755,0.10105733,0.31010772080987276,346.4645,2.9434187,0.3824897063826293,0.0,0.34958212581638626,0.21875,0.3886806224273648,0.34144147279494624,0.2528166512650485
11.282542353941336,1.533581187482536,1.6133783415891634,1.110130223406463,A2,PU,combo_011,12.525091263973776,2.474246672952914,mlp,0.2421712,0.75782883,0.4843424,0.10092673,0.30970695374413243,351.21857,2.1010127,0.4027942332281488,0.947807788848877,0.2862308365416746,0.21875,0.38859149542618715,0.3443264317057627,0.22569790606331655
8.345826299659109,1.048923300000465,2.7951727671328976,1.3450496253915865,Si2,Si2,combo_004,11.225550537939734,2.93192184297247,mlp,0.22868738,0.7713126,0.45737475,0.1494412,0.45857999556639,320.2855,0.9699079,0.27067945043357666,0.8579160372416179,0.2048114558483045,0.25,0.38856484597567764,0.24012489887199348,0.24681319976829005
11.539438067433874,0.966384202048559,2.395497049154716,1.2466985957278702,Si3,PU,combo_005,14.38620123415854,2.314970504357058,mlp,0.21367113,0.78632885,0.4273423,0.094914384,0.2912572878378616,371.32376,3.0203235,0.4886632700010297,0.7578076521555583,0.38664662075009026,0.34375,0.38828635187409216,0.43242524423119766,0.2721240698999026
14.569486426703637,0.7362896557498595,2.42495546671772,1.3267569525203031,A1,Si2,combo_009,19.330167411279238,1.78546962579833,mlp,0.2038993,0.79610074,0.4077986,0.14675304,0.4503310392206211,408.21378,1.4781977,0.6462200690021024,0.6926617622375488,0.392305286967362,0.25,0.3881846724799476,0.5247654334161017,0.28259465423495017
12.493884271145362,0.9821676966524111,1.7528764876475074,0.9836326435150211,Si1,PU,combo_001,12.289392413397454,1.721618662388921,mlp,0.2103569,0.7896431,0.42071378,0.11895972,0.3650435596693668,379.2776,1.088399,0.5226339669170502,0.7357126077016195,0.3047746198560581,0.375,0.3881153191205099,0.43969169373892725,0.250278031052539
14.478567964533607,0.6484413391169652,2.3028383476390673,1.4461283486022984,A1,PU,combo_007,20.937867580677125,1.4932555819129762,mlp,0.7273488,0.2726512,0.5453024,0.06290033,0.19301793764705538,415.57294,1.3824682,0.6776509567622452,0.0,0.14362684908262785,0.25,0.3879130450091168,0.5213318065361874,0.15324738716909922
9.031277776987386,1.6865757606947784,1.3927667832438861,0.7606410280396383,A2,Si3,combo_014,6.869560412799224,2.349006696919977,mlp,0.2252254,0.7747746,0.45045078,0.14103848,0.4327951423437555,315.31622,2.1734998,0.24945576449089768,0.8348359266916912,0.15703936375075955,0.34375,0.3877856038183063,0.23699999952630202,0.2696538024095204
14.658542755546097,1.1706980163336203,1.6280453665645043,0.7032658014950117,A2,Si1,combo_012,10.308851819728023,1.9059494811382067,mlp,0.7793646,0.22063541,0.44127083,0.10067381,0.3089308433662659,409.1172,2.3683522,0.6500785299710775,0.0,0.2832659126158469,0.375,0.3877784808541346,0.5343385126123003,0.25396500836893465
13.319411506408724,1.11467077464285,1.3080343171871482,1.7747285020853458,Si1,PU,combo_001,23.638339231427075,1.4580276255984297,mlp,0.22431755,0.77568245,0.4486351,0.09449489,0.2899700045433528,391.9842,1.213599,0.5769037163901499,0.828783671061198,0.2739420997947633,0.375,0.3875861273362795,0.47533934711873016,0.22197469139090903
13.834967434850606,0.5152174737487298,2.908468545883414,1.332820874565464,Si1,PU,combo_001,18.4395333961023,1.4984938166876944,mlp,0.7873661,0.21263391,0.42526782,0.08717142,0.2674969839014597,408.081,2.3464406,0.6456529587877319,0.0,0.38200072356281933,0.375,0.38757195469408945,0.5409842200488532,0.2538188207939901
9.67832174142951,1.0122452578893109,2.5906229235753058,2.0594701798314117,Si3,PU,combo_005,19.932215017288094,2.622345769368446,mlp,0.81917256,0.18082744,0.36165488,0.20287085,0.6225359078511478,343.0665,2.938382,0.36797684636670175,0.0,0.2888751947565638,0.34375,0.38718435704631576,0.33768192354166826,0.37170598759400875
9.40690736271303,1.542268781371831,1.3525248963762984,1.3212213431466122,A2,Si3,combo_014,12.428606780619464,2.0859569237093356,mlp,0.79995096,0.20004904,0.4000981,0.14238307,0.4369211980696969,331.27533,3.1715336,0.3176169119017548,0.0,0.3334110682108133,0.34375,0.38716629585466655,0.3082654855898444,0.31825797108738757
10.098610857886216,1.2487677505974912,1.8867763555306742,2.267502814273806,A2,PU,combo_011,22.89862854051301,2.3561454653765725,mlp,0.78938264,0.21061736,0.42123473,0.12377039,0.37980575246262893,348.5621,1.6291841,0.39144850975531237,0.0,0.4376707118204222,0.21875,0.3871130813615892,0.34873180617916305,0.2631603437243913
8.656971799443138,1.0263369180117365,2.898886233765018,2.3040926386524285,A1,Si1,combo_008,19.946464996118603,2.975233962829039,mlp,0.20452413,0.79547584,0.40904826,0.15883635,0.4874102578078359,331.97668,2.4007056,0.3206123904001835,0.6968277295430502,0.34306697020717475,0.25,0.38704813871522914,0.29738408467233146,0.30732413606401815
14.187525281497894,1.1180389216954278,1.1641933432932527,1.3013972921892936,Si1,Si1,combo_002,18.463606984208504,1.3016134701805833,mlp,0.24678385,0.75321615,0.4935677,0.1265231,0.3882528174640336,401.42075,2.0758524,0.6172071223099411,0.9785590171813965,0.288252473859609,0.09375,0.3870005255730123,0.4819684884287436,0.23422025118173687
12.289999642236408,1.0112986892490767,2.267433073351526,2.026829079720919,A2,PU,combo_011,24.909728664644444,2.2930520950404043,mlp,0.2255098,0.77449024,0.4510196,0.10102921,0.3100214355165814,388.86594,1.060315,0.5635856849964092,0.836731751759847,0.3966036724327672,0.21875,0.38686704397579613,0.4617493428687024,0.22077453974350617
9.840737076871283,0.9003173861748353,2.6730135102696924,1.9315731356920671,A1,PU,combo_007,19.00810337309345,2.4065605367760305,mlp,0.24764061,0.7523594,0.49528122,0.06561839,0.20135866642718345,346.6045,2.2895877,0.383087576884426,0.9842707316080729,0.3115146091972989,0.25,0.3868356620590044,0.33730286515591185,0.20016807608890214
15.844053022675325,0.7669690246694434,2.7721423984780786,1.493186010984863,Si3,PU,combo_005,23.65811833076123,2.1261473516055434,mlp,0.22669539,0.7733046,0.45339078,0.059996776,0.18410800943349293,424.58374,2.820379,0.716135986538464,0.8446361223856609,0.38776987135994423,0.34375,0.386709109530095,0.590583366518854,0.23064244482648605
10.792951927761921,1.3007239010953682,1.2581697203429494,2.2159015897976477,Si1,Si1,combo_002,23.91611933533723,1.6365314268845494,mlp,0.24388103,0.75611895,0.4877621,0.06384939,0.19593026063188454,355.4992,1.8266919,0.42107679253619873,0.9592069784800211,0.49981709645161665,0.09375,0.38669375501172865,0.3643569038730908,0.19347319377296693
15.810826388572458,0.7887515146589479,1.9609080735713142,1.037122391259846,A1,Si1,combo_008,16.39776207191054,1.5466692131363338,mlp,0.22939892,0.7706011,0.4587978,0.089787245,0.2755239853910356,421.85434,1.2888087,0.7044787499853368,0.8626593748728435,0.3686634205429704,0.25,0.38646690774412,0.5620597833540679,0.2139370150534311
12.109767769369405,1.130003901968856,1.4654290843279818,0.6110641827367164,A1,PU,combo_007,7.399845345121144,1.655940583349267,mlp,0.24492173,0.75507826,0.4898435,0.11012357,0.3379286691780702,366.49222,2.2077868,0.4680278093852765,0.9661449591318766,0.1908838451422561,0.25,0.38623579540480857,0.3842131037113798,0.22817599517977502
10.227638840578743,1.1801582694779627,2.7639953806625153,1.4454985301973093,A2,Si2,combo_013,14.784036911445487,3.261952005287757,mlp,0.7581965,0.24180353,0.48360705,0.080497324,0.24701664140143045,345.77597,1.9162397,0.3795489707686031,0.0,0.3964258647825751,0.15625,0.38593775549379344,0.3317290706326198,0.2070774203650773
15.35933664127023,0.569536585084772,2.3663112289022377,0.6386485733607439,Si1,PU,combo_001,9.809218433714632,1.3477008165567308,mlp,0.8252348,0.17476523,0.34953046,0.08105475,0.2487271661769698,423.03214,1.9482461,0.70950909970113,0.0,0.6668716966355124,0.375,0.38583158753001134,0.6118104512362561,0.28171945389396524
15.151091710729187,0.7629611631201949,2.0109205364175127,1.8770525130070643,A1,Si3,combo_010,28.43939477042472,1.5342542714073917,mlp,0.7557317,0.2442683,0.4885366,0.089489445,0.27461014777236703,422.78735,1.694203,0.7084636409492416,0.0,0.318495277719159,0.1875,0.3857859596691421,0.5559852324148017,0.2051268893026607
11.613502377513305,1.3763017763245973,1.6905984743863445,0.6606607739907764,A2,Si1,combo_012,7.672585469471661,2.3267736833495802,mlp,0.8086851,0.19131488,0.38262975,0.124667905,0.3825598857430906,358.07562,3.6370635,0.43208063366192095,0.0,0.41038952561590014,0.375,0.38563878433206056,0.4019722099711621,0.32512323731426285
11.176398171240855,1.207124244370889,2.1639347072962094,1.6786948356472144,A2,Si2,combo_013,18.761761891198994,2.6121380484128776,mlp,0.26857784,0.7314222,0.5371557,0.08360097,0.25654058070048114,366.36667,1.1259352,0.46749158979853317,0.8761479059855143,0.1884819836286404,0.15625,0.3856265218850097,0.3678102491156445,0.16282428341778998
15.71192809306799,0.7924444977461592,2.343464022213511,2.375427261536761,Si3,PU,combo_005,37.32254232357899,1.8570651700691798,mlp,0.8152987,0.18470132,0.36940265,0.12215209,0.37483977548081987,435.40704,2.2332702,0.7623621815300115,0.0,0.4973528997697987,0.34375,0.38556286310819515,0.6304201138552277,0.3016563952090959
15.401504165769502,0.529844277900148,2.7040341990559744,0.7414222860362367,A1,Si1,combo_008,11.419018426981447,1.4327170476161177,mlp,0.78498363,0.21501637,0.43003273,0.13126914,0.4028166501076943,426.08847,2.419871,0.7225626708271259,0.0,0.34039733139262524,0.25,0.3855001077221411,0.5785959142964138,0.2777135177701575
15.710204611505088,0.9155754299691505,1.3924813296102325,2.1169999606374943,A1,Si1,combo_008,33.25850254416325,1.274921692081903,mlp,0.745005,0.254995,0.50999,0.1464203,0.4493099737202524,430.99405,3.570169,0.7435143367704045,0.0,3.398076255735547e-10,0.25,0.3853909774341585,0.5660403545847744,0.2667896066933463
9.209056888573501,1.282559642564679,2.281153607249964,2.148224632172778,A2,PU,combo_011,19.783122847113997,2.9257155551496417,mlp,0.78650916,0.21349084,0.4269817,0.15332091,0.4704853998150468,335.31024,2.533501,0.3348499719116867,0.0,0.312730212816667,0.21875,0.3851347730251663,0.3019788160655259,0.2949172724176412
11.956183438131415,0.596098825440381,2.989353268214394,1.5347754672512066,A1,PU,combo_007,18.35005702279928,1.7819499720089644,mlp,0.22221486,0.7777851,0.44442976,0.12504758,0.3837249658334016,383.3391,3.5149167,0.539980683582218,0.8147658507029216,0.3033511812866889,0.25,0.3849977904142278,0.45357442577712415,0.2881913172278532
9.86719613884561,1.3394011461367856,2.2783661707434515,1.2312148057499979,A2,Si3,combo_014,12.148637977385928,3.0516462604130585,mlp,0.79696953,0.20303047,0.40606093,0.113760814,0.34909003996101934,338.7751,1.7204072,0.34964827696771345,0.0,0.3833348680044802,0.34375,0.3847597588722465,0.3270787534849422,0.2649018990118605
12.46256246721094,0.7199295774153818,2.1634077748685248,0.7554640722822132,A1,Si1,combo_008,9.415018192550644,1.5575012451382484,mlp,0.7851016,0.21489841,0.42979681,0.13424315,0.4119427716793285,389.62643,3.8519998,0.5668337628042955,0.0,0.327009833632375,0.25,0.3847311419821727,0.47673539418341215,0.3086091641327083
9.815056315250784,0.7994935435243867,2.8503397811176088,1.3988876837270192,A1,Si3,combo_010,13.730161394491422,2.2788282518542418,mlp,0.7658779,0.2341221,0.4682442,0.09194159,0.28213487008644805,343.68167,1.2310785,0.3706042441376236,0.0,0.37719262660037567,0.1875,0.3845584496258568,0.3226083733626588,0.20695758784230966
9.730533750549242,0.97846142516105,2.840882323115026,0.9410323219598471,Si1,PU,combo_001,9.156746769188013,2.7796937665899626,mlp,0.2202774,0.7797226,0.4405548,0.07811879,0.23971780639464105,336.27264,3.3997643,0.33896038048911464,0.8018495241800945,0.3324256771657345,0.375,0.38437666720168173,0.32758513597782846,0.258511140529046
11.591632147625365,1.377295132521069,1.2635045705233177,0.7812413530186171,Si2,PU,combo_003,9.055862382704937,1.740218694899889,mlp,0.23626176,0.7637383,0.4725235,0.15197891,0.46636730044365365,352.3355,3.0159824,0.4075646845832307,0.9084115028381348,0.17549417248416865,0.1875,0.38429215467025246,0.33889025903792697,0.2782121500622744
14.517694798981523,0.8842898493210175,1.8316419738244405,1.174591933845049,Si1,PU,combo_001,17.052367208907917,1.6197024050432656,mlp,0.25039136,0.74960864,0.5007827,0.037595768,0.11536756391787725,404.01382,1.7020766,0.6282821291853867,0.9973909060160319,0.2335004170478367,0.375,0.38401069765221185,0.5101553558679697,0.16493109299538608
12.35000403961461,0.6266932976571444,2.9076945977513153,1.9440864090874665,A1,Si1,combo_008,24.009475005590073,1.8222327160446359,mlp,0.24876101,0.751239,0.497522,0.071361504,0.2189821746564318,390.27222,2.653631,0.5695918917967788,0.9917399883270264,0.266229517772109,0.25,0.38391886981963386,0.4654851213784396,0.20709564749775983
14.036219990740445,0.9673350835139017,1.230689515994275,1.7296081162088195,A1,Si3,combo_010,24.277160016877154,1.1904891457340052,mlp,0.7238426,0.27615738,0.55231476,0.052023575,0.1596411903584347,410.50577,1.5641198,0.6560091394548913,0.0,0.18616389260226496,0.1875,0.38376889739092807,0.5052629180326011,0.14233945955461957
8.561773364002216,1.2979884714624519,2.5560286414370745,2.0520101063018243,A2,PU,combo_011,17.568845470798315,3.317695709313156,mlp,0.7968928,0.20310718,0.40621436,0.1475226,0.45269252183150527,326.08823,2.463268,0.29546285760463387,0.0,0.39748101026928667,0.21875,0.38375643776838114,0.2824666338817283,0.2999453980418659
15.309149674964935,1.128394898975098,1.6947069353694735,1.8730448091996978,A2,PU,combo_011,28.674723331954315,1.912298661128635,mlp,0.7790062,0.22099382,0.44198763,0.08849212,0.2715497177048825,423.06665,2.489844,0.709656514468414,0.0,0.4471876288459769,0.21875,0.38371630946115215,0.5775303761749236,0.24455273159213184
12.13733357255925,1.3060046687485476,1.6801330174024591,1.110751438161922,A2,Si1,combo_012,13.481560721171164,2.1942615648461965,mlp,0.78167325,0.21832675,0.4366535,0.09409828,0.28875295665451206,376.195,2.181448,0.5094683032182299,0.0,0.2915860014395257,0.375,0.3834602658733006,0.43563555047421154,0.24427341831625132
10.345686599136654,1.2396126630315378,1.6266975338941243,2.1263560362443785,Si2,Si2,combo_004,21.9986131491668,2.0164748619373305,mlp,0.2624256,0.7375744,0.5248512,0.060456898,0.18551995371413604,349.068,1.5608901,0.3936091592666018,0.9171626567840576,0.19587906793210608,0.25,0.38337800891710233,0.3287853062426765,0.16216230185971978
14.862023560541296,0.5376866366319338,2.8078266782357053,0.6853955877640292,Si1,Si1,combo_002,10.18636537364005,1.5097308828659715,mlp,0.7745091,0.22549093,0.45098186,0.16684428,0.5119836417350486,416.01422,3.0997496,0.6795356760681054,0.0,0.2959077790759946,0.09375,0.3832862335875073,0.5324328157465749,0.29991516753822184
14.010601161501217,0.5307756517265615,2.9485122248161852,2.1147948818777516,Si1,Si1,combo_002,29.629547628373256,1.5649984977505444,mlp,0.75678414,0.24321586,0.48643172,0.08679237,0.26633382431052244,415.95233,3.5387485,0.6792713461405615,0.0,0.41139058706888043,0.09375,0.38325860653685123,0.5463980854591123,0.24036722215742407
8.112641185115491,1.4002303019575892,2.5591954308740714,1.747556119695237,A2,Si2,combo_013,14.177295749940196,3.5834629909412836,mlp,0.74620974,0.25379026,0.5075805,0.13211274,0.4054053460849614,317.77374,1.9942266,0.2599518001936855,0.0,0.13192319161817073,0.15625,0.3832060719133281,0.22202302488981276,0.22445590944591756
10.01259913944885,1.0145182779058823,2.9645241565080864,2.443680186581021,A2,Si1,combo_012,24.467590133249338,3.007563942070972,mlp,0.80768186,0.19231814,0.38463628,0.1219694,0.3742791725683917,350.82596,3.4129984,0.4011174065428174,0.0,0.3950633798520132,0.375,0.3832013503904502,0.3774372654283451,0.3152778173978399
14.5329275464873,0.5682049083957778,2.819283226502484,1.2598105818926997,A1,Si1,combo_008,18.30873590894461,1.6019305674565967,mlp,0.7553268,0.24467319,0.48934639,0.117881715,0.36173556808737284,416.62646,2.3045163,0.6821505611797353,0.0,0.14785432158320522,0.25,0.3830789952017616,0.5303694095787638,0.23206064314926106
8.427439120110407,1.0420928316056703,2.2660667691656076,1.615976901685422,Si2,Si2,combo_004,13.618546958458534,2.3614519360873008,mlp,0.75184786,0.24815214,0.49630427,0.09405127,0.28860871343369193,325.41205,1.7617944,0.2925749097719959,0.0,0.1949212096635882,0.25,0.3829968568289261,0.25915633944755007,0.20226746689410982
15.810673137624477,1.241425081711186,1.6876030743756378,1.7231919343700792,A2,Si3,combo_014,27.24482442771617,2.095032784502825,mlp,0.79916555,0.20083445,0.4016689,0.11768641,0.36113625796732884,424.7665,3.2727458,0.7169165940020046,0.0,0.37561419796774065,0.34375,0.38299297872770854,0.5925954779862098,0.30016336834183993
12.846409760483812,1.244532393108286,1.6770270091016182,1.5463802847401251,A2,Si2,combo_013,19.86543478330528,2.087114436944468,mlp,0.2699051,0.7300949,0.5398102,0.13599242,0.41731065888126706,390.42395,1.5555575,0.5702399432759445,0.8672993977864584,1.6571337642791296e-10,0.15625,0.38292969226181695,0.42343234112801026,0.19973406349727266
14.448697964652002,0.7941214447464167,1.8024764901047408,2.3587800571304753,A1,Si3,combo_010,34.08130061052283,1.431385234443427,mlp,0.76768047,0.23231953,0.46463907,0.12710045,0.39002447813630353,420.09903,2.0572655,0.6969818423066044,0.0,0.270064953282963,0.1875,0.38268990192030267,0.5452568728689875,0.24578911808138892
15.869676253327874,1.1376018112864337,1.9727231554665603,1.6381024919689162,A2,Si2,combo_013,25.996156217316326,2.244173434825448,mlp,0.7065007,0.2934993,0.5869986,0.078933485,0.24221779359131188,424.90463,1.7388296,0.717506513751543,0.0,6.419002128701315e-10,0.15625,0.3826193832119777,0.5276052249259315,0.14225355617805951
12.138891221530073,1.6488717982523922,1.3835387633724052,0.7783253082225485,A2,Si1,combo_012,9.448006251477382,2.2812780487137485,mlp,0.20986745,0.7901325,0.4197349,0.10346705,0.31750226070211995,358.23846,4.3129797,0.4327761289742357,0.7324498494466146,0.31680802784255935,0.375,0.3822507416183031,0.3971071748413959,0.3023377816352385
9.549827158669641,1.4258537140631078,2.27825031288471,2.1100126524835026,A2,PU,combo_011,20.15025613382352,3.248451670192101,mlp,0.2083894,0.7916106,0.4167788,0.16221282,0.49777139765530803,336.34897,1.998972,0.3392863613317119,0.722596009572347,0.30282330080291353,0.21875,0.382130052308635,0.30092535587584457,0.2918924893215371
9.056127464732242,0.9112645850077651,2.8046254330708393,0.7535055397566366,Si1,PU,combo_001,6.823842213417969,2.5557558313695217,mlp,0.80000174,0.19999826,0.39999652,0.09733943,0.29869885710167743,328.81415,3.958564,0.3071052353748519,0.0,0.4070694206762577,0.375,0.3821133331259645,0.31606300795370645,0.3019434170199211
8.323152981556179,1.5065452470556628,1.19714886672779,1.674746007454866,Si3,PU,combo_005,13.939167225297274,1.8035589351868253,mlp,0.1808974,0.8191026,0.36179483,0.16819024,0.516113904269142,314.99713,2.4253297,0.2480929273496754,0.5393160978953044,0.3605606538048155,0.34375,0.3820508398638189,0.25789078009598926,0.3345677940624943
12.098904513351517,1.2323215538128678,1.8788680865415635,0.9062965842572234,A2,Si2,combo_013,10.965195833704783,2.3153696398163093,mlp,0.28333136,0.7166686,0.5666627,0.1019279,0.3127791811649127,374.05157,1.0129899,0.5003137288637072,0.7777907053629558,6.312723797615086e-10,0.15625,0.38201889896361113,0.37126810243804875,0.1518924360985531
12.920782558151725,0.8379217678763731,2.870906665583384,2.0929207491134303,A2,Si2,combo_013,27.04217391073865,2.4055951886336926,mlp,0.7735234,0.22647661,0.45295322,0.13439167,0.4123985244711859,403.61005,1.4402649,0.6265575979865046,0.0,0.31666225482350413,0.15625,0.3819208905520023,0.49383756673892265,0.24312240111950748
9.416432932426208,1.3081789804019983,2.52944455709396,1.9124639640810508,A2,Si2,combo_013,18.008588653451177,3.3089662016825607,mlp,0.7626367,0.23736328,0.47472656,0.11075682,0.3398718944610603,336.27765,2.1972005,0.33898175628207183,0.0,0.3080466388722332,0.15625,0.38172488675238964,0.29615939937454183,0.23214843020674505
12.177790402981831,0.7779738547016226,2.9265905660752263,1.4376934553332426,Si3,Si3,combo_006,17.50792956278695,2.2768109438229476,mlp,0.2524989,0.74750113,0.5049978,0.075421296,0.23144017973679282,382.91724,1.9553801,0.5381788606441673,0.9833408991495768,0.3678975287182699,0.09375,0.3817119496318305,0.43389915127874573,0.1887833780616235
9.707330216959578,1.6439709446948918,1.5551652406456464,0.8376480412388226,A2,Si3,combo_014,8.131326141894625,2.556646469820882,mlp,0.22690587,0.7730941,0.45381176,0.12416671,0.38102190869104613,325.37875,1.5584152,0.2924327086127501,0.8460392157236736,0.15569984150622632,0.34375,0.3816672390844615,0.2633041989735829,0.23857226004692328
10.98097133835548,1.079768490723415,2.4010200415433243,0.8538587134375617,A2,Si3,combo_014,9.37619805926295,2.5925457864539068,mlp,0.777613,0.22238702,0.44477403,0.11530389,0.35382516834548794,354.29315,1.4197752,0.41592574779431796,0.0,0.2154092825251099,0.34375,0.3815733850320942,0.3548985285513761,0.2351337202496363
8.108814606567284,1.0452972724225793,2.3027119653319366,0.5555484702457264,Si2,Si2,combo_004,4.5048395501846565,2.4070185365363104,mlp,0.78089046,0.21910954,0.43821907,0.052687045,0.161677136893927,315.73273,2.636359,0.2512346475535796,0.0,0.525177854604161,0.25,0.38154874938465577,0.2684275100954291,0.22552282581977404
9.557563671490454,1.3827538720987065,2.6070935657297247,2.3278507090043448,A2,Si2,combo_013,22.24858136903322,3.6049687229364005,mlp,0.22543415,0.7745658,0.4508683,0.09508673,0.2917861567844475,338.41083,1.4852703,0.3480925363290725,0.8362278938293457,0.4414511513373309,0.15625,0.38140066591755417,0.3116576672708027,0.22056004604867224
9.963909038729584,1.0583751921974505,1.9436501407415983,1.2910091814520264,A1,Si3,combo_010,12.863498052152726,2.0571110912719908,mlp,0.24047521,0.7595248,0.48095042,0.10370547,0.31823390237424937,343.21097,0.92130315,0.36859387687803935,0.9365011850992838,0.27330063154654743,0.1875,0.3813779113922882,0.3089758266372536,0.19758213440086903
11.20387149093397,1.316868153385216,2.0308529826250137,1.6468570869811543,A2,Si3,combo_014,18.45117516647072,2.6743656170262597,mlp,0.23369741,0.7663026,0.46739483,0.1047362,0.32139682766426303,364.14774,2.4614346,0.45801455378683903,0.8913160959879557,0.16254511213568773,0.34375,0.38122096468939876,0.38524836429816683,0.2374634855211828
14.73216244249858,1.0691544656109007,2.0692446815682892,2.2889828234579763,A2,Si3,combo_014,33.72166678327196,2.2123421917403427,mlp,0.8573076,0.14269239,0.28538477,0.19704378,0.6046547783487656,422.48105,3.9562664,0.7071554163522209,0.0,0.5458651325176557,0.34375,0.38110212138509775,0.6068390873277301,0.4251121815026509
14.810406088379771,0.8111819503338872,1.6180410487851968,1.34704072965455,A1,Si2,combo_009,19.950220223771275,1.3125256936738643,mlp,0.77609974,0.22390026,0.44780052,0.09086217,0.2788225345177754,418.82056,1.7778381,0.6915215002678491,0.0,0.36855202491686506,0.25,0.38089648023134287,0.5558771277844059,0.2252197536870388
14.065212436322035,0.5931093526273157,2.6764881548360133,2.4105223656548334,A1,Si3,combo_010,33.90450915544078,1.5874501568294666,mlp,0.77043563,0.22956437,0.45912874,0.1218309,0.37385417062960186,417.75104,2.2906206,0.6869535975850568,0.0,0.29112822721930615,0.1875,0.380393159314177,0.5417265631998458,0.24812997139257026
15.508606390572428,0.8858098538119976,1.6243838794753205,2.1608570323199934,Si1,Si1,combo_002,33.51188118055122,1.4388952468125993,mlp,0.731537,0.26846302,0.53692603,0.07431365,0.22804121592851206,426.8019,2.4854279,0.7256097640451342,0.0,0.24506959158525488,0.09375,0.38033845612042744,0.5559596714371414,0.1801654353773441
12.864157142767608,1.034773021447379,1.7031636556793708,1.43466214417039,Si2,Si2,combo_004,18.455719269387814,1.7623878020067059,mlp,0.20036742,0.79963255,0.40073484,0.11817795,0.3626446044576071,389.07812,2.371407,0.5644919404136737,0.6691163380940756,0.45318889792112027,0.25,0.3802791883597769,0.47893830510068264,0.27956664581482704
12.1071019482124,1.446337050252405,1.4806405950084591,0.6482559575541365,A2,Si2,combo_013,7.84850096664398,2.141505350668501,mlp,0.25463232,0.74536765,0.50926465,0.081498876,0.25009003483968767,364.0557,3.193585,0.45762144774074814,0.9691176414489746,0.2612281534216528,0.15625,0.3802308054791913,0.38043107113196345,0.21437208350659942
15.413797022795173,0.8016131155377595,1.8900929721434347,1.9056522149013377,Si1,Si1,combo_002,29.373336436529264,1.5151233160559223,mlp,0.7461256,0.25387442,0.50774884,0.06585616,0.202088296147588,424.23944,2.4068153,0.71466548839125,0.0,0.3765356277492632,0.09375,0.3801179458557221,0.5609793323163622,0.1891709946505086
13.369763708632469,0.823772198490789,1.9576056941640703,1.3266840585796285,A1,PU,combo_007,17.73745237921915,1.6126211464596232,mlp,0.23562148,0.76437855,0.47124296,0.08792529,0.2698103397125616,397.37216,1.1205741,0.5999156698899798,0.9041430155436198,0.28516502499572355,0.25,0.37992994995465584,0.4795186333007738,0.1959224392225098
8.756261944261746,1.4614840824097677,1.1759925488270462,2.3362561080025133,Si2,Si2,combo_004,20.456870450551467,1.7186943911432195,mlp,0.21932188,0.78067815,0.43864375,0.10466585,0.3211809543894202,321.99756,4.1780405,0.2779916660475507,0.7954789797465007,0.3525932196401622,0.25,0.37982020246609355,0.27903676288359913,0.2874437783843622
8.884892654882163,1.0327171386052634,2.6355477381843486,1.634177550371072,Si2,Si2,combo_004,14.519492114065265,2.721775318835314,mlp,0.2468611,0.7531389,0.4937222,0.10644314,0.32663478393833334,329.15598,0.84233063,0.3085651759657883,0.9790740013122559,0.14518495031273013,0.25,0.3798201882355751,0.259926084597679,0.1890417992915659
13.5866163408486,0.5743543030413318,2.878870422758747,1.3216629172818715,A1,Si1,combo_008,17.956926989035505,1.6534916152099046,mlp,0.73961055,0.26038945,0.5207789,0.12095066,0.37115303398662014,406.21085,2.5856502,0.6376655809327927,0.0,2.504164478086358e-10,0.25,0.3796013470689966,0.48611081869062167,0.21901075397706773
10.521973728395281,1.221290010090563,2.270619890288705,1.9354152478147337,Si3,Si3,combo_006,20.364388391042272,2.7730853887225257,mlp,0.24140377,0.75859624,0.48280752,0.14504506,0.4450898592511735,351.3155,1.2424908,0.40320819370639305,0.9426917235056559,0.21991998133337112,0.09375,0.37935812238704386,0.3203965159182613,0.2265751856044879
12.041922884291072,1.1190201093141243,1.1224556098789271,1.468902124985767,A1,Si1,combo_008,17.688406113649894,1.2560503992669692,mlp,0.8009284,0.19907159,0.39814317,0.09927615,0.3046419338660494,379.2779,3.5336034,0.5226352703190598,0.0,0.5139627591385708,0.25,0.37926945167617976,0.4626045538863041,0.29249165134577115
11.142143630298934,1.2277315447670554,1.5944034805328502,2.363503480624286,Si3,PU,combo_005,26.334495251827246,1.957499448136566,mlp,0.18215576,0.8178443,0.36431152,0.13080446,0.40139072504887213,367.27277,2.3768592,0.4713615207051926,0.5477048556009929,0.4468318131936472,0.34375,0.37916722065356084,0.4225186186696108,0.3063498307442919
10.906546885373471,1.2272541412141016,1.4083267079169932,1.6871897143344188,Si2,PU,combo_003,18.401413723908213,1.7283747844735524,mlp,0.27340153,0.7265985,0.54680306,0.10878544,0.33382245861232396,354.40363,2.140775,0.4163975793217878,0.8439900080362956,6.608893714443341e-10,0.1875,0.37894007120917356,0.3223363679159318,0.18734107874951678
13.123373674372724,0.6306249062203597,2.7678136737874013,2.484629197951268,A1,Si3,combo_010,32.606717406971484,1.7454522384676092,mlp,0.23169868,0.7683013,0.46339738,0.12349366,0.37895654879312163,401.4948,1.8765829,0.6175234579776675,0.8779912789662679,0.2586816512055073,0.1875,0.378639296989693,0.4874267373993775,0.236459570689027
14.1909174816067,0.6164462299551243,2.838048761853619,1.5035820519895302,Si1,PU,combo_001,21.337208826608297,1.749504459673472,mlp,0.2046235,0.7953765,0.40924704,0.09792232,0.30048752791125755,404.11398,2.4989278,0.6287099057249327,0.697490135828654,0.3470037663062278,0.375,0.37845957846527967,0.5265282046879103,0.2632793288892954
10.478856644239391,1.0617909835092487,1.273818049689556,2.0770962986400265,A1,Si2,combo_009,21.76559434972909,1.3525285197917067,mlp,0.7784699,0.22153008,0.44306016,0.105986185,0.32523256790154165,358.4752,4.4384103,0.4337871779130709,0.0,0.3229549492387951,0.25,0.3784112273177546,0.3866730492123515,0.2898174952739872
11.42454717918389,1.052749316049281,1.7453772636168643,1.417038957847969,Si1,PU,combo_001,16.18902842867569,1.8374447205206192,mlp,0.20787808,0.7921219,0.41575617,0.1328855,0.40777665982359207,365.5913,2.2419605,0.46418003631278,0.7191874186197917,0.209041778231195,0.375,0.377438668918858,0.39603800924472976,0.27480541868226144
8.800681760469033,1.1776675754353128,1.5419053576148922,1.5108497467835016,A1,Si1,combo_008,13.296507809326819,1.815851944053049,mlp,0.76406634,0.23593366,0.47186732,0.14722843,0.4517898413996746,328.50742,3.5024083,0.3057951860150178,0.0,0.08416915426476966,0.25,0.37742087695663074,0.2676522354520004,0.27887723198213993
14.510700520482096,1.2637450832220303,1.503860492413842,0.510975651675346,A2,PU,combo_011,7.414614654719121,1.900496303139854,mlp,0.26141894,0.73858106,0.5228379,0.074436724,0.22841889127559203,403.3589,1.7990912,0.625484898132616,0.9238737424214681,0.15090898788978827,0.21875,0.37727253225665824,0.48488817330578765,0.1706854205138473
12.898089851081654,0.9764581086134114,1.3071950167133877,0.8883180701804783,A1,Si3,combo_010,11.457606285527266,1.2764211736088313,mlp,0.24293442,0.7570656,0.4858688,0.088312246,0.2709977570396362,390.65683,1.7170948,0.571234569349459,0.9528960386912028,0.2730757223046101,0.1875,0.37696388020661437,0.4555186100291831,0.19752451069891697
9.778747142779418,1.1526255180724188,1.8923087327137118,1.3540805660490722,A1,Si1,combo_008,13.241211466345503,2.181123333397104,mlp,0.24227755,0.75772244,0.48455513,0.08197862,0.25156218906200617,339.0251,1.6031125,0.35071602389396567,0.9485170841217041,0.23466066218081472,0.25,0.37693875848743325,0.30288852999311944,0.19197023017124146
8.840761166988814,1.2621886757265601,2.2769441848207306,1.9386611392847224,Si3,PU,combo_005,17.139240116138666,2.87393316534217,mlp,0.22430602,0.775694,0.44861203,0.09709641,0.297953131767474,329.10455,1.3007739,0.3083455527271732,0.8287065823872884,0.22619028869013158,0.34375,0.376920643866027,0.27996515155931717,0.21472696465662555
10.30112647265219,1.295873189437273,1.2510052998914327,0.7572845206688872,A1,Si2,combo_009,7.800883623191998,1.621144227973243,mlp,0.21328337,0.78671664,0.42656672,0.11302825,0.34684207258097555,335.20544,4.194559,0.33440238366159514,0.7552224000295004,0.3506208574856346,0.25,0.3767311444555558,0.3184249374505369,0.2964719950121856
13.83171854973559,0.9854975103662694,2.8000175809210983,2.4871622919385095,A2,Si3,combo_014,34.40172880960877,2.7594103549795266,mlp,0.19000363,0.80999637,0.38000727,0.14697792,0.45102109293607406,406.26636,2.7930381,0.6379026697583362,0.6000242233276368,0.32275063047894764,0.34375,0.37663225834154557,0.5291560666793288,0.3137419489015634
11.268399386142486,0.8311179269280488,2.1629473440967706,1.8274139974101316,Si1,PU,combo_001,20.592030766644513,1.797664312680237,mlp,0.19899198,0.801008,0.39798397,0.114242084,0.3505668811163332,372.26318,2.023987,0.49267553240713585,0.6599467595418295,0.3257942205257864,0.375,0.3765953537486296,0.42636813565411213,0.26777298467746913
12.84551627923922,0.9158918317590824,2.550898068328089,2.080913446701358,A2,Si1,combo_012,26.73040755529009,2.3363467044317185,mlp,0.79073906,0.20926094,0.41852188,0.09093502,0.2790460897901132,400.159,2.0001044,0.611818206701311,0.0,0.319692508180352,0.375,0.3762478332432001,0.5090162801123261,0.24133000376539887
14.44091684345015,0.80110637779309,2.742037255232958,0.8911453613332208,A2,Si3,combo_014,12.868956058439379,2.196663533313382,mlp,0.8033687,0.19663131,0.39326262,0.10397382,0.3190573622069135,414.40845,1.9569666,0.6726774353740699,0.0,0.4030146441809398,0.34375,0.376167753506205,0.5565692689203328,0.2622498724909252
15.733990380108956,0.6061811632867441,2.462644282628153,2.375911866932605,A1,Si1,combo_008,37.38257445830432,1.4928085760049832,mlp,0.7281158,0.2718842,0.5437684,0.08586233,0.26347987078880214,436.3792,2.4219985,0.7665142989717462,0.0,2.7006034333812744e-10,0.25,0.37609460391169797,0.5753349303929572,0.1779301786166408
8.789142013733215,1.4854237598997329,2.1556463188795973,1.88850342589503,A2,PU,combo_011,16.59832480361312,3.2020482600041498,mlp,0.22435954,0.7756405,0.44871908,0.13458183,0.41298208192374775,324.56387,1.2108155,0.2889523645667557,0.8290634155273438,0.23004551282013092,0.21875,0.3760621444968449,0.25374224436431525,0.23494918819583752
11.017054301006358,1.1445106415119595,2.79186309871237,0.7974862993770301,A2,Si3,combo_014,8.785949864545353,3.1953170261208617,mlp,0.24587174,0.7541283,0.49174345,0.07554068,0.23180651499233262,355.12195,1.3978192,0.4194655269719495,0.9724781513214111,0.12808006349181983,0.34375,0.3760043936615847,0.3485133146907365,0.17887232788525387
15.13327877801672,0.7578685980468955,2.3187032889147847,1.5259981564665233,Si1,Si1,combo_002,23.093355516547476,1.7572724108565736,mlp,0.2516133,0.74838674,0.5032266,0.06357632,0.19509230560156626,413.21988,2.2059412,0.6676010755673383,0.9892449378967285,0.37249452717193693,0.09375,0.3759751399653877,0.5264395190735666,0.1819490831436652
13.793143415793777,0.6086434837153641,2.4441800525299113,2.000469737810736,Si1,PU,combo_001,27.592765992578855,1.487634261999407,mlp,0.79636514,0.20363486,0.40726972,0.08383111,0.25724679861899635,410.8376,1.5378578,0.6574263284599132,0.0,0.3801544054940522,0.375,0.37585853350220355,0.5442483421085542,0.233180191070991
12.206660357840622,0.7511393909035909,2.1979460051898823,1.5770690512350807,A1,Si3,combo_010,19.25074626928858,1.6509638235773092,mlp,0.26007938,0.7399206,0.52015877,0.09600515,0.2946044438892271,386.38483,1.4538254,0.5529888963182803,0.9328041076660156,0.11631172484762883,0.1875,0.3758497594665648,0.42550979740906686,0.17681070534365106
14.391965364922768,0.9955889400562675,2.0134817181021387,2.1879798858501496,Si3,Si3,combo_006,31.489330736303025,2.0046001295479807,mlp,0.76778334,0.23221666,0.4644333,0.12552844,0.3852005495188875,414.24896,1.9935086,0.6719962774838606,0.0,0.3228243598811153,0.09375,0.37570456419930703,0.5232900201280906,0.23662951096824644
12.223800796459454,1.0433519015166857,1.9730421916346215,1.5877650429693795,Si3,PU,combo_005,19.40852359683958,2.058577322414631,mlp,0.20500329,0.79499674,0.41000658,0.11683586,0.35852623072916057,383.87393,1.2535717,0.542264895604016,0.7000217437744141,0.2974349798754506,0.34375,0.3754603050762569,0.45055338591769817,0.24563504126222035
12.322646168296728,0.8932748404120683,2.493368535437585,2.4666150950776666,A2,Si2,combo_013,30.39522505002168,2.227263380581481,mlp,0.7827641,0.21723592,0.43447185,0.1471376,0.4515110946334297,400.49017,1.4150814,0.613232658562113,0.0,0.30104042955485444,0.15625,0.37527974968346417,0.4827986594671179,0.2539460918684655
10.603889838679835,1.21410738461842,2.3279710753894856,2.224056128019093,A2,Si2,combo_013,23.58364617655528,2.826406873808459,mlp,0.26126993,0.7387301,0.52253985,0.060621608,0.18602538799574492,359.6535,0.7533814,0.4388197434122804,0.9248671531677246,0.24054647151644948,0.15625,0.37482021653554803,0.35073821682479894,0.13822497902193023
13.489241278043306,0.8080143437042434,2.176416415437127,1.6666042515028714,A1,Si2,combo_009,22.481226863535,1.7585756815465723,mlp,0.23056094,0.76943904,0.46112192,0.08030084,0.246413696050429,398.4116,1.7175409,0.6043550571346271,0.8704063892364502,0.31069874841599215,0.25,0.37468391493351294,0.4887178980873228,0.20394779726024506
10.871789323320673,1.1111079002290936,1.8435251580359777,1.1802482743436506,Si2,PU,combo_003,12.83141058787695,2.048355367364863,mlp,0.22046769,0.7795323,0.44093537,0.13610005,0.41764093904737376,352.31668,2.5494425,0.40748426467923926,0.8031179110209148,0.27584797144087075,0.1875,0.3746627978521521,0.3461040855028974,0.2665325851744114
11.280592317936193,1.0196266644757233,2.8403625776143966,2.197825242270379,A2,Si1,combo_012,24.79277054412149,2.8961094209146347,mlp,0.2061729,0.7938271,0.41234577,0.08395781,0.2576356082898264,373.06342,2.406479,0.4960933131566702,0.7078192234039307,0.3526546825569254,0.375,0.3745837184688936,0.4337137211829982,0.24721093329670601
8.618138279341686,0.96017134637605,2.6224968850327883,2.3672060420763854,A1,Si3,combo_010,20.400909006307423,2.5180463649689293,mlp,0.7630722,0.2369278,0.4738556,0.10710721,0.3286725709523921,331.90915,1.3396829,0.3203239475354623,0.0,0.2434420679707519,0.1875,0.37456278986312985,0.2746808264405917,0.20543620731937534
8.601071167659036,1.5244964734328348,1.6032259860693818,0.7242457840536598,A2,Si2,combo_013,6.229289531522546,2.4441123618786516,mlp,0.23949607,0.76050395,0.4789921,0.12871477,0.39497822336614885,312.44925,2.3851774,0.23721095431184935,0.9299736817677816,0.18845295801215217,0.15625,0.37439785257982255,0.21407463994962359,0.23739618833537324
9.231850675479325,1.4748129551816638,2.502446132829167,1.3167411789477956,A2,Si1,combo_012,12.15595794230065,3.6906399763407105,mlp,0.23113313,0.7688669,0.46226627,0.08060927,0.24736015929536329,327.38153,1.3611233,0.30098654498105504,0.8742206891377767,0.1783655196050234,0.375,0.3743552953451136,0.2735140705613807,0.19578516359362008
11.657838184063383,1.27657709942763,1.96028620517632,1.2483939444017307,A2,Si3,combo_014,14.553574593799997,2.5024564778519824,mlp,0.24908781,0.7509122,0.49817562,0.10540599,0.32345215066665106,368.59244,2.0389795,0.476997822015242,0.9939187367757162,8.152897082401974e-10,0.34375,0.3740769142902843,0.37977817930958396,0.20503721621647109
11.48832070105958,0.6873431160095055,2.648676484904555,1.668028738148119,Si1,PU,combo_001,19.162849082429325,1.8205495484354008,mlp,0.20220387,0.79779613,0.40440774,0.10519109,0.32279271062573894,375.33185,1.0985327,0.505781760974319,0.6813591321309408,0.31307739818177116,0.375,0.37405478504366063,0.4287854910902623,0.23694587351149088
10.004108209660481,1.0342166162116344,1.6964979514161294,0.9728252764922247,A1,Si3,combo_010,9.732249335121093,1.7545463707235591,mlp,0.7619298,0.23807019,0.47614038,0.1222185,0.37504355418222574,343.35422,1.8614919,0.36920569378133866,0.0,0.18517765096127967,0.1875,0.3740353897196612,0.3061644559071105,0.22375135968213022
10.99628285006179,1.1070257951819333,1.1092756783143436,2.4270885681287955,A1,Si1,combo_008,26.6889523972957,1.2279967898619146,mlp,0.796892,0.20310801,0.40621603,0.107818834,0.3308562930557669,369.71185,3.6349463,0.4817788309266015,0.0,0.42228173025686533,0.25,0.37388952042098994,0.42543761977827527,0.2900168899719349
14.578241207081444,1.3891945162397432,1.114898103885905,2.483389712206143,A2,PU,combo_011,36.203454235725715,1.5488103320843867,mlp,0.21264608,0.78735393,0.42529213,0.06975362,0.2140481602713428,414.4123,3.4090574,0.6726938582393907,0.7509737809499105,0.49983711177007134,0.21875,0.37380597062341187,0.5623697954936132,0.25139376528209495
12.664277345007218,1.0604828009010325,2.5303011147663175,1.7449547561102472,A2,Si1,combo_012,22.0985909858696,2.683340813310389,mlp,0.2240972,0.7759028,0.44819438,0.036864858,0.1131246721433212,388.47787,2.1015186,0.5619282790010206,0.8273146152496338,0.3602632684840415,0.375,0.3737651055905262,0.4787515056382028,0.19144696773456374
8.56855178817948,1.2731822977480431,1.5952677712308971,1.4656809916927056,Si1,PU,combo_001,12.558763482269207,2.031066686499153,mlp,0.20504498,0.794955,0.41008997,0.057242647,0.17565660044540954,318.98645,2.648498,0.2651312590993753,0.700299898783366,0.436315554774533,0.375,0.3735953125427113,0.28184085855625274,0.2360881193544019
10.52208665248613,1.0726170878203876,1.5999837368861347,1.9360538080519363,A1,Si2,combo_009,20.371325932198225,1.716169896418787,mlp,0.24586451,0.7541355,0.49172902,0.08307524,0.25492731550036873,356.71893,1.5749205,0.4262862296881089,0.9724300702412924,0.1814271670133564,0.25,0.3734041518482654,0.35029722629996746,0.18457815633647695
15.894851403372044,0.9323863508263874,2.1791561640054216,0.7417097685132921,A2,Si2,combo_013,11.789366554948254,2.0318154636378436,mlp,0.79868734,0.20131266,0.40262532,0.11766506,0.36107073235774406,428.275,1.2431111,0.731901285545402,0.0,0.4954051720265353,0.15625,0.37335282188639407,0.5842838762824695,0.24787913932231176
12.922002028081412,1.2942931193923208,1.5171154681701366,1.4451605631067928,A2,Si3,combo_014,18.67436772736925,1.9635921117762674,mlp,0.76760316,0.23239684,0.46479368,0.062284682,0.1911287492720393,392.30396,2.345745,0.5782694210157934,0.0,0.24925219535600432,0.34375,0.3732561847297137,0.4774117686390341,0.20247573192193857
14.489751094995812,1.2831144874643423,1.5543333994479773,1.451622143986851,A2,Si3,combo_014,21.033643550353645,1.9943877031814004,mlp,0.726704,0.273296,0.546592,0.045754384,0.14040335379549207,409.11447,2.5157568,0.6500669296931922,0.0,9.130414366671811e-10,0.34375,0.37324859567644914,0.5037524932958722,0.15086092243304577
14.918279810322565,0.697605276091064,2.2733980958682545,2.376681583536742,A1,Si2,combo_009,35.45600088324164,1.585934506333073,mlp,0.7895354,0.2104646,0.4209292,0.12981865,0.3983656184520117,427.28168,1.1934125,0.7276588423444031,0.0,0.2963193005589872,0.25,0.37321379427483703,0.5704860070624931,0.24410096732134515
9.151207189187648,1.4060285369391403,1.9767100741548078,2.0783903573428493,A2,Si2,combo_013,19.019780780054166,2.779310773516744,mlp,0.7408427,0.2591573,0.5183146,0.10794803,0.33125273899791635,333.49014,2.6429186,0.3270763519863195,0.0,0.10004284651160518,0.15625,0.37320487974232175,0.2696670822928971,0.20717761500560664
11.086785396324155,1.3711608565078224,1.230739523496399,1.3212290474479778,Si1,PU,combo_001,14.648182908445513,1.6875418591753515,mlp,0.2116024,0.7883976,0.42320478,0.07816772,0.23986794829210906,348.42398,1.7368244,0.39085859000577405,0.7440159320831299,0.3204080665188216,0.375,0.3730540369758205,0.35285559962167823,0.22226322176020147
9.873070048042463,1.1582770010475407,1.6452145839516068,0.7739001707054991,A1,Si3,combo_010,7.640770595567412,1.9056142143791446,mlp,0.26211464,0.73788536,0.5242293,0.122453935,0.37576602775615436,335.24936,1.33911,0.33458994321077445,0.9192357063293457,1.378005592456086e-10,0.1875,0.3728160186002157,0.26031942083861304,0.1853907217558422
9.991698291705843,0.8863851257189308,2.6644898280226332,1.1257317097401103,Si2,Si2,combo_004,11.247971601129358,2.361764151188654,mlp,0.77306944,0.22693056,0.45386112,0.07299662,0.22399973076427826,344.29263,1.7521893,0.3732136549608132,0.0,0.34694128846393063,0.25,0.3727647793547971,0.3307485375206325,0.20225807474293261
15.094707205322155,1.0552485120788258,1.960984585243404,0.5098677787567096,A2,Si1,combo_012,7.696304833760507,2.069326065787615,mlp,0.7680109,0.23198909,0.46397817,0.13319567,0.40872845016797965,414.47382,2.0710618,0.6729566240845231,0.0,6.84865885974452e-10,0.375,0.3727472559091768,0.5202644979978205,0.24023697140711012
8.963144748849817,1.0896675898133923,2.1777645943109003,1.010134072170185,A1,Si3,combo_010,9.053977904606477,2.373039496663699,mlp,0.25009555,0.74990445,0.5001911,0.15067598,0.46236909510459223,326.43442,1.1702864,0.29694143684430735,0.9993630250295004,1.8273741683284764e-10,0.1875,0.37258548304462535,0.23296482077595926,0.21219953569736416
9.795985372320038,1.514197416017619,2.3565840418386252,1.2609626962800133,A2,Si3,combo_014,12.352372127800246,3.5683334667804028,mlp,0.21842869,0.7815713,0.43685734,0.045265898,0.13890436973966078,332.8615,1.3811806,0.3243914741867749,0.7895244757334392,0.39896151151836395,0.34375,0.37251392068472117,0.30895100327844377,0.1866436268221633
12.819780941948027,1.117361219541707,1.8674825430360211,1.568143615471933,Si3,Si3,combo_006,20.103257635864562,2.086652571759577,mlp,0.23605303,0.76394695,0.4721061,0.10166902,0.3119847803168202,387.73138,1.3001573,0.5587400273453742,0.9070203304290771,0.34608540256790693,0.09375,0.3724313938744357,0.4422271407825963,0.20010951834022592
15.777332632264716,0.8738797078069059,1.563076240397083,1.386914356755428,Si2,PU,combo_003,21.881809138993844,1.36594060823812,mlp,0.77895504,0.22104496,0.44208992,0.06735102,0.20667547749101572,425.75366,1.4803641,0.72113270848241,0.0,0.46753553111606827,0.1875,0.37240611065309265,0.5784901460242309,0.1992696862015455
10.195286531647334,1.2510729453639764,2.1566659431487687,1.946185176851183,A2,Si2,combo_013,19.84191552164255,2.6981464136613083,mlp,0.75552124,0.24447876,0.48895752,0.08678153,0.2663005585177988,349.1944,0.92245615,0.394149028378972,0.0,0.26611654859306033,0.15625,0.37222671635234966,0.3230278583697614,0.17366427052830105
12.981017390460755,0.6753620997406069,2.5872965198734725,1.1252520522144431,Si1,PU,combo_001,14.60691645844734,1.7473620103133134,mlp,0.19191588,0.80808413,0.38383174,0.091398224,0.2804674879575544,390.15475,2.278071,0.5690902123632894,0.6127724647521974,0.41757105046700305,0.375,0.3720632434082607,0.4905420920691159,0.2622757126435902
9.778100487566272,1.51396117620831,1.4388939612856673,2.081380109560987,A2,Si1,combo_012,20.35194386410903,2.1784295940670835,mlp,0.79331285,0.20668715,0.4133743,0.11342994,0.34807471309568405,340.00235,1.9236964,0.35488990814926036,0.0,0.24037561772174496,0.375,0.37187341724689715,0.32078189896107634,0.25200739743722
14.927119885700332,1.0316128327661422,2.0782825517176353,0.5566649578066282,A2,Si1,combo_012,8.309404561347856,2.1439829504658765,mlp,0.7691892,0.23081082,0.46162164,0.13401572,0.411244898787854,413.0711,1.7242815,0.6669656670876655,0.0,6.743633919846201e-10,0.375,0.37182865000226417,0.5140154034689737,0.23392374221750384
10.127620783288824,0.8827170906479762,2.8907877813524063,1.1063735145363123,Si1,Si1,combo_002,11.204931399898257,2.551747780036114,mlp,0.21089506,0.78910494,0.42179012,0.10015591,0.307341607271413,347.03665,2.771441,0.3849333244701997,0.7393004099527996,0.5309812782268092,0.09375,0.3717955034471775,0.34777257986304955,0.25674069146831685
10.8779084311,1.109906059386495,2.183815232696682,2.1270226889181965,Si3,PU,combo_005,23.13755804092424,2.4238297593505758,mlp,0.16039841,0.8396016,0.32079685,0.12981975,0.39836900218900345,363.36322,1.5324137,0.4546638982407983,0.40265615781148284,0.5592626321876001,0.34375,0.37164551715584965,0.4170681958339025,0.3046387590573341
12.15926645160553,0.6783383729677788,2.777110238471422,0.5415733971328914,A1,Si1,combo_008,6.585135238840006,1.8838204407168646,mlp,0.20380862,0.7961914,0.4076172,0.11138968,0.341813908000398,380.14084,2.6390805,0.5263209001815639,0.6920573711395264,0.39063163175236604,0.25,0.37155630614163315,0.4475493957188584,0.26844522102083884
14.610220703899218,1.30078839735684,1.1131965878115526,2.324930262763509,A2,PU,combo_011,33.96774426014927,1.4480332054024923,mlp,0.77994543,0.22005457,0.44010913,0.061262254,0.18799129346181534,419.66318,3.1356835,0.6951203235565149,0.0,0.45439233485407576,0.21875,0.3712300797145315,0.5719035112031967,0.22978598223854732
11.182226439158873,1.2088003572291128,1.6284868724657229,2.3982023301540303,Si3,PU,combo_005,26.817241502700814,1.9685155131794865,mlp,0.17134401,0.82865596,0.34268802,0.12917578,0.396392899785782,368.8927,2.4120562,0.47828023925247287,0.4756269454956055,0.47793391097099874,0.34375,0.37118993185750515,0.43068055003107136,0.3099960716710155
12.610314919919201,0.6431142465543632,2.4974781181077605,2.233870858045234,A1,PU,combo_007,28.16981501038052,1.6061637582128814,mlp,0.20734796,0.792652,0.41469592,0.13356665,0.4098668490348485,394.92874,1.9776099,0.5894798513600348,0.7156532605489095,0.2925030250229727,0.25,0.3709382422771531,0.47802715408433116,0.2638221956206762
8.797536615068353,1.3546363362834555,1.6947492299152986,1.4124823738744228,Si3,PU,combo_005,12.4263654022989,2.2957688877316675,mlp,0.18817376,0.8118262,0.37634754,0.10738585,0.32952762757237175,323.2986,1.9449908,0.28354845983501537,0.5878251393636068,0.4191105069729009,0.34375,0.37084937115701827,0.2857175892593437,0.2680804040676654
11.675716237193374,0.886862339468713,1.8321132555810855,1.665545146651695,A1,Si3,combo_010,19.446432512539815,1.6248322480162816,mlp,0.23593628,0.7640637,0.47187257,0.11469709,0.3519631298872136,379.14932,1.4362059,0.5220861470524215,0.9062418937683105,0.20244443754957117,0.1875,0.37081605354775343,0.41238671053594,0.20944063454796802
13.843702516522665,1.2719447987708026,1.2685929294167062,1.8000949472777426,Si3,Si3,combo_006,24.91997895160862,1.6135801783289954,mlp,0.7498306,0.2501694,0.5003388,0.11162134,0.34252478998882085,403.85553,2.3667018,0.6276060545630149,0.0,0.20106438024698256,0.09375,0.37078720561540285,0.48225284478865255,0.2111709235275884
15.713863058815125,0.8951008291508059,1.4458593253738785,1.8161000548021116,A1,Si2,combo_009,28.537947562267025,1.2941898809775836,mlp,0.7815901,0.2184099,0.4368198,0.086293936,0.26480430660095755,430.27863,2.0574346,0.7404587714393338,0.0,0.35434207889610214,0.25,0.3706228433111617,0.5903694377441874,0.22398213360940292
13.901296097305728,0.8195960050206031,1.6957641475008853,2.2484356360335327,A1,Si1,combo_008,31.256169532236072,1.3898415207488943,mlp,0.7896427,0.21035731,0.42071462,0.10723656,0.329069497019385,413.6468,2.4753406,0.669424404638547,0.0,0.3489982349052984,0.25,0.3706031990152345,0.5425879953628827,0.25434286938137407
12.29889887249074,0.8204200600952479,2.9560689925362604,1.4647065570379656,A2,Si2,combo_013,18.01427782288403,2.425218300502298,mlp,0.77963287,0.22036713,0.44073427,0.1403929,0.43081410151357297,388.9733,1.7391222,0.5640442218233812,0.0,0.2658990524564004,0.15625,0.3703483230548695,0.446773259688609,0.2481531904813181
15.528496554708521,1.1039039851885182,2.014988725289404,2.1206160687805937,A2,Si3,combo_014,32.92997931791898,2.2243540839569054,mlp,0.8596811,0.14031887,0.28063774,0.17460108,0.5357864024254627,428.34277,3.8438306,0.7321907711317309,0.0,0.559526166558856,0.34375,0.37021014294652477,0.6250635132484192,0.40072491463386745
15.900951832869158,1.0805932013054265,2.625194307735131,1.799747743001063,A2,Si3,combo_014,28.617702172774884,2.8367671210442884,mlp,0.17022417,0.8297758,0.34044838,0.11795582,0.3619629643584581,419.17792,2.5364137,0.6930477840210734,0.4681612650553386,0.5139958051323485,0.34375,0.37020292117751963,0.5853611081862986,0.3059346842994057
8.650710422224828,1.0707100566278656,2.6706933846232337,0.6303812528466395,Si2,PU,combo_003,5.453245673975569,2.8595382650856083,mlp,0.23439011,0.76560986,0.46878022,0.12610322,0.3869643452889602,319.92157,2.3895226,0.2691251435371463,0.895934263865153,0.17465032775897557,0.1875,0.37019633065308266,0.23818506397972605,0.23729857756237366
8.400698398110665,1.6843153843524934,1.6071244293875928,1.8896577994389834,A2,Si3,combo_014,15.874445248724392,2.706904400986245,mlp,0.16182005,0.83817995,0.3236401,0.11666651,0.35800655274386317,315.73782,1.7651204,0.2512564143671397,0.41213369369506847,0.577323505035566,0.34375,0.36986406812660066,0.27786833559712826,0.29804855184369555
15.969115814886322,1.4067546403896392,1.6305556002723376,2.383558098725779,A2,Si3,combo_014,38.06331533006221,2.2937916570964245,mlp,0.14571115,0.8542888,0.2914223,0.17390074,0.5336373179000784,423.64154,4.820509,0.7121118631740706,0.30474122365315764,0.5198243367423667,0.34375,0.36986401731658314,0.6128270301676794,0.41427873472695875
8.115621707356203,1.4243929362841603,1.5097108692941263,1.452990671292501,Si3,PU,combo_005,11.791922632527482,2.150421498053973,mlp,0.16446418,0.8355358,0.32892835,0.13894153,0.426360372013532,312.95312,2.3812413,0.2393630013698755,0.4297611713409425,0.48952271553832355,0.34375,0.3698555653447305,0.2644147190047997,0.3215837502576753
9.847340660012506,1.4529645871452488,1.1005592454894693,2.268788963105484,Si1,Si1,combo_002,22.341537805376248,1.5990736097514933,mlp,0.20150867,0.79849136,0.40301734,0.118371256,0.36323778727012535,335.3693,2.9046261,0.33510218020054144,0.6767242749532064,0.528918838907119,0.09375,0.36954553505665255,0.31347394551128693,0.2787579255612977
9.427549428368616,1.385707627119337,1.7218355782862491,1.543078159302882,A2,Si2,combo_013,14.54744561866398,2.3859606934766897,mlp,0.7632777,0.23672229,0.47344458,0.07641425,0.234487189171749,334.49026,3.1706285,0.33134786105213215,0.0,0.3366766180123339,0.15625,0.36950658468463754,0.2994483406705739,0.2197521253769303
10.288204240585575,1.708614162737541,1.2828396285221535,1.3330594313123867,A2,Si1,combo_012,13.714787694180691,2.1918779578139174,mlp,0.21814187,0.78185815,0.4362837,0.0855421,0.2624971924128203,333.77435,2.6193419,0.3282902102778462,0.7876123587290447,0.22399117086023437,0.375,0.3691793056021795,0.30464687228581655,0.2340288209920751
10.381688353418607,0.960307096539361,2.5804177084263102,2.4413369298520013,Si3,Si3,combo_006,25.34519917141526,2.4779934374376213,mlp,0.7771579,0.2228421,0.4456842,0.17025645,0.5224543414991747,355.87515,3.13043,0.4226824534718068,0.0,0.21049509318555065,0.09375,0.36913122221335937,0.3442761392905964,0.2914044773987619
15.351004369665635,1.1366065029834724,1.1081082416577104,1.1413958136612687,Si2,PU,combo_003,17.5215721230322,1.2594830334777347,mlp,0.20821805,0.79178196,0.41643608,0.09645011,0.29596987321777657,413.59576,2.3808286,0.6692064758225444,0.7214535872141521,0.44826598504661735,0.1875,0.3688002265904587,0.5455520319156446,0.24631250455642062
12.315465585616533,0.9862277436834023,1.95798427176965,1.6484195640668102,Si3,Si3,combo_006,20.301054411921807,1.9310184105149715,mlp,0.75897205,0.24102795,0.4820559,0.07873326,0.2416033709702436,389.1772,1.5314368,0.5649150247059851,0.0,0.35559241538945285,0.09375,0.36877262623947693,0.44887117231131657,0.18169998932163914
9.63603263357434,1.1450279465064566,2.9944214899165718,1.4572541938556594,Si3,PU,combo_005,14.0421489674062,3.4286962895739763,mlp,0.1778802,0.82211983,0.3557604,0.11026356,0.3383582665975043,336.02454,2.771779,0.33790071465532184,0.5192011197408041,0.4706417874983062,0.34375,0.3685807286343911,0.3338178077617357,0.2960526120700016
8.485595954288982,1.49579895932466,2.574118257619816,1.6144371821908978,A2,Si1,combo_012,13.699461621652787,3.850363410926328,mlp,0.20235136,0.79764867,0.40470272,0.091702364,0.28140078206392594,319.2372,1.5665212,0.26620226453065143,0.6823422114054363,0.31560840413037916,0.375,0.3683878755935974,0.2641067899515124,0.23254680962649543
14.606375123697084,1.2070009284503773,1.1503500445399677,1.2384292723574464,Si3,Si3,combo_006,18.088962516220086,1.388473571802674,mlp,0.7660042,0.2339958,0.4679916,0.11381578,0.3492587009595912,411.91534,2.3674736,0.6620294229969643,0.0,0.29669569144038477,0.09375,0.3683510455558582,0.5159169081674664,0.2278884992913495
12.22052706321333,0.6762027932392205,2.26851770201242,2.096108512723455,Si2,PU,combo_003,25.615550807168823,1.5339780066134159,mlp,0.7535679,0.24643213,0.49286425,0.08240236,0.252862504316551,393.88052,2.0606842,0.5850029261375115,0.0,0.20579113823160056,0.1875,0.36799838450745165,0.4604645131553131,0.1882122758711655
8.729674664325529,1.371255112302828,1.9283675385456187,2.3612631441326606,Si3,Si3,combo_006,20.613059045140528,2.6442838456295004,mlp,0.22847876,0.7715212,0.45695752,0.10798406,0.33136330489043275,326.8283,0.88498276,0.298623737818079,0.8565252621968588,0.3510559511158501,0.09375,0.36775203878203067,0.2581819842578501,0.19902475373666323
10.342545096701404,1.0364302197634536,2.023483030430337,0.6946406250107672,A1,Si3,combo_010,7.184351990174709,2.097198961916533,mlp,0.2730171,0.7269829,0.5460342,0.048056733,0.1474684137297049,343.76306,0.91598254,0.37095186145358,0.8465526103973389,0.11417110816687555,0.1875,0.36768976545031956,0.2946819273682172,0.11383440839951083
10.216132034960598,1.1783930481040266,2.612679110684332,1.1001319694253109,A2,Si3,combo_014,11.239093455530211,3.0787629009570274,mlp,0.8009375,0.19906253,0.39812505,0.109801546,0.3369405036610205,343.32385,2.1880593,0.36907600528138496,0.0,0.3097921530304583,0.34375,0.3675411773523699,0.3360957436341422,0.2593196354553702
11.906072177270898,1.5455091037487811,1.2155350127385567,1.0728344407305832,A2,Si1,combo_012,12.77324428560038,1.87862042811283,mlp,0.8182643,0.1817357,0.3634714,0.1274192,0.3910026067578166,363.9043,4.536444,0.4569748300037929,0.0,0.3498782252775697,0.375,0.3672913946150308,0.41867779657222925,0.3376592218032317
11.126926466999025,1.2644431155351865,2.4239781967622402,1.7178660408327897,A2,Si1,combo_012,19.114569116501197,3.0649825431034103,mlp,0.20041648,0.79958355,0.40083295,0.05281126,0.16205831029343767,362.90402,2.2486122,0.45270266923697544,0.6694429715474447,0.4407484788218222,0.375,0.36712915337610097,0.4112139477291422,0.2236979902597465
15.976650086628942,0.6018878880203536,2.359066529210449,0.9272109212945816,Si2,PU,combo_003,14.813724446024377,1.4198935709659832,mlp,0.77708834,0.22291166,0.4458233,0.07688728,0.23593874375197538,430.9964,1.9230328,0.7435243729658783,0.0,0.38912861033082957,0.1875,0.36708792758580183,0.5889473900999147,0.20693398983032513
15.364805034147635,1.1675150074534244,1.4205986990685875,1.064544096126622,Si3,PU,combo_005,16.356512487238465,1.658570300731387,mlp,0.21875474,0.78124523,0.43750948,0.101335816,0.31096229730500896,414.47455,2.102534,0.672959752249346,0.7916984558105469,0.18791951449999228,0.34375,0.36702499611786477,0.5361201801052118,0.2301721385140984
9.194808958167124,1.4193433768643267,1.686201734897683,1.6445974870903615,A2,PU,combo_011,15.121759706877597,2.3932992644841633,mlp,0.7958796,0.2041204,0.4082408,0.13100922,0.40201904842731223,331.1657,1.9839784,0.3171487298999118,0.0,0.32852904849398945,0.21875,0.36692715484295146,0.2879107186761116,0.26192398436236836
13.55210080542242,1.1461490888540067,1.6440219443150088,1.610939060907157,A2,PU,combo_011,21.83160854480632,1.88429425353264,mlp,0.7721026,0.2278974,0.4557948,0.033649243,0.10325713492953048,403.22546,0.88551646,0.6249150507740253,0.0,0.4523469193791121,0.21875,0.3668402602935895,0.5092181634821167,0.1531423111405597
11.134459939001696,1.0796483286208662,2.5303576294653873,1.9777324593017083,A2,Si2,combo_013,22.020982838158172,2.7318963854653626,mlp,0.28123143,0.7187686,0.56246287,0.07392941,0.22686212076539033,369.32162,1.6184572,0.4801121707769449,0.7917906443277996,4.0677567079211964e-10,0.15625,0.36682139166406036,0.3607157174588249,0.1343819348889036
14.616791442135218,0.767400919478879,1.9283831724008693,1.3583409792246244,Si1,PU,combo_001,19.854586800632063,1.4798430196080248,mlp,0.78550494,0.21449506,0.42899013,0.037710994,0.1157211530019783,412.58423,1.4189161,0.6648862195215732,0.0,0.38149249139195457,0.375,0.36677661576996023,0.5488990873731828,0.1813794732505871
11.702191399638519,1.3214216318782364,1.8427015796865813,2.2049568613947406,A2,Si3,combo_014,25.802827219987474,2.434985728494046,mlp,0.18453404,0.8154659,0.3690681,0.12077921,0.3706269086105681,375.98492,1.6807387,0.5085710412748314,0.5635604858398439,0.376010429908339,0.34375,0.36654554815885565,0.43735712252424414,0.2705182097435487
14.086057869692425,0.5555493315801188,2.6962796285901764,1.3248435310074003,Si1,PU,combo_001,18.661822646057892,1.4979163454163633,mlp,0.79554355,0.20445645,0.4089129,0.07115393,0.21834520903080992,410.35,1.8323944,0.6553438830691989,0.0,0.3505955736322192,0.375,0.36649321080994635,0.5415805146058468,0.22124099603526623
11.380878889926088,0.9710578757097295,1.175469899879767,2.264824805311702,A1,PU,combo_007,25.775696816152912,1.141449303937975,mlp,0.82902384,0.17097616,0.34195232,0.12010241,0.3685500714425767,378.24567,3.0480423,0.5182266433618388,0.0,0.569191716988086,0.25,0.3662350523775297,0.4621634090503414,0.3130708370469746
13.408687993456123,0.9337157315872858,1.5833335387234753,2.130223654616576,Si2,PU,combo_003,28.563504341033507,1.4783834334558759,mlp,0.23323074,0.7667693,0.46646148,0.08757267,0.26872827549398903,400.9732,1.5458665,0.6152956832628844,0.8882047335306803,0.27409321537881154,0.1875,0.36610205234719817,0.48544824046825974,0.19333067099197615
8.726902833620068,1.0945083489771315,2.65292713341665,1.511703875664026,A1,Si3,combo_010,13.192492836126828,2.903650896752492,mlp,0.22310185,0.77689815,0.4462037,0.107316285,0.32931415492174604,326.00342,0.99244726,0.2951006421861701,0.8206790288289388,0.28752550919898645,0.1875,0.36606300129581376,0.2593747330788112,0.20506984480253637
8.852264865735057,1.4182689221095695,2.0628444317104773,2.024697489652698,A2,Si2,combo_013,17.92315845139455,2.925668148641746,mlp,0.7344099,0.26559007,0.53118014,0.109487996,0.3359783334747796,329.0619,2.496084,0.30816333712623317,0.0,2.484481342177744e-10,0.15625,0.3659833467858554,0.24555337404979097,0.19077904988148034
11.757271244160641,1.273277209707198,1.447082491939191,0.7855962657323292,Si2,PU,combo_003,9.236468384614696,1.8425371575524718,mlp,0.20570894,0.7942911,0.41141784,0.1512454,0.4641164294514615,358.0758,2.7880418,0.43208141570312675,0.7047261397043865,0.27926729757807606,0.1875,0.3659123840265833,0.36507824164937913,0.28826166809256293
12.501047694614913,0.7577134355700409,2.7505521844923964,0.875068151888514,Si2,Si2,combo_004,10.93926870279684,2.0841303454264146,mlp,0.19644597,0.80355406,0.39289194,0.081825204,0.25109141522147566,380.0457,2.7074199,0.5259144994349753,0.6429729461669922,0.4964438213009,0.25,0.36572086033892914,0.458251192854521,0.2539818824424705
11.543460772713217,1.0510274185397965,1.588882196580762,1.531124238649999,A1,PU,combo_007,17.674472587006655,1.6699587534361198,mlp,0.18804447,0.8119555,0.37608898,0.10551146,0.3237758005373009,369.8135,2.364943,0.48221299413599433,0.5869632562001547,0.4837993665543338,0.25,0.36548522425769964,0.4243657763376298,0.2704200384257067
11.785218511291314,1.330965315791302,1.1317300046339982,1.237748270944301,Si1,Si1,combo_002,14.587133835051594,1.506293383008181,mlp,0.25427678,0.74572325,0.50855356,0.10136802,0.31106111157040517,362.97885,2.4401793,0.45302226340972573,0.9714883168538412,0.1670469257041633,0.09375,0.36548318695448173,0.3570779589539626,0.1965803148938502
15.563495346089411,0.8706923357723887,2.6832739354727724,0.7000292380153109,A2,PU,combo_011,10.894901787977808,2.336306050393958,mlp,0.23126236,0.7687377,0.4625247,0.040883366,0.12545599285427908,421.05307,2.600976,0.7010565376689698,0.8750821749369303,0.3961812359626661,0.21875,0.3654466849103866,0.5670684504570357,0.18807440961711372
8.456252590333367,1.0965140485532145,1.967931419273286,2.219714441442007,Si2,PU,combo_003,18.770465995244358,2.1578644478224245,mlp,0.7550355,0.24496448,0.48992896,0.071547695,0.21955352322011776,326.93353,2.2908628,0.29907315083098396,0.0,0.23258620182851114,0.1875,0.36540690507878176,0.2643574836899125,0.18534846614012213
12.7910029119302,0.9099763895163606,1.4999226462725113,1.1862754597645346,A1,Si1,combo_008,15.173652860199498,1.364894194208885,mlp,0.80792123,0.19207877,0.38415754,0.08137459,0.24970865567238695,393.80576,3.0633957,0.5846835926451631,0.0,0.5264891122688768,0.25,0.3652163142991226,0.5045040154816242,0.26538945923659496
11.719029479828698,1.4222606443059371,1.1821351806315328,0.7449207555774093,Si2,PU,combo_003,8.729748294747928,1.6813043436617192,mlp,0.22158878,0.7784112,0.44317758,0.15265575,0.4684442747901717,352.7002,3.2338,0.40912224998468505,0.8105919361114502,0.1532161265269449,0.1875,0.36512174157688576,0.33904379111143884,0.28011602729872875
11.167812669637257,0.8705313069806982,2.4358228010246687,0.628301281378726,Si1,Si1,combo_002,7.016751010530659,2.1204600065493904,mlp,0.26661316,0.7333869,0.5332263,0.08352826,0.2563174598268112,360.11993,1.3048156,0.44081186304373043,0.8892458279927572,0.12817815955646414,0.09375,0.36501133493286664,0.33791431223613955,0.14803650739744004
9.460655687918706,1.3346361743754616,1.1133638374994337,1.8342196852421855,Si2,PU,combo_003,17.352920898078942,1.4859356527682273,mlp,0.7632961,0.23670387,0.47340775,0.07653063,0.23484431060291241,335.2436,4.0890875,0.3345653089127933,0.0,0.27515766350052784,0.1875,0.3649995739456399,0.30411751791244923,0.2343902818681426
15.960038550583036,1.0277932097444356,2.1255531144361646,2.49153561100424,A2,Si3,combo_014,39.76500440177813,2.184629057968627,mlp,0.87621224,0.12378776,0.24757552,0.20440452,0.6272421830188348,440.1954,4.7725134,0.7828132107614083,0.0,0.5537423942499915,0.34375,0.36487672935880233,0.6654253015035831,0.4511324741036844
10.973539359640096,0.7135101877193623,2.191564924442805,1.813641029577745,A1,PU,combo_007,19.90206122232957,1.5637039006383557,mlp,0.8013455,0.19865447,0.39730895,0.11621007,0.35660591426012855,370.09027,3.9659426,0.4833950494184872,0.0,0.3684407066541428,0.25,0.3647769192083077,0.42314674044459116,0.2978196491409917
9.154690178559559,0.9393211949091275,2.7236988354830016,1.425950699692398,A1,Si3,combo_010,13.054136865584127,2.558428044718492,mlp,0.7612071,0.2387929,0.4775858,0.07134898,0.21894374180586934,334.59766,1.479513,0.33180652821930523,0.0,0.27180598864667604,0.1875,0.364409645465709,0.286383821366148,0.1741864925469393
11.934830148781238,1.0178369953463662,1.6735466490598085,0.8513544011210742,Si1,Si1,combo_002,10.160770173797392,1.703397692851015,mlp,0.24255931,0.7574407,0.48511863,0.13964805,0.4285284329017758,373.3624,1.3721632,0.4973702561054609,0.950395425160726,0.1282256373635193,0.09375,0.364390855691314,0.37790911517341,0.2097145996914735
8.729192353293401,1.6837324514716974,1.1238024932092334,0.501423810316147,A2,Si1,combo_012,4.377024890770952,1.8921827268611882,mlp,0.8524016,0.14759839,0.29519677,0.12733354,0.39073972697449283,314.04474,3.8845422,0.24402527035816185,0.0,0.5810392361929458,0.375,0.36437506886705306,0.28886527435299403,0.3587176050604658
10.800794049712264,1.7155001174017572,1.142182076137907,1.3783851103386549,A2,PU,combo_011,14.887653697957726,1.9594134857087622,mlp,0.20222482,0.79777515,0.40444964,0.0796242,0.24433733900728108,340.65225,3.5485973,0.35766563306887306,0.6814990043640137,0.4819209210518449,0.21875,0.3641985449266088,0.34088549538222795,0.26220231726123827
10.903152771220103,0.8712314694349411,2.173324338747671,1.7125797493229613,A1,PU,combo_007,18.672518639766075,1.893468557205855,mlp,0.21227252,0.7877275,0.42454505,0.08450217,0.25930603120939516,364.607,2.352645,0.4599760434710638,0.7484834988911947,0.3606531420526985,0.25,0.36399365628659336,0.3964123954914693,0.22912856022878478
11.623484385925583,0.9566829694768944,2.8655179205141117,0.8742572431835693,A2,Si3,combo_014,10.161915415426563,2.741392193286696,mlp,0.23384646,0.7661536,0.4676929,0.07884139,0.24193518296323177,369.01422,1.3873419,0.47879925393268974,0.8923095067342123,0.1257436785216111,0.34375,0.3639454455175873,0.38975118433666084,0.1818495513760322
9.798352090014644,1.5522122479126814,1.7163626902601536,2.3636881302705053,A2,PU,combo_011,23.160248531378812,2.6641591896821706,mlp,0.16870552,0.8312945,0.33741105,0.20730367,0.6361386220106056,338.64706,1.7169999,0.3491014998246924,0.45803682009379076,0.3337725383095439,0.21875,0.36387525532396237,0.30921958052997284,0.3391138673262117
12.521826242936148,0.8933792088453142,1.6383964581648112,2.083112482298346,A1,PU,combo_007,26.084372547831293,1.4637093315702439,mlp,0.19703555,0.80296445,0.3940711,0.079688944,0.24453601924011145,391.02347,0.5124349,0.5728004765237747,0.64690367380778,0.4851109839258794,0.25,0.36368616857411123,0.47692805135225674,0.2044524221985137
8.607983174790153,1.092049918772581,2.6991880956094136,1.1459427802585616,A1,PU,combo_007,9.864256171737948,2.9476481405621775,mlp,0.18341081,0.8165892,0.36682165,0.09411871,0.2888156472412118,322.24448,2.2487407,0.27904624861350613,0.5560721556345622,0.539674075726019,0.25,0.36352536114455514,0.2870477746691782,0.26415456362825385
15.349764951225415,1.1306835451368804,1.1208338581581936,1.933762180553965,A1,Si3,combo_010,29.682794943072487,1.2673084002517536,mlp,0.19013652,0.80986345,0.38027304,0.12306123,0.37762959804131013,417.63272,2.3034496,0.6864482686259405,0.6009103457132976,0.46401553924528843,0.1875,0.3635219508135938,0.5587376041391997,0.27565060781904543
14.848987538661502,0.8130036310059695,1.8007502383248961,2.4762751926243673,Si2,Si2,combo_004,36.770179477575844,1.4640164822930055,mlp,0.8074673,0.19253272,0.38506544,0.10441059,0.3203976421389022,427.79437,1.9957513,0.7298485577205063,0.0,0.4403342597381221,0.25,0.3633957872022537,0.5911758990434148,0.2550590030377028
11.291684254895188,1.2790974809357085,1.9656277177186907,1.4108947558974285,A2,Si2,combo_013,15.931378100481183,2.514229462191383,mlp,0.2577893,0.7422107,0.5155786,0.086328015,0.2649088823644749,364.76245,1.0541131,0.4606399964547465,0.9480712413787842,0.11089575281571432,0.15625,0.3633764583309224,0.35482980945057735,0.15262530002731503
14.5533615726367,0.6157447257377593,2.457761181928784,1.312473359649926,Si1,PU,combo_001,19.10089935743862,1.5133534848956502,mlp,0.77878207,0.22121793,0.44243586,0.055484414,0.1702612318119564,413.7126,1.5222085,0.6697054181118136,0.0,0.2547116507761873,0.375,0.36333566467753586,0.5402066732732277,0.183594183061301
15.754133352554714,0.9560408794907264,1.4228295838094565,1.7535847829611608,Si2,Si2,combo_004,27.626208515780842,1.360283246670617,mlp,0.7826828,0.21731722,0.43463445,0.073451675,0.22539613957677315,429.16812,1.9462222,0.7357158218666542,0.0,0.3525433968223172,0.25,0.36323988828457054,0.5862103305688844,0.20761236290519958
10.290669787633778,1.2800398626364526,1.1627698063378582,1.785394261168963,Si1,PU,combo_001,18.37290278242618,1.4883917031825267,mlp,0.7807766,0.21922338,0.43844676,0.058055747,0.1781517063728388,346.09906,2.5425165,0.380928882476151,0.0,0.2606096074560567,0.375,0.3632099270929501,0.34470042965204617,0.20840691745487402
11.266831482283852,1.2264784174909336,2.3669204185291646,1.2504479513438715,A2,Si2,combo_013,14.088586345158477,2.902976809244628,mlp,0.2303297,0.7696703,0.46065938,0.06528485,0.20033515457642198,362.2702,1.6627771,0.4499956336032679,0.8688646157582601,0.37509246018174786,0.15625,0.3631142978533739,0.3774060786588267,0.18228078504328515
8.680390385600548,1.4162601681367464,1.7612579120063123,1.9989153249915552,A2,Si2,combo_013,17.35136536868629,2.4943994265902347,mlp,0.7615921,0.23840791,0.47681582,0.092945434,0.28521530535574235,326.83456,3.3138266,0.29865045755927544,0.0,0.23076590460250893,0.15625,0.3630833763904357,0.2668178453734558,0.2245910137408787
8.571221091547315,1.474322759340517,2.6982983764307886,1.4659314448902603,A2,Si1,combo_012,12.56482251920583,3.9781627078634774,mlp,0.20318279,0.7968172,0.40636557,0.10021206,0.3075139035009423,319.5169,1.6243088,0.2673968324724363,0.6878854433695476,0.24797391893762438,0.375,0.3630742446996702,0.2585220560635796,0.23274003910286453
10.315275246060317,1.2327549093294965,1.9100127889931175,1.9973999864789593,A2,PU,combo_011,20.603730637007622,2.3545776425133895,mlp,0.8021482,0.19785178,0.39570355,0.10522681,0.32290231626856847,350.9605,1.4649204,0.40169207648884353,0.0,0.42738178755183365,0.21875,0.3629920733376859,0.3538997919914269,0.23829313775595976
8.11415888132089,1.252605244347881,1.76972356557128,1.495247415063553,Si1,PU,combo_001,12.132675092710032,2.2167650192806163,mlp,0.187451,0.812549,0.374902,0.06918514,0.21230370667353413,314.09604,2.7911026,0.24424437223597312,0.5830066998799642,0.4572683879065268,0.375,0.3628819286078999,0.27016056223192064,0.25501587558801986
14.703633578853232,0.6235308398155681,2.575792773355146,0.5009375453303557,Si1,PU,combo_001,7.365602112427731,1.6060862311610056,mlp,0.16338597,0.836614,0.32677197,0.050686896,0.1555394152317183,408.44547,2.657618,0.6472096118077795,0.42257324854532885,0.6890235326958325,0.375,0.36265903117934406,0.574620558929955,0.2671424961177179
9.74356142984196,1.2325477767568462,2.3756379924807494,2.474622163187309,A2,Si1,combo_012,24.111633062663945,2.928087326011245,mlp,0.7952076,0.20479238,0.40958476,0.17617616,0.5406197506350451,344.32013,2.165103,0.3733310914818768,0.0,2.856396231508148e-10,0.375,0.3626145899450409,0.3110840224615782,0.28834981715006325
12.552345054411706,0.8314331563659518,1.6255852617889945,2.4405890893958064,A1,Si1,combo_008,30.63511638612862,1.3515654851511958,mlp,0.7851972,0.2148028,0.4296056,0.115681976,0.3549853785981013,400.82758,2.4752164,0.6146736998239104,0.0,0.23659946139128896,0.25,0.3625208196892807,0.493021888391831,0.24655103503390552
10.060821260856818,1.7024390775305478,1.3655992116284037,1.4494779466944854,A2,Si3,combo_014,14.582938543246964,2.324849462121103,mlp,0.19446658,0.8055334,0.38893318,0.11814701,0.36254965405404616,332.35016,1.358961,0.3222074937795139,0.6297772725423177,0.2844079283304285,0.34375,0.3625193992480826,0.29583515905929225,0.24727549020054435
8.740579960077099,1.089412037606529,1.9433658115844608,2.2377863161043337,Si2,PU,combo_003,19.559550229476294,2.1171261086130935,mlp,0.75995743,0.24004257,0.48008513,0.07618094,0.23377125444092617,330.8478,2.1684022,0.31579097602652684,0.0,0.2349998264527685,0.1875,0.3624874801520138,0.2755754793829009,0.18814626033893295
8.977268042468108,0.9401777911271357,2.9778271037106414,1.4642927936621333,A1,Si2,combo_009,13.145348901359416,2.799686908725187,mlp,0.78361905,0.21638095,0.4327619,0.0801819,0.24604870971706838,331.56842,1.552855,0.3188686991917604,0.0,0.332721492695371,0.25,0.36233457952949893,0.2901036015047595,0.2037070421087448
13.01173818632352,0.9995157340969141,1.5870766866498542,1.4923310406358223,Si1,Si1,combo_002,19.417820788077044,1.5863081195249271,mlp,0.22929248,0.7707075,0.45858496,0.08765094,0.26896845223114474,390.53427,1.5594295,0.5707111231024096,0.8619500796000164,0.3702114085432253,0.09375,0.36216121244783583,0.4545562580524706,0.19405132815499926
11.758864253445031,1.240181221705659,1.7291143375739706,2.0575732634047315,A2,PU,combo_011,24.194724695894134,2.144415131641258,mlp,0.20999217,0.7900078,0.41998434,0.09384848,0.28798642591042645,376.6446,1.4932802,0.5113884750587508,0.733281135559082,0.36733750720756,0.21875,0.36210248329541095,0.42485093604348334,0.21765425988538945
12.234637012862063,0.5488973802515801,2.7930062441026875,1.5430322952611037,A1,Si3,combo_010,18.878440031643002,1.5330738104142703,mlp,0.75922954,0.24077046,0.48154092,0.112681456,0.34577788729704895,391.91373,2.3808126,0.5766027608661367,0.0,0.11479652214442142,0.1875,0.36205867842977035,0.447382390475114,0.21372455866594697
11.04213430657734,1.4901821764616507,1.598890858529964,1.7330199119486946,A2,PU,combo_011,19.136238623710323,2.382638659488819,mlp,0.19462252,0.8053775,0.38924503,0.13165289,0.40399423630702236,354.92456,2.251195,0.4186224865521498,0.6308167775472006,0.36103490083934214,0.21875,0.36165164482770723,0.3637767706691851,0.2730346078289705
14.923764866824566,1.4586193095547755,1.2058078197311353,0.7877943874601059,A2,Si1,combo_012,11.756858201858707,1.7588145694719777,mlp,0.18928511,0.8107149,0.3785702,0.08742161,0.2682647263891978,403.73956,2.5478122,0.6271107617993725,0.5952339967091879,0.3784392710009361,0.375,0.3614692120457683,0.5288421003461985,0.25773078483926415
9.90265741180654,0.7470308243218999,2.727605707906777,2.16128710609595,A1,Si3,combo_010,21.402485780222968,2.0376055404027187,mlp,0.78818065,0.21181935,0.4236387,0.098215275,0.30138650452286747,350.33218,2.9355917,0.3990085020913085,0.0,0.36633443759650375,0.1875,0.36128443306976726,0.3515084687776318,0.24742719966170829
8.343457931550475,1.1685275804511286,2.4053827873841365,1.8883041713782744,Si3,PU,combo_005,15.754986415865911,2.8107561286007763,mlp,0.80073386,0.19926614,0.39853227,0.13738453,0.4215825353810856,325.15726,1.6350104,0.2914866994341932,0.0,0.18133068577507214,0.34375,0.3611922413759765,0.2656590694145522,0.2582020795655249
9.506536167561167,1.0961076270896792,2.4065056682191375,1.4976491443518474,Si3,PU,combo_005,14.237455757097873,2.6377892175695417,mlp,0.8191093,0.18089068,0.36178136,0.13497876,0.4142000900622754,338.72992,2.512452,0.3494553734702948,0.0,0.32307881327833626,0.34375,0.36113408577670364,0.32561269613749905,0.2950830403451535
9.932953513457011,1.0997299953904216,2.874962396216328,0.706764607864422,A2,PU,combo_011,7.020259994873977,3.161682382738618,mlp,0.8009968,0.19900322,0.39800644,0.12116649,0.3718153319135051,337.38196,2.628994,0.3436982467939569,0.0,0.3566616100486925,0.21875,0.3609875828592711,0.31313175159495404,0.26895347009713305
11.274210321226661,1.1560766098753743,1.650692183693104,1.2504094961164314,Si2,PU,combo_003,14.0973796468757,1.9083266236717025,mlp,0.20742333,0.7925767,0.41484666,0.13877419,0.4258468670619359,358.33615,2.7419686,0.43319334795750386,0.7161555290222168,0.2717546444167948,0.1875,0.36093089795117206,0.364832245386766,0.27278463094611516
13.353558161192742,0.6657639674412725,2.3486978517517687,0.8437064645943504,Si2,PU,combo_003,11.266483345934963,1.5636784001030513,mlp,0.75633764,0.24366236,0.4873247,0.058306646,0.17892162085391622,401.82037,3.278612,0.618913927241493,0.0,0.2525999695593836,0.1875,0.36088182566488497,0.4961019574732141,0.1946203028015857
9.050581027078668,1.040892046174257,1.7388476863902493,1.8552968754796946,A1,Si2,combo_009,16.791514700814858,1.8099527262721193,mlp,0.77521116,0.22478884,0.4495777,0.06645193,0.20391649723594413,336.31787,2.6704602,0.33915354466693515,0.0,0.30128522875377467,0.25,0.3605479968831151,0.3077835992683612,0.20743014128709847
13.95018656961966,0.679891093985834,2.898644638302621,1.9916828684262002,Si2,Si2,combo_004,27.78434760206074,1.9707626742117412,mlp,0.22625093,0.77374905,0.4525019,0.16086948,0.49364918292811405,406.25845,2.3818004,0.637868911646288,0.8416729768117269,3.0925508565660847e-10,0.25,0.360423427600237,0.48504489850427784,0.25765552519455587
13.907758574365253,0.9846995711982579,1.1078731432339086,1.606280683292118,A1,PU,combo_007,22.339763945893232,1.0909222090844959,mlp,0.80530995,0.19469005,0.3893801,0.075979315,0.23315253355935478,408.07806,0.8879044,0.6456404461284398,0.0,0.4912183451115655,0.25,0.3603146883449419,0.5307522365270207,0.2091734525533561
11.689586494183825,1.3044076020757884,1.8740041825424032,1.7221919577708205,A2,Si3,combo_014,20.131711849949784,2.4444653020301343,mlp,0.22740111,0.77259886,0.45480222,0.1272248,0.3904060630713943,373.00943,1.3781362,0.4958627413411746,0.8493409156799316,6.411852672779723e-10,0.34375,0.3602646427626822,0.3890666940226473,0.21476183474013882
13.638025820265991,1.322205161853493,1.8347001181655993,2.0551768947457267,A2,Si3,combo_014,28.028555555756302,2.4258499666917688,mlp,0.1621509,0.8378491,0.32430184,0.1457157,0.4471478115086565,396.41214,3.2345963,0.5958154278482266,0.4143394629160564,0.4216855160028772,0.34375,0.3602535194485761,0.5122056744733251,0.33638669325593706
11.453524696938366,0.7506874719226881,2.3109310430449694,0.6466249525894359,Si1,PU,combo_001,7.406134864139704,1.7347869824910889,mlp,0.8320529,0.16794711,0.33589423,0.08600305,0.26391168592775116,363.47488,2.402376,0.45514081303610554,0.0,0.5307627336493456,0.375,0.3601929878019057,0.42283345736712996,0.2760386521913403
11.179669197220116,0.9538398897634048,1.8526879793752862,0.598109092347141,A1,Si1,combo_008,6.686661796290615,1.7671676980133082,mlp,0.79244286,0.20755714,0.41511428,0.12510286,0.38389460994474817,357.83115,4.7271876,0.4310364783120423,0.0,0.24396569591970502,0.25,0.35999191077930326,0.3785602656461997,0.30449153219391617
12.427792045482725,1.0547217455636968,2.4732322965111804,0.9818238212325994,A2,Si2,combo_013,12.201902275579952,2.608571884960783,mlp,0.21066666,0.78933334,0.4213333,0.09641445,0.2958604276165615,379.71127,1.8404431,0.5244862315128718,0.7377777099609375,0.40288717275052716,0.15625,0.359982962198618,0.43338202484603566,0.22356953487028003
10.73724987222591,1.4336102369910884,2.360759941400786,0.5490297063421837,A2,Si1,combo_012,5.895069144270841,3.3844096190706487,mlp,0.20971338,0.7902866,0.4194268,0.085079595,0.26107794337563067,341.492,1.6256623,0.3612522043786487,0.7314226627349854,0.22575560865675653,0.375,0.3599597751363629,0.32200700780337854,0.21318278503425492
12.127441452709697,0.9895979425987305,2.939966634579795,0.5536224305328252,A2,Si1,combo_012,6.714023613193679,2.9093849328890786,mlp,0.21592085,0.78407913,0.43184173,0.14334348,0.43986834153721893,373.92545,2.4047475,0.4997750328131456,0.7728057702382406,7.394716496106883e-10,0.375,0.35974321237150997,0.40101519448980705,0.25805826971224993
14.188620447062807,0.666365823787171,2.18913469782776,0.6611223618794545,Si2,PU,combo_003,9.380414261773284,1.458764546299075,mlp,0.78451663,0.21548337,0.43096673,0.06612874,0.20292474221411264,411.3161,2.6749668,0.6594700628109429,0.0,0.4273785884083859,0.1875,0.3597022127214647,0.5383912092326226,0.2167155205206313
15.18050250823454,0.5773848252111993,2.743040520216745,1.8355349859245116,A1,Si1,combo_008,27.8643434577793,1.5837899713125825,mlp,0.779166,0.22083402,0.44166803,0.032337923,0.09923317432208201,426.29156,1.8416162,0.7234300848645049,0.0,0.4288088758622029,0.25,0.35962372600756215,0.5846168451848687,0.17272508606929168
9.986809422042738,1.616067963049962,1.1728075455605609,2.177141287741425,A2,Si3,combo_014,21.742695125534322,1.895336701203681,mlp,0.7919718,0.2080282,0.4160564,0.1438737,0.44149541604235193,340.96582,4.182879,0.3590048786337219,0.0,0.08448047704465428,0.34375,0.3592899069408799,0.31833841583250105,0.3034998029670274
14.462292983377885,0.6354339865440048,2.4270543554528867,2.022732589009734,Si2,PU,combo_003,29.25335132928526,1.542232824644418,mlp,0.7562241,0.2437759,0.4875518,0.13668121,0.41942430562058836,418.33658,2.3523562,0.6894544350208479,0.0,6.849574334924843e-10,0.1875,0.3591921345818487,0.5147302441189499,0.2216909954454615
15.78667608357699,0.7630458291258384,2.857560223574402,2.1241589550847606,Si3,Si3,combo_006,33.53340937395248,2.180449410074346,mlp,0.7807973,0.2192027,0.4384054,0.12127301,0.37214220547953225,431.58862,2.5771778,0.7460537549056793,0.0,0.3209347957425341,0.09375,0.3591470261287827,0.5784008024414685,0.24388392179555493
11.429815809994167,1.149559591437736,2.2685164674555907,1.4301897593776316,A2,PU,combo_011,16.34680552302621,2.607794863498025,mlp,0.20628157,0.79371846,0.41256315,0.079710715,0.24460282518261206,369.33676,1.1430203,0.48017681951662033,0.708543618520101,0.41750953391746076,0.21875,0.35903909562431113,0.4059439310361895,0.20272963284136572
15.740519676355161,0.8897148442381517,2.337703885484094,2.397550607922338,Si3,Si3,combo_006,37.738692519058844,2.0798898483484027,mlp,0.790306,0.20969403,0.41938806,0.15671697,0.48090666958338696,432.36444,3.0437465,0.7493672634944468,0.0,0.28108093080314533,0.09375,0.3590240737289774,0.5795003024483175,0.2856524112012727
13.246569755620538,0.9934767637312718,1.663723331102077,2.049671405114706,Si3,PU,combo_005,27.151115243952713,1.6528704707275026,mlp,0.8003084,0.1996916,0.3993832,0.08157675,0.2503289998331909,404.94434,1.5600171,0.6322563322528131,0.0,0.334985976736744,0.34375,0.3590205054576582,0.519118843977026,0.21975589449446703
14.002831893607956,1.0190823090428567,2.2247743506868605,1.9450575157622207,A2,Si1,combo_012,27.236313416617083,2.2672281823972877,mlp,0.8012055,0.19879448,0.39758897,0.085689805,0.2629504531281094,410.59546,1.2096696,0.6563922093055083,0.0,0.29535938489967767,0.375,0.35867042017743467,0.5330997306000194,0.21564892591647503
10.00649918696575,1.0796713171626706,2.6131265197655735,2.0787716353119667,A2,PU,combo_011,20.801226678636656,2.821317751508002,mlp,0.79032946,0.20967054,0.4193411,0.1342194,0.41186988415547776,347.55414,2.9994898,0.38714350325785335,0.0,0.222815712523519,0.21875,0.3586529494604982,0.3323548316945234,0.2705816448988046
10.717014206517693,0.8324763104791912,2.835992994852096,0.7433363570182776,Si1,PU,combo_001,7.9663462983859885,2.3608969848993047,mlp,0.1948186,0.8051814,0.38963723,0.07379434,0.22644765871006825,351.13803,2.8455436,0.40245026543781925,0.6321241060892742,0.36077718247293583,0.375,0.35863420964264536,0.37157824766240877,0.24662196054971045
12.157193327839641,1.0514347732147797,1.2744772206296862,0.9752672182268882,A1,Si1,combo_008,11.856512118288652,1.3400296674401768,mlp,0.8109336,0.18906641,0.37813282,0.09166752,0.28129385140236696,377.64435,4.984662,0.515658420042152,0.0,0.4687575562632036,0.25,0.3579807741419315,0.4618009047017231,0.3076413740909462
11.60295971158702,1.13342453646402,1.8387134160848018,1.685689135758397,A2,Si2,combo_013,19.558983128464625,2.0840429013160913,mlp,0.7728882,0.22711182,0.45422363,0.107498966,0.32987473497108644,378.1037,0.8508536,0.5176203007469797,0.0,0.23449759461887912,0.15625,0.35791635344583433,0.40587145354160353,0.18968698888161645
10.88980868382777,1.5896834181477395,1.6782676583198195,1.384351514398754,A2,Si3,combo_014,15.075323142969674,2.6679142676446532,mlp,0.19723761,0.8027624,0.39447522,0.08757438,0.26873351114109123,347.7686,2.2020283,0.3880594038499889,0.6482507387797039,0.32675073085490264,0.34375,0.35784652011897916,0.3511627766768844,0.23828076166502404
9.09967372380693,1.0856928453159334,1.633832020077346,0.5933669129354849,A1,Si3,combo_010,5.399445306215466,1.7738397346460528,mlp,0.7830673,0.21693271,0.43386543,0.13444144,0.41255124989757336,327.97784,2.1841,0.30353339250778455,0.0,0.19474670475347644,0.1875,0.3578456815618771,0.2630629017384926,0.2450069409541074
8.081863996284572,1.5040469770263583,2.536274507400052,1.186355348170253,A2,Si1,combo_012,9.587962575176814,3.814676005764064,mlp,0.21342213,0.7865779,0.42684424,0.14514962,0.4454107198251138,312.3561,1.7485161,0.23681315601852396,0.7561474641164144,2.665327345356156e-10,0.375,0.35782594555341984,0.21305228779741345,0.2463845269310467
11.95390388682869,0.8970669907994745,2.583675334223354,2.234914590333659,A2,Si3,combo_014,26.71595420811968,2.3177298572745704,mlp,0.813474,0.186526,0.373052,0.09833143,0.30174294006139746,389.7199,2.2639725,0.5672329948398315,0.0,0.3699458709080582,0.34375,0.35749442517534846,0.4812709582458945,0.2575983713429211
11.802816300086906,1.2361309409645447,1.448023169539451,1.4589229308476965,Si3,Si3,combo_006,17.219399348779756,1.789946243101264,mlp,0.7798892,0.22011077,0.44022155,0.10477917,0.321528679091505,372.18814,3.6586723,0.49235502585297886,0.0,0.35370358965889626,0.09375,0.35746920069750127,0.41049877004275803,0.2535202015601023
13.421657421985635,1.5684649137510671,1.1016858977413684,2.385521031538584,A2,Si3,combo_014,32.017646058252666,1.7279556765816824,mlp,0.20175655,0.79824346,0.40351307,0.10574942,0.3245060246979878,397.23566,2.8988512,0.5993326581710924,0.6783769130706787,0.23487725304321816,0.34375,0.35740219423877184,0.4939968922661049,0.2584757684478429
10.576300759710657,1.2796057921217727,1.9798610939474437,1.4809933522755299,A2,Si3,combo_014,15.663431116798119,2.5334417234116984,mlp,0.7882544,0.21174562,0.42349124,0.08809362,0.2703268854548328,351.33246,1.4964217,0.40328066285812597,0.0,0.21456679485785704,0.34375,0.35721673677838695,0.3464170165949209,0.20737298501743479
11.666124188045874,0.6448240228458115,2.9866806273749393,1.0172278098473124,A1,Si1,combo_008,11.86710595721266,1.9258834170995607,mlp,0.2485398,0.7514602,0.4970796,0.10016451,0.3073679912747141,375.90762,2.331699,0.5082408895458035,0.9902653694152832,3.47087436150741e-10,0.25,0.35699897873632747,0.39400832298735966,0.19141774794527272
12.868879051936485,0.6723638129665847,2.2434874279724375,2.3832964155626484,A1,Si3,combo_010,30.670353316789477,1.508439761414144,mlp,0.7566061,0.2433939,0.4867878,0.08723131,0.26768075740105585,403.76166,2.1846929,0.6272051281048665,0.0,0.13923620672897452,0.1875,0.3568958503121773,0.48408558134972046,0.18598799461167353
15.415534576777613,0.8912528370572214,1.9515291598301094,1.2932633189591902,Si3,PU,combo_005,19.936345410293573,1.7393059002984805,mlp,0.80593586,0.19406414,0.38812828,0.09831741,0.3016999117301907,424.35678,1.9992975,0.7151666464639356,0.0,0.3096037995564853,0.34375,0.35672861998550476,0.5772215342889367,0.24304129536890634
10.011707321908714,1.1120401939905706,1.2392417008708883,1.587990191380398,A1,Si2,combo_009,15.89849302616235,1.3780865814376673,mlp,0.83787155,0.16212845,0.3242569,0.12979938,0.398306494507006,348.27106,4.674699,0.39020545525877093,0.0,0.5369242735400616,0.25,0.35612591450248554,0.37896329738316786,0.35239059382653853
10.244482029838199,1.4607880874784427,1.205630557336796,2.3727285874562085,Si3,Si3,combo_006,24.3073753758785,1.761170756057587,mlp,0.7582231,0.24177688,0.48355377,0.07579173,0.23257690959825347,348.09827,2.9005005,0.38946746904094376,0.0,0.2747965744303497,0.09375,0.356123106487576,0.3260929681622448,0.19482269289086335
11.372657968610492,0.8627787948793316,2.487286824970065,0.5123284027968704,A1,Si2,combo_009,5.826535692613314,2.1459783293669115,mlp,0.1985899,0.8014101,0.39717984,0.09960729,0.3056580838025449,360.31744,1.332721,0.441655424824334,0.6572661399841309,0.3619336165202657,0.25,0.3560876770864999,0.37767075080897433,0.22438544303862945
10.56771178213793,1.1594168536060288,1.2272983355259082,0.735561424266141,A1,Si3,combo_010,7.773201129703455,1.4229503746113645,mlp,0.8074562,0.1925438,0.3850876,0.15049307,0.4618078062995306,346.14215,2.9357004,0.38111292283990444,0.0,0.31248128151969984,0.1875,0.3560665542434412,0.33359689208884136,0.2954989372540746
10.91715905333416,1.6235224749576842,1.1926881195571963,2.1692611386253353,A2,PU,combo_011,23.682168878589547,1.9363559677161257,mlp,0.20164089,0.7983591,0.4032818,0.14288394,0.43845819200896674,352.06763,2.4778943,0.4064205582992168,0.6776060263315837,0.23629740898005497,0.21875,0.35583084641399354,0.3441053565466047,0.27108926548716267
