{
  "input_csv": "Itr_11_dataset.csv",
  "input_n": 419,
  "batch_size": 23,
  "batch_size_mode": "auto",
  "batch_size_config": 23,
  "batch_size_recommended": 23,
  "batch_size_decision": "hold",
  "bucket_ratio_mode": "auto",
  "bucket_ratio_applied": {
    "boundary": 0.7224409448818897,
    "notp_high_tmax": 0.14763779527559054,
    "uncertainty_sparse": 0.10039370078740158,
    "random_check": 0.02952755905511811
  },
  "bucket_ratio_config": {
    "boundary": 0.75,
    "notp_high_tmax": 0.15,
    "uncertainty_sparse": 0.07,
    "random_check": 0.03
  },
  "bucket_ratio_recommended": {
    "boundary": 0.7224409448818897,
    "notp_high_tmax": 0.14763779527559054,
    "uncertainty_sparse": 0.10039370078740158,
    "random_check": 0.02952755905511811
  },
  "bucket_ratio_decision": "mixed",
  "selected_model": "mlp",
  "gp_score": 0.764776529491808,
  "mlp_score": 0.7464715266570096,
  "gp_composite_score": 0.7395562426805486,
  "mlp_composite_score": 0.7879472066252711,
  "holdout_accuracy": 0.96,
  "holdout_precision": 0.9555555555555556,
  "holdout_recall": 0.9555555555555556,
  "holdout_f1": 0.9555555555555556,
  "holdout_tp": 43,
  "holdout_fn": 2,
  "holdout_tn": 53,
  "holdout_fp": 2,
  "holdout_tmax_rmse": 4.547646667106741,
  "holdout_tmax_r2": 0.984510056767501,
  "holdout_tmax_n": 55,
  "boundary_count": 17,
  "notp_high_tmax_count": 3,
  "uncertainty_sparse_count": 2,
  "random_check_count": 1,
  "fill_mixed_count": 0,
  "n_unique_combos_selected": 10,
  "uncertainty_metric_source": "clf_uncertainty_scaled",
  "uncertainty_high_threshold": 0.7,
  "uncertainty_mean": 0.70204953864634,
  "uncertainty_p90": 0.913293900595511,
  "uncertainty_high_ratio": 0.6521739130434783
}