{
  "model_mode": "auto",
  "selected_model": "gp",
  "reason": "MLP is not eligible. Falling back to GP.",
  "gp_cv_result": {
    "fold_count": 5,
    "accuracy_mean": 0.8751156336725254,
    "accuracy_std": 0.03691131156670654,
    "accuracy": 0.8751156336725254,
    "tp_precision_mean": 0.8747515527950311,
    "tp_precision_std": 0.04789349931593468,
    "tp_precision": 0.8747515527950311,
    "tp_recall_mean": 0.8943333333333333,
    "tp_recall_std": 0.04689941956523084,
    "tp_recall": 0.8943333333333333,
    "tp_f1_mean": 0.8830062794348509,
    "tp_f1_std": 0.03293908137011364,
    "tp_f1": 0.8830062794348509,
    "tmax_mae_mean": 1.7869380722100996,
    "tmax_mae_std": 0.27535832121636383,
    "tmax_mae": 1.7869380722100996,
    "tmax_rmse_mean": 2.2669763740031454,
    "tmax_rmse_std": 0.3419027706799173,
    "tmax_rmse": 2.2669763740031454,
    "tmax_r2_mean": 0.9967066259358649,
    "tmax_r2_std": 0.0012495218768146393,
    "tmax_r2": 0.9967066259358649,
    "weighted_mean_score": 0.8909352171637885,
    "weighted_std_score": 0.04271131810669568,
    "stable_score": 0.8695795581104407,
    "cv_splits": 5
  },
  "gp_score": 0.8695795581104407,
  "mlp_eligibility": {
    "n_total": 232,
    "n_notp": 110,
    "n_tp": 122,
    "min_combo_count": 13,
    "torch_available": true,
    "notp_total": false,
    "notp_count": true,
    "tp_count": true,
    "combo_floor": true,
    "torch_ready": true,
    "eligible": false
  },
  "mlp_cv_result": null,
  "mlp_score": null,
  "gp_holdout_result": null,
  "mlp_holdout_result": null,
  "composite_weights": {
    "cv": 0.3,
    "holdout": 0.7
  },
  "gp_composite_score": null,
  "mlp_composite_score": null,
  "tuned_gp_params": {
    "kernel": "RBF",
    "constant": 0.5404103854647329,
    "length_scale": 1.4253164479427205
  },
  "tuned_mlp_params": null,
  "tuned_tmax_params": {
    "kernel": "Matern52",
    "constant": 0.7591104805282696,
    "length_scale": 0.7563096100614171,
    "noise_level": 2.9914693021302195e-05,
    "alpha": 1.6081669283634655e-10,
    "normalize_y": true
  }
}