TP_NoTP,actual_label,oof_predicted_label,oof_is_error,oof_p_tp,oof_p_notp,is_boundary_band,ptp_distance_from_boundary,local_nn_dist,coverage_cell_key,A_Cell_D,C_Barrier_Thx,E_Barrier_Outer_Thx,F_ThermalResin_Thx,B_Barrier_Type,D_Barrier_Outer_Type,discrete_combo_id,Eval#,MaxT_TB,MaxT_Adj,MaxT_Adj_Y,MaxT_Adj_Z,Max_Power,Time_MaxT,Time_Max_Power,Unnamed: 15,Unnamed: 16,CellD_x_Resin,Barrier_x_Outer,oof_tmax_pred
1,1,1,False,0.9999979138374329,2.086162567138672e-06,False,0.49999791383743286,0.33059940773385615,3_0_0_3,14.4030054,0.504457417,1.351974252,2.177480305,Si1,Si1,combo_002,1,451.1424865,916.7147143,-0.000350925,0.044567507,1332.955958,134.000001,94.9,Initial,,31.362260591308647,0.6820134390144271,446.44604426290516
1,1,1,False,0.9438194036483765,0.056180596351623535,False,0.44381940364837646,0.17710093189940215,3_0_3_2,14.90789813,0.549540979,2.642394944,1.787474521,Si1,Si1,combo_002,2,431.4329144,538.9130314,-0.000363548,0.044716343,1341.339405,169.000001,94.5,,,26.647488069038545,1.45210430443041,431.4732644881546
1,1,1,False,0.9840523600578308,0.01594763994216919,False,0.4840523600578308,0.23795360435278395,1_0_1_2,10.70219176,0.876237523,1.657999209,1.664449727,Si1,Si1,combo_002,3,377.783906,703.7643878,0.026615689,0.038502308,1033.336124,143.000001,82.9,,,17.81326015323365,1.4528011200301194,375.1136345351915
0,0,0,False,0.03410707786679268,0.9658929221332073,False,0.4658929221332073,0.1090636114512702,0_1_3_3,9.277227738,1.211448606,2.543938484,2.42540283,Si1,Si1,combo_002,4,336.3691273,282.5199847,-0.000668342,0.055374813,871.2643327,186.7,76.1,,,22.5010144102997,3.081850730191553,337.31952051148033
1,1,1,False,0.9663072824478149,0.03369271755218506,False,0.46630728244781494,0.12799710291796812,2_0_3_3,13.88514749,0.708211121,2.843611137,2.21911424,Si1,Si1,combo_002,5,412.7974615,668.1009903,-0.001013936,0.030756066,1216.364805,195.000001,93.1,,,30.812728519559258,2.013877031022855,411.00137495852556
0,0,0,False,0.02175823599100113,0.9782417640089989,False,0.47824176400899887,0.1089361748622679,3_1_3_2,14.45889967,1.003030175,2.999787974,1.72359812,Si1,Si1,combo_002,6,401.9500636,277.9786148,0.002466258,0.055231155,1197.645034,238.3,97.1,,,24.921332288480617,3.008877856524115,400.19768521348556
1,1,1,False,0.9615232348442078,0.038476765155792236,False,0.46152323484420776,0.1461139451207701,2_0_1_2,13.33534914,0.792727938,1.969203664,1.975665307,Si1,Si1,combo_002,7,412.2865544,792.2907573,0.023669062,0.034044541,1222.357589,180.000001,91.8,,,26.346186652630287,1.5610427600647647,413.4182545018763
1,1,1,False,0.9999752044677734,2.47955322265625e-05,False,0.49997520446777344,0.2852354259579887,0_0_3_1,9.711760907,0.513741627,2.896365883,1.209815956,Si1,Si1,combo_002,8,369.5111908,593.1825765,0.000233644,0.040420412,1005.118725,114.000001,76.9,,,11.749443306145631,1.4879837211197118,368.4358006972133
0,0,0,False,0.0021045261528342962,0.9978954738471657,False,0.4978954738471657,0.2978957916426766,3_2_0_3,14.6034658,1.849575612,1.279083666,2.497886544,Si1,Si1,combo_002,9,382.6814224,269.577313,0.000355937,0.05515713,1094.939165,237.7,94.5,,,36.477800717584195,2.3657619543411537,385.07994860941386
1,1,1,False,0.9999743700027466,2.562999725341797e-05,False,0.4999743700027466,0.2599084749136205,0_0_1_3,8.871051147,0.739229422,1.618180107,2.291143164,Si1,Si1,combo_002,10,362.8462977,653.338085,-0.000212626,0.042312624,931.5141542,112.000001,74.9,,,20.32484819294341,1.196206345189508,363.1245611129436
0,0,0,False,1.1027291293430608e-05,0.9999889727087066,False,0.49998897270870657,0.300221316958579,3_2_2_0,14.98731777,1.578348137,2.494534358,0.742598557,Si1,Si1,combo_002,11,378.5229739,260.5301258,0.000365533,0.055164975,1142.559396,234.5,103.4,,,11.129560549302457,3.9372436566317917,379.804739670306
1,1,1,False,0.9962807893753052,0.0037192106246948242,False,0.4962807893753052,0.13287037677007799,1_0_0_3,11.90366821,0.573073028,1.410814098,2.489698147,Si1,Si1,combo_002,12,414.2164946,794.7020064,-0.002019092,0.042977813,1152.382785,121.000001,88.2,,,29.636540684939803,0.8084995070859488,413.01430989022475
0,0,0,False,0.02353997714817524,0.9764600228518248,False,0.47646002285182476,0.19800611359229686,1_1_2_2,10.5409877,1.47653842,2.421191725,1.6471982,Si1,Si1,combo_002,13,335.7844445,271.7492477,0.002289373,0.055222473,885.3009739,208.2,82.3,,,17.36309596566214,3.5749826041485746,336.01358480689896
0,0,0,False,1.6348416238542995e-06,0.9999983651583761,False,0.49999836515837615,0.20571375921962567,1_3_0_3,10.12486991,2.389110332,1.496922138,2.351863531,Si1,Si1,combo_002,14,298.2144884,257.3380683,0.002195746,0.055318808,765.904808,209.5,84.5,,,23.812312297448248,3.5763121460953298,299.9727420969411
0,0,0,False,9.469318911214941e-07,0.9999990530681089,False,0.4999990530681089,0.3206393058020357,1_2_3_3,11.05605998,1.755874274,2.912454606,2.387237757,Si1,Si1,combo_002,15,329.7043451,261.6280806,0.000267252,0.055276905,863.4735816,227.8,85.5,,,26.393443827912666,5.113904116868206,329.63523297913923
1,1,1,False,0.8922224044799805,0.10777759552001953,False,0.39222240447998047,0.07970091196833881,2_1_0_3,13.15044621,1.16594142,1.226932391,2.253377731,Si1,Si1,combo_002,16,400.5222103,798.3703781,0.043786728,0.038672949,1129.194861,188.000001,86.4,,,29.63292264232735,1.4305312942065354,400.12419955187187
1,1,1,False,0.8959711790084839,0.10402882099151611,False,0.3959711790084839,0.13523198185291702,1_0_3_0,10.24682028,0.921435014,2.80632519,0.668970615,Si1,Si1,combo_002,17,349.0689651,831.7834309,0.000247021,0.033347768,945.2323661,161.000001,80.1,,,6.854821664506072,2.5858462907362028,350.4768210049353
1,1,1,False,0.9999866485595703,1.33514404296875e-05,False,0.4999866485595703,0.25953531065492635,2_0_1_0,12.00408497,0.619828684,1.90947607,0.591471772,Si1,Si1,combo_002,18,398.6728436,588.3063808,0.000290952,0.044515675,1171.001807,126.000001,86.2,,,7.100077408444466,1.183548039597592,397.39688797962674
0,0,0,False,0.006761518772691488,0.9932384812273085,False,0.4932384812273085,0.16483864538385778,0_2_2_3,8.186490662,1.91811608,2.249524305,2.109970561,Si1,Si1,combo_002,19,290.2857717,264.2801914,0.001368586,0.055317227,712.4012227,183.3,74.0,,,17.2732542947214,4.314848741771324,288.6865802553576
1,1,1,False,0.9922562837600708,0.007743716239929199,False,0.4922562837600708,0.21217538219942955,2_0_2_1,12.22832837,0.501428682,2.399133012,1.310690718,Si1,Si1,combo_002,20,406.3885816,618.7459303,0.001482791,0.043594055,1152.38133,127.000001,84.2,,,16.02755649121507,1.2029941041498502,407.6689758908942
1,1,1,False,0.704759955406189,0.29524004459381104,False,0.20475995540618896,0.12055879836391707,1_0_3_3,11.53079879,0.698546095,2.939396175,2.040166702,Si1,Si1,combo_002,21,383.6702897,638.2451252,0.032098797,0.036006477,1063.938064,167.000001,83.3,,,23.52475173881989,2.0533037197041866,382.87058846791615
0,0,0,False,0.0031798952259123325,0.9968201047740877,False,0.49682010477408767,0.1581559499859062,2_1_3_3,13.0535609,1.034229167,2.56977531,2.151037919,Si1,Si1,combo_002,22,389.8942223,277.4001598,-0.000317189,0.055345445,1115.983557,223.3,92.2,,,28.07870447387577,2.6577365782384663,390.6779010012044
0,0,0,False,1.0718445082602557e-05,0.9999892815549174,False,0.4999892815549174,0.2854616748635322,3_2_2_3,15.23958487,1.592728603,2.13134733,2.01074464,Si1,Si1,combo_002,23,392.4079801,267.2466066,0.00037184,0.055266123,1190.547336,253.9,104.3,,,30.642913593177596,3.3946578554186804,392.8835217158285
1,1,1,False,0.7433338165283203,0.2566661834716797,False,0.2433338165283203,0.11233926237871912,3_0_3_0,15.52269754,0.639305463,2.751998239,0.800713539,Si1,Si1,combo_002,24,425.6539238,520.3013039,-0.000378918,0.042059843,1349.272553,198.000001,97.5,,,12.429234082079994,1.7593675083590798,429.30518244400815
0,0,0,False,0.00038431870052590966,0.9996156812994741,False,0.4996156812994741,0.2671247586437029,3_3_3_1,15.72510127,2.125455429,2.862582939,1.074423359,Si1,Si1,combo_002,25,368.2279546,245.8362916,0.000383978,0.05539638,1098.768881,260.4,107.4,,,16.895416127128566,6.084292448660326,361.4959293026005
0,0,0,False,0.000671805755700916,0.9993281942442991,False,0.4993281942442991,0.18727093907073813,0_2_3_0,9.3906414,1.688101297,2.607965856,0.615911572,Si1,Si1,combo_002,26,301.8196819,271.1522907,0.002030544,0.055275152,791.7846392,193.2,77.2,,,5.783804706762281,4.402510544045315,303.77675266768694
0,0,0,False,1.8477819594409084e-06,0.9999981522180406,False,0.49999815221804056,0.27984384625712955,2_3_3_1,12.27285946,2.078057068,2.814394704,1.396802566,Si1,Si1,combo_002,27,326.5953973,253.5232588,0.001488357,0.055433447,886.4979637,236.8,91.3,,,17.142761585885374,5.848472806788968,326.96897838261987
1,1,1,False,0.9936016201972961,0.006398379802703857,False,0.49360162019729614,0.21906488521305684,0_0_2_1,8.33796206,0.643407986,2.483834204,1.122476514,Si1,Si1,combo_002,28,355.459812,947.7506747,0.000199299,0.041254893,897.8462108,109.000001,72.4,,,9.359166586973059,1.5981187627535531,349.1208033113898
0,0,0,False,0.005466980393975973,0.994533019606024,False,0.494533019606024,0.23190583461685715,1_1_1_1,11.44641156,1.432112239,1.935058473,1.231966637,Si1,Si1,combo_002,29,350.9504974,274.3876237,0.001385052,0.05517402,964.5400799,207.8,86.3,,,14.101597155291122,2.771220922363951,352.2402318561931
1,1,1,False,0.999836266040802,0.00016373395919799805,False,0.499836266040802,0.16210445619809413,3_0_2_0,15.10141638,0.521750771,2.21088038,0.943518921,Si1,Si1,combo_002,30,437.7442284,847.884353,0.002578699,0.043837875,1404.801538,155.000001,95.3,,,14.248472088429326,1.153528542853773,437.61717952014305
0,0,0,False,2.439254785713274e-05,0.9999756074521429,False,0.49997560745214287,0.16483864538385778,0_3_2_3,9.080830208,1.990215089,2.322999861,2.327953945,Si1,PU,combo_001,31,303.1515201,265.0104704,0.000217871,0.055419585,762.4401279,193.5,79.0,,,21.13975450658877,4.623269375107103,304.0794511991398
1,1,1,False,0.9972324371337891,0.0027675628662109375,False,0.49723243713378906,0.13287037677007799,1_0_0_3,11.5994219,0.532842525,1.438647501,2.239986514,Si1,PU,combo_001,32,411.5364314,530.8239888,-0.003650862,0.04858455,1152.54659,110.000001,86.2,,,25.982548626196255,0.76657256701778,413.2252791359166
0,0,0,False,0.48955339193344116,0.5104466080665588,True,0.010446608066558838,0.13145809138747278,0_1_1_2,9.987513583,1.35758654,1.739590153,1.8733312,Si1,PU,combo_001,33,345.8330237,320.8776544,0.00216484,0.055411841,912.1954084,176.5,81.1,,,18.70992080545769,2.3616441768293406,344.9206470887759
1,1,1,False,0.9999907612800598,9.238719940185547e-06,False,0.4999907612800598,0.25914666613574644,1_0_1_3,11.26112356,0.500171972,2.037294948,2.462450732,Si1,PU,combo_001,34,407.625864,793.1965374,0.000817134,0.04221859,1123.234734,115.000001,83.8,,,27.729961953464446,1.0189978316867974,413.34191071634484
0,0,0,False,0.0003860898723360151,0.999613910127664,False,0.499613910127664,0.4062901635053754,1_3_3_0,10.34386155,2.436721223,2.983961895,0.87986646,Si1,PU,combo_001,35,288.0502193,251.2885876,0.002245019,0.055438562,742.208872,218.8,84.4,,,9.101216844728613,7.271083278169798,286.98545610976487
1,1,1,False,0.9999898672103882,1.0132789611816406e-05,False,0.4999898672103882,0.21217538219942955,2_0_2_2,12.73686507,0.51522735,2.086959448,1.546783166,Si1,PU,combo_001,36,425.8682655,505.3798842,-0.000309272,0.047937102,1208.287565,124.0,87.5,,,19.70116847788941,1.0752585859505028,422.1089917465377
1,1,1,False,0.9331222772598267,0.06687772274017334,False,0.43312227725982666,0.07799793572685111,3_0_3_3,14.19757507,0.784718346,2.629447057,2.368650868,Si1,PU,combo_001,37,425.4487736,834.7074491,0.001728948,0.037691056,1293.451234,170.000001,92.3,,,33.62909851305066,2.0633753454636077,424.49152979643975
0,0,0,False,0.005819796584546566,0.9941802034154534,False,0.49418020341545343,0.27984384625712955,2_2_2_1,12.47270295,1.83224038,2.342103965,1.453123973,Si1,PU,combo_001,38,349.6349529,263.4500318,0.001513338,0.055292749,975.3129773,222.4,91.0,,,18.124383664752823,4.2912974588311075,350.99348768578375
1,1,1,False,0.9999998211860657,1.7881393432617188e-07,False,0.4999998211860657,0.2795778058578261,0_0_0_0,9.471366336,0.560851252,1.569097242,0.522783824,Si1,PU,combo_001,39,370.9607249,578.890237,0.000227634,0.047575558,1011.693879,98.000001,75.6,,,4.951477111638949,0.8800301526854469,372.12956385285963
1,1,1,False,0.9999065399169922,9.34600830078125e-05,False,0.4999065399169922,0.21876900238349464,3_0_1_3,15.91493419,0.666482501,1.834361701,2.076364175,Si1,PU,combo_001,40,452.6783854,801.2857252,-0.000388723,0.043925727,1435.883939,173.000001,99.6,,,33.04519919959865,1.222569974221094,458.4248227609999
0,0,0,False,0.03649500757455826,0.9635049924254417,False,0.46350499242544174,0.15417322635748348,0_1_3_2,9.79563474,1.236096836,2.995137414,1.599804221,Si1,PU,combo_001,41,341.8140585,282.0191344,0.001650185,0.055331668,893.8991446,190.5,78.8,,,15.671097804426239,3.702279880830622,341.1270434350663
1,1,1,False,0.9999996423721313,3.5762786865234375e-07,False,0.49999964237213135,0.03731328257816665,0_0_0_3,8.458299304,0.587280037,1.156297886,2.47490185,Si1,PU,combo_001,42,407.0448488,540.0458014,0.000202308,0.006271533,949.1164383,78.000001,63.9,,,20.933460595323314,0.6790706652731017,377.8266823710089
1,1,1,False,0.9999803304672241,1.9669532775878906e-05,False,0.4999803304672241,0.25577336565901393,0_0_0_1,8.769077072,0.973645182,1.122690056,1.155854016,Si1,PU,combo_001,43,351.1037684,843.7232211,-0.011974389,0.042225477,886.9552921,105.000001,68.3,,,10.135772950284721,1.0931017639037102,349.6965626015041
0,0,0,False,0.001445906818844378,0.9985540931811556,False,0.4985540931811556,0.20881572933226727,3_3_1_2,14.11097311,2.255763284,1.68575654,1.91992554,Si1,PU,combo_001,44,357.9605233,258.4167191,-0.000343624,0.05523994,1036.638144,245.1,98.8,,,27.092017668142226,3.8026677086948775,358.4601303403345
0,0,0,False,0.002967172535136342,0.9970328274648637,False,0.49703282746486366,0.14698482150117445,3_1_3_1,14.77787692,1.13602359,2.964930191,1.476564894,Si1,PU,combo_001,45,406.3031061,277.2696752,-0.000360297,0.055132572,1242.490328,233.3,98.6,,,21.820494267924847,3.3682306396792057,406.6274071346111
0,0,0,False,0.001981418812647462,0.9980185811873525,False,0.49801858118735254,0.3206393058020357,1_3_3_2,10.4507631,2.037060751,2.785120777,1.847508326,Si1,PU,combo_001,46,314.3302928,260.4008849,0.001260595,0.055230971,808.8010089,216.8,83.0,,,19.30787184030357,5.673460221621323,314.1818817781209
1,1,1,False,0.6303809881210327,0.3696190118789673,False,0.13038098812103271,0.06545490848082806,2_0_3_3,13.43030129,0.839720755,2.969632058,2.481108127,Si1,PU,combo_001,47,410.406597,560.3518301,-0.032987358,0.031680928,1205.811017,210.000001,91.5,,,33.32202967867758,2.493661673815964,410.7447251670868
1,1,1,False,0.9986896514892578,0.0013103485107421875,False,0.4986896514892578,0.3029620903307971,0_0_1_2,8.056883314,0.508237078,1.845112362,1.827143649,Si1,PU,combo_001,48,362.8049189,551.8531792,0.001345904,0.044414832,927.4734069,94.000001,70.9,,,14.721083177909172,0.9377545154445582,371.40216538820493
1,1,1,False,0.9497102499008179,0.05028975009918213,False,0.44971024990081787,0.16210445619809413,3_0_2_1,15.85822607,0.602909739,2.433992627,1.030525901,Si1,PU,combo_001,49,448.1576114,557.7474919,0.005809586,0.045314773,1495.851653,176.000001,99.0,,,16.34231270904844,1.4674778594724942,446.3962949344622
0,0,1,True,0.6315626502037048,0.36843734979629517,False,0.13156265020370483,0.11781135592417989,2_1_2_2,13.56362331,1.086477729,2.095301205,1.956604525,Si1,PU,combo_001,50,405.3222588,283.296562,-0.000329941,0.055135062,1221.422603,219.2,91.8,,,26.538646743741477,2.2764980947793636,405.1774084011491
1,1,0,True,0.44413113594055176,0.5558688640594482,True,0.05586886405944824,0.03593724297678286,2_1_0_3,13.81225562,1.278013041,1.30677945,2.439894897,Si1,PU,combo_001,51,404.8669592,582.7382892,0.037313372,0.035968746,1167.300532,200.000001,88.0,,,33.70045200329757,1.6700811788108074,404.42486203275433
1,1,1,False,0.9893495440483093,0.010650455951690674,False,0.4893495440483093,0.1875238757740491,1_0_3_2,10.90292935,0.536393095,2.94662593,1.740716285,Si1,PU,combo_001,52,393.9597747,571.4287344,0.000263423,0.040303757,1080.733403,128.000001,82.2,,,18.978906673749467,1.5805498023999534,393.82138430216503
0,0,0,False,0.02823866903781891,0.9717613309621811,False,0.4717613309621811,0.14248315165866363,2_1_3_3,12.84982617,1.056834817,2.885198342,2.133366649,Si1,PU,combo_001,53,391.0113908,279.6127966,-0.000312096,0.055214417,1129.600885,216.5,89.1,,,27.413390596525407,3.049178061776273,392.8117116399528
0,0,0,False,0.001329108839854598,0.9986708911601454,False,0.4986708911601454,0.22329365062000056,2_2_1_0,13.71115831,1.516819076,1.760447543,0.736536948,Si1,PU,combo_001,54,378.8373835,274.1188644,-0.000333629,0.055107578,1154.274237,212.0,94.8,,,10.098774695192239,2.67028041551973,380.2265814907674
1,1,1,False,0.9643768072128296,0.03562319278717041,False,0.4643768072128296,0.12042457302289328,1_0_3_2,11.09739754,0.750470563,2.687772852,1.527912492,Si1,PU,combo_001,55,385.5942103,820.776171,0.029243065,0.037828185,1064.190059,149.000001,83.2,,,16.955852330056068,2.017094405456556,385.3407456043846
1,1,1,False,0.9996672868728638,0.00033271312713623047,False,0.49966728687286377,0.18325961839887914,0_0_2_0,8.99995617,0.911918424,2.298208866,0.889472575,Si1,PU,combo_001,56,354.334329,881.4019611,0.003669433,0.038636971,912.5437773,125.000001,74.6,,,8.005214189417039,2.095779007105547,350.0851669357104
0,0,0,False,0.004190316889435053,0.995809683110565,False,0.49580968311056495,0.2671247586437029,3_2_3_1,15.43470197,1.665994537,2.70817874,1.280896749,Si1,PU,combo_001,57,388.9437753,264.7160807,-0.002637023,0.055250378,1193.163062,242.9,104.4,,,19.770259575156896,4.511810986059544,390.83191575746235
0,0,0,False,0.02082192711532116,0.9791780728846788,False,0.47917807288467884,0.13616466931181706,2_1_3_1,12.59282279,1.349565683,2.726753058,1.342611595,Si1,PU,combo_001,58,372.2804676,272.1085661,-0.000305671,0.055260352,1060.517142,216.5,89.9,,,16.90726989163425,3.6799323530921084,370.22555986277183
0,0,0,False,0.002032327000051737,0.9979676729999483,False,0.49796767299994826,0.20571375921962567,0_3_0_3,8.532951007,2.310786502,1.541974489,2.301852257,Si1,PU,combo_001,59,284.0430047,254.8609789,0.000204174,0.055313456,688.5729696,184.1,82.3,,,19.641592534333373,3.5631738356095477,280.590739246165
0,0,0,False,1.287991017306922e-05,0.9999871200898269,False,0.49998712008982693,0.13432288323830174,1_3_2_3,11.83528426,2.184009165,2.17406533,2.413524809,Si1,PU,combo_001,60,330.6788225,257.3599222,0.002580589,0.055276282,883.6767459,229.6,88.9,,,28.564752183077207,4.748178606028749,331.17599808425365
0,0,0,False,0.0031788325868546963,0.9968211674131453,False,0.4968211674131453,0.05200120146866477,3_1_0_1,15.54531875,1.450385014,1.212317857,1.291704882,Si1,Si1,combo_002,1,406.8435491,277.5987245,0.000379483,0.055072776,1245.255627,229.6,95.5,Itr_1,,20.07996412162114,1.758327651997395,409.6166782498961
0,0,0,False,0.017288919538259506,0.9827110804617405,False,0.4827110804617405,0.05200120146866477,3_1_0_1,15.54644773,1.45309986,1.2033606,1.395243037,Si1,PU,combo_001,2,414.6673237,273.9235583,0.000379511,0.05507481,1257.002334,226.3,94.5,,,21.691072945366955,1.748603119389516,410.7814514810981
0,0,0,False,0.04478967562317848,0.9552103243768215,False,0.4552103243768215,0.13670456615824098,3_1_0_1,14.16200775,1.488784142,1.157777162,1.420451851,Si1,PU,combo_001,3,395.1831768,282.453787,0.002414302,0.05534202,1149.297106,209.4,90.0,,,20.116450122363844,1.723680278755365,394.90682881080556
1,1,1,False,0.946617603302002,0.05338239669799805,False,0.44661760330200195,0.09114950202361488,0_1_0_0,8.086292454,1.308219549,1.467327805,0.670358546,Si1,Si1,combo_002,4,318.7919878,989.5260725,-0.000579022,0.046128733,785.8114136,141.000001,73.1,,,5.420715251994213,1.9195869192922599,312.0773152223439
0,0,0,False,0.038861315697431564,0.9611386843025684,False,0.46113868430256844,0.10150652068877104,2_1_0_0,12.85289986,1.485869873,1.169436726,0.619592105,Si1,Si1,combo_002,5,370.3500109,280.2434562,0.000312173,0.05522118,1040.857641,196.5,86.1,,,7.963555279611605,1.7376307995431557,370.4810866084181
1,1,1,False,0.9969182014465332,0.003081798553466797,False,0.4969182014465332,0.09114950202361488,0_1_1_0,8.473601043,1.248477686,1.587833669,0.605567693,Si1,Si1,combo_002,6,321.7899592,533.8186259,0.00060807,0.04357835,815.407218,142.000001,74.3,,,5.131339035011904,1.9823749048260098,321.1627521924299
1,1,1,False,0.859606921672821,0.14039307832717896,False,0.35960692167282104,0.09105714226753979,0_1_0_0,9.846369757,1.440450919,1.239013635,0.702533181,Si1,Si1,combo_002,7,331.5178937,862.0830784,-0.005451213,0.043372693,873.9810357,151.000001,74.4,,,6.917401466687406,1.7847383291892809,332.78773557135526
0,0,0,False,0.020176580175757408,0.9798234198242426,False,0.4798234198242426,0.0885166882390135,2_1_0_0,13.16970418,1.472876761,1.191677773,0.804590912,Si1,Si1,combo_002,8,376.7092546,279.435545,-0.000320093,0.055277964,1064.199695,201.0,87.2,,,10.596224296956413,1.7551944984519334,376.50522020879123
0,0,0,False,0.011775149032473564,0.9882248509675264,False,0.48822485096752644,0.08502408961217173,2_2_0_0,13.79975398,1.491463044,1.155320337,0.735884826,Si1,Si1,combo_002,9,383.075107,281.4842217,-0.000335844,0.055289188,1109.313523,204.2,89.5,,,10.155029556415109,1.723117586617126,382.7724901013794
0,0,1,True,0.8793428540229797,0.12065714597702026,False,0.37934285402297974,0.09374232955556312,0_1_0_0,8.752161841,1.467544847,1.210559771,0.912920274,Si1,Si1,combo_002,10,313.6089676,284.3520239,0.000209654,0.055424328,791.1412561,161.3,70.1,,,7.990025985978064,1.7765507539165502,315.49105446491325
1,1,0,True,0.4419092535972595,0.5580907464027405,True,0.05809074640274048,0.07968987022537871,1_2_0_0,10.11422216,1.553123278,1.106329208,0.736713214,Si1,Si1,combo_002,11,330.9980509,895.3526074,0.010479337,0.037774353,868.5492916,168.000001,75.9,,,7.451281114603622,1.7182656460761039,330.49155857501165
1,1,0,True,0.30237823724746704,0.697621762752533,False,0.19762176275253296,0.05033156231766361,1_2_0_1,11.50600979,1.519278196,1.12111284,1.167976136,Si1,PU,combo_001,12,358.6823673,950.8795501,-0.023672521,0.037597534,971.2930595,180.000001,80.2,,,13.438744855302373,1.7032822930676368,358.24625415872083
1,1,1,False,0.933047890663147,0.06695210933685303,False,0.433047890663147,0.10903403769232214,1_1_0_0,10.42939501,1.336014985,1.420025805,0.716988638,Si1,Si1,combo_002,13,342.2103804,946.1754227,-0.000251585,0.040505185,938.9204532,169.000001,83.6,,,7.477757723383896,1.897175754566688,344.74794827652147
1,1,1,False,0.9127019643783569,0.08729803562164307,False,0.41270196437835693,0.10903403769232214,1_1_0_0,10.15596041,1.336325429,1.409532862,0.510206899,Si1,Si1,combo_002,14,338.4386137,573.1574563,-0.002202741,0.037446597,915.2220174,164.000001,82.5,,,5.181641067152869,1.8835946065017477,339.65758762601786
1,1,1,False,0.9463880658149719,0.053611934185028076,False,0.4463880658149719,0.14092498713007884,0_1_0_3,9.224567768,1.259515512,1.552298304,2.491545207,Si1,PU,combo_001,15,345.6014227,587.7676331,-0.00730832,0.041856743,873.2528888,148.000001,76.3,,,22.98342760900709,1.9551437931392914,345.7229092924385
1,1,1,False,0.9581143260002136,0.04188567399978638,False,0.4581143260002136,0.11417794730288353,1_1_1_3,10.04618612,1.204656137,1.681317953,2.36586938,Si1,PU,combo_001,16,357.2749129,574.559047,0.000242005,0.040414793,948.4531793,160.000001,81.0,,,23.767964127089005,2.0254099903297273,357.53286361590875
0,0,0,False,0.3100416660308838,0.6899583339691162,False,0.1899583339691162,0.08688232957669399,2_1_0_2,12.02893371,1.360571341,1.410126794,1.979542703,Si1,PU,combo_001,17,376.014388,279.7620881,-0.000291573,0.055157895,1067.275312,208.3,88.7,,,23.811787950501216,1.9185781030926108,375.50852675719835
0,0,0,False,0.00278903404250741,0.9972109659574926,False,0.4972109659574926,0.1649640760337748,3_1_1_1,15.98485026,1.228117004,1.695651661,1.343838083,Si1,Si1,combo_002,18,418.8180081,277.1807523,-0.000390471,0.055082988,1345.97628,254.0,105.5,,,21.481050530440452,2.082458637734944,420.6413908678153
1,1,1,False,0.9999960064888,3.993511199951172e-06,False,0.49999600648880005,0.30089791346756245,3_0_0_0,15.99677728,0.505277475,1.215799871,0.579764381,Si1,PU,combo_001,19,462.0132381,816.0161307,0.003516926,0.046501571,1489.949133,124.000001,90.6,,,9.274361677734065,0.6143162889242056,456.199667709725
0,0,0,False,0.006409042980521917,0.9935909570194781,False,0.4935909570194781,0.28636681287547416,3_2_1_1,15.78449336,1.818161506,1.722904732,1.382335307,Si1,PU,combo_001,20,392.4145507,265.0650809,0.000385462,0.05511782,1246.486432,249.9,105.3,,,21.819462474635063,3.1325190622276464,397.35409632116256
0,0,0,False,0.06298711895942688,0.9370128810405731,False,0.4370128810405731,0.04157489983290738,0_2_0_2,8.611426682,1.586287918,1.142178957,1.980463809,Si1,Si1,combo_002,1,310.4169969,277.4941367,0.000618407,0.055372191,760.0142628,161.7,70.6,Itr_2,,17.05461888755795,1.8118246796829416,309.1853764974744
0,0,1,True,0.8327623605728149,0.16723763942718506,False,0.33276236057281494,0.14933996071274153,2_0_3_0,12.65421167,0.922213549,2.885255584,0.594349469,Si1,PU,combo_001,2,388.4219569,283.8234718,0.001536027,0.055398477,1139.281548,197.4,87.6,,,7.521023986678103,2.6608217918927073,387.9065929327866
1,1,1,False,0.9442870020866394,0.055712997913360596,False,0.4442870020866394,0.16306099614168262,0_1_3_2,8.033139199,1.017509101,2.9245117,1.657762946,Si1,Si1,combo_002,3,328.088562,858.6612478,0.000191679,0.043894377,820.0672923,141.000001,72.0,,,13.317040504162321,2.9757172707309816,326.76852976228014
1,1,1,False,0.5319069623947144,0.46809303760528564,True,0.031906962394714355,0.1014276765101223,2_0_2_0,13.53521044,0.975158004,2.45834952,0.857210104,Si1,PU,combo_001,4,401.5007221,560.0153147,0.02666765,0.031935334,1210.748474,198.000001,91.0,,,11.602519148934286,2.3972792110575583,403.2955735671463
1,1,1,False,0.9492567181587219,0.050743281841278076,False,0.4492567181587219,0.11482815668219742,0_1_2_2,8.13332939,1.184250611,2.159547255,1.81290021,Si1,Si1,combo_002,5,324.5920355,801.2453659,0.00058255,0.042526132,805.3335474,148.000001,72.8,,,14.744914559130173,2.5574451562171228,324.58338649694485
0,0,0,False,0.16741427779197693,0.8325857222080231,False,0.33258572220802307,0.08009595663577851,1_0_3_1,11.08082413,0.959330752,2.876249383,1.319063545,Si1,Si1,combo_002,6,360.881098,283.8289777,0.000267871,0.055340662,999.6346551,198.8,83.6,,,14.61631115843934,2.759274483532926,361.0045397670479
1,1,1,False,0.8706009984016418,0.12939900159835815,False,0.37060099840164185,0.15417322635748348,0_1_3_2,9.264649103,1.003301051,2.850979997,1.584454642,Si1,Si1,combo_002,7,340.3354162,555.3193516,0.000222466,0.037596796,902.8306336,157.000001,75.7,,,14.679416277749487,2.860391227370077,341.5352968596669
0,0,0,False,0.3388752043247223,0.6611247956752777,False,0.1611247956752777,0.13067792363644784,1_1_0_3,10.00289377,1.365863857,1.491217076,2.239527467,Si1,Si1,combo_002,8,345.5326763,284.9538437,0.001686456,0.055215137,908.7941441,188.0,81.9,,,22.40175534739818,2.036799507049622,344.78321863690775
0,0,0,False,0.10299845039844513,0.8970015496015549,False,0.39700154960155487,0.0704613030299358,3_1_1_3,15.36293294,1.05248265,1.892838562,2.216401087,Si1,Si1,combo_002,9,423.5348944,282.5693936,0.000374923,0.055119397,1318.304183,252.4,101.4,,,34.050421267724104,1.9921797457559491,424.28610456608993
0,0,0,False,0.009259154088795185,0.9907408459112048,False,0.4907408459112048,0.04780145889435185,2_0_3_1,12.09476566,0.918064093,2.99090376,1.179573001,Si1,Si1,combo_002,10,374.9488423,280.0261797,-0.001466096,0.0553126,1054.072753,206.4,87.8,,,14.266659025957948,2.74584134767469,374.71217511705794
0,0,0,False,0.03699387237429619,0.9630061276257038,False,0.4630061276257038,0.11649544844274644,3_0_2_2,15.97660426,0.990469613,2.084873516,1.65341062,Si1,Si1,combo_002,11,428.6143517,276.6443803,-0.000390265,0.05506855,1360.702661,249.0,103.5,,,26.41588715502124,2.0650038645464694,429.47653202417916
0,0,0,False,0.20370380580425262,0.7962961941957474,False,0.2962961941957474,0.05967339488405854,1_1_0_2,10.87335827,1.48521741,1.210199363,1.720858471,Si1,Si1,combo_002,12,352.6206688,283.4211941,0.000262684,0.05533182,919.316375,189.0,78.8,,,18.711510687147406,1.7974091634985099,352.5002000343059
0,0,1,True,0.7405455708503723,0.2594544291496277,False,0.24054557085037231,0.15838381713027397,3_1_1_1,14.9658049,1.045432066,1.970217485,1.403471948,Si1,PU,combo_001,13,421.1995387,284.5415244,-0.000364995,0.055124625,1362.926145,230.9,98.8,,,21.004087356390944,2.0597285358128743,423.85709990598826
0,0,0,False,0.09869237244129181,0.9013076275587082,False,0.4013076275587082,0.08688232957669399,1_1_0_2,11.89134441,1.310356643,1.474922557,1.831767883,Si1,Si1,combo_002,14,372.1093429,280.3158885,-0.001440668,0.055410826,1051.174431,210.0,87.6,,,21.782182775929584,1.9326745704754962,373.71448752088924
1,1,1,False,0.7512844800949097,0.24871551990509033,False,0.25128448009490967,0.1361819273675073,3_0_2_3,15.91794723,0.957779805,2.284616635,2.397299451,Si1,PU,combo_001,15,434.6506361,521.6264921,-0.000388799,0.037713479,1410.504023,229.000001,100.3,,,38.16008615552597,2.188159675170056,435.95383089746605
0,0,0,False,0.08243046700954437,0.9175695329904556,False,0.4175695329904556,0.1512080212682009,2_0_3_0,13.93955585,0.975459004,2.939035355,0.507816395,Si1,PU,combo_001,16,401.1613099,282.8285203,-0.000339339,0.055236459,1210.926424,206.5,94.3,,,7.0787349996481606,2.8669085001090866,400.2327527615468
1,1,0,True,0.15715378522872925,0.8428462147712708,False,0.34284621477127075,0.050334995756575504,1_0_3_0,11.66372029,0.963934401,2.892410322,0.75588978,Si1,PU,combo_001,17,372.3804656,934.6603,0.002541987,0.055429414,1068.585718,187.5,85.0,,,8.816486963989636,2.788093811183287,372.9914675388926
1,1,1,False,0.7850720286369324,0.21492797136306763,False,0.2850720286369324,0.056807539615361904,0_1_3_3,9.953592006,1.048904121,2.662986041,2.469850011,Si1,PU,combo_001,18,359.0317,902.7628,-0.001677828,0.055314321,949.8326378,168.6,79.5,,,24.58387932550861,2.793217032570375,359.24977202377914
1,1,1,False,0.9994226694107056,0.0005773305892944336,False,0.49942266941070557,0.14511911672289052,0_0_0_0,8.172744691,0.524030106,1.188614013,0.736069728,Si1,Si1,combo_002,19,389.6045393,521.3323174,-0.000585506,0.00526955,931.7842166,75.000001,62.5,,,6.015709961717814,0.6228695272254754,358.04844993448177
0,0,0,False,0.0005418209475465119,0.9994581790524535,False,0.4994581790524535,0.24433280884111583,0_2_3_1,9.746510275,1.595207506,2.932021793,1.275352613,Si1,Si1,combo_002,20,313.4425515,271.3841689,-0.000703538,0.055422504,819.2718114,200.4,79.1,,,12.430237346852598,4.677183171949178,314.94987882980973
0,0,1,True,0.5530512928962708,0.44694870710372925,True,0.05305129289627075,0.05967339488405854,1_2_0_2,10.42070701,1.519686532,1.195453348,1.717895885,Si1,PU,combo_001,1,344.7377268,319.5508498,-0.001759574,0.055400453,901.1605721,173.8,75.8,Itr_3,case20 -> rom 매크로 수정 안된 채로 해석되어서 삭제처리,17.901689691269652,1.816714352589909,344.6742750068604
0,0,0,False,0.07169009745121002,0.92830990254879,False,0.42830990254879,0.07099941083471126,0_1_1_1,8.055424218,1.467319737,1.587444227,1.270641406,Si1,PU,combo_001,2,311.2749913,284.3429525,0.001345649,0.055431912,774.1623831,158.2,72.3,,,10.235555554285972,2.329288245663808,309.4816291142974
0,0,0,False,0.3073977828025818,0.6926022171974182,False,0.1926022171974182,0.15161831117455482,2_1_0_1,13.59199525,1.242046715,1.510642952,1.142046223,Si1,PU,combo_001,3,397.2790386,280.7758845,-0.00033065,0.05519395,1218.7076,212.4,94.2,,,15.52268683829644,1.8762891160695028,396.9291439386631
0,0,0,False,0.4016851782798767,0.5983148217201233,True,0.09831482172012329,0.10249869746732927,2_1_1_2,12.25625117,1.215651769,1.735923467,1.522205573,Si1,PU,combo_001,4,382.0075618,282.283363,-0.001486281,0.055394834,1117.403907,205.7,87.6,,,18.65653383506177,2.110278433507163,380.9862918667506
0,0,0,False,0.04041917994618416,0.9595808200538158,False,0.45958082005381584,0.09547549965042491,0_2_0_2,9.093542353,1.621408866,1.117046103,1.832265727,Si1,PU,combo_001,5,317.2188686,280.2716228,-0.000654566,0.055241751,791.7376091,162.3,72.2,,,16.661785990424836,1.811188455134949,317.5448209686355
0,0,0,False,0.4227880537509918,0.5772119462490082,True,0.07721194624900818,0.09434233942992533,0_2_0_3,9.36610741,1.509685664,1.304738746,2.255586688,Si1,PU,combo_001,6,333.2818112,283.5979493,0.002025025,0.055425338,840.5224692,173.7,80.4,,,21.12606719237416,1.9697453801015372,330.3655514474105
0,0,0,False,0.06170347332954407,0.9382965266704559,False,0.43829652667045593,0.04157489983290738,0_2_0_2,8.444111575,1.636686375,1.132331086,1.930296285,Si1,PU,combo_001,7,305.4915674,274.5400263,0.00222148,0.055417527,748.9973737,155.2,69.0,,,16.299637203348002,1.8532708604451533,306.88375631673733
0,0,0,False,0.30171820521354675,0.6982817947864532,False,0.19828179478645325,0.10249869746732927,2_1_1_2,12.51154189,1.15205949,1.906864408,1.56130795,Si1,PU,combo_001,8,387.3467801,282.6830228,0.001518193,0.055381108,1142.45982,207.3,88.5,,,19.534369819615026,2.196821237379632,387.936221359754
0,0,0,False,0.09928183257579803,0.900718167424202,False,0.40071816742420197,0.14624429217085674,3_1_1_0,14.59717798,1.171814397,1.60241721,0.675906947,Si1,PU,combo_001,9,409.966209,282.1178236,-0.00035578,0.055145022,1311.508184,212.9,98.2,,,9.866334003277426,1.8777355566785723,411.03312848244957
1,1,0,True,0.21454957127571106,0.7854504287242889,False,0.28545042872428894,0.07927849145615137,1_2_0_2,10.34399027,1.561396275,1.130514059,1.582396536,Si1,PU,combo_001,10,339.6169286,686.7543141,-0.007732942,0.035671314,886.7994994,170.000001,74.9,,,16.36829437166571,1.76518044055773,340.58912279656346
0,0,0,False,0.06408064067363739,0.9359193593263626,False,0.4359193593263626,0.07437702811063718,0_2_0_1,8.964757388,1.595153751,1.170572945,1.489517573,Si1,PU,combo_001,11,314.6722776,280.5377608,-0.000644907,0.055266032,788.6226728,161.6,71.7,,,13.353163667107582,1.8672438240358666,316.16236900177506
0,0,1,True,0.5786207914352417,0.4213792085647583,True,0.0786207914352417,0.13405741352376474,1_1_0_2,11.29556768,1.330656078,1.534009044,1.618646453,Si1,PU,combo_001,12,364.8096724,282.268103,0.002459153,0.055347164,1011.674977,200.0,86.5,,,18.28353055985344,2.04123845810557,363.75179695177746
0,0,0,False,0.02487926557660103,0.975120734423399,False,0.47512073442339897,0.06628222484907216,3_1_0_0,15.6918248,1.175302516,1.48124605,0.637135737,Si1,PU,combo_001,13,422.3069902,281.533415,-0.000383146,0.055336476,1391.581811,229.9,104.5,,,9.997822358822878,1.7409122093800617,422.090311620938
0,0,1,True,0.5978726148605347,0.40212738513946533,True,0.09787261486053467,0.13145809138747278,1_1_1_3,10.60895805,1.286467086,1.737465949,2.073143277,Si1,PU,combo_001,14,357.5419643,328.6705566,0.002304666,0.055405992,974.0081231,177.9,83.2,,,21.99389005733253,2.2351927564342544,359.32279970392665
1,1,1,False,0.8107928037643433,0.18920719623565674,False,0.31079280376434326,0.1602909453987195,3_0_3_2,15.97296741,0.838936285,2.871621313,1.670524645,Si1,PU,combo_001,15,433.6453679,557.6574572,-0.001950871,0.037066554,1403.325343,227.000001,99.9,,,26.68323571218682,2.409107316255042,435.8058223388312
1,1,1,False,0.7531959414482117,0.24680405855178833,False,0.25319594144821167,0.08320764893201112,2_0_3_1,13.99767871,0.918833763,2.695386398,1.351074969,Si1,PU,combo_001,16,411.5138018,537.5343143,-0.003067128,0.037146328,1245.098003,185.000001,94.1,,,18.91191332918521,2.476612026813356,411.6049248065273
0,0,0,False,0.13777092099189758,0.8622290790081024,False,0.3622290790081024,0.050724093600133136,1_1_2_3,11.69171969,1.10711204,2.243685465,2.386163796,Si1,PU,combo_001,17,379.7768035,282.3695033,0.001415715,0.055214871,1073.224583,206.3,85.3,,,27.898358237258343,2.4840111922744987,378.13982177397776
1,1,1,False,0.6873471140861511,0.3126528859138489,False,0.18734711408615112,0.08204045154131101,0_1_3_2,9.881964238,1.099430224,2.673421705,1.892218877,Si1,PU,combo_001,18,353.550196,879.9395417,0.001665293,0.028785779,938.9059654,178.000001,79.2,,,18.69883927298252,2.939240623974612,352.8053320162264
1,1,1,False,0.999525249004364,0.00047475099563598633,False,0.499525249004364,0.14511911672289052,0_0_0_1,8.077111528,0.512140297,1.153069751,1.02264498,Si1,PU,combo_001,19,434.8377633,557.8196782,0.000192778,-0.000192778,937.7557237,73.000001,62.4,,,8.260017557009329,0.590533484738856,364.963929005866
0,0,0,False,0.01795528084039688,0.9820447191596031,False,0.4820447191596031,0.04567657384074781,3_0_3_1,14.45130578,0.915320162,2.589303033,1.399563722,Si1,Si1,combo_002,1,408.1386641,283.1381244,-0.000352133,0.055216355,1230.282104,226.5,96.6,Itr_4,,20.22552330521691,2.3700412716326515,408.33284931405575
0,0,0,False,0.012470478191971779,0.9875295218080282,False,0.4875295218080282,0.04567657384074781,3_0_3_1,14.60882285,0.918763492,2.573233908,1.480165841,Si1,Si1,combo_002,2,410.2243113,282.7015683,0.000356071,0.055167429,1243.208089,231.6,97.2,,,21.623480559790266,2.3641933710468868,410.79641653696257
1,1,1,False,0.9280651807785034,0.07193481922149658,False,0.4280651807785034,0.041475874980903084,0_1_2_0,9.900176245,1.151306175,2.176379765,0.64676278,Si1,Si1,combo_002,3,339.134064,580.1009093,0.000238355,0.035038112,910.1034426,172.000001,78.9,,,6.403065510706162,2.505679462589549,339.08415527632116
1,1,1,False,0.9040514230728149,0.09594857692718506,False,0.40405142307281494,0.08872643833532359,1_1_2_0,10.09776407,1.161073593,2.057503871,0.971938552,Si1,Si1,combo_002,4,343.854022,907.5644526,0.000243294,0.039170334,932.5873163,168.000001,80.9,,,9.814406188633427,2.3889134121133786,344.03945649162506
1,1,1,False,0.8975675702095032,0.10243242979049683,False,0.3975675702095032,0.13708840838811084,0_1_2_0,8.708921383,1.217888925,2.202329544,0.724420579,Si1,Si1,combo_002,5,321.563582,941.1321635,0.008134347,0.041923173,836.9635358,155.000001,74.3,,,6.308921870738341,2.6821927608379,322.77663682657453
1,1,1,False,0.5560232400894165,0.4439767599105835,True,0.056023240089416504,0.15027577929686894,0_1_2_1,8.648994566,1.206118421,2.450512006,1.118300977,Si1,Si1,combo_002,6,323.0028969,956.5920886,0.000207075,0.041207875,834.7872083,165.000001,74.1,,,9.672179073225493,2.9556076713182624,323.5044406830245
1,1,1,False,0.8821086883544922,0.11789131164550781,False,0.3821086883544922,0.06884440428713781,0_1_2_0,9.648561387,1.138743125,2.387552949,0.545372157,Si1,Si1,combo_002,7,334.4364054,954.2245363,-0.005337472,0.028543872,900.6300665,174.000001,77.9,,,5.262056735575102,2.7188095062472253,333.9577941468856
0,0,0,False,0.28285396099090576,0.7171460390090942,False,0.21714603900909424,0.07437702811063718,0_2_0_1,8.529271464,1.513040413,1.114374079,1.483803178,Si1,Si1,combo_002,8,311.5200748,279.9546561,0.000612245,0.055301036,762.2272419,158.4,69.7,,,12.655760104307914,1.6860930167266546,308.8335451196048
0,0,0,False,0.023730164393782616,0.9762698356062174,False,0.4762698356062174,0.1120885818651116,2_0_3_2,13.38759806,0.910701055,2.653438927,1.579153058,Si1,Si1,combo_002,9,397.1443206,281.1702632,-0.00032554,0.055420896,1155.942836,218.1,92.6,,,21.141066415723866,2.416489630196968,396.9720909314377
1,1,1,False,0.8248708844184875,0.17512911558151245,False,0.32487088441848755,0.08218687882808753,1_1_2_0,10.11914979,1.128601713,2.219883545,0.937430176,Si1,Si1,combo_002,10,344.2891161,528.6447161,0.002194459,0.032429224,931.4072318,173.000001,80.1,,,9.485996368610063,2.5053643715475125,344.8463514847098
0,0,0,False,0.01463678665459156,0.9853632133454084,False,0.48536321334540844,0.15551495707051954,2_0_3_0,13.58201215,0.891824261,2.729308988,0.948355402,Si1,Si1,combo_002,11,397.6521512,282.5292595,-0.0003304,0.055173221,1165.643594,213.3,93.3,,,12.880574592482136,2.434063971263758,396.1216495675922
0,0,0,False,0.1665765345096588,0.8334234654903412,False,0.3334234654903412,0.10505233647809123,1_1_3_1,10.50618204,1.055547156,2.549243282,1.238344895,Si1,Si1,combo_002,12,351.3714815,284.9724693,0.002281541,0.055381991,954.25205,193.4,81.9,,,13.010276895174686,2.690846496267206,351.93687149950466
1,1,1,False,0.8752478361129761,0.12475216388702393,False,0.3752478361129761,0.15982494264195365,1_1_1_0,10.4234577,1.189513712,1.853287317,0.551771248,Si1,Si1,combo_002,13,344.4608266,569.1711704,0.005280167,0.03595542,944.5481418,171.000001,82.0,,,5.751364263604209,2.2045106758471906,344.2966781213563
0,0,0,False,0.15437518060207367,0.8456248193979263,False,0.34562481939792633,0.08525659652591297,2_0_2_0,12.03263349,0.993864099,2.429992263,0.668172287,Si1,Si1,combo_002,14,372.2522275,280.826679,0.001458329,0.055166588,1066.157842,197.9,87.0,,,8.039872237646092,2.4150820710434657,371.5726608907104
0,0,1,True,0.5349435210227966,0.46505647897720337,True,0.03494352102279663,0.14475226061782548,3_1_0_3,15.9857585,1.203872808,1.193499477,2.47515984,Si1,Si1,combo_002,15,434.7637791,276.9403966,-0.000390494,0.05508458,1330.59688,234.2,97.0,,,39.56730745113864,1.4368215667225215,428.20645304214764
1,1,1,False,0.6032030582427979,0.39679694175720215,False,0.10320305824279785,0.06134158936717201,2_1_1_3,13.99466797,1.154759959,1.644252038,2.038116494,Si1,PU,combo_001,16,409.9947431,545.9784253,0.028960924,0.033049525,1265.885888,212.000001,95.4,,,28.5227636177105,1.8987164159865464,409.98984154673224
0,0,0,False,0.20839551091194153,0.7916044890880585,False,0.29160448908805847,0.14020055905699216,1_0_3_2,11.96451925,0.977477138,2.877955673,1.662897407,Si1,PU,combo_001,17,382.6934564,283.2278577,0.000289963,0.055296483,1089.018866,205.2,85.8,,,19.895768036826585,2.813135874534904,382.3761024340942
1,1,1,False,0.6325721740722656,0.3674278259277344,False,0.13257217407226562,0.08332986570913122,0_1_2_3,9.968981313,1.213228216,2.082808829,2.492800012,Si1,PU,combo_001,18,354.0420311,971.0765389,0.001200373,0.037691697,937.4743389,172.000001,80.2,,,24.850676736674178,2.5269224398767194,354.88624055200785
1,1,1,False,0.9277447462081909,0.07225525379180908,False,0.4277447462081909,0.041475874980903084,0_1_2_0,9.821372038,1.172347049,2.135138829,0.582221447,Si1,Si1,combo_002,19,336.459166,578.4148775,0.000236384,0.037112327,904.7872848,165.000001,78.6,,,5.718213439489699,2.503123705383466,336.90291580793314
1,1,1,False,0.5582901239395142,0.44170987606048584,True,0.05829012393951416,0.1220597314709077,0_1_1_0,9.658321629,1.3448167,1.66062974,0.964675544,Si1,PU,combo_001,20,336.5611044,518.2426137,0.000232308,0.043906212,896.8577577,155.000001,80.2,,,9.31714667158254,2.233242606868658,336.39413166601577
0,0,0,False,0.48897403478622437,0.5110259652137756,True,0.011025965213775635,0.05659481973799337,2_1_1_0,12.03882215,1.124473455,2.015579815,0.544372891,Si1,PU,combo_001,1,374.9283524,284.0620909,-0.000291821,0.055181132,1110.997404,193.7,85.8,Itr_5,,6.553608418030335,2.266465998401311,373.4283272793207
1,1,0,True,0.38943183422088623,0.6105681657791138,False,0.11056816577911377,0.12014366426816994,1_1_2_0,11.43013014,1.114888706,2.261158985,0.579141747,Si1,PU,combo_001,2,363.8988415,903.7484,0.01189394,0.02959655,1051.22116,192.0,84.1,,,6.619665537716954,2.520940614846923,364.66763220828324
0,0,1,True,0.5118483304977417,0.4881516695022583,True,0.0118483304977417,0.09771467629988163,0_2_0_0,8.913048729,1.551780237,1.182620567,0.50396045,Si1,PU,combo_001,3,311.0863501,282.7727655,0.001068381,0.055314236,790.8323914,160.4,71.1,,,4.491824048338768,1.8351672237403345,311.23740895683284
0,0,1,True,0.6060066819190979,0.3939933180809021,False,0.1060066819190979,0.18479381785439739,1_1_2_1,11.97090622,1.067822651,2.205648366,1.183619162,Si1,PU,combo_001,4,380.2583755,284.8876553,-0.001450613,0.055311652,1106.716753,198.8,85.8,,,14.168993988496988,2.3552412853559384,380.6470703019576
0,0,0,False,0.1507735550403595,0.8492264449596405,False,0.3492264449596405,0.09374232955556312,0_2_0_0,9.180279841,1.566330371,1.101986336,0.942498924,Si1,PU,combo_001,5,317.9625796,283.7836734,-0.000661071,0.055294625,806.0912789,161.5,72.1,,,8.652403872161392,1.7260746665038107,316.80725286610334
0,0,1,True,0.7891042232513428,0.21089577674865723,False,0.2891042232513428,0.08525659652591297,2_1_2_0,12.30884734,1.000491549,2.479087253,0.815113543,Si1,PU,combo_001,6,384.213685,283.5529252,0.001492856,0.055218549,1127.77322,198.9,87.1,,,10.033108165553527,2.4803058458601246,383.40135438899716
0,0,0,False,0.1235157698392868,0.8764842301607132,False,0.3764842301607132,0.10767944375917168,1_0_3_3,11.46218297,0.939764217,2.979647604,2.404168149,Si1,PU,combo_001,7,379.37083,284.3519708,0.001387023,0.055213053,1066.190154,204.8,83.9,,,27.557015214484228,2.8001661975089864,379.3292731287775
0,0,0,False,0.3719329833984375,0.6280670166015625,False,0.1280670166015625,0.12593498177602383,1_1_3_1,11.50539229,1.029614874,2.534272148,1.227559433,Si1,PU,combo_001,8,374.0003201,284.5108889,0.001392424,0.055319995,1061.538707,198.0,84.1,,,14.12355283595497,2.6093242983447293,373.83090096194053
1,1,1,False,0.6338143348693848,0.36618566513061523,False,0.13381433486938477,0.09771467629988163,0_1_0_0,8.343391202,1.466429671,1.269276384,0.5519769,Si1,PU,combo_001,9,311.1324763,618.4117366,-0.000199435,0.04407508,786.2336651,148.000001,72.3,,,4.605359211167233,1.8613045501971899,309.31418503469314
0,0,1,True,0.5603421330451965,0.43965786695480347,True,0.06034213304519653,0.05007171795880877,3_1_1_3,15.19943197,1.112263266,1.806846237,2.296532992,Si1,PU,combo_001,10,424.0609228,284.3463659,0.000370836,0.055191846,1364.023185,246.2,98.8,,,34.90599697876455,2.00968869672543,424.8771267136108
0,0,0,False,0.1818457543849945,0.8181542456150055,False,0.3181542456150055,0.05160719273332825,0_2_0_1,8.904539842,1.50507795,1.118165676,1.220872911,Si1,PU,combo_001,11,318.2714434,284.0776199,0.000213464,0.055286792,796.9099811,157.3,71.0,,,10.87131147801802,1.6829265033944443,317.90346437411694
0,0,1,True,0.6907464265823364,0.3092535734176636,False,0.19074642658233643,0.1477686570066252,3_1_2_3,14.59148135,1.002475245,2.446538666,2.093411607,Si1,PU,combo_001,12,419.111486,284.5845954,0.000355637,0.055134049,1285.116186,236.9,96.9,,,30.545976421414032,2.452594448600323,418.9165082489262
0,0,0,False,0.2224726378917694,0.7775273621082306,False,0.2775273621082306,0.08762719105084019,0_1_3_3,9.433376644,1.125333942,2.728304454,2.088797935,Si1,Si1,combo_002,13,340.1415726,316.668974,0.000226685,0.04329674,894.0838903,177.6,76.7,,,19.704417654064432,3.0702536061959775,339.9376649682626
0,0,1,True,0.8051775097846985,0.1948224902153015,False,0.3051775097846985,0.10167435808614676,0_1_0_0,8.080901898,1.44711893,1.158711716,0.704050247,Si1,PU,combo_001,14,306.0849239,281.026656,0.000192873,0.055330768,752.8775881,144.6,68.2,,,5.6893609772696685,1.6767936586363839,307.80759164753897
1,1,1,False,0.9836970567703247,0.016302943229675293,False,0.4836970567703247,0.13835784080217345,3_1_0_2,15.94533773,1.016142564,1.12429307,1.763414489,Si1,Si1,combo_002,15,435.8663527,632.6739325,-0.005063286,0.042453702,1375.465016,172.000001,96.2,,,28.11823958508037,1.1424420428372315,439.7993010221265
1,1,1,False,0.5383402705192566,0.4616597294807434,True,0.03834027051925659,0.05070678762967066,2_1_2_3,13.9319673,1.049997399,2.181545924,2.226610357,Si1,PU,combo_001,16,411.2173031,611.6297869,-0.023401298,0.030862582,1253.267641,206.000001,93.0,,,31.02106268356533,2.2906175459990514,411.28686821165144
0,0,0,False,0.23467576503753662,0.7653242349624634,False,0.2653242349624634,0.05080558801542252,1_0_1_3,11.87373144,0.994706936,2.015208437,2.454258806,Si1,Si1,combo_002,17,384.4798323,283.5410884,-0.001438466,0.055368554,1083.083671,211.1,86.4,,,29.14120994669906,2.004541809769619,383.79229522285954
1,1,1,False,0.5392165780067444,0.4607834219932556,True,0.039216578006744385,0.12999833079651132,0_1_2_3,9.989821187,1.237723701,2.24724414,2.023632105,Si1,PU,combo_001,18,349.8204229,672.9946091,-0.000240596,0.033442775,930.0774311,178.000001,80.1,,,20.215722877222408,2.781467334011362,350.45251687129115
1,1,1,False,0.9999998211860657,1.7881393432617188e-07,False,0.4999998211860657,0.12529666370359052,0_0_0_2,8.014357747,0.539256138,1.149211025,1.906145509,Si1,Si1,combo_002,19,458.1224741,676.9343431,0.000191209,0.002103299,917.9595635,76.000001,62.4,,,15.276532026963407,0.6197190990885215,363.2648415876573
0,0,0,False,0.0008686922374181449,0.9991313077625819,False,0.49913130776258186,0.2681611489327263,1_3_0_1,11.19234946,2.025815508,1.279962183,1.042017215,Si1,PU,combo_001,20,325.599937,269.4431705,0.000270659,0.055357193,859.3262648,196.1,80.3,,,11.662620813615955,2.592967239974934,326.7705921409281
0,0,0,False,0.10502927005290985,0.8949707299470901,False,0.39497072994709015,0.07833603360879897,1_2_0_0,10.51252552,1.623057067,1.327445982,0.666895059,Si1,PU,combo_001,1,331.4010114,281.0490288,0.002282969,0.055399294,905.6374982,187.7,84.7,Itr_6,,7.010751326899406,2.154520582145855,332.01842869229307
1,1,0,True,0.09704619646072388,0.9029538035392761,False,0.4029538035392761,0.13494439823147744,1_2_0_1,10.24979304,1.555388792,1.243939082,1.238341693,Si1,PU,combo_001,2,336.4529201,834.1571,0.010130885,0.036322928,884.0263962,174.000001,75.2,,,12.692746066053216,1.934808906073569,336.6049152876656
1,1,1,False,0.6687306761741638,0.3312693238258362,False,0.16873067617416382,0.1120885818651116,2_0_2_2,13.5566024,0.988948534,2.466286287,1.519676309,Si1,PU,combo_001,3,405.7873114,547.7456011,-0.037922975,0.031327675,1216.629005,217.000001,92.5,,,20.60164749781254,2.4390302079529533,405.5687680332287
1,1,1,False,0.6139568090438843,0.3860431909561157,False,0.11395680904388428,0.1014276765101223,2_1_2_1,13.74830467,1.001804977,2.369301122,1.026962517,Si1,PU,combo_001,4,405.2674666,523.1240515,-0.032452078,0.032452078,1229.26822,208.000001,93.5,,,14.118993568386054,2.373577656031284,406.1793328481561
1,1,1,False,0.7250223159790039,0.2749776840209961,False,0.2250223159790039,0.15213374234417804,0_1_1_3,8.268105557,1.246524879,1.937945696,2.381885019,Si1,Si1,combo_002,5,326.6346181,852.8437483,0.000592658,0.040103208,806.0019386,169.000001,73.3,,,19.69367676172895,2.415697524214971,327.0627416828912
0,0,0,False,0.08349039405584335,0.9165096059441566,False,0.41650960594415665,0.07833603360879897,1_2_0_0,11.0866684,1.577189286,1.335943319,0.708844733,Si1,PU,combo_001,6,342.8530467,278.9455385,-0.000268017,0.055355725,947.6333682,193.8,87.5,,,7.858726501857537,2.1070354894300807,342.5754181375481
1,1,1,False,0.6168254017829895,0.3831745982170105,False,0.1168254017829895,0.13360424724766254,0_1_1_3,8.25461398,1.332088622,1.589094113,2.181028636,Si1,PU,combo_001,7,325.7565774,538.6792303,0.002169368,0.042795709,805.6328373,145.000001,72.8,,,18.003549469505934,2.1168141872144823,327.17339083744815
1,1,0,True,0.3932711184024811,0.6067288815975189,False,0.10672888159751892,0.05152603014251455,3_1_2_0,14.23314983,1.007623431,2.19830984,0.753267796,Si1,PU,combo_001,8,408.6051943,558.8258497,0.000346679,0.035707911,1276.286553,188.000001,93.8,,,10.721373402581875,2.215068503381861,411.0929031778426
0,0,0,False,0.09779716283082962,0.9022028371691704,False,0.4022028371691704,0.087241477019764,0_2_0_0,9.744257716,1.62249221,1.156329232,0.617098996,Si1,PU,combo_001,9,320.4567999,283.7133084,0.002110109,0.055415867,835.472317,168.1,73.2,,,6.013171653308853,1.876135171115283,320.3152736570815
0,0,0,False,0.08770070970058441,0.9122992902994156,False,0.4122992902994156,0.12434533265881262,0_1_0_1,9.962319947,1.480429834,1.492448936,1.044297835,Si1,PU,combo_001,10,335.5468833,284.4784564,-0.000719724,0.05533942,896.0495845,182.1,81.7,,,10.403629152229415,2.2094659305759565,333.9237552211898
1,1,1,False,0.8471288681030273,0.15287113189697266,False,0.34712886810302734,0.11608968840424563,3_0_2_1,14.66762934,0.98113128,2.248799582,1.335221493,Si1,PU,combo_001,11,418.9365375,656.2312118,-0.00464803,0.030390964,1313.166345,209.000001,95.4,,,19.584533946125404,2.206367612351125,420.88594805124967
0,0,0,False,0.49369215965270996,0.50630784034729,True,0.006307840347290039,0.11074901430091261,0_2_0_0,9.511881013,1.512343463,1.362870891,0.527751454,Si1,Si1,combo_002,12,322.1636686,284.0944279,-0.001600529,0.055416287,844.7702513,180.0,81.3,,,5.019909034885743,2.0611288829168357,318.4494147065424
0,0,1,True,0.8368231654167175,0.16317683458328247,False,0.33682316541671753,0.08948677007088017,3_1_0_2,15.98158308,1.187326118,1.207313101,1.962283103,Si1,PU,combo_001,13,430.888746,281.752425,-0.00039039,0.055077265,1348.501327,231.6,95.7,,,31.3603904370747,1.433474377420872,430.95727861670116
0,0,0,False,0.23787632584571838,0.7621236741542816,False,0.2621236741542816,0.10854704009289173,2_0_2_3,13.94250716,0.961701172,2.241094065,2.456377205,Si1,Si1,combo_002,14,408.4998075,284.0261224,-0.000339413,0.055242433,1208.536545,230.7,94.9,,,34.24805676837329,2.1552627888727445,408.6824988083519
1,1,1,False,0.8966304063796997,0.10336959362030029,False,0.3966304063796997,0.10512209938561412,1_1_0_3,11.98138737,1.07031997,1.531637045,2.487444336,Si1,Si1,combo_002,15,387.3913744,870.1364,-0.01539039,0.04442886,1111.268,214.0,87.4,,,29.803034150928436,1.6393417160552886,386.3303877363677
0,0,0,False,0.2622256278991699,0.7377743721008301,False,0.23777437210083008,0.07105603450091857,0_0_3_3,9.973421096,0.944506627,2.928297126,2.478759423,Si1,Si1,combo_002,16,354.9811372,284.9215153,0.00216167,0.055371333,930.7750284,190.6,79.4,,,24.721711521256985,2.7657960413320537,354.36185505819384
0,0,0,False,0.21387048065662384,0.7861295193433762,False,0.28612951934337616,0.056807539615361904,0_1_3_3,9.849331779,1.043002734,2.560076803,2.491291927,Si1,Si1,combo_002,17,351.3845548,315.0704531,-0.000237083,0.046231234,920.8615755,183.6,78.7,,,24.537560747367245,2.6701671047789794,351.5150180765911
0,0,1,True,0.5378124713897705,0.4621875286102295,True,0.03781247138977051,0.05033156231766361,1_2_0_1,11.178827,1.549786974,1.114944267,1.217671014,Si1,PU,combo_001,18,353.0944028,282.8830769,0.000270321,0.055322717,943.523056,184.6,78.9,,,13.612133608420578,1.7279261017325782,351.69355657079797
1,1,0,True,0.3811410367488861,0.6188589632511139,False,0.11885896325111389,0.05016553278084961,3_1_2_3,14.12974066,1.066220666,2.104525158,2.194927523,Si1,PU,combo_001,19,414.1818127,608.8895512,-0.011355086,0.029247948,1266.611,206.000001,93.8,,,31.013756667486184,2.243888215576515,413.2721669589548
1,1,1,False,0.9999998807907104,1.1920928955078125e-07,False,0.49999988079071045,0.12529666370359052,0_0_0_3,8.012492482,0.507165801,1.258800718,2.126281011,Si1,PU,combo_001,20,363.5910252,576.2690931,-0.000191162,0.050275672,913.8094743,92.000001,70.5,,,17.03681061525686,0.6384206744438451,374.6041635184486
1,1,1,False,0.9953951835632324,0.004604816436767578,False,0.4953951835632324,0.17054728711091177,3_1_0_1,14.01649629,1.07770962,1.153703225,1.463003868,Si1,PU,combo_001,21,415.7948189,819.9859233,0.016039338,0.037880138,1222.519989,153.000001,87.8,,,20.50618828807765,1.2433570642075247,416.7041594749096
0,0,0,False,0.2667650282382965,0.7332349717617035,False,0.2332349717617035,0.0,1_1_3_1,10.7259286,1.053354999,2.838396469,1.233265381,Si1,PU,combo_001,1,360.2338732,284.8967852,0.002330984,0.055203815,991.777179,193.2,82.3,Itr_7,,13.227916421457797,2.9898391097650987,360.2344681347669
0,0,0,False,0.4738207459449768,0.5261792540550232,True,0.026179254055023193,0.0,1_1_2_0,10.58497393,1.203193646,2.303839371,0.928335897,Si1,PU,combo_001,2,351.8519299,320.8520094,0.002299268,0.055341219,964.4070009,186.0,82.3,,,9.826411268028165,2.7719648925918365,351.8508646595755
0,0,0,False,0.06123747304081917,0.9387625269591808,False,0.43876252695918083,0.0,0_1_2_0,8.915445738,1.416715016,2.439425496,0.814823221,Si1,PU,combo_001,3,318.9446982,283.4693717,0.000213736,0.055321976,825.8973772,176.8,75.0,,,7.264512212887883,3.455970730596448,318.76197994687186
1,1,0,True,0.2390514612197876,0.7609485387802124,False,0.2609485387802124,0.0,1_1_2_1,10.47135777,1.172157031,2.41710613,1.343814337,Si1,PU,combo_001,4,353.8265793,612.6093,0.000757902,0.02652657,967.0293795,181.0,81.8,,,14.071560699182347,2.8332279449527,354.3620010393095
0,0,0,False,0.05663102865219116,0.9433689713478088,False,0.44336897134780884,0.0,0_1_3_0,8.779365057,1.408685599,2.627502445,0.902708195,Si1,PU,combo_001,5,317.7100288,282.4770477,0.000210334,0.055303787,819.8983228,177.0,74.5,,,7.925204783850542,3.7013248556087897,317.58743540429464
0,0,0,False,0.07029260694980621,0.9297073930501938,False,0.4297073930501938,0.0,0_1_3_0,8.505471178,1.428222781,2.621745598,0.769417225,Si1,PU,combo_001,6,312.428644,282.6727073,0.000203487,0.055424198,801.2501676,173.4,73.8,,,6.544256031094242,3.7444367890500683,312.42979074620604
0,0,0,False,0.13814429938793182,0.8618557006120682,False,0.3618557006120682,0.0,0_1_2_1,8.515256571,1.434159964,2.27258893,1.072107471,Si1,PU,combo_001,7,316.0028412,283.0586195,0.000203732,0.055457484,798.4599287,171.9,73.8,,,9.129270187250942,3.2592560580355983,316.0049724389366
1,1,0,True,0.46757298707962036,0.5324270129203796,True,0.03242701292037964,0.0,0_1_1_2,8.878318252,1.329234301,1.792260656,1.599449391,Si1,Si1,combo_002,8,327.2003173,588.7012144,0.000212808,0.041923176,835.5482686,174.000001,75.5,,,14.200420721265585,2.3823343402879615,328.81336478521854
0,0,0,False,0.16033931076526642,0.8396606892347336,False,0.3396606892347336,0.0,3_0_3_3,15.02318617,0.980430757,2.595102463,2.363776672,Si1,PU,combo_001,9,423.6334708,283.8761508,0.00036643,0.055232231,1313.006201,247.8,98.4,,,35.51145700775903,2.5443182722916546,423.6319887740658
1,1,1,False,0.6264358758926392,0.37356412410736084,False,0.12643587589263916,0.0,3_1_2_3,15.26823416,1.037588939,2.08035474,2.132568155,Si1,PU,combo_001,10,425.3453274,823.0395492,0.005588336,0.02719657,1357.275412,226.000001,98.3,,,32.560549952699176,2.158553067420221,427.7785846395565
1,1,1,False,0.7074350118637085,0.2925649881362915,False,0.2074350118637085,0.0,2_1_0_1,13.55547571,1.222507141,1.225656791,1.180724894,Si1,Si1,combo_002,11,397.18294,819.1930564,0.047811865,0.035941333,1146.234909,204.000001,87.9,,,16.005287620809323,1.4983741794126444,396.92212090992075
0,0,1,True,0.6771477460861206,0.3228522539138794,False,0.1771477460861206,0.0,2_1_0_2,13.32329935,1.121678322,1.504883555,1.589377483,Si1,Si1,combo_002,12,398.2473763,284.6857766,-0.000323932,0.05528426,1204.491747,216.2,92.8,,,21.175751986158534,1.6879952607777946,398.2478793399388
0,0,0,False,0.10420763492584229,0.8957923650741577,False,0.3957923650741577,0.0,3_0_1_0,15.96007833,0.943168992,1.678329184,0.512505813,Si1,Si1,combo_002,13,426.5300513,281.0729357,-0.000389852,0.05503964,1402.0402,234.1,102.3,,,8.179632920060332,1.5829480447174626,426.53223679379005
1,1,0,True,0.42041102051734924,0.5795889794826508,True,0.07958897948265076,0.0,2_0_3_2,13.97991519,0.960052693,2.875245206,1.842322884,Si1,PU,combo_001,14,410.1406866,829.2875357,-0.035055844,0.029610276,1226.467227,218.000001,94.3,,,25.75551767091621,2.76038690305564,408.95920637154796
0,0,0,False,0.18849079310894012,0.8115092068910599,False,0.3115092068910599,0.0,1_0_3_3,11.92889038,0.795902742,2.825672635,2.335557432,Si1,Si1,combo_002,15,384.979147,282.7719893,0.000289072,0.055211864,1071.837244,209.1,84.9,,,27.860608582522303,2.248960598190865,385.389319628392
0,0,0,False,0.1454414427280426,0.8545585572719574,False,0.3545585572719574,0.0,0_1_2_3,9.984331748,1.216312983,2.517324343,2.300818584,Si1,PU,combo_001,16,351.0946793,284.0806876,-0.001683208,0.055402699,927.4231178,189.9,80.2,,,22.972136034619606,3.061854280812845,351.092293981607
0,0,0,False,0.31366100907325745,0.6863389909267426,False,0.18633899092674255,0.0,3_1_1_3,15.15484558,1.133281752,1.77851066,2.203942285,Si1,PU,combo_001,17,423.0338207,283.4984613,0.000369721,0.055109373,1362.220423,244.9,100.7,,,33.40040499640735,2.0155536767154763,422.9606614110477
0,0,0,False,0.14139629900455475,0.8586037009954453,False,0.35860370099544525,0.0,1_1_2_3,11.9143147,1.045291255,2.255878155,2.329520884,Si1,PU,combo_001,18,384.0811568,323.5714485,-0.000288708,0.055177248,1106.768385,202.0,85.7,,,27.754644912198195,2.3580497077670346,385.4327035494909
1,1,1,False,0.9999998807907104,1.1920928955078125e-07,False,0.49999988079071045,0.0,0_0_0_3,8.453771432,0.519461751,1.130929037,2.458920092,Si1,Si1,combo_002,19,409.7895666,544.7070597,0.000202194,0.007885576,953.2726376,76.000001,63.2,,,20.78714842732041,0.5874743778167638,376.50236909311064
0,0,0,False,9.481595952820498e-06,0.9999905184040472,False,0.4999905184040472,0.0,2_3_1_0,12.25382311,2.128086768,2.012521472,0.536322795,Si1,PU,combo_001,20,325.3279815,259.47661,0.001485978,0.055389188,918.4418189,215.3,89.8,,,6.572004659790793,4.282820314879083,325.6295449325961
0,0,0,False,0.45862144231796265,0.5413785576820374,True,0.041378557682037354,0.0,1_1_3_1,10.7259286,1.053354999,2.838396469,1.233265381,Si1,PU,combo_001,1,360.2338732,284.8967852,0.002330984,0.055203815,991.777179,193.2,82.3,Itr_8,,13.227916421457797,2.9898391097650987,360.23400586185676
0,0,0,False,0.24475225806236267,0.7552477419376373,False,0.25524774193763733,0.0,1_1_2_0,10.58497393,1.203193646,2.303839371,0.928335897,Si1,PU,combo_001,2,351.8519299,320.8520094,0.002299268,0.055341219,964.4070009,186.0,82.3,,,9.826411268028165,2.7719648925918365,351.5802947893932
0,0,0,False,0.06123747304081917,0.9387625269591808,False,0.43876252695918083,0.0,0_1_2_0,8.915445738,1.416715016,2.439425496,0.814823221,Si1,PU,combo_001,3,318.9446982,283.4693717,0.000213736,0.055321976,825.8973772,176.8,75.0,,,7.264512212887883,3.455970730596448,318.76197994687186
1,1,0,True,0.2390514612197876,0.7609485387802124,False,0.2609485387802124,0.0,1_1_2_1,10.47135777,1.172157031,2.41710613,1.343814337,Si1,PU,combo_001,4,353.8265793,612.6093,0.000757902,0.02652657,967.0293795,181.0,81.8,,,14.071560699182347,2.8332279449527,354.3620010393095
0,0,0,False,0.11349066346883774,0.8865093365311623,False,0.38650933653116226,0.0,0_1_3_0,8.779365057,1.408685599,2.627502445,0.902708195,Si1,PU,combo_001,5,317.7100288,282.4770477,0.000210334,0.055303787,819.8983228,177.0,74.5,,,7.925204783850542,3.7013248556087897,317.7098761091543
0,0,0,False,0.11269041150808334,0.8873095884919167,False,0.38730958849191666,0.0,0_1_3_0,8.505471178,1.428222781,2.621745598,0.769417225,Si1,PU,combo_001,6,312.428644,282.6727073,0.000203487,0.055424198,801.2501676,173.4,73.8,,,6.544256031094242,3.7444367890500683,312.42958678065173
0,0,0,False,0.05495641380548477,0.9450435861945152,False,0.44504358619451523,0.0,0_1_2_1,8.515256571,1.434159964,2.27258893,1.072107471,Si1,PU,combo_001,7,316.0028412,283.0586195,0.000203732,0.055457484,798.4599287,171.9,73.8,,,9.129270187250942,3.2592560580355983,315.8674139068747
1,1,1,False,0.5238713622093201,0.47612863779067993,True,0.02387136220932007,0.0,0_1_1_2,8.878318252,1.329234301,1.792260656,1.599449391,Si1,Si1,combo_002,8,327.2003173,588.7012144,0.000212808,0.041923176,835.5482686,174.000001,75.5,,,14.200420721265585,2.3823343402879615,327.9819864386017
0,0,0,False,0.4653356969356537,0.5346643030643463,True,0.034664303064346313,0.0,3_0_3_3,15.02318617,0.980430757,2.595102463,2.363776672,Si1,PU,combo_001,9,423.6334708,283.8761508,0.00036643,0.055232231,1313.006201,247.8,98.4,,,35.51145700775903,2.5443182722916546,423.63311403872854
1,1,1,False,0.5983098149299622,0.40169018507003784,True,0.09830981492996216,0.0,3_1_2_3,15.26823416,1.037588939,2.08035474,2.132568155,Si1,PU,combo_001,10,425.3453274,823.0395492,0.005588336,0.02719657,1357.275412,226.000001,98.3,,,32.560549952699176,2.158553067420221,427.62475767046186
1,1,1,False,0.6414826512336731,0.3585173487663269,False,0.1414826512336731,0.0,2_1_0_1,13.55547571,1.222507141,1.225656791,1.180724894,Si1,Si1,combo_002,11,397.18294,819.1930564,0.047811865,0.035941333,1146.234909,204.000001,87.9,,,16.005287620809323,1.4983741794126444,397.1742086787705
0,0,1,True,0.5618405938148499,0.43815940618515015,True,0.061840593814849854,0.0,2_1_0_2,13.32329935,1.121678322,1.504883555,1.589377483,Si1,Si1,combo_002,12,398.2473763,284.6857766,-0.000323932,0.05528426,1204.491747,216.2,92.8,,,21.175751986158534,1.6879952607777946,398.41995931994774
0,0,0,False,0.10469688475131989,0.8953031152486801,False,0.3953031152486801,0.0,3_0_1_0,15.96007833,0.943168992,1.678329184,0.512505813,Si1,Si1,combo_002,13,426.5300513,281.0729357,-0.000389852,0.05503964,1402.0402,234.1,102.3,,,8.179632920060332,1.5829480447174626,426.5296158655289
1,1,0,True,0.2857932150363922,0.7142067849636078,False,0.2142067849636078,0.0,2_0_3_2,13.97991519,0.960052693,2.875245206,1.842322884,Si1,PU,combo_001,14,410.1406866,829.2875357,-0.035055844,0.029610276,1226.467227,218.000001,94.3,,,25.75551767091621,2.76038690305564,409.7415965746124
0,0,0,False,0.12889795005321503,0.871102049946785,False,0.371102049946785,0.0,1_0_3_3,11.92889038,0.795902742,2.825672635,2.335557432,Si1,Si1,combo_002,15,384.979147,282.7719893,0.000289072,0.055211864,1071.837244,209.1,84.9,,,27.860608582522303,2.248960598190865,384.9867243131056
0,0,0,False,0.10747115314006805,0.892528846859932,False,0.39252884685993195,0.0,0_1_2_3,9.984331748,1.216312983,2.517324343,2.300818584,Si1,PU,combo_001,16,351.0946793,284.0806876,-0.001683208,0.055402699,927.4231178,189.9,80.2,,,22.972136034619606,3.061854280812845,350.9271254327921
0,0,0,False,0.31366100907325745,0.6863389909267426,False,0.18633899092674255,0.0,3_1_1_3,15.15484558,1.133281752,1.77851066,2.203942285,Si1,PU,combo_001,17,423.0338207,283.4984613,0.000369721,0.055109373,1362.220423,244.9,100.7,,,33.40040499640735,2.0155536767154763,422.9606614110477
0,0,0,False,0.21354801952838898,0.786451980471611,False,0.286451980471611,0.0,1_1_2_3,11.9143147,1.045291255,2.255878155,2.329520884,Si1,PU,combo_001,18,384.0811568,323.5714485,-0.000288708,0.055177248,1106.768385,202.0,85.7,,,27.754644912198195,2.3580497077670346,384.08942885096644
1,1,1,False,0.9999998211860657,1.7881393432617188e-07,False,0.4999998211860657,0.0,0_0_0_3,8.453771432,0.519461751,1.130929037,2.458920092,Si1,Si1,combo_002,19,409.7895666,544.7070597,0.000202194,0.007885576,953.2726376,76.000001,63.2,,,20.78714842732041,0.5874743778167638,372.28306938399555
0,0,0,False,0.0009897146373987198,0.9990102853626013,False,0.4990102853626013,0.0,2_3_1_0,12.25382311,2.128086768,2.012521472,0.536322795,Si1,PU,combo_001,20,325.3279815,259.47661,0.001485978,0.055389188,918.4418189,215.3,89.8,,,6.572004659790793,4.282820314879083,325.32835441700246
1,1,1,False,0.9411969184875488,0.05880308151245117,False,0.44119691848754883,0.10279607832788781,2_0_3_3,13.90552133,0.685101367,2.992163054,2.420413309,Si1,Si1,combo_002,1,414.1651556,583.205975,-0.015908936,0.031479384,1215.393586,206.000001,92.9,Itr_9,,33.65710889571538,2.049934998582295,411.71662330517535
1,1,1,False,0.9956154823303223,0.004384517669677734,False,0.49561548233032227,0.11591705714024182,3_0_2_3,15.688585,0.729993555,2.501334394,2.479323164,Si1,Si1,combo_002,2,431.9904517,543.075099,-0.001149194,0.040987928,1369.333208,209.000001,100.4,,,38.897072200882945,1.8259579865198308,435.6964865485003
1,1,1,False,0.9770609736442566,0.022939026355743408,False,0.4770609736442566,0.10854704009289173,2_0_2_3,13.5180657,0.796955937,2.31188723,2.400018193,Si1,Si1,combo_002,3,411.9063202,793.0054859,0.027948149,0.03189377,1210.06074,197.000001,92.3,,,32.443603614169284,1.8424722536229845,410.72220761269074
1,1,1,False,0.9960471391677856,0.0039528608322143555,False,0.49604713916778564,0.11591705714024182,3_0_2_3,15.24591033,0.757891799,2.309830938,2.470068334,Si1,Si1,combo_002,4,430.9174224,596.1069445,0.000371998,0.039803759,1346.30673,200.000001,99.0,,,37.65844032913649,1.7506019249866778,432.22255262536225
0,0,1,True,0.614260196685791,0.385739803314209,False,0.11426019668579102,0.14158992124608782,1_1_1_3,11.42344303,1.122037269,1.716698297,2.179040196,Si1,Si1,combo_002,5,373.648415,283.6089072,0.002487925,0.055393608,1036.290819,204.1,85.6,,,24.892141539086033,1.9261994688628308,372.8720355192901
0,0,1,True,0.6099753379821777,0.39002466201782227,False,0.10997533798217773,0.07864620004222057,0_1_3_0,8.14737947,1.285340297,2.657002323,0.63365998,Si1,Si1,combo_002,6,308.9991915,317.2983068,-0.000194535,0.041435849,787.0897567,162.2,72.7,,,5.162668312012611,3.41515215497451,310.2766686464379
0,0,0,False,0.3913086950778961,0.6086913049221039,False,0.10869130492210388,0.11493021169210342,1_0_3_2,11.83832745,0.793660321,2.823147853,1.864174514,Si1,Si1,combo_002,7,383.0124727,320.8138882,0.002581274,0.055283585,1070.501301,203.5,86.3,,,22.068708320676606,2.2406204312424407,382.65872579133634
1,1,0,True,0.37755146622657776,0.6224485337734222,False,0.12244853377342224,0.0794202918851327,1_0_3_3,11.48252029,0.773429381,2.737863351,2.396622402,Si1,Si1,combo_002,8,381.5385641,802.2479,-0.009726955,0.04418817,1049.281772,202.0,83.5,,,27.51926535843354,2.1175439568265157,381.4550899785486
1,1,1,False,0.9450594186782837,0.05494058132171631,False,0.4450594186782837,0.07243871757369491,0_1_3_0,8.330999402,1.179255136,2.802706066,0.56036355,Si1,PU,combo_001,9,321.7165742,810.5004117,-0.000199125,0.045997875,822.7412954,143.000001,72.9,,,4.6683883999525975,3.305105523028855,321.412691412936
1,1,1,False,0.8535124063491821,0.14648759365081787,False,0.35351240634918213,0.1052363924027173,0_1_3_1,8.359498502,1.198093712,2.744740288,1.076267858,Si1,PU,combo_001,10,324.6322171,543.7046132,0.000599513,0.040966688,824.3250589,147.000001,73.0,,,8.997059546701749,3.288456080125869,325.7647258232621
1,1,1,False,0.9617600440979004,0.03823995590209961,False,0.4617600440979004,0.11421808655996288,0_1_3_3,9.021305031,1.056164476,2.990898919,2.066501013,Si1,PU,combo_001,11,347.1987255,898.6242678,-0.000216383,0.036135919,890.234737,161.000001,74.8,,,18.642535985143496,3.1588811895546014,344.9984565329562
1,1,1,False,0.9044890403747559,0.09551095962524414,False,0.40448904037475586,0.06005022118072926,0_1_3_0,9.281090096,1.105456055,2.87261737,0.688561222,Si1,PU,combo_001,12,337.1575381,872.4647098,0.000222877,0.047472854,894.222553,149.000001,75.6,,,6.390598737993858,3.1755522653646757,337.89142210406453
1,1,1,False,0.94007408618927,0.05992591381072998,False,0.44007408618927,0.11962337527272708,3_0_0_3,15.97979604,0.945680067,1.447662205,2.482315568,Si1,Si1,combo_002,13,442.4125678,865.4572532,0.000390345,0.036302085,1461.561336,214.000001,105.5,,,39.666896483556755,1.3690252910177678,443.26251209508104
1,1,1,False,0.8844618797302246,0.11553812026977539,False,0.3844618797302246,0.050048509084201914,2_0_3_2,13.9608088,0.786303707,2.527042609,1.934800543,Si1,Si1,combo_002,14,413.5130954,819.5131618,0.006457535,0.02752949,1225.80827,201.000001,94.0,,,27.01138044695918,1.9870229712036516,412.6121900005529
0,0,1,True,0.6476489305496216,0.3523510694503784,False,0.14764893054962158,0.12705886749367354,1_0_2_2,11.94995076,0.876822438,2.40858508,1.986593679,Si1,Si1,combo_002,15,385.3255638,284.9460518,-0.001447994,0.055261884,1083.552011,208.5,85.7,,,23.739696644177247,2.111901441976025,384.6935974585132
1,1,1,False,0.6202389001846313,0.37976109981536865,False,0.12023890018463135,0.07105603450091857,0_1_3_3,9.886665828,1.004740639,2.965256869,2.357996429,Si1,PU,combo_001,16,358.1539767,918.6529335,-0.00071405,0.041176898,946.254326,182.000001,78.8,,,23.31272271714033,2.9793140813581993,357.6682725942409
1,1,1,False,0.780525803565979,0.219474196434021,False,0.280525803565979,0.05016553278084961,3_1_2_3,14.25093432,1.018294264,2.117874521,2.113355891,Si1,PU,combo_001,17,416.8106536,568.119838,0.000347123,0.031588216,1284.032902,202.000001,94.1,,,30.11729599742608,2.1566194766060476,417.5826611178876
1,1,1,False,0.8006898164749146,0.19931018352508545,False,0.30068981647491455,0.050334995756575504,1_0_3_0,11.60859702,0.867362898,2.868887149,0.758205449,Si1,PU,combo_001,18,378.0423643,609.9698843,0.033446726,0.036819505,1088.622502,166.000001,84.1,,,8.801701515809162,2.4883662715915977,378.42262574150345
1,1,1,False,0.831893801689148,0.16810619831085205,False,0.33189380168914795,0.19244581640008002,3_0_3_3,15.49091174,0.728131852,2.863552113,2.461431407,Si1,Si1,combo_002,19,426.523267,824.0736846,-0.000378123,0.03440917,1327.044816,220.000001,97.8,,,38.12981667990102,2.0850435033372032,425.9718082384206
0,0,0,False,0.026246706023812294,0.9737532939761877,False,0.4737532939761877,0.19734417726975148,3_2_0_2,14.03440127,1.59649394,1.119347042,1.837730768,Si1,PU,combo_001,20,389.3093083,280.4804765,-0.00034171,0.05542851,1124.049189,215.2,90.2,,,25.791451024337274,1.7870307693099254,390.3821443138537
1,1,1,False,0.6505185961723328,0.34948140382766724,False,0.15051859617233276,0.1262286198573937,3_0_1_1,15.67999267,0.937653639,1.657333916,1.183529757,Si1,Si1,combo_002,1,430.0933652,822.9891215,0.00038285,0.037136426,1400.590012,206.000001,101.0,Itr_10,,18.557737914486882,1.5540051773755204,432.1482716006936
1,1,1,False,0.6751130223274231,0.3248869776725769,False,0.1751130223274231,0.09626087322085528,3_1_0_1,15.75058789,1.070476334,1.216731821,1.246789464,Si1,Si1,combo_002,2,428.9197334,561.4840348,-0.000384615,0.034999942,1335.114555,204.000001,95.6,,,19.63766703305799,1.3024826192052243,429.92625346528644
1,1,1,False,0.6687694787979126,0.3312305212020874,False,0.1687694787979126,0.08023336775955686,3_0_0_0,15.69808892,0.956859107,1.463647538,0.967815248,Si1,Si1,combo_002,3,429.6461556,609.9365556,-0.004982929,0.032580691,1410.949459,227.000001,102.2,,,15.192849821235852,1.4005044761734287,431.6143546699532
0,0,0,False,0.2695237994194031,0.7304762005805969,False,0.23047620058059692,0.16902158000716616,0_1_3_2,8.231838573,1.289879363,2.806872604,1.807047922,Si1,PU,combo_001,4,323.6591833,283.9574447,0.00098323,0.05528044,806.8214266,171.7,72.8,,,14.875326787579093,3.6205270464696713,322.0395529217923
0,0,0,False,0.4780118465423584,0.5219881534576416,True,0.0219881534576416,0.03593724297678286,2_1_0_3,13.87229154,1.214764033,1.286390109,2.46179462,Si1,Si1,combo_002,5,405.3079183,284.9465514,-0.000337657,0.055100237,1167.253074,218.4,88.7,,,34.150732680243514,1.5626604368201498,406.5286828456025
0,0,0,False,0.18966946005821228,0.8103305399417877,False,0.3103305399417877,0.13360424724766254,0_1_1_3,8.074779188,1.39719844,1.829565761,2.148379032,Si1,Si1,combo_002,6,315.7052149,281.9770691,0.001349037,0.055308889,771.6280671,167.5,73.2,,,17.347686295529186,2.5562664271466127,315.98682439420435
0,0,1,True,0.6027595400810242,0.39724045991897583,False,0.10275954008102417,0.08294031946551174,2_1_0_3,13.48195512,1.276141152,1.424790501,2.367347765,Si1,PU,combo_001,7,400.1522614,280.2752474,-0.000327899,0.055293516,1166.500272,223.8,95.9,,,31.916476321162307,1.818233791304797,398.03377009185914
0,0,0,False,0.4307548403739929,0.5692451596260071,True,0.06924515962600708,0.15113439462422917,2_1_1_3,12.90639382,1.188910861,1.686618074,2.320380507,Si1,PU,combo_001,8,394.7380151,281.6848715,0.001567549,0.055338867,1138.639398,215.9,92.1,,,29.947744635593263,2.0052385465375018,396.402819381905
0,0,0,False,0.10718264430761337,0.8928173556923866,False,0.3928173556923866,0.08214501550113958,0_1_3_3,8.152773061,1.345124634,2.538888792,2.42792588,Si1,PU,combo_001,9,321.8700514,283.5272966,0.000194669,0.055393034,792.1545982,169.0,72.7,,,19.794328708568717,3.415121857105702,323.44559449278904
0,0,0,False,0.2370939999818802,0.7629060000181198,False,0.2629060000181198,0.05923249786019551,0_1_2_2,8.28058374,1.387159634,2.051627803,1.676956325,Si1,PU,combo_001,10,320.7914277,284.363408,0.000989323,0.05545103,793.6530979,167.4,73.1,,,13.886177277485157,2.8459352723137044,321.14182626841875
0,0,0,False,0.2154267579317093,0.7845732420682907,False,0.2845732420682907,0.05923249786019551,0_1_2_2,8.273810685,1.393333009,2.078084523,1.79192328,Si1,PU,combo_001,11,319.805878,284.5171234,0.000197695,0.055427335,794.7912319,166.7,73.2,,,14.82603398076425,2.8954637613879193,321.1386997153902
0,0,0,False,0.4306015968322754,0.5693984031677246,True,0.06939840316772461,0.08773611131094121,1_1_1_0,11.39756566,1.166022417,1.95770133,0.850947989,Si1,Si1,combo_002,12,359.7516157,281.9476407,0.001378946,0.055328925,1013.06657,197.7,84.7,,,9.698735577872458,2.2827236365707146,359.8602296098428
1,1,1,False,0.7835595607757568,0.21644043922424316,False,0.28355956077575684,0.09052447927487049,1_1_0_3,10.77082494,1.37234616,1.144052121,2.367621303,Si1,Si1,combo_002,13,360.1693122,609.9637639,0.007023254,0.035636509,943.553288,168.000001,77.6,,,25.5012345788277,1.5700355350942055,359.57070949078036
1,1,1,False,0.8325745463371277,0.16742545366287231,False,0.3325745463371277,0.05080734413139104,1_1_0_2,10.04148199,1.369281136,1.258598749,1.776769863,Si1,Si1,combo_002,14,349.9252871,944.8817682,0.002176983,0.041362677,899.9412166,155.000001,75.0,,,17.841402579689266,1.7233755247988987,344.85225870211633
1,1,0,True,0.1663346141576767,0.8336653858423233,False,0.3336653858423233,0.08433540704488061,3_1_0_3,15.89970239,1.158606806,1.111766748,2.106061922,Si1,Si1,combo_002,15,431.6688941,512.586024,0.000388343,0.039222593,1342.730597,200.000001,96.9,,,33.48575777471139,1.2881005209172869,433.56882033439246
1,1,0,True,0.19374994933605194,0.8062500506639481,False,0.30625005066394806,0.1512080212682009,2_0_3_0,13.97016477,0.764310965,2.733515211,0.511239398,Si1,Si1,combo_002,16,406.2093227,618.7010446,-0.000340104,0.035030712,1217.200468,186.000001,93.9,,,7.142098626975608,2.0892556487615885,405.4781746214369
0,0,0,False,0.23580241203308105,0.764197587966919,False,0.26419758796691895,0.07929829061167033,1_0_3_3,11.96020534,0.939341799,2.689605564,2.476563345,Si1,PU,combo_001,17,391.568677,284.1658284,0.000289855,0.055286237,1123.468866,206.9,85.2,,,29.620206143717265,2.5264589290881694,388.8894662819004
1,1,1,False,0.7752697467803955,0.2247302532196045,False,0.2752697467803955,0.11605812140345516,0_1_2_3,9.955859939,1.084224751,2.175030919,2.219044836,Si1,Si1,combo_002,18,352.400788,558.2965365,-0.007432142,0.031886285,934.6432042,171.000001,79.9,,,22.092499585577226,2.358222356570076,352.95083183975817
0,0,0,False,0.1045965924859047,0.8954034075140953,False,0.3954034075140953,0.05084674711568333,1_1_3_0,11.66815384,1.052190079,2.862408185,0.795309338,Si1,PU,combo_001,19,368.5306241,283.6467899,0.002542985,0.055440277,1052.784555,195.1,85.0,,,9.279791706172558,3.0117974943053967,369.4267153760149
1,1,1,False,0.8452069163322449,0.15479308366775513,False,0.3452069163322449,0.05152603014251455,3_0_2_0,14.18114692,0.963994047,2.117855449,0.716186983,Si1,PU,combo_001,20,411.674956,552.2530637,-0.001036136,0.041790829,1287.058869,172.000001,93.5,,,10.156352828114542,2.0416000452425123,413.759532977213
1,1,1,False,0.8939580917358398,0.10604190826416016,False,0.39395809173583984,0.1336449456884138,3_1_0_0,15.15739011,1.064115728,1.128284431,0.549478437,Si1,PU,combo_001,21,422.863116,706.8851344,-0.000369785,0.03660869,1301.742068,171.000001,92.2,,,8.328659026642057,1.2006252086846307,423.1687716777488
0,0,0,False,0.008055375888943672,0.9919446241110563,False,0.49194462411105633,0.1508391472705072,2_1_1_2,12.80138498,1.383211893,1.639368801,1.7687046,Si1,Si1,combo_002,22,379.6409078,276.5945251,0.001554423,0.055418732,1094.927291,221.6,91.5,,,22.64186850049691,2.2675944225563502,377.93221057163225
1,1,0,True,0.1742851883172989,0.8257148116827011,False,0.3257148116827011,0.11962337527272708,3_1_1_3,15.94553706,1.026733187,1.626768593,2.359631676,Si1,Si1,combo_002,1,431.9025871,620.4693228,0.000389489,0.0338855,1397.66176,235.000001,102.7,Itr_11,,37.62559433760791,1.6702573020023959,435.04129495705587
0,0,0,False,0.06557618081569672,0.9344238191843033,False,0.4344238191843033,0.18109873888979833,3_0_2_0,15.79042276,0.834026829,2.305755691,0.787085383,Si1,Si1,combo_002,2,425.584634,282.1163819,0.000385611,0.055128346,1357.342099,237.2,101.7,,,12.428410945786517,1.9230621074134338,426.73047652747243
1,1,1,False,0.5345128774642944,0.46548712253570557,True,0.034512877464294434,0.13058032879286893,3_1_0_2,15.22524812,1.128244768,1.563781922,1.552518755,Si1,PU,combo_001,3,423.090562,558.3072687,-0.004086294,0.023403319,1292.402533,241.000001,101.8,,,23.63748325582849,1.7643287717894842,424.95352118754505
1,1,1,False,0.5365336537361145,0.4634663462638855,True,0.0365336537361145,0.20694241553487225,2_0_1_1,13.54262801,0.964625124,1.835068044,1.016829155,Si1,Si1,combo_002,4,403.5178991,614.2877536,-0.031294496,0.034588654,1214.383385,198.000001,92.0,,,13.77053899588763,1.7701527394919374,403.75975464065607
1,1,0,True,0.4769054353237152,0.5230945646762848,True,0.02309456467628479,0.13211769007816127,2_1_0_0,13.83083009,1.128110339,1.45900394,0.52052151,Si1,PU,combo_001,5,401.0815783,604.2902108,-0.029959247,0.033325454,1264.60819,198.000001,94.5,,,7.199244563000236,1.6459174293557357,402.38706207720116
1,1,1,False,0.7869130373001099,0.21308696269989014,False,0.28691303730010986,0.15627479128554767,1_0_1_2,11.62179194,0.975361816,2.030638544,1.5647179,Si1,Si1,combo_002,6,377.1511954,851.5228674,-0.053746407,0.036299929,1072.606033,191.000001,85.2,,,18.184825878593724,1.9806072979154359,377.33399445091607
0,0,0,False,0.3862033486366272,0.6137966513633728,False,0.1137966513633728,0.11237311786106936,1_1_0_0,11.92941023,1.418116609,1.218691284,0.84228234,Si1,Si1,combo_002,7,363.9402321,283.0388204,0.000289085,0.055213099,991.1720794,191.9,82.5,,,10.047931563344338,1.7282463510839357,363.0930623125138
0,0,1,True,0.8503764271736145,0.1496235728263855,False,0.3503764271736145,0.13285130992379787,1_1_0_0,11.46786426,1.345904786,1.393179297,0.642560496,Si1,PU,combo_001,8,359.1996312,283.3602146,0.001387733,0.055227113,1009.819232,192.4,87.2,,,7.368796546966273,1.8750866835884155,359.1206527636422
1,1,1,False,0.5605200529098511,0.4394799470901489,True,0.060520052909851074,0.09562779216233551,0_1_1_0,8.890321739,1.407347745,1.583911398,0.627211353,Si1,PU,combo_001,9,321.985039,855.475796,-0.007884996,0.042834708,824.3506129,157.000001,75.4,,,5.576110726523502,2.2291141342550973,320.37984583524275
1,1,0,True,0.4879118502140045,0.5120881497859955,True,0.012088149785995483,0.07372218242281794,0_1_1_0,8.619590296,1.384475076,1.880608618,0.505064553,Si1,PU,combo_001,10,317.8520879,950.4098226,-0.00804725,0.040236251,812.4019068,157.000001,74.1,,,4.3534495198923775,2.603655759331805,317.31384259678026
0,0,1,True,0.7802327871322632,0.21976721286773682,False,0.2802327871322632,0.1730352331022167,0_1_2_2,9.809012688,1.147467315,2.306825493,1.623565428,Si1,Si1,combo_002,11,344.2835273,284.9992617,0.002124677,0.055370804,907.485866,188.0,78.4,,,15.92557388305015,2.6470068546262615,343.6717894547022
1,1,1,False,0.7464315891265869,0.2535684108734131,False,0.24643158912658691,0.07864620004222057,0_1_3_0,8.011430922,1.268178127,2.745499213,0.754546084,Si1,PU,combo_001,12,314.7397529,915.604971,0.000573407,0.042623272,787.5205953,150.000001,72.0,,,6.04499382943161,3.481782049622314,315.24742550666355
0,0,0,False,0.09883494675159454,0.9011650532484055,False,0.40116505324840546,0.07196880450412368,3_0_3_2,15.79851847,0.81630217,2.974764634,1.968132705,Si1,Si1,combo_002,13,422.3507164,282.2726162,-0.000385813,0.055142723,1326.040126,261.0,101.4,,,31.093580891353557,2.428306825973456,424.0667804078975
1,1,1,False,0.6704835891723633,0.3295164108276367,False,0.17048358917236328,0.050248490318835125,2_1_1_3,13.82273411,1.00620583,1.790432621,2.458390797,Si1,Si1,combo_002,14,410.0430417,610.7093859,-0.021867186,0.03263257,1232.876445,201.000001,95.1,,,33.981682325401984,1.8015437414723805,410.310832040668
0,0,0,False,0.13905097544193268,0.8609490245580673,False,0.3609490245580673,0.12705886749367354,1_1_3_2,11.95191809,1.021163494,2.607262379,1.988645842,Si1,PU,combo_001,15,384.0593015,283.0493787,0.000289648,0.055266555,1091.929378,208.0,86.1,,,23.76813221360308,2.6624411607143923,384.2390256800346
0,0,0,False,0.2502696216106415,0.7497303783893585,False,0.24973037838935852,0.08762719105084019,0_1_3_3,9.898883989,1.131391553,2.800944817,2.195038995,Si1,PU,combo_001,16,351.6759131,284.9351604,0.002144898,0.055395352,926.4036904,188.0,78.9,,,21.72843636283615,3.168965306372931,352.13438249787697
1,1,1,False,0.8368012309074402,0.16319876909255981,False,0.3368012309074402,0.05080734413139104,0_1_0_2,9.732774756,1.406774439,1.207200124,1.78279601,Si1,Si1,combo_002,17,340.0616216,842.1475801,-0.000234169,0.04378965,874.5007472,153.000001,74.0,,,17.35155200122552,1.6982582772008308,338.85033801438465
0,0,0,False,0.09277864545583725,0.9072213545441628,False,0.40722135454416275,0.051435153099662054,2_0_3_3,12.2534962,0.826636628,2.848439144,2.28577932,Si1,Si1,combo_002,18,387.6853639,284.1774052,0.001485937,0.055388428,1096.344819,211.6,88.3,,,28.008788211658587,2.3546241290593666,387.18105108312113
0,0,0,False,0.016163814812898636,0.9838361851871014,False,0.48383618518710136,0.08301030703144852,3_0_3_0,15.95647377,0.778056111,2.868213498,0.867821673,Si1,Si1,combo_002,19,421.8927646,278.8808567,-0.000389762,0.055033323,1348.402138,242.7,101.9,,,13.847373762262018,2.231631039771586,423.77480247213066
0,0,0,False,0.0005896238726563752,0.9994103761273436,False,0.4994103761273436,0.13616466931181706,2_1_3_1,13.41078666,1.252787801,2.868640587,1.368568303,Si1,Si1,combo_002,20,377.417595,270.6004424,-0.00032612,0.055144059,1087.795474,222.9,94.4,,,18.353577541171237,3.593797932847079,377.18799447894816
0,0,0,False,0.21470722556114197,0.785292774438858,False,0.28529277443885803,0.1220597314709077,0_1_1_1,8.834276558,1.405655645,1.664326357,1.080594271,Si1,Si1,combo_002,1,320.39538,284.6702831,0.000211707,0.05527191,818.2579673,174.6,75.6,Itr_12,,9.546268637004399,2.3394697388393353,319.9754225281731
0,0,0,False,0.29410725831985474,0.7058927416801453,False,0.20589274168014526,0.12980590634481573,0_1_0_2,8.000699442,1.442127184,1.234133881,1.702531762,Si1,PU,combo_001,2,309.0331,279.9039,0.000954338,0.05542579,750.4929,145.6,67.4,,,13.621444918220677,1.7797780184855212,313.0295894851707
0,0,0,False,0.3153253495693207,0.6846746504306793,False,0.18467465043067932,0.07099941083471126,0_1_0_1,8.530699846,1.405443508,1.556360553,1.30450125,Si1,Si1,combo_002,3,318.4406306,284.8888426,0.000204118,0.055305863,800.6483942,169.8,74.8,,,11.128308612481806,2.18737683532114,317.73076800377294
0,0,0,False,0.3845559060573578,0.6154440939426422,False,0.11544409394264221,0.0866293230500714,0_1_1_1,8.433879441,1.386859591,1.691180288,1.399091405,Si1,Si1,combo_002,4,318.825451,284.4444809,0.000201697,0.055382489,797.0317135,170.4,74.3,,,11.799768236709305,2.345429602522942,317.92055609572253
0,0,0,False,0.23066575825214386,0.7693342417478561,False,0.26933424174785614,0.157434411732986,2_1_1_0,13.58015275,1.02959112,1.735598712,0.547709353,Si1,Si1,combo_002,5,398.2759919,283.1232822,-0.000330354,0.055169361,1211.89895,205.8,92.7,,,7.437976676343671,1.7869570217586377,398.25851205008576
0,0,0,False,0.20037975907325745,0.7996202409267426,False,0.29962024092674255,0.08023336775955686,3_1_0_0,15.43204463,1.011611763,1.511257053,0.842051756,Si1,Si1,combo_002,6,425.4579247,282.6806659,-0.002636557,0.055245523,1368.989533,233.6,101.0,,,12.994580279361871,1.5288054117315146,421.513772382877
0,0,1,True,0.9173949360847473,0.08260506391525269,False,0.4173949360847473,0.07970091196833881,2_1_0_3,13.56984832,1.285849676,1.230932822,2.248952107,Si1,PU,combo_001,7,401.4340156,283.5066612,-0.000330096,0.055147989,1151.524,208.4,87.3,,,30.517938970934413,1.5827945703464656,399.1987238536422
0,0,0,False,0.21394184231758118,0.7860581576824188,False,0.2860581576824188,0.05079141199449191,3_0_2_1,15.3900785,0.877107358,2.076726158,1.075074089,Si1,Si1,combo_002,8,426.0813668,280.9251462,-0.002629214,0.055168946,1344.093891,227.3,98.8,,,16.545474623025985,1.8215117937328704,427.13529248370395
1,1,1,False,0.8506854176521301,0.14931458234786987,False,0.3506854176521301,0.050861244648606696,3_1_0_3,14.60175929,1.273100938,1.117842813,2.059093284,Si1,PU,combo_001,9,414.16661,551.5537067,0.024556686,0.035233506,1232.222454,193.000001,91.0,,,30.066384488623605,1.4231267337668585,414.4195109341923
0,0,1,True,0.5143336057662964,0.4856663942337036,True,0.014333605766296387,0.05659481973799337,1_1_1_0,11.62721671,1.157323158,1.9837635,0.539633266,Si1,PU,combo_001,10,366.2313561,324.7668749,0.001407652,0.055339982,1062.53419,187.5,85.1,,,6.274432927707075,2.295855438545133,367.2982901763958
1,1,1,False,0.52768474817276,0.47231525182724,True,0.02768474817276001,0.07968987022537871,1_2_0_0,10.52217759,1.498971496,1.208872459,0.716301,Si1,PU,combo_001,11,339.1821684,545.8604855,0.013964748,0.040370816,909.7211744,158.000001,75.7,,,7.53704632989459,1.8120653583404287,340.33830962715183
0,0,1,True,0.8443090319633484,0.1556909680366516,False,0.3443090319633484,0.05056561199187277,1_1_0_0,11.44851295,1.367359986,1.371496994,0.929509814,Si1,PU,combo_001,12,360.1694655,284.6661768,0.001385314,0.05517922,1011.06248,194.9,87.6,,,10.641505142731091,1.875330110514882,360.6616185256966
0,0,0,False,0.4780341684818268,0.5219658315181732,True,0.021965831518173218,0.16122550257449036,3_1_0_3,15.95698005,1.087970087,1.496018536,2.003631739,Si1,Si1,combo_002,13,432.543957,280.4812085,-0.000389775,0.055034215,1401.79728,251.5,103.8,,,31.971911686769804,1.6276234167655326,433.2180775151569
1,1,0,True,0.432298481464386,0.567701518535614,True,0.06770151853561401,0.10453986395896069,2_0_3_3,13.89797778,0.946555867,2.71514234,2.307201721,Si1,PU,combo_001,14,411.9987185,563.6084711,-0.02740226,0.030785255,1233.336452,214.000001,93.8,,,32.06543825243576,2.570033911667109,411.8324708597065
0,0,0,False,0.2742007076740265,0.7257992923259735,False,0.2257992923259735,0.0642474847851596,1_0_3_3,11.8712211,0.914029486,2.803032242,2.377761775,Si1,PU,combo_001,15,387.5689237,284.8071915,-0.001438153,0.05536253,1099.603287,206.2,85.0,,,28.226935754153455,2.5620541193966875,389.6417401089327
0,0,1,True,0.7655550241470337,0.2344449758529663,False,0.2655550241470337,0.05049206656095711,0_0_3_3,9.856193573,0.97947452,2.638308365,2.260035473,Si1,Si1,combo_002,16,353.4216803,320.7323479,0.001660783,0.055271551,926.1419907,175.1,76.7,,,22.275347103734614,2.5841558194203595,353.0818297081335
0,0,0,False,0.24560141563415527,0.7543985843658447,False,0.2543985843658447,0.05080558801542252,1_1_1_3,11.54479058,1.039343993,1.981622731,2.472143787,Si1,Si1,combo_002,17,377.7188952,284.0571601,0.001397349,0.055417508,1050.522436,205.5,85.7,,,28.540382304563128,2.0595876818571046,378.45724001342273
0,0,0,False,0.15389296412467957,0.8461070358753204,False,0.34610703587532043,0.05160719273332825,0_2_0_1,8.830842911,1.524980666,1.158366847,1.311022279,Si1,PU,combo_001,18,315.9648633,282.7914686,0.000211621,0.05526073,794.3139057,158.5,70.8,,,11.577431798670213,1.76648704581038,316.8351635496273
1,1,1,False,0.7604736685752869,0.23952633142471313,False,0.26047366857528687,0.13454476919483643,3_1_0_3,14.59372851,1.282098146,1.108170785,2.474137534,Si1,PU,combo_001,19,415.3947849,829.1577297,0.039481951,0.035925018,1228.536989,205.000001,91.2,,,36.106891467596895,1.4207837088998647,415.025298995822
0,0,0,False,0.0005991448415443301,0.9994008551584557,False,0.49940085515845567,0.20881572933226727,3_3_1_3,15.3384972,1.9944429,1.643545784,2.019812948,Si1,Si1,combo_002,20,380.5860914,260.772311,0.000374313,0.055074813,1156.939362,260.0,105.9,,,30.98089524742175,3.2779582197237334,380.84228106756973
0,0,0,False,0.4450000822544098,0.5549999177455902,True,0.05499991774559021,0.13708840838811084,0_1_2_0,8.523008835,1.390125134,2.257551397,0.524499338,Si1,PU,combo_001,1,314.6246375,284.9340496,0.000203925,0.055279909,803.5923663,170.2,73.8,Itr_13,,4.470312491725652,3.138278938266512,314.2549048678137
1,1,1,False,0.6918451189994812,0.3081548810005188,False,0.1918451189994812,0.1445471632421059,0_0_3_3,9.908486069,0.871015319,2.992445722,2.076477538,Si1,Si1,combo_002,2,356.8875734,683.9524969,0.000238562,0.032205904,944.6969692,159.000001,76.2,,,20.574748757864416,2.606466065138015,355.9421712418111
0,0,1,True,0.5009660720825195,0.49903392791748047,True,0.0009660720825195312,0.06289860540203694,3_1_0_1,15.82205939,1.25115508,1.152579589,1.36572838,Si1,PU,combo_001,3,425.5249852,279.7201806,0.000386402,0.055184507,1318.134937,225.4,94.7,,,21.60863553896849,1.4420558078816619,425.6954120095034
1,1,1,False,0.7534887194633484,0.2465112805366516,False,0.2534887194633484,0.11367583409328176,2_1_0_1,12.67741792,1.320681163,1.140566862,1.033162319,Si1,PU,combo_001,4,383.5093155,826.0028597,0.044013319,0.039088752,1077.526625,177.000001,84.0,,,13.097830497159357,1.5063251697854205,383.500960119375
1,1,1,False,0.6471185088157654,0.3528814911842346,False,0.14711850881576538,0.12060154501813009,3_1_0_1,14.32242197,1.3065989,1.119789726,1.224610451,Si1,PU,combo_001,5,406.429017,822.1314077,0.028959572,0.035937782,1199.607478,183.000001,90.3,,,17.53938762809401,1.4631160242229015,405.3893088879275
1,1,1,False,0.6407279372215271,0.3592720627784729,False,0.1407279372215271,0.11044405477632449,1_0_2_3,10.4486565,0.920344446,2.522838456,2.16739001,Si1,Si1,combo_002,6,363.7575388,888.7778382,-0.001260333,0.042095106,973.6789202,191.000001,81.6,,,22.646313716021567,2.3218803611348156,363.42361050440485
1,1,1,False,0.580417811870575,0.41958218812942505,True,0.08041781187057495,0.11585944360894639,1_0_2_3,10.45777986,0.983210009,2.272228454,2.351183993,Si1,Si1,combo_002,7,363.0494392,652.7951,-0.00227065,0.03607811,972.9754624,189.0,81.7,,,24.58816460914978,2.234077758707396,363.6093557888013
1,1,1,False,0.9306648373603821,0.06933516263961792,False,0.4306648373603821,0.10512209938561412,1_1_0_3,11.38423132,1.216365206,1.509114886,2.482529496,Si1,PU,combo_001,8,374.3265756,813.984449,0.006335482,0.033881057,1037.723189,191.000001,86.4,,,28.261690041187016,1.8356348391870567,374.6316727509142
0,0,1,True,0.5895747542381287,0.41042524576187134,True,0.08957475423812866,0.0863216847537366,0_1_2_1,8.047564948,1.301436833,2.420675461,1.453759372,Si1,PU,combo_001,9,320.4419458,315.5181735,0.000192039,0.045129165,788.9218757,161.7,72.5,,,11.699222964933691,3.150356205684655,319.9168433583561
1,1,0,True,0.4140492081642151,0.5859507918357849,True,0.08595079183578491,0.18406603521627968,3_1_0_2,14.91469581,1.306795725,1.139216094,1.686125992,Si1,PU,combo_001,10,412.0282888,793.3528097,0.036008033,0.033098293,1247.310061,210.000001,92.1,,,25.148056268014493,1.4887227214903982,415.39556753799724
1,1,1,False,0.9173837900161743,0.08261620998382568,False,0.4173837900161743,0.16141935421464784,2_1_0_2,12.28849609,1.343888698,1.122329911,1.802071426,Si1,PU,combo_001,11,383.7207112,550.350995,0.042026798,0.035469426,1048.197676,183.000001,83.2,,,22.144747672301726,1.5082864828202458,381.4711049278915
1,1,1,False,0.8118675351142883,0.18813246488571167,False,0.31186753511428833,0.11367583409328176,2_1_0_0,12.74489052,1.242885034,1.301195327,0.903689986,Si1,PU,combo_001,12,386.3227776,590.1171211,-0.034970367,0.039302979,1089.708045,169.000001,83.9,,,11.517429935590332,1.6172361982390362,385.54900361263583
1,1,1,False,0.6863046884536743,0.3136953115463257,False,0.18630468845367432,0.07188308900079783,0_1_3_0,8.477532287,1.29458051,2.668982936,0.909657101,Si1,PU,combo_001,13,320.2478613,859.4643237,-0.000202788,0.04400505,817.1347456,168.000001,73.4,,,7.711647443826321,3.4552132904681776,320.5863255293309
0,0,0,False,0.3307570517063141,0.6692429482936859,False,0.1692429482936859,0.12751173920467918,3_1_1_3,15.95600472,1.135578983,1.81840891,2.471386219,Si1,PU,combo_001,14,427.7191048,283.3802745,0.00038975,0.0550325,1344.884375,261.5,104.0,,,39.43345017530696,2.064946940695939,433.97255052228286
1,1,0,True,0.36746108531951904,0.632538914680481,False,0.13253891468048096,0.11608968840424563,2_0_2_1,13.90001521,0.900571293,2.151506023,1.325136728,Si1,Si1,combo_002,15,408.3690008,649.1917943,-0.007782062,0.030113195,1226.021479,196.000001,94.4,,,18.419420674529633,1.937584561030398,409.2325164245186
0,0,1,True,0.6337904930114746,0.3662095069885254,False,0.1337904930114746,0.056955325286958354,1_0_2_3,11.92461479,0.95514946,2.364268424,2.411380054,Si1,PU,combo_001,16,390.4601562,284.4400479,-0.001444827,0.055201711,1101.777022,207.1,86.3,,,28.754778256239398,2.258229708478651,389.70531984058016
1,1,1,False,0.8472317457199097,0.15276825428009033,False,0.34723174571990967,0.08204045154131101,0_1_3_2,9.924840313,1.008329066,2.549614523,1.853179807,Si1,Si1,combo_002,17,351.9735932,583.4715913,0.000238971,0.041341983,934.4247136,185.000001,79.0,,,18.392513655751163,2.570850430636625,351.181676588916
1,1,1,False,0.5166794061660767,0.48332059383392334,True,0.01667940616607666,0.05056561199187277,1_1_0_1,11.47681446,1.342707332,1.348814284,1.024376147,Si1,PU,combo_001,18,363.0088093,798.7496382,0.01583291,0.042498864,1018.238846,204.000001,87.6,,,11.756574976368684,1.8110628286331303,362.9681037907316
1,1,1,False,0.5287327170372009,0.4712672829627991,True,0.028732717037200928,0.050861244648606696,3_1_0_3,14.49967626,1.302782569,1.181483196,2.124877119,Si1,PU,combo_001,19,410.3205514,669.4295419,-0.028620702,0.034980858,1215.414977,194.000001,90.6,,,30.810030317781496,1.5392157133152105,411.13398434542086
1,1,1,False,0.8479129672050476,0.1520870327949524,False,0.3479129672050476,0.06600106538497492,0_1_3_3,8.033887156,1.060719416,2.999526368,2.337111353,Si1,Si1,combo_002,20,330.1362584,1000.869636,0.000191697,0.043131881,818.3473795,160.000001,72.0,,,18.776088881008484,3.181655857341561,326.90454860756626
1,1,1,False,0.9648112058639526,0.03518879413604736,False,0.46481120586395264,0.1838932167589141,0_0_3_2,8.126060748,0.969243702,2.740169379,1.970847585,Si1,PU,combo_001,21,343.0519394,814.7061232,0.008342065,0.047142365,844.5411954,130.000001,72.1,,,16.015227200759096,2.6558919130090013,339.1067392415461
0,0,0,False,0.31900668144226074,0.6809933185577393,False,0.18099331855773926,0.10316205194784213,2_0_3_1,12.83018789,0.766444423,2.981181108,1.311030195,Si1,Si1,combo_002,1,393.662206,282.5414595,-0.000311605,0.055171214,1132.925759,210.1,89.6,Itr_14,,16.82076373131334,2.2849096341795607,392.1991445894382
1,1,1,False,0.8745640516281128,0.1254359483718872,False,0.3745640516281128,0.0947790207977364,1_1_0_3,10.36478264,1.426550325,1.286127271,2.385613689,Si1,PU,combo_001,2,350.3697877,619.6788001,0.012748445,0.0352457,917.6645934,165.000001,75.0,,,24.726367349493557,1.834725276436413,351.15739103810273
0,0,1,True,0.5768280029296875,0.4231719970703125,True,0.0768280029296875,0.13058032879286893,3_1_1_2,15.922578,1.121647371,1.691874436,1.692480482,Si1,PU,combo_001,3,432.8030357,280.3708268,0.000388915,0.05536293,1347.264406,243.9,104.3,,,26.948652488122594,1.8976865132015075,430.9366804997938
1,1,1,False,0.7247119545936584,0.27528804540634155,False,0.22471195459365845,0.10770161539287317,1_1_0_3,10.67452617,1.305046211,1.573172912,2.43245549,Si1,PU,combo_001,4,359.4535684,540.5069,0.008504537,0.03169873,974.8746104,186.0,83.6,,,25.965309785365175,2.0530633480534366,360.1466220196899
0,0,1,True,0.6096231341362,0.39037686586380005,False,0.10962313413619995,0.08214501550113958,0_1_2_3,8.022530915,1.29668216,2.399743787,2.474092454,Si1,PU,combo_001,5,324.743269,284.2436979,-0.000957066,0.055313508,791.0811433,166.5,72.3,,,19.848483198783217,3.11170495717374,323.78177532098385
0,0,0,False,0.4020351469516754,0.5979648530483246,True,0.09796485304832458,0.1286967004668543,3_1_0_0,15.69350685,1.077986567,1.243725997,0.745746559,Si1,Si1,combo_002,6,421.5364428,284.4300909,-0.000383188,0.055339518,1313.349764,217.5,95.4,,,11.70337873203043,1.3407199177946822,425.9214258324437
0,0,0,False,0.351043164730072,0.648956835269928,False,0.14895683526992798,0.10611476607742155,3_1_0_1,15.9761257,1.222839799,1.177721119,1.116553913,Si1,PU,combo_001,7,426.5432755,280.6252623,-0.000390253,0.055067728,1339.020963,225.6,94.9,,,17.838205664914863,1.440164256436015,427.1420515710655
1,1,0,True,0.4384998381137848,0.5615001618862152,True,0.06150016188621521,0.12025009566212222,1_1_0_3,10.24339621,1.474019656,1.134344993,2.076379214,Si1,Si1,combo_002,8,346.1318624,544.2756492,0.014075295,0.033830095,893.1528329,169.000001,76.0,,,21.26917497121038,1.6720468163671824,345.18927844666047
0,0,1,True,0.6863141059875488,0.31368589401245117,False,0.18631410598754883,0.1470798078044711,0_1_0_3,8.023007605,1.445981956,1.291267724,2.286789773,Si1,PU,combo_001,9,317.1899977,283.3838751,0.000957126,0.055315236,773.8716092,153.9,71.6,,,18.346931739815226,1.867149829269188,312.1425495579476
0,0,1,True,0.7758289575576782,0.22417104244232178,False,0.2758289575576782,0.10790357685442692,0_1_0_3,9.214904316,1.487747242,1.121347953,2.341592258,Si1,Si1,combo_002,10,328.137013,318.3763457,-0.000663668,0.055402813,822.028527,164.5,72.0,,,21.577548604556384,1.6682823243980955,329.681729889961
1,1,0,True,0.4695471227169037,0.5304528772830963,True,0.030452877283096313,0.09434233942992533,0_1_0_3,9.031629437,1.413890969,1.43167797,2.295319513,Si1,PU,combo_001,11,333.8837228,509.5177286,-0.002383048,0.035745724,840.0520184,165.000001,76.3,,,20.7304752809313,2.024236552299253,333.6961572142643
0,0,0,False,0.43824824690818787,0.5617517530918121,True,0.061751753091812134,0.04780145889435185,2_0_3_1,12.3592988,0.923711392,2.984613787,1.248060785,Si1,PU,combo_001,12,387.6118151,284.3811575,0.001499162,0.055334587,1119.876363,204.6,86.5,,,15.425156162377558,2.756921755772161,387.7834946980329
0,0,1,True,0.5291180610656738,0.47088193893432617,True,0.029118061065673828,0.0501666526550182,3_0_2_3,15.95863584,0.911694388,2.227029845,2.095969998,Si1,Si1,combo_002,13,432.620553,278.7054255,0.000389816,0.05503712,1368.399005,253.4,103.1,,,33.44882192964753,2.03037061159501,432.02015750580534
1,1,1,False,0.8307753801345825,0.16922461986541748,False,0.3307753801345825,0.06410008581409167,2_0_2_3,13.97079819,0.922620001,2.152096763,2.146208097,Si1,Si1,combo_002,14,412.0687837,613.112692,-0.03095092,0.03095092,1225.491617,219.000001,94.9,,,29.984240196930948,1.9855675176311565,411.64193643770875
1,1,0,True,0.4759640097618103,0.5240359902381897,True,0.024035990238189697,0.06756561503441992,1_1_2_3,11.96952353,1.040960707,2.077628019,2.348285194,Si1,PU,combo_001,15,387.970129,817.7391713,-0.003771145,0.04728436,1122.252561,222.000001,86.0,,,28.107854884733612,2.1627291315412496,386.44289460377854
0,0,0,False,0.2402178794145584,0.7597821205854416,False,0.2597821205854416,0.08018674101561706,0_1_3_3,9.75774974,1.117252053,2.905962985,2.448143761,Si1,PU,combo_001,16,351.720736,283.4756571,0.001643556,0.055220869,917.3763187,187.7,77.9,,,23.888374147380368,3.246693110933258,351.18081162129045
1,1,1,False,0.9804253578186035,0.019574642181396484,False,0.4804253578186035,0.050048509084201914,3_0_2_3,14.19010525,0.747645729,2.510451816,2.005042474,Si1,Si1,combo_002,17,419.3197946,521.8949337,-0.005875247,0.0376707,1248.904081,193.000001,94.6,,,28.45176373678039,1.8769285780926939,417.84260207524466
0,0,0,False,0.2659015655517578,0.7340984344482422,False,0.2340984344482422,0.050248490318835125,2_1_1_3,13.91843298,1.061917514,1.768801922,2.381546638,Si1,Si1,combo_002,18,409.607232,284.1540236,-0.000338811,0.055193671,1228.568673,229.2,95.7,,,33.14739726974732,1.8783217397686618,408.4360210953599
1,1,1,False,0.811003565788269,0.18899643421173096,False,0.31100356578826904,0.09052447927487049,1_1_0_3,10.25891648,1.458741784,1.112643983,2.456183918,Si1,Si1,combo_002,19,350.5302388,900.2047432,0.001731261,0.037840419,899.8575433,164.000001,76.0,,,25.197785674281167,1.6230602687182856,348.238486425928
1,1,1,False,0.7298609018325806,0.27013909816741943,False,0.22986090183258057,0.09142503651189887,3_0_2_3,14.6901419,0.9241333,2.12238134,2.225109639,Si1,Si1,combo_002,20,418.0872281,654.2686246,0.023276728,0.026141556,1279.259615,234.000001,97.7,,,32.68717633996777,1.9613632715926221,420.16099968359464
1,1,1,False,0.5704866051673889,0.4295133948326111,True,0.07048660516738892,0.07243871757369491,0_1_3_0,8.188685296,1.302146721,2.847193383,0.609642001,Si1,PU,combo_001,1,313.5229227,797.1138711,-0.000195567,0.042829228,796.6777915,157.000001,72.6,Itr_15,,4.992166489412717,3.7074635277263472,314.1113683817471
0,0,0,False,0.30784350633621216,0.6921564936637878,False,0.19215649366378784,0.0962731927621994,1_1_2_0,11.39693364,1.019987694,2.470606628,0.571700559,Si1,Si1,combo_002,2,360.2838687,283.9217104,0.002481959,0.055327325,1021.990663,194.3,84.8,,,6.515633332873906,2.5199883572748356,360.66586358435694
0,0,1,True,0.7368341684341431,0.26316583156585693,False,0.23683416843414307,0.12311427560212274,0_1_3_0,8.77886552,1.244655547,2.929281429,0.94306076,Si1,PU,combo_001,3,326.1412194,284.6827378,0.000210322,0.055302149,842.6612191,176.5,74.3,,,8.279003589228996,3.6459463793289366,326.5215468442486
0,0,0,False,0.28612643480300903,0.713873565196991,False,0.21387356519699097,0.13523198185291702,1_1_3_0,10.33454459,1.031869141,2.755626371,0.909024841,Si1,Si1,combo_002,4,347.4162976,322.1277011,0.002242922,0.055412699,933.806832,180.4,81.1,,,9.39435775273216,2.8434458163607172,346.0557150248312
0,0,0,False,0.4702121615409851,0.5297878384590149,True,0.029787838459014893,0.08433540704488061,3_1_0_3,15.99171086,1.220121637,1.236188073,2.189629733,Si1,PU,combo_001,5,429.4192024,284.3780376,-0.000390643,0.055094993,1335.397517,243.8,95.8,,,35.015925580594995,1.5082998152686358,429.6587322118178
0,0,1,True,0.6149095296859741,0.3850904703140259,False,0.11490952968597412,0.13206165890395097,1_1_3_0,10.36103421,1.183622019,2.562877205,0.501082972,Si1,PU,combo_001,6,344.2650908,319.6183779,0.002248882,0.055236333,946.2669628,182.4,81.1,,,5.191737814940471,3.033477891831177,344.9949764674058
0,0,1,True,0.7777565121650696,0.22224348783493042,False,0.2777565121650696,0.0863216847537366,0_1_2_2,8.426081328,1.249142839,2.34117385,1.559177941,Si1,Si1,combo_002,7,322.5835997,317.1036348,0.000201502,0.03727787,816.39577,165.8,73.6,,,13.137760135689586,2.92446054958156,322.7011939386202
0,0,1,True,0.7493171691894531,0.2506828308105469,False,0.24931716918945312,0.05004043668412055,2_1_1_2,13.8111216,1.168099736,1.607577976,1.613515909,Si1,PU,combo_001,8,405.370214,284.7561514,-0.000336128,0.055312496,1249.734072,218.1,94.2,,,22.284464422733535,1.8778114093650145,404.9694166468301
0,0,0,False,0.2301941215991974,0.7698058784008026,False,0.2698058784008026,0.08112092655281615,2_1_0_0,13.83465753,1.323913431,1.161420421,0.708937873,Si1,PU,combo_001,9,394.8581367,284.6295895,-0.000336717,0.055360753,1155.097732,195.3,88.5,,,9.807912683001634,1.5376200943995746,397.31497995570464
1,1,0,True,0.3501681089401245,0.6498318910598755,False,0.1498318910598755,0.1262286198573937,3_1_1_1,14.90671604,1.089041367,1.710663542,1.166417884,Si1,PU,combo_001,10,418.0265457,575.9967312,-0.004725734,0.026536814,1356.25617,223.000001,99.4,,,17.387460180765657,1.8629833622567422,420.50507539112203
0,0,0,False,0.35034626722335815,0.6496537327766418,False,0.14965373277664185,0.1534296325287281,3_1_0_0,14.71266792,1.290744923,1.128600555,0.934253776,Si1,PU,combo_001,11,412.3378578,278.4029059,0.002510667,0.05536734,1231.507514,202.4,91.3,,,13.745365559294067,1.4567354364612324,408.84143524231297
1,1,1,False,0.615575909614563,0.384424090385437,False,0.11557590961456299,0.09993717374448716,0_1_3_3,9.215553207,1.030230631,2.83763343,2.21856746,Si1,Si1,combo_002,12,343.9917287,884.6675654,-0.000663716,0.033407051,899.2873301,169.000001,75.6,,,20.445326470948842,2.923416879135594,342.71880629523093
1,1,0,True,0.39946669340133667,0.6005333065986633,False,0.10053330659866333,0.08112092655281615,2_1_0_0,13.20157771,1.291916248,1.158714974,0.693410145,Si1,Si1,combo_002,13,385.8573557,523.4242818,-0.03497695,0.038827623,1106.265948,180.000001,86.8,,,9.154107914119868,1.4969627017114975,385.722405669242
0,0,1,True,0.513732373714447,0.486267626285553,True,0.013732373714447021,0.13579402412212538,3_1_1_0,15.90461825,1.01774187,1.988220626,0.905499396,Si1,PU,combo_001,14,430.6416342,279.5733235,-0.000388466,0.055331051,1430.789635,230.6,102.8,,,14.401622218985576,2.023495377877811,430.87153665494833
1,1,0,True,0.3495912551879883,0.6504087448120117,False,0.15040874481201172,0.11781135592417989,2_0_1_2,13.78827943,0.993421515,1.968216644,1.795952945,Si1,Si1,combo_002,15,406.8697406,795.3067769,-0.035233485,0.030535687,1217.171392,214.000001,94.7,,,24.76310104879142,1.9552687603306955,406.9441159125204
0,0,0,False,0.17435739934444427,0.8256426006555557,False,0.3256426006555557,0.07511257251029836,1_1_2_3,11.92960808,1.018791577,2.265075421,2.498635419,Si1,PU,combo_001,16,387.4468928,284.1876491,-0.001445451,0.055213569,1113.687633,208.9,85.4,,,29.807741283476588,2.307639760184529,390.21298801545635
1,1,0,True,0.45630908012390137,0.5436909198760986,True,0.04369091987609863,0.14078713105938462,0_1_1_2,9.968852794,1.219175002,1.963147328,1.942087813,Si1,Si1,combo_002,17,346.3551517,631.8720099,-0.000720214,0.036730901,917.9495999,186.000001,80.3,,,19.3603875208184,2.3934201475406947,347.0852463404262
1,1,1,False,0.8611509203910828,0.13884907960891724,False,0.36115092039108276,0.0501666526550182,3_0_2_3,15.83482738,0.822949659,2.259910456,2.09003883,Si1,Si1,combo_002,18,430.9939439,527.7374224,0.000386721,0.039058796,1374.61527,220.000001,100.1,,,33.09540409054717,1.8597925391357344,435.93857617875847
0,0,1,True,0.8578945398330688,0.14210546016693115,False,0.35789453983306885,0.05079141199449191,3_0_2_1,15.62041874,0.814826059,2.07748836,1.130961718,Si1,Si1,combo_002,19,433.3659193,284.7037199,-0.000381361,0.055207956,1382.838137,232.7,99.5,,,17.666095614069796,1.6927916529971732,431.3484595810206
0,0,0,False,4.6345019654836506e-05,0.9999536549803452,False,0.49995365498034516,0.6492958274425368,3_3_3_3,15.72499048,2.453613854,2.946297473,2.498806103,Si1,Si1,combo_002,20,354.3964287,246.3858116,-0.000383975,0.055396182,1050.323025,285.4,109.0,,,39.293702181040906,7.229076297757991,354.03284847915666
0,0,0,False,0.0028098891489207745,0.9971901108510792,False,0.4971901108510792,0.23404563195319092,3_2_1_0,14.54523908,1.800429488,1.954835035,0.967459446,Si1,PU,combo_001,21,378.6270346,266.4285765,0.002481367,0.055399518,1148.717581,230.3,99.1,,,14.071928942274349,3.519542641189512,375.1778648374626
1,1,1,False,0.813835620880127,0.18616437911987305,False,0.31383562088012695,0.06600106538497492,0_1_3_3,8.27662426,1.166548289,2.995672396,2.387368423,Si1,PU,combo_001,1,331.8561448,957.0786489,0.000593297,0.042519583,829.1097639,166.000001,72.6,Itr_16,,19.75935140735974,3.4945965079583305,332.8660982950884
0,0,0,False,0.3386547565460205,0.6613452434539795,False,0.1613452434539795,0.08301030703144852,3_0_3_0,15.86274599,0.918069875,2.870828239,0.953858634,Si1,PU,combo_001,2,426.4311918,276.6931944,-0.000387419,0.055256731,1363.862595,233.5,101.3,,,15.130817221510378,2.6356209225252005,426.10636896728863
1,1,1,False,0.5867491960525513,0.41325080394744873,True,0.08674919605255127,0.10118525402104595,0_1_0_1,8.093385496,1.394519012,1.225921519,1.448523677,Si1,Si1,combo_002,3,317.5143614,822.4795289,0.004443249,0.04230746,777.8630954,159.000001,72.2,,,11.723460518044389,1.709570865465419,311.89319003555227
0,0,1,True,0.6867472529411316,0.3132527470588684,False,0.1867472529411316,0.06289860540203694,3_1_0_1,15.98332879,1.141935211,1.171545223,1.408994018,Si1,Si1,combo_002,4,430.8326495,282.2818234,-0.000390433,0.055080328,1344.297385,230.7,96.8,,,22.52041465283718,1.3378287414225472,427.6670424839935
1,1,0,True,0.4608326852321625,0.5391673147678375,True,0.039167314767837524,0.1570335239424721,0_1_3_1,8.161608144,1.160909938,2.896501964,1.339494291,Si1,Si1,combo_002,5,319.0586287,604.6303771,0.00019489,0.038393379,809.3422103,159.000001,72.6,,,10.932427514267108,3.3625779154441187,319.10400062131873
0,0,0,False,0.17066363990306854,0.8293363600969315,False,0.32933636009693146,0.07196880450412368,3_0_3_2,15.6324481,0.952265005,2.963728783,1.948806947,Si1,PU,combo_001,6,426.246431,283.5966968,0.000381661,0.05522961,1347.39614,251.9,100.9,,,30.464623455896948,2.822255204362139,426.37643709766786
0,0,0,False,0.16398924589157104,0.836010754108429,False,0.33601075410842896,0.0964470582561953,1_1_0_3,11.1184586,1.473157369,1.143645422,2.175804408,Si1,Si1,combo_002,7,359.4767527,283.5397036,0.000268812,0.055437585,940.5095702,191.6,79.7,,,24.191591232045507,1.6847696809424149,359.46387573598025
1,1,1,False,0.5787543058395386,0.4212456941604614,True,0.07875430583953857,0.05045836819561094,0_1_2_2,9.091073863,1.23643932,2.484794632,1.899976789,Si1,PU,combo_001,8,338.5215313,593.4130464,0.001090634,0.042098463,868.5336819,177.000001,75.3,,,17.272829326784567,3.07229778512973,337.40991046413546
0,0,0,False,0.37076282501220703,0.629237174987793,False,0.12923717498779297,0.05041848160491736,2_1_0_0,13.14861815,1.181509734,1.430012807,0.712743345,Si1,Si1,combo_002,9,387.4137141,283.0344906,-0.000319565,0.055232629,1176.668259,205.9,92.5,,,9.371590082358713,1.6895740512151634,388.6091148168063
0,0,0,False,0.37653788924217224,0.6234621107578278,False,0.12346211075782776,0.142299138913602,2_1_0_1,12.64066419,1.300850342,1.292510009,1.313394875,Si1,Si1,combo_002,10,381.8112763,283.2006727,0.000306867,0.055367994,1056.875227,200.8,84.9,,,16.602183563742027,1.6813620872460728,381.4941242965937
0,0,1,True,0.6577600836753845,0.3422399163246155,False,0.15776008367538452,0.07577050527531518,1_1_2_3,10.9602052,1.150389381,2.100612604,2.029302064,Si1,PU,combo_001,11,368.0535592,284.1623947,0.000264855,0.055294946,1010.609117,198.1,83.7,,,22.241567034223532,2.4165224332363584,366.6550729939952
0,0,0,False,0.21786892414093018,0.7821310758590698,False,0.2821310758590698,0.0964470582561953,1_1_0_2,11.35890508,1.43778949,1.172546061,1.998552144,Si1,Si1,combo_002,12,364.307542,283.6531401,0.000274823,0.055232275,960.6687922,193.6,80.5,,,22.70136410112649,1.6858744030466988,363.53248797338813
0,0,0,False,0.1536104828119278,0.8463895171880722,False,0.3463895171880722,0.06545490848082806,2_0_3_3,12.96886939,0.895448,2.994399525,2.474422772,Si1,PU,combo_001,13,402.4993654,282.2668355,-0.000315072,0.05516124,1164.075972,220.3,90.2,,,32.09046574570975,2.6813290658622,402.68808737360405
0,0,1,True,0.5426841974258423,0.4573158025741577,True,0.042684197425842285,0.11649544844274644,3_1_2_2,15.8005804,1.041905626,2.29445959,1.621305414,Si1,PU,combo_001,14,430.361816,279.3654806,-0.000385865,0.05514638,1381.949881,244.0,100.4,,,25.617566546862285,2.3906103554506535,428.56449821591025
0,0,0,False,0.1574937254190445,0.8425062745809555,False,0.3425062745809555,0.07799793572685111,2_0_3_3,13.88669698,0.873605712,2.599465872,2.465591285,Si1,Si1,combo_002,15,407.2682195,283.5305983,-0.000338018,0.055129418,1200.553905,230.4,94.2,,,34.23891905132382,2.270908233928261,408.1521681039961
0,0,0,False,0.4051249921321869,0.5948750078678131,True,0.09487500786781311,0.11493021169210342,1_0_3_3,11.9489912,0.899154855,2.862917587,2.062136159,Si1,PU,combo_001,16,388.8886012,320.5766677,-0.001447874,0.055259604,1102.339296,206.9,85.3,,,24.6404468170928,2.574206247815935,388.413206582637
0,0,0,False,0.1449972689151764,0.8550027310848236,False,0.3550027310848236,0.08332986570913122,0_1_1_3,9.991417206,1.2159632,2.014251717,2.342704432,Si1,Si1,combo_002,17,349.2354242,283.2154471,0.00216572,0.055423083,913.4571501,191.0,80.1,,,23.406937370457257,2.4492559634088145,348.0541455431925
1,1,1,False,0.6461775898933411,0.35382241010665894,False,0.14617758989334106,0.05004043668412055,2_1_1_2,13.97578224,1.156231323,1.582098494,1.699895374,Si1,PU,combo_001,18,408.5925266,679.3460223,0.029601272,0.032323228,1264.349155,208.000001,95.3,,,23.757367577807358,1.8292718348339276,408.6889126742351
1,1,1,False,0.8819514513015747,0.11804854869842529,False,0.3819514513015747,0.05049206656095711,0_0_3_3,9.481266474,0.988819363,2.670690301,2.272800704,Si1,Si1,combo_002,19,348.679187,542.5335535,-0.000683645,0.039423543,913.4748815,180.000001,76.0,,,21.549029116918796,2.640830282205098,348.57820842562035
0,0,0,False,0.00010872045822907239,0.9998912795417709,False,0.4998912795417709,0.5506948849389677,3_3_0_0,15.7041596,2.467473806,1.116048272,0.556773253,Si1,Si1,combo_002,20,355.2352171,251.2238664,-0.000383454,0.055358688,1044.366892,237.0,100.8,,,8.74365602612318,2.7538198773915634,357.7966068078952
0,0,0,False,0.0006657083285972476,0.9993342916714028,False,0.49933429167140275,0.13432288323830174,2_3_1_3,12.00361924,2.34717716,2.02176454,2.279084143,Si1,Si1,combo_002,21,321.9170951,253.2190436,-0.001454702,0.055389345,851.0222382,238.4,91.1,,,27.357258268493712,4.745439551185907,321.1615272665605
0,0,1,True,0.6031257510185242,0.39687424898147583,False,0.10312575101852417,0.09870714877940624,2_1_1_3,12.15894585,1.067939742,1.972705092,2.194000242,Si1,PU,combo_001,1,389.4009964,283.8764629,-0.001474118,0.055168599,1135.974389,208.0,86.4,Itr_17,,26.676730137364896,2.106730166992566,386.8050264472492
1,1,0,True,0.4454527795314789,0.5545472204685211,True,0.05454722046852112,0.09423151932955992,0_1_3_0,9.437119428,1.253654134,2.591155115,0.619548725,Si1,PU,combo_001,2,331.2768926,557.5806969,0.002948114,0.037871926,877.8189375,175.000001,78.2,,,5.84675530929013,3.248412321754995,330.83540445492343
1,1,1,False,0.6182869672775269,0.38171303272247314,False,0.11828696727752686,0.134122521096601,2_1_1_2,12.00863753,1.120717107,1.827677741,1.964901077,Si1,PU,combo_001,3,384.4369067,649.7089764,-0.045697354,0.03230832,1094.148472,195.000001,87.2,,,23.595784815999618,2.0483097104218153,384.62677002638793
0,0,1,True,0.7497990727424622,0.25020092725753784,False,0.24979907274246216,0.06005022118072926,0_1_3_0,9.233173383,1.216140869,2.886362756,0.731224327,Si1,PU,combo_001,4,330.0215738,319.9877616,0.000221679,0.055238227,871.4939255,166.6,75.8,,,6.751520993058488,3.5102237103310747,331.36716093470244
1,1,1,False,0.64990234375,0.35009765625,False,0.14990234375,0.10911858566643441,0_1_0_0,8.934216198,1.447688477,1.356330003,0.682598683,Si1,Si1,combo_002,5,319.2029698,652.8104706,0.001071028,0.040056429,814.4621261,171.000001,76.8,,,6.098484210392067,1.9635433163524756,315.4500482851898
0,0,0,False,0.34575289487838745,0.6542471051216125,False,0.15424710512161255,0.1400419714013203,3_0_3_2,14.80510294,0.763418851,2.909485514,1.79073149,Si1,Si1,combo_002,6,416.9430074,284.3531055,-0.000360978,0.05518429,1266.815762,240.7,97.1,,,26.51196404734958,2.221156088099024,417.26850551520596
1,1,1,False,0.6045292615890503,0.3954707384109497,False,0.10452926158905029,0.06884440428713781,0_1_2_0,9.377410965,1.225467831,2.414727994,0.622984077,Si1,Si1,combo_002,7,326.5660461,903.4256193,0.000675856,0.046183476,871.9162273,181.000001,76.5,,,5.841977714680204,2.9591714772621613,327.76793576300713
0,0,1,True,0.5686537027359009,0.4313462972640991,True,0.06865370273590088,0.12042457302289328,1_0_3_2,10.76837052,0.882377893,2.857869092,1.570151883,Si1,Si1,combo_002,8,362.6766007,321.7384052,0.001300296,0.055316281,990.1523423,184.1,82.5,,,16.90797724881969,2.521720507868783,362.59817830987396
1,1,0,True,0.1626315414905548,0.8373684585094452,False,0.3373684585094452,0.09121049958978773,3_1_0_1,15.90311093,1.097598429,1.464992584,1.071934089,Si1,PU,combo_001,9,430.1198721,546.9191535,-0.00349585,0.037677492,1445.957053,216.000001,105.3,,,17.047086727015493,1.6079735586950505,431.1178694559701
1,1,1,False,0.7182839512825012,0.2817160487174988,False,0.21828395128250122,0.08773611131094121,1_1_1_0,10.92235594,1.234404606,1.853932259,0.842639225,Si1,PU,combo_001,10,356.6724242,898.7107,-0.006069907,0.04143371,996.0723178,192.0,83.8,,,9.203605544455746,2.288502519721585,356.2599325575772
1,1,1,False,0.5580269694328308,0.4419730305671692,True,0.05802696943283081,0.07577050527531518,1_1_1_2,11.2642987,1.108089185,2.010253225,1.949621899,Si1,PU,combo_001,11,373.2336488,575.4439858,0.017709738,0.026973293,1045.512379,195.000001,84.2,,,21.961123422397232,2.2275398577338716,374.00198138451674
0,0,1,True,0.6755402684211731,0.3244597315788269,False,0.1755402684211731,0.06628222484907216,3_1_0_0,15.57145583,1.084475579,1.42081362,0.571017409,Si1,PU,combo_001,12,425.5833552,283.0065529,0.000380137,0.055119828,1418.410727,226.5,103.8,,,8.891572362404544,1.5408376732005862,425.93341224739277
0,0,1,True,0.8438445329666138,0.15615546703338623,False,0.34384453296661377,0.19722165680557643,3_0_3_2,15.98628496,0.961835657,2.595376951,1.906988428,Si1,PU,combo_001,13,433.7299402,279.751788,-0.000390507,0.05508549,1389.224688,251.9,102.2,,,30.485660425430446,2.4963260948277415,433.1532277720552
0,0,0,False,0.34388187527656555,0.6561181247234344,False,0.15611812472343445,0.06134158936717201,2_1_0_3,13.7852997,1.108206188,1.560860807,2.087501164,Si1,Si1,combo_002,14,406.6023517,282.8546807,-0.000335483,0.055259565,1229.539942,225.3,94.4,,,28.776829169838848,1.7297556049240739,406.91880770875565
1,1,0,True,0.4639877676963806,0.5360122323036194,True,0.036012232303619385,0.056955325286958354,1_0_2_3,11.82704959,0.938357956,2.434778763,2.330201679,Si1,PU,combo_001,15,388.3003877,792.0737,0.03065831,0.03008526,1110.989808,206.0,85.1,,,27.559410812234262,2.284694023360889,387.57156514589
0,0,0,False,0.36666154861450195,0.633338451385498,False,0.13333845138549805,0.10544945288705919,0_1_2_3,9.859081424,1.089292179,2.368620814,2.449887847,Si1,Si1,combo_002,16,350.5526342,315.9103509,0.000711981,0.047228073,923.1054762,180.6,78.4,,,24.15364376324105,2.5801201277068135,350.7322495671805
1,1,1,False,0.7503140568733215,0.24968594312667847,False,0.25031405687332153,0.05041848160491736,2_1_0_0,12.91270507,1.154652764,1.376641734,0.659713552,Si1,Si1,combo_002,17,385.7722368,524.1669493,-0.042345129,0.034817106,1172.159198,202.000001,91.4,,,8.518686527658108,1.5895431832008526,386.9640550175028
1,1,1,False,0.5156823396682739,0.4843176603317261,True,0.015682339668273926,0.05045836819561094,0_1_2_2,9.05315452,1.260306073,2.39284574,1.887457921,Si1,PU,combo_001,18,336.4078243,907.0568944,0.000217179,0.039743711,863.0011972,172.000001,75.3,,,17.08744820881095,3.0157180178741787,335.96816774824856
0,0,1,True,0.7814862132072449,0.21851378679275513,False,0.2814862132072449,0.07372218242281794,0_1_1_0,8.076631316,1.37293216,1.926121702,0.534831954,Si1,Si1,combo_002,19,307.4891988,317.9050338,-0.000578297,0.043757825,770.7449697,157.6,73.0,,,4.3196405084738725,2.6444344287497366,307.0960515089442
0,0,0,False,5.622448043141048e-06,0.9999943775519569,False,0.49999437755195686,0.2873619564338459,0_3_0_2,9.798289068,2.480347935,1.247132985,1.855696199,Si1,Si1,combo_002,20,289.0767436,255.4757527,0.002122265,0.055339448,718.6948437,197.4,77.6,,,18.182647780190855,3.093323724015136,287.97500073125457
