{
  "model_mode": "auto",
  "selected_model": "gp",
  "reason": "MLP is not eligible. Falling back to GP.",
  "gp_cv_result": {
    "fold_count": 5,
    "accuracy_mean": 0.9142857142857144,
    "accuracy_std": 0.028571428571428602,
    "accuracy": 0.9142857142857144,
    "tp_precision_mean": 0.9036630036630037,
    "tp_precision_std": 0.06692218472411922,
    "tp_precision": 0.9036630036630037,
    "tp_recall_mean": 0.9241758241758242,
    "tp_recall_std": 0.048700043530022726,
    "tp_recall": 0.9241758241758242,
    "tp_f1_mean": 0.9108058608058608,
    "tp_f1_std": 0.027187779507712128,
    "tp_f1": 0.9108058608058608,
    "tmax_mae_mean": 1.8905988243006888,
    "tmax_mae_std": 0.4352441923537601,
    "tmax_mae": 1.8905988243006888,
    "tmax_rmse_mean": 2.3759225553574135,
    "tmax_rmse_std": 0.40817218553872164,
    "tmax_rmse": 2.3759225553574135,
    "tmax_r2_mean": 0.997660504870095,
    "tmax_r2_std": 0.0010343943792101265,
    "tmax_r2": 0.997660504870095,
    "weighted_mean_score": 0.9201648351648352,
    "weighted_std_score": 0.042246364323329545,
    "stable_score": 0.8990416530031704,
    "cv_splits": 5
  },
  "gp_score": 0.8990416530031704,
  "mlp_eligibility": {
    "n_total": 140,
    "n_notp": 74,
    "n_tp": 66,
    "min_combo_count": 10,
    "torch_available": true,
    "notp_total": false,
    "notp_count": false,
    "tp_count": false,
    "combo_floor": true,
    "torch_ready": true,
    "eligible": false
  },
  "mlp_cv_result": null,
  "mlp_score": null,
  "tuned_gp_params": {
    "kernel": "Matern52",
    "constant": 1.5930522616241019,
    "length_scale": 2.2989971688740667
  },
  "tuned_mlp_params": null,
  "tuned_tmax_params": {
    "kernel": "Matern32",
    "constant": 0.514773223583074,
    "length_scale": 3.1501021796574915,
    "noise_level": 1.2649934299374104e-05,
    "alpha": 9.952508755176829e-05,
    "normalize_y": true
  }
}