{
  "model_mode": "auto",
  "selected_model": "gp",
  "reason": "GP selected. MLP composite_score did not exceed GP by margin. gp=0.8236, mlp=0.7874.",
  "gp_cv_result": {
    "fold_count": 5,
    "accuracy_mean": 0.799067599067599,
    "accuracy_std": 0.04301475006780345,
    "accuracy": 0.799067599067599,
    "tp_precision_mean": 0.8229755910951241,
    "tp_precision_std": 0.03664010075618182,
    "tp_precision": 0.8229755910951241,
    "tp_recall_mean": 0.7915214866434379,
    "tp_recall_std": 0.06170079250795663,
    "tp_recall": 0.7915214866434379,
    "tp_f1_mean": 0.8062016495390992,
    "tp_f1_std": 0.045078088805829745,
    "tp_f1": 0.8062016495390992,
    "tmax_mae_mean": 1.5841463370353082,
    "tmax_mae_std": 0.19125833953148652,
    "tmax_mae": 1.5841463370353082,
    "tmax_rmse_mean": 2.1428709968308146,
    "tmax_rmse_std": 0.42842139526462236,
    "tmax_rmse": 2.1428709968308146,
    "tmax_r2_mean": 0.9969299684872375,
    "tmax_r2_std": 0.0016560844873540397,
    "tmax_r2": 0.9969299684872375,
    "weighted_mean_score": 0.7959255355121363,
    "weighted_std_score": 0.056713981397318564,
    "stable_score": 0.767568544813477,
    "cv_splits": 5
  },
  "gp_score": 0.767568544813477,
  "mlp_eligibility": {
    "n_total": 388,
    "n_notp": 182,
    "n_tp": 206,
    "min_combo_count": 23,
    "torch_available": true,
    "notp_total": true,
    "notp_count": true,
    "tp_count": true,
    "combo_floor": true,
    "torch_ready": true,
    "eligible": true
  },
  "mlp_cv_result": {
    "fold_count": 5,
    "accuracy_mean": 0.7423243423243424,
    "accuracy_std": 0.04725280592084562,
    "accuracy": 0.7423243423243424,
    "tp_precision_mean": 0.7715166556659825,
    "tp_precision_std": 0.04883476828466706,
    "tp_precision": 0.7715166556659825,
    "tp_recall_mean": 0.7334494773519165,
    "tp_recall_std": 0.06097063195211717,
    "tp_recall": 0.7334494773519165,
    "tp_f1_mean": 0.7509370706564547,
    "tp_f1_std": 0.04761069996887443,
    "tp_f1": 0.7509370706564547,
    "tmax_mae_mean": 3.5817497249059804,
    "tmax_mae_std": 0.1573280205242422,
    "tmax_mae": 3.5817497249059804,
    "tmax_rmse_mean": 4.814920128834774,
    "tmax_rmse_std": 0.2933470220595341,
    "tmax_rmse": 4.814920128834774,
    "tmax_r2_mean": 0.9853187078558504,
    "tmax_r2_std": 0.003458816154430409,
    "tmax_r2": 0.9853187078558504,
    "weighted_mean_score": 0.7386957553432778,
    "weighted_std_score": 0.056962652357144344,
    "stable_score": 0.7102144291647057,
    "cv_splits": 5
  },
  "mlp_score": 0.7102144291647057,
  "gp_holdout_result": {
    "accuracy": 0.8205128205128205,
    "tp_precision": 0.813953488372093,
    "tp_recall": 0.8536585365853658,
    "tp_f1": 0.8333333333333334,
    "confusion_matrix_labels_NoTP0_TP1": [
      [
        29,
        8
      ],
      [
        6,
        35
      ]
    ],
    "tmax_mae": 1.5256696899652549,
    "tmax_rmse": 2.4417375931096488,
    "tmax_r2": 0.9961653803491539,
    "holdout_n": 78,
    "tmax_eval_n": 37,
    "weighted_score": 0.8475609756097561
  },
  "mlp_holdout_result": {
    "accuracy": 0.782051282051282,
    "tp_precision": 0.7727272727272727,
    "tp_recall": 0.8292682926829268,
    "tp_f1": 0.8,
    "confusion_matrix_labels_NoTP0_TP1": [
      [
        27,
        10
      ],
      [
        7,
        34
      ]
    ],
    "tmax_mae": 3.5937306565561657,
    "tmax_rmse": 4.764780950843846,
    "tmax_r2": 0.9853980722985128,
    "holdout_n": 78,
    "tmax_eval_n": 37,
    "weighted_score": 0.8204878048780487
  },
  "composite_weights": {
    "cv": 0.3,
    "holdout": 0.7
  },
  "gp_composite_score": 0.8235632463708723,
  "mlp_composite_score": 0.7874057921640458,
  "tuned_gp_params": {
    "kernel": "Matern32",
    "constant": 1.5751320499779735,
    "length_scale": 0.8066708658064159
  },
  "tuned_mlp_params": {
    "n_layers": 2,
    "width": 256,
    "dropout": 0.1166031869068446,
    "learning_rate": 0.0002516607127550297,
    "weight_decay": 0.0003063462210622083,
    "tmax_loss_weight": 0.4854026613548714
  },
  "tuned_tmax_params": {
    "kernel": "Matern32",
    "constant": 2.165633192276971,
    "length_scale": 1.9607191909588761,
    "noise_level": 1.0019211720007931e-07,
    "alpha": 1.0928945265395314e-07,
    "normalize_y": true
  }
}