{
  "eligibility": {
    "optuna_available": true,
    "gp_optuna_eligible": true,
    "tmax_optuna_eligible": true,
    "mlp_optuna_eligible": true,
    "n_total": 388,
    "n_notp": 182,
    "n_tp": 206
  },
  "gp": {
    "best_value": 0.767568544813477,
    "n_trials": 30,
    "best_params": {
      "kernel": "Matern32",
      "constant": 1.5751320499779735,
      "length_scale": 0.8066708658064159
    }
  },
  "mlp": {
    "best_value": 0.7100452055253151,
    "n_trials": 20,
    "best_params": {
      "n_layers": 2,
      "width": 256,
      "dropout": 0.1166031869068446,
      "learning_rate": 0.0002516607127550297,
      "weight_decay": 0.0003063462210622083,
      "tmax_loss_weight": 0.4854026613548714
    },
    "gate": {
      "min_tp_recall": 0.2,
      "min_tp_f1": 0.15,
      "max_tmax_rmse": null,
      "min_tmax_r2": null,
      "tmax_tiebreak_weight": 0.01,
      "trials_total": 20,
      "trials_passed_gate": 20,
      "trials_failed_gate": 0
    }
  },
  "tmax": {
    "best_value_rmse": 1.9916214235767324,
    "n_trials": 25,
    "best_params": {
      "kernel": "Matern32",
      "constant": 2.165633192276971,
      "length_scale": 1.9607191909588761,
      "noise_level": 1.0019211720007931e-07,
      "alpha": 1.0928945265395314e-07,
      "normalize_y": true
    },
    "objective": "minimize_noTP_tmax_rmse"
  }
}