{
  "model_mode": "auto",
  "selected_model": "gp",
  "reason": "MLP is not eligible. Falling back to GP.",
  "gp_cv_result": {
    "fold_count": 5,
    "accuracy_mean": 0.8245614035087719,
    "accuracy_std": 0.050846935951541904,
    "accuracy": 0.8245614035087719,
    "tp_precision_mean": 0.8451959734418505,
    "tp_precision_std": 0.081430474812594,
    "tp_precision": 0.8451959734418505,
    "tp_recall_mean": 0.824367816091954,
    "tp_recall_std": 0.05311986609918706,
    "tp_recall": 0.824367816091954,
    "tp_f1_mean": 0.8309183724538312,
    "tp_f1_std": 0.04147377668506776,
    "tp_f1": 0.8309183724538312,
    "tmax_mae_mean": 1.8552395206101948,
    "tmax_mae_std": 0.2751742894094536,
    "tmax_mae": 1.8552395206101948,
    "tmax_rmse_mean": 2.410884249453696,
    "tmax_rmse_std": 0.5837434528153396,
    "tmax_rmse": 2.410884249453696,
    "tmax_r2_mean": 0.9961374980375977,
    "tmax_r2_std": 0.0022353989446224345,
    "tmax_r2": 0.9961374980375977,
    "weighted_mean_score": 0.8263329830005172,
    "weighted_std_score": 0.04962603927495127,
    "stable_score": 0.8015199633630415,
    "cv_splits": 5
  },
  "gp_score": 0.8015199633630415,
  "mlp_eligibility": {
    "n_total": 285,
    "n_notp": 137,
    "n_tp": 148,
    "min_combo_count": 17,
    "torch_available": true,
    "notp_total": false,
    "notp_count": true,
    "tp_count": true,
    "combo_floor": true,
    "torch_ready": true,
    "eligible": false
  },
  "mlp_cv_result": null,
  "mlp_score": null,
  "gp_holdout_result": null,
  "mlp_holdout_result": null,
  "composite_weights": {
    "cv": 0.3,
    "holdout": 0.7
  },
  "gp_composite_score": null,
  "mlp_composite_score": null,
  "tuned_gp_params": {
    "kernel": "RBF",
    "constant": 0.5404103854647329,
    "length_scale": 1.4253164479427205
  },
  "tuned_mlp_params": null,
  "tuned_tmax_params": {
    "kernel": "Matern32",
    "constant": 1.4205549820765229,
    "length_scale": 1.8373164040178043,
    "noise_level": 6.944294708513298e-05,
    "alpha": 1.2292143744868687e-06,
    "normalize_y": true
  }
}