try,mean_r2,std_r2,n
1,0.997660504870095,0.0010343943792101445,5
2,0.997660504870095,0.0010343943792101445,5
