A_Cell_D,C_Barrier_Thx,E_Barrier_Outer_Thx,F_ThermalResin_Thx,B_Barrier_Type,D_Barrier_Outer_Type,discrete_combo_id,CellD_x_Resin,Barrier_x_Outer,selected_model_kind,p_tp,p_notp,boundary_score,clf_uncertainty_raw,clf_uncertainty_scaled,tmax_pred_given_notp,tmax_std_given_notp,tmax_scaled,notp_window_score,local_sparsity,combo_priority,acq_boundary,acq_notp_high_tmax,acq_uncertainty_sparse,MaxT_Adj_pred_given_notp,MaxT_Adj_std_given_notp,Max_Power_pred_given_notp,Max_Power_std_given_notp,Time_MaxT_pred_given_notp,Time_MaxT_std_given_notp,Time_Max_Power_pred_given_notp,Time_Max_Power_std_given_notp,acq_misclass_repair
8.383199540162385,1.1424982733226428,1.5017326889774016,0.8503085872861422,Si1,PU,combo_001,7.128306557933315,1.7157270041488506,hybrid,0.49872407,0.5012759,0.99744815,0.27672353,0.8363641882715908,282.37946,1.3437083,0.597234917948083,0.0,0.18278997262862726,0.9999998089999999,0.8697419852876098,0.5772765364009742,0.49740762598793814,283.7999646348664,3.1641765265803907,787.8647338477475,7.4560204243068355,160.05279683164045,2.1315005246892538,73.63298254211385,0.9656522024640831,0.0
10.780006745772042,0.73771330531423,2.536151905527376,0.5020194167741071,Si1,Si1,combo_002,5.4117726993334205,1.8709530050055831,hybrid,0.5035926,0.4964074,0.9928148,0.29492325,0.8913706677446723,287.72568,1.7978432,0.6631613291932619,0.0,0.09984052175693342,0.9999998219999998,0.8646600698497796,0.63625434841225,0.5137141089944888,286.4387762930151,3.192353160927259,969.1571253045919,8.795622368533756,191.00012850572315,2.7247937625216405,82.81489219223471,1.1191342166575133,0.0
9.155013778196585,0.8874450482510786,2.3260029511635745,0.80384374966216,Si1,Si1,combo_002,7.359200603674281,2.0641998012275096,hybrid,0.4953877,0.5046123,0.9907754,0.27538225,0.8323103178954606,292.81683,2.9218578,0.7259424200903104,0.0,0.1678342986587238,0.9999998219999998,0.8632567925690388,0.6980674626646938,0.5267468551504295,288.57230455413776,3.1800645887015397,862.0923346138961,7.404634003640114,180.78243875043765,2.311326878644675,76.52571636810673,0.981434604980284,0.0
8.10432389610878,0.9403853342461386,2.250303243829691,0.7901424899028875,Si1,Si1,combo_002,6.403570662250861,2.1161521681039535,hybrid,0.50462973,0.49537027,0.99074054,0.29184005,0.8820520622306843,290.71527,2.4324064,0.7000272082628822,0.0,0.0945353948300508,0.9999998219999998,0.8613517015647847,0.6711492020759037,0.522926479845337,286.1794936391107,3.3930198022471605,803.350125168828,8.018608342936796,168.82140443176945,2.4891448416345114,72.98656189541879,1.0978876457772813,0.0
11.824602989180745,0.9322620656163134,2.2762291513341237,0.6260798328906315,Si1,PU,combo_001,7.403145463464343,2.122042090438818,hybrid,0.5016248,0.49837518,0.99675035,0.24332847,0.7354315440764051,283.6263,0.5146992,0.6126104089104615,0.0,0.1951195373379399,0.9999998089999999,0.8557589618079087,0.5903059492221792,0.44659483416228934,283.1821062492304,3.149968107099696,1049.9985578579572,8.450397532664821,194.79062604178722,2.7528904593228107,86.08231067690078,1.0461964668747799,0.0
11.58024687619773,0.9920803460581621,1.955380216392815,0.5443288258707246,Si1,PU,combo_001,6.303462185413837,1.9398942817542677,hybrid,0.5225335,0.47746652,0.95493305,0.29886675,0.9032894393731282,283.57556,0.7639886,0.6119845812317177,0.0,0.17753089738545863,0.9999998089999999,0.8538137911980814,0.5896493578669907,0.5079198101146236,283.9013063325431,3.1531948917402493,1031.750587534845,8.73785032712411,192.24304745458994,2.6194552887311677,85.34753581041889,1.0531004588010104,0.0
8.8163510323351,1.1869184000794646,1.1573775460909403,2.0327677641767856,Si1,PU,combo_001,17.92159417619752,1.3737127052941558,hybrid,0.48180094,0.5181991,0.9636019,0.30422544,0.9194854648939743,282.19965,0.7879116,0.5950176138692145,0.0,0.09709547922477688,0.9999998089999999,0.8511456267510047,0.571669565185521,0.5020233710861112,282.67425064249977,3.1187332421108116,796.939823449187,7.2285415943122455,157.19038141896144,2.1341369136382338,70.97890362915905,0.9377453952647798,0.0
11.92627710354544,1.121454955958688,1.254537195626659,0.640496346151216,Si1,PU,combo_001,7.638736908007761,1.4069069554700309,hybrid,0.4969445,0.5030555,0.993889,0.2504695,0.7570144901140634,282.45316,0.6821935,0.5981437416667639,0.0,0.1437935829678356,0.9999998089999999,0.8507497974580047,0.5757570555198926,0.44995252470516955,283.38802553452115,3.19823833781417,1011.2982320593426,7.362205959340804,189.52791922304678,2.31760006925732,83.80743405590977,0.9434615222854053,0.0
8.433104653728137,1.0061671136853971,1.6789376811437517,0.6962393994275033,Si1,Si1,combo_002,5.871459719420962,1.6892918806940622,hybrid,0.51011145,0.48988855,0.9797771,0.24027744,0.7262101734437892,286.56445,2.0529456,0.6488418048373507,0.0,0.23124743591520713,0.9999998219999998,0.8488829519515996,0.6274798420331589,0.4809535401549083,286.42822273451355,3.277530038396182,805.2093342189986,9.821239662968246,169.7971037830457,2.784850631535043,74.45826671472372,1.181141116642682,0.0
8.927188445287062,0.931415060672992,2.075128675256569,0.6761966460042121,Si1,Si1,combo_002,6.036534884950668,1.9328061009683628,hybrid,0.4761919,0.5238081,0.9523838,0.2920558,0.8827041079057678,290.70502,1.9692047,0.6999007632237614,0.0,0.16245462201855898,0.9999998219999998,0.8472869490259535,0.6722402010462006,0.5236563484672757,288.4538012556563,3.2172856122228226,842.7913059692335,7.867970337985599,177.78773887622944,2.4299507955911244,76.36544502502383,1.0317520741882076,0.0
8.079290268022694,1.1727329876588741,1.2395692857502496,0.9243259586650991,Si1,PU,combo_001,7.467897722323682,1.453683791888067,hybrid,0.47902066,0.52097934,0.9580413,0.28934973,0.8745253888426959,282.2967,1.637459,0.5962143258466078,0.0,0.10162672734542949,0.9999998089999999,0.8416708148565037,0.574429216710558,0.5047323207454416,282.7033914935497,3.265312209803708,758.3544450278916,7.944548138126589,150.7020844220333,2.3634509602219644,69.92786104689348,1.0083583631918636,0.0
8.148630290825778,1.1814062074356944,1.1734055241715198,0.980931667108642,Si1,PU,combo_001,7.993249495831709,1.3862685700955681,hybrid,0.4834396,0.51656044,0.9668792,0.28115144,0.8497470226715353,282.27618,1.6724916,0.5959614357683662,0.0,0.06846610445621977,0.9999998089999999,0.8389845810884746,0.5732645318456366,0.4918183805790897,282.6143323574221,3.2552399707072173,757.0066312239971,8.25480396492915,149.3407437972688,2.438255713168124,68.90375479461925,1.0129617766579915,0.0
10.447344911618336,1.0884075407466065,1.8252818239288655,0.5980058279028224,Si1,PU,combo_001,6.247573143258662,1.986650501151897,hybrid,0.46592665,0.53407335,0.9318533,0.32049045,0.9686445205329535,283.31454,1.4276236,0.6087658776019548,0.0,0.08957338154325044,0.9999998089999999,0.8386699771784372,0.5852389324379085,0.531478047309168,284.4782291836688,3.163197434353177,929.3867836792231,8.601298409980464,185.23915746274727,2.490598615907687,81.61881046142588,1.0178110016019692,0.0
11.785894397005041,1.1298321795300075,1.2768741450780956,0.7021373022242405,Si1,PU,combo_001,8.275316096212912,1.4426534983190997,hybrid,0.4866119,0.5133881,0.9732238,0.2568092,0.7761754814432701,282.4887,0.6770631,0.5985821597339536,0.0,0.12028367863284443,0.9999998089999999,0.8383306507886039,0.575445907202704,0.45302510158235343,283.2373561475594,3.1861633440922703,1002.5262583037891,7.300929334805207,190.37172642061805,2.2753054808219675,84.22417069808017,0.9480020337540371,0.0
9.838028105109403,0.7962004334161329,2.580856565075439,1.103689008382277,Si1,Si1,combo_002,10.85812348376517,2.0548791156979367,hybrid,0.49585667,0.50414336,0.99171335,0.21959074,0.6636870638335511,291.09036,2.2132094,0.7046526129528642,0.0,0.15095448242231332,0.9999998219999998,0.836369206178642,0.6767042556161835,0.4503778605186798,287.57475698614013,3.096048560641672,909.3470610966507,7.529400415794112,188.04631569262642,2.3066678981883872,79.51495928790087,0.9981752226997748,0.0
10.597754632117757,1.1230769734129447,1.5666733908813921,0.8344450429626703,Si1,PU,combo_001,8.843243819305341,1.759494810157669,hybrid,0.47747213,0.5225279,0.95494425,0.28033102,0.8472673755670496,282.9184,1.1801938,0.6038808089923497,0.0,0.08814056400909943,0.9999998089999999,0.8340198898418987,0.5802581885553146,0.4836070011907643,284.14297317604036,3.1679340827060445,934.7658074581783,7.48717583097669,187.28760807157718,2.3532857547819797,82.78897689877388,0.9597875555921924,0.0
8.89289063294539,0.9549252079192205,1.9187625723786053,0.9331559799050058,Si1,Si1,combo_002,8.298454072774202,1.832274748376258,hybrid,0.51658005,0.48341995,0.9668399,0.24401195,0.7374973011578202,290.87933,2.2055447,0.7020503288888152,0.0,0.1521611093461125,0.9999998219999998,0.8327948726216269,0.6743326148194692,0.4762321578565378,287.83612301084287,3.1782133370141517,837.0495320295348,8.398401239100282,177.21701634834733,2.517101622434883,76.27576902760795,1.0451476211864816,0.0
10.769925859160658,1.0557890979647209,1.8637393159563134,0.5883661621104442,Si1,PU,combo_001,6.336659943968385,1.9677156512349019,hybrid,0.54646134,0.45353866,0.9070773,0.32813796,0.9917582291379837,283.90906,1.3315643,0.6160970555993137,0.0,0.12455808274881079,0.9999998089999999,0.8318558641038272,0.592860979346619,0.5428068085097846,284.65804500207605,3.150028262782474,959.4439470434428,8.611080670968196,187.47193071334888,2.503479302571329,82.69778962623255,1.025501020688812,0.0
9.02571633747483,1.1021105059461078,1.6318158421504596,1.6596760567581492,Si1,PU,combo_001,14.97976530039783,1.798441383403317,hybrid,0.4900356,0.5099644,0.9800712,0.1947192,0.588515763355069,283.14993,0.8571981,0.6067359831346403,0.0,0.24198767209231112,0.9999998089999999,0.8297731681304328,0.5869214206971417,0.4093666878273256,285.16730428730193,3.08892146883771,837.5072941106749,7.490089468757177,170.12274427247218,2.264810226401189,75.93480004708863,0.9894124438637695,0.0
8.847180301452081,0.9918656112050587,1.6565415853008165,0.5664931965934037,Si1,Si1,combo_002,5.011867449807782,1.6430666319909912,hybrid,0.5290221,0.4709779,0.9419558,0.25090554,0.7583323627859996,286.3054,2.133375,0.6456471859769441,0.0,0.21369181355709402,0.9999998219999998,0.8289592644719678,0.624158286483662,0.4912448585872043,287.82350268213247,3.2594052672475335,829.2107506566713,9.113420249786218,173.5062734890301,2.692700627527828,76.04804081230391,1.1253734127274562,0.0
10.891143107477168,0.9883485985424836,2.310197037507737,0.6161478653735396,Si1,PU,combo_001,6.710554577149796,2.2832800043777692,hybrid,0.47387314,0.52612686,0.9477463,0.26343822,0.7962109111498369,284.2179,0.5618141,0.619905459753786,0.0,0.14117484790399745,0.9999998089999999,0.8288404592302254,0.5954835046441767,0.46076115139640106,284.04429365184075,3.1049239969040374,971.2742096068624,8.212351581714703,189.4414137847777,2.586347802352079,82.50982511826638,1.0586196311428555,0.0
11.581485916730578,1.0214756973478605,1.8872604997011255,0.9398849250630477,Si1,PU,combo_001,10.885264022965062,1.9277907350092789,hybrid,0.48421526,0.51578474,0.9684305,0.24262653,0.7333100311899234,283.65933,0.762995,0.6130175920423923,0.0,0.11671608173169742,0.9999998089999999,0.8285939419978481,0.5887735023857054,0.4392840170650192,283.1586485890895,3.099418068657526,1028.9108706844595,7.93246300927317,196.25155358325236,2.333259498936218,85.64087301168922,0.9877389353059456,0.0
9.3838959593103,1.1297055285101962,1.4884438873442698,1.9092796451162382,Si1,PU,combo_001,17.91648154699967,1.6815032884100294,hybrid,0.50054806,0.49945194,0.9989039,0.18484886,0.5586838405355151,282.9411,0.64639246,0.6041607944361173,0.0,0.16653946876817027,0.9999998089999999,0.8268841685828661,0.5819109504035245,0.383200027443922,284.427190834069,3.092497510268264,855.1517458858575,7.262521655493666,173.87558284541768,2.1944717135780802,77.71442829504693,0.9449977286205041,0.0
10.113564904330671,0.9927341017640574,1.3590410876040047,0.518349049531525,Si1,Si1,combo_002,5.242356755535193,1.3491664333630091,hybrid,0.53117,0.46883,0.93766,0.26902023,0.8130818611413835,284.35614,1.6072049,0.6216102098347898,0.0,0.15264777001453692,0.9999998219999998,0.8268325476916961,0.5992698336610719,0.4902475860490071,287.90049002156314,3.2423301254978147,906.090034995974,8.540527997357866,180.4105520474343,2.786688213756159,80.87602741878737,1.0583337142413838,0.0
15.532099418731484,0.8673569905188859,2.366030837254632,1.4218561022434808,Si1,PU,combo_001,22.084410339175783,2.0521933864760578,hybrid,0.49995965,0.50004035,0.9999193,0.19361056,0.5851650556481667,282.18243,0.33999392,0.5948053668392617,0.0,0.1299857074455862,0.9999998089999999,0.8267998989605778,0.5716581517442237,0.3805781435122753,282.00389510462765,3.0944073266387204,1333.1881915691358,6.882636506823744,241.1509422013086,2.2050716351685824,101.2813087524716,0.9390717950549994,0.0
15.979176134188886,1.0117786811761158,1.3752670269842835,1.779054207615189,Si1,Si1,combo_002,28.427820535752947,1.391465858827156,hybrid,0.48596674,0.51403326,0.9719335,0.23192479,0.7009652689974395,283.54654,0.57688975,0.6116266966120633,0.0,0.12054902476731358,0.9999998219999998,0.826315244386667,0.5872752898494953,0.4246465586369407,281.9957434544872,3.380154707590714,1308.4640396992204,8.543112001859907,259.9628143123526,2.834432388214326,106.1574364232407,1.1397606773487448,0.0
13.181409413026184,1.048904471908647,1.1147401162827915,1.9068708907869265,Si1,Si1,combo_002,25.135245909244418,1.1692558929849852,hybrid,0.4893392,0.51066077,0.9786784,0.19194269,0.5801241093595622,283.44708,0.2954074,0.6104002549974955,0.0,0.23091098879707728,0.9999998219999998,0.8262734015875075,0.588953290154382,0.393020236844437,281.62802708035883,3.1410421893257743,1082.7783458475408,7.682364668008385,211.39244728684264,2.4724877224610418,87.49642216976216,0.9798853616934278,0.0
8.644775351638538,1.0771358284130745,1.8134095214256116,1.656065794402458,Si1,PU,combo_001,14.316316760142064,1.9532883671129333,hybrid,0.49059224,0.50940776,0.9811845,0.18356264,0.554796381871599,283.52344,0.9335341,0.6113418189495202,0.0,0.24429066628097623,0.9999998089999999,0.8256712790843561,0.5913647049773555,0.3995066509931594,285.1942782698803,3.0817980278784263,818.1404119121502,7.3770102270818425,165.89481908917438,2.2295708080454175,74.45921393023514,1.0387193039443845,0.0
8.740628792279809,1.1361853386755691,1.4558355469484467,1.0257180301239543,Si1,PU,combo_001,8.965420546861964,1.6540990039655534,hybrid,0.5253455,0.4746545,0.949309,0.25580284,0.7731338626621929,282.67792,1.2817018,0.6009153717653496,0.0,0.13534053601534038,0.9999998089999999,0.8255648596497711,0.5791279296653218,0.4668629497926999,284.68170140347513,3.137742576005592,809.8989768838793,7.436107945919572,163.4295533497147,2.194084631815403,75.15112265133084,0.966174017271019,0.0
9.030614034001566,1.1006510525710427,1.836418556861986,0.884542392301007,Si1,PU,combo_001,7.987960941582792,2.02125601757114,hybrid,0.5194336,0.48056638,0.96113276,0.24243186,0.7327216678317738,283.41412,1.8064134,0.6099938245146073,0.0,0.1245551746771825,0.9999998089999999,0.8251630330774327,0.5880970447547621,0.46207337040445595,285.27244351252796,3.1326021597798532,833.4219572384008,8.039831276615994,170.89244863696894,2.4102266427233014,76.0575731010909,1.0210030396623075,0.0
13.480090453406694,0.887512699532279,1.4166137639854284,2.1437674058946214,Si1,Si1,combo_002,28.89817854252452,1.2572627058692902,hybrid,0.5060474,0.49395257,0.98790514,0.22143815,0.6692706609260706,283.5875,0.23024578,0.6121317241195041,0.0,0.07404475549559837,0.9999998219999998,0.8251348849882273,0.5857234582571356,0.39932896917557636,284.39422253007,3.1071002817722766,1172.1309187099723,6.83978150640851,226.68808931790113,2.0949787961749475,95.39964939235398,0.9740763392516074,0.0
10.300514586832719,0.7007545314099949,2.443197540427236,2.3284642533264917,Si1,Si1,combo_002,23.984380006308083,1.7120817475841397,hybrid,0.4946279,0.5053721,0.9892558,0.21878755,0.661259524537193,285.01892,0.48675704,0.6297832257860573,0.0,0.07428344557999206,0.9999998219999998,0.8247672373365176,0.602429774354265,0.40192490333476366,285.5158758426935,3.074609441015507,961.812185982488,6.487243320868608,193.80122527128785,2.0084203834835885,80.72226502078321,0.9227831502198596,0.0
13.6812292705321,1.0002694314183327,1.271906005470236,1.7505171185990052,Si1,Si1,combo_002,23.94922604154422,1.2722486969092757,hybrid,0.4946629,0.5053371,0.9893258,0.19238357,0.5814566190562532,283.54642,0.37387735,0.6116251913139784,0.0,0.16769493002390584,0.9999998219999998,0.8247484890323185,0.5883244002526362,0.38564512834229436,282.225799879024,3.0985173325613933,1148.0129397448957,6.989878315392896,222.6605199200364,2.1915192435344,92.32260980821096,0.9524294781344838,0.0
9.317808851791055,1.124909819421525,1.5229978497551004,1.584466954441763,Si1,PU,combo_001,14.763760213467874,1.7132352361473808,hybrid,0.48684818,0.5131518,0.97369635,0.19895542,0.6013192417967133,282.87592,0.8315681,0.6033569652588492,0.0,0.20962968230009635,0.9999998089999999,0.8237749854186005,0.5827960450422309,0.40845824579987544,284.88968792948214,3.1032304376620172,850.7747182109413,7.354521732167691,173.05059501035393,2.2590835530267164,77.34898410215999,0.9238050150708135,0.0
15.41917153313636,0.6290281452600852,2.7824153973649794,2.188292800109088,Si1,Si1,combo_002,33.7416620496093,1.750217596747596,hybrid,0.49729294,0.50270706,0.9945859,0.19166057,0.5792714238528378,283.5743,0.80903155,0.6119691519263488,0.0,0.13311218219233603,0.9999998219999998,0.8231411300911472,0.5883833372035197,0.3887926134416121,283.8189245321027,3.2451102560046756,1287.7020136623978,7.835380592900701,258.6650256709845,2.4305967744982895,100.52871532226213,1.05242852115116,0.0
15.17488357528963,0.7253554110814227,2.3528227053258473,2.4876132871260213,Si1,Si1,combo_002,37.749242012480906,1.706632680623335,hybrid,0.5041617,0.49583828,0.99167657,0.19641508,0.593641379202256,283.8112,0.7899931,0.6148901828598481,0.0,0.1253666864068189,0.9999998219999998,0.8225780345873396,0.5908041960620334,0.39226215163411315,284.66753036268227,3.301250769263413,1269.521057130351,10.74189926637345,259.2232907025767,3.295424842214117,101.06683538053824,1.241932325387954,0.0
15.599266851186666,0.8926403380730265,2.491831791844721,2.405081561788027,Si1,PU,combo_001,37.517509081200224,2.224309573093387,hybrid,0.47000432,0.5299957,0.94000864,0.23193195,0.7009869317940768,282.71704,0.86823374,0.601397819801519,0.0,0.22011901391971428,0.9999998089999999,0.8200183807314141,0.5813740310656337,0.44568206915673936,282.6412187951711,3.246280825533513,1325.3163275611416,8.985160612029631,259.47866740934194,3.070510494619457,102.01117055013073,1.1655390651455928,0.0
10.831861920969754,0.7399951188863568,2.5206389617276015,0.7289928322879606,Si1,Si1,combo_002,7.896349700719851,1.8652605281531995,hybrid,0.48450774,0.51549226,0.9690155,0.23295508,0.7040792171993058,288.1336,1.4041718,0.6681916590680473,0.0,0.08070958355353317,0.9999998219999998,0.8199665841645277,0.6396027024093994,0.437060211588336,285.80472084726927,3.1345648136690922,972.5720938711858,8.341043750053108,193.32967028753967,2.565902961280546,83.00573179651829,1.08905661565114,0.0
8.111051462501868,0.8960606347444986,2.248370775179435,2.248953347762776,Si1,Si1,combo_002,18.24137634046974,2.014676543948265,hybrid,0.48059902,0.51940095,0.96119803,0.22167552,0.66998805528706,287.1262,1.7437773,0.6557688102989484,0.0,0.13897274016318364,0.9999998219999998,0.817630094681084,0.6305302891354226,0.44096942885571916,284.80753273623316,3.4491780943210784,819.3744802201976,9.153384236955105,169.45289178626192,2.878940999949363,72.86598906110058,1.1805167619050634,0.0
10.324150646329791,1.2169782743811337,1.1663123806312456,1.8788063894263534,Si1,PU,combo_001,19.397080199724627,1.4193768283699653,hybrid,0.50467443,0.49532557,0.99065113,0.21330425,0.6446868996286519,282.5549,0.73166275,0.5993984076204211,0.0,0.029913600268086073,0.9999998089999999,0.8174544197625448,0.5735836179638395,0.39459034518535024,282.45649412350986,3.19202510882274,876.0620080414553,7.627983724204156,177.56263741252968,2.401343939930772,76.39647424447416,0.9298335718949654,0.0
14.145556338830247,0.8138502460005437,2.8492555899042937,1.8419644916666351,Si1,PU,combo_001,26.055612490995202,2.3188673627620338,hybrid,0.50892526,0.49107474,0.9821495,0.19585901,0.5919607335013934,283.10065,0.40619206,0.6061282190329137,0.0,0.13152889066715293,0.9999998089999999,0.817442976981184,0.5822401256022439,0.38457240891496147,283.07993064674105,3.105900867349652,1219.4853240288746,7.047157497540242,228.3069051832487,2.213386018017046,95.48773456408688,0.9194322733177023,0.0
15.594817219954365,0.8713379162138868,2.3888072490821948,1.6146755080236912,Si1,PU,combo_001,25.18056941716642,2.0814583306519068,hybrid,0.4803556,0.5196444,0.9607112,0.22096404,0.6678377187210609,282.28058,0.36589617,0.596015626499418,0.0,0.13993994273321644,0.9999998089999999,0.817141182292755,0.5731166451794193,0.4115483649218652,282.1739371583534,3.110763752995841,1336.091189928164,7.1548742738803535,245.75825092035768,2.3014870086387984,101.61780374888713,0.9541110539052265,0.0
11.04113857922708,1.0119056060532494,2.0515781852880997,0.6311779053732103,Si1,PU,combo_001,6.968922721371892,2.07600346694958,hybrid,0.5550345,0.44496548,0.88993096,0.30128875,0.910609663156573,284.1591,0.9339445,0.6191802824014472,0.0,0.18446574113891445,0.9999998089999999,0.8171197554423084,0.5967820792721295,0.5150761435263279,284.24629525991344,3.123041789950056,984.9599453082312,8.213059031194904,190.00563370283908,2.5379445785370236,83.48332516772572,1.0305876248810877,0.0
15.369080871162513,0.8244905676933009,1.4972759482581948,0.6252334532320188,Si1,Si1,combo_002,9.609263506079103,1.2344898965729243,hybrid,0.49840814,0.50159186,0.9968163,0.17181422,0.5192881758150774,282.4272,0.49335188,0.5978234894992287,0.0,0.14446045375854322,0.9999998219999998,0.8169176449260986,0.5751439478804004,0.3628993902631844,283.599779700442,3.203047190039291,1306.5191322146395,8.505489776638743,230.86139366378652,2.4871241079551,104.25453709398971,1.1678254577365004,0.0
13.31406433767517,0.811592648332891,2.876361185144979,1.9479228704827263,Si1,PU,combo_001,25.934770422435914,2.3344335918137467,hybrid,0.48477262,0.5152274,0.96954525,0.19877419,0.6007715018118835,283.4471,0.43054584,0.6104006313220167,0.0,0.17080049894922572,0.9999998089999999,0.8162722062734376,0.5873925451513199,0.3940561923367327,282.527624050939,3.136483733531597,1162.2428550854752,7.045107674490632,220.18180940202998,2.2312658512521826,92.2348138363067,0.9105966084313806,0.0
12.073243777581599,0.7843050248605511,2.956086568722358,0.5162193400899401,Si1,PU,combo_001,6.232441935608148,2.3184735497717304,hybrid,0.50087225,0.49912775,0.9982555,0.17307682,0.5231042508351886,283.34293,0.69289154,0.6091158594066641,0.0,0.12619978487510505,0.9999998089999999,0.8160181591704649,0.5853427651583899,0.36566858261698176,283.59529960726275,3.277943643194989,1074.1224706969895,7.637032425860039,193.90908011027796,2.332082249541519,86.85096942329758,0.9325288082816132,0.0
9.168580660495724,0.8875570220204054,2.3108149547019394,0.8459893730926838,Si1,Si1,combo_002,7.756521805122483,2.0509800396354714,hybrid,0.5348909,0.4651091,0.9302182,0.25739798,0.7779549833574777,293.43765,3.3340702,0.7335979898249376,0.0,0.14274174440917012,0.9999998219999998,0.8158726475129966,0.7050966646074122,0.5125785730920949,288.5831550735391,3.1702527575820776,863.1504441808536,7.329731655196611,181.0912512020928,2.2877248253131945,76.61049164159097,0.9767772824993952,0.0
9.93691286333484,1.1799311955040204,1.3036028257411534,1.68961511136955,Si1,PU,combo_001,16.789558134253006,1.5381616406391783,hybrid,0.4970799,0.5029201,0.9941598,0.19668852,0.5944678081384199,282.57574,0.6689246,0.5996554372683958,0.0,0.05990654427920659,0.9999998089999999,0.8158333686883308,0.5746074209982596,0.38020065820818594,283.5014992575443,3.144673016663935,870.973775748938,7.340069480729693,176.7816063998182,2.343024587262987,77.76047504895222,0.9776773482025974,0.0
15.898146342430575,0.8270991278964804,2.7169683574791317,2.0069389551462526,Si1,PU,combo_001,31.906609209239836,2.2472021589933227,hybrid,0.50334334,0.49665666,0.9933133,0.17916916,0.5415176279769118,282.39478,0.52135146,0.5974238328577218,0.0,0.1252020093416127,0.9999998089999999,0.8157123542112092,0.5742486969615771,0.3683764423857815,281.67634590773855,3.1895324953206066,1348.4787259418988,7.687213718101622,257.3597749671264,2.3859044655359023,102.4264879698012,1.0525739271922512,0.0
15.581363126688927,0.7990231328200494,2.0630465449333997,2.2010233356895617,Si1,Si1,combo_002,34.2949438436952,1.6484219134862639,hybrid,0.5088862,0.49111378,0.98222756,0.19836575,0.599537037662551,283.7743,0.7225653,0.6144352065137259,0.0,0.10770235447165621,0.9999998219999998,0.8155880325208567,0.5897348294405357,0.390265967346486,284.10822233235984,3.2890849654669143,1293.5246907158148,11.17487789144193,261.69061534808117,3.355147500229002,103.115663592653,1.2749008702520055,0.0
9.458926687913099,0.9072855134957805,2.0588154387755107,0.599619058839294,Si1,Si1,combo_002,5.671752718236333,1.8679334225624797,hybrid,0.4496998,0.55030024,0.8993996,0.2981866,0.9012337705795442,290.3438,1.6893151,0.6954465861909223,0.0,0.1390656305358975,0.9999998219999998,0.8155586901355393,0.666939010974698,0.5207804780179046,289.32470537007265,3.175733003564824,874.3435043567114,7.465108619697568,182.865598664853,2.3357446809753806,78.2789705177771,1.0186179250226957,0.0
9.29464133908041,1.1989201130191243,1.1413423815337804,1.9919600680709872,Si1,PU,combo_001,18.514554394490027,1.3683783370619964,hybrid,0.5388276,0.4611724,0.9223448,0.2862907,0.8652798333414851,282.4918,0.81922674,0.5986201685105941,0.0,0.07361979043374989,0.9999998089999999,0.815473637560465,0.574335774439648,0.4801848926149523,282.92710614048315,3.1311114381277614,818.6151634293313,7.436087827861398,162.30248681839205,2.224168887275131,72.48893808698433,0.9546294880619688,0.0
9.459966158485878,1.1168810764178245,1.5667123110847334,1.8052263646290925,Si1,PU,combo_001,17.077380317797704,1.7498313324413746,hybrid,0.50385606,0.49614394,0.9922879,0.1643902,0.4968499771617377,283.1212,0.6845617,0.6063814854356765,0.0,0.18026586393210411,0.9999998089999999,0.815422675300655,0.5844341930274448,0.36441531011411493,284.7639913622875,3.0914505057457706,862.8312486846107,7.386380879739042,175.95705323037308,2.2404195908889517,77.82088800429545,0.9298941950125156,0.0
15.154281447871014,0.8618254788038338,2.4640111099364495,1.7708443586858922,Si1,PU,combo_001,26.835873811900658,2.1235475545989466,hybrid,0.4957489,0.5042511,0.9914978,0.19177799,0.5796263154068962,282.61887,0.24576408,0.6001871838168413,0.0,0.08556778602966292,0.9999998089999999,0.8152950192715243,0.5751079870093866,0.3700064112452278,283.1889477171041,3.0973229300835396,1301.795668066211,7.088231007350693,241.11162064314527,2.2507171626665907,99.8223714963254,0.9784016551710651,0.0
15.742088047160484,0.6123700898996283,2.134436776558433,0.5126510741656947,Si1,Si1,combo_002,8.070198346987764,1.3070652407461605,hybrid,0.4859956,0.5140044,0.9719912,0.22458585,0.6787841865727952,282.41962,0.7299169,0.5977301610179728,0.0,0.050594031546929624,0.9999998219999998,0.8141031526627621,0.5726661149522636,0.40958995334126075,283.6146271102461,3.2546759709688127,1336.596345434688,10.76229048146817,229.51023864483886,2.978670331707042,102.2798591227837,1.3950737381166392,0.0
10.871102756583637,1.0569611843344875,1.8609800378714882,1.3617383205742701,Si1,PU,combo_001,14.80359721054052,1.9669836648514876,hybrid,0.48067802,0.519322,0.96135604,0.19989939,0.6041722906619476,284.12265,0.72254705,0.6187309509231429,0.0,0.18563140764715558,0.9999998089999999,0.8138007049588345,0.5960247529406231,0.40357728051778563,283.7352080436653,3.080796711154305,970.2514927931994,7.525016104716642,193.20553741482988,2.2651198223546607,83.14916663524293,0.9528734769835772,0.0
11.525958325050127,1.1628863360122648,1.1586006586010515,0.6385949293884274,Si1,PU,combo_001,7.3604185427193425,1.3473208747819736,hybrid,0.5419453,0.45805472,0.91610944,0.26907387,0.813243994338669,282.43558,0.70141065,0.5979269787425567,0.0,0.14753176391867406,0.9999998089999999,0.8133820068199711,0.5757042240794622,0.4705954369084159,283.4014024755146,3.2521046814446817,958.6217042676501,8.22625684028405,181.4706259043025,2.6014292951273825,80.31097207376872,1.0313141107622017,0.0
8.908120382803327,1.071844107260085,2.3916118221003906,0.5720741957162107,Si1,PU,combo_001,5.096105803335396,2.5634350383718587,hybrid,0.5453336,0.45466638,0.90933275,0.28209868,0.8526099346396044,285.1043,1.7896503,0.630836181796355,0.0,0.13182873931551076,0.9999998089999999,0.8132526272184424,0.6074601740269879,0.5047747575447401,284.37584912703517,3.200625475557996,829.5941298657026,8.98212217909732,171.01377191280562,2.638347001515871,75.09499934121834,1.1535123458920988,0.0
12.413018169916025,1.022666404886484,1.1934062933413,1.9927398386429251,Si1,Si1,combo_002,24.73591582499016,1.220456523580252,hybrid,0.4838623,0.5161377,0.9677246,0.1902,0.5748570322977435,283.5363,0.26812512,0.6115002515729424,0.0,0.18404527800539616,0.9999998219999998,0.8129904920193302,0.5885104145615869,0.38357639020539736,281.6972989125049,3.1433741458008053,1050.607629414296,7.22894885107161,209.65946744150818,2.3518386485425595,85.23224294542962,0.938861064379831,0.0
9.117990331234866,0.9476741584372804,1.901671462387419,0.6612229904976054,Si1,Si1,combo_002,6.02902483414737,1.8021649027421895,hybrid,0.4516037,0.5483963,0.9032074,0.2863984,0.8656053607720351,289.19232,1.6466097,0.6812471093572716,0.0,0.1376649999376738,0.9999998219999998,0.8123015400203415,0.6537569276671724,0.5072074067983086,288.6790459842784,3.2000351173781625,848.4163125345054,8.346590205565697,178.67559747227267,2.55735953511287,77.13378314091528,1.0585654318051623,0.0
15.641386792727562,0.6411270187571875,2.76969853817684,2.3116516964570137,Si1,Si1,combo_002,36.157438314349,1.7757285666374576,hybrid,0.48430052,0.5156995,0.96860105,0.21456355,0.6484929764349305,283.5797,0.9276411,0.6120357613665999,0.0,0.07715882073163022,0.9999998219999998,0.810929341374643,0.586978614224797,0.40710745306035984,283.64135042256515,3.286923194062868,1301.9573081221404,8.192036928469479,264.79476349339774,2.524936175537117,101.52453774627013,1.1002951548408386,0.0
11.606025534593266,1.141588807895532,1.3514239871084692,1.3688290883795307,Si1,PU,combo_001,15.886665352226856,1.5427704984045842,hybrid,0.5126168,0.4873832,0.9747664,0.1887828,0.5705736984104551,283.28125,0.57285786,0.6083553075493333,0.0,0.13670591075901894,0.9999998089999999,0.8105020698546652,0.5847430914115797,0.3813487269807718,282.6046275117802,3.1232421430380746,997.2072451423485,7.344703008402651,198.18814381849913,2.2795578256959548,86.22528749522829,0.962103352475068,0.0
10.204495645330494,1.21204258804183,1.161729952166533,1.3022770620876196,Si1,PU,combo_001,13.289080609086904,1.408066177829636,hybrid,0.5013768,0.4986232,0.9972464,0.18409169,0.5563953754928286,282.1474,0.60945505,0.5943733462889322,0.0,0.04384189845804006,0.9999998089999999,0.8099107401594678,0.5691593639307168,0.3632220133380365,283.1461104356396,3.229428710562664,866.4373607315522,7.836980823411118,173.25309286042133,2.574521693812824,75.87266853524599,0.9593532169977509,0.0
10.019929066757129,0.792322341934014,2.155560896794903,2.1991640868236066,Si1,Si1,combo_002,22.035468156132254,1.7078990579299211,hybrid,0.46665066,0.53334934,0.9333013,0.25626594,0.7745335225247598,285.59518,0.79303503,0.6368893617197429,0.0,0.08551722768453686,0.9999998219999998,0.8098977546579504,0.6098534092309317,0.44966059408238745,286.24562445252997,3.0527149147511223,934.644220137601,6.7563864628824355,190.9475323037732,2.0545086115753133,79.99531147527958,0.9242752634757161,0.0
8.091907511230465,1.0896413359901547,2.041873549061727,1.0263212499201178,Si1,PU,combo_001,8.30489663116404,2.2249098219225787,hybrid,0.49033064,0.50966936,0.9806613,0.17215157,0.5203077684410073,283.71863,1.5674536,0.61374879058707,0.0,0.1587046942720567,0.9999998089999999,0.8092744605789681,0.5921477847281895,0.38785393221093395,283.77878441650336,3.180011363616095,781.8412473299301,8.094068600735891,160.47103589516416,2.507933742202429,72.72660756070337,1.1086026520975316,0.0
11.298242928187229,1.0574473520779948,1.7614634415185644,0.5787420526196053,Si1,PU,combo_001,6.538768303254017,1.8626548520159978,hybrid,0.44253302,0.557467,0.88506603,0.31810063,0.96142157666788,283.02203,1.133916,0.6051588070663207,0.0,0.07628211724537416,0.9999998089999999,0.808053490453706,0.5809952445640757,0.5208144683703904,283.6698844837301,3.153251601902756,1000.000073000261,8.166680350432857,191.60631736922045,2.407371304804887,84.94654661296283,1.0071671154127084,0.0
15.68202606769523,0.8981425089869085,2.3859480526829873,2.1303379732873617,Si1,PU,combo_001,33.40801563009343,2.1429213703491268,hybrid,0.46797347,0.5320265,0.93594694,0.22260012,0.6727825560532744,282.57343,0.68493587,0.5996268366047851,0.0,0.1751554600871378,0.9999998089999999,0.8076381413295772,0.5780672745977647,0.4252329759337795,282.5794546351963,3.1948640254661864,1337.2300447832095,8.399889281196984,256.5710237031506,2.8573918141762578,102.32446661523521,1.071886060682117,0.0
10.996312157827166,1.144321312056296,1.3858770796027993,0.9252710196301221,Si1,PU,combo_001,10.17456896244385,1.5858886780798231,hybrid,0.53020823,0.46979177,0.93958354,0.259172,0.7833167281917114,282.92032,0.86603117,0.6039045174371849,0.0,0.022580216248745167,0.9999998089999999,0.806928691375584,0.5777500810465657,0.44482061925149735,283.6080535648694,3.1713712462615495,953.4244749994822,7.571345355510846,189.0479162490902,2.3445406596346072,84.52978195535417,1.0086229205201482,0.0
9.401164385239536,0.7307746138662294,2.9050687545966682,1.907842946108109,Si1,Si1,combo_002,17.935945157582026,2.1229504973952285,hybrid,0.51845413,0.48154587,0.96309173,0.20574975,0.6218543119729151,286.96402,1.6994997,0.6537690217933293,0.0,0.0996976532125339,0.9999998219999998,0.8065291661979438,0.627432867490605,0.4173054468566715,286.06525272413023,3.1664257005774052,900.3576236023564,7.049299458038668,185.72600249703484,2.162901111453135,77.6591758503701,0.9437234126481876,0.0
14.518313187450914,0.9332319407866159,1.3971062133647154,2.2640228396147606,Si1,Si1,combo_002,32.86979264906905,1.3038241429833932,hybrid,0.49073523,0.50926477,0.98147047,0.17632395,0.5329183083778817,283.8073,0.42041546,0.6148423896456566,0.0,0.11327439788308108,0.9999998219999998,0.8058551667579006,0.5897350222299437,0.36146682034160377,284.90983230849906,3.1774710980134553,1229.680969352702,7.60669092824548,240.25256317363156,2.381424975640317,99.71642951224989,1.0584306918116222,0.0
9.809012687925803,0.8165339008048081,2.3068254925002885,1.6235654279407221,Si1,Si1,combo_002,15.925573882348228,1.8836012178672332,hybrid,0.505576,0.494424,0.988848,0.14642882,0.44256381945459655,289.96173,2.4950228,0.6907350031855871,0.0,0.1794599431307926,0.9999998219999998,0.8051302345029746,0.6652603441497482,0.3831536772380456,287.37417898712357,3.044221778459666,912.4826392400682,6.983053253604566,189.11917912187764,2.148421364500352,78.94346517336098,0.9482556647966325,0.0
9.626763498437189,0.9095880529743625,2.897866372257708,2.0333446002433613,Si1,PU,combo_001,19.57452757736715,2.6358646313217675,hybrid,0.50678,0.49321997,0.98643994,0.1985657,0.6001413891554329,285.01672,0.68965095,0.6297561304205314,0.0,0.0027614458652459946,0.9999998089999999,0.804805033448132,0.6006228558567261,0.37404806476278535,284.92463280815565,3.078340472950205,903.9702228695198,6.513947391947986,183.27836434507773,2.0464120877219973,77.96108960199649,0.8943553790946923,0.0
10.155960409694167,0.9817847506311568,1.4095328621534349,0.5102068992144045,Si1,Si1,combo_002,5.181641069174314,1.3838578695757306,hybrid,0.45364147,0.5463585,0.90728295,0.26497546,0.8008570180660518,284.36768,1.6121683,0.6217524605038007,0.0,0.13593413506083604,0.9999998219999998,0.8047934991060445,0.5989081916822017,0.4835656376958432,287.94359448412445,3.2253029661559514,912.5055432571262,8.337493754361207,182.07569172744348,2.710849197928159,81.65518376697294,1.0466408804903122,0.0
13.116517841975096,1.0496637524429686,1.1274645901327807,1.8863200431743123,Si1,Si1,combo_002,24.7419505019711,1.1834587124253482,hybrid,0.4694543,0.5305457,0.9389086,0.19146185,0.5786708104308933,283.4312,0.29979488,0.6102045662464752,0.0,0.24840290360177225,0.9999998219999998,0.8046225819099756,0.589305878098189,0.3952271178638296,281.4556666717317,3.13805060720147,1080.0249770068901,7.554923072668244,211.48202255989116,2.4351574106013882,87.33370706132668,0.9510392981968838,0.0
10.653808993720752,0.7933515109578199,1.8535415192585991,2.476382531195254,Si1,Si1,combo_002,26.382906482740957,1.4705099649268625,hybrid,0.51803726,0.48196274,0.9639255,0.19702777,0.5954931655002534,284.6423,0.32186705,0.6251390048700156,0.0,0.11045762234412887,0.9999998219999998,0.8044429797497885,0.5989467656103591,0.3808847114722851,285.44898389525696,3.1092131637764426,982.3244236969416,7.212688639882597,196.99161266011114,2.2482920322558364,82.90864799965921,0.9619757606606796,0.0
15.4394853468974,1.1776397500595592,1.2570964220950156,2.4413163655635137,Si1,PU,combo_001,37.69266825325868,1.4804067163167403,hybrid,0.5289496,0.47105038,0.94210076,0.19945158,0.602818838760607,283.20926,0.2259141,0.6074675580038392,0.0,0.19807852352843555,0.9999998089999999,0.8037277876529949,0.5851456740596774,0.39458531289888665,282.767109085561,3.5451176889263656,1254.658921657967,10.08987086459547,245.99750939751502,3.1978772988613797,97.84389984033831,1.1558006503535938,0.0
15.682351320263958,0.7635571351110427,2.8981975921089873,1.4709834774330925,Si1,PU,combo_001,23.06847967940933,2.2129394504164606,hybrid,0.48936233,0.51063764,0.97872466,0.1725072,0.5213826214650121,282.0644,0.34555104,0.5933497435912874,0.0,0.11825309834866093,0.9999998089999999,0.8031258330595381,0.5699769607316467,0.3566106077490814,281.22417515713295,3.1222594130865393,1339.8897815036516,6.805031529995384,242.81595816804315,2.175898105966429,101.20094203871489,0.9025729593524925,0.0
10.433076595777232,1.0815291821939836,1.8506965992997957,1.134244465106634,Si1,PU,combo_001,11.833659382793888,2.0015823795298946,hybrid,0.4559028,0.5440972,0.9118056,0.23910467,0.7226656264921321,283.65518,1.1416206,0.61296641190751,0.0,0.18869600058541042,0.9999998089999999,0.8024829570691592,0.5915644673638495,0.45427308317613374,284.25597613693094,3.0968142151602853,932.0978971560529,7.9282578534524415,187.97426329790093,2.3453870303946367,81.53609368129644,0.9718358406002651,0.0
14.821728991944225,0.9909257866005498,1.5499046645240762,0.8326253333391025,Si1,PU,combo_001,12.3409470425794,1.5358404988493815,hybrid,0.48509637,0.51490366,0.97019273,0.18078195,0.5463920724793039,281.94116,0.4617148,0.5918301451747106,0.0,0.12248383997501962,0.9999998089999999,0.8023402022781674,0.5689140657588686,0.36842768226765876,283.3966267493707,3.154165209261835,1307.5138954318131,8.09058043948259,224.3330263065141,2.5261594516645856,100.61432860194918,1.1291673878337565,0.0
14.915616896275692,1.0120719139434367,1.217005031603628,2.3232396464678757,Si1,Si1,combo_002,34.65255252495381,1.2316966116138766,hybrid,0.49908987,0.50091016,0.99817973,0.15518826,0.46903818894336263,283.81757,0.45048445,0.6149688346847774,0.0,0.08260844948228364,0.9999998219999998,0.8023052355655114,0.5889852692397253,0.3351376732472391,284.4815160775832,3.278846872050925,1223.6392114272721,7.816520681872698,240.61287037234598,2.484333523658885,95.29110553498,1.031073911470314,0.0
12.243608944708974,0.5051974047141939,2.91941208545828,2.037316939128878,Si1,Si1,combo_002,24.94411189912544,1.4748794088647756,hybrid,0.49072903,0.50927097,0.98145807,0.19452667,0.587933885324811,283.45416,0.4687335,0.6104875622864123,0.0,0.016767363844046243,0.9999998219999998,0.8017954654840108,0.5829199758537477,0.3672566183477718,285.0491012418181,3.10322018423025,1101.2381573522682,6.375257257985932,211.3172345143533,1.957799055550248,87.4718696625721,0.8837892958123833,0.0
14.002184530256022,0.8844223500887913,1.6071395264290236,1.8400934639491622,Si1,Si1,combo_002,25.765328235134177,1.421390116884944,hybrid,0.50660354,0.49339646,0.9867929,0.16344096,0.4939809851987704,283.65393,0.40779382,0.6129509826021411,0.0,0.0982572698845264,0.9999998219999998,0.8012667388427794,0.5875217907284956,0.3453222509121321,283.63918720706226,3.095227667348986,1194.8083450863855,6.864842638706335,231.75633197593243,2.150471957544279,97.60070850221194,0.9413519137164813,0.0
15.723578034670862,0.944704973006667,1.1208842050098218,0.645209341484169,Si1,Si1,combo_002,10.14499942952493,1.058904882637403,hybrid,0.49415523,0.5058448,0.98831046,0.17755844,0.5366493985804157,282.3051,0.3321872,0.5963181914144571,0.0,0.040952842052043074,0.9999998219999998,0.801263637065087,0.5703649717957096,0.35007948569417513,282.6258578818536,3.3183099851001354,1265.2122638506562,9.920356274246519,222.28443507454125,2.9106676277479617,95.726100525707,1.255379204007433,0.0
8.314752185036099,0.9675039489603515,1.7710768000135029,2.1343203719199133,Si1,Si1,combo_002,17.74634497598816,1.7135237979251268,hybrid,0.461097,0.538903,0.922194,0.22056141,0.6666208190014342,285.99496,2.1382217,0.6418192129473699,0.0,0.1948846505223153,0.9999998219999998,0.8010463517378625,0.6200810238882839,0.4564260977742474,284.80869302992414,3.321371633277054,816.73700126279,10.266604292778124,169.42721944605756,2.7421598614518077,74.02623251312197,1.2053654582165325,0.0
10.89564564925293,0.9889914168058372,2.2902473897488225,1.1483490069218454,Si1,PU,combo_001,12.512003861091928,2.2650350108235586,hybrid,0.50426954,0.49573046,0.9914609,0.15074992,0.45562382864394585,284.5462,0.6856242,0.6239539589527792,0.0,0.11893800757395896,0.9999998089999999,0.8009274149947021,0.598762937325603,0.34080919713279434,283.5920495275303,3.064869118385971,974.6809098955974,7.4231232059221,193.24384298163244,2.294160492479738,82.64541177310281,0.9850070396230952,0.0
8.214380591829167,0.9478231052484086,2.141638454120841,0.7177091328784184,Si1,Si1,combo_002,5.895535971695021,2.029894409904217,hybrid,0.55024916,0.44975084,0.8995017,0.27538076,0.8323058141955361,290.59744,2.1432948,0.6985742192865565,0.0,0.10178824245993644,0.9999998219999998,0.8005273668312791,0.6695118305111064,0.5005574702636516,286.6415305603814,3.3525182402170213,806.0676681284793,8.622538221324984,169.75560580033147,2.617065864425005,73.73691989297456,1.1019664616102116,0.0
13.084600654108462,0.6780030631662766,2.1105056424337207,2.325114262533503,Si1,Si1,combo_002,30.423191600422786,1.430929290399773,hybrid,0.5193926,0.4806074,0.9612148,0.18487118,0.5587513059603856,283.6587,0.18456833,0.6130096892274471,0.0,0.13455732636943218,0.9999998219999998,0.8003915709990571,0.5882646904658813,0.36876889770626364,285.1839058935777,3.159270248323202,1145.9793644600968,8.31222663028134,223.36830107268358,2.570727726835137,92.24874344834626,0.9909671831558521,0.0
8.746745107419088,1.1030148902787174,1.111841849868942,1.1203335414610032,Si1,Si1,combo_002,9.79927192245153,1.2263781160404772,hybrid,0.4408285,0.5591715,0.881657,0.2937102,0.8877043857840532,283.5228,1.4231957,0.6113339161345751,0.0,0.10936507417394165,0.9999998219999998,0.7991856444253177,0.5881873422879532,0.5060251618713121,284.2255750473026,3.2530747513976976,799.9315400324858,7.805080870834613,161.71387218956477,2.3775014416069906,71.44558884744698,1.0161173771657765,0.0
9.092814300521491,1.0747370454769598,1.8878657069580818,1.5436627866115915,Si1,PU,combo_001,14.036239061284734,2.0289592121534006,hybrid,0.5181019,0.48189813,0.96379626,0.14864533,0.4492629379814399,283.9016,1.0839291,0.6160052324161427,0.0,0.23748070856959547,0.9999998089999999,0.798626997466453,0.5957203163998527,0.36469343256126585,285.47284423504135,3.082213203629988,845.6560971896686,7.305827427280496,172.51955547292235,2.2674130678431035,76.25326393333417,0.9509292359545,0.0
15.212787162868839,0.9622950887995275,1.9860543310408318,1.6872721652991656,Si1,PU,combo_001,25.668112336529056,1.9111703288496236,hybrid,0.47564524,0.52435476,0.9512905,0.20984069,0.6342186796719108,282.67523,0.3785624,0.6008822552074846,0.0,0.0755738172672626,0.9999998089999999,0.7982863054345062,0.5756856629217086,0.39039165187464786,283.10605178464226,3.117519860422984,1317.5049747933563,7.869095621647764,241.56851208826413,2.462891913290988,99.68331458414238,1.1093071417010976,0.0
8.060988859505239,1.1019385424553474,1.4385067336422543,2.1740286439706673,Si1,PU,combo_001,17.52482067929283,1.5851460133819484,hybrid,0.5536059,0.4463941,0.8927882,0.25726992,0.7775679353859576,283.33868,0.88577366,0.6090635502982183,0.0,0.17921668952469327,0.9999998089999999,0.7981942858741866,0.5872308721515399,0.4667168572972339,283.9154985103724,3.2264176633339505,784.2338397896375,8.051643731612675,154.25487889061122,2.390116533775908,72.0526296966886,1.0861703536464653,0.0
14.270484164010398,1.1439191055952724,1.1294640284902497,1.8927845126362033,Si1,PU,combo_001,27.01095141345908,1.2920154812725997,hybrid,0.5012005,0.4987995,0.997599,0.14288984,0.4318676672446715,283.20355,0.3072549,0.6073971853183762,0.0,0.0965263102963555,0.9999998089999999,0.7981586547812389,0.5821801610289901,0.32122052698067616,283.52770539962387,3.1900121961554593,1154.3596288964065,7.614663159797323,216.30439276949787,2.3198762495382295,89.76615434543909,0.9831727759652149,0.0
14.640676768795561,0.8779402278146162,1.3326326272447644,0.6328420948969425,Si1,Si1,combo_002,9.265236557073584,1.169971792356459,hybrid,0.4887268,0.5112732,0.9774536,0.17035426,0.5148756307769522,282.56073,0.35638353,0.5994702856039689,0.0,0.09254965390454269,0.9999998219999998,0.7981163332142939,0.5748561725927628,0.3507041695906584,284.20634592221705,3.2173968325256492,1236.3382522993677,7.695076907602114,217.11431241299684,2.4300550178364833,99.29098548130722,0.9524309355343905,0.0
15.000065534450759,1.0477885656348098,1.6406044193305065,1.8451238698049492,Si1,PU,combo_001,27.67697896625363,1.7190065513044415,hybrid,0.49722353,0.5027765,0.99444705,0.13248605,0.4004234198521111,283.1503,0.25344825,0.6067404990288946,0.0,0.14396339018406212,0.9999998089999999,0.7976148448148246,0.5829026783300099,0.3162054257680731,283.30261204247745,3.1479329982486592,1299.53025247053,8.261235956056744,240.6859614167759,2.4837254113904805,100.44694321944866,1.0607299328379363,0.0
10.889252381408374,0.6616047562060365,2.8688442775713643,1.05774521773047,Si1,Si1,combo_002,11.51805463109484,1.8980410188556855,hybrid,0.48725826,0.51274174,0.9745165,0.1608412,0.4861235150513201,286.60727,0.76163274,0.6493697881405843,0.0,0.1343953982312577,0.9999998219999998,0.7973912400722907,0.6227454608123664,0.3553921488903804,284.9422250246514,3.1660759990337444,986.9531072186334,7.076914667249808,195.30259473141916,2.232885595337961,83.36135456892556,0.9458416502877361,0.0
10.18102477046604,1.0168780038329988,2.4445128864197097,0.8673349031736117,Si1,PU,combo_001,8.830358133500306,2.4857713842865166,hybrid,0.48018447,0.51981556,0.96036893,0.19942626,0.602742320898888,284.91122,0.5815381,0.6284551765507675,0.0,0.06227015515084132,0.9999998089999999,0.7972703056314787,0.6010174567633284,0.3816238977950347,284.3234848472346,3.068144252975435,915.9751605514921,7.878074059866944,185.71586595427203,2.323615374025451,79.95944161546288,1.0970670861717577,0.0
8.50547117783276,1.0621949337408976,2.621745597892583,0.769417225077151,Si1,PU,combo_001,6.54425603162177,2.7848048916390025,hybrid,0.46833962,0.5316604,0.93667924,0.23250113,0.7027072100542759,285.3368,1.7705544,0.6337030219988026,0.0,0.054138287324456455,0.9999998089999999,0.7971328598557936,0.6077327257367845,0.4402559127794428,283.41399809127046,3.216406296275287,808.2129529263071,8.721031795797238,167.95790559979395,2.812006075470503,74.13834099969387,1.0945596776148148,0.0
15.833766001445689,0.7502449412363696,2.2172057709284374,1.3686097408977433,Si1,Si1,combo_002,21.670246384674083,1.6634474133191453,hybrid,0.4836421,0.5163579,0.9672842,0.18752755,0.5667798716679714,282.88022,0.23031189,0.6034100270163374,0.0,0.0692397003406009,0.9999998219999998,0.7968791251495256,0.5775554637487876,0.36273781694283763,281.60317511972045,3.164433011107306,1311.109510440037,10.157600248234687,251.42825389215454,2.862170087603369,103.77413524496816,1.230484726334769,0.0
15.363075338901009,0.8342779532973289,2.340005725989344,0.9584210288191335,Si1,PU,combo_001,14.724294472135362,1.95221518778242,hybrid,0.5026871,0.4973129,0.9946258,0.12523344,0.37850328180109805,281.7945,0.3661241,0.5900215295258574,0.0,0.16201775692782805,0.9999998089999999,0.796735090553282,0.5682648189307608,0.3135977504428245,282.13192862022566,3.0814522867934104,1328.5512408686227,6.761386831464425,229.4088285574489,2.1364493258328205,100.2532630746286,0.9599653173390813,0.0
10.74050609171259,1.1025204600306968,1.6478520864660742,1.4048295439125924,Si1,PU,combo_001,15.088580274211017,1.8167906404331198,hybrid,0.47822928,0.5217707,0.95645857,0.18128002,0.5478974341791012,283.4773,0.6094127,0.6107728162734766,0.0,0.13899973122206014,0.9999998089999999,0.7964999262637837,0.5871015354457996,0.3745205238339526,283.73061726840194,3.1027517352409992,952.5464313323142,7.491497392829566,192.40030998055866,2.315221639282461,83.00527954760591,0.9870631181882863,0.0
11.239028610828022,1.03813330217889,1.939369020413859,0.7673626267294429,Si1,PU,combo_001,8.624410516692352,2.013323565305679,hybrid,0.43969575,0.5603043,0.8793915,0.28575805,0.8636699407664379,283.49844,0.9123926,0.6110336091666633,0.0,0.12513590252424078,0.9999998089999999,0.7962432379835984,0.5874686148401908,0.489297082760111,283.2905478149452,3.114504105271672,996.887181426591,8.302623880038066,192.75335495216436,2.4402646175908247,84.29451068907169,1.0189413176643998,0.0
12.68109548964105,0.9733325122795482,1.6705622058655822,1.7984672890496771,Si1,PU,combo_001,22.806535427434827,1.626012508754411,hybrid,0.4992504,0.5007496,0.9985008,0.11394781,0.34439378983015917,283.3382,0.37440345,0.6090575291058793,0.0,0.17794175251669897,0.9999998089999999,0.7959546626690688,0.5862704984246498,0.30422116107169195,284.31265057835486,3.0914890499631524,1137.4872945057973,7.503297781591371,211.40838089173644,2.338291711075553,90.31460054466353,0.9858394321012933,0.0
13.236172897780332,1.0467928510437319,1.3466778257631304,1.6381590255493208,Si1,PU,combo_001,21.682956096230157,1.4096927206679613,hybrid,0.49496132,0.5050387,0.98992264,0.14868337,0.4493779174405149,283.12436,0.3857037,0.6064206231858806,0.0,0.0901667730388006,0.9999998089999999,0.7954069069857839,0.5812315503262614,0.3280356640243487,284.1558315768908,3.077634438640814,1146.4324369686146,7.013853176845716,213.66208653363535,2.129786790562089,92.50820870181921,0.9303588806261293,0.0
15.622328333813952,0.6036948104607742,2.915019043927216,2.0778398377916982,Si1,Si1,combo_002,32.46069617106063,1.759781869213188,hybrid,0.47456846,0.5254315,0.9491369,0.18106951,0.547261196490753,283.37494,0.742263,0.6095106238293956,0.0,0.1641368309347934,0.9999998219999998,0.7952530882040613,0.5869325541054929,0.38084650288004374,283.18889109123853,3.264599313791476,1303.4205600938012,6.985723740768757,260.1436808070426,2.2038264895470854,101.13695940456623,0.9304211513240879,0.0
8.831423548255518,0.9359028012382189,1.8317955607208316,2.263440881853793,Si1,Si1,combo_002,19.989405104087826,1.7143825965743602,hybrid,0.5358069,0.4641931,0.9283862,0.20926327,0.6324734959511288,286.23123,1.6392828,0.6447327173904454,0.0,0.1606232295186227,0.9999998219999998,0.7952402640098472,0.6208393012265323,0.4289017734979341,285.6076689503809,3.1916365117193064,848.7085508407836,9.101979036741954,176.2172384427149,2.5366911132953973,76.06327286769124,1.0886486763864702,0.0
9.15269132081581,0.979475052816389,1.6650818863682275,1.6572029394626242,Si1,Si1,combo_002,15.16786696085001,1.6309061685941324,hybrid,0.52173245,0.47826755,0.9565351,0.17917974,0.5415496042463765,287.4433,2.5249636,0.6596791983986638,0.0,0.13130909402874008,0.9999998219999998,0.7946127351378351,0.6352981446009548,0.4112021817126314,286.4758752069585,3.11629442734021,857.7248138615147,8.084262455219521,179.5893397741075,2.3955955946888046,77.2528677195901,1.0614920581987988,0.0
13.387598058037096,0.6093634229441975,2.653438927169077,1.579153057789946,Si1,Si1,combo_002,21.141066409812023,1.6169086272331281,hybrid,0.51371866,0.48628134,0.9725627,0.14517672,0.4387794955189537,283.3947,0.38460457,0.6097544821191285,0.0,0.17490128758978626,0.9999998219999998,0.7942916090439489,0.586838766130602,0.3370134108587204,284.0563246481896,3.136798543780649,1152.354165745787,7.284383455917042,218.95284235786477,2.365847846324698,92.30738696080493,0.9487163392767951,0.0
13.210812078687491,0.6904843987338634,2.240804923980992,1.8780534674771276,Si1,Si1,combo_002,24.810611432567764,1.5472408406148956,hybrid,0.5142757,0.48572427,0.97144854,0.16570427,0.5008215649402453,283.5517,0.24863608,0.6116902954561448,0.0,0.1064936831902142,0.9999998219999998,0.7942130866416501,0.586323774708864,0.34562369296516865,284.10464279940834,3.1193400900555743,1141.7518711868686,8.200208590027106,221.58971908453162,2.534133476870592,92.60635196154675,1.0268159030482529,0.0
11.395357518021125,0.9792639112039727,2.1660612818744136,1.1769628884928105,Si1,PU,combo_001,13.411912899818407,2.1211456427958293,hybrid,0.50515735,0.49484265,0.9896853,0.1320609,0.39913846922662377,284.18317,0.6999579,0.6194772024486684,0.0,0.13752064911786135,0.9999998089999999,0.7937674055503074,0.5952274925292252,0.3241264568809978,283.09870857843623,3.0733655904201607,1016.3289047023275,7.09683037875628,197.08031073229202,2.213241389177015,84.80200931977365,0.9267349361243882,0.0
8.10306530408695,1.1632601536340674,1.1286889550980597,2.326591476138702,Si1,PU,combo_001,18.852522667083957,1.3129588873124438,hybrid,0.5845568,0.41544318,0.83088636,0.32676548,0.9876100512854326,282.8529,1.0452738,0.6030732165698697,0.0,0.1844811462471296,0.9999998089999999,0.7935402339381941,0.582163588760784,0.5443566489763532,282.265687438308,3.3126521528834707,766.1055796209457,9.096540909151404,148.2110185322589,2.74793095779475,68.36089541572717,1.1244653162861726,0.0
12.865112037976113,0.8241147369517771,2.572334302649343,2.024710962371605,Si1,PU,combo_001,26.048133375429135,2.119898607179896,hybrid,0.5006745,0.4993255,0.998651,0.11682654,0.3530944201589932,283.69202,0.43691635,0.6134206356045898,0.0,0.14697063216083087,0.9999998089999999,0.793400286735539,0.5894674716747004,0.30392795058905403,283.5780798341464,3.1034658351028366,1142.5649049283386,7.176788587526571,214.51497181591714,2.2524721116230717,90.26768938252184,0.9835011549941315,0.0
13.27285874626454,0.8372642118104008,2.6913668773202364,2.1742699441148456,Si1,PU,combo_001,28.85877784448484,2.2533851672321474,hybrid,0.50622094,0.49377906,0.9875581,0.14023487,0.42384333501501487,283.65796,0.4667951,0.6130006574389385,0.0,0.11380374386809602,0.9999998089999999,0.7931835849720605,0.5881396401185587,0.32433984593688076,282.75120001490643,3.124013092077774,1161.5328235316176,6.937149314823315,221.14579237087673,2.1773876366331124,91.68780979723026,0.929182979792018,0.0
15.670607403146573,1.061208122426482,1.4285823216916862,1.194716513043641,Si1,PU,combo_001,18.72193343396314,1.5160231633340988,hybrid,0.52585244,0.47414756,0.9482951,0.17652215,0.5335173455048526,282.29037,0.45947528,0.596136426670721,0.0,0.16759560010055807,0.9999998089999999,0.7931316441372636,0.5742251833868416,0.3706414600706671,282.01384746912686,3.20144796611321,1345.2732769233094,8.072070544173673,241.1212039106311,2.5156905498882463,104.55476852685727,1.0501709146540854,0.0
8.006318185486155,0.9226752793109801,2.3829808132249286,0.572316999699469,Si1,Si1,combo_002,4.582152002556733,2.1987174874350175,hybrid,0.5545453,0.44545472,0.89090943,0.29703325,0.8977479068379045,290.58267,2.756129,0.6983920782182991,0.0,0.006652578312441219,0.9999998219999998,0.7931015335617988,0.6675886422237961,0.5220071196319893,286.46301838427945,3.5306781002133723,800.4214590928103,8.57150785847107,167.08396864889707,2.6674451671617674,72.34902671946493,1.1663361834349246,0.0
9.553732851856271,0.7751342665245758,2.8671021587803427,0.8276948832915829,Si1,Si1,combo_002,7.907575797816138,2.222389128897229,hybrid,0.44916916,0.55083084,0.8983383,0.27660108,0.8359940742117872,289.26035,2.1332626,0.6820859367150106,0.0,0.042999327378937226,0.9999998219999998,0.7928928304211128,0.6525609612981593,0.4928202364024161,287.73213423569496,3.2379684830022986,892.6427577854865,7.822706660056618,184.53035143072452,2.4225581974896406,78.62321263842897,1.0488113001116908,0.0
10.100519912123252,0.7800771397181211,2.1552363538663077,2.157560561996984,Si1,Si1,combo_002,21.79248341806237,1.6812506103405416,hybrid,0.5476088,0.4523912,0.9047824,0.2495026,0.7540921293069895,285.9737,0.78369534,0.6415569147560984,0.0,0.10870824440338758,0.9999998219999998,0.7928196731951218,0.6148265479528543,0.4457894522779458,286.481579236457,3.0546041579004077,941.4170078664408,6.785977222991206,191.52425803148336,2.064720324017076,80.25874255162402,0.9207394941037176,0.0
11.10226121562783,1.182443618395903,1.1439776138691917,0.6457295395986844,Si1,PU,combo_001,7.169058023271689,1.3526890291073983,hybrid,0.56036675,0.43963325,0.8792665,0.27533922,0.8321802510416383,282.4035,0.8890368,0.5975314616707831,0.0,0.13491058628185712,0.9999998089999999,0.7926917297119396,0.5752980163651793,0.4792534888522229,283.55871820093455,3.29476382003902,924.0954914963328,8.617698463388033,177.261725297881,2.766137031887012,78.73946604617785,1.0735865302996892,0.0
8.27346395371847,1.0847599874981702,1.6599709766760693,1.946572044986713,Si1,PU,combo_001,16.10489364751362,1.8006700959064583,hybrid,0.44509798,0.554902,0.89019597,0.24588636,0.7431624602559741,283.0155,0.7460879,0.6050782736187855,0.0,0.18800118956993137,0.9999998089999999,0.7926110989676041,0.5835775781890273,0.4530715811226247,284.51645261087776,3.1157608447043046,797.3694250349835,7.480837158218376,159.60081839499438,2.223560106210014,72.86942044525941,1.088792053676205,0.0
8.450986591144298,1.0934460270755477,1.9581717807041836,0.9074815621653822,Si1,PU,combo_001,7.669114513570326,2.14115515394244,hybrid,0.5401749,0.4598251,0.9196502,0.22526701,0.6808429178823279,283.72144,1.8415953,0.6137834124430198,0.0,0.12199307306541567,0.9999998089999999,0.7923724480419605,0.5915696630255083,0.4442671976382487,284.5492230727793,3.145583019462918,800.2353805280858,7.692980877669649,164.38606778046,2.3645426262507763,73.91058079302134,1.053867625252758,0.0
8.533683093627872,1.1343763950724828,1.3854517484923043,1.848136395716914,Si1,PU,combo_001,15.771410314847778,1.5716237600015683,hybrid,0.4383871,0.5616129,0.8767742,0.2787013,0.8423417690335141,282.5002,0.89987993,0.5987240340784433,0.0,0.13198792468930812,0.9999998089999999,0.7923603544956592,0.5763269385388818,0.48259836731886485,283.85400504665483,3.1026351657565496,801.194571019952,7.3933552314001885,159.9560359672808,2.208249063101124,73.80552314058713,1.0200428101076258,0.0
8.730819190346015,1.0808983170411226,2.3023710161460684,0.6812624296110998,Si1,PU,combo_001,5.947979094110342,2.4886289565565445,hybrid,0.5532745,0.4467255,0.893451,0.26308265,0.7951362382738291,284.83237,1.9210497,0.627482753988005,0.0,0.1089801075817278,0.9999998089999999,0.7922687114394731,0.6039250833442416,0.48397942400772354,284.20648008444243,3.180445770340113,818.9996179136288,8.685485525915846,169.11409378895647,2.525989187884093,74.5802557194406,1.0736776184365824,0.0
8.764827693281866,0.7960080312663225,2.695921629525948,2.1309930986356784,Si1,Si1,combo_002,18.67778732511453,2.1459752687672458,hybrid,0.496377,0.503623,0.992754,0.13291368,0.40171589165647253,287.15762,1.1917291,0.6561564245557772,0.0,0.1069047799531343,0.9999998219999998,0.7920763663371866,0.6289353575990088,0.3307198360122334,285.9985261331481,3.2595975232144085,860.1424234912852,8.252452701716988,178.50941791995714,2.4281203859204052,75.12158343782333,0.9996656385184591,0.0
12.116837290203584,0.8812384970900501,1.5805470421073464,1.5757708242070598,Si1,Si1,combo_002,19.09335868356694,1.392838899966802,hybrid,0.49170977,0.50829023,0.98341954,0.14112759,0.4265414566028429,283.72836,0.3355276,0.6138688381093306,0.0,0.11927965146273857,0.9999998219999998,0.791823976791801,0.5888673583984598,0.3233605799603311,283.1576075088713,3.0595918520324554,1070.0463980677039,6.902436221842538,210.7228701729445,2.2251826223636737,89.54145268931462,0.9522169755243016,0.0
9.348761610860297,0.898941296264625,2.98283951039208,2.167843186250403,Si1,PU,combo_001,20.266649157982837,2.681397616021196,hybrid,0.5280385,0.4719615,0.943923,0.20906007,0.6318593714294104,285.1067,0.704852,0.630865535109008,0.0,0.05819654351875215,0.9999998089999999,0.791333123590545,0.6033338076126512,0.39378249919078645,285.03772440570873,3.1064871371081555,891.4328518624434,7.071452280337805,180.084995459087,2.1787554929836124,76.54851908441108,0.9386532546542155,0.0
14.967507762380428,0.9959934324696629,1.8199966397084595,1.461491776001541,Si1,PU,combo_001,21.874889501958222,1.812704700266481,hybrid,0.46736258,0.5326374,0.93472517,0.20928364,0.632535061529098,282.60333,0.34178275,0.5999956346355542,0.0,0.09730085328759101,0.9999998089999999,0.7909476165363281,0.5754558588031589,0.39229232440957046,282.9135176370692,3.10133711440788,1302.9553028889795,7.528973984305568,234.75244868964364,2.3416166110875927,98.8000846507703,0.9834245754863553,0.0
14.751360737955,0.6547856216694338,2.608818077711163,2.2777431915933377,Si1,Si1,combo_002,33.599811487614275,1.7082165668365612,hybrid,0.46957937,0.53042066,0.93915874,0.18106492,0.5472473250949853,283.6883,0.6091074,0.6133747240130043,0.0,0.17208600898158788,0.9999998219999998,0.7903275474481649,0.5904873318377009,0.3792495438538585,284.56472748864934,3.2398872458011847,1241.8527417151977,8.462275133272852,248.3721451625529,2.646801934635808,98.38050561404991,1.0452034141636468,0.0
14.809382567895476,0.5597524942646077,2.510549449666674,0.6968247409737829,Si1,Si1,combo_002,10.319544171855421,1.405286316425559,hybrid,0.51340526,0.48659474,0.9731895,0.16938573,0.5119483609369605,282.64774,0.5864019,0.6005431868138899,0.0,0.05269162420163694,0.9999998219999998,0.7900581530370205,0.5750597884680816,0.3485109433128111,285.05547859454435,3.1456012165311322,1264.9852477026398,6.750353239231322,218.5835842735195,2.042771564051954,97.7558818523893,0.9200833919518424,0.0
10.0171191387928,0.7093817769291244,2.5658758097259,2.3263109750152786,Si1,Si1,combo_002,23.30293419060929,1.8201855412828147,hybrid,0.51523864,0.48476136,0.9695227,0.17594577,0.5317753143740177,285.31158,0.4706268,0.6333921779442973,0.0,0.044705478598886204,0.9999998219999998,0.7898322536755148,0.6048337592963852,0.3518314276668331,285.42296673687747,3.0757326339452713,942.3259693967788,6.52360088555368,191.37622498108243,1.995750216608947,79.86170147968798,0.9216267636315196,0.0
15.472969368947231,0.9026908394599309,1.673339026986731,1.9435441438763443,Si1,Si1,combo_002,30.072399005395447,1.510507810971716,hybrid,0.52796066,0.47203934,0.9440787,0.17780645,0.537398994395866,283.74982,0.544828,0.6141333942477292,0.0,0.15563960674764363,0.9999998219999998,0.7896807444773227,0.5905767012571616,0.3719914912636166,283.6444986425873,3.2346668249654513,1287.0484993147218,7.685428039149227,255.9611672181136,2.4468076882596286,103.41431625966605,1.0539731202680733,0.0
13.285915067706377,0.601995600318043,2.6809359008004456,1.545809925453301,Si1,Si1,combo_002,20.537499380390084,1.6139116170165577,hybrid,0.48778123,0.5122188,0.97556245,0.13362847,0.40387627147330346,283.34152,0.35754305,0.6090985484786893,0.0,0.16459762809886938,0.9999998219999998,0.7895273295444534,0.5858776919990637,0.3226858372136935,284.0184885770749,3.136617861140254,1146.235669061691,7.2340344756773645,217.45033640134145,2.351162558350942,91.7746820722355,0.9453260587578373,0.0
8.098126407268108,1.0610913392551549,2.6834608707982963,0.8483025571349687,Si1,PU,combo_001,6.869661339287753,2.8473970892341685,hybrid,0.45457593,0.5454241,0.90915185,0.24027371,0.7261989141939778,285.494,1.9013479,0.6356414696074671,0.0,0.09186045470826999,0.9999998089999999,0.789087371875711,0.610882198315606,0.4568714181714942,282.78369276161845,3.2859835454582513,787.8596548938563,9.012960110601986,163.57929763757542,2.925293347865282,72.56946558320777,1.1230054364649138,0.0
8.184875519972895,1.1081813186389287,1.6198965723205423,1.4815773926294122,Si1,PU,combo_001,12.126526531877746,1.7951391195728592,hybrid,0.4153486,0.5846514,0.8306972,0.29899585,0.9036796399345954,282.7714,1.2112699,0.6020680537737635,0.0,0.2458416087425578,0.9999998089999999,0.7886615678320772,0.5833771862244813,0.5276562969258163,284.0428041938653,3.1309380377175033,785.7819272001614,7.554326305911679,158.7690747789309,2.25840506678094,72.57386853330755,1.0133552949819429,0.0
8.712563298798134,0.9981329519483692,1.6566824090369345,0.8733961397725953,Si1,Si1,combo_002,7.60951915269468,1.653589303372971,hybrid,0.56062585,0.43937415,0.8787483,0.25062528,0.757485306904181,287.3753,1.9543779,0.6588407473654461,0.0,0.19155792004754466,0.9999998219999998,0.788401689976523,0.6353115097082599,0.48388521311419874,287.0478461813797,3.216196230968706,823.4790153960716,9.01389882546465,172.98345555586565,2.626899370495502,75.51120537115034,1.1162543070963156,0.0
9.101015170832781,1.0592671687162405,1.2577555325560197,1.5843052187454034,Si1,Si1,combo_002,14.418785831031464,1.3322991419078023,hybrid,0.557133,0.44286698,0.88573396,0.23617947,0.7138245482811494,284.97928,1.5175357,0.6292943802330276,0.0,0.20820352758672347,0.9999998219999998,0.7881313614430807,0.6078452189523078,0.46196577449015275,285.2467204481857,3.1789848504038436,842.313122910803,7.843440649260505,171.29452883831212,2.4298799435155223,74.6245115022343,1.017484015955179,0.0
9.658152502967734,1.0242936120301187,1.2901515289315046,0.5007522031277993,Si1,Si1,combo_002,4.836341144005362,1.321493969635431,hybrid,0.57786256,0.42213744,0.8442749,0.2871931,0.8680071839418237,283.95786,1.7974576,0.6166987985087012,0.0,0.21776480166208093,0.9999998219999998,0.7878096621361124,0.5970458573501557,0.5232174673056469,287.8446844285976,3.3011408499641783,868.445977070006,8.805631268389275,173.83499280794578,2.8782053153584815,77.55623960593951,1.0628448354522226,0.0
11.89987656898283,1.1796158598007742,1.1885760163882517,1.3583412671412685,Si1,PU,combo_001,16.164093417536826,1.4020631195104067,hybrid,0.5206636,0.47933638,0.95867276,0.16393633,0.49547819520170405,283.05548,0.72812647,0.6055712587415483,0.0,0.11824268573051985,0.9999998089999999,0.7873079585804732,0.5819061750812188,0.35554271254609343,281.98094540054916,3.160260414768421,986.6955704169992,7.0943125057123355,193.89585698086773,2.200758890992614,82.10262506084523,0.9117718568761518,0.0
13.5774866184043,0.7133596279928636,2.235487855888654,1.2845614773856968,Si1,Si1,combo_002,17.441116269721956,1.5947067852592944,hybrid,0.5083148,0.4916852,0.9833704,0.10800662,0.32643724549028763,283.47937,0.33319607,0.6107984063409176,0.0,0.19736853380360003,0.9999998219999998,0.7867354713474376,0.5883810485881299,0.29998868279654833,283.61203239004004,3.119979504559091,1158.0757726498437,8.288388690489041,218.28721526309317,2.535250318429781,94.04405928163897,1.0247610085213896,0.0
15.234618069851058,0.8329497126799085,2.751161077463644,2.163659711634823,Si1,PU,combo_001,32.962529339880604,2.29157882900949,hybrid,0.5124374,0.4875626,0.9751252,0.13302112,0.4020406084210361,282.7041,0.3639809,0.6012382582045331,0.0,0.14464551314794247,0.9999998089999999,0.7864479094984256,0.5780592004967323,0.31918516063432834,282.7097115044318,3.164296720283434,1297.0097563805234,7.41147809256666,248.55459055199685,2.367855832955568,99.81383855543535,0.9944387609336541,0.0
9.289056967740944,0.8353535768568663,2.219245581720191,2.2341164373988027,Si1,Si1,combo_002,20.752834859563922,1.8538547346137586,hybrid,0.46217075,0.5378293,0.9243415,0.20583284,0.6221054382807107,286.37946,1.117223,0.6465605255898793,0.0,0.1226147371572299,0.9999998219999998,0.7864323754457556,0.6204448837362062,0.40865463972450367,286.4633055727992,3.095665330360201,887.5191851823913,7.0542310712806,183.29703521805828,2.148277638053288,77.24312265819624,1.03022354082171,0.0
12.806331171741503,1.062249023661166,1.3408641276368076,1.4811663789180378,Si1,PU,combo_001,18.968307168873555,1.4243316104444799,hybrid,0.5095678,0.4904322,0.9808644,0.118227236,0.3573278530511171,283.08984,0.47417256,0.6059950001524115,0.0,0.16881144728876019,0.9999998089999999,0.7862369624997188,0.5833578899934143,0.3094648566474219,283.7027953577915,3.094055748193647,1107.743219295022,7.031639207414005,208.68225443880615,2.1537877684011777,90.65142987225914,0.9174786686406936,0.0
11.796177102387094,1.0410242202653093,1.2220779983623442,1.7173332040648217,Si1,Si1,combo_002,20.257966618958513,1.2722127953485494,hybrid,0.4789881,0.5210119,0.9579762,0.17652032,0.5335118059539453,283.76572,0.39306742,0.6143294593232707,0.0,0.06718772256104945,0.9999998219999998,0.7860890629515787,0.587831507115033,0.3541896553439504,281.81882473280916,3.0923441868188704,1006.5632587245511,6.783332732313999,204.12016566946053,2.1394541200706105,83.53868827448491,0.9473358374164799,0.0
15.828636401737576,0.5748570004288116,2.960581706756222,1.5110534500167903,Si1,Si1,combo_002,23.917915643906916,1.7019111194702932,hybrid,0.47769827,0.52230173,0.95539653,0.15755412,0.47618871331364854,282.9441,0.45907626,0.6041976742391941,0.0,0.14611782646785354,0.9999998219999998,0.7860192484913958,0.5809964829867024,0.34734643054371717,281.85327177013176,3.23584340149209,1321.282220177482,7.512524230969209,253.6545913323001,2.468972758483676,101.4131366578385,0.9643744363802865,0.0
10.337780656488947,1.1312994101687688,1.495479241455815,0.7183785446480042,Si1,PU,combo_001,7.4264398228988195,1.6918347837786012,hybrid,0.56065524,0.43934476,0.8786895,0.2640638,0.7981016544521821,282.94626,1.3425905,0.6042243932801988,0.0,0.1237557360655074,0.9999998089999999,0.7858143740670303,0.5819338230057385,0.4751372282879761,284.77104281051544,3.211479881038061,912.9522255150671,7.7039234343004575,182.46056950470683,2.473527544586633,81.97002379002734,0.9737497877606324,0.0
13.95130192843597,0.8646659889025236,1.503944916420826,2.291102047721034,Si1,Si1,combo_002,31.963856416614068,1.3004100184119367,hybrid,0.52620107,0.47379893,0.94759786,0.1885794,0.5699589433707474,283.7074,0.27018166,0.613610303163271,0.0,0.07007940385341498,0.9999998219999998,0.7857497221255003,0.5870363719654798,0.3648101832205659,285.220645937128,3.1388437441763526,1205.8473812392936,6.926683682917038,234.0000876173626,2.1356428099861526,97.56701293485705,0.9880876755501452,0.0
11.071912307205896,0.9649216773372524,2.3620914664113624,1.0303899721616256,Si1,PU,combo_001,11.408387413997843,2.279233259793662,hybrid,0.52472264,0.47527736,0.9505547,0.15375197,0.4646971626600401,284.51398,0.5942337,0.6235565602583995,0.0,0.1799769322139026,0.9999998089999999,0.7857316789225468,0.6000646888512768,0.3512295928963092,283.5272043699768,3.0717478315465803,988.9784661389867,7.851040858502148,193.8025897865154,2.4094738374476936,83.13030248429763,1.029288931505618,0.0
13.440833615106445,1.0777976152047328,1.2188120847649775,1.7004804827994462,Si1,PU,combo_001,22.855875235043236,1.3136327583424015,hybrid,0.49274197,0.50725806,0.98548394,0.15642706,0.47278229483867884,283.1055,0.3459729,0.6061880546317834,0.0,0.006243769736379359,0.9999998089999999,0.7855763584690969,0.5784286831629075,0.3228079156823734,284.1741943070317,3.0927035823523195,1129.104261458136,6.476199597902562,209.7528443918647,2.031997521319729,87.83315432423437,0.8994107936188851,0.0
15.952228904591745,0.8173895024590848,2.9209408096148146,2.382085262618178,Si1,PU,combo_001,37.999569379539714,2.3875463550834897,hybrid,0.45019016,0.5498098,0.9003803,0.21387215,0.6464033047069159,282.35782,0.87785345,0.5969681038625573,0.0,0.19741974175057603,0.9999998089999999,0.7853577972493677,0.5766349567257196,0.42337407122258625,281.3421059675625,3.339086864450549,1342.4657112089349,7.9992857096058,263.6269013996502,2.310493670245392,102.88084076648059,0.9432369484159818,0.0
15.709329123369757,0.9479112701697615,1.608303962503074,0.7497732146460152,Si1,PU,combo_001,11.77843419676121,1.5245294519153494,hybrid,0.5401365,0.45986348,0.91972697,0.20931995,0.6326448166962605,281.69455,0.72175384,0.5887890667189507,0.0,0.12319962025755325,0.9999998089999999,0.7853422247889457,0.5666038440764941,0.404161309151207,282.39553055194904,3.190327889436686,1385.3206682434825,9.222609722940717,234.85853596325433,2.6518300325501447,103.59637575376973,1.2178478285894974,0.0
11.67855493251262,0.7532352910663366,2.825648811644628,2.2473840624353234,Si1,PU,combo_001,26.246198227604296,2.1283784050903893,hybrid,0.50242364,0.49757636,0.9951527,0.14163537,0.42807618242614853,284.1493,0.4948848,0.6190594822301443,0.0,0.011777489904886218,0.9999998089999999,0.785328912033133,0.5907033196275993,0.3111048015032835,284.75688578974575,3.0806373750987173,1070.8864384270432,6.528680087602934,204.0518945182477,1.9890366255653837,85.08618891809743,0.8953038731951768,0.0
8.994007838079108,1.1936090527073944,1.131002536372888,1.0832025978660342,Si1,PU,combo_001,9.742332655434764,1.349974866049703,hybrid,0.539749,0.46025097,0.92050195,0.23674747,0.715541268618408,282.29385,1.2806107,0.5961793276661369,0.0,0.021903547759200698,0.9999998089999999,0.7853225448657104,0.5713657037050381,0.4296671766568438,283.58978142376367,3.196648306355595,796.2293105915749,8.086706018386383,156.33652494111556,2.461493748875635,71.16249651547108,1.0458055678665596,0.0
8.634256455132526,1.0556966075259526,1.894793095857373,1.9739459644952948,Si1,PU,combo_001,17.0435556860263,2.000326643260226,hybrid,0.51962966,0.48037034,0.9607407,0.17174242,0.5190711875527102,283.89542,0.78131306,0.6159288385383405,0.0,0.06234719712510227,0.9999998089999999,0.7849506513180318,0.5898536161296285,0.3565281466692395,285.2887273975263,3.074186186990778,823.5970852705158,6.893389570284208,165.9426370123365,2.1184811955026106,74.41067216134502,0.9440416908694146,0.0
14.189046262403984,0.6608303759177192,2.513039377642075,1.798161776872827,Si1,Si1,combo_002,25.514200639335094,1.6606927566232434,hybrid,0.53475016,0.46524984,0.9304997,0.18040155,0.5452423679625523,283.60614,0.53696924,0.612361658401953,0.0,0.16716337913445498,0.9999998219999998,0.7842470026830505,0.5892783313268642,0.3763008997591238,284.2517630929329,3.14926222564798,1202.467380973201,7.8748154846407115,232.30183977655471,2.429715023027932,96.22726817883299,0.9809614339960099,0.0
11.029342640882717,1.0460896570188645,1.7826357789999543,0.5464704442717657,Si1,PU,combo_001,6.027209772988709,1.8647968506436186,hybrid,0.58267766,0.41732234,0.8346447,0.3249984,0.9822692936928474,283.80914,1.225866,0.6148649691169281,0.0,0.09967456257861189,0.9999998089999999,0.7841624683396087,0.5907914991887958,0.5335428448743634,284.7623544206526,3.160886036038352,981.9596733719203,8.375264477873566,188.7773000280376,2.4510372058731007,83.8039169023988,1.0109952437857779,0.0
14.924273412374376,0.6119657577353153,2.152278767601643,0.5025601940960168,Si1,Si1,combo_002,7.50034574286489,1.31712090687297,hybrid,0.52033544,0.47966456,0.9593291,0.1721341,0.520254985077891,282.54953,0.7241191,0.5993321745046911,0.0,0.0603470484404071,0.9999998219999998,0.7840333145974803,0.5744221659211173,0.3554464459851977,285.3046953588761,3.181989860250201,1276.2950760050703,9.771825301793097,217.72894544457475,2.663872776794554,98.92278333437946,1.2530623355332464,0.0
9.616655340216308,1.1189650288329656,1.610731041907928,1.0951766791423023,Si1,PU,combo_001,10.531936659954184,1.8023517067506571,hybrid,0.5227663,0.4772337,0.9544674,0.13703184,0.4141625419530907,283.00525,1.1216627,0.6049518285796647,0.0,0.2075558298893711,0.9999998089999999,0.7839958930904087,0.584721072801204,0.34870862888135257,285.2730845213105,3.135670525953604,869.265878302622,7.692536799812821,177.10300759432522,2.38042585326132,78.46146294144052,0.968436199782658,0.0
14.879893784768608,0.9689594282119228,1.8700656504509334,1.2327255314320187,Si1,PU,combo_001,18.342824973480873,1.812017743379694,hybrid,0.52338356,0.47661644,0.9532329,0.17968786,0.5430853208836656,282.43674,0.44485846,0.5979412790743621,0.0,0.060948807910379835,0.9999998089999999,0.7839073469854616,0.5726600444734261,0.35768757343569024,282.9524385517109,3.091128903161301,1299.3538862252587,7.533878544230237,229.7534363489237,2.290364624393904,98.16818643614027,1.0055666012842073,0.0
12.35756559956203,0.6938989747677151,2.1792663710827087,1.724061902099939,Si1,Si1,combo_002,21.305208052905687,1.5121907006400506,hybrid,0.49396187,0.5060381,0.98792374,0.11636843,0.35170982517267413,283.52826,0.22176772,0.6114012782238687,0.0,0.12419496230177603,0.9999998219999998,0.7839059378522889,0.586540758059944,0.2955279189465704,284.0415167432237,3.0677484716484025,1087.8952433476113,7.023964518658585,211.637825949191,2.222155185850142,88.98233508599937,0.9696483063072225,0.0
14.632426902098278,0.9556075806519276,1.91486847978736,1.0340831473674679,Si1,PU,combo_001,15.131146064546195,1.8298628352362338,hybrid,0.47941536,0.52058464,0.9588307,0.15874977,0.4798024370961476,282.15604,0.4588763,0.5944798461284297,0.0,0.10694959908945402,0.9999998089999999,0.7836107228427147,0.5708806756618089,0.34273181669171854,282.81455246942807,3.0854608257631693,1279.6223071085,7.48057136447609,223.18706875425084,2.239451957586239,97.00946857110428,1.0176344605031187,0.0
15.137531283852748,1.0647026126727042,1.591718742109966,1.8569203488994859,Si1,PU,combo_001,28.109189873088727,1.6947071033645908,hybrid,0.4843448,0.51565516,0.9686896,0.13777378,0.4164049791825478,283.11127,0.25913596,0.6062591799662889,0.0,0.13490878764621902,0.9999998089999999,0.783531951416877,0.5821984214426009,0.32055971962682384,283.0777765547455,3.1780535679929103,1305.6264636114204,8.737361468014788,243.09151934808096,2.5856015623839124,101.54111094475256,1.0776996661808056,0.0
11.353011260785124,1.1149852649762726,1.468876650213942,2.1720238876069766,Si1,PU,combo_001,24.659011654696286,1.6377758210562519,hybrid,0.50763,0.49237,0.98474,0.10703737,0.3235078138743322,283.81024,0.4865824,0.6148785167996911,0.0,0.16365487529819855,0.9999998089999999,0.7828124781914749,0.5913982716886331,0.2971138650970778,282.5509883140898,3.148323925408698,994.8636403937055,8.14592190382297,201.42001491496487,2.573979407833025,86.1415172958519,1.0137425186030955,0.0
15.293028697908818,0.9721853923492015,2.0123951098728,2.084654300140117,Si1,PU,combo_001,31.880678037261834,1.9564211294533025,hybrid,0.45847616,0.5415238,0.9169523,0.19037536,0.5753870277048704,282.89764,0.54769045,0.6036249083179385,0.0,0.18000369041581168,0.9999998089999999,0.7823451459344264,0.5816449471478187,0.3890017716422203,283.3540915415492,3.172345688015212,1319.2220254165484,8.478513331088083,248.58921116884676,2.7038802309907393,100.3914675978298,1.1669952066407379,0.0
15.289767713435909,0.9400863990558816,1.8755139320391105,0.9830008297483226,Si1,PU,combo_001,15.029854348966612,1.763145138749785,hybrid,0.5324947,0.46750528,0.93501055,0.1818046,0.549482916700557,282.0123,0.6056341,0.5927073576336112,0.0,0.1253598125452136,0.9999998089999999,0.7822370661457141,0.5700653430633765,0.372950438058118,282.42030043760064,3.117876876832017,1336.780934081444,8.562612163987398,231.6610799581473,2.5237249471934837,99.69811827539546,1.0614297433009874,0.0
11.349364164299981,0.6502084989761313,2.7981176925194324,0.6331345083267337,Si1,Si1,combo_002,7.185674099985119,1.8193599048116162,hybrid,0.5396336,0.46036643,0.92073286,0.2046388,0.6184965784941303,286.1102,1.0703282,0.6432402143393943,0.0,0.1037037193476473,0.9999998219999998,0.781332753588303,0.6167388120679673,0.40357424698686983,284.7792225079724,3.2372334198459773,1013.544758523328,7.813154430539539,194.40362864495094,2.4957935673674307,84.83300968725463,1.0101935439513108,0.0
15.202585948650672,1.0592288876029607,1.5456235775311675,1.4756225573626225,Si1,PU,combo_001,22.433278756072976,1.6371691426812471,hybrid,0.52719045,0.47280955,0.9456191,0.16091874,0.4863578875953962,282.81274,0.2501147,0.6025779734999799,0.0,0.1411630702271634,0.9999998089999999,0.7810953590161023,0.5789831701697051,0.3457927322763965,282.66735631851486,3.1593270190665375,1314.8122597633292,8.481599801584164,239.60809300454912,2.5809850046291873,102.31488047134096,1.0888473569313422,0.0
13.632238480604165,0.8661177617567573,1.6225338299251004,1.8702042515612336,Si1,Si1,combo_002,25.49507036472256,1.4053053691493471,hybrid,0.4739191,0.5260809,0.9478382,0.1743981,0.5270976365213313,283.56992,0.3001806,0.611914961195297,0.0,0.081792699218796,0.9999998219999998,0.7809569627999902,0.5858818267093228,0.35219304255128503,283.5842681076219,3.08734516397343,1172.6457529896118,6.756577497543343,227.3386767374174,2.1028751401777384,95.82438498418301,0.9421205299799602,0.0
9.324110190106861,1.0387331700617501,2.2878992260629287,1.6528262974970407,Si1,PU,combo_001,15.411134522968752,2.3765168158701706,hybrid,0.49077296,0.50922704,0.9815459,0.12805282,0.3870245072434357,284.8071,0.8559652,0.6271711572844573,0.0,0.08887220661738515,0.9999998089999999,0.7809046978413734,0.6011261070463619,0.3158516461494385,284.80209209457956,3.05830828166399,866.2371203464199,7.460285420221316,177.9454046126252,2.238070198840501,76.75980899248411,1.0170635924951692,0.0
11.323365774664909,1.0930150988042056,1.5857499597437692,1.7480819783956538,Si1,PU,combo_001,19.79417164547387,1.733248648928101,hybrid,0.49606284,0.5039371,0.9921257,0.12140142,0.366921454482501,283.83823,0.55873984,0.615223606385625,0.0,0.06273013236441534,0.9999998089999999,0.7808510912039981,0.588817347687825,0.29867884633157404,282.9032507115919,3.0961553994258657,999.8520740973512,7.6051807165867675,200.39317856206432,2.335217585352017,85.60408391931342,0.9899418046999102,0.0
8.592378476881038,1.1499844939349013,1.5368844949492095,0.6708939752435966,Si1,PU,combo_001,5.7645749531522394,1.767393338160563,hybrid,0.4428107,0.5571893,0.8856214,0.24534726,0.7415331116972527,281.93863,1.5203851,0.5917989102394515,0.0,0.11783801289928164,0.9999998089999999,0.7806990455546199,0.5706435282633482,0.45816852893313015,283.77125200275617,3.1737658661487056,797.7588398316632,7.399657852679597,163.03194953487792,2.143512709783752,74.45257671666971,0.9493994792752964,0.0
8.444286987354124,1.1565070018688217,1.4446105556838909,0.8063667451196572,Si1,PU,combo_001,6.8091922128490205,1.6707022226220292,hybrid,0.42090735,0.5790926,0.8418147,0.2864675,0.8658141523005395,281.81833,1.2374641,0.5903154389769091,0.0,0.17250060710145018,0.9999998089999999,0.7802456904549007,0.5704115013879143,0.5039499856417401,283.46160611906123,3.16550596010721,787.7634739229702,7.428537030142512,159.9080996025577,2.1353208275333713,74.05028460377726,0.9855978676547599,0.0
15.27009693355338,0.960904548969369,2.046598083780868,2.0049076434549855,Si1,PU,combo_001,30.615134058379706,1.9665854086170298,hybrid,0.45939007,0.54060996,0.91878015,0.18790348,0.5679160650849492,282.83112,0.5001251,0.602804520861738,0.0,0.16218556996999373,0.9999998089999999,0.7800402375331683,0.5802703903853079,0.3827195552816716,283.34006674418544,3.152133970433909,1317.470941629919,8.26241459097362,247.19907520715208,2.620227500795682,100.51399162366852,1.143368190761318,0.0
13.664105256192759,0.9031211918063277,1.2515323433222703,0.6289959959151334,Si1,Si1,combo_002,8.594667493908174,1.1302853814853748,hybrid,0.51029253,0.48970747,0.97941494,0.12863292,0.3887777976240821,282.74066,0.31601468,0.6016890949809223,0.0,0.08923522138458706,0.9999998219999998,0.7799460674351263,0.5767256866226059,0.30522859086001497,284.3693126057237,3.203817811437099,1152.133114595621,7.410755903525491,204.05504641616213,2.296437702587428,91.12465791290549,0.9286601064471731,0.0
14.345496568484815,0.661251276560294,2.0115280242576787,0.5261943209226193,Si1,Si1,combo_002,7.548518825151633,1.3301254738771962,hybrid,0.48566952,0.5143305,0.97133905,0.1233341,0.372762753284706,282.73322,0.701982,0.6015972717977511,0.0,0.1451927616799261,0.9999998219999998,0.779873249524018,0.5790117480137642,0.31608810234504797,285.72339809552034,3.183838015613156,1230.8406089309176,8.819008212513442,211.8316100436885,2.5528780866883816,96.47016881374842,1.1896234007711497,0.0
13.113652346767058,0.8667861518707469,2.496135961727857,1.7961707419978048,Si1,PU,combo_001,23.554358665993842,2.163616084812275,hybrid,0.49904823,0.50095177,0.99809647,0.100163534,0.30273244878865335,283.59637,0.46013567,0.6122412345551712,0.0,0.10104294703194588,0.9999998089999999,0.7796602398625785,0.5870462107388521,0.279897657980742,282.7555294584864,3.096994618190514,1151.9221275631032,7.140863376312743,215.6975542416245,2.2978959990493286,91.4835585790729,0.9772856219880364,0.0
10.622810360371115,0.6972386606543065,2.808876563692812,0.9528791222954587,Si1,Si1,combo_002,10.122254212501534,1.9584573332124473,hybrid,0.5373738,0.46262622,0.92525244,0.18877783,0.5705587010897062,287.87885,1.0549021,0.665050101965129,0.0,0.12441339106555944,0.9999998219999998,0.7794717378800043,0.6373975488023762,0.38957985693695574,285.6531797711702,3.158284396450497,965.6575967227592,7.364719463949407,193.10324765236217,2.258331472745511,82.26520156976241,0.9976013697564174,0.0
15.630683055148886,0.8044939002395074,2.91283250970183,2.100260791380322,Si1,PU,combo_001,32.82851076322199,2.343355986474458,hybrid,0.47020808,0.52979195,0.94041616,0.16295302,0.4925062486584604,282.3915,0.45007464,0.5973835661339543,0.0,0.14434321318324264,0.9999998089999999,0.7793273353621177,0.5746581302725127,0.3526031369853504,281.6937820442587,3.1980752947182345,1324.1597557415926,7.311045320317174,253.65725464507977,2.187140954279036,101.46105336552989,0.9103972927417256,0.0
15.816415292240197,1.1592254680286458,1.2885882279424286,1.8399112196809235,Si1,PU,combo_001,29.100799951325673,1.4937642916327651,hybrid,0.47713432,0.52286565,0.95426863,0.128585,0.38863295863450703,282.9571,0.31051236,0.6043579884852223,0.0,0.19845500724405707,0.9999998089999999,0.7788877854854646,0.5824477995496568,0.32144580166120873,281.7510754673286,3.41093508269732,1299.9868110880138,9.155179958964517,247.90360881631386,2.8823692676259567,101.0523696619986,1.1225126560572622,0.0
13.635341415660852,0.802226342660114,1.6763909925255862,2.4528420090030085,Si1,Si1,combo_002,33.44533823143149,1.3448450148021593,hybrid,0.5069518,0.4930482,0.9860964,0.12117788,0.3662458319383123,283.71365,0.1695742,0.6136874496901156,0.0,0.0760619805122174,0.9999998219999998,0.7788621353636179,0.5871064940576493,0.2923041305746332,285.3012100086411,3.1677663413549286,1185.2969473594644,7.139615956522462,231.04034864609977,2.158717073272554,95.17662719001999,0.9987793918536999,0.0
13.602317905332047,0.7098987979695265,2.221140593175878,1.2073329361562415,Si1,Si1,combo_002,16.422526415175156,1.5767850372168768,hybrid,0.5105046,0.4894954,0.9789908,0.09684257,0.2926952329146964,283.4745,0.2787811,0.6107381944175267,0.0,0.19564873567723493,0.9999998219999998,0.7788490397350522,0.5881765255964746,0.28678311109544663,283.7874451782232,3.1219529038378036,1160.8749394269423,8.336828250137,217.25266879390225,2.5449860674114952,94.11947115429562,1.0296194991133447,0.0
14.130944956222068,0.8340252581045304,2.7742240969474636,1.9803151081847359,Si1,PU,combo_001,27.983723789733453,2.313772968496416,hybrid,0.46852845,0.53147155,0.9370569,0.17184104,0.5193692424137202,283.11627,0.34081006,0.6063208971877645,0.0,0.12307124269276383,0.9999998089999999,0.7786458260299729,0.5820464685753194,0.356529505786303,283.0139201255954,3.098467645993883,1216.868558363853,7.009519505462719,229.66891663948772,2.202099193427039,95.32261541948736,0.9310197551978316,0.0
9.405952388644932,0.8883402638756234,2.252638885974222,0.7961594703209831,Si1,Si1,combo_002,7.4886380716079355,2.0011098223828307,hybrid,0.42865878,0.5713412,0.85731757,0.27426732,0.8289405595378772,292.24377,2.6336555,0.7188757982313501,0.0,0.13094155713936997,0.9999998219999998,0.7786401103393411,0.689942811064668,0.5140067939816855,288.7279926878427,3.143971762522099,875.0452218956272,7.220539940740918,183.66580036455778,2.2435645812915155,77.71206591289541,0.9880107117957998,0.0
12.412542751494572,0.7794305081444575,2.6280448485095707,2.1284064582556494,Si1,PU,combo_001,26.418936155655395,2.0483783317002384,hybrid,0.48235807,0.5176419,0.96471614,0.15197565,0.4593284370909233,283.71097,0.47728583,0.6136543331322506,0.0,0.06345856810184951,0.9999998089999999,0.7784963488762104,0.587249470221513,0.329427232242948,284.59045742201897,3.0854726265549908,1120.6723053207854,7.147446911319347,209.879929396309,2.1785775545168775,88.03790808489305,0.9700013229497395,0.0
11.144858041463507,0.9901475927629675,1.3809863430854226,1.4211981933160547,Si1,Si1,combo_002,15.83905211329184,1.3673803032445646,hybrid,0.5021358,0.4978642,0.9957284,0.100206755,0.30286307860496636,284.66333,0.6264555,0.6253982924651176,0.0,0.1016254894725636,0.9999998219999998,0.7783451159558588,0.5994662941906548,0.2835087542159354,283.77644497818494,3.060800891054407,984.572589984691,7.39571194867685,199.66767645038792,2.315031727418797,85.47128051165434,0.9878435179128865,0.0
12.04275586059918,0.7261820823035636,2.955354026054924,2.4535602174552418,Si1,PU,combo_001,29.54762668809211,2.1461251405847848,hybrid,0.51749486,0.48250514,0.9650103,0.15737735,0.47565443939159335,283.9636,0.5781591,0.6167695475186854,0.0,0.040749719001941534,0.9999998089999999,0.7782248701981334,0.5896150084318367,0.33384441424087236,284.3329021168638,3.1419132590956673,1098.7216395821247,7.371168821425425,209.19062024550973,2.202097970644102,86.47786452648191,0.9282465275461198,0.0
12.662055958540478,1.10203496650752,1.2792656883500158,1.5437018639398594,Si1,PU,combo_001,19.54643938450974,1.4097955200150292,hybrid,0.49600226,0.50399774,0.9920045,0.08523065,0.2575995657712681,283.10904,0.5494498,0.6062317082762417,0.0,0.17115885785276214,0.9999998089999999,0.7782054083815437,0.5837810116132094,0.2764862256885054,282.9527517884188,3.1117286179243218,1075.621706009026,6.835425693857146,205.78393552222482,2.1513128894264124,87.36640641674836,0.9170448814893815,0.0
15.3162162208752,1.0511206364085104,1.1711035110095451,1.2074091392302022,Si1,Si1,combo_002,18.492939443510586,1.230971067792594,hybrid,0.46650967,0.5334903,0.93301934,0.1540591,0.4656254202514992,282.90286,0.29066163,0.6036892598110625,0.0,0.20058902744885088,0.9999998219999998,0.7780654067118686,0.5818610093467029,0.348298160171052,281.42681220081374,3.2112341368516457,1227.1891071165026,7.5803562356914345,231.50328474077043,2.365607718068491,95.7555449870636,0.9796756155207877,0.0
10.620176566027288,0.6408729072697196,2.617905553934664,2.4499805617467345,Si1,Si1,combo_002,26.01922614908504,1.6777447433076538,hybrid,0.46455464,0.53544533,0.9291093,0.20313361,0.6139473461632935,284.5008,0.336579,0.6233939880652442,0.0,0.04094367879262627,0.9999998219999998,0.777632425150096,0.5952823017128719,0.377224231648512,284.7447758681972,3.120715355369433,988.6922899263633,7.005291153933041,197.55493240921768,2.183238725243175,81.75840140002825,0.9503905442064231,0.0
9.960676558503517,0.7742944391732107,2.684104599223617,0.7506191290197739,Si1,Si1,combo_002,7.476674362791589,2.078287265338086,hybrid,0.5628358,0.4371642,0.8743284,0.26440758,0.7991406580247871,290.5875,2.0265229,0.6984515374926475,0.0,0.07704475086252069,0.9999998219999998,0.7774196874367436,0.6684473550891393,0.482796268588381,287.7800243916272,3.163225403244349,916.6171427360218,8.006748829311292,187.30241638958333,2.408288344444924,79.82002766890835,1.0008525160018849,0.0
15.31721065962148,0.9284484865163964,1.1503136432233225,0.6038164508705994,Si1,Si1,combo_002,9.248783777729955,1.068006961069856,hybrid,0.4735095,0.5264905,0.947019,0.18074901,0.5462925407109703,282.32428,0.31046215,0.5965545232137662,0.0,0.03498213682165577,0.9999998219999998,0.7773804049378275,0.5703643356378457,0.35210467666495116,283.3586613516298,3.2700767641357804,1244.7237591677952,8.74476470623232,216.59503573556793,2.637411129945458,94.63555725148095,1.1240802899254945,0.0
8.370379636726957,1.0854452417713971,2.4633923040723777,0.648020237378973,Si1,PU,combo_001,5.424175399143924,2.673877455071641,hybrid,0.43804866,0.56195134,0.8760973,0.24496815,0.7403872803624362,284.625,1.8030528,0.6249256288664993,0.0,0.13637156450214527,0.9999998089999999,0.7772233466863869,0.6021827728212558,0.4664585175573138,283.04010780860943,3.242537652008023,797.390914247015,9.647189447456068,165.55112259886468,2.851849567282543,73.33417744822931,1.2612250910368985,0.0
9.80243092922242,1.1605420672085112,1.3717990064267094,1.8488813199558483,Si1,PU,combo_001,18.123531435196778,1.592030454713035,hybrid,0.5326941,0.4673059,0.9346118,0.18455535,0.5577967467613668,282.87726,0.6325345,0.6033735235377816,0.0,0.0775980097115348,0.9999998089999999,0.7771572843073353,0.5784935782298791,0.36925853538390396,283.80512191594244,3.1188787223088923,871.3343961106647,7.291924700452618,177.3236095404276,2.2569685865282954,78.83356000813191,1.0018720186025858,0.0
15.888506559459383,0.6055486369215165,2.9837792515542345,2.4598761763878736,Si1,Si1,combo_002,39.0837587639966,1.8068234586533694,hybrid,0.5389725,0.4610275,0.922055,0.19513312,0.5897668011201243,283.57196,1.1371893,0.611940174938217,0.0,0.0978196636364891,0.9999998219999998,0.7770597319807749,0.5878860966682528,0.3940343792908326,283.2118262747043,3.4773751700326536,1321.1930381552254,7.709823052912097,270.29958135821687,2.37584302299801,102.03179551236043,1.0363670137419543,0.0
9.988461271090618,1.1832257742230607,1.2800228814415529,2.0759979545414833,Si1,PU,combo_001,20.736025167800946,1.5145560649169145,hybrid,0.5320021,0.4679979,0.9359958,0.18356739,0.5548107486743584,282.86792,0.54447836,0.6032583682342967,0.0,0.07258363924798487,0.9999998089999999,0.7768935501323984,0.5780793713393548,0.36561989668078343,283.05950604764115,3.139949798502303,873.584916017863,7.302587346769011,177.57640505637028,2.2640480635769995,77.10426159663902,0.9614883278440002,0.0
10.183111190033017,0.9428776513231911,1.6676045570160856,1.7413764457442569,Si1,Si1,combo_002,17.732629970718264,1.5723470680551772,hybrid,0.5028991,0.4971009,0.9942018,0.09608222,0.2903971524726709,286.40097,1.2505646,0.6468258343773203,0.0,0.1118435227629021,0.9999998219999998,0.7768697110988004,0.620604834388679,0.29372942586420336,285.6464361020632,3.0672593807258117,925.2278231896128,7.166957007133504,192.2930532172471,2.25677160474154,81.38998924637002,0.9857068822371593,0.0
12.994019100531855,0.9489354819305,1.656720349293706,2.310594603100353,Si1,PU,combo_001,30.023910406271803,1.5721207230810892,hybrid,0.5069679,0.4930321,0.9860642,0.104178324,0.3148666774215021,283.36322,0.23304754,0.6093661152132575,0.0,0.12089509117533405,0.9999998089999999,0.776852349047171,0.5845896297839593,0.2823737123030212,285.1882198581774,3.125115912565615,1169.055204864677,7.945291033635554,216.7754664104557,2.362644938424202,91.49211367239602,1.0258652044877077,0.0
15.00563700074095,1.036818431380405,1.1516976283008766,2.221773932240808,Si1,Si1,combo_002,33.33913312491438,1.1941013283994477,hybrid,0.52948225,0.47051775,0.9410355,0.18237135,0.551195853929879,283.8637,0.516392,0.6155378373608211,0.0,0.052944862285638876,0.9999998219999998,0.7768459639848876,0.58873697754968,0.36082154165845004,284.2022068724943,3.2868890292473236,1214.6924632261828,7.852018237465848,238.02401589387594,2.506783105543421,94.33270352512564,0.9954447058194584,0.0
15.009155606989918,0.7654172664122924,2.1198186535245176,2.3269936311740804,Si1,Si1,combo_002,34.92620950676628,1.6225457990705225,hybrid,0.53292656,0.46707344,0.9341469,0.18742697,0.5664758719230609,283.85846,0.70399565,0.6154731095431759,0.0,0.06674494308544525,0.9999998219999998,0.7767987635878604,0.589427693425091,0.3721626289186227,284.96163222723624,3.255334692271775,1258.3535093904914,10.6242792969182,253.12309936248528,3.030172944041104,100.87242095938015,1.1723539188387406,0.0
13.86988615012017,0.9973293886413696,1.7834243060335884,1.4547616103487007,Si1,PU,combo_001,20.17737791110196,1.7786614728246375,hybrid,0.50527537,0.49472463,0.98944926,0.12763153,0.38575122120075306,283.0592,0.3484509,0.6056171703331338,0.0,0.019214672300148363,0.9999998089999999,0.7765348777590777,0.5782970382883511,0.2943444939986938,283.07298139779385,3.0551992701821553,1220.4248286394507,6.880332483605629,220.01019665366363,2.1425498039959514,94.61613919976983,0.9270285051426006,0.0
12.872833463584595,1.0537196869436711,1.2813430990279537,0.685661067181331,Si1,PU,combo_001,8.826400730288963,1.3501764491751689,hybrid,0.5136634,0.4863366,0.9726732,0.14488328,0.4378925818928024,282.482,0.5107079,0.5984993683392912,0.0,0.03359243076575501,0.9999998089999999,0.7762074946252944,0.5724708246349535,0.3181436673253949,284.0071104668459,3.1549453144960884,1105.8811073222132,6.867481459190995,197.50880009572515,2.0942482891369654,88.46661990532493,0.9080323408797097,0.0
15.956064733049178,0.920208841906133,1.6770162792596852,1.8248068005492983,Si1,Si1,combo_002,29.116735434872965,1.543205208195287,hybrid,0.44724616,0.5527538,0.8944923,0.2332156,0.7048665990571233,283.44427,0.520379,0.6103656331415458,0.0,0.08412439706948917,0.9999998219999998,0.7761788140112418,0.5849210820838476,0.41936660701505957,282.3710249758107,3.316515594596329,1316.7525891552154,8.24106920139092,263.5738740714523,2.6449445069377044,105.5006127309884,1.1210120177506646,0.0
15.515736205188173,0.9217444438779425,2.2536811013698737,2.292982556601199,Si1,PU,combo_001,35.577312471322166,2.0773180334604033,hybrid,0.5677971,0.43220288,0.86440575,0.24881844,0.7520243455606084,283.0597,0.8731058,0.6056231915254728,0.0,0.16867857960633517,0.9999998089999999,0.7761315928001611,0.5837268928036423,0.45593098127736364,283.3773134548727,3.2285844121016662,1329.287274217499,8.928296424360683,255.89106886668043,3.0760606796549443,102.00968226010606,1.2174266909023546,0.0
9.8911215513132,0.938871437107326,2.8588690818938507,0.7608658178706825,Si1,PU,combo_001,7.525816288798252,2.684110523419381,hybrid,0.47970098,0.520299,0.95940197,0.14824983,0.4480676109844521,285.17853,0.7774539,0.6317514030318961,0.0,0.08241603902189705,0.9999998089999999,0.7760623357018561,0.605005523511615,0.33460652038333294,285.9271836625986,3.13023161576502,904.6170684990099,6.937181870451262,182.28567618163075,2.1977644227291613,79.33118409961513,0.9885586698602373,0.0
10.439749185419858,0.7083989376190553,2.5728283471623294,1.705827102201877,Si1,Si1,combo_002,17.80840710067916,1.822588867805984,hybrid,0.53554106,0.46445894,0.9289179,0.1751921,0.5294974330261539,286.78546,1.3048401,0.6515671470198297,0.0,0.12624667265207784,0.9999998219999998,0.7757272250250842,0.6254962205983748,0.38070997749694024,285.77018655311286,3.061161001820904,961.506893057977,6.800027498314335,194.58841399993526,2.104481995952758,81.4944494666886,0.9429084342406922,0.0
14.51690575567647,0.924779072345837,1.1886289717670908,0.6302418904002505,Si1,Si1,combo_002,9.149162126219816,1.0992191978741563,hybrid,0.47037116,0.5296289,0.9407423,0.17029063,0.5146833227901718,282.53964,0.28784943,0.5992102453598246,0.0,0.08843111845582355,0.9999998219999998,0.7757191191803725,0.5743705381485712,0.3485859323232764,283.97417432224086,3.2499064076653776,1196.2591307223327,7.925641457856537,209.16220097945134,2.5585802742867223,92.37406493573597,1.0044582527534867,0.0
13.504368193252763,1.0851816896660087,1.21992625759665,1.6551815619343864,Si1,PU,combo_001,22.352181239045155,1.3238416374866633,hybrid,0.484406,0.515594,0.968812,0.14731228,0.4452339730658928,283.08972,0.3681147,0.6059934948543266,0.0,0.03770811755149625,0.9999998089999999,0.7755359923335725,0.5792333058563053,0.3183486731998846,283.9280293104533,3.092043020439145,1132.436549092845,6.485661528623255,210.30739023341948,2.0421500126150365,88.15539012995804,0.8993643521184239,0.0
15.21341762658794,0.8294557724423322,2.67599273858388,1.787437956870123,Si1,PU,combo_001,27.193040119480266,2.219617624032164,hybrid,0.4707057,0.5292943,0.9414114,0.1505582,0.4550443826116469,282.49615,0.25116083,0.5986739829171247,0.0,0.15338801784708214,0.9999998089999999,0.775453380590934,0.5757601223421573,0.3366886236093571,282.6389448212172,3.1094368052525976,1300.6607315095384,7.290878634263688,242.05840823295614,2.3233259759737286,99.66555415619642,0.9834670096459001,0.0
10.772518460242718,1.054015510520185,1.865386156968715,1.2705067748707777,Si1,PU,combo_001,13.686557686158892,1.966145942554666,hybrid,0.55870634,0.44129366,0.8825873,0.21306449,0.6439622543107839,284.3357,0.8443264,0.6213580724055905,0.0,0.20326689121962452,0.9999998089999999,0.7751502934515362,0.5991890479345767,0.4226956754315713,284.18853702919,3.08455761514537,963.2662052543639,7.647847252971886,191.61530429315545,2.2903665968842266,82.74092310798802,0.9597652829817515,0.0
12.481700708088654,0.9855006571334638,1.5956944145583796,1.8013043644910165,Si1,PU,combo_001,22.483341961750703,1.5725578941314808,hybrid,0.5251384,0.47486162,0.94972324,0.13162357,0.3978166783357532,283.4,0.394359,0.609819586261295,0.0,0.1788702497109613,0.9999998089999999,0.775063785703143,0.5870352144835815,0.3234757464958721,284.542402266824,3.095453362400025,1118.7522052453107,7.87217542962592,210.02851346349388,2.3909261928302508,89.99393230869829,1.0029167778513013,0.0
15.522322835279748,1.1334125636535668,1.3947009921566829,2.3311305326016676,Si1,PU,combo_001,36.18456069822071,1.580771627050479,hybrid,0.5303158,0.46968418,0.93936837,0.16379124,0.49503966994004583,283.25763,0.34221932,0.60806403236993,0.0,0.109601225530334,0.9999998089999999,0.7746542805442591,0.5832485784069522,0.3460231226001419,283.0146311004756,3.4552727039829856,1296.480422726961,10.493331240275946,250.985903561832,3.201786840968804,102.91587455402637,1.24616350980537,0.0
11.246302532873122,1.1900338507653125,1.2624773839332546,2.205488733136807,Si1,PU,combo_001,24.803593525699608,1.5023908227062088,hybrid,0.48441094,0.51558906,0.9688219,0.1093873,0.3306101936924241,283.33786,0.5398527,0.6090533895361462,0.0,0.1644958258992992,0.9999998089999999,0.7745137591017299,0.5861598654155878,0.3008398006897107,281.60737725736294,3.2238011092503815,952.4595612216591,7.894745558810576,195.34043637333275,2.565534082251369,81.33422131184106,0.9797005138617785,0.0
14.00962669454099,0.8744704033163574,2.4592220134760434,1.596437797871262,Si1,PU,combo_001,22.365497589231467,2.1505168659688603,hybrid,0.48793006,0.51206994,0.9758601,0.11173975,0.33772018476338866,283.00183,0.3074724,0.6049096802332911,0.0,0.12204495688450154,0.9999998089999999,0.774355534700262,0.5806576055932205,0.2921012532905354,283.30028724022355,3.0493794204878366,1214.7459484869182,6.763708972461165,222.81513826649302,2.097124238725694,95.12021924387359,0.9460031117052126,0.0
13.147422521012167,1.0004367485160153,1.705130188009258,1.49096833383483,Si1,PU,combo_001,19.602390650376034,1.705874901088484,hybrid,0.49570578,0.5042942,0.99141157,0.10105592,0.305429579562498,283.23053,0.50112003,0.6077298561951107,0.0,0.08555992283806876,0.9999998089999999,0.7741131867387847,0.5825047127859398,0.2793762435377045,283.12076635223576,3.077652115521894,1166.365040317723,7.262543915880825,213.81027806732155,2.3126848984679222,92.16206552381331,0.9588552830239924,0.0
11.822247734457463,0.7336197001490479,2.8304707427355345,2.3615591956957322,Si1,PU,combo_001,27.91893785110106,2.0764890975662955,hybrid,0.5157258,0.4842742,0.9685484,0.14800729,0.4473345437477251,284.07632,0.51616496,0.6181596902999721,0.0,0.024484486380816326,0.9999998089999999,0.7740082451411816,0.5902948637779166,0.32019627714153265,285.0642727090571,3.098328991228157,1085.8509605732747,6.64660201353794,205.6183038788091,2.001636716019465,85.56052283960672,0.9023309792205266,0.0
13.621340403895678,0.6606826432318156,2.365995547954376,2.4556914645514043,Si1,Si1,combo_002,33.4498093655958,1.563172192497205,hybrid,0.47702694,0.52297306,0.9540539,0.15459977,0.4672595427321407,283.744,0.20318411,0.6140615162641814,0.0,0.06866988707458441,0.9999998219999998,0.7740063795776032,0.5872891153129113,0.3272529481230847,284.8113388308214,3.2035873817877007,1174.1559124495113,9.329306324647701,232.54535509218553,2.7957848632890343,94.19140610126237,1.0630088928206975,0.0
9.770742435608467,0.9822709728088085,1.5941117545767025,1.3836095565604165,Si1,Si1,combo_002,13.518892608598275,1.5658497039340142,hybrid,0.46530384,0.53469616,0.9306077,0.13300844,0.4020022819346778,287.21295,1.8643186,0.6568387009126999,0.0,0.2508376445841469,0.9999998219999998,0.7734937124307729,0.6350865953701998,0.3664748407829943,286.68291095032026,3.092180743993198,893.6297189332028,7.309776046444385,186.11709350593046,2.2782594492500023,79.75531271020367,0.9869766423328805,0.0
9.137570583793346,0.9394991578534557,2.791349476364809,2.1715458060184814,Si1,PU,combo_001,19.84265307843429,2.6224704823194225,hybrid,0.4979321,0.5020679,0.9958642,0.10144838,0.30661574153013926,284.9432,0.7976992,0.6288495646489777,0.0,0.05771425265888746,0.9999998089999999,0.7733901549417066,0.6016310665521755,0.2818164574634564,285.01775563227596,3.0660463762010908,873.9868807624675,6.59534293725225,177.06896318449193,2.0447326943779824,75.7977698174022,0.9519761212085219,0.0
15.485662979423186,0.9996009138292893,1.86548047750685,1.7861443912727637,Si1,PU,combo_001,27.659630075836997,1.8647359900465463,hybrid,0.44769627,0.55230373,0.89539254,0.19969834,0.6035646514681205,282.69528,0.48618966,0.6011295004179084,0.0,0.1772076809505313,0.9999998089999999,0.7733872462481759,0.5791550568440162,0.39715846643504227,282.69744666900556,3.174618654958252,1337.504992343924,8.640635684166412,247.7338750113924,2.71028613196381,100.72075823780227,1.0937550618025382,0.0
11.457294402896185,0.9147291283347789,2.417494356423803,0.5509828429192306,Si1,PU,combo_001,6.312772642270328,2.2113525054057925,hybrid,0.5685938,0.4314062,0.8628124,0.23226179,0.7019838257723868,284.11102,0.4448789,0.6185875712805684,0.0,0.21302888985826868,0.9999998089999999,0.7733321079092521,0.5962170724063488,0.43611448996131563,284.0586643476153,3.145631216102149,1022.151032461776,8.729676501249186,191.53395092332534,2.7974322566207914,84.51234310261468,1.1344463521309156,0.0
15.40564837267296,0.5584199455309291,2.6118410104294325,0.8057398450214202,Si1,Si1,combo_002,12.412944732252004,1.4585041147794506,hybrid,0.4581551,0.5418449,0.9163102,0.18858315,0.5699702926945573,282.48257,0.5062282,0.5985065185051939,0.0,0.11786759018810661,0.9999998219999998,0.7732282187883368,0.5749976283508123,0.3769184647092023,283.4741222987107,3.125112573911743,1304.2240901260632,6.825550746002317,229.04799797949997,2.0863767397334265,99.96595013222615,0.9254657942721363,0.0
12.318463179950491,1.012773965213684,1.7024552038205223,0.8214475481334759,Si1,PU,combo_001,10.11897137594283,1.724202307371981,hybrid,0.4489178,0.5510822,0.8978356,0.20754859,0.6272910884478926,282.94128,0.52228904,0.6041630523832444,0.0,0.13593927058202043,0.9999998089999999,0.7731381275499389,0.5807725772938457,0.4000273489384011,283.1787777155164,3.12933889294026,1094.088046792796,7.714997249929847,200.87795097164144,2.4016166924226945,88.97680982875674,0.9857139614770456,0.0
13.037331933687797,1.1028601931486532,1.2071864409114277,2.276946202038568,Si1,PU,combo_001,29.685303431126567,1.3313578713900125,hybrid,0.52178746,0.47821254,0.9564251,0.13146882,0.3973489690985836,283.20258,0.23015636,0.607385142933698,0.0,0.13291392415722628,0.9999998089999999,0.773121808149585,0.5831225180852104,0.3129848804421535,283.45770171358106,3.1890548930394447,1088.4850407595868,7.144660212294102,209.44615584469724,2.3057773968988795,86.12372177152614,0.9306651662869169,0.0
15.067053593317443,0.5748268632945749,2.984099048963161,1.8096442285511343,Si1,Si1,combo_002,27.26600657641754,1.715340296075818,hybrid,0.47068682,0.5293132,0.94137365,0.12549527,0.37929462691484933,283.24573,0.46360826,0.6079172658066648,0.0,0.22424114785702373,0.9999998219999998,0.7731022816237464,0.586770330098555,0.32524676950706566,283.46538464778854,3.2460673755367524,1267.4224276190007,7.527397108074888,246.9957442958272,2.4804376121814875,98.37824038545925,0.965050925458607,0.0
10.879750280490184,0.7937441445934657,1.9398960984879674,1.8591960330342072,Si1,Si1,combo_002,20.22758856189015,1.5397811692945331,hybrid,0.5265926,0.4734074,0.9468148,0.15359737,0.46422990379286294,285.13788,0.55179507,0.6312501387696672,0.0,0.09737551920722289,0.9999998219999998,0.7729046317835743,0.6045886714471272,0.33778838807478184,285.55008480682636,3.0394947893736135,988.5744762022221,6.6011145205136526,198.42548107155991,2.070184264001829,83.52980066512062,0.9288190138879766,0.0
11.689043273419236,0.9425908247075855,2.336231403894813,0.8210277404861891,Si1,PU,combo_001,9.597028787220683,2.202110285704972,hybrid,0.44741154,0.55258846,0.8948231,0.19390798,0.5860639491161174,283.76135,0.49752882,0.61427564491674,0.0,0.19602875464079866,0.9999998089999999,0.7728229753853364,0.5918344664365404,0.3940935001657752,282.7061337618853,3.113905520089732,1036.1792440023692,8.221978193884421,196.36380913573677,2.6073766620257834,85.52195207850332,1.0439907083007545,0.0
10.979708440809162,0.769545749791008,2.2101020308640322,0.9245963547136362,Si1,Si1,combo_002,10.151798400190694,1.7007746244558912,hybrid,0.5257519,0.4742481,0.9484962,0.15172137,0.45855992573578974,288.52686,0.8278454,0.6730409768481391,0.0,0.09492871788722226,0.9999998219999998,0.7727426318692682,0.6434576343707952,0.34120949475266527,285.95354246904174,3.0747536762721634,984.6805523679786,7.222803690273677,195.90359970950107,2.2793215796648245,83.47492593199426,0.9722105763435276,0.0
14.522153986140346,0.7727304395194619,2.992331032913874,1.5716866591152354,Si1,PU,combo_001,22.824275681633917,2.312265274251263,hybrid,0.47414684,0.52585316,0.9482937,0.15474506,0.4676986534747891,282.57578,0.3319972,0.599655813592917,0.0,0.08483142440433794,0.9999998089999999,0.7727055734664592,0.5747516008170309,0.3325245367200267,282.8761304062061,3.1368920809191505,1250.5963804492706,7.301021864998722,229.96844215701995,2.277740195663821,96.42060021171777,0.9444387807608596,0.0
12.840354401526273,0.9182397045533408,1.3249428705315092,2.104860111196399,Si1,Si1,combo_002,27.027149793397765,1.2166151499869082,hybrid,0.5503838,0.4496162,0.8992324,0.20599757,0.6226033223073751,283.57614,0.23106658,0.6119917313976203,0.0,0.13005100454809876,0.9999998219999998,0.7725152779291394,0.5872763236375588,0.3914135021683555,283.61523545976354,3.1238125001174604,1118.73477031576,7.106447099439091,217.97481697869762,2.232391595715055,90.46062638807278,0.9721422826952031,0.0
13.717650198005853,0.8921896691470395,1.6519599874622353,1.5272268021629287,Si1,Si1,combo_002,20.949963045090144,1.473861634658079,hybrid,0.4776724,0.5223276,0.9553448,0.116912,0.35335270734966895,283.51303,0.42535856,0.6112134922877934,0.0,0.18493643850760808,0.9999998219999998,0.7725124646351635,0.5885551579560098,0.3094715336353285,282.46403409065357,3.0892402774188135,1167.7807157853135,7.0431085089180705,225.13469492749493,2.195685035702233,96.19758423391998,0.9484735190628806,0.0
15.230030838264113,0.7233800470498887,2.3545467847181336,2.06843409901786,Si1,Si1,combo_002,31.502315114959053,1.7032321639105676,hybrid,0.44330367,0.5566963,0.88660735,0.2102261,0.6353835616574084,283.58905,0.582796,0.6121509166700849,0.0,0.17136790900736648,0.9999998219999998,0.7721883053738033,0.5892927252174782,0.4094393015569548,284.0239604374883,3.200003032591683,1271.6117906709835,9.610799697387526,253.80193597083917,2.7843835752948713,101.11466882952567,1.1387284350061773,0.0
12.971740565527679,0.8780603521587701,2.5222945435544615,1.2285031906239983,Si1,PU,combo_001,15.935824672697501,2.2147268351615748,hybrid,0.49393868,0.5060613,0.98787737,0.08052102,0.2433652618635788,283.3723,0.51070446,0.6094782599205729,0.0,0.15847936824289297,0.9999998089999999,0.7719979761100308,0.5863180068175541,0.26879207364432156,281.9810431060928,3.12036873841026,1133.9048935676692,7.761601937242935,208.66215185576561,2.5002509090711906,90.87208528229503,0.9977334892805646,0.0
12.435858647101853,1.0310315072357907,1.5563046603355033,0.7930944066324928,Si1,PU,combo_001,9.862809934688798,1.6045991396637993,hybrid,0.45144978,0.54855025,0.90289956,0.2004224,0.6057530442984825,282.76938,0.5263764,0.6020432163553647,0.0,0.12496601823121474,0.9999998089999999,0.7715213460461956,0.5785004568620203,0.39092851895088143,283.4069354102323,3.132054048730019,1101.334345116832,7.601140207739889,202.41314976308192,2.359790450292244,90.47372515971104,1.0119056014081853,0.0
8.787891938363707,1.0485115435565202,2.619709833919451,0.6687943641691867,Si1,PU,combo_001,5.877292601305477,2.746796001633079,hybrid,0.5566284,0.4433716,0.8867432,0.2332176,0.7048726340150223,285.79172,1.5859118,0.6393128916362252,0.0,0.08359236543631292,0.9999998089999999,0.7715011066629516,0.6134464723989822,0.44157077249396987,284.2596316267803,3.2152977520730466,825.4098880496779,8.55450808239397,170.61437011704103,2.78603999334731,75.17984115765796,1.0818547283842932,0.0
10.676480524468309,0.6793710528387069,2.9011120256405127,0.8617573125593494,Si1,Si1,combo_002,9.200535164358042,1.970931531262429,hybrid,0.5491501,0.4508499,0.9016998,0.1999284,0.6042599776994795,287.38596,1.0950626,0.6589720846233424,0.0,0.1318771123151927,0.9999998219999998,0.7714647269837223,0.632101668714669,0.4033346779457086,285.5286598770754,3.205176388517446,970.157670325059,7.13841241865261,192.792681141316,2.234454969109188,82.5761609046924,0.9490872467193521,0.0
11.089260008022197,0.8980811517680152,2.6195763359887243,1.5080491531241371,Si1,PU,combo_001,16.723149163871238,2.3525921329689905,hybrid,0.50728214,0.49271786,0.9854357,0.08017529,0.24232033592557295,284.35736,0.664539,0.6216252628156375,0.0,0.1636613516010811,0.9999998089999999,0.7710491364857435,0.597924443829274,0.27242055362408757,283.55973205527386,3.059457459057091,998.8931081830398,7.172549818295596,196.71116710711934,2.2665569736533198,83.38735609117573,0.941389996568075,0.0
13.754825727851792,0.8792070221291696,1.3780731496936791,0.7042338662411767,Si1,Si1,combo_002,9.686614101798675,1.2116115902183449,hybrid,0.47453126,0.5254687,0.9490625,0.13053288,0.3945201951759429,282.8528,0.38044924,0.6030720875963062,0.0,0.15241659582984465,0.9999998219999998,0.7708033813845355,0.5800089743393252,0.31806305773738514,284.2075089663849,3.1741038849107484,1179.2881602381822,7.574246458812265,211.26248011234233,2.327488210159427,96.90563531541574,0.9682178367702629,0.0
9.416428141399198,1.1572090928969596,1.3395885581311382,1.6426075732665024,Si1,PU,combo_001,15.467496178182138,1.5501840602100805,hybrid,0.55594873,0.44405127,0.88810253,0.21526301,0.6506070131795374,282.8808,0.9035543,0.6034171771822401,0.0,0.13170650692516642,0.9999998089999999,0.7703046516070597,0.5806427736785841,0.41552582697190826,284.2884188596207,3.1230653423335633,845.1866902302143,7.3144626738581175,170.1954591016148,2.3016446881544286,76.64865181156667,0.9939660366945918,0.0
14.991180462599736,0.8723982526842275,2.578728969964161,2.3505036581685186,Si1,PU,combo_001,35.23682451760511,2.249678647542932,hybrid,0.46003947,0.5399605,0.92007893,0.17295846,0.5227465219501777,282.8237,0.57919604,0.6027130740030882,0.0,0.13211261815140626,0.9999998089999999,0.7702032789255957,0.579425798399296,0.3640527619942536,283.1656386340284,3.167160626170719,1280.6488040225047,7.881449296977207,247.68344838922573,2.5580184683446765,99.31236607539024,1.0588521470367658,0.0
13.646694173475417,0.9664027287048668,1.9095374845700879,1.7139197843808303,Si1,PU,combo_001,23.38933913531412,1.8453822356527603,hybrid,0.49767008,0.50232995,0.99534017,0.06338903,0.19158586353446946,283.30197,0.30739143,0.6086108318992233,0.0,0.16872430947748202,0.9999998089999999,0.7699776039852619,0.5854629005668498,0.24795445048648534,283.3682600970441,3.0582086220483875,1204.9232902062213,6.985558937063007,219.76808572332968,2.226236962301795,93.20034055380826,0.9620110576055422,0.0
13.382996515493394,1.099015065740506,1.1592199379215526,1.036774385995677,Si1,PU,combo_001,13.875147995132949,1.2740001762825606,hybrid,0.49265346,0.5073465,0.9853069,0.085851364,0.25947560449335944,282.69705,0.45256013,0.6011513272401375,0.0,0.1324120065887023,0.9999998089999999,0.769561483708652,0.5777709893035816,0.2693047056692437,283.3695181723504,3.1229476203146485,1107.80320410816,7.233488179898619,199.44605824566375,2.248119260452978,86.524559415011,0.981343301368294,0.0
15.756883179873899,0.7690421729360506,1.6028425990466133,0.5563482500845834,Si1,Si1,combo_002,8.76631438391005,1.2326535552452744,hybrid,0.5428916,0.45710838,0.91421676,0.1793174,0.541965656045411,282.37576,0.62693053,0.5971893826810187,0.0,0.12856486930452185,0.9999998219999998,0.7691458681164365,0.574323130067819,0.37124549726994327,283.34358412690176,3.284499356159504,1340.5967340661568,9.176002529595205,235.40525259670846,2.666254269408577,104.93823637321725,1.2424678752817067,0.0
13.119949054765264,0.9781978884791257,1.808631658277808,1.5957838107500104,Si1,PU,combo_001,20.93660229945931,1.7691996691638514,hybrid,0.5009471,0.49905288,0.99810576,0.072890244,0.22030215232720138,283.32227,0.4505245,0.6088610877058166,0.0,0.11390831076398991,0.9999998089999999,0.7689415725011606,0.5843052093913801,0.25277587526872436,283.20701099057595,3.081275553812501,1166.0172118915234,7.0813287921423616,213.49207781044151,2.3004564916301464,91.53810375286643,0.9304081136722746,0.0
8.320519487564056,0.9338864345895476,2.231577648920015,1.2729920649984177,Si1,Si1,combo_002,10.591955284333743,2.084040094059638,hybrid,0.46274194,0.537258,0.9254839,0.15868144,0.4795958974176055,291.46234,2.3316135,0.7092396325416845,0.0,0.1460752743668096,0.9999998219999998,0.7687268941795299,0.6809901664191608,0.38769007633226304,285.97259702065753,3.2640609010723827,816.858446994396,7.708089670540129,172.43377556795437,2.4124311310192557,73.83471536232273,1.064548532718257,0.0
14.953370287508118,0.8725797166481938,2.4177837058365683,1.9030477297406014,Si1,PU,combo_001,28.45697737761289,2.1097090209554925,hybrid,0.52905613,0.47094387,0.94188774,0.16604535,0.501852461852986,282.87564,0.22346878,0.6033535783381584,0.0,0.04226143854976419,0.9999998089999999,0.7685894333072787,0.576681917187485,0.33582338287968133,283.71500602446133,3.093770753109499,1288.0648313947454,6.9098769520313486,240.13428741161223,2.198360522359136,99.0876675738013,0.9520617404411499,0.0
9.383031560980962,0.9893793046020419,1.577340867374092,1.0962583198990385,Si1,Si1,combo_002,10.286226414600643,1.5605884104829608,hybrid,0.57068604,0.42931396,0.8586279,0.22650203,0.6845756294168348,287.51395,1.9167858,0.6605503896652255,0.0,0.21561085032942112,0.9999998219999998,0.7685603344565783,0.637538588083727,0.46118866030006955,287.642876400848,3.142358172984579,867.5149529651792,7.7242925371596245,180.22194427786317,2.39256946280985,78.14861641868512,0.9981625151923221,0.0
10.875831099339823,0.6449615904518513,2.9902074801383494,1.0163654885750817,Si1,Si1,combo_002,11.053819388940587,1.9285689721710524,hybrid,0.46273917,0.53726083,0.92547834,0.16285162,0.49219977187859143,286.1295,0.850487,0.6434780514367882,0.0,0.12960037578284836,0.9999998219999998,0.7685136475237601,0.6173404758039761,0.3586576587924658,284.81009572361154,3.214080037352594,987.9374578681704,7.090953447468079,194.95918065326433,2.259075458378286,82.32548158164923,0.9193609979760061,0.0
15.514704897691683,1.0270205652691518,1.571496189692786,1.1970275947051094,Si1,PU,combo_001,18.571529886243457,1.6139589050566032,hybrid,0.5404936,0.4595064,0.9190128,0.1712142,0.5174746709664391,282.34274,0.42140126,0.596782199549088,0.0,0.12717156990497186,0.9999998089999999,0.7681482049969148,0.5735383292037234,0.35816673565715507,282.25614054683217,3.1625081422547794,1348.999079327443,8.603557067354304,240.39644461717677,2.581677692024699,103.365142316481,1.1271552072352946,0.0
13.08680259917,1.016348433642591,1.3679987742775381,1.960130353471519,Si1,PU,combo_001,25.651839004523087,1.3903634114619603,hybrid,0.53645116,0.46354884,0.9270977,0.16384822,0.49521189142516253,283.2641,0.24595444,0.6081438131684229,0.0,0.1145471424775082,0.9999998089999999,0.768009685634609,0.5832978079140152,0.3448122470757417,285.04755214992326,3.1023676968575202,1144.1243016877288,7.604902290033044,214.06242931976854,2.2526507475459745,92.0887535607655,0.967665596517681,0.0
12.385428587282892,0.7697339706835602,2.7141755709078863,2.030537669532771,Si1,PU,combo_001,25.14907929978596,2.089193139327246,hybrid,0.51955914,0.48044086,0.9608817,0.13473517,0.40722112437030394,283.7155,0.5427321,0.6137104054859084,0.0,0.05951843488293099,0.9999998089999999,0.7678963979946378,0.587300159503181,0.3119672311247143,284.465914059702,3.0884907064077174,1116.7698482674223,6.817501900253818,209.20214247262317,2.1165802595373426,87.61275565490395,0.9153381048147126,0.0
15.894008242628384,0.9281600475900393,1.5785026245003937,1.2290926671015145,Si1,Si1,combo_002,19.535208981865576,1.4651030710772874,hybrid,0.45429462,0.5457054,0.90858924,0.19041276,0.5755000705729778,282.76862,0.30066457,0.6020338082423349,0.0,0.09945239620697952,0.9999998219999998,0.7671157798460877,0.5773218243578139,0.371792969332581,281.11022348540297,3.2038170780234436,1317.707207795556,7.612717316009185,253.60942079092717,2.392632119874383,106.27647679709331,1.0828393557144755,0.0
15.897590815364781,0.8655092822783622,1.9671251432937829,0.6306215044303982,Si1,PU,combo_001,10.02536263680422,1.7025650709239224,hybrid,0.4382266,0.5617734,0.8764532,0.21685019,0.6554040841172248,281.48267,0.68764836,0.5861762455683084,0.0,0.15528146174895785,0.9999998089999999,0.7670986544514609,0.565101372790497,0.4162261331305245,281.26357992371123,3.188346273282586,1391.7083127513938,10.39630991003343,233.29881737426257,3.0288770717492417,101.77136607350705,1.3096845540832573,0.0
14.774188309425877,0.49856915065866947,2.8425729740032137,0.7460350453613388,Si1,Si1,combo_002,11.022062245599496,1.4172191933340703,hybrid,0.5344147,0.4655853,0.9311706,0.16093574,0.4864092748115359,282.57684,0.5324113,0.5996689849511587,0.0,0.09737469122586105,0.9999998219999998,0.7669231533081131,0.5754992413596574,0.34514570015909773,284.77573535690595,3.2398945367282384,1263.0912995446008,7.641091750304323,222.64722130695554,2.37154588082034,96.92601562286862,0.9609775046276878,0.0
8.700771108453997,1.0379235762134185,2.120402648029458,1.9775931754233795,Si1,PU,combo_001,17.20658556499954,2.2008158994551374,hybrid,0.53208673,0.46791327,0.93582654,0.1575141,0.47606774393367385,284.52325,0.8909933,0.6236709629128421,0.0,0.0872900706372862,0.9999998089999999,0.7668564375737612,0.5979212489329402,0.34751194778579175,285.11292310015585,3.060371814840457,832.1996604042783,7.451014003444903,168.54140832938612,2.25466306545219,74.84684700907471,0.9914698090366791,0.0
14.451604209837306,0.5006485824021645,2.865849805547887,0.7388553167820735,Si1,Si1,combo_002,10.67764460646849,1.4347836425250684,hybrid,0.5263817,0.47361833,0.94723666,0.12842105,0.38813746156880263,282.62158,0.47782317,0.6002206766992275,0.0,0.1368885826974626,0.9999998219999998,0.7667797358087647,0.5770943701282826,0.31553613143451037,285.01292632893336,3.2685592089448074,1239.116270594829,7.985585457529862,219.21983446370942,2.46987114124769,95.73482194868583,0.9586280268439044,0.0
13.155775669345577,1.1206041516810457,1.223423520416832,2.417331918191838,Si1,PU,combo_001,31.801876434080654,1.3709734762433425,hybrid,0.46328074,0.53671926,0.9265615,0.17084819,0.516368472190959,283.1732,0.33171663,0.6070227424197893,0.0,0.08240594107612183,0.9999998089999999,0.7667661059073192,0.5814559079604672,0.34918928386799075,282.82883655021817,3.2178495564424865,1095.1192868044275,7.3552098345089885,212.70172625575353,2.3605542360160645,87.05226174839575,0.953127872498383,0.0
12.199312772639445,0.798300026562807,1.6081787349997145,0.5174766900976567,Si1,Si1,combo_002,6.312859995051528,1.2838091268680134,hybrid,0.5417448,0.45825517,0.91651034,0.19809766,0.5987267770091163,283.79422,0.5879441,0.6146809464260649,0.0,0.030401397004550242,0.9999998219999998,0.7665088418848784,0.5874005847721652,0.37557210475444525,286.0616543846333,3.1796766838948374,1085.37700376687,7.405006871064169,197.5242120205856,2.2972754399343507,89.57510536871877,1.0089678042820334,0.0
15.550833430828002,0.9695377342972225,1.4269704763534712,1.22718016115721,Si1,Si1,combo_002,19.083674275772434,1.3835017225527726,hybrid,0.52834654,0.47165346,0.9433069,0.14961162,0.45218345227154466,282.98932,0.36137393,0.604755387179602,0.0,0.07758413382029612,0.9999998219999998,0.7664871461770882,0.5792784452908137,0.3266214356960814,281.6404811720345,3.1645426541888355,1289.9018587468104,7.372503175395854,246.3126982485777,2.3371293879086505,105.4218186523338,1.0411244687916392,0.0
8.850284639781732,0.9938591915432579,1.629261060371682,0.6023986287433061,Si1,Si1,combo_002,5.331399330992459,1.6192560802739109,hybrid,0.5832564,0.41674358,0.83348715,0.2561391,0.7741501675871779,286.46527,2.0577736,0.6476187501434737,0.0,0.20965108609829142,0.9999998219999998,0.7662779059619601,0.625715394942956,0.4945940457303911,287.8189512637707,3.255151134627306,830.151902834296,9.009595618878201,173.32189862046522,2.660365311205263,76.02346330664088,1.1029886662562292,0.0
15.745577530053312,0.6308633345791059,2.862360552741242,2.424029837088276,Si1,Si1,combo_002,38.16774973503595,1.8057583230700327,hybrid,0.44919413,0.55080587,0.89838827,0.2095429,0.633318660278979,283.50107,0.9861223,0.6110659730754858,0.0,0.06973027612623095,0.9999998219999998,0.7659294570142144,0.5859683750946939,0.4019050891336105,283.40283506838125,3.362765994642477,1308.8322286370117,7.609934098887617,268.08295463534876,2.3331295907913763,101.88910039031744,1.0167986490478442,0.0
13.472053334144963,0.8140219389296961,2.68183738787705,0.9679972497012035,Si1,PU,combo_001,13.040910575280252,2.1830744703738274,hybrid,0.48720646,0.51279354,0.9744129,0.095295176,0.2880184107649958,282.8142,0.44358286,0.6025960370769972,0.0,0.12098778873978236,0.9999998089999999,0.7659043713589813,0.5787413048617337,0.2773933273635817,283.00828701889014,3.124887482762812,1175.5044449091977,7.385496776366172,208.5397525427344,2.317864769815063,92.3569046234307,0.9758029534420516,0.0
13.398160632949335,0.7339949495824177,1.947490591079362,2.31246657695318,Si1,Si1,combo_002,30.9827986563452,1.4294482582115293,hybrid,0.4444489,0.5555511,0.8888978,0.20372945,0.6157481956151437,283.65363,0.17175618,0.6129472193569291,0.0,0.1342137621296454,0.9999998219999998,0.7658686473386987,0.5881739466015257,0.38839835345946516,285.042002659469,3.156373014857523,1163.5670687960026,8.216949391841275,226.76240977394968,2.4748749954842255,93.22372633402192,1.0431772439487366,0.0
13.405584626801776,1.092739611233243,1.1979510086835057,1.1412593019826,Si1,PU,combo_001,15.299248153852469,1.3090485195052854,hybrid,0.4893747,0.5106253,0.9787494,0.10182697,0.30775999656998215,282.79492,0.414582,0.6023581999796032,0.0,0.0764371040769233,0.9999998089999999,0.7657656224028966,0.5771339927224449,0.2770138292148915,283.39396080494674,3.105933435723021,1119.616389363838,6.717097265377608,203.37266909776227,2.11784595891319,87.25200797925562,0.9134388973588863,0.0
11.396933637594719,0.7049892321451406,2.470606627682821,0.5717005589658783,Si1,Si1,combo_002,6.515633331109922,1.7417510693828073,hybrid,0.4348852,0.5651148,0.8697704,0.2179687,0.6587846513546274,286.08334,1.3307745,0.6429090487607445,0.0,0.17013880801093473,0.9999998219999998,0.7655237673853622,0.6188940194949075,0.43308665194719626,285.085391415657,3.1764905637871266,1011.9448978972392,8.79922540124312,194.82340785115827,2.839004089401277,84.87802971746451,1.119375502131699,0.0
13.701005609225398,1.0506387529470893,1.4242903143077286,1.9231782359259324,Si1,PU,combo_001,26.349475797961404,1.4964145996588898,hybrid,0.4692301,0.53076994,0.9384602,0.13683301,0.41356161327215146,283.29974,0.30350676,0.6085833602091762,0.0,0.13808097891380552,0.9999998089999999,0.7655233648909341,0.5845113637602642,0.3209682290704159,283.9193176784968,3.0717539825868783,1190.4982678806437,7.734002585661043,222.5912371655847,2.268080827488168,95.89674588283361,1.0080537946331527,0.0
8.289808475653455,1.0011401387383367,2.855083909196595,1.268107182182985,Si1,PU,combo_001,10.51236566689753,2.858339100962672,hybrid,0.5435438,0.45645618,0.91291237,0.18576656,0.5614574891710787,286.3684,1.3942273,0.6464242961132074,0.0,0.08307630895460331,0.9999998089999999,0.7654937379035516,0.6196299052473251,0.3872896582726561,284.32150549900706,3.183490563312146,810.5526151328386,7.446067661152444,166.4708948937649,2.3508780940572325,73.12154928435427,1.0916405494585797,0.0
12.205169941343982,0.8787249099119862,1.4515086056587496,2.329166160387395,Si1,Si1,combo_002,28.42786880915581,1.2754767687439574,hybrid,0.50565255,0.49434745,0.9886949,0.102800325,0.31070183587922984,283.7508,0.12666136,0.6141454366324073,0.0,0.022821225655169496,0.9999998219999998,0.7652884841959557,0.5858537019066594,0.2639802479832188,283.6183174731296,3.1457022269213875,1088.0173973708074,7.6173561121857585,215.22735295257738,2.4884539301241504,89.90671892424962,1.0091988161136098,0.0
8.306696867551915,1.057263440138167,1.4063062653082157,0.6786823671584437,Si1,Si1,combo_002,5.6376086933377625,1.486836199947622,hybrid,0.4057619,0.5942381,0.8115238,0.30221975,0.913423484795464,283.9788,2.0123966,0.6169569571302396,0.0,0.1359700961306937,0.9999998219999998,0.7647063781646195,0.5952147813622489,0.531338657980607,284.9495619298799,3.3106744939190875,792.334098330031,8.387024103289251,165.0645341114423,2.4212701769136147,74.24833729357185,1.0511562032655817,0.0
11.374342295143922,1.1037357119770679,1.5323337629808955,1.7406697096262713,Si1,PU,combo_001,19.798973100077987,1.6912914968702184,hybrid,0.51989657,0.48010343,0.96020687,0.121853754,0.3682885751131127,283.8021,0.563598,0.6147780381525326,0.0,0.08253932892920647,0.9999998089999999,0.7645901231051075,0.5890104085920529,0.30223030882384716,282.8251550022299,3.103389230941975,1000.3417061638212,7.691685177258111,200.8108251331935,2.385817703980165,86.11920055475362,0.9923058754166061,0.0
13.108444326962315,0.7769898057806545,2.9758214776781333,1.7142149861048068,Si1,PU,combo_001,22.47069170979934,2.312182951979033,hybrid,0.55188596,0.44811404,0.8962281,0.1896058,0.5730611369158104,283.4542,0.46362337,0.6104879386109335,0.0,0.13987142741414968,0.9999998089999999,0.7645485090815123,0.586604284288143,0.38040990395868457,282.9024230411909,3.1558254238472894,1152.6600683456184,7.350734881390262,215.67015019673227,2.2986807110252183,90.85842264275347,0.9161154419587099,0.0
9.381459251029453,1.1229763963968553,1.5050705686758121,1.965925526920792,Si1,PU,combo_001,18.443250221366014,1.6901587235345292,hybrid,0.55168056,0.44831944,0.8966389,0.17900755,0.5410291566830898,283.24066,0.67839205,0.6078547959361468,0.0,0.1754168181885,0.9999998089999999,0.7645201284139129,0.5856331087126838,0.37902164905138325,284.5563407273368,3.0912323735996696,856.895893889084,7.284220928214815,174.0703277231327,2.1862535234163722,77.63370977498434,0.9413565631273382,0.0
15.565589050919785,0.7434355092275099,2.048232824845963,0.9431289216379946,Si1,Si1,combo_002,14.680357216254151,1.5227290131558597,hybrid,0.44966117,0.55033886,0.89932233,0.17489551,0.5286010165931618,282.52805,0.30139753,0.5990672420417713,0.0,0.17643387314923634,0.9999998219999998,0.7643822727896609,0.5769033415248679,0.3669408492195403,282.1960885693739,3.1322979465005574,1298.504202771786,9.59764794626833,238.53689768149607,2.7460697240168117,102.18036070291957,1.2811287712116144,0.0
12.816355989577154,1.0155993901443403,1.523853208686641,1.7200556638461537,Si1,PU,combo_001,22.04484570974076,1.5476243894116488,hybrid,0.4600505,0.53994954,0.920101,0.14546627,0.4396546094513025,283.25357,0.42302123,0.6080139812086114,0.0,0.18338236812486922,0.9999998089999999,0.7642895577988762,0.5855607959215465,0.3393952097119281,283.9272736941378,3.089243339832897,1136.8833404930733,7.88003412901045,213.44158173086808,2.361912323517819,92.01753559049732,1.0135888232996455,0.0
10.690701210591524,0.8712170818587851,2.9196761559714965,0.9799520946622882,Si1,PU,combo_001,10.476375044727824,2.543671740578162,hybrid,0.4789377,0.5210623,0.9578754,0.11205881,0.3386845169912438,284.5803,0.8709145,0.6243743134429517,0.0,0.12142364390400838,0.9999998089999999,0.7637200260436119,0.5995563491749211,0.30412797750253,284.8450608437448,3.0968330924472642,966.9093368413063,6.586571943923307,190.08173918674538,2.030332271157387,82.19922757304286,0.8932964717130025,0.0
10.200073957902159,0.6725707925469676,2.979610163486681,1.456693674372218,Si1,Si1,combo_002,14.858383212604869,2.0039987691372367,hybrid,0.5466534,0.4533466,0.9066932,0.18157533,0.5487899774301582,286.92154,1.34632,0.6532451780598288,0.0,0.11228944117348162,0.9999998219999998,0.76361785199623,0.6266956413635829,0.38623619009883026,285.7827776494993,3.1666488526307366,949.5361733594557,6.8979061958125465,191.9053522993726,2.1514696534218665,80.09455908867108,0.900989127701832,0.0
11.076487476837373,1.1367963630965996,1.453242529160324,1.0176449450960372,Si1,PU,combo_001,11.271931490223112,1.6520408218467604,hybrid,0.43955263,0.56044734,0.87910527,0.23858215,0.7210863590765721,282.76807,0.79875386,0.6020270344009535,0.0,0.03758812320994397,0.9999998089999999,0.7635230683974223,0.5763524451981662,0.4238843083598488,283.2469906346888,3.143738331104096,965.0856958601557,7.439545048137431,192.46422406545804,2.2975474698244063,85.34995630181939,0.9909876817456653,0.0
11.514292484005725,1.2076670734896213,1.1735608309640047,2.0166178111098194,Si1,PU,combo_001,23.219927305573872,1.4172707742923476,hybrid,0.53556967,0.46443033,0.92886066,0.121078074,0.36594417411736263,283.2806,0.61065304,0.6083474047343883,0.0,0.2204172145410435,0.9999998089999999,0.7631669443699418,0.5873149044814457,0.3230754420839673,281.4458281359671,3.234697042725309,954.0227735479634,7.844177527205483,193.78653434384293,2.483710863158872,80.71250841392829,0.9340067300988034,0.0
15.475439633178103,1.0013903329972338,1.4363135771977984,0.7761150403154671,Si1,PU,combo_001,12.010721454803601,1.4383105313585514,hybrid,0.43521708,0.5647829,0.87043417,0.2379285,0.7191107660676476,281.6095,0.712377,0.5877402502783861,0.0,0.07625504500784944,0.9999998089999999,0.7629974435282036,0.5642137885617142,0.4271866219374287,282.6526946285866,3.198347145294974,1350.709109579912,7.592743479580313,230.56377413502148,2.3903796434148346,103.74323385632839,1.046969124258916,0.0
15.21089651748876,0.8767007571782042,2.205665803627551,1.0635269719323501,Si1,PU,combo_001,16.17719871362115,1.933708880122346,hybrid,0.5378771,0.46212292,0.92424583,0.15993743,0.4833919760100515,282.03818,0.48948935,0.5930264808275828,0.0,0.10010212804892075,0.9999998089999999,0.7626980743505869,0.5693930266259701,0.34360119833066227,282.47664346005826,3.085195368498931,1316.5945489757983,6.998404658939276,230.5460353453759,2.207007038930286,100.04187859245047,1.0074338955138389,0.0
13.053907814424981,0.7976670073802724,1.6526298168081432,2.1478009654330203,Si1,Si1,combo_002,28.037195806495625,1.3182482802807594,hybrid,0.5541642,0.44583583,0.89167166,0.21600722,0.6528562960328799,283.617,0.2040558,0.6124956299314976,0.0,0.0492741472843277,0.9999998219999998,0.7622555141224118,0.5852681901174211,0.38932067909314777,284.79922867988574,3.1223528593820404,1148.355232413221,6.970631277731276,221.8730995769874,2.1722152270990787,92.85886255011948,0.964457221151629,0.0
8.931815098886812,1.1174369215920241,1.4682347901532016,2.0986628154942375,Si1,PU,combo_001,18.744868222903737,1.640659764083105,hybrid,0.5626196,0.43738037,0.87476075,0.19475356,0.5886196186753303,283.18427,0.5751235,0.6071593482209823,0.0,0.1966939472242928,0.9999998089999999,0.7613540560598016,0.5854465108697815,0.39671038225041455,284.4734370265959,3.090309357708636,830.4907369345518,7.32694196232421,166.75557057662039,2.1730195867044917,75.73539440935707,0.9792529873158745,0.0
13.848432266625998,1.081618687983382,1.3685272933318506,1.5069286729212932,Si1,PU,combo_001,20.868599657587133,1.4802246954830454,hybrid,0.47793132,0.5220687,0.95586264,0.10960789,0.3312768989107622,283.0655,0.4515779,0.6056946931844995,0.0,0.1206712723185333,0.9999998089999999,0.7613153794315646,0.5815969033924883,0.29265350880379437,283.0663492020762,3.079477911472647,1189.9508256400288,7.134510974356684,220.3819764509146,2.1942856375218858,96.10090568352354,0.9428400198905068,0.0
15.423893848705138,0.9563050901657906,1.5051943874496827,2.037149847347021,Si1,Si1,combo_002,31.420782999386326,1.4394250544071108,hybrid,0.4256328,0.57436717,0.8512656,0.21965066,0.6638681576075193,283.67172,0.4941079,0.6131703797979965,0.0,0.21717822005304924,0.9999998219999998,0.7612734695618211,0.5914459750529706,0.4244258584381832,283.6161492397465,3.259799706908406,1283.1236884661098,7.779468628335244,255.47966061056127,2.5444348197361286,104.44072331729816,1.0800796115881655,0.0
14.66448108545411,0.9211560033492079,2.0654489303104144,1.0964118784666677,Si1,PU,combo_001,16.078311253641658,1.9026006817666379,hybrid,0.53674597,0.46325403,0.92650807,0.15611826,0.47184899310330414,282.29736,0.45661062,0.5962226049860742,0.0,0.09068830626205517,0.9999998089999999,0.761112416329712,0.571992113972857,0.33746153841654725,283.07213162386853,3.0710231872607356,1277.4306229212214,7.20369097007383,224.28951082778886,2.1960260595989025,97.62278129858915,1.0869722975476779,0.0
14.540202364029378,0.8880814237146553,1.620327611633704,2.0246053982272905,Si1,Si1,combo_002,29.438172197531088,1.4389828522238268,hybrid,0.4443051,0.55569494,0.8886102,0.2038115,0.6159961693329922,283.7233,0.46088484,0.6138063682388125,0.0,0.09465921503243158,0.9999998219999998,0.7606915137063311,0.5882959648505359,0.38859806858639123,284.3184349583025,3.140332386270777,1230.1854051722676,7.025453152249968,241.02300561104855,2.2539927495172636,99.78995594505311,0.9628326628657019,0.0
15.755753520814002,0.9495960137165782,1.8964713416920285,1.0652265393961124,Si1,PU,combo_001,16.783446798554813,1.800881626198481,hybrid,0.4434476,0.5565524,0.8868952,0.21944523,0.6632472775359141,281.82513,0.6820039,0.5903993593451351,0.0,0.045675149771565046,0.9999998089999999,0.7605132784399544,0.565688330942528,0.4024122704583001,281.22353987483837,3.141951060012092,1367.5451376493736,9.489487995648947,240.70257868087003,2.837439595191288,101.57050016684983,1.1521971756334208,0.0
11.152068250550554,0.886227757842436,2.5225943127124753,1.8705779430609613,Si1,PU,combo_001,20.86081288899031,2.235593101701258,hybrid,0.47664148,0.5233585,0.95328295,0.12331565,0.3727069749611398,284.2596,0.69239026,0.6204198953742566,0.0,0.07506570534089728,0.9999998089999999,0.7601803018418614,0.594207557371096,0.3053489417306522,283.82827907649624,3.0498316907689644,1012.0833507323134,7.284503331500934,198.4031440550839,2.2696091573074026,83.65816855755808,0.9973028032575979,0.0
12.525102553746732,0.9803396874814864,1.897632860907379,1.2634371822059567,Si1,PU,combo_001,15.824680277346404,1.8603248058165387,hybrid,0.5048748,0.49512517,0.99025035,0.06259861,0.18919689842796553,283.38202,0.6487389,0.6095979311183123,0.0,0.11684813909129683,0.9999998089999999,0.7599766547032998,0.585426582076892,0.246474966108717,282.6546401569362,3.1011373342544433,1113.073129117199,7.511947447804248,205.53795427538023,2.3672080222504834,89.00846426073682,0.9679759640364077,0.0
9.759829899745032,1.039803500294584,2.3696666664973263,1.1210960467501616,Si1,PU,combo_001,10.941706717558182,2.4639876943553185,hybrid,0.5484722,0.45152777,0.90305555,0.19028316,0.5751083837905354,285.2936,1.2121907,0.6331705228013146,0.0,0.06661358713647261,0.9999998089999999,0.7595775164373393,0.6066162676991183,0.3857914112383287,284.5610072951766,3.0680371289599933,888.1759343689065,7.651963035902446,182.39103870050113,2.257022573097481,78.22665748379059,1.0368216718089278,0.0
15.737897188829166,1.005159332369676,1.2466367110560963,0.5836913358029775,Si1,PU,combo_001,9.18607423287762,1.2530685241926744,hybrid,0.42989057,0.5701094,0.85978115,0.2475109,0.7480724389507712,281.45377,0.7821267,0.5858198662467387,0.0,0.06443790485883137,0.9999998089999999,0.759496472352323,0.5622175412727272,0.43700920571115764,282.693863018013,3.314089741691977,1338.2184564526083,8.073546481799236,222.85740979497282,2.414515635121305,98.28273525494957,1.030675598025904,0.0
11.218394499401501,0.9157923133951218,2.388600474436331,1.780216234780727,Si1,PU,combo_001,19.97116801600936,2.187461954260733,hybrid,0.48388666,0.51611334,0.9677733,0.1002499,0.3029934832362831,284.30307,0.6652981,0.6209557814924354,0.0,0.08095690917878859,0.9999998089999999,0.7590961588345795,0.5948287484036042,0.2812663632368504,283.6307359736335,3.046290197578421,1014.1694172624592,7.234473839009257,198.7692308492505,2.236970774888492,83.66629342436701,0.9567396534146686,0.0
11.83996822487654,1.1804132123103115,1.1921035972678233,1.4195606346763745,Si1,PU,combo_001,16.80755280785385,1.4071748366575891,hybrid,0.54438716,0.45561284,0.9112257,0.15340433,0.4636464494676311,283.1589,0.72195077,0.606846622543871,0.0,0.1515095617229654,0.9999998089999999,0.7585436986672727,0.5840664466657993,0.3492624900158534,282.01633146253613,3.161958974790181,983.1785300610888,7.107959594682519,194.01639860207538,2.208635936174178,81.94246881525356,0.9097720044385317,0.0
10.927909575167696,0.9612035527719104,1.5029163149972875,1.6102403457339978,Si1,Si1,combo_002,17.596560892467895,1.4446085014942602,hybrid,0.46616095,0.53383905,0.9323219,0.12512256,0.37816816148970867,284.8869,0.6296183,0.6281552459073767,0.0,0.15335196261408182,0.9999998219999998,0.7585091245942407,0.6035601545948172,0.317690643032272,284.0717443490406,3.0599689736785667,977.4391666190018,7.318844974060717,199.9517228550633,2.3126335081988825,84.85506007976572,0.963920046859657,0.0
11.513726784411595,1.0011141269748185,1.2639742845576702,2.40500110059521,Si1,Si1,combo_002,27.690525588462435,1.265382512403573,hybrid,0.49654126,0.50345874,0.9930825,0.052143812,0.1575985119054857,283.91342,0.20389669,0.6161508700058443,0.0,0.12885148937163687,0.9999998219999998,0.758452468060261,0.5910180460495175,0.22791372864090104,282.2892668568704,3.185225499031155,1008.7085137304305,7.960711085338874,205.4414079710947,2.584957732777689,83.17073023518137,1.0488490910487183,0.0
14.030967321745965,0.7884185776862956,1.5946832980117374,0.5859940725185059,Si1,Si1,combo_002,8.222063682243991,1.257277937678505,hybrid,0.46667323,0.53332675,0.93334645,0.13801174,0.41712417502350707,282.78943,0.5882351,0.6022904615657885,0.0,0.1022343677472637,0.9999998219999998,0.7584446695855539,0.5781568493967464,0.32279222469802027,285.14060662924123,3.1949810055113788,1214.2360817219192,8.390335947861212,212.7045054877029,2.5449631288304735,97.66520960960193,1.1058279888069293,0.0
8.800927896341731,1.131246278370246,1.3996851824048586,1.3549210607835374,Si1,PU,combo_001,11.924562561190765,1.583388653485475,hybrid,0.5700449,0.42995512,0.85991025,0.22007445,0.6651490098660753,283.24078,1.6752632,0.6078563012342315,0.0,0.15219627906830818,0.9999998089999999,0.7583239810884423,0.5867246811904253,0.4398265608636745,284.9143446500179,3.120868501535957,814.6758446256774,7.458333392857763,163.05978314912053,2.243872675267913,75.13495547616806,0.9904154531810679,0.0
13.900968504978927,1.09481212783039,1.1743068086025117,1.9081684520403701,Si1,PU,combo_001,26.525389554007578,1.2856453358518303,hybrid,0.53192616,0.46807384,0.9361477,0.14396542,0.43511848288724636,283.2164,0.2722971,0.6075556179417984,0.0,0.06644777571980579,0.9999998089999999,0.7582477483059682,0.5813609042305339,0.31711551323083353,284.45561375527495,3.128080531489405,1149.2254446702132,6.8271289835027105,213.6332943725194,2.132625492510011,88.68340025315334,0.9118543691122724,0.0
11.673343117137833,1.0158982370687655,1.7666781910444076,1.3683584564940752,Si1,PU,combo_001,15.97331776989246,1.7947652597498494,hybrid,0.53818524,0.46181476,0.9236295,0.14407836,0.43545981830453173,283.87772,0.6303671,0.6157105703160486,0.0,0.1242958228976949,0.9999998089999999,0.7582262590133195,0.5912407107810065,0.333399958796534,283.7225675610338,3.0747027412562087,1042.753510412022,7.093385638307561,199.9592407439822,2.1605959944599693,86.22867428942426,0.9455580324727986,0.0
10.364417510751476,0.9260254994670656,1.6170357059821752,2.2405518623471057,Si1,Si1,combo_002,23.222014955857173,1.4974162972882228,hybrid,0.47296873,0.5270313,0.94593745,0.11382514,0.34402304525236616,284.8543,0.40146273,0.6277533313187428,0.0,0.12524640594873301,0.9999998219999998,0.7579051831877441,0.6019382777146988,0.2967529499988952,284.6574468636571,3.100824914789879,947.3868430511338,7.659057603354238,195.20658597066662,2.392438433085199,82.03417070888392,1.0111675482637705,0.0
15.86332144658504,0.6434265025002928,2.6708868496100866,1.5440444318419226,Si1,Si1,combo_002,24.493673150118184,1.7185193842186435,hybrid,0.4677511,0.5322489,0.9355022,0.1497529,0.4526104480613959,282.9345,0.36758506,0.6040795083395396,0.0,0.04529563009763273,0.9999998219999998,0.7577905538418309,0.5776991145536574,0.3220574925835724,281.9200857480386,3.1686576286451524,1318.4581420531354,7.384241418821277,254.4434474078335,2.2633143809814094,102.39825591847686,1.01459251722323,0.0
8.961112957276175,0.9715262862120855,1.7689788400379407,1.5203149544489514,Si1,Si1,combo_002,13.623714037453235,1.7186094428498233,hybrid,0.44019645,0.55980355,0.8803929,0.1807195,0.546203322415464,288.17276,2.3823469,0.6686744834287379,0.0,0.1923022843851222,0.9999998219999998,0.7577828282095342,0.6451479745630088,0.41899763523503664,286.6381678416501,3.132640128498411,843.6414277496834,8.47796066944291,177.88835520246639,2.4856727402205334,76.63557821281508,1.0675313286364447,0.0
12.500947989365217,0.9322934323241243,1.7164731102241069,2.3127136517072726,Si1,PU,combo_001,28.91111307428752,1.6002566074228977,hybrid,0.47014475,0.52985525,0.9402895,0.12245,0.3700906630824421,283.51218,0.2200659,0.6112029552012,0.0,0.11757350479315641,0.9999998089999999,0.7574764598303383,0.5861566065367156,0.30093240413902544,285.22422080370603,3.1216292114822575,1133.594457218254,7.674370833128562,211.34352716464497,2.3575569942535526,89.16321735549216,0.986117754668416,0.0
13.048278962757895,0.8638335246224356,2.5792871170346165,1.6785609037050502,Si1,PU,combo_001,21.902330927522485,2.228074681321253,hybrid,0.46991372,0.5300863,0.93982744,0.11104179,0.3356106967557057,283.49576,0.43284535,0.6110004926087983,0.0,0.1594046220959068,0.9999998089999999,0.7573630357157244,0.587606662912199,0.2995886153365343,282.29158694509664,3.1022998725244695,1142.508708917046,7.259884357294104,214.1300360253506,2.321866717842261,91.15202199701478,0.9704654548249536,0.0
12.792895127382646,1.0102702988167866,1.170201732923792,2.1938782744549483,Si1,Si1,combo_002,28.066054687345357,1.1822200543968409,hybrid,0.44692126,0.5530788,0.8938425,0.17161587,0.518688688318114,283.46112,0.20650643,0.6105733642772443,0.0,0.15783932512170412,0.9999998219999998,0.7572641253963899,0.5867610535894467,0.35869803935478894,282.1099365455525,3.169410915008011,1077.465234912205,7.650006948915392,212.73055236315474,2.4811474878565107,86.30702971065436,0.94432757821604,0.0
13.368190649036713,0.6649607186330091,2.2811757797784655,2.312824124595922,Si1,Si1,combo_002,30.918273835289725,1.5168922858497034,hybrid,0.44793478,0.55206525,0.89586955,0.18190911,0.5497988062132684,283.6446,0.17798762,0.612835827298656,0.0,0.11034630875268191,0.9999998219999998,0.7570813834806427,0.5873666116183814,0.3618662577996493,284.8347290109427,3.1637634996800483,1159.0174164759583,8.929047697832845,227.52932719363363,2.6950260050104795,93.26495047806469,1.0745002199874805,0.0
12.88802496338172,0.5508263756950396,2.7876280567732925,1.8196881873561503,Si1,Si1,combo_002,23.4521867842169,1.5354990592982387,hybrid,0.5047976,0.49520242,0.99040484,0.06032421,0.18232279989980169,283.31866,0.2710079,0.6088166814123158,0.0,0.0999487660255936,0.9999998219999998,0.7568827818779417,0.58352380178154,0.23363521521892197,284.6382489662446,3.1184593089376738,1130.6725393101653,6.8413433347664405,215.88937602472365,2.175831988708571,89.9789731033917,0.9247889272883778,0.0
12.282697229395474,1.0926057789278034,1.339789575805417,1.9505777688102925,Si1,PU,combo_001,23.958356156686584,1.463861833072229,hybrid,0.5144296,0.48557037,0.97114074,0.073925525,0.22343116540531544,283.39557,0.47530875,0.6097650192057219,0.0,0.1368532529793944,0.9999998089999999,0.7562922051286363,0.5858695982025809,0.25783104610134344,283.0862130139675,3.1437955910743014,1058.4025500418184,7.7334257906231105,207.0875117773409,2.441249536289454,88.12861922617223,0.9652169890622041,0.0
12.79017902085047,1.0343901771483164,1.4390070627487612,1.7588159150064244,Si1,PU,combo_001,22.49557041765309,1.4884947705543696,hybrid,0.45947164,0.54052836,0.9189433,0.14513926,0.4386662725028493,283.22144,0.41215202,0.6076177114877952,0.0,0.12536358074063328,0.9999998089999999,0.7560550609854491,0.583436182063069,0.33011918257800643,283.9315171934003,3.0957276548032984,1124.7228853475401,7.772861291279162,212.7859692420304,2.3299397956266525,92.1330526973012,0.9986427833464993,0.0
13.290394512253082,0.7891061072163196,2.968157512330813,2.140990261764089,Si1,PU,combo_001,28.45460522573674,2.342191220160243,hybrid,0.5558199,0.44418007,0.88836014,0.18349719,0.5545985793709106,283.57196,0.4709473,0.611940174938217,0.0,0.13059322619261995,0.9999998089999999,0.7559146867840836,0.5876751231562184,0.37270943261031253,282.71133512508374,3.1756338560220825,1164.4031141240755,7.630634434564388,221.82305883744579,2.3633988719983545,91.78273163972469,0.9291426339392241,0.0
8.441028559644305,1.0741931933455955,1.2890435958192605,0.6274085529838125,Si1,Si1,combo_002,5.295973514301468,1.3846818565547805,hybrid,0.39274243,0.6072576,0.78548485,0.31640384,0.956293213563739,283.15277,1.8840051,0.6067709813151112,0.04838403065999363,0.1369068569513603,0.9999998219999998,0.7557630901564165,0.5856416559600622,0.5437987216089024,284.8892387633135,3.311355554410004,792.7539591743425,8.003766663169191,163.33917887739514,2.3350203484065735,73.34968574038945,1.045807796173986,0.0
15.117302717095978,0.903369487224589,1.6754836574096013,1.8326162377246225,Si1,Si1,combo_002,27.704214429948642,1.5135808124472905,hybrid,0.4455107,0.5544893,0.8910214,0.18815255,0.5686688585273459,283.5604,0.44917908,0.6117975479446848,0.0,0.09969093457754558,0.9999998219999998,0.7556686451272299,0.5865778202280763,0.37254348312366803,283.4462837833481,3.168906615085069,1261.041813928744,7.289719647648774,248.51255906652665,2.3424279735555826,101.94214053438702,1.0092160648182826,0.0
8.158960385915453,1.0706798302651443,1.119412242114907,2.286931744044562,Si1,Si1,combo_002,18.65898550495212,1.1985321093843133,hybrid,0.5981299,0.40187007,0.80374014,0.2912302,0.880208877999543,284.8274,2.0788958,0.6274214130910506,0.0,0.13988883712561995,0.9999998219999998,0.7555925457230366,0.6050788371017263,0.5216919537175795,282.9524778130288,3.5334137568335104,792.5968565963202,9.828560151896298,156.95073528707053,3.021560549015074,69.70497431454102,1.1161158636545188,0.0
13.735260251766281,0.7604862588828468,2.0921453192644512,1.4756931492280487,Si1,Si1,combo_002,20.269029456395824,1.5910477668866816,hybrid,0.547081,0.452919,0.905838,0.14915586,0.45080595061260675,283.57074,0.45822415,0.6119251219573693,0.0,0.16783285285489624,0.9999998219999998,0.7554931881105301,0.5887556583504013,0.34170189872235174,283.3796564429321,3.110827613511778,1166.1332371004025,8.285389815632811,222.88741282020902,2.482050428319667,95.0191558879872,0.9950405512618031,0.0
9.395678463312898,0.7672007936516306,2.4544352466893304,2.4881545596441477,Si1,Si1,combo_002,23.377900209442306,1.88304466922659,hybrid,0.5532097,0.44679028,0.89358056,0.20208597,0.6107809748943049,285.71722,0.77558166,0.6383942834799933,0.0,0.0360429178719214,0.9999998219999998,0.7553930603123835,0.6097224243211817,0.3845610802004818,285.8638934144407,3.128184018314558,902.6604686009645,7.046530677132773,184.44466828521615,2.1766486634414424,77.460636603263,0.9769770410870294,0.0
15.126480646955148,1.016441662709406,1.2765626696834362,0.664003755512479,Si1,PU,combo_001,10.044039957265051,1.2975514825257901,hybrid,0.4405045,0.5594955,0.881009,0.20295368,0.6134035243973982,281.7119,0.592754,0.5890031953715095,0.0,0.0894853574640725,0.9999998089999999,0.7551202672322592,0.5655581937070985,0.3896721408915552,283.58052201872846,3.2505638676698543,1296.1625724133562,7.576901002279252,217.70527135179663,2.4353788841742476,97.4148196556465,0.9703005437208231,0.0
12.833262755007581,1.1288537736390372,1.172060517741175,1.657609316082909,Si1,PU,combo_001,21.272535898440385,1.323084938385449,hybrid,0.5077609,0.49223912,0.98447824,0.06812239,0.20589186634495837,283.08685,0.54163337,0.6059581203493345,0.0,0.08479448671680279,0.9999998089999999,0.7549596395811426,0.5809243693162068,0.24527042206693062,282.80774612896727,3.1344069574165037,1061.0655039072008,6.885712882099775,202.19411819948107,2.181236425911612,84.9365917682423,0.9135126985055568,0.0
11.798086739617752,0.8399743953792868,1.6038966425571535,2.212886127582303,Si1,Si1,combo_002,26.107822478112848,1.347232112582813,hybrid,0.456752,0.543248,0.913504,0.15617988,0.4720352210951863,283.861,0.1808039,0.6155043444784349,0.0,0.10255052276548043,0.9999998219999998,0.754915386642598,0.5895928217689266,0.33353852756582786,283.9669703585798,3.091825885296797,1059.5252230249034,7.344729213478888,210.4484869868167,2.3498624444218916,87.817086106025,0.9819594998547314,0.0
12.837739773044005,0.5156882038729989,2.8991576200532423,1.985106653138345,Si1,Si1,combo_002,25.4842826347284,1.4950613858299746,hybrid,0.5211255,0.4788745,0.957749,0.10339212,0.31249045778578477,283.3522,0.35559902,0.6092302620611069,0.0,0.0836966893838302,0.9999998219999998,0.7549055706619086,0.5835683558211923,0.2785250089729554,284.9565190388215,3.1453910067140844,1133.7636525119856,6.577938736649323,217.2767286088179,2.0700345454516276,89.84501210257426,0.8927993232986222,0.0
10.605538469455695,0.8882807839370008,2.8761568063174794,0.5279606252871165,Si1,PU,combo_001,5.599306721840398,2.554834822641431,hybrid,0.43541083,0.56458914,0.87082165,0.21602176,0.6529002521441439,284.34616,0.81409746,0.6214871517163597,0.0,0.08871313155091116,0.9999998089999999,0.7548848232399097,0.5958170054433993,0.4080087796076656,285.4175725774291,3.13956126071525,956.8014138346866,6.850648526256281,186.34843281340562,2.064183014481964,82.02357631773991,0.9616910673328718,0.0
12.963898398881751,0.9181157191699344,2.2181236486990765,0.8702359096361634,Si1,PU,combo_001,11.281649915581662,2.0364941889331916,hybrid,0.47245923,0.5275408,0.94491845,0.094933145,0.2869242143498148,282.96915,0.3814713,0.6045066366710935,0.0,0.17340579951266136,0.9999998089999999,0.7548743811276071,0.5819602673103365,0.2835742160540901,282.3035448757281,3.144245343615952,1139.1920858002325,7.96816825391767,204.5566900296914,2.662760969673816,90.78683127626107,1.0008898861608806,0.0
10.261016690131255,0.6913388447174369,2.6322206483929813,2.1058705837144878,Si1,Si1,combo_002,21.60837320675081,1.8197563821013865,hybrid,0.5388671,0.46113288,0.92226577,0.16598661,0.5016749260019584,285.58673,0.7820837,0.6367851198273724,0.0,0.025753538903146262,0.9999998219999998,0.7547829279821563,0.607944966712588,0.3449665233197866,285.33771491345846,3.070648573216096,956.7546038971849,6.663260574579579,193.8154474860769,2.054998287490077,80.56211241152258,0.9216353273259728,0.0
11.681140343500905,0.8721203108667097,2.1733154645228825,2.1323364935614233,Si1,PU,combo_001,24.9081218408596,1.895392558531124,hybrid,0.5009042,0.4990958,0.9981916,0.056203526,0.1698685158318113,283.8903,0.3911083,0.6158656160187801,0.0,0.061649411528547436,0.9999998089999999,0.7547645985549056,0.5890751101421535,0.22604278720897444,284.97216926008366,3.043045341924886,1068.3325712000542,6.798199732150255,202.91929827870564,2.0465020319075014,85.64975951221875,0.9448827646089706,0.0
13.152165507248156,1.0268893056009425,1.4590901309419515,1.3493643262102173,Si1,PU,combo_001,17.74706294789317,1.4983240513721687,hybrid,0.52770734,0.47229266,0.9445853,0.119454116,0.3610359518655361,283.05447,0.4406119,0.6055588400323488,0.0,0.08683484394489735,0.9999998089999999,0.7547550998715524,0.5804371700457033,0.2977643977999517,283.8716767353476,3.0761340629360063,1159.1938972938963,7.410889588851154,213.55462160252512,2.222351679993265,93.93365023752237,1.00532431956667,0.0
12.033163356973692,0.6778977706881965,2.2679722523535117,0.638614350082756,Si1,Si1,combo_002,7.684550796653388,1.5374533338531333,hybrid,0.554947,0.44505298,0.89010596,0.1444225,0.43649994780211787,284.77692,0.6968411,0.6267989723329975,0.0,0.251194252368238,0.9999998219999998,0.7546153142928015,0.6053681426147363,0.35418884022151,285.33927255255395,3.1824467669582264,1062.970218001264,8.270822742976605,198.02071662770706,2.7246913305952174,87.18707882793163,1.047853908770627,0.0
10.850316015430359,1.2223890079542605,1.143533213955972,2.4240470828973875,Si1,PU,combo_001,26.301676885718766,1.3978424309703876,hybrid,0.5311359,0.46886408,0.93772817,0.11204911,0.3386551979047347,283.29575,0.41112423,0.6085340616968999,0.0,0.14374602972751147,0.9999998089999999,0.7545741654251952,0.5848288554970655,0.2978511811568585,281.49698655032125,3.2907682755129923,906.7270829740914,8.543198387075734,185.61604865209924,2.659166832014814,78.2331640541296,0.9827661153446172,0.0
11.586626985540121,1.05521332515211,1.6942253709750723,1.3503115547778202,Si1,PU,combo_001,15.645556299475329,1.7877691872636734,hybrid,0.4419415,0.5580585,0.883883,0.17883795,0.5405165905946713,283.66437,0.6390152,0.613079685588389,0.0,0.15750076746292657,0.9999998089999999,0.75456924919531,0.5898319461225429,0.3753314152465077,283.1223256715205,3.0816517892111452,1027.4495606016083,7.224887473764883,200.17718822100167,2.195935148588982,86.16820240583412,0.972170977577397,0.0
11.583630533553913,1.0675173407706922,1.6632812360330549,1.2568441090265514,Si1,PU,combo_001,14.558817797237324,1.7755815620437967,hybrid,0.42922276,0.57077724,0.8584455,0.19651696,0.5939492971661009,283.50623,0.6097469,0.6111295719195674,0.0,0.21256354259949528,0.9999998089999999,0.7544693111677667,0.5896372639046039,0.40168023502192474,282.9821264277086,3.0877423723731634,1024.1493391488311,7.263917378050343,199.8680035613192,2.2120095027479314,86.31325273355586,0.9761650618875153,0.0
12.625623696810374,0.7755112149640037,2.979618893048057,2.0695947960458074,Si1,PU,combo_001,26.12992509975138,2.3107278678773984,hybrid,0.44512224,0.55487776,0.8902445,0.18201397,0.5501157315769625,283.5932,0.48403814,0.6122020968049672,0.0,0.11535010809303016,0.9999998089999999,0.7544199850301636,0.5874822619257383,0.36912771711029607,282.7116203252233,3.14036539871145,1122.2426776794855,7.442575002523782,214.19552401649815,2.280570660910665,88.89468403719059,0.9272292845853807,0.0
12.226264471056574,0.8859954586900781,1.5768491853249142,1.4475026901537689,Si1,Si1,combo_002,17.697550712385837,1.3970812172370235,hybrid,0.4649219,0.5350781,0.9298438,0.1198835,0.3623337155173089,283.7545,0.37180126,0.6141909718994717,0.0,0.14648882502689944,0.9999998219999998,0.7537844079535614,0.590045014033795,0.30572778226562325,283.0140727581937,3.0609108928804885,1075.9342340427786,6.899052119454382,210.7399533779091,2.2231657805010787,90.07965467458428,0.9525067750261293,0.0
11.86033510214778,0.7155781146052058,2.1007238701100137,0.6100663883644387,Si1,Si1,combo_002,7.235591800559272,1.503232026279475,hybrid,0.53909326,0.46090674,0.9218135,0.11756818,0.3553359341299658,284.95145,0.7363404,0.6289511722696998,0.0,0.19185821058098299,0.9999998219999998,0.7537413694737655,0.6056388842926343,0.3177070173819153,285.73145596065814,3.1590896593306383,1052.4089715059451,7.667824244331739,196.69595825463284,2.4746205187272983,86.74402158766024,1.0252274740854082,0.0
10.463601982980537,0.9740083977396006,2.1241637955012704,2.3866862384895198,Si1,PU,combo_001,24.9733348578113,2.068953374992661,hybrid,0.48120922,0.5187908,0.96241844,0.109700195,0.33155588060259145,284.4302,0.38227895,0.6225235494477249,0.0,0.029499392755209866,0.9999998089999999,0.753633518809051,0.5942200824910298,0.2776262272329646,284.41654784816967,3.0791516692025898,960.284529154185,6.85243216337567,191.4109603452523,2.0918322973453196,81.33407842911473,0.9163346949645185,0.0
13.174407456018063,0.9838777128450654,1.775531602997373,0.9065345081809257,Si1,PU,combo_001,11.943054983716456,1.746905972641188,hybrid,0.4741296,0.52587044,0.9482592,0.11590134,0.3502981179128089,282.7376,0.4008027,0.601651462528803,0.0,0.07300248865119492,0.9999998089999999,0.753566740221189,0.57635605759967,0.2910988336429087,282.86306884824637,3.1131858464378244,1167.6884569788185,7.836049033491466,207.14112133818227,2.460964081646822,91.95721602877536,0.9739323582250916,0.0
10.005210103665812,0.9140199664208652,2.791499370731036,2.047301187427668,Si1,PU,combo_001,20.48367852569832,2.551486161099448,hybrid,0.46758714,0.5324129,0.9351743,0.14298217,0.43214671649199965,284.67715,0.5718695,0.6255687674732179,0.0,0.03774501936663715,0.9999998089999999,0.7535632035783697,0.5976088762438642,0.3180344814480812,284.3769156467134,3.062094546132308,926.6322413816399,6.642368000262986,187.88571774012368,2.059530405056003,79.07910888995887,0.9297299065163412,0.0
13.576670437287587,0.8185742972363632,2.9088977380155883,1.9286056123822641,Si1,PU,combo_001,26.18404280281721,2.3811489216285566,hybrid,0.42776385,0.5722362,0.8555277,0.20915265,0.6321391863057257,283.1769,0.41767168,0.6070686540113748,0.0,0.17333459642259183,0.9999998089999999,0.7534599994127824,0.5843800731572102,0.405145778951182,282.3051751946282,3.1336112413020962,1177.2736107900869,7.118982724492641,223.2347968698872,2.2313527942085356,93.35555384662706,0.9115572218788501,0.0
12.099640806451921,0.7844062899465792,1.8380315661399758,1.248678821971544,Si1,Si1,combo_002,15.108565228479206,1.4417635216005589,hybrid,0.5129722,0.48702782,0.97405565,0.078359,0.2368308211244784,284.10272,0.3156925,0.6184852110108039,0.0,0.08506114351513135,0.9999998219999998,0.7534330371409916,0.5920523135849881,0.2514143004994416,284.341656833222,3.0628481730262482,1069.6716961488798,6.743922563874188,204.72921591986653,2.14945426090701,88.54832667402222,0.915723482161908,0.0
13.575572080503324,1.1398235768504668,1.119918253990461,2.119825391982346,Si1,PU,combo_001,28.777842406937555,1.2765092300435368,hybrid,0.46290627,0.53709376,0.92581254,0.11709608,0.3539090719198543,283.16333,0.25775337,0.606901189599444,0.0,0.1713390985742823,0.9999998089999999,0.753290569123328,0.583879501463179,0.3041217867434812,283.2169224840468,3.175612972351202,1101.3381915378616,7.5598155761356045,209.4643183260133,2.2662176790172675,87.26447231078494,1.0241085866877535,0.0
12.195504847550533,0.8023166166108395,1.6333601465365977,2.445678663081063,Si1,Si1,combo_002,29.82628599115601,1.3104719864762282,hybrid,0.4958701,0.5041299,0.9917402,0.05092207,0.15390593959655677,283.848,0.14120539,0.6153440302324067,0.0,0.09855938860048065,0.9999998219999998,0.753237637125609,0.5892546217925128,0.22076654572351606,284.3066268793382,3.147061497203597,1093.2342183927085,7.564383446854271,214.9511681290565,2.4498326872907454,89.26282659907432,0.9949405871962876,0.0
12.458549934848358,0.7446422154903853,2.8220051975949483,2.339510177308492,Si1,PU,combo_001,29.146904367083785,2.101384202462485,hybrid,0.53587687,0.46412313,0.92824626,0.145963,0.44115591782116764,283.80298,0.56496257,0.6147889515636472,0.0,0.05536459186633917,0.9999998089999999,0.7530388816434357,0.5882076527236619,0.3236862037737155,284.4901068636084,3.1304957911326703,1125.526399046045,6.840795762390002,212.40435761818011,2.108690425191568,88.10813397317756,0.908259308707315,0.0
13.192141878257068,0.8779594428935258,2.197336588781334,2.236516157600575,Si1,PU,combo_001,29.504438464081133,1.9291724073360204,hybrid,0.5036956,0.4963044,0.9926088,0.056442168,0.17058978337473585,283.55963,0.325008,0.611788139831655,0.0,0.07316133927539975,0.9999998089999999,0.7530187926207355,0.5855507109106198,0.2266397653402114,284.2649981630023,3.106566974707711,1176.0278504297407,7.4805802583538625,219.8514318059748,2.4238245309194713,92.01675544604127,1.0113481353420202,0.0
9.74952458403141,0.8081028516298209,2.287019142536437,1.841030453592759,Si1,Si1,combo_002,17.949171667253104,1.8481466908156823,hybrid,0.5473936,0.45260638,0.90521276,0.1604645,0.48498497971038146,288.5294,2.080344,0.6730722117833982,0.0,0.11099545132681773,0.9999998219999998,0.753001281192323,0.6462133660141791,0.379059864490219,287.1616395044617,3.0434527554014412,912.7921386055582,6.894737691852344,188.46430851154176,2.1166822742805076,78.75360118923706,0.9670909597626955,0.0
14.145196173523534,1.0633657321510182,1.5200685118295474,1.6539038001957578,Si1,PU,combo_001,23.394793705905062,1.6163887660013352,hybrid,0.4700932,0.5299068,0.9401864,0.10606143,0.3205581381272157,283.1386,0.32776698,0.6065963667372777,0.0,0.13880285070719675,0.9999998089999999,0.7526919895116206,0.5827484702353272,0.28903261055178775,283.02190400311565,3.0740666798143748,1230.5312726802822,7.875334553033927,227.31607043595523,2.331184309388219,97.97783006453146,1.0320064464676044,0.0
13.128135921679023,1.0127443792788662,1.114586908436154,2.389830142647342,Si1,Si1,combo_002,31.37401494239987,1.1287916267365232,hybrid,0.51097184,0.48902816,0.9780563,0.078623265,0.2376295297876064,283.51376,0.21027228,0.6112225240763021,0.0,0.059314972618725065,0.9999998219999998,0.752650577744919,0.5844092999865923,0.24562743049318553,282.6641091754986,3.2068218856805424,1092.7718465662838,8.323762911719127,213.89727507799225,2.7137527480391164,87.2374517315,1.017611641715615,0.0
9.758549239802898,1.0575835978863022,2.2091245751183215,0.9335753068768795,Si1,PU,combo_001,9.110340601222129,2.3363339163326833,hybrid,0.5800098,0.41999018,0.83998036,0.25720593,0.7773745465111953,285.04538,1.4797405,0.6301094991459315,0.0,0.06814380836343702,0.9999998089999999,0.7525828370969201,0.604325591969326,0.4624089609987016,284.93895910259,3.086969138900477,886.4367660331005,6.784662238599134,181.37282644259105,2.0777818088107796,78.81436826863234,0.9373218913411626,0.0
11.396230484986287,0.7910951866519295,1.9099557630109598,1.4676350020107327,Si1,Si1,combo_002,16.725506750747623,1.5109568108360836,hybrid,0.4755978,0.5244022,0.9511956,0.10587787,0.3200033498520039,285.00375,0.33722803,0.6295961924990244,0.0,0.08687466083379496,0.9999998219999998,0.7525384195751507,0.6023674225912856,0.28124705252357934,284.8687854380273,3.0254124324582796,1020.5167629612415,6.442376036279971,201.23994461214895,2.0211118921119438,85.57243028967105,0.9129615138894533,0.0
13.175794948777146,0.5692598138897584,2.78644299510598,1.5143356226843938,Si1,Si1,combo_002,19.95257564811833,1.5862100208084513,hybrid,0.53908306,0.46091694,0.9218339,0.13116984,0.396445346745712,283.2315,0.35950413,0.6077418985797889,0.0,0.13138352420325433,0.9999998219999998,0.7522093585958565,0.5836366660425707,0.3151439070939398,284.2916254610563,3.1523162356264365,1143.0307608304217,7.125520512509472,215.97064807397825,2.287808508248028,91.25000942239481,0.9333588874481308,0.0
12.219714839703359,0.9845558340994135,1.9125038498945366,1.1068844396307354,Si1,PU,combo_001,13.525812212792433,1.882966823151255,hybrid,0.53051883,0.46948117,0.93896234,0.10318786,0.3118731131186203,283.48087,0.63906044,0.6108168462424561,0.0,0.15056777223855547,0.9999998089999999,0.752160954101069,0.5875422251561401,0.2942671948797435,282.80590152754957,3.1032672002351642,1086.8487556330267,7.7151879938273655,201.84045923185022,2.358454868470322,87.82720809000072,0.9783283640169396,0.0
11.630823369740526,0.8865354158409997,2.5819457026204553,1.3552159365877592,Si1,PU,combo_001,15.762277186309705,2.2889863071515073,hybrid,0.52795345,0.47204655,0.9440931,0.08741668,0.2642065836346534,284.08276,0.6147493,0.6182390947739438,0.0,0.18037373023745018,0.9999998089999999,0.751864065019439,0.5952212969916534,0.281546421803598,282.8171762220537,3.0724043348364813,1037.9163150228728,7.562423584390644,200.07189141593483,2.4011702275124733,85.54403152321754,0.9923833923210997,0.0
12.889436879553935,0.8132682485333967,2.5542215610306043,2.360941725881381,Si1,PU,combo_001,30.43120935205319,2.077267295305598,hybrid,0.53172076,0.46827924,0.9365585,0.10781961,0.32587203114975044,283.7489,0.45261142,0.6141221045120934,0.0,0.14226689435234272,0.9999998089999999,0.7517721568192162,0.589999842959139,0.2940227607087635,283.9782366464595,3.130070030885288,1149.9143158553354,7.265057680137748,217.19967049737159,2.2638314368758743,90.38827336601675,1.0074578940641266,0.0
12.859302985115644,1.024629164231895,1.4127179495573992,2.151975685610374,Si1,PU,combo_001,27.672907357865768,1.4475120119503944,hybrid,0.45844626,0.54155374,0.9168925,0.14256714,0.43089234598900034,283.31927,0.2469677,0.6088242079027397,0.0,0.11011651536376953,0.9999998089999999,0.7517247448849798,0.5837926684428657,0.32165700095075445,284.4164661804083,3.1276824969086925,1128.5740808217306,8.142774572859498,214.35138549578443,2.4080520395516816,91.86500261376011,1.0080117751482547,0.0
11.70959362000718,0.933119717673369,1.4755250640086444,1.785367837626755,Si1,Si1,combo_002,20.905931840840264,1.376841531147726,hybrid,0.43793625,0.56206375,0.8758725,0.20552814,0.6211845217201287,283.85092,0.31944877,0.6153801573864413,0.0,0.07725004082443722,0.9999998219999998,0.751671187455757,0.5889680639263462,0.38484497913006144,282.93470899392884,3.061626992202774,1038.2837382258544,7.3088317139937065,208.90048841142914,2.3377219766042456,88.2375419816196,0.9756797603173104,0.0
12.229484548637199,0.976894841717225,1.3620539643899836,1.5965785520884381,Si1,Si1,combo_002,19.525332733451105,1.330583491953072,hybrid,0.44374952,0.55625045,0.88749903,0.1771251,0.5353396776053431,283.6253,0.39994404,0.6125979902012622,0.0,0.12373013426388445,0.9999998219999998,0.7516384474293454,0.5879471536061105,0.3634545723868362,282.0037337469272,3.0747688989515285,1061.7184841650721,6.86969614183845,211.53619807296081,2.1953742424290055,89.725184841905,0.9323446992910919,0.0
15.64788157853694,0.7986846963789336,2.4491054591477983,0.9309204258870891,Si1,PU,combo_001,14.566932583322345,1.956063050039448,hybrid,0.4644187,0.5355813,0.9288374,0.108082205,0.3266656956689629,281.59988,0.3337984,0.5876217080542103,0.0,0.17621092549940107,0.9999998089999999,0.7516250424722848,0.5664248372872637,0.29690759287047536,281.57873848755344,3.078603418406268,1352.2682521430834,6.8206904272196915,231.77098331530297,2.106964093887192,101.12916621417224,0.9347306999393947,0.0
14.196591932542102,0.9362666560702905,2.0647946413301006,1.681919666773012,Si1,PU,combo_001,23.877527172493643,1.933198374309988,hybrid,0.5347587,0.4652413,0.9304826,0.13840428,0.4183105846946442,283.14447,0.21578231,0.6066686210453467,0.0,0.0593821342391532,0.9999998089999999,0.7514549920216014,0.5802316000346883,0.3089910948966028,283.85730380540207,3.041641561278329,1242.0625854731138,7.021892115446273,226.44786164707017,2.159424197064728,95.99046922906288,1.0013610111650968,0.0
10.215963486831601,0.8866702333229295,2.8802358292620545,1.572302512072256,Si1,PU,combo_001,16.06258505358377,2.553819374756847,hybrid,0.5328127,0.4671873,0.9343746,0.13484833,0.407563135342578,285.0027,0.7576075,0.6295830211407826,0.0,0.04895196530175035,0.9999998089999999,0.7508287281334414,0.6019711170703494,0.31499532580256207,285.229242615292,3.0729751621480204,939.3186109669078,6.516433606021698,188.4912515884685,2.0460055967838593,80.3346958852244,0.8978959626235519,0.0
13.285625948279897,1.0546750323140748,1.2182049881525878,0.7281001565491101,Si1,PU,combo_001,9.673266332795512,1.2848103852449977,hybrid,0.5114274,0.4885726,0.9771452,0.090201,0.27262185953626483,282.40967,0.4028164,0.597607479224064,0.0,0.004990831311697936,0.9999998089999999,0.7504309932888396,0.5705988526427499,0.2537525043191478,284.11434788703843,3.1505430479774637,1125.699895468554,7.010108408535587,197.66321056675432,2.133123983057,87.24506721849329,0.9287313307942278,0.0
8.763802724744853,0.9298020062256699,2.8770465708888056,2.2784678146387476,Si1,PU,combo_001,19.968042442174507,2.6750836736170953,hybrid,0.5238525,0.47614747,0.95229495,0.11052233,0.3340406844434909,285.1412,0.8279705,0.6312911581424773,0.0,0.048258890107381026,0.9999998089999999,0.750374608710521,0.6036479303171279,0.29062990042098147,285.000994584009,3.1055580340468563,856.4547992303611,6.720598204203507,172.55589989170832,2.079972185479093,74.51701345339517,0.9549745856997884,0.0
14.402482339451524,0.941617392177317,2.0575892761002046,1.2448562947757855,Si1,PU,combo_001,17.92902080066331,1.9374618483334882,hybrid,0.4507486,0.54925144,0.9014972,0.17519993,0.5295210774507582,282.40097,0.39585733,0.597500226735524,0.0,0.05449189027395081,0.9999998089999999,0.7502666942822751,0.5719727385822004,0.3509468648006877,282.9990543648011,3.0553736765839536,1254.196405321218,7.068848380104037,223.45339016192125,2.161792377086019,96.64899586312262,1.0487393602241013,0.0
15.658233152930906,0.6263958044428595,2.709491894352934,1.4175523441904918,Si1,Si1,combo_002,22.196365111818483,1.6972143547946132,hybrid,0.47106537,0.5289346,0.94213074,0.10080172,0.30466129339236064,282.87402,0.39414212,0.6033336331385352,0.0,0.1292357878405892,0.9999998219999998,0.7502445304938454,0.5795787152914456,0.2834216593324626,282.0895253468133,3.139573175915171,1305.0566082886614,7.238948765008112,248.19744324750386,2.2411912550960196,101.35082711759237,0.988237402920864,0.0
15.197535363890886,0.8673180758016217,2.4938743470648177,1.9398208733779432,Si1,PU,combo_001,29.480496322774997,2.1629822999872834,hybrid,0.44539586,0.5546042,0.8907917,0.18012308,0.5444007165206433,282.5748,0.30605933,0.5996437712082388,0.0,0.08492337515339621,0.9999998089999999,0.7500088848916755,0.5746967890218168,0.35884165262097784,283.0882545479301,3.114094851746208,1301.9768986578285,7.386275948585876,244.7735842804051,2.3479053809039723,100.0952392054799,1.0148947061964668,0.0
13.557638601303802,0.9953677914101083,1.7025413535303726,1.801004294128308,Si1,PU,combo_001,24.417365339187857,1.6946548268479034,hybrid,0.5225474,0.47745258,0.95490515,0.06881511,0.207985546365906,283.34283,0.33447617,0.6091147304331006,0.0,0.18037995857363837,0.9999998089999999,0.7498648328525988,0.5863247037011624,0.2560090686282876,283.6773315037429,3.059290797818763,1200.78088778188,7.03715139825203,220.22904914865595,2.182356760036166,93.75940721429728,0.9592889503592136,0.0
15.678130453503506,1.0780949886631712,1.5176114162014154,1.4890231260435298,Si1,PU,combo_001,23.345098818394053,1.636129262544764,hybrid,0.44004554,0.55995446,0.8800911,0.1898608,0.5738318550839071,282.53345,0.34306806,0.5991338514820224,0.0,0.0962354290842072,0.9999998089999999,0.7494989936067258,0.5746333593890882,0.37161326634484726,281.7535801897937,3.219611179022845,1343.9374521434195,9.054905131448802,247.3155209835488,2.6758510444550807,104.52054251715442,1.1352104089578285,0.0
13.75535399725427,1.0576436252033206,1.4793109101427977,1.3635132216580421,Si1,PU,combo_001,18.755607043842996,1.5645837538062521,hybrid,0.46453866,0.5354613,0.9290773,0.11837727,0.35778130807802533,282.97467,0.50627744,0.6045747514094294,0.0,0.12022182441473492,0.9999998089999999,0.7492964674649414,0.5806511176361119,0.30300648282112413,282.88027370695215,3.0679725305995187,1201.1799596991,7.501363971912421,220.37140290543996,2.2309853326707927,96.62955965260338,1.0182185457160453,0.0
13.679628643157876,0.537814923000328,2.687581055089949,0.5125928496810431,Si1,Si1,combo_002,7.012079828774717,1.445421198200341,hybrid,0.4603564,0.5396436,0.9207128,0.12781309,0.3862999519995662,282.9329,0.48047704,0.6040595631399164,0.0,0.1248788184020577,0.9999998219999998,0.7491911638146006,0.5802706095480034,0.31314703471104116,285.41735371730897,3.3249792101469247,1182.1974580744236,7.8946621787571925,205.1502442516154,2.4410371786630507,92.88730490516467,1.0070661130705236,0.0
14.788793871285467,1.0689638284639327,1.5368327867373166,2.1971931325216723,Si1,PU,combo_001,32.49383633226702,1.6428186594196166,hybrid,0.5303011,0.4696989,0.9393978,0.11206503,0.338703319938429,283.32108,0.22394803,0.6088464110494901,0.0,0.09335750825595146,0.9999998089999999,0.7491502778570969,0.5832690643886159,0.28639561551325066,283.8490484705677,3.1820130001913283,1274.230987493606,8.95288211262945,240.1782628226422,2.6176074226854045,100.33676189379008,1.09651600155816,0.0
11.945750698165408,0.8189465644981414,1.7244343451314252,1.165493631475481,Si1,Si1,combo_002,13.922696361905563,1.412219582647983,hybrid,0.49286216,0.50713784,0.98572433,0.07117849,0.21512857207581745,284.3262,0.40618068,0.6212410354794995,0.0,0.02182988970837688,0.9999998219999998,0.7490585831560583,0.5928529265586477,0.23622606615578998,284.49867310036404,3.052777299211669,1059.1559824228414,6.601836190635029,203.45794032233368,2.0911901490840106,88.23415928286842,0.9099413559111472,0.0
13.191403938932432,0.9639734656401545,1.1585994281603262,0.7279406108044439,Si1,Si1,combo_002,9.602558640674623,1.116859106052411,hybrid,0.52515095,0.47484905,0.9496981,0.11961271,0.3615152806485112,282.8773,0.31917867,0.6033738998623028,0.0,0.01561805405491924,0.9999998219999998,0.7487889619955729,0.5760728632733461,0.2847102985829832,283.4743125111881,3.1588724653565685,1092.625844617057,7.648256261427511,197.78880722237005,2.3485495928377342,87.14324745399917,0.9987173752623285,0.0
15.515345541764226,0.887004995598296,2.4001437350421884,2.1771233165206594,Si1,PU,combo_001,33.77882054284976,2.128939483136374,hybrid,0.5823649,0.41763508,0.83527017,0.22465014,0.6789785212245416,282.93103,0.68975,0.6040366073441236,0.0,0.17361689817141562,0.9999998089999999,0.7484686716594229,0.582086735757185,0.42727145038453584,283.18455644575823,3.1851357770213182,1327.2399533408134,8.21184474037469,254.12500170464028,2.7730106424270033,101.58713183703698,1.057411987589191,0.0
13.72385481555456,1.0409577416132048,1.4851048288862805,1.303062659029499,Si1,PU,combo_001,17.88304274809132,1.5459313687363274,hybrid,0.52976567,0.47023433,0.94046867,0.11281068,0.34095694886219874,283.0061,0.45175445,0.604962365666258,0.0,0.07925970039534819,0.9999998089999999,0.7483280253460844,0.5796811313664865,0.28983348239720563,283.31681187218567,3.0679870093083847,1203.8287395924522,7.478566656760653,219.13552329625784,2.2320832679171145,96.4217930016841,1.0223579845132025,0.0
13.105402259925736,0.9877181937873818,1.2811596963890883,1.8762120227189762,Si1,Si1,combo_002,24.588513282641106,1.2654247412706208,hybrid,0.42178306,0.5782169,0.8435661,0.20158207,0.6092580037278025,283.42242,0.27249634,0.6100961847843717,0.0,0.21580420421301408,0.9999998219999998,0.7483256060674673,0.5881792759401028,0.4004719779110713,282.0345396008283,3.101093945312488,1114.6759975910973,6.9433447332075415,218.65562481026288,2.173691407725073,90.21329000464188,0.9561605309038538,0.0
11.391664512944615,0.975199758388738,2.242837128995066,0.6130538372223968,Si1,PU,combo_001,6.983703642010902,2.187214226301279,hybrid,0.4033379,0.5966621,0.8066758,0.24745744,0.7479108912344758,283.58478,0.4737236,0.6120982312371179,0.0,0.22352501063053798,0.9999998089999999,0.7481581722877964,0.5906134647488072,0.45436656584697604,283.19286055853996,3.128256326680895,1010.8869162133155,8.246065504653947,192.70399846159503,2.667135474550769,84.6040744701104,1.0250715745991381,0.0
8.148943684682159,1.1433786952239573,1.2415263338561815,1.7394351528999703,Si1,PU,combo_001,14.174559104138359,1.419534759690664,hybrid,0.59064037,0.40935963,0.81871927,0.25618604,0.7742920341348027,283.58286,2.1978896,0.6120745227922828,0.0,0.13594488580523734,0.9999998089999999,0.7481147270164514,0.5910546650727029,0.4865177985804982,283.45020404901607,3.2043555184787333,773.2390361977239,7.521419329003674,151.6637116221341,2.2383847966941115,69.95551088975336,0.9580450041977658,0.0
13.04476462684278,0.9922867897554368,1.7076761726773262,1.6539876986976554,Si1,PU,combo_001,21.57588022520427,1.694504507327835,hybrid,0.47230682,0.52769315,0.94461364,0.09408643,0.28436512197865915,283.29205,0.44622275,0.6084885264298356,0.0,0.12425475460807761,0.9999998089999999,0.7480423821125477,0.5842651358124819,0.27665992515296706,283.40454355442023,3.0801897864199903,1160.5513284793622,7.230463259014511,214.03049260795945,2.3050625012247044,91.67757297612162,0.9564309275896175,0.0
9.606196192393842,1.1066911128125436,1.6200409291939106,1.878923032995426,Si1,PU,combo_001,18.049303285361752,1.792884898731476,hybrid,0.54893184,0.45106816,0.9021363,0.13703491,0.4141718195749354,283.52765,0.73196465,0.6113937517334448,0.0,0.16841197868032404,0.9999998089999999,0.7478693945063812,0.5887748270249455,0.3346911370505522,284.7917409081298,3.0867265528654637,874.9342918635203,7.544818486765054,178.58989483666286,2.2822849912241843,78.33224711441804,0.9789558361881924,0.0
10.143880384473665,1.0618119904086802,1.2688721048979263,1.71543260988237,Si1,Si1,combo_002,17.401143202272237,1.347303615275719,hybrid,0.43923837,0.56076163,0.87847674,0.17013133,0.514201832231233,284.31604,0.8534793,0.6211157194139423,0.0,0.160982745411034,0.9999998219999998,0.7478492458174396,0.5977139649236464,0.37112830943161895,284.0811947797061,3.134796846819458,903.800935558382,7.699090222235535,186.17787006721488,2.418110277889063,78.58763586935652,1.0157257538180948,0.0
14.924793309036463,0.90243472349325,2.2125923410601747,1.1950074326129565,Si1,PU,combo_001,17.835238934510695,1.9967201575079214,hybrid,0.4489413,0.5510587,0.8978826,0.16400152,0.49567523207340525,282.10138,0.42490298,0.5938058489109733,0.0,0.09056571578260549,0.9999998089999999,0.7476385754352399,0.5697081875059898,0.345119279911271,282.56697035373526,3.0708559645441995,1288.719264311657,6.729681740578568,229.28025682019543,2.1234406830417947,99.04104300151498,0.9744369502414192,0.0
9.906317640000069,0.8669611218594093,2.047412074495223,1.5743782182087784,Si1,Si1,combo_002,15.596290715073499,1.7750266690128789,hybrid,0.46191573,0.53808427,0.92383146,0.12581344,0.3802562569227497,290.15155,2.5215297,0.6930757417074069,0.0,0.10509726207787747,0.9999998219999998,0.7476180729228926,0.6652304544460954,0.3507459265523324,287.31208605561403,3.0438115947827376,911.7546248369997,6.486082180944388,189.90512728051544,2.0137987662440415,79.8633564357812,0.9104605867596479,0.0
13.609418546633705,1.0219279051887251,1.1201932739874843,2.2199773094606203,Si1,Si1,combo_002,30.212600368479357,1.1447567658925293,hybrid,0.43308634,0.56691366,0.8661727,0.19165602,0.5792576875680678,283.50748,0.27360094,0.6111450012249363,0.0,0.1377149193569275,0.9999998219999998,0.747320035801529,0.586803488406018,0.3782815731999989,282.919204446705,3.1557785996560823,1121.5585657428749,7.775922768021848,217.87504901835354,2.4260797207967952,88.93402999049457,0.9864943277264918,0.0
10.162995113875377,0.9529852607081032,2.471722786335091,2.1958230208330276,Si1,PU,combo_001,22.31613863166113,2.3555153839337057,hybrid,0.4795857,0.5204143,0.9591714,0.07955791,0.24045438549131268,284.66718,0.60380363,0.6254457093547878,0.0,0.10215939989122444,0.9999998089999999,0.7473004801010963,0.5994853333311501,0.26127211264907446,284.18298150020416,3.0531329242308294,936.1474064777137,7.302022078909429,189.05028959075327,2.2019677529141872,79.86659206071603,0.9911518956951328,0.0
9.698504954886804,1.1660691009887896,1.3364157739675806,2.285889707919225,Si1,PU,combo_001,22.169712658579353,1.558353140097614,hybrid,0.463134,0.536866,0.926268,0.12930435,0.3908071197731072,282.8091,0.4511081,0.6025331908819579,0.0,0.0785797175898522,0.9999998089999999,0.74726941794095,0.5774247325502884,0.3071655286062991,283.1886989991511,3.1194812990923526,863.7872591115506,7.25031178950738,175.36312019895402,2.18088775912197,77.42628880058433,1.0109847142780002,0.0
12.435827338305334,0.8077778124901556,1.623019402775101,2.3032230005233503,Si1,Si1,combo_002,28.64248355612192,1.3110390628027497,hybrid,0.4524352,0.5475648,0.9048704,0.14921884,0.4509963220084196,283.67255,0.12092173,0.6131805405600688,0.0,0.1075269506632383,0.9999998219999998,0.7472570200265802,0.5874968814897988,0.32566915277321423,284.30464392150986,3.1314053160165747,1108.1650258236602,7.286586407249018,216.8919203402609,2.34782530117133,90.3539010175329,0.9749771884173132,0.0
14.294727764778525,1.0691769804534026,1.1771003821157238,0.8537533515427764,Si1,PU,combo_001,12.204171738571247,1.2585286322410358,hybrid,0.45897454,0.54102546,0.9179491,0.11787348,0.3562586746890173,282.26843,0.3870172,0.5958658493399832,0.0,0.1554286443269376,0.9999998089999999,0.7469356408212322,0.5734813688200088,0.3052606765100503,283.8401813544761,3.203645706040666,1192.5128433708926,7.696731979587514,206.53996974927801,2.498027314073834,90.04184173758732,0.9864421711885349,0.0
9.837856630413722,1.1163144509810334,1.627516297101284,0.6207635162774225,Si1,PU,combo_001,6.1069824745287775,1.8168199616613043,hybrid,0.5829719,0.41702813,0.83405626,0.26573512,0.8031530042876124,283.244,1.7592385,0.6078958153089568,0.0,0.020141810062238072,0.9999998089999999,0.7468045111018975,0.582949918434023,0.47007583615234816,285.47493643260947,3.2046405727986405,882.4827154984821,8.025021502638376,177.95102280434696,2.481684240579616,79.38478066683457,1.0075902676844137,0.0
14.024440081257179,0.901184445592417,1.5918536335230955,1.7149047080356081,Si1,Si1,combo_002,24.05057832291122,1.4345537341907852,hybrid,0.5346751,0.46532488,0.93064976,0.12582295,0.3802849905282687,283.63654,0.4537493,0.6127364776250611,0.0,0.06622989261289744,0.9999998219999998,0.7467236642942828,0.5864459959851164,0.3016855429796824,283.16165128413576,3.094266613139593,1193.3327670246103,6.980116768881571,231.0872475022757,2.1840676535539534,97.90168572095037,0.9408210048082767,0.0
8.549198209409493,0.9471529219006936,1.8376103008724525,2.1198410599713564,Si1,Si1,combo_002,18.122941394139843,1.740497965786156,hybrid,0.56961757,0.43038243,0.86076486,0.19588125,0.5920279287042685,286.8666,2.0893548,0.6525677939216816,0.0,0.1426391863334995,0.9999998219999998,0.7466457784725621,0.6283147646831878,0.421459885824269,285.51999113707575,3.2437614920981583,830.8584527412761,9.52365210073837,172.7413322743174,2.5939798738418767,74.95033456081715,1.0977270571448237,0.0
11.83409254147475,0.8165789761466108,2.8890727027364855,1.1244524552857895,Si1,PU,combo_001,13.30687441434053,2.359156029613681,hybrid,0.5436529,0.4563471,0.9126942,0.14261866,0.4310480388953937,283.75943,0.83790445,0.6142519364719049,0.0,0.0890359534751054,0.9999998089999999,0.7465623561222423,0.5892129640100643,0.33090676748733605,283.0950185884868,3.134090452128536,1055.6466894459988,6.937445345609662,199.1023717547238,2.1842583570380247,86.52107598812124,0.8991291683254963,0.0
10.026739435852374,0.9525261319995213,2.4246074606515133,2.457623622173717,Si1,PU,combo_001,24.641951690931563,2.3095019661115677,hybrid,0.4727022,0.5272978,0.9454044,0.105147906,0.31779712236994057,284.58337,0.54833436,0.6244123222195921,0.0,0.06943241353273176,0.9999998089999999,0.7465378527499902,0.5974533837810454,0.2822730783281736,284.20023783491285,3.0718205614855196,930.5870005818613,7.639605269883854,187.30267469944326,2.2552474397430085,79.2109616983337,1.000833380881224,0.0
12.281280194064136,1.0167577961346104,1.6471770831746821,1.4546376568103232,Si1,PU,combo_001,17.864812644124488,1.6747801409321257,hybrid,0.46167764,0.5383223,0.9233553,0.12529884,0.3787009491907887,283.41107,0.6219689,0.609956192062488,0.0,0.10036549454402809,0.9999998089999999,0.7464981142637706,0.5852137199467877,0.3097691871331229,283.4346951143408,3.0884270017409845,1093.575244228378,7.4292962509397995,206.60815487023953,2.31809111907328,89.03656002957038,0.9821563279441343,0.0
11.99851334701945,0.6246145457394765,2.641784034499125,0.6393085067693779,Si1,Si1,combo_002,7.670751651335455,1.6500967346504725,hybrid,0.5747772,0.4252228,0.8504456,0.18102874,0.547137975260816,284.99353,0.6501486,0.6294701237844248,0.0,0.23766415926110604,0.9999998219999998,0.7458880354413563,0.6073360068681577,0.38990622583141166,284.6795444525957,3.22513379565424,1059.7029622832306,8.488350754088566,197.00582038614172,2.7748531204974762,86.94636818054018,1.01390310085907,0.0
13.851949852822436,0.6596942042192315,2.457038439507974,1.8734566151185603,Si1,Si1,combo_002,25.95102708406076,1.6208940180872753,hybrid,0.5708965,0.4291035,0.858207,0.20408402,0.616819851012202,283.67236,0.4763063,0.6131782826129416,0.0,0.11940721025513851,0.9999998219999998,0.7458805448690662,0.5884882075241697,0.39292104170631725,284.4100761246065,3.143732778395193,1182.3937681766392,8.169343710062174,228.72234946421145,2.483060205874507,94.88347533544058,0.9972714643590599,0.0
13.95443114483081,0.8161881323630926,1.6694540689016404,2.2452129068656292,Si1,Si1,combo_002,31.330668914341853,1.3625885985627957,hybrid,0.5612437,0.4387563,0.8775126,0.20408563,0.6168247150081206,283.74307,0.27378607,0.6140502265285456,0.0,0.028738676801904593,0.9999998219999998,0.7458078647803457,0.5862073402415597,0.3750874678042685,285.44031759451696,3.143820768692273,1203.462953970262,6.956496337013166,233.55096595604553,2.109959613290999,96.6379627156736,0.9842481292765279,0.0
9.156842644834002,0.9520903683883863,1.8877263446362202,1.22109784118723,Si1,Si1,combo_002,11.181400785697965,1.7972860708811609,hybrid,0.43713492,0.5628651,0.87426984,0.17392264,0.5256606409863895,290.73618,2.7943501,0.7002849905598993,0.0,0.14912071086823117,0.9999998219999998,0.7455525606691632,0.6736726735515415,0.4139460564299885,287.57783049243847,3.1189173658266034,853.1981555904728,7.832310762093736,180.7203933823972,2.370765785174779,77.34661483363574,0.9967806196966724,0.0
14.331255563411945,0.9084075267374969,1.3024460887102416,0.7046759837814258,Si1,Si1,combo_002,10.098891612970345,1.183151830154197,hybrid,0.45028996,0.54971004,0.9005799,0.15024197,0.45408860741364854,282.66144,0.28890607,0.6007121565239054,0.0,0.10610064889337928,0.9999998219999998,0.7449862020306223,0.5762842762693023,0.3300503074347112,283.82359960140303,3.2028611788017156,1205.1631437895296,7.455267610534438,214.3594023770619,2.3941039494349385,96.63049236726977,0.9305685010565277,0.0
11.29148183022507,1.0953305787131495,1.5395203717745223,1.0923893872633883,Si1,PU,combo_001,12.334694917815247,1.6862837397564707,hybrid,0.58438027,0.41561973,0.83123946,0.2409781,0.728327858185335,283.6385,0.69472545,0.6127605623944175,0.0,0.10618395532011873,0.9999998089999999,0.7448751195028189,0.5880987041530557,0.4345328206364104,283.6545934519895,3.111095280725803,993.8080930228523,7.270471041165223,195.80223065320592,2.235826354304909,85.79144023745724,0.9703786256243887,0.0
9.222739399263023,1.0871377920852203,1.745319728677455,1.9373763633574999,Si1,PU,combo_001,17.86791731753813,1.8974030363171843,hybrid,0.43841434,0.56158566,0.8768287,0.161688,0.48868287764447127,283.3383,0.6536426,0.6090586580794428,0.0,0.17477717548544444,0.9999998089999999,0.744799575190568,0.5866771113774527,0.3600869573460706,284.95737667186035,3.0752971736896746,853.877151831948,7.609053831105718,173.80502181590344,2.309649129965604,76.76595584426066,1.0779138276109472,0.0
9.698464240284732,0.833249127905402,2.5113298451258528,0.7049488724097588,Si1,Si1,combo_002,6.83692143029509,2.092563403333925,hybrid,0.39336628,0.6066337,0.78673255,0.29809797,0.9009658905080291,290.2558,2.4372745,0.6943612662718018,0.04422481854756687,0.1099516207918279,0.9999998219999998,0.7447695749383971,0.6664077477394817,0.5319605513293941,288.29780770090247,3.1545987409388307,894.739956632571,8.241025647176247,185.33875757070396,2.5097079124344557,78.93827242950267,1.1196198456715272,0.0
9.320668350155058,1.0843877638294581,1.8258462377984404,1.6159694445990036,Si1,PU,combo_001,15.06191525709158,1.9799253189026798,hybrid,0.4515857,0.5484143,0.9031714,0.10805789,0.3265921952861935,283.5199,0.8941085,0.6112981653050619,0.0,0.24166506058806483,0.9999998089999999,0.744688113600771,0.5911751085133145,0.3184168971968917,285.22439648188595,3.0798039579524725,858.6836829127778,7.580294832622165,175.4241239060504,2.3285030941537355,77.17862443033367,0.9893250685060969,0.0
10.868613921428981,0.7097602760267906,2.308087508474623,1.8198092194104754,Si1,Si1,combo_002,19.778803816429498,1.6381888271089358,hybrid,0.55221623,0.44778377,0.89556754,0.15469368,0.46754336590138895,285.43887,0.65609527,0.6349618275221928,0.0,0.11132333826318822,0.9999998219999998,0.7446879306924525,0.608608808606068,0.34322134357877404,285.547741052614,3.0433713078505167,991.6471231006892,6.689808502086775,198.7162632109252,2.0983941374762476,82.83195603616235,0.9265338110402368,0.0
12.759249364253112,0.6021166885272242,2.4977081836411585,2.0824545393152274,Si1,Si1,combo_002,26.57055675684382,1.5039117804413624,hybrid,0.45638666,0.5436133,0.9127733,0.1383522,0.41815318038227944,283.53674,0.19884144,0.6115058964407604,0.0,0.08796307147878964,0.9999998219999998,0.7445383646129725,0.5855089567442012,0.3128688872228937,284.686615132904,3.094627699521797,1122.412979194713,7.764669059092838,217.1691121345895,2.395662226143143,90.21061865162979,1.0184690931555376,0.0
13.756189277065548,0.6287165886692319,2.5386304381085347,2.2042023894822176,Si1,Si1,combo_002,30.32142527467754,1.5960790689394755,hybrid,0.54541105,0.45458895,0.9091779,0.15680583,0.4739270903225127,283.74493,0.32316947,0.6140731823243383,0.0,0.038525263552614854,0.9999998219999998,0.7444618602877866,0.5866105725798263,0.3275739668857657,284.8224872787138,3.1788253423089103,1181.1482134493194,8.258748220650398,231.16031484700247,2.515723354016935,94.37396321522402,1.0303050594169425,0.0
12.463582172171314,0.9657213970939913,1.2564307743090066,2.373438290916271,Si1,Si1,combo_002,29.581543169412786,1.213362082717579,hybrid,0.48314443,0.5168556,0.96628886,0.07684436,0.23225299029912044,283.5839,0.17667614,0.6120873178260033,0.0,0.05545127866587867,0.9999998219999998,0.7443498374301827,0.5850287812866165,0.24246354271627402,282.58938349774803,3.1901176875722013,1078.1157015416309,7.745954881058731,214.17545452903113,2.5235330723754514,86.45868904511205,1.023920204782722,0.0
12.78815478967724,0.9537352958949157,1.9309966890061878,0.8330263561816906,Si1,PU,combo_001,10.652869986732265,1.841659698561419,hybrid,0.5490733,0.45092672,0.90185344,0.14708276,0.4445402681665068,282.918,0.41545984,0.6038759167735742,0.0,0.10624373197969429,0.9999998089999999,0.744329886823941,0.5794260644383844,0.32937627512379264,283.0334425325767,3.1411281884720195,1136.000386124757,8.224235589342413,202.39449888916957,2.585241550559003,89.78871039233988,1.011962893680849,0.0
11.779501207502488,1.0204613887296632,1.6250669047948243,2.157586051114734,Si1,PU,combo_001,25.415287494396534,1.6583180304455418,hybrid,0.46280652,0.5371935,0.92561305,0.10900924,0.3294675599845541,283.66736,0.34645364,0.613116565391466,0.0,0.128892769173215,0.9999998089999999,0.7440937028820043,0.588483244731343,0.2910551614072153,283.80708971372087,3.1016353750353747,1054.47259590984,7.918430805763896,205.3822175200298,2.39991436575727,86.98118131935671,1.0187919903832026,0.0
13.069712345457768,0.8143835260701292,2.7558986747304965,1.8162131317092585,Si1,PU,combo_001,23.737383189483012,2.244358480219018,hybrid,0.5570787,0.44292128,0.88584256,0.15513496,0.46887709159705976,283.5974,0.4672237,0.6122540295888919,0.0,0.14792089249810775,0.9999998089999999,0.7437678167441053,0.5884770252136844,0.34522819604822813,282.9558299741468,3.1183901062395645,1148.7415732589795,6.913333804316752,215.46282705587777,2.2377264784021422,90.76198563921659,0.9079048388598059,0.0
15.508127843623104,0.6275751302283822,2.727189504367159,1.617631398408191,Si1,Si1,combo_002,25.086434530373044,1.7115163083606968,hybrid,0.53472406,0.46527594,0.9305519,0.11378963,0.34391572208316296,283.20148,0.4349678,0.6073715952509351,0.0,0.08189760395797296,0.9999998219999998,0.7432076734860685,0.5819466713314656,0.290913706611241,282.77329048994625,3.1547633489485922,1294.0529088988055,7.429172030274734,249.9535327085846,2.3189538289892573,100.7931508740157,1.001389937335786,0.0
11.985840425560804,1.0117356218715432,1.754350601689542,1.3667248685896638,Si1,PU,combo_001,16.38134618056127,1.7749389969810847,hybrid,0.4606102,0.5393898,0.9212204,0.115983576,0.35054665459314793,283.5635,0.645775,0.6118359330458465,0.0,0.11755505400688188,0.9999998089999999,0.7431964043208297,0.5875014387666595,0.30299143847516613,283.3143323384853,3.0811412011994506,1068.6217068977144,7.119566322196884,202.75237225700008,2.204047772426197,87.45049053422248,0.9479290509784125,0.0
12.811422310917088,0.9309534440473202,2.201070150144467,1.3416600405326566,Si1,PU,combo_001,17.188573376946003,2.049093836866744,hybrid,0.5156897,0.48431033,0.96862066,0.05741739,0.17353727482738895,283.5036,0.5657556,0.6110972080107449,0.0,0.10428015384832033,0.9999998089999999,0.743155577354121,0.5862801369685271,0.2373735966540751,282.19172125384137,3.1081801853087074,1129.1838273840192,7.403578464087309,209.04533458688567,2.4320609999215,90.3495807968618,0.9637202255217373,0.0
11.061604088721671,1.175888660129917,1.3241280107493825,1.655236533655737,Si1,PU,combo_001,18.309571208487785,1.5570271124005837,hybrid,0.45301992,0.5469801,0.90603983,0.15772608,0.4767084402849473,282.97107,0.5199207,0.6045303451159286,0.0,0.039597124042552605,0.9999998089999999,0.74314860783953,0.5782159771868346,0.33282257480998906,282.38937328933065,3.152325612177122,948.3372510081894,7.449954376857819,193.03885562562886,2.3576858178415647,82.9645743070509,0.979791926556659,0.0
13.289812343471613,0.6447366251949671,2.4465259490941627,1.9717773512275445,Si1,Si1,combo_002,26.204550980921585,1.5773648838708842,hybrid,0.44891936,0.55108064,0.8978387,0.14925607,0.4511088244325361,283.52826,0.23894928,0.6114012782238687,0.0,0.10750495485607114,0.9999998219999998,0.7430872620940648,0.58607085427213,0.32817335931883346,284.25173733089355,3.125405342392251,1148.67144820215,8.108532479504182,222.88758030911853,2.5056851839052627,92.52326802233931,0.9994965538101187,0.0
10.855449662280478,0.6588618975224488,2.452303134192759,2.2382076935427877,Si1,Si1,combo_002,24.29675095098262,1.6157290962944895,hybrid,0.43122703,0.568773,0.86245406,0.20328212,0.614396184897779,284.41553,0.37230408,0.6223425373530311,0.0,0.07974701378893964,0.9999998219999998,0.7429873184223599,0.5955431011831217,0.38394888967032015,285.11595605807383,3.0678115079186608,999.80254606967,6.591167993986204,199.15617956697227,2.034316655799885,82.7727325332322,0.9307111543079941,0.0
8.681524128049894,0.894397693184997,2.3896151191412747,0.6869122541833275,Si1,Si1,combo_002,5.963445308545699,2.1372662501599478,hybrid,0.59161747,0.40838253,0.81676507,0.26481012,0.8003572875224183,292.58853,2.8264606,0.7231271363472662,0.0,0.07207546915656006,0.9999998219999998,0.7427184284514314,0.6924336455862045,0.4992045733465958,288.1319412583412,3.289396937663849,837.0275754882034,7.77852411687649,174.89779253317056,2.386299783849801,74.77331174411704,1.0823931549133199,0.0
11.280478785853171,0.8773376329705848,2.6522395256684987,1.6123777477882641,Si1,PU,combo_001,18.188392978707228,2.3269095475210273,hybrid,0.46683908,0.5331609,0.93367815,0.10249185,0.309769502439339,284.13434,0.6772457,0.6188750832147597,0.0,0.10139596899930269,0.9999998089999999,0.7424319221789148,0.5935490927549597,0.2869536702733496,283.33305751584317,3.060147098043562,1015.8189033398921,7.123486442331219,198.8903357329192,2.2547076005780946,83.92438773455143,0.9326421046539385,0.0
11.473130077424347,0.7287363108372207,2.122025592021399,1.5254603763165016,Si1,Si1,combo_002,17.501805325435917,1.5463971014318434,hybrid,0.53364146,0.46635854,0.9327171,0.1136111,0.34337613379519677,284.6833,0.34077838,0.6256444087019777,0.0,0.06309247271597164,0.9999998219999998,0.7420173758016938,0.5980246795457139,0.28593444175056026,284.9062275179051,3.0287665093178915,1028.496960533951,6.523467935843971,202.55654311857896,2.020006393275635,85.43727638488919,0.9030999334243535,0.0
13.696309281399678,0.9934342189667035,1.6969297631180087,0.9705145059525093,Si1,PU,combo_001,13.292466835610377,1.685788093864492,hybrid,0.5221157,0.4778843,0.9557686,0.089971185,0.27192727641539355,282.62592,0.3600753,0.6002741147812369,0.0,0.0393247690813998,0.9999998089999999,0.7419852881330806,0.5740055657910066,0.2577657110889081,283.07178824813525,3.088970816463307,1211.4212829616667,7.643480998679309,213.25336579841888,2.3367965614212984,94.51169766854134,0.9969078072564146,0.0
13.003408296525864,0.6394494323010129,2.382225467151816,2.087683539789002,Si1,Si1,combo_002,27.147001461812792,1.523312722583244,hybrid,0.44381085,0.5561892,0.8876217,0.16141662,0.4878626638142033,283.54156,0.18610755,0.6115653557151088,0.0,0.10258378222666088,0.9999998219999998,0.7418937511657783,0.5859794562185288,0.33919402859697356,284.49254410478443,3.115806568898649,1134.4217938839238,8.16825075172568,220.7138434484911,2.5268706477137988,91.3551010294104,0.9851703989120136,0.0
11.469015828965848,0.7908691479958183,1.856645700787488,1.8607980404966435,Si1,Si1,combo_002,21.34152218096464,1.4683638035118995,hybrid,0.4581417,0.5418583,0.9162834,0.13849875,0.4185961192698638,284.12848,0.3554076,0.6188028289066907,0.0,0.048429833681100154,0.9999998219999998,0.7416528643798345,0.591316768543969,0.31036795925605754,284.4686894835092,3.029319504156316,1029.6835664183875,6.5010426215935935,204.05945207512985,2.0213361710001743,86.07680219526611,0.904858090780785,0.0
14.03337333193451,0.6747314591058344,2.441962981606064,1.9874851926358506,Si1,Si1,combo_002,27.891121699950666,1.6476692456614936,hybrid,0.43865895,0.56134105,0.8773179,0.19408698,0.5866049785880595,283.60526,0.42760605,0.6123507449908384,0.0,0.032541254600258335,0.9999998219999998,0.741643921161828,0.5850336033403305,0.3682975491546254,284.32219009158166,3.1536066113643333,1192.8984245216616,8.43803707949204,233.01903088559268,2.510535068911192,95.74574251880803,1.011990339484653,0.0
15.086416030762287,0.9603371468134194,2.103777807479105,2.356007988129605,Si1,PU,combo_001,35.54371668072248,2.020335977163875,hybrid,0.43184584,0.56815416,0.8636917,0.19172618,0.5794697217605179,283.0235,0.6561416,0.605176870643338,0.0,0.10382791344667291,0.9999998089999999,0.7415550773868318,0.5809818682846624,0.3812722209260785,283.60950806831175,3.1864666858370856,1300.0817469525819,8.602356118688583,248.99848021490322,2.8016726276546704,100.27854245449433,1.1335355933096074,0.0
12.516780444314573,0.5963532772422679,2.4010640540322914,2.3707534745531786,Si1,Si1,combo_002,29.674200728578054,1.431882417490763,hybrid,0.5486326,0.45136738,0.90273476,0.14854369,0.448955740609583,283.73956,0.22678359,0.6140069492086083,0.0,0.07467967895139922,0.9999998219999998,0.7414921942515287,0.5874615073621052,0.3222415859752401,285.1999098609066,3.114832050506924,1113.9235409391686,8.040264519678258,216.67725159598388,2.459104462083774,89.21331818584017,0.9864426031280736,0.0
15.823657900763681,1.080630401401094,1.6411211607669367,2.2708547776435086,Si1,PU,combo_001,35.933229143745656,1.773445418707404,hybrid,0.41506657,0.5849334,0.83013314,0.23202723,0.7012748983672557,282.9355,0.65806305,0.6040915507242177,0.0,0.11555975441743548,0.9999998089999999,0.7413543162181153,0.5803387732629817,0.4257039897565681,282.55215489226657,3.4454012820878246,1347.4194136520289,10.861713784838216,259.5843192705042,3.3104436623963522,103.83378437873961,1.2125409514897822,0.0
12.028518743948684,0.7681067278055649,2.640056054388178,2.2360282701350473,Si1,PU,combo_001,26.89610795931857,2.027844817159374,hybrid,0.44703332,0.5529667,0.89406663,0.17382325,0.5253602442014188,283.80792,0.472029,0.6148499161360804,0.0,0.022390377544209385,0.9999998089999999,0.7411284518956176,0.5871079384600232,0.3462682080513275,284.98352832370415,3.0643158013250402,1097.6116438895162,7.094918054573924,206.5266848717406,2.1207462353320765,86.38821102053608,0.9653840452600888,0.0
12.311564605413105,0.7703953789595936,1.683953772473289,0.5080421587876763,Si1,Si1,combo_002,6.254793860188021,1.2973102046949967,hybrid,0.5658249,0.43417507,0.86835015,0.19600864,0.5924129500108224,283.75018,0.7201505,0.6141379101419835,0.0,0.06283000469726263,0.9999998219999998,0.7410411247123175,0.5881108179282599,0.3809911867034114,286.1587709480903,3.2019979557576663,1094.0064276050575,7.410675631994663,197.40263574706924,2.3501783077992564,89.65847500746261,0.9739681404349514,0.0
9.824421648587299,0.9330618534951917,1.7538958649379968,0.5223100140211909,Si1,Si1,combo_002,5.131393809023724,1.6364933265765995,hybrid,0.39981356,0.60018647,0.7996271,0.27297553,0.8250363020732422,286.71222,1.8283567,0.6506639681689667,0.0012431144714356948,0.10855341022622227,0.9999998219999998,0.7408741448992303,0.6250728557332941,0.49244209705524467,289.09048352960065,3.180244034699303,891.9226506315882,7.447814620085703,183.36183734426368,2.3434919120873663,79.98193257882636,0.9913094357517571,0.0
15.649666483986426,1.0653978430618831,1.5773407145667502,1.7024747629217483,Si1,PU,combo_001,26.64316223712922,1.6804953950731052,hybrid,0.5528409,0.4471591,0.8943182,0.16793437,0.5075618022474003,283.01126,0.37094355,0.6050259645103397,0.0,0.037215153422426796,0.9999998089999999,0.7404985713946632,0.5783334594564343,0.34014862393285683,282.36629927367034,3.2375205096888693,1344.5832400122408,9.422127431946741,249.73240807145316,2.725231773829514,103.8441320276033,1.122741104807628,0.0
11.280690136060155,1.220437162831111,1.165535226484294,1.836843464375941,Si1,PU,combo_001,20.72086195007224,1.4224625049902082,hybrid,0.44123197,0.55876803,0.88246393,0.15131696,0.4573376215762535,282.76788,0.68098867,0.6020247764538263,0.0,0.14904340773407942,0.9999998089999999,0.740169731079231,0.5794829426824085,0.34582789927856883,281.46552883379087,3.217729727833055,934.6489370214513,7.699757682881644,190.05137485127918,2.3800518098650283,79.87484878548183,0.9331718631377812,0.0
14.172541529695474,0.9861526505350683,1.8684075867276435,1.5661914521832752,Si1,PU,combo_001,22.19691339952153,1.842535093931296,hybrid,0.43985835,0.5601417,0.8797167,0.17250605,0.5213791536160702,282.91373,0.20612301,0.6038232313406072,0.0,0.08638084646102026,0.9999998089999999,0.7401518865445684,0.5784064894181113,0.34891291054553475,283.239951822855,3.048475797367268,1242.0664805393087,6.815168568072708,224.59283429936247,2.1103108922474108,95.42483065385736,0.9636966270391076,0.0
8.574813404720876,0.889622648967695,2.4543161323696197,0.6147862334930466,Si1,Si1,combo_002,5.2716772359940345,2.1834152190828093,hybrid,0.5959846,0.40401542,0.80803084,0.27436438,0.8292339305509655,292.0096,2.7496326,0.7159882601802369,0.0,0.05852720570069285,0.9999998219999998,0.7401256519417689,0.6853217241721374,0.5056725721264264,287.9972926430219,3.3445996461650362,831.428124599518,8.472768289703128,173.46224824120839,2.5635886904846594,74.58541106787477,1.2019126275661292,0.0
12.288615440171128,0.8200031488916593,1.6364462834951168,2.1349100536106707,Si1,Si1,combo_002,26.235088648176657,1.3418911054580487,hybrid,0.43355638,0.5664436,0.86711276,0.18421552,0.5567696329565628,283.6329,0.1516965,0.6126916950070391,0.0,0.10107368394495721,0.9999998219999998,0.7398344596859939,0.5869087066513289,0.362365367435757,283.96432971359053,3.1012806602907523,1093.5963497579448,7.116339595162558,214.71012051496479,2.3010029677762875,89.76141622982365,0.9603132952947792,0.0
8.235499662922832,0.9981713667322765,1.6093498165181868,1.7820423595403445,Si1,Si1,combo_002,14.676009251308715,1.606406905904297,hybrid,0.58992434,0.41007566,0.8201513,0.22828893,0.6899763312554162,286.66156,2.285824,0.6500392694637864,0.0,0.16288120739424744,0.9999998219999998,0.7397538324440287,0.626947936763124,0.46288659261901843,284.9833175689792,3.3153154056021847,808.6631138320682,9.776446763277038,167.39430898850603,2.7200492327343047,73.48378840554905,1.0979991232847275,0.0
11.789738460133256,0.8232153435925647,1.6315616664486126,0.7792219267450718,Si1,Si1,combo_002,9.186822718725512,1.3431265978379519,hybrid,0.5365807,0.46341932,0.92683864,0.12694965,0.38369032811525655,284.39856,0.5145175,0.6221333009192479,0.0,0.023839119966045024,0.9999998219999998,0.7395620423140224,0.5939282718658905,0.29778954758259324,285.81740655943975,3.0865531437135765,1052.395951181266,6.7988903836457055,198.32836269085195,2.0781123731954283,87.78034122874111,0.9557533518563845,0.0
12.178316043700649,1.098937080252413,1.3623207768383925,2.0540852676874897,Si1,PU,combo_001,25.0152995706077,1.4971048168659822,hybrid,0.47217456,0.5278255,0.9443491,0.070174396,0.21209382143712524,283.4038,0.49978164,0.609866626826444,0.0,0.14292840496590342,0.9999998089999999,0.7394251615850886,0.5861891972797901,0.2552860127535324,282.77772404035505,3.1551869721474914,1051.6745855956078,7.976515564287198,207.45704023685295,2.5243729485180353,88.35814676785296,0.9829434609543847,0.0
11.56870489935769,0.8605540122443681,2.499376941649749,1.8574000000567352,Si1,PU,combo_001,21.487712480723328,2.1508488552477494,hybrid,0.47610015,0.52389985,0.9522003,0.09500698,0.2871473726810787,284.02756,0.5608631,0.6175583237151058,0.0,0.017583735006511367,0.9999998089999999,0.7393732032814857,0.5896147014251361,0.26403035810486036,283.81034586909493,3.042319513644628,1047.2879709299175,7.280280203187285,201.76345677265857,2.25615518105171,85.1726970689709,1.0038288017193582,0.0
13.689243903557905,0.8384733622197265,2.6625246475665607,1.8913288040931189,Si1,PU,combo_001,25.890861301055192,2.2324559932380263,hybrid,0.55257934,0.44742066,0.8948413,0.16414782,0.4961174053320024,283.50824,0.430382,0.6111544093379662,0.0,0.03923085294734271,0.9999998089999999,0.7393501093971526,0.5841386379069645,0.33768838588048083,283.27085931532343,3.0894524111290256,1190.2807866559078,6.9324118585235075,222.69285212910373,2.1776965949696336,93.46755966708784,0.9479735980451023,0.0
13.655371656752825,0.9441956363631482,1.4121520281532174,1.1934887824274614,Si1,Si1,combo_002,16.297532892212395,1.3333477828636375,hybrid,0.5194294,0.4805706,0.9611412,0.07356488,0.22234115743106433,283.3317,0.35717475,0.6089773719828652,0.0,0.051303201325137056,0.9999998219999998,0.7392713383626014,0.5823667166795405,0.24214668164773248,282.4201616795769,3.1046763952455882,1164.5702143974352,7.11323651852617,220.3438301603255,2.1971425322064317,97.11557775304719,0.9563497341179679,0.0
14.312629601241628,0.8045739458644959,1.860421167868829,2.1676882788884884,Si1,Si1,combo_002,31.025319426683897,1.4968464000020574,hybrid,0.4357695,0.5642305,0.871539,0.19410601,0.5866624908360966,283.73676,0.39444426,0.6139723273526586,0.0,0.039391609738476926,0.9999998219999998,0.7390874955313537,0.5866715301774773,0.3686517698303042,284.9063655270884,3.155972142873247,1213.9958044021794,7.995546841743105,238.28451480607188,2.3517372808470305,97.26800405161305,1.0282000427343616,0.0
13.384778408110531,0.8223830923615231,1.749935071553514,1.893687448132723,Si1,Si1,combo_002,25.346586867476802,1.439117015576062,hybrid,0.43795595,0.562044,0.8759119,0.1707635,0.5161124818872448,283.52997,0.24240187,0.6114223523970554,0.0,0.10120310979555583,0.9999998219999998,0.7389878224000388,0.5859073756130083,0.35005156129146,283.66740818695297,3.0944208800173425,1154.1936123790606,6.947293302865859,223.59957435966027,2.1956057468777432,94.02560076568392,0.9241368010720721,0.0
14.720461591226897,0.9209430520554013,1.7583303847460048,0.6467903513455254,Si1,PU,combo_001,9.521052524557957,1.6193221510497335,hybrid,0.5599821,0.44001788,0.88003576,0.15354067,0.46405853801073194,281.90677,0.43200165,0.5914060274393261,0.0,0.14133885102604815,0.9999998089999999,0.7387507805794182,0.569036269559443,0.3418178510266129,283.7934380184038,3.1537968415745357,1306.7949505919412,8.71583810761028,218.1456825062625,2.514315792736152,97.99819405873619,1.044939557978906,0.0
14.670468869033577,0.5417280064639686,2.527655949338418,0.5415078403684825,Si1,Si1,combo_002,7.944173914463427,1.3693020184618911,hybrid,0.44196686,0.5580331,0.8839337,0.1642997,0.4965764224283175,282.5302,0.5924936,0.599093961082776,0.0,0.08351922026864758,0.9999998219999998,0.7385757383108427,0.5746622475387569,0.34788229095988504,285.3427746350325,3.1940518206012984,1257.5393775791329,6.896820819549601,213.85905845834878,2.0583438555244045,97.03290048810653,0.9351967575473197,0.0
8.924526109392891,0.9216271822743828,2.0878016911312183,1.5733951204683365,Si1,Si1,combo_002,14.041805833011043,1.924174789744956,hybrid,0.44991317,0.55008686,0.89982635,0.15019384,0.453943137906084,290.5262,3.0296736,0.6976958778540923,0.0,0.05941779358383204,0.9999998219999998,0.738563911809875,0.6690213988890386,0.380310452455223,286.85087872337493,3.1256915733951236,849.6730566136631,6.989852069309478,179.62842969234018,2.1698929596191285,76.27733464431255,0.9351607248506156,0.0
15.484959072135723,0.9939863409399297,1.4260674358009704,1.6972814655906665,Si1,Si1,combo_002,26.28233402856601,1.4174915524453946,hybrid,0.4201303,0.5798697,0.8402606,0.22406963,0.6772239698079163,283.37802,0.4514311,0.609548632606036,0.0,0.07132896865921602,0.9999998219999998,0.7381331041803992,0.5836619956732514,0.40633057008407397,282.3262310084199,3.2068928362386835,1280.131502939721,7.657168322524266,251.90207206148023,2.4729325658964996,104.94218894190153,1.073397235042847,0.0
10.222653751627668,0.8085508016515193,2.0282777776669585,1.9910366804935997,Si1,Si1,combo_002,20.353678591476196,1.6399656231045812,hybrid,0.58247274,0.41752726,0.8350545,0.21268843,0.6428256555608128,286.66544,1.1262777,0.650087062677978,0.0,0.13486009961409437,0.9999998219999998,0.737975952653426,0.6240728884139071,0.41793286644208355,286.63484576881655,3.052709483317703,944.5069415147722,6.7625379022158425,192.46582540255636,2.0851365033963574,80.92263859846061,0.9136029336973328,0.0
12.749095668075446,0.9816203714312807,1.4842872300570393,2.1364230104902413,Si1,PU,combo_001,27.23746134821784,1.4570065820792977,hybrid,0.5526538,0.4473462,0.8946924,0.144439,0.4365498037602832,283.37497,0.22508003,0.6095110001539167,0.0,0.0986818657339047,0.9999998089999999,0.7379064007895453,0.5840422460931942,0.3214642101878771,285.2930362873877,3.1251740250984326,1137.2698367554908,8.448873376838208,213.47396543023433,2.457749350811959,91.53216881850331,1.0369189546135102,0.0
13.38652097310078,1.0366155117598783,1.165345812723795,1.9307114419896707,Si1,Si1,combo_002,25.845509211200376,1.2080155460339081,hybrid,0.41400275,0.5859972,0.8280055,0.20381749,0.616014274206689,283.44183,0.3117403,0.6103355271798504,0.0,0.19721147428433863,0.9999998219999998,0.737709875484176,0.5879120304034738,0.40086841225894093,281.7365314024165,3.1237886587874617,1107.2334148953444,7.289661210455493,216.35281811589974,2.308300989267208,88.4536833260348,0.9206384312653766,0.0
9.483689579272582,1.0779386918179235,2.2792849583679953,0.7067319395059015,Si1,PU,combo_001,6.702426330031219,2.4569294463034668,hybrid,0.41541496,0.5845851,0.8308299,0.25161174,0.7604667562542655,284.11743,1.3967868,0.6186665994300189,0.0,0.013062039486340351,0.9999998089999999,0.7375792163541874,0.5919969839697926,0.44649428514043565,284.2478267447755,3.129360666690741,863.1442474675729,7.6029732914608665,178.13395582308098,2.2900384186850347,77.50933399564883,1.0246124746046286,0.0
12.417451982005971,0.9153144987760458,2.1553113976786302,0.6335855937722821,Si1,PU,combo_001,7.8675186871580545,1.972787771672514,hybrid,0.5788479,0.4211521,0.8423042,0.2011744,0.6080258364654314,283.21994,0.562899,0.6075992715862568,0.0,0.13797635456782215,0.9999998089999999,0.7374668887806142,0.5840678012534997,0.3944392873643424,283.27399836739613,3.1771295180936234,1103.0691442180541,8.392166275633745,197.6491189524377,2.772916415757794,88.47755589038924,1.0298695337850234,0.0
11.481065538299667,0.573209231092679,2.686567815073192,2.0414538164883256,Si1,Si1,combo_002,23.438065060514447,1.539965471556443,hybrid,0.55948246,0.44051754,0.8810351,0.16369162,0.49473859760008637,284.1376,0.5594079,0.6189153499385274,0.0,0.08829454610182226,0.9999998219999998,0.7371841986291171,0.5929818818474284,0.3472634803194699,285.105422760429,3.0657807218201425,1047.406238344171,6.921196442427652,203.58695807193467,2.1474184931797113,84.44258726210047,0.9364632052112851,0.0
12.006550072129418,0.816682629282944,2.200107662920552,2.4270238333188283,Si1,PU,combo_001,29.140183180993994,1.7967897108595092,hybrid,0.5467473,0.45325267,0.90650535,0.1335012,0.40349161046274346,283.85236,0.37625867,0.6153978446389373,0.0,0.07676965442850277,0.9999998089999999,0.7371825637746792,0.5890717510988989,0.30976837905548593,285.91003581886145,3.082707094110768,1106.23638990988,7.377042920026858,206.5444432646579,2.1860389277814147,86.82280178968286,1.0116751545028275,0.0
15.260000801439135,0.7938230786405147,1.862212388048718,0.9254603265055958,Si1,Si1,combo_002,14.122525324175516,1.4782671709633382,hybrid,0.42443508,0.5755649,0.84887016,0.16069548,0.48568309823569356,282.66254,0.30432054,0.6007257042066684,0.0,0.24852326265771477,0.9999998219999998,0.7371169373222729,0.5805970476433067,0.3627941107046214,282.6887048677445,3.1249575805646854,1276.0731588315844,7.564723630801895,234.47804895357936,2.3706426052300182,101.08503342974446,1.0214218823567562,0.0
12.415889529850716,1.0307449354277587,1.180549962757102,2.0903610414965947,Si1,Si1,combo_002,25.95369176872541,1.216845895131312,hybrid,0.42153588,0.57846415,0.84307176,0.18493545,0.5589455505381336,283.46085,0.23193714,0.6105699773565536,0.0,0.18644905824920419,0.9999998219999998,0.7367418080566646,0.5876618119252115,0.3776111947056314,281.50359849747775,3.1623975445808425,1048.3292415451976,7.36776050360995,209.8572785004493,2.4211418970724097,85.16028825172253,0.9389343417249641,0.0
12.818189664042748,0.9624413420418793,1.617521517501956,2.2650210555290933,Si1,PU,combo_001,29.03346948282222,1.5567695800861996,hybrid,0.4483382,0.5516618,0.8966764,0.12555552,0.3794767115028009,283.3897,0.21192573,0.6096927648976529,0.0,0.1473302440804295,0.9999998089999999,0.7367285751798816,0.5856453430857201,0.30851080889182025,284.9534723747339,3.1239632944466353,1151.6274726349702,8.160876068403434,215.10220230683072,2.418370144940499,91.07153351969328,1.029999996287879,0.0
15.337125288018083,1.0488986478357039,1.2049949368232953,0.7396726464340486,Si1,PU,combo_001,11.344452050478905,1.2639175598828238,hybrid,0.41493994,0.58506006,0.8298799,0.22112808,0.6683334860087607,281.69125,0.70340246,0.5887484236706618,0.0,0.11852982219235453,0.9999998089999999,0.7366411074636512,0.5663934653028938,0.41556811938325094,283.0227303052772,3.264548989166728,1286.008394489292,7.818646218529511,218.41640010950738,2.444361381032835,94.94179062362892,1.0036703627028905,0.0
15.31242458390766,1.0922947318602703,1.4663573638633027,1.5434035343839005,Si1,PU,combo_001,23.63325022279001,1.601694423572399,hybrid,0.4357799,0.5642201,0.8715598,0.16686556,0.5043314334024831,282.7119,0.26262686,0.6013345972819585,0.0,0.11598271548009906,0.9999998089999999,0.7365155990069818,0.5771062803302873,0.34856806753851155,282.26497145863647,3.1929748627323873,1309.8102817768033,8.631800225105675,241.5705281833358,2.650274183498987,103.2051479670716,1.084595423745257,0.0
14.978207243510354,0.7802442007867636,2.7619091050418505,1.2100663662275069,Si1,PU,combo_001,18.124624811757098,2.154963562309064,hybrid,0.47356772,0.5264323,0.94713545,0.07456541,0.22536514422693676,282.02753,0.12592912,0.5928951435696864,0.0,0.09113668344367762,0.9999998089999999,0.7364703187039041,0.5683515832813398,0.2443444103416876,282.6273383062603,3.0855679682922976,1290.4133586455023,6.787825645783036,228.26690896488842,2.1835297956303688,98.29817588104697,0.9156877097249394,0.0
14.24467860596084,1.070886089085316,1.2049413013086543,1.0273394163850287,Si1,PU,combo_001,14.634119805640113,1.2903548777357963,hybrid,0.54819363,0.45180637,0.90361273,0.12470841,0.3769164256511652,282.59854,0.27748263,0.5999365516857269,0.0,0.11403453070000136,0.9999998089999999,0.7362264736596691,0.5757882605032655,0.3039912431992027,283.97041432639884,3.166602720198927,1194.3011441115923,7.221901717975195,210.17255238234526,2.379951242399176,90.58960321805243,0.9377577227994438,0.0
13.97811517683715,0.9603062085352543,1.917166240761611,0.9407169856517277,Si1,PU,combo_001,13.14945037424691,1.8410666437975691,hybrid,0.45792896,0.54207104,0.9158579,0.12241563,0.3699867852436812,282.28412,0.37284684,0.5960592801438764,0.0,0.06476877400513718,0.9999998089999999,0.7361914769787159,0.5709141299465513,0.29617021178308567,282.73463430257414,3.0880690831775337,1227.6299069172517,7.600605709656605,214.0648959595447,2.316543704401219,94.43566361975246,1.0036975035828517,0.0
12.136743939107426,0.7622040691414859,1.7472205528001972,2.303321997945324,Si1,Si1,combo_002,27.954829298375717,1.3317386150319466,hybrid,0.5427053,0.4572947,0.9145894,0.10566135,0.31934893973446005,283.8697,0.18966067,0.6156115969669749,0.0,0.12952849258287008,0.9999998219999998,0.7360979519163476,0.5905167081400556,0.28433023274560637,284.7601929676955,3.1118202786269378,1088.7446248186084,7.326109089111187,212.54297200332977,2.3101296342833213,88.73927627445022,0.963854036967042,0.0
14.440596377194927,1.1200864782643962,1.256944073274409,1.7365898312788306,Si1,PU,combo_001,25.07739282623863,1.407886060409238,hybrid,0.53539854,0.46460146,0.9292029,0.11734798,0.35467039987360816,283.23593,0.39018527,0.6077964656353618,0.0,0.018259755781648627,0.9999998089999999,0.7359044117081086,0.5803481476534302,0.2841956961865678,283.32153439479185,3.1568192389767806,1202.7522521740304,7.342548146051167,224.15450531830274,2.374175412843641,93.62901104299866,0.9588390076083418,0.0
14.145443873194544,0.9053301288189217,2.0665356002068647,0.7512576370595136,Si1,PU,combo_001,10.626872739334107,1.8708969411441685,hybrid,0.45330542,0.5466946,0.90661085,0.12949586,0.39138593528741666,282.09924,0.2709346,0.5937795061944898,0.0,0.0804351461401853,0.9999998089999999,0.7358968263825683,0.5691040603696147,0.30387873519720454,283.1813460177428,3.105941221260592,1240.4341215865886,7.7789138461007825,212.48426837005306,2.4270362047105083,95.29484406550294,1.1154950378397797,0.0
13.718570912558867,0.9730901030667919,1.3047435238158882,1.7757114204897795,Si1,Si1,combo_002,24.360223042229677,1.2696330100657318,hybrid,0.57244706,0.42755294,0.8551059,0.17953451,0.542621845124425,283.62866,0.40032855,0.6126393858985933,0.0,0.14212477151897707,0.9999998219999998,0.735802211663372,0.5885377659648754,0.36877056726839763,282.86373408700166,3.0962011100206066,1160.6770977993667,6.987238266711161,224.17336733483899,2.1827976585994007,93.88190124354428,0.954483090296789,0.0
15.077415487793273,0.8162890441080703,2.626961330685024,1.303222905783479,Si1,PU,combo_001,19.64923322370678,2.1443597535337426,hybrid,0.48206654,0.5179335,0.9641331,0.054099392,0.16350902131628198,282.13785,0.14355364,0.5942555567137988,0.0,0.07689405229412533,0.9999998089999999,0.7354895617119368,0.5692074748540489,0.220926927487669,282.44502075920764,3.076527487851153,1295.9530025496847,7.1106663770253755,231.13236214466144,2.243910719590143,98.99396892614809,0.9550443012436949,0.0
15.222566510456883,1.004393464198411,1.3359510059360848,2.043984148392523,Si1,Si1,combo_002,31.114684645224756,1.3418204588514961,hybrid,0.40997776,0.5900222,0.8199555,0.22102427,0.6680197582720132,283.70126,0.47704127,0.6135346619345112,0.0,0.15508511595888638,0.9999998219999998,0.7353498475602962,0.5898877310668579,0.41620806471968236,283.54044144596634,3.2427736779135294,1256.7595192526394,7.941407654396463,248.2926729024989,2.5823219432387736,101.60427579821432,1.093828305616721,0.0
12.265091844572744,0.9420088354672363,2.1176965330005624,1.4816803977840634,Si1,PU,combo_001,18.172946163124614,1.9948888449248636,hybrid,0.49034795,0.509652,0.9806959,0.036735833,0.11102971424114053,283.7006,0.67345995,0.613526382795045,0.0,0.05892227996865764,0.9999998089999999,0.735181117832397,0.5873472921109676,0.21094452586847184,282.6769068234801,3.081615050812285,1092.5331098827733,7.07309627031383,205.66417804930856,2.2331699479056017,88.15351951367442,0.9336434975720648,0.0
13.131982822256878,0.5521833130701671,2.8454263561118056,1.1583970073989187,Si1,Si1,combo_002,15.212049602516375,1.57119695241499,hybrid,0.51950324,0.48049676,0.9609935,0.05361682,0.16205050935495038,283.15533,0.37546507,0.6068025925748914,0.0,0.09024517834739283,0.9999998219999998,0.735104985975123,0.5815669627085247,0.2272687287337078,284.42632722300675,3.2093505160999025,1141.0889111209667,7.394027605351224,211.3390261439193,2.32824063002979,91.23194322060063,0.9234185906600387,0.0
14.710644259510943,0.7153197312369711,2.338330448283055,2.2867215092412483,Si1,Si1,combo_002,33.63914664301997,1.6726539078090612,hybrid,0.4115839,0.5884161,0.8231678,0.2199397,0.6647417402818938,283.64255,0.56395155,0.6128106135557361,0.0,0.14009623391805964,0.9999998219999998,0.7348583747432631,0.5889277191243062,0.41462984810038866,284.66770867652997,3.222084678073454,1238.1751206139459,9.84131558804549,248.04369643195247,2.816812810458697,99.03678995405443,1.1398954927714247,0.0
11.34583171727989,0.867474000999898,2.193443362559656,2.34291683027395,Si1,PU,combo_001,26.582340083871042,1.9027550896862946,hybrid,0.52991354,0.47008646,0.9401729,0.081565335,0.24652158988173553,284.16885,0.39032653,0.619300706248229,0.0,0.0856635603662455,0.9999998089999999,0.7348032011292827,0.5929544163563211,0.25645713739477927,285.35967781079734,3.0625242013230176,1045.6823152735021,7.000959644596602,200.01976301533813,2.0865468628943806,84.32189442236425,0.9798258687915319,0.0
12.75406011013278,0.8359280432859427,1.6055924800123575,1.8696013738587014,Si1,Si1,combo_002,23.845008304180705,1.342159780131354,hybrid,0.570366,0.42963398,0.85926795,0.17432538,0.5268778559650109,283.5412,0.2371376,0.6115608398208545,0.0,0.13334220737646144,0.9999998219999998,0.7347972305377725,0.5869895212342452,0.3585302232681512,283.8698127383079,3.095075634179341,1122.578758868071,6.8944721234095,217.78968365514436,2.2182312965921818,91.97811870691726,0.9434608517571282,0.0
9.712746528363493,0.934049840433431,1.7447058981963282,0.61991339427476,Si1,Si1,combo_002,6.021061668128204,1.629642265813546,hybrid,0.5830239,0.4169761,0.8339522,0.22434217,0.6780476965241254,288.13095,1.3118577,0.6681589188347036,0.0,0.07284073044295088,0.9999998219999998,0.7346958997174936,0.6391710508547782,0.42483842700811547,289.32682077566494,3.172168394827291,886.2853489667808,7.529888822701168,182.65280780534147,2.3540884890610387,79.52037878153072,0.9986114117606079,0.0
15.075733215384673,0.6727325939820021,2.53673176262408,2.3186572343428926,Si1,Si1,combo_002,34.95545788287511,1.7065421389066338,hybrid,0.5802742,0.41972578,0.83945155,0.17592378,0.5317088397631307,283.86832,0.7383382,0.6155946623635212,0.0,0.2185418952516992,0.9999998219999998,0.7345940859006945,0.5941549865440443,0.3834818633454774,284.6599699325505,3.253251772463196,1264.8435418192973,8.964890979139064,254.76883438749218,2.817962683093578,100.01225903421788,1.0999099182805545,0.0
8.941755297538048,1.086912696187694,1.6292381570187249,2.4349452617678917,Si1,PU,combo_001,21.772684693628214,1.7708396379770919,hybrid,0.53805345,0.46194655,0.9238931,0.10281891,0.3107579970172896,283.62106,0.53441375,0.6125456810928163,0.0,0.08203758109573886,0.9999998089999999,0.7342898798108877,0.5868892775111019,0.28140905922019616,284.49209682775864,3.1006631190313443,839.667589236753,7.460212604534458,168.6909406098638,2.215981003169727,75.53220319791998,1.0209007859718926,0.0
14.090348807480186,0.8295581853389724,2.93649037980284,2.4480865261561218,Si1,PU,combo_001,34.494393064432224,2.4359896307345936,hybrid,0.44182926,0.55817074,0.8836585,0.15244018,0.4607324205054178,282.92535,0.26604027,0.6039666109831817,0.0,0.09228480333275134,0.9999998089999999,0.734153014246383,0.578822913806339,0.3298251056148157,282.2169526246771,3.216046152218111,1210.49573493892,7.93710283127637,234.94249354856478,2.4523945605504944,95.47899616419866,0.9414102129508601,0.0
10.626830230040397,1.091242730849243,1.6754491371031888,1.210292568356645,Si1,PU,combo_001,12.86157365260563,1.8283216917714913,hybrid,0.59153676,0.40846324,0.8169265,0.20785934,0.6282302900301685,283.8409,0.9141792,0.61525672294349,0.0,0.20635086641025954,0.9999998089999999,0.7341155432049962,0.5937935307361847,0.419112809807202,284.42378733679885,3.1103802572643913,945.7973700981903,7.5924906961741625,189.8968331159085,2.3266423367632894,82.45148376456876,0.9932362084398089,0.0
15.908815323963513,1.048522857874664,1.2420269921358278,1.5834215801656875,Si1,Si1,combo_002,25.19036149883441,1.302293691351731,hybrid,0.5803417,0.4196583,0.8393166,0.2132107,0.6444041573473855,283.54355,0.64057595,0.6115898168089863,0.0,0.08153897434966596,0.9999998219999998,0.7339502236668111,0.5861852108149113,0.40033043412583014,281.49737258546224,3.3482923497764308,1282.3848567632106,8.341488297416651,251.08123516468183,2.7088774733202707,100.67524045325452,1.0508359399126868,0.0
14.010983221794032,0.9718705908019706,1.934710632639318,1.4806098923745656,Si1,PU,combo_001,20.744800360082305,1.8802883655740281,hybrid,0.4407075,0.5592925,0.881415,0.16940495,0.5120064586659878,282.86722,0.24199076,0.6032497127703093,0.0,0.03663959818413107,0.9999998089999999,0.7334144506896298,0.57645090467289,0.33892132759533367,283.10090400305603,3.049642731966188,1228.5935883561842,6.961130997187058,221.5916948554739,2.1609086345681097,94.61173354871053,0.97072382140226,0.0
9.12369212452125,0.7926735372601448,2.6562291680327723,1.8182736356231213,Si1,Si1,combo_002,16.589368849559293,2.1055225703981093,hybrid,0.5578362,0.44216383,0.88432765,0.1300784,0.3931466117359394,288.77625,1.9942342,0.6761163008353276,0.0,0.16270361767569688,0.9999998219999998,0.7333916428396416,0.6504108287672785,0.35287197872483966,286.87951939231095,3.146000033927418,876.8557110012656,7.581099538222369,182.15632928700822,2.325236341726227,76.59820468867817,0.960633092186979,0.0
14.385479093470565,0.9952634418645977,1.7868066575979917,1.5680926655547878,Si1,PU,combo_001,22.55776425696293,1.778343343987555,hybrid,0.553212,0.446788,0.893576,0.14577694,0.44059358584858216,283.08856,0.21471527,0.6059791945225214,0.0,0.06271279678647013,0.9999998089999999,0.7332626776506153,0.579695334930562,0.3172674312545364,283.5610679253733,3.0598559424143743,1260.9538486452225,6.847390444469418,227.48915205891126,2.131147908865303,96.6057401741437,0.9323642650595678,0.0
14.619130211232825,0.6869963346542662,2.4651332878322347,1.7315310627178206,Si1,Si1,combo_002,25.31347807066617,1.6935375331749656,hybrid,0.43242416,0.5675758,0.8648483,0.16094021,0.4864227859113097,283.3802,0.446188,0.6095753516470407,0.0,0.14224894057557785,0.9999998219999998,0.7331849148544625,0.5858047785658994,0.3500785107110995,283.8455286134695,3.1491337526247576,1228.8459502955816,7.930769536926904,237.85261596062165,2.4130399337649795,98.11820429365969,0.9885472768882595,0.0
8.515256570815243,1.0673899682430084,2.272588929914634,1.072107471381918,Si1,PU,combo_001,9.129270190304993,2.4257386257309936,hybrid,0.5811593,0.4188407,0.8376814,0.20348434,0.6150073820145464,285.1732,1.7667971,0.6316855462406874,0.0,0.11701697953594434,0.9999998089999999,0.7330912247539669,0.607756274072703,0.4189142049127266,284.41063061715187,3.1255848686689003,811.4809607808446,8.483874422225945,166.8892712162183,2.4749730835262183,73.8539652876475,1.0704528166903027,0.0
11.697689870081298,1.0503778919053801,1.6720128362635962,0.506294308191815,Si1,PU,combo_001,5.922473800215213,1.7562453181932918,hybrid,0.39701527,0.6029847,0.79403055,0.2801326,0.84666766288509,282.56223,0.8114862,0.5994887255055074,0.01989817619323745,0.04597674066803455,0.9999998089999999,0.7328103595028495,0.5742916811141605,0.46936230903226756,283.4454120732898,3.1742136445728915,1034.0210252233921,7.795839839396918,193.8830371198573,2.3591293269876488,86.75636437417431,1.0071640515944382,0.0
13.147548396948926,0.8140734154865615,2.923322293838796,2.0550438994470004,Si1,PU,combo_001,27.01878912583408,2.3797989643133586,hybrid,0.41608247,0.5839175,0.83216494,0.19135062,0.5783346542685213,283.36353,0.3952312,0.6093698784584693,0.0,0.18189223474402186,0.9999998089999999,0.7325796020526019,0.5867137061883669,0.38712857470522105,282.01862003690974,3.149952191394135,1149.3907402535215,7.189981027716334,219.96940498696907,2.263938221864638,91.58642463318843,0.91242231369886,0.0
11.466698312623354,0.8634240406741693,2.697117308973481,1.5627842171686988,Si1,PU,combo_001,17.919975146002727,2.328755925086125,hybrid,0.4624288,0.5375712,0.9248576,0.10031929,0.30320319802327206,283.98804,0.639858,0.617070983460161,0.0,0.07265152413756987,0.9999998089999999,0.7325338112195161,0.590959973527017,0.2795619657401018,283.09006084880536,3.0657796719546133,1029.4012758257156,7.035458255392959,200.21286718698934,2.2349250693638525,84.47470418851105,0.9277823116599951,0.0
13.902398165261605,0.9651313776635221,1.4333473053557122,1.3833385763634878,Si1,Si1,combo_002,19.231723685971353,1.3833684594882556,hybrid,0.4492979,0.5507021,0.8985958,0.11155678,0.33716719796814676,283.3273,0.40743712,0.6089231812518134,0.0,0.15519730906036172,0.9999998219999998,0.7325272255860211,0.5855237753009342,0.29897097205154854,281.95143654538407,3.1028105243908666,1177.7872964559986,7.1962354772851995,226.15982990928725,2.2254700707867916,98.34555211321188,0.9657916055595089,0.0
11.37743427730587,0.8075239090736459,1.8604757447707856,1.508461298914977,Si1,Si1,combo_002,17.162419288264594,1.5023786461540074,hybrid,0.46127358,0.53872645,0.92254716,0.10291624,0.3110521786963644,284.927,0.35860586,0.6286497363282242,0.0,0.07305192248692687,0.9999998219999998,0.7323874892404233,0.6011203186464621,0.2764877738321275,284.7344347629946,3.0248905100740604,1018.1434897971412,6.427645264069254,201.45443072092505,2.017889964583035,85.74217350977594,0.899041367308382,0.0
12.721310105350948,0.7930991966313982,1.6257167650616742,2.2091522157320695,Si1,Si1,combo_002,28.103310406250813,1.2893546603206092,hybrid,0.57634836,0.42365164,0.8473033,0.19754614,0.5970598675930237,283.6597,0.19426276,0.6130221079366465,0.0,0.08671904986252117,0.9999998219999998,0.7322610797409086,0.5868583437911713,0.3752038775620488,284.872886666982,3.132317117518649,1130.005068582694,7.15376812167559,218.80453159092573,2.261947432877193,91.51529203454,0.9656977475393144,0.0
13.43371940914567,1.0227644569655565,1.6471138696700716,1.228144418916807,Si1,PU,combo_001,16.49854751763664,1.6846095224735471,hybrid,0.4524426,0.5475574,0.9048852,0.118118465,0.356999105475121,282.9529,0.547146,0.6043064320258189,0.0,0.10031649749188806,0.9999998089999999,0.732246924597165,0.5798803573305747,0.30060153511416243,282.65748825834976,3.0732085120949386,1185.1169935671471,7.499192446394737,214.92456058541825,2.3098770969479525,93.90569792813223,1.0066203574727668,0.0
12.553714449598965,0.8992355909781125,2.1687497201836723,0.5408962018488309,Si1,PU,combo_001,6.790256464882868,1.9502169363129807,hybrid,0.58641416,0.41358584,0.8271717,0.1939503,0.586191854193976,283.08453,0.5075075,0.6059295196857238,0.0,0.19300988505202557,0.9999998089999999,0.7322046889368612,0.5840833510456532,0.39389410544667086,283.5135417217914,3.2009461658992597,1115.5736937377424,8.635224614147281,197.05355895933866,2.8950656098955667,88.94053901565646,1.0483288352974938,0.0
9.03002178566955,1.1932206653243917,1.105302508481268,1.886262729009987,Si1,PU,combo_001,17.032993536456683,1.3188697945547379,hybrid,0.61571103,0.38428897,0.76857793,0.29081914,0.878966487338343,282.95203,1.1074952,0.6042955186147043,0.0,0.11909594152109981,0.9999998089999999,0.7318335629373942,0.581438076900303,0.49782476221990835,283.11762403719507,3.136913469833463,802.0518430110611,8.00459526282639,157.35677553229357,2.32409792837382,71.28858439627437,1.0917905279644438,0.0
12.934146679390569,1.1327938763201693,1.1416357799036232,2.3345714782836793,Si1,PU,combo_001,30.195689933642782,1.2932380204628249,hybrid,0.56510293,0.43489707,0.86979413,0.15819973,0.4781399863429803,283.22745,0.3294168,0.6076918474184703,0.0,0.11822807173890056,0.9999998089999999,0.7318225734022425,0.5831420262623171,0.34113454089104855,282.9782235698115,3.2409138005085225,1061.5683283523877,7.7774404890211,205.63473797757823,2.522176939130891,85.14543240368153,0.988215199547056,0.0
12.020267336428255,0.9976567289583566,1.592684081825842,2.123314727030281,Si1,PU,combo_001,25.522810658279163,1.5889519913384131,hybrid,0.54506254,0.45493746,0.9098749,0.1093124,0.33038381521571414,283.65826,0.3117703,0.6130044206841505,0.0,0.1048347172618539,0.9999998089999999,0.731799551830542,0.5875961631953049,0.2870418630584704,284.4668828805075,3.105715708819132,1078.8554564538633,8.14131355591746,207.15347462054947,2.4581461187045486,88.04924920118222,1.0199154443067382,0.0
13.592783655195733,1.0244355971798922,1.5404692668803586,1.672235994400758,Si1,PU,combo_001,22.73034209232061,1.5781115533538508,hybrid,0.54247415,0.45752585,0.9150517,0.09591993,0.2899066545138828,283.26392,0.38606453,0.6081415552212958,0.0,0.12703427257302555,0.9999998089999999,0.7316386102554997,0.5839214795170946,0.2777583921394481,283.7411495545722,3.0586088647733747,1197.9106628229497,7.722113829266015,220.81401351190132,2.264655036434734,95.31039876924588,1.0195841614732017,0.0
15.199770619037313,1.0670773044042172,1.6174730265450732,2.067821938259061,Si1,PU,combo_001,31.430419142550864,1.7259687571122475,hybrid,0.43386108,0.5661389,0.86772215,0.15973477,0.4827794728203061,283.0948,0.34686622,0.6060559647248447,0.0,0.12058923007313811,0.9999998089999999,0.7315867411935673,0.5817391254644111,0.34347742776060847,283.1791243486747,3.2177595461897206,1307.8049532940374,9.012640414043828,246.34060579980962,2.650080335663189,101.50145680773662,1.0964174724524764,0.0
8.169429906715001,1.006497078591237,2.428947494106612,2.238145168404122,Si1,PU,combo_001,18.284370074330315,2.444728556869811,hybrid,0.56480134,0.43519866,0.8703973,0.16896339,0.5106718772673314,285.16864,1.0635003,0.6316294738870296,0.0,0.07480890042567973,0.9999998089999999,0.731525351869297,0.6051778475235536,0.36135859426243844,284.1709131382546,3.1230669048083746,810.9394926896048,8.66817682738713,163.138240690366,2.568104699060056,72.22185755399231,1.2028917221948905,0.0
13.436402588561418,0.6703726356595187,2.416096876384655,1.7355643230243578,Si1,Si1,combo_002,23.319740962499324,1.6196852310307115,hybrid,0.43383154,0.5661684,0.8676631,0.13951571,0.4216697593574049,283.47964,0.33876902,0.6108017932616084,0.0,0.1891244860230385,0.9999998219999998,0.7311233642248269,0.5881468321351957,0.33219999397316924,283.79838618821674,3.1229001825384906,1152.5453269726916,8.017128383127927,222.308382677636,2.4997112273303066,93.17141893437194,0.9825099222983712,0.0
12.789390779849832,1.1456401046997584,1.1445220742910123,1.499627476789769,Si1,PU,combo_001,19.17932182486454,1.31121038902194,hybrid,0.53152657,0.46847343,0.93694687,0.051159665,0.15462404329028426,283.04288,0.60620403,0.6054158367142956,0.0,0.17950559701960558,0.9999998089999999,0.7310639804381664,0.5833825389184575,0.24288361831290964,282.4461590498176,3.1383875330557007,1048.42815496673,7.205239680909429,199.12048485702297,2.2506360249539163,84.60736135079594,0.968072077671531,0.0
12.488103273910195,0.8972692610943154,2.4253740956173235,1.0399664187723152,Si1,PU,combo_001,12.98720803902721,2.1762136226518494,hybrid,0.5377844,0.4622156,0.9244312,0.0749916,0.22665324744237134,283.53986,0.5952678,0.611544281541922,0.0,0.15288229257462718,0.9999998089999999,0.7310270642399417,0.5882024067421323,0.26387165078148467,282.1045726178001,3.1301958263713554,1099.4792839117938,8.095129288717912,203.24955996156905,2.6286469708096702,88.72699165017396,1.0331039149813581,0.0
10.404179195517916,0.8674255735463172,1.8775884903971432,1.7128077122964105,Si1,Si1,combo_002,17.82035836619695,1.628668273166706,hybrid,0.43280512,0.5671949,0.86561024,0.15653707,0.47311480300411196,286.98993,1.2176675,0.6540885213118222,0.0,0.13456798634432224,0.9999998219999998,0.7306627486820593,0.6279092750916125,0.3604013459378307,285.98504822395404,3.0474619160576366,944.6501057831679,6.748916089684606,194.21337143573226,2.139862238003076,82.09082920087842,0.9249575967514202,0.0
12.191569448613965,1.0160473543019557,1.7028844206388096,1.3449847018204069,Si1,PU,combo_001,16.397474399566836,1.7302112102720812,hybrid,0.44805416,0.5519458,0.8961083,0.11473921,0.34678570486011373,283.4204,0.65505666,0.610071347365973,0.0,0.1395212189221246,0.9999998089999999,0.7304912555352732,0.5865536414033788,0.3051641234779242,283.2093889022284,3.0883918864293305,1085.1027496277113,7.264911014192758,204.70941360691526,2.2739207776213135,88.41717275008385,0.96476202888497,0.0
10.430591413188088,1.1402941569524399,1.4930244475568089,2.2014982536996026,Si1,PU,combo_001,22.962928781187646,1.7024870537361736,hybrid,0.53532195,0.46467805,0.9293561,0.08825002,0.2667252552989858,283.66873,0.63027024,0.6131334999949196,0.0,0.0775576377730235,0.9999998089999999,0.7303642554776772,0.5874674869231938,0.2673301085418307,282.9184296037583,3.1274181510744823,923.8816684338597,7.546454828270279,190.1158225349361,2.3271826488307834,82.23667180357856,0.9824163024029287,0.0
10.679515642459272,0.7444617975072392,2.3478617758570897,1.560739804485255,Si1,Si1,combo_002,16.667945155809107,1.7478933979531077,hybrid,0.43208796,0.56791204,0.8641759,0.16955733,0.5124670070202774,287.11426,1.211976,0.655621667411162,0.0,0.09247976470158342,0.9999998219999998,0.7303459117211408,0.6280469215035624,0.3677423683452038,285.64369912234633,3.0464928985871405,971.327654705625,6.956509001595273,196.7943528025597,2.1794915592989477,82.09530608688114,0.9325507851964103,0.0
10.089957120430084,1.0722325280517402,1.9495934620539912,1.4267164218863833,Si1,PU,combo_001,14.395507519847044,2.0904175264912954,hybrid,0.4290889,0.5709111,0.8581778,0.15702112,0.4745777848876187,283.94138,0.88436913,0.6164955832672571,0.0,0.163098372281666,0.9999998089999999,0.7300975114996313,0.5935822754803198,0.3582231863728381,284.486267501747,3.070468832556488,910.771346778529,7.293389896072436,185.56673901384158,2.224940224153928,80.14233940089046,0.9521381705774205,0.0
12.860865507554585,0.5682768654965363,2.727103565846797,0.5220513615443537,Si1,Si1,combo_002,6.714032348857687,1.549749866283845,hybrid,0.4255189,0.5744811,0.8510378,0.16055241,0.4852506980059328,283.64355,0.5255849,0.6128230322649355,0.0,0.1822987340826786,0.9999998219999998,0.7298981751981416,0.5901364504511956,0.3573360546058476,284.76158171737325,3.3430357465499636,1121.215877851681,8.338486889114987,199.94790255834735,2.6615074890655923,89.91564979047892,1.0237218448700203,0.0
12.571027083701116,0.8055882428213351,2.6261548527610374,2.1098242478954754,Si1,PU,combo_001,26.52265776214336,2.115599473212486,hybrid,0.44302815,0.55697185,0.8860563,0.14087318,0.42577253991471614,283.70068,0.43545035,0.6135275117686085,0.0,0.0880746386122103,0.9999998089999999,0.7297988733286078,0.5877962902522751,0.3205002371245198,283.7442087033732,3.091238158535365,1124.740164091942,7.110990787595057,212.1193232099268,2.193504387767076,88.81130904479299,0.9669476523158502,0.0
13.737455310332994,0.8300185853965829,2.7448379830502585,2.0615005670295403,Si1,PU,combo_001,28.319771911794437,2.2782665398341853,hybrid,0.5714561,0.42854393,0.85708785,0.17038068,0.5149554813766153,283.5423,0.4377002,0.6115743875036174,0.0,0.11462142784211987,0.9999998089999999,0.7293247974171377,0.5867998522935636,0.3557433330494721,283.1427598834698,3.110664638212573,1192.250015136376,6.9527995269842044,225.39514771664182,2.176174037930847,93.60698759020651,0.9213957374273944,0.0
9.12237706685189,0.9808866015127251,1.644464513169893,1.687119541333412,Si1,Si1,combo_002,15.390540612897595,1.6130332076314944,hybrid,0.5738735,0.42612648,0.85225296,0.17649761,0.5334431695670945,287.47205,2.6335502,0.6600336960976276,0.0,0.11410014191405665,0.9999998219999998,0.7291547297719421,0.6353026457586903,0.40805429153585576,286.4553648652861,3.122380736623188,857.0590761928797,8.08364007226993,178.99732962716894,2.388268651486838,77.09146087443104,1.0509009619719543,0.0
11.390596727149065,1.1585478092243844,1.301316266990343,1.3619220757464547,Si1,PU,combo_001,15.513105138629628,1.5076371102297161,hybrid,0.5770282,0.42297179,0.84594357,0.18671852,0.5643346778679088,283.35077,0.5189136,0.6092125748086108,0.0,0.10454023881421497,0.9999998089999999,0.728815487372446,0.5844701168448043,0.3732121656512193,282.77622212783797,3.1399196900056685,972.2911891830424,7.245530704767755,193.92873966466567,2.2461276813690176,83.53184035649603,0.9548885263597218,0.0
9.437972977598825,1.0542840562628992,1.3092293955833925,1.8404741610721551,Si1,Si1,combo_002,17.370345398167867,1.3802996777542829,hybrid,0.42212844,0.57787156,0.8442569,0.19167744,0.5793224057359843,284.34958,1.0003972,0.6215293000627333,0.0,0.09397347502987198,0.9999998219999998,0.7287128224235703,0.5963475183839445,0.38694138897430086,284.7000561208988,3.141698339633866,867.5930868783619,7.916987809918422,177.95409664718346,2.398076848561882,76.90695003594986,1.0354103434747761,0.0
10.506182042869538,0.7361037615118824,2.5492432821596642,1.2383448947801206,Si1,Si1,combo_002,13.01027689641807,1.8765075690066257,hybrid,0.5733438,0.4266562,0.8533124,0.17488961,0.5285831819414604,289.5538,2.007049,0.6857046733108015,0.0,0.11109641656559957,0.9999998219999998,0.7286731353693132,0.6577068849554478,0.3928016761440122,286.1425290980326,3.077736667964688,957.5166056828398,7.3664448123055175,193.77992856266323,2.245104384826509,81.83691757696924,1.0014874805244467,0.0
8.353330319414349,0.8647466779890316,2.8133879545458544,0.6848577069503762,Si1,Si1,combo_002,5.720842647953164,2.4328678875878844,hybrid,0.3748769,0.62512314,0.7497538,0.31252867,0.9445809816138252,289.15613,3.8779273,0.6808007884751368,0.16748762130737316,0.10317329310643789,0.9999998219999998,0.7284452326589588,0.6563110018311255,0.5763352581735466,286.6262356703248,3.5136647052304983,818.0531959214711,10.949698969410463,172.58463964036648,3.238997520675355,74.23878922145965,1.2513941084515008,0.0
12.25924984026453,1.0728238206743477,1.3795703813839217,2.2853447314453765,Si1,PU,combo_001,28.016612033921117,1.480035967445466,hybrid,0.46929517,0.53070486,0.93859035,0.074195035,0.22424572709217805,283.41473,0.3567935,0.6100013510050311,0.0,0.0690217968797356,0.9999998089999999,0.7283984222928022,0.5838396516095703,0.24546309568063557,283.3057961369042,3.17946983963976,1065.954341450501,8.378726064244997,208.93959231716806,2.6329621687520492,88.82340549825149,1.0104538819999345,0.0
14.22449854342792,1.0554691007414134,1.537697301764341,2.085388608897665,Si1,PU,combo_001,29.663607229746017,1.6229919883057067,hybrid,0.4653109,0.53468907,0.9306218,0.09447735,0.28554662261687846,283.31418,0.19740866,0.6087613617077005,0.0,0.032119550908237406,0.9999998089999999,0.728147209186838,0.5813061107869217,0.25805010050236205,283.68026100942285,3.0914974459891353,1236.2516150072681,8.251182788305226,231.37988970822886,2.3851540850590194,97.96914738471872,1.048309229177373,0.0
11.840550344670717,0.9047825357334557,2.3267128189908863,0.5316508872716429,Si1,PU,combo_001,6.295039096528744,2.105169124290111,hybrid,0.6047855,0.3952145,0.790429,0.21805747,0.6590529367591358,283.80255,0.5588671,0.6147836830203505,0.0,0.24669644231878293,0.9999998089999999,0.7281169765531394,0.5939318355854392,0.4285224727303029,283.81021435157476,3.1737367262037095,1054.9127530151723,8.803680002574907,193.29639989577996,2.88603370985558,85.94274721637186,1.0917134993756157,0.0
11.36775798130383,1.0111524255326276,1.7133202809477464,2.364513119486082,Si1,PU,combo_001,26.879212885935527,1.7324279577945567,hybrid,0.4502321,0.5497679,0.9004642,0.124856815,0.37736497164515564,283.86725,0.24271385,0.6155814910052795,0.0,0.06301341582384001,0.9999998089999999,0.7279151298221218,0.5885886512601871,0.29576800073988607,283.95705118291323,3.107839902879687,1025.3934783098475,7.5642135475825665,201.16009570435244,2.294005769352049,85.02226059286237,1.018827942448964,0.0
9.019575238388228,1.082146537587529,2.3765034313135347,0.7180150574990734,Si1,PU,combo_001,6.476190833408542,2.5717249597608234,hybrid,0.40413222,0.59586775,0.80826443,0.24066159,0.7273712272843509,284.30222,1.5672135,0.6209452444058419,0.0,0.08135507453343202,0.9999998089999999,0.7278957961020671,0.5964476033135612,0.4487186792616799,283.8188932358773,3.1602220788927613,834.1638020945002,8.58961876531056,173.16059278205086,2.521955189548401,75.53089643501411,1.1089592166306679,0.0
10.087413437313343,1.068516239960366,1.9091118210013596,1.895196204518529,Si1,PU,combo_001,19.117627659805457,2.0399169846402603,hybrid,0.46489033,0.53510964,0.92978066,0.06859298,0.207314179818146,284.03558,0.3590875,0.6176572970641795,0.0,0.12478207932201231,0.9999998089999999,0.7277263149376054,0.5925600422575572,0.24794906750458862,284.1388067514465,3.063031686014305,914.4217358167967,7.07750974149397,186.25728884077526,2.1775442449258318,80.16258760385416,0.9363565138708987,0.0
10.603815888868771,0.9560446587768546,1.5721750762358708,1.6930173758001863,Si1,Si1,combo_002,17.952444549640926,1.5030695842973985,hybrid,0.44415155,0.5558485,0.8883031,0.12165371,0.36768397591673485,285.29755,0.6924098,0.6332190686645485,0.0,0.12890363951924103,0.9999998219999998,0.7276281605797241,0.6075979701257498,0.3116669929679372,284.58542540439134,3.0673337750736227,954.4808017625307,7.184582238946374,197.00689312985443,2.2725112839030195,83.23620192650536,0.9718086266636634,0.0
9.754459173965994,0.9485944558848606,2.7944427588124263,1.3567110508181335,Si1,PU,combo_001,13.233982556073986,2.650792908297062,hybrid,0.46179095,0.5382091,0.9235819,0.08013818,0.2422081712789508,285.14996,0.59648407,0.6313991632800596,0.0,0.11059582089129719,0.9999998089999999,0.7274634494973984,0.6052024838878157,0.26299833783791643,285.3661033199203,3.0772892948608734,899.6606711222598,6.821056585653448,183.37486375114818,2.2007081879376065,78.44931674262114,0.9630470924714983,0.0
13.113306936534016,0.9482693236226569,2.0697083686275266,1.4906853405952125,Si1,PU,combo_001,19.547814417016774,1.9626409548145773,hybrid,0.4690926,0.5309074,0.9381852,0.049489543,0.14957629641479364,283.41193,0.49467453,0.6099667291490813,0.0,0.14978726167360396,0.9999998089999999,0.7272545036642961,0.5864779030818024,0.23432691041467735,282.50163111138176,3.093295338258349,1156.8929278643843,7.398077811989347,212.86302908144174,2.4056635990987543,91.52907022723706,0.9743016548050029,0.0
14.25376154152862,1.0749759189345245,1.4284373400418136,1.567497967235982,Si1,PU,combo_001,22.342742241812527,1.5355357422518363,hybrid,0.54771173,0.45228827,0.90457654,0.093272455,0.2819049758948469,283.15445,0.4105245,0.6067916791637769,0.0,0.15059550568993155,0.9999998089999999,0.7272097367948214,0.5834302728608042,0.2790034833600521,283.23395803246603,3.0946161847990834,1230.6170852637965,7.7132509971001015,226.64289763438282,2.3724583637032617,98.6539535121962,1.0034922238119917,0.0
13.432845649659932,1.0302559173661163,1.4776226691339343,2.0055459802119335,Si1,PU,combo_001,26.940189595482835,1.5223294985095508,hybrid,0.43364626,0.56635374,0.8672925,0.1442197,0.4358869942423799,283.29315,0.26660222,0.6085020741125986,0.0,0.14342148312694464,0.9999998089999999,0.7272083373497971,0.5845306475298129,0.32881145964870095,284.01066826158365,3.0768976804212618,1178.9276025110835,7.98462198209699,220.90208302278415,2.299531466627092,94.76598954300141,1.0289987167553858,0.0
15.313815876036923,0.8609713249114201,1.5389558483908805,0.8455472797396224,Si1,Si1,combo_002,12.948555356416463,1.324996855769275,hybrid,0.57389146,0.42610854,0.8522171,0.16783807,0.5072707281212735,282.71292,0.3462733,0.6013470159911579,0.0,0.12931958563421403,0.9999998219999998,0.7271480041665593,0.5776677408043221,0.3533465236275998,283.00350212736754,3.15148702541666,1293.7313046052031,8.01875643537387,235.551442117676,2.435921856338697,103.9143557174847,1.122032802808717,0.0
14.42790934058241,0.7799987354816392,1.9627906878315282,2.100440268805621,Si1,Si1,combo_002,30.304961773636048,1.5309742545237288,hybrid,0.5718143,0.4281857,0.8563714,0.17007273,0.5140247467501977,283.87427,0.5190847,0.6156680456451539,0.0,0.10118317345981698,0.9999998219999998,0.7270455786321426,0.5903087449333483,0.35510370913501854,285.0004881041428,3.166864368102302,1220.6723948018782,8.797076783990686,239.50463811115384,2.4971762533370017,97.59561308437856,1.0945945174134402,0.0
15.502894560940902,0.8134877842182916,2.9024827715922417,2.404428396121517,Si1,PU,combo_001,37.275599904404125,2.3611342785943386,hybrid,0.57827157,0.42172843,0.84345686,0.16226508,0.49042702551427075,282.78143,0.701868,0.602191864541236,0.0,0.1867673869237993,0.9999998089999999,0.7267337348061127,0.5808058074576609,0.3635044050586784,282.30759242779123,3.2687766158813036,1313.0893067080897,7.725813341535387,256.0466796460074,2.263960589195935,101.05108125375565,0.9272040495626254,0.0
12.12737846255472,1.003727150375449,1.5287938346932368,2.3522913230188447,Si1,PU,combo_001,28.527127128433087,1.5344918792081979,hybrid,0.53816605,0.46183395,0.9236679,0.09243994,0.27938880378397263,283.59833,0.2882757,0.6122653193245275,0.0,0.05999089756661375,0.9999998089999999,0.7266395574344717,0.5855287633476648,0.2619757293672272,284.473863957233,3.148109721710096,1084.2244608620044,8.697508651558984,208.8024669280593,2.63454642440227,88.7663294165082,1.0485369987131308,0.0
9.58205904814505,1.0931214033799095,1.1001049744475109,1.7115147276287017,Si1,Si1,combo_002,16.399835181908113,1.2025482935332825,hybrid,0.60952693,0.39047307,0.78094614,0.22643091,0.6843606678194337,284.56927,1.2704208,0.624238460290801,0.0,0.24879390239152102,0.9999998219999998,0.7265382691452302,0.6039685521357298,0.45257443588741464,284.4428522141548,3.1952643970038244,852.6762985587548,7.405979508377345,171.94203028414609,2.4312704056595926,74.58119224882162,0.9830228976455846,0.0
13.878435184055316,0.9103009163863778,2.202862838916488,1.8371531189009662,Si1,PU,combo_001,25.49681048385213,2.005268060939177,hybrid,0.5323225,0.46767747,0.93535495,0.086154215,0.26039093646603495,283.35855,0.29781482,0.6093085375615149,0.0,0.026589765156224264,0.9999998089999999,0.7264850088371773,0.581823588200003,0.25051578315497536,283.79788407133213,3.051345871320309,1214.9215541835858,7.0091258231931866,224.56604054698934,2.2168704128816406,94.93725181215618,0.9752253602761692,0.0
10.162060897315099,1.0242556916269476,1.380916882401539,1.935969988383739,Si1,Si1,combo_002,19.67344491732996,1.4144119764635166,hybrid,0.5374836,0.46251643,0.92503285,0.082604155,0.24966129924717054,284.9647,0.6841501,0.6291144971118975,0.0,0.08616529561413006,0.9999998219999998,0.7263298420522192,0.602524809170044,0.26377558176316424,284.2525839131373,3.1154126100187622,919.6417920878055,7.88973260067643,190.08901872835634,2.3998885993197416,81.14463350900937,1.0322646024566695,0.0
13.192262147467844,0.7588515302086467,2.018766918336243,1.619400693632369,Si1,Si1,combo_002,21.36355847218947,1.531944365114052,hybrid,0.5681752,0.4318248,0.8636496,0.14196631,0.42907640914240275,283.60016,0.37535092,0.6122878987957991,0.0,0.15696778253987212,0.9999998219999998,0.7257463815101917,0.5886149179664364,0.3307337973920479,283.4673041164033,3.109146956748991,1135.3998682235413,7.6710020810938575,218.46013341639917,2.4347217931495004,92.4952690860287,0.9697942845578145,0.0
14.388488439462412,0.931311740287308,1.728435956234437,0.5545390714578309,Si1,PU,combo_001,7.97897901890122,1.6097126983758507,hybrid,0.42376494,0.57623506,0.8475299,0.16416246,0.49616163166526195,281.87372,0.33131555,0.5909984679828743,0.0,0.15262003562256868,0.9999998089999999,0.725663603689777,0.5688192794149006,0.35264061669931773,283.80772584265503,3.1692853488355324,1279.8940066457799,8.722646526739341,213.12353738120296,2.570758358651855,96.92662839967917,1.0621276736247685,0.0
12.777695059871629,0.7529444370551022,1.8821122777828254,2.063850665014785,Si1,Si1,combo_002,26.371254446672193,1.4171259694696856,hybrid,0.42350626,0.57649374,0.8470125,0.1679662,0.5076580012777897,283.5448,0.18218549,0.6116052461143552,0.0,0.13910408481199962,0.9999998219999998,0.7253569190705438,0.5871047345156309,0.3515184260397752,284.2396569114667,3.1089968321003667,1121.2959328796062,7.37690000026229,217.6574550034426,2.3295582323266597,90.94438381519413,0.9688752445183855,0.0
13.40982194916345,1.1042842598970888,1.1276115182591748,1.2448067830888114,Si1,PU,combo_001,16.692637322331887,1.2452036508922655,hybrid,0.54669803,0.45330197,0.90660393,0.09663086,0.2920553472294094,282.84387,0.37210947,0.6029618245115966,0.0,0.11458581581417149,0.9999998089999999,0.7253473358368108,0.57875766034995,0.2763513452757381,283.62633360348497,3.117771885722998,1101.2481248358315,7.494932900874879,199.84921833840346,2.3178972113281877,86.37356641011966,1.0434190379458188,0.0
15.40703869035087,1.1356896731183588,1.2992622447121782,1.698950310627969,Si1,PU,combo_001,26.175793168828747,1.4755587139921988,hybrid,0.5532476,0.44675243,0.89350486,0.110407114,0.33369245836532085,283.0877,0.25740466,0.605968657435928,0.0,0.1261718481235543,0.9999998089999999,0.7252761586711689,0.5816659293147225,0.29026359224595344,282.4400684724817,3.271737880298227,1280.3428560120815,8.380222209831565,239.8178185415838,2.6634279718998135,99.87481939155971,1.0548679523429059,0.0
14.740395992209516,1.0954736469237116,1.100698295075803,1.708747287009608,Si1,Si1,combo_002,25.18761166113531,1.2057859754694016,hybrid,0.41024405,0.58975595,0.8204881,0.21843943,0.6602073701608082,283.38104,0.37146023,0.6095858887336341,0.0,0.08202487558876145,0.9999998219999998,0.725179696790373,0.5838738077754348,0.40030683757759944,281.7949439496967,3.1896950573923415,1171.5273212129443,7.573764226647108,226.74890140483433,2.3674240077950945,92.96157013059229,1.0595445057238964,0.0
15.186011311500916,1.024123787177318,1.7938603401370865,2.0762200432792906,Si1,PU,combo_001,31.52950106240423,1.8371350452083846,hybrid,0.4173266,0.58267343,0.8346532,0.17681324,0.534397143285123,282.9879,0.46013722,0.6047380762516271,0.0,0.1635890074537063,0.9999998089999999,0.7251358336971527,0.5820196896899825,0.37036224252471545,283.3110826520518,3.183488413535368,1312.841115120997,8.095967390169347,246.1786202774156,2.533287430925793,99.83196957406813,1.0194616771786642,0.0
12.066602367304807,0.7919151735780489,1.7908832895238298,1.786568307606433,Si1,Si1,combo_002,21.557809369915525,1.4182276510812908,hybrid,0.54873836,0.45126164,0.9025233,0.1110346,0.3355889664035695,283.73022,0.29388312,0.6138917939051233,0.0,0.07961758726622853,0.9999998219999998,0.7249909360256466,0.5876239717309217,0.28470705123376827,284.02553122401815,3.057862806901593,1071.3875440486156,6.818313041338529,209.24675777906103,2.172694150674903,88.5662022288901,0.9176130857780679,0.0
12.741330839261707,0.9644628215264464,1.9387535435221877,1.4165732960870465,Si1,PU,combo_001,18.049029023508492,1.869855712829805,hybrid,0.5273875,0.4726125,0.945225,0.041915216,0.12668378703156002,283.41656,0.5921535,0.6100239304763027,0.0,0.12513466841766618,0.9999998089999999,0.7248661380282697,0.5859656729585863,0.22465507176536972,282.7794716763639,3.0974745874799807,1132.5621701072384,7.390291978666214,208.47216777937032,2.3673336006303587,89.66842491090034,0.9602534651854173,0.0
12.229739586870268,1.100496057163867,1.3428010973912206,1.6351418640577577,Si1,PU,combo_001,19.997359185016002,1.477747313234352,hybrid,0.5498486,0.45015138,0.90030277,0.08332987,0.25185469118444875,283.35486,0.5663769,0.6092630022944506,0.0,0.18718855224788186,0.9999998089999999,0.7248248945643478,0.5870810333208457,0.27723394483107683,282.9524812631548,3.119786995654866,1053.1202659019084,7.405298187124088,205.24888393732203,2.3167458970791217,88.29621802414226,0.9416738333728554,0.0
12.614539991171984,0.5225950634309602,2.9711986801574817,1.495765186148893,Si1,Si1,combo_002,18.868389758078017,1.5527337627228843,hybrid,0.5270387,0.4729613,0.9459226,0.029019816,0.08770896492095151,283.15057,0.4117685,0.6067438859495853,0.0,0.16676026301766603,0.9999998219999998,0.7247422664268942,0.5838734758594548,0.21348560912022413,284.50301547943985,3.159383434489677,1115.4380990068223,6.826222743146345,210.83839695713866,2.158592104346984,88.41758074013622,0.8969035362207034,0.0
15.53377331327372,0.7903309865569705,2.8116142996534026,1.5075863682613733,Si1,PU,combo_001,23.418504894753767,2.2221059032627593,hybrid,0.43320507,0.56679493,0.86641014,0.14147338,0.4275865852073454,282.02985,0.29902938,0.5929237442332971,0.0,0.1362070202650611,0.9999998089999999,0.7245184342684701,0.570040272990158,0.32550224680068013,281.46686252220394,3.1058336562392244,1326.4995362053292,6.718070203341249,241.5148543497437,2.170566994865314,100.67443936634865,0.9142469163396201,0.0
12.557732722942824,1.0456141163504193,1.4309685037237545,1.2504940020720687,Si1,PU,combo_001,15.703369449664148,1.4962408675463954,hybrid,0.5515167,0.4484833,0.8969666,0.108804345,0.32884827872642214,283.13153,0.5108232,0.606509059448361,0.0,0.10817262425442639,0.9999998089999999,0.7243143883915235,0.5820773528809411,0.2911676008186009,283.7475078253218,3.097961210673982,1103.206817428841,7.405429469208757,207.07797669242694,2.2432290455952106,91.42022260339944,0.9888847162454903,0.0
12.964351449368095,0.669102140640672,2.2782262421209585,1.1771253825534942,Si1,Si1,combo_002,15.260667159395366,1.5243660554668872,hybrid,0.5441934,0.4558066,0.9116132,0.07335105,0.22169487649188438,283.56448,0.14210309,0.6118479754305247,0.0,0.16568657791510596,0.9999998219999998,0.7242891443135446,0.5880536761124566,0.2545805243801669,284.389491033569,3.141732278468724,1125.0098711091994,7.9582839189655,210.4675164648251,2.5726491881347147,91.1572773146406,1.00549860846475,0.0
12.47343178091015,0.7587815927586524,1.7703519788307784,2.3651650199336762,Si1,Si1,combo_002,29.501724526737707,1.3433104942406502,hybrid,0.43801555,0.5619844,0.8760311,0.12802674,0.3869456924947552,283.6981,0.11407048,0.6134955241843072,0.0,0.13711163296891687,0.9999998219999998,0.7242620702230516,0.5886619266331357,0.30754586508773374,284.6112534900447,3.13565734912232,1109.9990003027112,7.457308891635987,216.48521667004306,2.3557039150101384,90.05578233696517,0.960328369972419,0.0
9.41797545688091,0.7902985503367124,2.610514643575252,1.6904549763373897,Si1,Si1,combo_002,15.920663478107736,2.063085938450281,hybrid,0.43921334,0.56078666,0.8784267,0.12661783,0.38268744421604683,288.7102,1.8630456,0.6753019345714661,0.0,0.13063859828320493,0.9999998219999998,0.7242234065339759,0.6484645171421894,0.3416581695774489,287.03724633652007,3.0920599936978728,891.7039116020788,7.1553507567381445,185.19056209616937,2.2363176190765546,77.82792054258032,0.9382102718019708,0.0
13.070369956167726,1.0085488974913874,1.6302169532273245,1.7006166607296849,Si1,PU,combo_001,22.227688909359557,1.644153510849187,hybrid,0.44176054,0.55823946,0.8835211,0.11547821,0.3490192472822198,283.25983,0.4248536,0.6080911277354559,0.0,0.14632621672923887,0.9999998089999999,0.7242045408983235,0.5845233705392187,0.302152727716585,283.4049452989423,3.0775827911468925,1160.1843044240245,7.544597270267976,215.47254764939728,2.318683301225672,92.35879060097508,1.001161534106265,0.0
9.08813005624946,1.0718969559174925,1.2340281537798066,0.7346844285801027,Si1,Si1,combo_002,6.676907637237291,1.322751021553058,hybrid,0.37735105,0.62264895,0.7547021,0.27974412,0.845493548314747,282.82867,1.6860641,0.6027744149000426,0.15099302927653008,0.1594845624468506,0.9999998219999998,0.7237060653406473,0.5822873542908129,0.5042662577198185,285.9052656473331,3.2663884381739305,826.6186058040023,8.139247591428786,168.09939889969502,2.5702102092024313,74.29018165317342,1.0316472443107023,0.0
13.831360944587157,0.9963231620987328,1.2722928065195567,1.2484357785800608,Si1,Si1,combo_002,17.26756586967751,1.267614792107036,hybrid,0.5361249,0.46387511,0.92775023,0.07012319,0.2119390517892164,283.27924,0.4006507,0.6083304701309346,0.0,0.09698306262418353,0.9999998219999998,0.723667605821485,0.5832198896408106,0.24626707017214933,282.0802650560163,3.1230399240912323,1153.7225957003222,6.983807726548893,218.31801840548889,2.2484587872642727,93.13271733818993,0.9215433162871131,0.0
14.559572356547253,0.806479026755432,2.3381550239574844,0.5316773145868581,Si1,PU,combo_001,7.740994332062097,1.885672988124556,hybrid,0.5449859,0.4550141,0.9100282,0.105881795,0.32001521710130526,281.92572,0.20175101,0.5916397249669869,0.0,0.05241047106980821,0.9999998089999999,0.7236514254350461,0.5661707158660029,0.2732485514792021,283.5813512021909,3.1296946564008876,1273.390629488655,7.565324150520948,211.30517139045745,2.335441437434585,96.65120404416881,1.0221027960955409,0.0
15.412218829175167,0.9487628253979339,1.2025995385421797,0.7852569239250495,Si1,Si1,combo_002,12.10255154865782,1.14098173600953,hybrid,0.5643305,0.43566948,0.87133896,0.16162701,0.48849854120655745,282.57822,0.29018933,0.5996859195546124,0.0,0.03341938097018347,0.9999998219999998,0.723482413443349,0.5731620003472921,0.33121842889382797,282.8287792191954,3.21597860104246,1258.038696278599,7.45733026236089,225.03482926799717,2.2664507304093906,96.51168892298605,0.9983878919310899,0.0
12.381764971394336,0.9113322831501032,1.4378134476157292,1.7253610193953384,Si1,Si1,combo_002,21.363014632958425,1.3103258119595638,hybrid,0.5793029,0.4206971,0.8413942,0.16464163,0.4976098864500153,283.62122,0.2756498,0.6125475627154223,0.0,0.16100557153368086,0.9999998219999998,0.7232992149011642,0.588796236926063,0.35324128510930397,283.1095188181691,3.082670444503263,1089.7512646950113,6.9955002420220955,214.05751780726513,2.2472396026049695,91.11277595965619,0.9666921920105486,0.0
15.461325953198934,0.7313622431482283,2.2065050881863675,1.1575325657959836,Si1,Si1,combo_002,17.896988301214392,1.613754510813961,hybrid,0.54441315,0.45558685,0.9111737,0.10767475,0.32543420396158057,282.83026,0.22526188,0.6027939837751446,0.0,0.036228516597041176,0.9999998219999998,0.7230825954346712,0.5759893167675051,0.2732095526681534,282.1918175621323,3.1190153534554876,1287.6274404422704,9.512913924235008,240.74293939860053,2.63935413671496,102.05291958010272,1.1635657487704756,0.0
10.022094086431524,0.9311531669436196,1.7429817874319729,1.7798565399875597,Si1,Si1,combo_002,17.837889704105795,1.6229830112923322,hybrid,0.45534188,0.5446581,0.91068375,0.08807029,0.26618204153258024,286.7793,1.4386438,0.6514911294665487,0.0,0.10711735312786684,0.9999998219999998,0.7229416310150499,0.6250922362704695,0.2884782256253515,285.96811303723666,3.061367243604803,914.0102358855142,7.223743257075264,190.6286554200217,2.2668173572850274,80.81272371787729,0.9843390398201618,0.0
10.810964208841442,1.1380687441024044,1.4895802326937813,1.0658333301082474,Si1,PU,combo_001,11.522685984390549,1.695244704661579,hybrid,0.41172323,0.58827674,0.82344645,0.21427266,0.6476138091726497,282.666,0.8651855,0.6007682288775632,0.0,0.061990970947557185,0.9999998089999999,0.7224965527100802,0.5760455024223414,0.4032185265790541,283.48789948198703,3.1471959071431272,946.6729755974978,7.419806602395899,190.46822180275723,2.3306372704654765,84.08501279204697,0.9722862885382836,0.0
14.025464866330136,0.6908779393341069,2.1615737097484375,0.9577452835719354,Si1,Si1,combo_002,13.432822825631574,1.4933835903097814,hybrid,0.56579447,0.43420553,0.86841106,0.10794871,0.3262622317112177,283.19104,0.31000447,0.6072428922646871,0.0,0.22997429174676207,0.9999998219999998,0.7224656531902114,0.5860465794715877,0.3043333211104553,284.6843379783659,3.1195748627542015,1195.9606035460786,8.733274775164114,216.8993593286553,2.543326453014725,95.75983897960685,1.0750146118565407,0.0
8.45333732453009,1.078141758340108,1.2755657322211993,0.9111740798678587,Si1,Si1,combo_002,7.702461858491331,1.3752406814153513,hybrid,0.37282062,0.6271794,0.74564123,0.32288072,0.9758688155080043,283.55316,1.7775667,0.6117083590331621,0.18119589487711601,0.03776462813589912,0.9999998219999998,0.7223518534773777,0.5870189951304843,0.5335530642003319,284.4835517553016,3.2653444604616246,795.7548193742343,7.81077592132561,163.8609575574169,2.3041987258667413,73.05261277551185,1.033328113271216,0.0
11.812137660401307,0.6058508044271269,2.6801961710172666,1.447351303281244,Si1,Si1,combo_002,17.096312837319296,1.6237990062333163,hybrid,0.4528033,0.5471967,0.9056066,0.10136865,0.30637477106567357,283.9891,0.48943228,0.6170841548184027,0.0,0.07731019607993336,0.9999998219999998,0.7221491857102513,0.5908422267029059,0.2782251953067118,284.3867418431663,3.0606698763246967,1055.7481604498641,7.233088398437303,203.2314093472354,2.28461138919322,85.97066603541015,0.9454627652661038,0.0
11.524554248464812,1.0702650261087503,1.1714112671561645,1.6951710298000464,Si1,Si1,combo_002,19.536090493356596,1.2537205104269766,hybrid,0.43847293,0.5615271,0.87694585,0.14777046,0.44661877071870854,283.66022,0.3985406,0.6130285054535068,0.0,0.045891165978569244,0.9999998219999998,0.7221267320314642,0.5860055430272209,0.3206970615057711,281.8485371686338,3.0981676443604784,976.3264949305648,6.538778751312628,199.3592404327712,2.046749350913247,82.14865720049112,0.901587743836678,0.0
10.642836346891459,0.6376851160653898,2.737928332954491,2.2993810811949587,Si1,Si1,combo_002,24.471936546296288,1.7459361467788037,hybrid,0.42726153,0.57273847,0.85452306,0.16733393,0.5057470363627831,284.49323,0.38963234,0.6233006595839883,0.0,0.08047154366292648,0.9999998219999998,0.7220634239741762,0.5964773689176868,0.3463927266659268,284.3660728395439,3.1138793445847024,988.1714048042746,7.0931075702562225,198.26835726059963,2.2259004370132884,81.43400037192619,0.9506126446487076,0.0
8.606602328882616,0.9854262696130975,2.590459284130599,2.0754105287086775,Si1,PU,combo_001,17.862233089771603,2.5527066289454314,hybrid,0.55908245,0.44091755,0.8818351,0.14870112,0.44943155650661687,285.31375,1.0140294,0.6334188969853018,0.0,0.018683224132062328,0.9999998089999999,0.7219887595542733,0.6050516742461707,0.33047112109732174,284.8605875903541,3.0563224286117925,836.92315398334,6.6695889244116255,169.56461766927697,2.0664893206910357,74.07723112035215,0.9334452339189645,0.0
15.079549922841586,0.7000432041009447,2.4047038631965516,2.1436464111222877,Si1,Si1,combo_002,32.325223073438735,1.6833965973060336,hybrid,0.58716816,0.41283184,0.8256637,0.1834082,0.5543296184114135,283.85638,0.6438471,0.6154475194757347,0.0,0.15610137876276933,0.9999998219999998,0.7218222621549703,0.5919770326717492,0.38005711098896133,284.53953633149706,3.2142485155030838,1264.3441372471755,9.354235921370279,252.11431548170336,2.7588567518235028,100.29619327004659,1.1067175859520466,0.0
8.552989887158848,1.0887483765905703,1.7771798499823037,1.5815599569521748,Si1,PU,combo_001,13.527066317747334,1.9349016765777065,hybrid,0.40390116,0.59609884,0.8078023,0.18747316,0.5666154866207235,283.02774,0.9140822,0.6052291797517839,0.0,0.22476785707399968,0.9999998089999999,0.7217926085500965,0.5851205268974213,0.40030814928655384,284.793785937185,3.0844124656542533,810.0377045234785,7.468650449008122,164.63200724907452,2.239348537150994,74.11578112157855,1.0933149322323508,0.0
13.290800190677404,0.8123135447889326,2.783324913215297,1.775572631252943,Si1,PU,combo_001,23.598781066018194,2.2609325265532663,hybrid,0.57873505,0.42126495,0.8425299,0.17231455,0.52080038313876,283.55615,0.4789104,0.611745238836239,0.0,0.11558091871622544,0.9999998089999999,0.7216618823705689,0.5870596858584565,0.3587947377783475,283.01653008973136,3.1190723401766403,1163.0351076841323,6.93410529563476,217.38572921864156,2.242998053066323,91.76998473185746,0.9094253833056344,0.0
9.943483097403854,1.1687102822972912,1.3545945181423849,1.2084711021303716,Si1,PU,combo_001,12.016411977734357,1.5831285416965497,hybrid,0.43701807,0.56298196,0.87403613,0.13138805,0.3971048685626703,282.16815,0.7847626,0.5946292469633434,0.0,0.11294207795560335,0.9999998089999999,0.7215173598154845,0.571782021336977,0.32150130251399267,284.10887298916055,3.1779279024522986,874.8125567109512,7.580802364393322,176.90933758964923,2.4637404808813588,79.34762927672479,1.007878582621049,0.0
13.116739659036,0.9399235224621088,1.7644900317471208,2.3706162023019726,Si1,PU,combo_001,31.09475555708759,1.658485685989032,hybrid,0.45185214,0.54814786,0.9037043,0.09663195,0.29205865744885395,283.39157,0.25494757,0.6097157206934457,0.0,0.0977827684818337,0.9999998089999999,0.7214801277871861,0.584257151018564,0.27138201876766016,284.8394910161423,3.1233447624312105,1179.1481795150498,7.314801226321121,218.2797516850943,2.275028759047048,91.43709018230767,0.9340963116103392,0.0
10.198459668269985,0.741725769835931,2.458728725534019,1.905706192128691,Si1,Si1,combo_002,19.435267739996828,1.8237024567644375,hybrid,0.40967354,0.5903264,0.8193471,0.20831534,0.6296085122810943,286.13107,0.9442005,0.6434976203118903,0.0,0.09414459574606633,0.9999998219999998,0.7214562355244805,0.6164627790121358,0.4033920387764649,285.9508194575366,3.041701824722465,945.1011305077711,6.656359415456239,192.91613088857662,2.072517346750655,80.4622024895994,0.9431054901977923,0.0
8.786584339179802,1.0479068938191598,1.4060957266146576,1.0540302051835737,Si1,Si1,combo_002,9.261325293888461,1.4734574052891605,hybrid,0.38198677,0.61801326,0.76397353,0.28628102,0.8652505592919751,284.41302,1.7733427,0.6223116787422933,0.12008841832478855,0.07407949321378669,0.9999998219999998,0.7212969699409454,0.5978559241694087,0.5001955754185887,285.6543498409651,3.2019544896252805,824.5534964125569,7.96237110954228,170.9360794253546,2.455182518310768,76.05010875077473,1.0204321062419197,0.0
13.472240886058046,0.9465175775081589,1.6714177250848794,0.6039477590451041,Si1,PU,combo_001,8.136529692450585,1.582026256151538,hybrid,0.5802332,0.41976678,0.83953357,0.15863319,0.47945006761404696,282.38583,0.32673904,0.5973135697730123,0.0,0.17148908870262292,0.9999998089999999,0.7208048517898957,0.5751870416729893,0.34952622579560066,284.35160544275936,3.1575697655011155,1206.0096263910118,8.455234151043246,205.6665238549799,2.58165179140847,93.66082459371744,1.0531635771687435,0.0
11.672595682579765,0.6361863937459624,2.652386909278454,1.1553568324280783,Si1,Si1,combo_002,13.48601317403902,1.687412462632859,hybrid,0.4558611,0.5441389,0.9117222,0.07134666,0.2156368596493077,284.8405,0.43920293,0.6275832326351636,0.0,0.1448233161511594,0.9999998219999998,0.7207852257657705,0.6024367402217476,0.2555435247833265,284.3088423885634,3.092411720343364,1040.3744572294247,7.634362780944753,200.42290480951982,2.42489514311128,85.70435930036709,0.9629583797477392,0.0
15.100657423318042,0.8819825606918382,2.523036791111089,2.278711300875249,Si1,PU,combo_001,34.41003872116054,2.2252744497438766,hybrid,0.41312003,0.58687997,0.82624006,0.17879012,0.5403720218270917,282.6681,0.5863989,0.6007941952695255,0.0,0.16057634925235978,0.9999998089999999,0.7206421150709601,0.5785272523969841,0.37464186911091735,283.0737268883836,3.1557816569437405,1289.8155913174664,7.865337906425767,248.65988088057662,2.5625607271281794,99.87071038667045,1.0654945296563574,0.0
12.733460575467735,0.8364902348514633,1.7109076548183384,1.7314942779126206,Si1,Si1,combo_002,22.047914124448326,1.4311575459881583,hybrid,0.41843295,0.58156705,0.8368659,0.16625431,0.5024840156934126,283.47906,0.21729487,0.6107946430957057,0.0,0.1550226421420388,0.9999998219999998,0.7205732020324574,0.5868994669439492,0.35282950368311927,283.0526825080368,3.0851833856105526,1110.5483402437894,6.939975179798025,216.17534064517946,2.26280489460552,91.54298821936071,0.9278595895505806,0.0
12.749641432241841,0.9776242598140352,1.873171594726286,1.1172241813149661,Si1,PU,combo_001,14.244207711195763,1.8312579937989613,hybrid,0.5444506,0.45554942,0.91109884,0.06480702,0.1958715618642183,283.1885,0.5510958,0.6072116573294281,0.0,0.16754208068065318,0.9999998089999999,0.7203461522135803,0.584577011705392,0.25437332766005727,282.7282011545255,3.110827957343143,1131.6864231074442,7.687391395933878,205.71979861307824,2.4366227915657213,89.93118928538435,0.9764773961821729,0.0
10.400508918486741,0.9590857181419713,2.6199770205927964,1.125072759222097,Si1,PU,combo_001,11.701329266235906,2.5127825423107044,hybrid,0.4514311,0.5485689,0.9028622,0.07537604,0.22781517950441826,284.7764,0.50569296,0.6267925748161373,0.0,0.16331713110985024,0.9999998089999999,0.7196982006866108,0.6023833267365128,0.2639704114206862,284.4237253408096,3.049446509598737,938.719599944521,6.882611165527507,188.9533774424146,2.1295052649672286,80.99421404303087,0.9380814263926406,0.0
11.813860733919562,0.8187095218648005,2.872846248290197,0.8785208137493713,Si1,PU,combo_001,10.378722545484758,2.352026578328753,hybrid,0.5574729,0.44252712,0.88505423,0.13455456,0.4066752759394425,283.73294,0.86601794,0.6139252867875095,0.0,0.035958308682008625,0.9999998089999999,0.7196932264045277,0.5873705079042519,0.3150025481227395,283.3418398664024,3.1624473319936866,1052.8059587384448,7.080387140002885,196.45184073578076,2.225123636208036,86.45501514937729,0.9135325647453005,0.0
14.416843669535375,0.8865536600918258,2.0998125513338017,0.7929853169429699,Si1,PU,combo_001,11.432345346603759,1.8615965028917367,hybrid,0.5585413,0.4414587,0.8829174,0.13435721,0.40607880592142864,282.09842,0.32355753,0.5937693454324176,0.0,0.045947415381349076,0.9999998089999999,0.7196059999329325,0.5681544024904356,0.3049485029933624,283.462453729566,3.094508446298547,1262.7200591085552,7.515526210430986,215.85944963509303,2.3139468350481613,96.48731911807496,1.1032494403828714,0.0
11.93143403756494,0.7873677720936733,2.9613752691599764,1.462806720779589,Si1,PU,combo_001,17.453381898688342,2.3316914480117927,hybrid,0.57145447,0.42854553,0.85709107,0.15694259,0.47434043990159236,283.72314,0.8473834,0.6138044866162066,0.0,0.08398213161658138,0.9999998089999999,0.7193279978804057,0.5886666856292444,0.34549925288614125,283.22295702156237,3.1203842166758706,1069.398834059694,7.06176937972685,202.58449605440794,2.181995061125882,86.35294169637471,0.8962715974473041,0.0
8.867698172961163,1.2082320294258786,1.110558554364972,2.1114370671331946,Si1,PU,combo_001,18.723586622539504,1.3418124159366602,hybrid,0.37783474,0.62216526,0.7556695,0.27655345,0.835850135962197,281.63882,0.8175506,0.5881018981432524,0.14776841799418144,0.13079260918066962,0.9999998089999999,0.7191769000411004,0.5663711459266291,0.4784253707403976,281.9310468721254,3.1239818383155327,792.9695207584423,7.862220192122593,156.59254564085165,2.2627484165508136,70.88358549708627,1.0781394803584814,0.0
13.697941603274174,0.7205467290638665,2.1140527423878366,1.0965073195698163,Si1,Si1,combo_002,15.019893231030036,1.5232737885960526,hybrid,0.55841047,0.44158953,0.88317907,0.09744859,0.2945268426370316,283.44717,0.27208748,0.6104013839710591,0.0,0.17086164413080837,0.9999998219999998,0.7189554585954823,0.5871110495472821,0.28356613769238925,284.16203772029564,3.1233220092826737,1169.740406774294,8.40456178725007,216.14359265222356,2.543444656286387,94.5444755812329,1.043070229421097,0.0
12.460056081021552,1.140918020461825,1.2366957923826851,1.8464111630918634,Si1,PU,combo_001,23.00638664074885,1.4109685153587213,hybrid,0.46373063,0.53626937,0.92746127,0.060485423,0.18281004393539424,283.186,0.6304791,0.6071807987186902,0.0,0.09515311160170344,0.9999998089999999,0.7188929748303687,0.5825192403175558,0.2406034730979227,282.15626631180515,3.1609050308727102,1043.22919508728,7.106241672073255,204.5310205900377,2.299791586236997,84.96300758124397,0.9228903972278382,0.0
14.648811418814788,0.9286265260244296,2.0302397786518114,1.1502259353022801,Si1,PU,combo_001,16.849442815272962,1.8853345126460386,hybrid,0.568712,0.431288,0.862576,0.14911543,0.4506837652336524,282.4334,0.43892843,0.597900259701552,0.0,0.08238978928718234,0.9999998089999999,0.7188400061486033,0.5732549070233285,0.32843917036651504,283.2197954535026,3.0694952042627395,1278.0463106006682,7.21537045105566,224.87741862180027,2.1903373277415388,97.37668585918723,1.0806162225738953,0.0
11.648212326477749,1.1750343165800095,1.2713645738499424,1.4402969794605922,Si1,PU,combo_001,16.77688502994154,1.493897003157802,hybrid,0.4109459,0.5890541,0.8218918,0.19180742,0.579715263480407,282.78915,0.5860525,0.6022870746450978,0.0,0.11800129656088745,0.9999998089999999,0.7185280530873517,0.5786228289104558,0.38201850158723205,281.92922460510874,3.1471197956079666,982.9993999168115,7.08710962245739,196.47704610633647,2.2221683595712225,83.39818248303344,0.9370447687228354,0.0
9.360524641452436,0.8061524312856995,2.708010547320475,0.572894552584451,Si1,Si1,combo_002,5.362593576420622,2.183069286669719,hybrid,0.62167966,0.37832034,0.7566407,0.27347273,0.826539006590084,291.43045,2.479007,0.7088463734170379,0.0,0.13160544770076207,0.9999998219999998,0.7184617362351924,0.6804584630444509,0.5100319051087638,288.9301851928613,3.289650223805566,878.9526212800829,8.93504512078952,181.1125145811731,2.732255781935773,77.7180954626884,1.086018673412243,0.0
11.184303722833231,1.124948984513066,1.4587557267108082,2.169918362511763,Si1,PU,combo_001,24.2690260200845,1.6410257734159435,hybrid,0.55575824,0.44424176,0.8884835,0.09394604,0.28394080589026305,283.90738,0.5077098,0.6160763577506482,0.0,0.15301376352383456,0.9999998089999999,0.7182480721940796,0.5922189210212014,0.28211105066388403,282.57162836044284,3.1502348605578074,979.6316580012077,8.043621636152631,199.30601405307036,2.548077553962114,85.44624485755922,1.0077140790253496,0.0
11.77156977566877,1.1800962874806054,1.1403657632350772,0.7204014453012282,Si1,PU,combo_001,8.480255879856037,1.3457414035637016,hybrid,0.39083755,0.60916245,0.7816751,0.23892567,0.72212459702019,281.9231,0.6793669,0.5916073610581644,0.06108299891153985,0.13551921780327175,0.9999998089999999,0.7181940775828723,0.5694902879175102,0.4364407983263998,282.46522157038146,3.233807355006724,968.4265323809083,8.227504928020831,183.80101526894802,2.552955740319222,81.08539791206069,1.0698990983789622,0.0
8.300403627726498,0.9574242032275062,2.020024917560111,0.6730984680662345,Si1,Si1,combo_002,5.586988966154121,1.934020747194698,hybrid,0.6159095,0.38409048,0.76818097,0.24973828,0.7548044344870641,290.34686,1.8910811,0.6954842186430416,0.0,0.15942429121644047,0.9999998219999998,0.7181149378484359,0.6679460404820644,0.4768032341826243,286.97675875011487,3.3271394614682976,806.6046725327905,9.45110306713453,170.19870312671767,2.789730017169298,74.02978262708146,1.1496687038363256,0.0
15.269844256656178,0.749901297660591,2.764377357641753,1.1254838742077904,Si1,PU,combo_001,17.185963472530972,2.073010167719106,hybrid,0.5402497,0.4597503,0.9195006,0.078310624,0.23668460850642628,281.9145,0.28867114,0.591501237543188,0.0,0.06212905311499682,0.9999998089999999,0.7180269897526024,0.5664906615792723,0.2473582537322086,282.6021867898187,3.086359867944346,1319.8740293416786,6.693476518937485,229.7120803641547,2.147619062215044,99.22509985608245,0.9136422554634529,0.0
10.144012370100846,1.1999364303925042,1.1974584812151643,1.4607799975984417,Si1,PU,combo_001,14.818170365634476,1.4368740554925539,hybrid,0.5844276,0.4155724,0.8311448,0.19147545,0.5787119292112048,282.6209,0.6878425,0.6002123975597613,0.0,0.07111157589255875,0.9999998089999999,0.7179046753903726,0.5754898840120619,0.37676245562802735,283.38011264015154,3.198156794387067,869.6923560696672,7.537762295220607,174.59223516678227,2.473833076005794,76.02842016841299,0.9285517903218827,0.0
14.954993186531315,0.9676471614945061,1.3468219090693077,2.370768275951648,Si1,Si1,combo_002,35.45482341370149,1.3032483973495275,hybrid,0.55715626,0.44284374,0.8856875,0.102512114,0.3098307527583135,283.90817,0.4820376,0.6160861421881991,0.0,0.1319911112535573,0.9999998219999998,0.7177875524770008,0.591551228240277,0.28748229269792636,284.8827467988577,3.284197311776406,1248.4841411319512,8.264186827653162,246.5624263434359,2.6604908354995267,100.34820912297342,1.1381690736256729,0.0
12.140669149816311,0.7546078439193062,2.959524886371204,2.3303669781512903,Si1,PU,combo_001,28.292214479392033,2.233280693530104,hybrid,0.42428,0.57572,0.84856,0.17942922,0.5423036136877529,283.83435,0.56867296,0.6151758131714335,0.0,0.030422481246166897,0.9999998089999999,0.7176175677677401,0.5878219526303473,0.35542417043881147,283.43934695459967,3.1185544004284593,1097.275640183734,7.214455845533252,210.45405863334645,2.171030158985083,87.0058093994731,0.9204661160718658,0.0
11.057998378615693,0.9481359851845867,2.4983697517281325,0.7334739638769562,Si1,PU,combo_001,8.110753903308208,2.3687942659101244,hybrid,0.41178244,0.58821756,0.8235649,0.19907944,0.6016940847414376,284.1096,0.424069,0.6185698840280723,0.0,0.07474872127601272,0.9999998089999999,0.7173056897047232,0.5920150951280586,0.37983588924700834,283.63084128828007,3.0915489229778723,985.0778940168454,8.037685198821556,191.49856534465076,2.4886681235985075,83.37451930486965,1.1106082152994872,0.0
10.380750480029581,0.9881130108411833,2.523955858522367,1.0292789638933677,Si1,PU,combo_001,10.684688098520427,2.4939536225947796,hybrid,0.43507344,0.56492656,0.8701469,0.12703377,0.38394456197600013,284.7649,0.46181002,0.6266507004716475,0.0,0.11120385290291043,0.9999998089999999,0.717007539799861,0.6006107476905289,0.3098810466881712,284.1196630131612,3.052413100833026,933.2524703680576,7.438611448387444,188.4325959905585,2.2338514634479854,80.96069901935955,1.0596804111836107,0.0
11.577992814713658,0.9322786143876822,1.4087385375577144,2.186570049986926,Si1,Si1,combo_002,25.316092327616712,1.3133368118288358,hybrid,0.55271083,0.44728917,0.89457834,0.10456711,0.3160417377688292,284.0146,0.22911789,0.6173983857935988,0.0,0.07684600452906444,0.9999998219999998,0.7169782305543109,0.5906508028091202,0.2760954474017184,283.27347832445537,3.110887678521251,1033.2488307993892,7.905158682042572,208.15607621045214,2.541945386785127,87.13531881760355,1.0077473578387908,0.0
10.258916479705302,1.088899060851305,1.112643983392817,2.4561839181771488,Si1,Si1,combo_002,25.197785675374693,1.2115569885782933,hybrid,0.45637703,0.543623,0.91275406,0.080624975,0.24367946248881844,284.16974,0.62637436,0.6193116196593436,0.0,0.07703740910290224,0.9999998219999998,0.7169628408842309,0.5931287673943446,0.25910458014090665,282.5541341423371,3.244526132882101,901.2688979436722,7.317249396017971,184.10437092343403,2.3579115087883387,77.3603394996729,0.9649639173489458,0.0
14.581369047156493,0.6533025192872559,2.6040726452412244,2.0536474900769037,Si1,Si1,combo_002,29.944991945577986,1.7012472195431205,hybrid,0.42181855,0.57818145,0.8436371,0.16755126,0.5064039009967859,283.54428,0.47556472,0.6115988485974949,0.0,0.09026552934705838,0.9999998219999998,0.7169335097009064,0.5861595486015977,0.34988869971832437,284.3238912022687,3.1943848435209303,1229.0105867344193,8.027086356580641,242.2110494973978,2.4984012554920345,97.6444028980699,0.998462238096657,0.0
11.275421903468228,0.9593880493776871,2.353017390028934,1.2095061047037858,Si1,PU,combo_001,13.637691625355602,2.257456763971635,hybrid,0.4445789,0.5554211,0.8891578,0.082467705,0.249248895445075,284.15695,0.57546556,0.6191539396849637,0.0,0.1793615809219086,0.9999998089999999,0.716804831209539,0.5959621771598496,0.27533792738436225,282.9071730902076,3.0680585503268882,1005.2962745906756,7.66732145678174,196.82989617694827,2.3595087441176643,83.95979717206528,0.9998642440262204,0.0
14.369797786713434,0.8120195858808579,2.833775946031687,1.6245776500170634,Si1,PU,combo_001,23.344852319559312,2.3010815701757865,hybrid,0.4405324,0.5594676,0.8810648,0.13174613,0.39818710765455145,282.67084,0.33002943,0.6008280644764329,0.0,0.041481448507598086,0.9999998089999999,0.7167505061160215,0.5745260453199582,0.3016518505800394,282.91102257807546,3.0915635014927623,1235.6388271343249,6.9207165966843025,228.31725529704968,2.206312593253344,96.31780377982588,0.9154209221077355,0.0
8.965234652165268,1.026654567742408,2.2834048530420477,1.8549470263711614,Si1,PU,combo_001,16.63003535875366,2.3442680223808,hybrid,0.5698896,0.4301104,0.8602208,0.12962684,0.3917818105107889,285.0805,0.8371098,0.6305426486698246,0.0,0.1436345022920706,0.9999998089999999,0.7164120490449828,0.6058369513580092,0.3253367525910182,285.12867132369064,3.055203457351597,849.0213963410299,7.915928362601025,173.04909276456354,2.3482242190411746,75.37474658109015,1.0578835246513658,0.0
12.681719012703782,1.1803687435717445,1.136314994596975,2.2975027271380624,Si1,PU,combo_001,29.136284016485554,1.341270702474165,hybrid,0.44300842,0.5569916,0.88601685,0.110300854,0.3333712995236977,283.03152,0.4739355,0.6052758439924117,0.0,0.09147171737735749,0.9999998089999999,0.7163483901871146,0.5803756495417729,0.28947414640995317,281.4968032427882,3.2777379660521704,1031.5751181670232,8.095358962736624,204.0316726361245,2.622592399369197,84.46438189132309,0.9959467161169699,0.0
11.537731610676069,0.9663397106265399,1.8021776248319807,2.1526721398081894,Si1,PU,combo_001,24.836953394886642,1.7415158044777612,hybrid,0.553141,0.446859,0.893718,0.095770404,0.2894547307449489,283.99814,0.32798272,0.6171955468766758,0.0,0.10709929428770913,0.9999998089999999,0.716335587598125,0.5915489959641888,0.27339539592573925,284.69528219507004,3.070695424701582,1047.435035211898,6.854340935592631,201.3871713986867,2.090741206976159,85.4717364244864,0.9294461404018732,0.0
10.88729935297076,1.0591529792081391,1.7721694164982789,0.8469270525068732,Si1,PU,combo_001,9.220748350771514,1.8769985171457015,hybrid,0.62134635,0.37865365,0.7573073,0.29302213,0.8856247573068703,284.17682,1.1774074,0.6193989269482603,0.0,0.03777171394311049,0.9999998089999999,0.7157574352397678,0.5930187971995943,0.48941848960272233,284.61514407302604,3.1211089448121694,969.810393629989,7.955773064637426,190.0145582177479,2.3377485959856754,83.30550985941905,0.9843027440782403,0.0
12.825341934019542,1.0028907254552204,1.4262739989277031,2.2787449816787433,Si1,PU,combo_001,29.22568357046098,1.4303969654825224,hybrid,0.5633553,0.43664467,0.87328935,0.1195252,0.3612508008704391,283.34174,0.20061395,0.6091011827503376,0.0,0.10889443906814426,0.9999998089999999,0.715178823076698,0.5839277379814014,0.29612982333708315,285.0025175018725,3.1471689112736465,1132.425894834605,8.450397849357927,214.2120088747561,2.4751081436815876,91.65839984542816,1.0292819203277859,0.0
9.399294772338662,0.8330959219137876,2.5093116798110198,1.3330592303038162,Si1,Si1,combo_002,12.52981665461246,2.0904973272611964,hybrid,0.4155919,0.5844081,0.8311838,0.15707974,0.4747549604426525,291.12384,2.4553692,0.7050654409526128,0.0,0.1713975877246115,0.9999998219999998,0.7151207844479941,0.6781314007516956,0.3923820093217444,287.63974066877626,3.1013743941570358,882.6220426603643,7.503270220145319,184.62503022494624,2.3322962736926254,77.80532755608012,1.0305972499339648,0.0
11.189032048797355,0.7929853399158879,2.7118436919106887,2.3880723835513535,Si1,PU,combo_001,26.720218434403982,2.150452291828554,hybrid,0.5677212,0.4322788,0.8645576,0.1425666,0.4308907246570275,284.59952,0.6338511,0.6246113978913032,0.0,0.06639138259513605,0.9999998089999999,0.7150102926871758,0.5976985837238502,0.32318796577253106,284.80175020652973,3.093992640938747,1033.8899685673798,6.949298285170929,199.53973390067708,2.17126994532986,82.88928251740138,0.9326331524923225,0.0
13.437660207402585,0.5449881590437877,2.7870639749938575,0.8321893736015022,Si1,Si1,combo_002,11.18267803066819,1.5189168648691636,hybrid,0.54636914,0.45363086,0.9072617,0.07259398,0.21940672670819258,283.05823,0.31721577,0.6056051279484556,0.0,0.10960907678008532,0.9999998219999998,0.7142068742868775,0.5809418054684972,0.24902991097756175,284.9139533954465,3.2670364093032846,1162.594841993679,7.8359545388493,209.0472464124356,2.409932796577464,92.15712006938159,0.9679272244303779,0.0
15.418345609501806,0.5768489983266991,2.2963264244774866,0.570950105332043,Si1,Si1,combo_002,8.8031060497909,1.3246335977909687,hybrid,0.5845301,0.41546988,0.83093977,0.19699623,0.5953978221728496,282.5232,0.7742679,0.5990074064429016,0.0,0.022797868778852884,0.9999998219999998,0.7141255526272666,0.5730867912001739,0.3771627470196126,284.43654187160547,3.182578121841716,1314.8508611286345,9.054831396768371,224.52754137875772,2.5122858043093395,100.59364163254955,1.1936573553213843,0.0
13.457316906717208,0.8756921243705647,2.475520053551713,1.9016417327607367,Si1,PU,combo_001,25.590995440800068,2.1677934146166336,hybrid,0.44193688,0.55806315,0.88387376,0.122474074,0.370163420354724,283.4512,0.3966544,0.6104510588078566,0.0,0.03804061496250966,0.9999998089999999,0.7137795609835507,0.5833953944949144,0.29272066128465946,282.91678933685347,3.084133328779112,1175.7256273628489,6.909516125597682,220.47219250083637,2.205549778868502,92.94112470429664,0.9675206318569366,0.0
14.08246116139847,0.9299869677281436,2.0814008657362244,1.5016163555748268,Si1,PU,combo_001,21.146454006703213,1.9356756797527643,hybrid,0.5661877,0.43381232,0.86762464,0.13331217,0.4029202710903088,283.05304,0.26832724,0.6055411527798528,0.0,0.0750638114730962,0.9999998089999999,0.7137453151385511,0.5797589616971309,0.3070555284664287,283.6834408033986,3.045486360380061,1232.805745486844,7.041500112007618,222.71543179136398,2.1918349936283317,95.51400298908105,0.9981132658037968,0.0
10.86581472014353,0.8866482888893638,2.69313379035294,1.5684162706893714,Si1,PU,combo_001,17.042120601369188,2.3878624669665607,hybrid,0.5573796,0.4426204,0.8852408,0.08586796,0.2595257531920198,284.58456,0.74476844,0.6244269988759187,0.0,0.1577515658454099,0.9999998089999999,0.7132604817339645,0.6004685516834989,0.2792336980707507,284.14092950542016,3.060715550376451,985.0900041758265,6.920672422901374,194.84370041353787,2.183476650665151,82.23861215360284,0.9190798196042428,0.0
12.553464843469328,0.901949988715413,2.056962827832315,1.9548327842315887,Si1,PU,combo_001,24.539924631712513,1.8552775993513806,hybrid,0.46140963,0.5385904,0.92281926,0.050784312,0.15348958379777738,283.4876,0.34131092,0.6109000139616397,0.0,0.1066822373219204,0.9999998089999999,0.7132029093094516,0.5857684835897594,0.22602374814043108,284.0666765711058,3.081343432657127,1130.3182073325877,7.062854033531123,210.59913214042498,2.2329239960580725,89.1362074466267,0.9420147714827504,0.0
14.989449391678725,0.8177525638026173,2.6687301485649186,1.3894425250102205,Si1,PU,combo_001,20.826978411287,2.182360921086302,hybrid,0.45743775,0.54256225,0.9148755,0.058272827,0.17612273636160314,282.2051,0.1909241,0.595084975958508,0.0,0.11596582804298514,0.9999998089999999,0.7130550108895624,0.5712276011937985,0.232193080007627,282.5240241035247,3.0795317648253304,1286.8717776230696,7.063517192249298,231.66358728384648,2.252661825542833,98.60337575033654,0.9530187668477677,0.0
15.420097815351214,1.1880168775785647,1.1260247791092226,1.8768417563928523,Si1,PU,combo_001,28.94108346751336,1.3377364421534317,hybrid,0.58297426,0.41702574,0.8340515,0.13954233,0.42175019543805825,283.2268,0.3294865,0.6076839446035252,0.0,0.2007877776236751,0.9999998089999999,0.7126236194179207,0.5856116717404912,0.3337835270231453,282.427567809697,3.3900678535492657,1227.7470246441226,8.473570054080794,233.52416032366654,2.6778676452696484,94.16178765426714,1.027206845475897,0.0
15.599165500001993,0.8603096340554225,1.8726882067303197,1.9713080358234498,Si1,Si1,combo_002,30.750760302293852,1.6110917058320666,hybrid,0.38034716,0.61965287,0.7606943,0.2300288,0.6952348512873782,283.45746,0.52543503,0.6105282053347012,0.13101911544799819,0.22112442696108514,0.9999998219999998,0.7125917145486365,0.589189711875821,0.4366512286838187,283.2618133315145,3.24506063755758,1290.0604524657817,9.46729983530482,258.68161560530336,2.9314108685587117,102.68063810391916,1.175945707676145,0.0
15.974277253385296,0.9032517413274578,1.2222065097600856,0.644879911289139,Si1,Si1,combo_002,10.301490498071221,1.1039601582025518,hybrid,0.5898166,0.41018343,0.82036686,0.20116277,0.6079907076060196,282.3729,0.4561129,0.5971540081760266,0.0,0.04415813152037832,0.9999998219999998,0.7124470361159352,0.5714522077906571,0.37812120599301197,282.5116268390918,3.363007222140213,1310.6838348528024,8.422281783998198,231.7793204590968,2.5405457724256983,99.41562255876299,1.048011471175154,0.0
13.833134508152998,0.9758781290042556,1.8568446591025178,1.9507398874475896,Si1,PU,combo_001,26.98484725348175,1.81205409177651,hybrid,0.45886722,0.5411328,0.91773444,0.073207445,0.22126085493015077,283.35574,0.23228484,0.6092739157055652,0.0,0.04456738202014392,0.9999998089999999,0.7124234837641772,0.5822136078877169,0.2381465688551539,283.70741953913006,3.0529575631852475,1220.6118239437787,6.772827129144222,224.15552173836036,2.1326658410970816,94.0868152642703,0.9492308197665992,0.0
11.46491816971977,1.0405046925350623,1.8977982290799944,0.7924011210041058,Si1,PU,combo_001,9.084814009906285,1.9746679628424653,hybrid,0.38085315,0.6191468,0.7617063,0.25886622,0.7823925689671836,283.152,0.83796567,0.6067615732020814,0.12764549255371108,0.11229176331562712,0.9999998089999999,0.7123913320498323,0.5830196138176987,0.4573670045628676,282.80944285331134,3.115456138287118,1014.3728879972587,8.251873414852712,194.67086609202534,2.4147985131507927,85.24330294946274,1.0072099231913887,0.0
13.603385573574984,0.8667713664776537,1.3479418679690034,0.5648739276224974,Si1,Si1,combo_002,7.684197837908521,1.1683574148319342,hybrid,0.4346501,0.56534994,0.8693002,0.11483759,0.34708303912913574,282.7945,0.37517557,0.6023529314363065,0.0,0.1194460578117117,0.9999998219999998,0.7120254156985617,0.5783487819421042,0.29640419220771336,284.6780597371874,3.2074259501436533,1167.24245339971,7.64202677486468,206.2203677100416,2.33111742120285,95.33013920654341,0.9532335161506335,0.0
14.929854338400869,0.9009875063352677,1.3011508066515485,0.7208588151115618,Si1,Si1,combo_002,10.76231710816786,1.1723206206511008,hybrid,0.5818914,0.41810858,0.83621716,0.18026645,0.5448340625273881,282.5965,0.31701058,0.5999113379428069,0.0,0.040658972510420166,0.9999998219999998,0.7119583414999571,0.5736346477519969,0.3525826720696724,283.7835816853783,3.2020582041017334,1248.8919892818597,7.307754058416649,221.30445188842415,2.322283414040503,99.09376856469073,0.9407328057916235,0.0
8.159370646686881,1.1920781567499494,1.1338615263432228,0.6523444589583418,Si1,PU,combo_001,5.322720229953529,1.3516515583329132,hybrid,0.6206406,0.37935942,0.75871885,0.22382136,0.6764736083634788,282.69073,1.838627,0.6010734280642507,0.0,0.24709004341017643,0.9999998089999999,0.7119127389548399,0.5836240660704819,0.46144041309451206,282.5360718092791,3.3419240645825234,750.6561215551205,9.618553438524396,147.53303618717723,2.8306236922790746,68.34160611078373,1.1554303274816036,0.0
12.885784206868358,0.7935985343728345,1.861819854413096,1.574592555393758,Si1,Si1,combo_002,20.28985988254538,1.477537507728477,hybrid,0.5620348,0.4379652,0.8759304,0.107005544,0.32341161484394276,283.6018,0.33878326,0.6123082203199436,0.0,0.11522116492568206,0.9999998219999998,0.7118810212319181,0.587315670929767,0.2867244431234637,283.3226447052274,3.096682784974128,1117.5610086549636,7.181793279806593,214.86028423621576,2.341487756837152,91.59303308012126,0.9408026655920055,0.0
15.325979068762322,0.9675052498294642,1.5860202314528697,0.7083706719608189,Si1,PU,combo_001,10.856474091396612,1.5344829002663933,hybrid,0.39026296,0.60973704,0.7805259,0.23318863,0.7047850820884881,281.5513,0.6749074,0.5870225994164712,0.06491359074910495,0.11014703279896038,0.9999998089999999,0.7116744420725265,0.5645031483950128,0.4264728856262037,282.65216954049885,3.1784232861979396,1352.0134049972794,8.656114644733313,228.8355543434933,2.5912424386671677,102.32834719853881,1.1886125429078658,0.0
15.497091008886724,1.067984447782078,1.1472100271804757,0.7510024494671429,Si1,PU,combo_001,11.638353307289167,1.225202467368403,hybrid,0.38814777,0.6118522,0.77629554,0.22660644,0.6848912036705515,281.61133,0.7806883,0.5877628297496577,0.07901485761006687,0.14718516534461754,0.9999998089999999,0.710895647862865,0.5664849072348105,0.42727778255889887,282.63963682723227,3.293648961638858,1277.869543625026,8.339869198440686,217.74390521439253,2.5626247509896847,94.03015275940633,1.0810282862200384,0.0
8.211620647419055,1.0780267806828512,2.474516713797878,0.9554470323110331,Si1,PU,combo_001,7.84576857804054,2.6675952867214345,hybrid,0.40155903,0.598441,0.80311805,0.21228054,0.6415928577804524,284.7768,1.6690973,0.6267974670349128,0.0,0.07141043658729697,0.9999998089999999,0.7106990001199815,0.6017159266872456,0.419335093998832,282.8732976175461,3.193972261991004,791.7591273164421,9.279707448216465,164.2874507090524,2.7466598338113526,72.7428632163743,1.239376775874974,0.0
12.87930453209443,0.8951306895981878,1.9449032979764693,2.429640709289429,Si1,PU,combo_001,31.29208259851247,1.7409426303194666,hybrid,0.43601662,0.5639834,0.87203324,0.11944037,0.36099440523373166,283.51276,0.36076173,0.6112101053671027,0.0,0.07809963403966355,0.9999998089999999,0.710466643449222,0.5852311534564937,0.29476979032606243,284.9621337121952,3.131670446524438,1164.9893061179507,7.321353593656037,216.1323778681679,2.315334468979065,90.04395428478828,0.9755080367480686,0.0
12.9096373132565,0.6245739443722755,2.40343494052397,0.9178798529572838,Si1,Si1,combo_002,11.849495998823741,1.5011228408452015,hybrid,0.5660616,0.43393838,0.86787677,0.09076499,0.2743264649207263,283.4558,0.31572303,0.6105078838105568,0.0,0.19845023002946552,0.9999998219999998,0.7103380391274505,0.5881148998562649,0.28154677697281044,284.99781707314236,3.190560057247218,1124.9982669239562,8.088437124533302,205.73631216185763,2.6813458772214003,90.53241558723956,1.037603292732336,0.0
11.888176498158826,0.794644812186014,2.863714965719746,1.6663756521253175,Si1,PU,combo_001,19.810167864700286,2.275636241088645,hybrid,0.5662092,0.4337908,0.8675816,0.14304882,0.43234816698962697,283.81494,0.76267916,0.6149364707759548,0.0,0.00951093822578297,0.9999998089999999,0.7097759377918078,0.5873221503910051,0.31785998828435635,283.44935964480703,3.0862958162326652,1069.1131965955058,6.663811494808434,203.7172028757798,2.0823143216235813,86.49772761502375,0.886972555207661,0.0
10.174630627907229,0.90305086924768,1.8413223792721376,1.2200759587172052,Si1,Si1,combo_002,12.413822217937351,1.6628077751669101,hybrid,0.43819094,0.56180906,0.8763819,0.096014395,0.29019216657060276,290.32385,2.1512544,0.695200469954062,0.0,0.1349425842607987,0.9999998219999998,0.7096812230901471,0.6674168782696762,0.3159572919201749,287.31420416433417,3.057570113381785,920.9107557061872,6.734813948314911,190.5072970217127,2.1145739280223905,81.3147947410186,0.9264760457779715,0.0
10.286366069651004,0.9605901126063824,2.575944106218213,1.4356132250515663,Si1,PU,combo_001,14.767243167312683,2.4744264390599002,hybrid,0.53873485,0.46126515,0.9225303,0.056434345,0.1705661389501317,285.1069,0.66705376,0.6308681693806564,0.0,0.05917229499934783,0.9999998089999999,0.7095349155359998,0.6032977536921903,0.23168581393918508,284.5144139213784,3.045557179029428,934.4929913399228,7.019705173183301,188.9950663802041,2.188061243002749,80.56582740795993,0.9609892139080501,0.0
12.557462791355766,0.8630246424881459,2.605663986524074,0.9705907818438919,Si1,PU,combo_001,12.188157628637574,2.248752230414176,hybrid,0.4403382,0.5596618,0.8806764,0.080455944,0.24316858528787155,283.357,0.5997586,0.6092893450109341,0.0,0.16770973826041569,0.9999998089999999,0.7093607474967096,0.5865807379619867,0.27197004622115717,282.1124054601192,3.1463269203064756,1103.043969331082,7.982901060338546,202.5329367709597,2.5823406544878416,89.05357442520591,1.0025988023590982,0.0
8.426081327561626,0.9054999839587599,2.3411738498155255,1.5591779413692406,Si1,Si1,combo_002,13.137760138117333,2.1199328834526265,hybrid,0.44361416,0.5563859,0.8872283,0.10550685,0.3188819961262776,290.998,3.0117595,0.7035134786272133,0.0,0.04613155854506102,0.9999998219999998,0.7091149250531524,0.6739428951782643,0.330671508249514,285.98215268492623,3.2446694521367148,827.5409040084361,7.8354707719563725,174.08725817429178,2.444622854339949,73.85824590611057,1.0135098653922896,0.0
15.84978010932558,1.0251400187689221,1.5670143176445543,1.0699882819210607,Si1,PU,combo_001,16.959078988003878,1.6064090870013081,hybrid,0.39286718,0.6071328,0.78573436,0.20826022,0.6294419204208833,281.7883,0.67809945,0.5899451356480553,0.04755194981892918,0.15390769045695898,0.9999998089999999,0.7090514461672652,0.5685104229573651,0.40673362851938266,281.26460187462527,3.1944090755865218,1374.8618696450483,8.957171403213787,243.78910725097867,2.6273163956328647,104.81725099455592,1.1752381687412181,0.0
8.634078599748594,0.8314217860469222,2.5391087893067232,1.9991603159780431,Si1,Si1,combo_002,17.26090730165266,2.111070364572834,hybrid,0.58835787,0.41164213,0.82328427,0.15184715,0.45894008304642514,288.78717,1.881349,0.6762510250139147,0.0,0.17457781485429572,0.9999998219999998,0.7084538181268641,0.6506886640705472,0.3753202266024227,286.33613346696,3.2515068764705455,849.361469856432,8.338013917483979,176.47844691821513,2.482654134936156,74.92749119780727,1.024027862515968,0.0
13.737041038939978,1.0187445386708593,1.6136055708435304,1.043619098839132,Si1,PU,combo_001,14.336238389774714,1.643851862865721,hybrid,0.437077,0.562923,0.874154,0.108089685,0.32668830424258444,282.60358,0.44914675,0.5999986452317237,0.0,0.08783493745728732,0.9999998089999999,0.707823809816192,0.5753670915999697,0.28607121142259145,282.87317216375993,3.0815394129650597,1211.7717625306025,7.67899377087355,215.88141911246294,2.322099223771313,95.50116783872356,1.0429384913040654,0.0
11.202403106497972,0.8137926123266658,1.8688931209715813,1.3089751263963931,Si1,Si1,combo_002,14.663667022271529,1.5208914150747985,hybrid,0.4409129,0.5590871,0.8818258,0.09791819,0.29594616114976935,285.8775,0.41702628,0.6403707398652984,0.0,0.08456284350148106,0.9999998219999998,0.7073600601458829,0.6123536829940868,0.27414896291226587,285.39784400607067,3.031340754615238,1004.2776370839294,6.40465943972399,198.71150492324082,2.010918015032513,85.03039910967429,0.902541785767856,0.0
14.176391614481584,1.0795135508434088,1.3721487547023792,1.6653701496371178,Si1,PU,combo_001,23.60893942432358,1.4812531744741269,hybrid,0.5592271,0.4407729,0.8815458,0.09599365,0.29012947506765235,283.253,0.4028006,0.6080068310427087,0.0,0.09257909392042421,0.9999998089999999,0.7073429729176888,0.582793875829185,0.27301807822167723,283.55360595339545,3.0967046786822845,1215.484278773049,7.501422424378975,224.9612550533021,2.338082519686436,97.40962574963652,0.9731777087620688,0.0
12.64971533153669,0.7791789155317951,2.9044087135472294,0.6655373366207221,Si1,PU,combo_001,8.418857850761244,2.2630540316828265,hybrid,0.43882856,0.5611714,0.8776571,0.104979075,0.3172868531684835,282.94678,0.55513877,0.6042307907970591,0.0,0.0787452711944764,0.9999998089999999,0.7073390341343639,0.5791779569024941,0.2836337029274024,283.0526961152633,3.2393668459366465,1116.729172272829,7.229149077810699,199.12521713902532,2.276429763643774,89.43762754481172,0.9251318161347626,0.0
14.772246429056628,1.0209800845670522,1.2675694068494898,1.3597169488722014,Si1,Si1,combo_002,20.08607384250515,1.2941631201998003,hybrid,0.57229227,0.42770773,0.85541546,0.120060615,0.36286902529034676,283.31104,0.4569812,0.6087226002820176,0.0,0.12686585589131114,0.9999998219999998,0.7070779552980889,0.5845781006473447,0.304752933698725,282.09698887946234,3.155394900662977,1212.3461110213145,7.1093470999899635,230.76804303007438,2.3697472275750253,96.99741450050223,0.9528825048515003,0.0
12.565457354014413,1.0646376610070551,1.4303131240669507,1.671999797804425,Si1,PU,combo_001,21.00944215523222,1.5227652189143321,hybrid,0.425485,0.574515,0.85097,0.11478766,0.3469321426631621,283.20453,0.5339246,0.6074092277030544,0.0,0.165554253682554,0.9999998089999999,0.706975116643697,0.5846683637663974,0.30658728170744753,283.12591208301984,3.101386138132545,1098.226589179012,7.680648140911083,210.74706631144758,2.3414676679615685,91.31321247320014,0.9904540909285683,0.0
15.774636193170956,1.1381420188435265,1.3949158805302238,1.9466540482826369,Si1,PU,combo_001,30.707759405622046,1.5876123763835643,hybrid,0.4064761,0.59352386,0.8129522,0.16794986,0.5076085956896169,282.875,0.35496354,0.6033456755232134,0.0,0.15360170341420148,0.9999998089999999,0.7069320756997419,0.5802505473343493,0.35728881867677753,281.91933996401934,3.3904501538319742,1318.4755247392877,9.94232583704843,252.05117160252388,3.0076211073420986,104.32242144179502,1.1802808855568065,0.0
14.993240224937297,0.6453514672248972,2.7056319492235574,2.29193232620262,Si1,Si1,combo_002,34.363491946055234,1.7460835482019814,hybrid,0.3991725,0.60082746,0.798345,0.18280771,0.5525147174157986,283.57135,0.6443077,0.611932648447793,0.005516370137532699,0.1633476594072509,0.9999998219999998,0.7062193239250371,0.5889615652677856,0.3805184688319334,284.2068985681276,3.25207357103571,1256.8558032249693,8.217770436917512,252.8987178426734,2.5875610974712253,99.02836861900684,1.0591318828193692,0.0
12.624870403788464,1.008036941151164,1.4378868244580694,0.5355406639814805,Si1,PU,combo_001,6.761131478725015,1.449443036248273,hybrid,0.602175,0.397825,0.79565,0.19898973,0.6014229620059768,282.60083,0.580217,0.5999647760248163,0.0,0.11834916553800524,0.9999998089999999,0.7062147072293425,0.5764862906761387,0.38954634806641264,284.6347116391567,3.1890256667226513,1118.2129256988176,7.687659367921995,198.6734312479884,2.363256873695776,91.79404164329046,1.037157365185877,0.0
12.77750138245198,0.9372861613132033,1.2662439692749559,0.7975148790173996,Si1,Si1,combo_002,10.190247469170847,1.1868329492477172,hybrid,0.54567224,0.45432776,0.9086555,0.07059167,0.2133549925270107,283.18033,0.21663254,0.6071108023577484,0.0,0.047536343546160265,0.9999998219999998,0.7062141796997795,0.5802845573446049,0.23549755055577914,283.71418362919496,3.116101908095665,1087.9360373447266,6.69496090650417,201.3013753387758,2.043828727536807,88.28716317964432,0.909888090112524,0.0
13.965771228720639,0.5407513309960212,2.691834587246075,0.6480783985581768,Si1,Si1,combo_002,9.050914652539133,1.4556131358744404,hybrid,0.43545637,0.5645436,0.87091273,0.103278816,0.3121480189620179,282.77686,0.4146986,0.602135415863057,0.0,0.10633935887611602,0.9999998219999998,0.7060735741308,0.5778263082105751,0.2830374152213825,285.2829033892971,3.249523553347459,1201.1876061812964,7.510651456681784,210.04521336184268,2.2796383794934694,94.02535222101457,0.9856703988524635,0.0
11.897446217121129,0.7018730012332726,2.129340986579945,1.770668275747597,Si1,Si1,combo_002,21.06643057906964,1.4945269488998834,hybrid,0.5664631,0.4335369,0.8670738,0.117371425,0.3547412655919217,283.80426,0.28417134,0.6148047571935373,0.0,0.07379769278127771,0.9999998219999998,0.7060292698964663,0.5882718936243801,0.29033428430805086,284.48156228226634,3.0360606448908047,1060.5811739413427,6.5355112406535385,207.56406921062222,2.031223900563836,87.12653847523036,0.9129581882610871,0.0
12.66573668932337,0.5104692905821948,2.934328808325613,2.0047536697614223,Si1,Si1,combo_002,25.391682108152914,1.4978847451208728,hybrid,0.4218672,0.5781328,0.8437344,0.15008077,0.4536013971558054,283.3476,0.36682647,0.6091734370584067,0.0,0.06595775392488841,0.9999998219999998,0.7059717688685095,0.5830040329870123,0.32548778014113455,284.818266324329,3.133431518815943,1124.2145202761658,6.498464164289681,215.84969382738745,2.035924676423921,88.97982236970465,0.8825987462830358,0.0
12.432052536740851,1.0410660845802617,1.1341852650258597,2.260138027781276,Si1,Si1,combo_002,28.098154701662676,1.1807618130490982,hybrid,0.41611108,0.5838889,0.83222216,0.14124584,0.42689887022885914,283.45294,0.18825048,0.6104725093055646,0.0,0.15059431681307706,0.9999998219999998,0.7059077858201238,0.5864181945835918,0.32510309297966283,281.48688436104396,3.2082587414536756,1042.5663754700272,7.7975433114120385,208.6371718858387,2.6237447598422414,85.03899308998035,0.9565867049166571,0.0
11.358796447329942,0.7463946605984468,2.1629273452695363,0.9342672832353711,Si1,Si1,combo_002,10.61215189767053,1.6143974217715553,hybrid,0.44302177,0.5569782,0.88604355,0.087343164,0.26398439359887327,286.38055,0.7561569,0.6465740732726423,0.0,0.08992477536226966,0.9999998219999998,0.7057589756844774,0.6188294695237394,0.2708583555044175,285.4255929329313,3.0712039916177662,1013.6008459557526,7.122338102458704,197.93049267122274,2.238686495002212,84.92261130608362,0.9645748554212478,0.0
11.197755330014251,0.9319878039609211,1.9685663505245299,2.481135397346561,Si1,PU,combo_001,27.783147120124482,1.8346798299767213,hybrid,0.42228523,0.5777148,0.84457046,0.1513306,0.45737887546756284,284.01447,0.24103627,0.617396880495514,0.0,0.05530602993878487,0.9999998089999999,0.7056777545148405,0.5900245810864041,0.3225816783654202,284.8974346699123,3.0925511170623734,1027.5218545401524,6.883774295451086,198.58995582378876,2.110531790599474,83.87900532195881,0.9374409583748335,0.0
13.064257049988873,0.7903417384525252,2.853838955730239,1.1965326069854536,Si1,PU,combo_001,15.631809546351278,2.2555080415353763,hybrid,0.5793593,0.4206407,0.8412814,0.13442267,0.4062766534591163,283.29337,0.69142485,0.6085047083842469,0.0,0.12913893388494596,0.9999998089999999,0.7054691767694434,0.5848660517725824,0.3251891252062473,282.96665286392454,3.1507210803907264,1147.1643580413513,6.883448993100812,208.78500541920366,2.225995788830484,91.1230953699656,0.898514527066295,0.0
11.358905078534349,1.0705658035883783,1.1725460610961524,1.998552144099635,Si1,Si1,combo_002,22.701364099329055,1.2552877161417901,hybrid,0.4418665,0.5581335,0.883733,0.10837423,0.32754830826168624,283.7561,0.3623182,0.6142109170990949,0.0,0.022472938404668803,0.9999998219999998,0.7053186725400609,0.5863258894514952,0.2747522017811497,281.7676793317586,3.1333969306216654,970.0242287058155,6.801380033949189,199.51235158207626,2.161575777389968,81.56171880111445,0.9257064670852986,0.0
12.279752817028944,0.7277362223680748,2.719795970296089,2.4454410427141817,Si1,PU,combo_001,30.029411533147673,1.9792940450351886,hybrid,0.5901273,0.4098727,0.8197454,0.16748405,0.5062007390931872,283.87714,0.61358243,0.615703420150146,0.0,0.11074562275951383,0.9999998089999999,0.7052987167029583,0.590797541583437,0.3557757589092426,285.55670617634206,3.1283173396992208,1122.500492992851,7.014759429033857,209.7440579096524,2.1104531908056394,86.92595051606433,0.9209457681968276,0.0
14.12640838129506,0.8827707331753492,2.154159125403904,0.675899487716694,Si1,PU,combo_001,9.548032188194142,1.9016286305091734,hybrid,0.43120798,0.568792,0.86241597,0.12523463,0.3785068847610377,282.08942,0.23791829,0.5936583296986657,0.0,0.06066859805296288,0.9999998089999999,0.7051487739729971,0.5683404026944245,0.2957156653083766,283.21680462647583,3.116068354504389,1236.4243306072533,7.663676794446584,210.93025471729254,2.449741291045103,95.36287564073328,1.0556841736302338,0.0
12.489160054377297,1.2050168572394515,1.116432533657917,2.3777056614920973,Si1,PU,combo_001,29.69554656857385,1.3453200230283413,hybrid,0.42380604,0.5761939,0.8476121,0.13605514,0.4112105918375123,282.9443,0.52061576,0.6042003085108425,0.0,0.09091836376114458,0.9999998089999999,0.7051028603619989,0.5794532265172695,0.31761104832600084,280.9017245492319,3.332805984863254,1009.6332514509648,8.70104625113401,202.0443712452063,2.825480504745822,83.8417787616717,1.0578922258648495,0.0
12.622003185981864,0.9086096160611248,2.2882539115966196,1.6441432306526813,Si1,PU,combo_001,20.752381095508657,2.0791295080661714,hybrid,0.45088848,0.5491115,0.90177697,0.049325086,0.14907924557261526,283.62695,0.52706295,0.6126183117254065,0.0,0.14159577005195292,0.9999998089999999,0.7044726399451064,0.5887296676950776,0.23360150844656646,282.43612508341926,3.089531210320754,1117.8933128701863,7.145759889856504,210.28204661285605,2.3277600602789175,89.48459902932802,0.9480307644133679,0.0
13.17502151474798,0.8847221279337159,2.1481656214346185,2.4392131418583065,Si1,PU,combo_001,32.136685623039206,1.9005296597496888,hybrid,0.44907504,0.55092496,0.8981501,0.07021986,0.21223122932182475,283.5583,0.36741933,0.6117715815527225,0.0,0.0832220680902866,0.9999998089999999,0.7043448043432825,0.5859133177318382,0.2436102641001388,284.2903271239495,3.129783448352348,1177.2157398542122,7.7858249027653414,221.16525311320123,2.507720524813486,92.03900702560318,1.0092758096126222,0.0
12.550642562562974,0.6204441908582774,2.4583207476496343,1.8792082945022273,Si1,Si1,combo_002,23.585271604901028,1.525250827145593,hybrid,0.4388709,0.5611291,0.8777418,0.0933219,0.2820544086583451,283.44647,0.18557131,0.6103927285070717,0.0,0.093368696455552,0.9999998219999998,0.7039690813656103,0.5846232254631865,0.26576766300058197,284.37175123506796,3.07143832683424,1105.3351122866993,7.63339132634645,213.6947901236564,2.391202204345107,89.3680347136966,0.9915916893029221,0.0
9.40212202018398,1.0688556092341681,2.3933523954050404,0.5472852282148096,Si1,PU,combo_001,5.145642495519876,2.5581481327027102,hybrid,0.37842092,0.62157905,0.75684184,0.24931014,0.7535104314247284,284.0998,1.1257232,0.6184490838567693,0.14386034011840834,0.10275710672589512,0.9999998089999999,0.703949000757625,0.594001864062511,0.4518454929034457,284.2850951319538,3.168101897495608,857.9393585378234,8.542381504554884,176.6424908843702,2.543254223587407,76.95648688597232,1.1305974276758648,0.0
12.74940447406955,0.8287394948145089,2.8055032391973724,1.7159655596667942,Si1,PU,combo_001,21.877538983765085,2.325031337152899,hybrid,0.41336545,0.5866345,0.8267309,0.14883992,0.4498510761545933,283.40097,0.3531395,0.6098316286459731,0.0,0.1320700235960761,0.9999998089999999,0.7037214794583087,0.585568404361534,0.33380579126934407,282.0330254021111,3.114065393396861,1120.7738840614247,6.800474493939109,212.456164284261,2.19803089947392,89.77621365604816,0.897616260076344,0.0
13.507480640927884,0.9691153702939905,1.7688173689882984,1.953682892175856,Si1,PU,combo_001,26.389333844577376,1.7141880995295369,hybrid,0.5486623,0.4513377,0.9026754,0.05602259,0.16932165406846686,283.36957,0.26571977,0.6094443907136656,0.0,0.10469708510520781,0.9999998089999999,0.7033390129477648,0.5842342651539429,0.22968647762224453,284.1492291304052,3.066910832988009,1201.5386716304652,6.8632993287875275,220.12270812820572,2.15768739329366,93.07943097065653,0.9111696375762353,0.0
14.943506405900354,0.6254056394228017,2.7551961204714743,1.813471344570727,Si1,Si1,combo_002,27.099620654509387,1.723115191458685,hybrid,0.412301,0.587699,0.824602,0.1367266,0.41324000406053585,283.25372,0.4364942,0.6080158628312173,0.0,0.17835828183856103,0.9999998219999998,0.7028648851191724,0.5854359538069761,0.3296782265797978,283.6744145258797,3.184794944396824,1253.374696997266,7.54331664633888,244.47156792434347,2.4085427246132056,98.56086248352918,0.9902881341458595,0.0
14.063612337944528,0.691252500208899,2.414104006706965,1.4509042035264454,Si1,Si1,combo_002,20.404954257890097,1.6687554304005099,hybrid,0.414356,0.585644,0.828712,0.115398236,0.34877753370726655,283.26022,0.29653764,0.6080960199542315,0.0,0.23340819462183063,0.9999998219999998,0.7026598080095714,0.5869103359151155,0.31244715087410735,283.54713096298536,3.1172364042339478,1189.278664311034,7.7519276736842,225.87618527863935,2.378259562471514,95.77230144377677,0.971475289860803,0.0
11.443823575779664,0.725453148170865,2.195958829877064,1.3276119400521698,Si1,Si1,combo_002,15.192956819055599,1.5930652463879251,hybrid,0.44204125,0.5579587,0.8840825,0.09211181,0.2783970665420763,285.15833,0.32051602,0.6315022761988665,0.0,0.0530654076731425,0.9999998219999998,0.702054486719471,0.6030767871927114,0.26126399263556455,284.89350054188037,3.0392470355876235,1023.0576263626551,6.755651819721363,201.43549920482826,2.0859812935221647,85.22331671152362,0.952295944077962,0.0
12.195189937895703,0.9967567214420671,1.7745117955599545,1.5043135942551866,Si1,PU,combo_001,18.345390008100573,1.7687565595026158,hybrid,0.44164762,0.55835235,0.88329524,0.09674833,0.2924103964129651,283.48483,0.6136912,0.6108657684302112,0.0,0.038873451214317775,0.9999998089999999,0.7018785771908145,0.5841909318305913,0.27017058795763915,283.2816388227646,3.0817019081346033,1089.0241548184417,7.049644948492383,205.2177834665292,2.224399019103047,88.16061966234709,0.9352515094779547,0.0
12.985636702007636,1.0463492136139003,1.3418342119232243,1.155751696617985,Si1,PU,combo_001,15.0081716500101,1.4040271724460933,hybrid,0.56025136,0.43974864,0.8794973,0.09934805,0.3002677539679173,282.92715,0.3720655,0.6039888141299321,0.0,0.04371342959379304,0.9999998089999999,0.7014144871700709,0.5775762404205966,0.26859391046570047,284.0142298630139,3.09244294950259,1127.4526395974794,6.785348845582536,207.08873429830882,2.0635989998086273,91.61867406018462,0.903354131369423,0.0
15.054738509213216,0.5903026032324511,2.8601964995953004,1.4105481779164761,Si1,Si1,combo_002,21.23543397317971,1.6883814394674501,hybrid,0.42447552,0.57552445,0.84895104,0.124770135,0.3771029914205417,282.9287,0.45768896,0.6040080066805129,0.0,0.09576329666307588,0.9999998219999998,0.7014011265840174,0.5793088663287553,0.3050842379625478,283.0118271064539,3.1654714703149303,1264.1616187484474,7.263901776100126,239.829855331524,2.3898013592394807,98.747467725828,0.9345805642062226,0.0
11.221268434237896,0.5856158533202387,2.9845701602616694,1.6348757691027853,Si1,Si1,combo_002,18.345379861733488,1.7478116011957592,hybrid,0.4024579,0.5975421,0.8049158,0.17180672,0.5192655222044567,284.37604,0.6163373,0.6218555734226076,0.0,0.13090152750210485,0.9999998219999998,0.7010046804878595,0.5970671378532699,0.3634294289899681,284.20972585633774,3.1386177511835687,1023.4310299316921,6.7902396250685815,200.79549995687432,2.1792408618181667,83.39639423537595,0.8940025884105709,0.0
11.84710961482661,1.0050461618281792,1.7870167824115222,0.9616739800126062,Si1,PU,combo_001,11.39305705493592,1.7960343582852427,hybrid,0.6085502,0.3914498,0.7828996,0.200277,0.6053135732598401,283.65805,0.6710045,0.6130017864125021,0.0,0.13063327184429832,0.9999998089999999,0.7007780432844628,0.5890115919760481,0.394649177748457,283.7476709320859,3.103666557618885,1056.603547739216,7.5802509910234575,197.98616779735744,2.2881493885177226,86.84043334427076,0.9660354396445744,0.0
10.521944055406971,1.0252853847376238,2.132155285819248,1.117031411812978,Si1,PU,combo_001,11.75334202322842,2.1860676525415457,hybrid,0.60818803,0.39181197,0.78362393,0.21690997,0.6555847725581997,284.99826,0.98368174,0.6295284540852096,0.0,0.06554778832554692,0.9999998089999999,0.7004512954146245,0.6028240082193909,0.4090198173585695,284.52674935066113,3.070225582620429,945.7460787692139,6.913553961454645,189.2501953886385,2.171776306051476,81.69338922505088,0.9086329339634192,0.0
15.776951162394273,0.7492869652799841,2.6991311080303513,1.0299150293804218,Si1,PU,combo_001,16.248919119950777,2.0224237568288626,hybrid,0.43266302,0.567337,0.86532605,0.1065116,0.32191872839293667,281.54092,0.34105036,0.5868946490792656,0.0,0.07667088871244399,0.9999998089999999,0.7004323575075908,0.5627827404057569,0.28046679772808475,281.3240139066625,3.0798855405871297,1361.1204964151589,6.722069234513552,234.4799955047666,2.071175875041957,101.17704937060019,0.9472914372795667,0.0
14.649760751656252,1.0434149657672622,1.5448031614816677,1.1790760504072795,Si1,PU,combo_001,17.27318204647443,1.6118707378545527,hybrid,0.41938728,0.5806127,0.83877456,0.15077697,0.45570557079757734,282.27972,0.4884615,0.5960050894128246,0.0,0.041670849686547044,0.9999998089999999,0.7002397273994125,0.5703785658386991,0.3251247708456797,282.79234909571045,3.1195585409881392,1278.6628922699288,7.9074565262332825,228.1157679878037,2.4523057577847043,100.05342144936586,1.074720916604569,0.0
11.78177522075718,0.591823085160474,2.5030781302735736,2.324346281303919,Si1,Si1,combo_002,27.384925421525608,1.4813794214562173,hybrid,0.41093808,0.5890619,0.82187617,0.17238045,0.5209995367494258,283.77057,0.23211679,0.6143892949221403,0.0,0.042552004887059874,0.9999998219999998,0.7000916425245288,0.5868589944886392,0.3427492885880382,284.8512137336629,3.05898506592464,1066.274529925745,7.2883919110961966,208.38199648069448,2.2004608881323793,86.29235380160952,1.0085900264628422,0.0
13.296927311664412,0.8937243224402336,1.4083890302295954,0.834774716411698,Si1,Si1,combo_002,11.099938725741621,1.2587115317742028,hybrid,0.43736783,0.5626322,0.87473565,0.080392346,0.24297636737508965,283.12427,0.31762034,0.606419494212317,0.0,0.12248547092155726,0.9999998219999998,0.7000310881324728,0.582078039405403,0.2592192044144687,283.68317080514333,3.1266824021132633,1147.7680542316816,7.212551274775627,210.69322604393793,2.2068136227098125,95.38187096833094,0.9800123930113983,0.0
11.578366396291003,0.8656016402072442,1.5417083819362098,2.2107710537681795,Si1,Si1,combo_002,25.59711727884234,1.3345053041252397,hybrid,0.5710944,0.4289056,0.8578112,0.10888388,0.3290886637098976,284.08282,0.27887648,0.6182398474229861,0.0,0.0974375842242682,0.9999998219999998,0.699684241503277,0.592131882809058,0.28479113405256995,284.0689702157289,3.093847017370434,1043.6910413108026,7.653909097685349,208.3168926645726,2.438602170403761,87.11464943073793,1.002456389992911,0.0
10.994949200020725,1.0823450621748976,1.6306775839609289,2.1504831994923075,Si1,PU,combo_001,23.644453533915957,1.7649558309994033,hybrid,0.56152314,0.43847686,0.8769537,0.07789912,0.23544088925374862,284.17395,0.46038815,0.6193635524432681,0.0,0.11695640388495529,0.9999998089999999,0.6995155151495769,0.5940765994591365,0.2587379105106672,283.1829751791292,3.1096776790782026,979.4736440324123,7.789194322583482,197.69764954286987,2.3681919929499777,83.96580588463272,1.0185544301614846,0.0
14.617967355958937,0.9657255276620017,1.568041639512965,0.7411533790424124,Si1,PU,combo_001,10.834155900600646,1.5142978397146485,hybrid,0.58745605,0.41254395,0.8250879,0.14036518,0.42423718357342105,282.07245,0.38796556,0.5934490932648824,0.0,0.13683299801787452,0.9999998089999999,0.6995090990309507,0.5707017837105506,0.32628363947714123,284.0403959549584,3.1577775826705277,1298.0769919835093,8.233939180299505,219.95218280750777,2.535566086109103,99.50508906022228,1.1374661821079948,0.0
8.463176708064978,1.07055712914801,1.6767927327914718,2.0840209582688836,Si1,PU,combo_001,17.637437633140472,1.7951024141934844,hybrid,0.6047471,0.39525288,0.79050577,0.17943445,0.5423194216744882,283.78656,0.66577727,0.6145864889712455,0.0,0.15757032340023028,0.9999998089999999,0.6992890560885472,0.5912682605660189,0.37653247380154325,285.15592966526646,3.10360629128731,811.861244684496,7.511749418297107,161.90390488207225,2.2076967052958683,73.58858208904007,1.1084501240000915,0.0
13.052297988460225,0.8233673964503458,2.567876926661412,2.4290017527338623,Si1,PU,combo_001,31.70405469117455,2.1143061395101226,hybrid,0.5671742,0.4328258,0.8656516,0.095601946,0.288945587468473,283.77383,0.48771882,0.614429561645908,0.0,0.10427772324693467,0.9999998089999999,0.6991999728675888,0.5892059553223611,0.27613427730937834,283.68460668598476,3.146075286445521,1158.0840552386856,7.27757980452151,219.89748479042342,2.2773820958091675,91.08191456278355,1.007760665088381,0.0
13.460839541987276,1.006154725571954,1.1016826996943396,2.44401721558426,Si1,Si1,combo_002,32.89852357683425,1.1084632543783277,hybrid,0.5679942,0.43200582,0.86401165,0.09971385,0.30137332222540786,283.62173,0.2758093,0.6125539602322826,0.0,0.09390624950910825,0.9999998219999998,0.6987659841974383,0.5867894288741937,0.2744969247494969,283.3720921394376,3.208906138224131,1114.5810561016183,8.507942932842349,216.63097926242304,2.7122429073357197,88.30615907547768,1.0718923088165393,0.0
12.297467167617715,0.6624759437677403,2.3329043529930935,0.9273586859299455,Si1,Si1,combo_002,11.404162992828613,1.5454930129689692,hybrid,0.44329023,0.55670977,0.88658047,0.064936005,0.1962614021296916,284.11902,0.25780213,0.6186861683051209,0.0,0.11192801047791154,0.9999998219999998,0.6987254203373405,0.592939436881426,0.24003446062481465,284.66854747637507,3.1387554031745633,1080.6678941117943,7.953141797354464,202.75676394728546,2.6050410301897466,88.21493581269266,1.0258430746814922,0.0
12.333685068490453,1.076315334611818,1.469167467816663,1.3856793660711795,Si1,PU,combo_001,17.090532907027423,1.581287474723889,hybrid,0.41013604,0.58986396,0.8202721,0.1305572,0.3945936955587124,283.16986,0.66338265,0.6069817230469792,0.0,0.18530243510094913,0.9999998089999999,0.6983769953639043,0.5850995471271065,0.3289382114540248,282.71011780804173,3.09782315199388,1079.6183678180944,7.557028359445062,207.63152755709194,2.319026535949578,90.54851310660695,1.0010318891418148,0.0
12.048060745526257,1.0211636512860025,1.8108038430815567,0.847044817297038,Si1,PU,combo_001,10.205247412977904,1.849127064163888,hybrid,0.3858121,0.6141879,0.7716242,0.21160369,0.6395471421637018,282.9816,0.60214186,0.6046601770757402,0.09458597501118991,0.12373599851645607,0.9999998089999999,0.6983248158734032,0.5810069630032068,0.40415631706180505,282.634234431778,3.1216619144050908,1066.94159332687,7.8957613551519765,198.98630568186297,2.3951365585069873,87.63911581828624,0.982254658978449,0.0
13.567442372608756,0.9033934347430433,2.160738053820547,2.3595846128836278,Si1,PU,combo_001,32.01352825859296,1.9519965720209427,hybrid,0.53129166,0.46870834,0.9374167,0.025199248,0.07616174853627501,283.59277,0.3308243,0.6121968282616704,0.0,0.009691677313250725,0.9999998089999999,0.6979228476418566,0.5840330395791228,0.1841911308562148,284.0755047078324,3.10500833985024,1199.8775226885314,7.707443121450277,225.77845166593715,2.470680560843414,93.77362975573713,1.0155695192804632,0.0
11.993586271228885,0.8921521464591394,2.4658950959042785,1.3430023279457477,Si1,PU,combo_001,16.10741428267855,2.1999536027540674,hybrid,0.56812894,0.43187106,0.8637421,0.08289368,0.2505363456240205,283.9416,0.6583217,0.6164982175389053,0.0,0.14796451528790092,0.9999998089999999,0.6978724688374356,0.5927255131203697,0.2728116186475551,282.59005184537205,3.081530085011867,1066.4913408123448,7.742347334343134,202.5782784621406,2.457635355978271,86.85455718533436,1.023808070088624,0.0
11.757301384241314,0.9617416756388724,2.1240632907194303,1.1633607859097876,Si1,PU,combo_001,13.677983378549209,2.0428001883795224,hybrid,0.572567,0.427433,0.854866,0.106061615,0.32055870108970624,283.9899,0.69460034,0.6170939392559537,0.0,0.10616231704302323,0.9999998089999999,0.6977647723307432,0.5920845374684193,0.2918077536737791,283.0231733170999,3.0816842699039344,1048.3864832308182,7.199883846209155,199.2766642575347,2.220655048893216,86.14385209298828,0.9406957038966487,0.0
14.99055931277504,1.1627339452602565,1.1528525634782627,1.4044779736079467,Si1,PU,combo_001,21.053910366856023,1.3404608094364807,hybrid,0.40783447,0.5921655,0.81566894,0.161841,0.4891453175527291,282.46005,0.5672431,0.5982287910085535,0.0,0.090313388259751,0.9999998089999999,0.6977097719610026,0.5740248565601254,0.3457725024511593,282.1183542081556,3.2554858653639482,1211.7545716223042,7.643808746911086,222.71830049013843,2.495884075899774,92.7375954435977,0.9568826611578262,0.0
10.813487460069732,1.2174805038436796,1.1494693496079296,2.386989287933786,Si1,PU,combo_001,25.811678732392775,1.3994565229135287,hybrid,0.5775062,0.42249382,0.84498763,0.106185615,0.3209334764789317,283.4257,0.41104326,0.6101364515081393,0.0,0.15058790422437443,0.9999998089999999,0.6976076369834479,0.5865081652214937,0.2926731665694815,281.70591675795504,3.275848441496192,906.0932266945581,8.417274715141087,185.17983467612672,2.6147200246263487,78.09945117516001,0.9714721910758801,0.0
13.332805380665706,0.7472332115078875,2.9433236056292085,0.6814375559955718,Si1,PU,combo_001,9.085474313165447,2.199349150341288,hybrid,0.42662778,0.57337224,0.85325557,0.112919286,0.3412852010312032,282.56027,0.3856522,0.599464640736151,0.0,0.08656909134901825,0.9999998089999999,0.6974174067765728,0.5747240237154413,0.289662484119912,283.32994105719877,3.223399587898343,1170.7693566051564,7.236902832184937,204.697175060302,2.278311175301784,91.65486988112262,0.9332494774850321,0.0
12.28318016394594,0.6382596779964473,2.474469478319574,1.1862620443086376,Si1,Si1,combo_002,14.571070411893816,1.5793540924442884,hybrid,0.44539738,0.5546026,0.89079475,0.045038115,0.13612238237078908,283.87912,0.28112534,0.6157278812440234,0.0,0.15251716121600573,0.9999998219999998,0.697387191893668,0.5914772921061341,0.22556189897228748,284.30152356810504,3.1011421642515544,1080.8387603803892,7.884509638042286,205.017650702507,2.561559783431884,88.23571848019124,1.022991158923958,0.0
9.86583421273552,1.0516884045180979,2.140655143633434,1.0415878433933357,Si1,PU,combo_001,10.276132980919376,2.2513021926313055,hybrid,0.6194191,0.3805809,0.7611618,0.24316354,0.7349330745687505,285.12628,1.5403641,0.6311071354516139,0.0,0.05267248727252413,0.9999998089999999,0.6973469691478951,0.6048879402898546,0.4465014774288717,285.2538666325462,3.0779898425054486,896.141554478104,6.653774588162225,182.49442019469586,2.0465810901634818,79.35650134374247,0.9051206407994081,0.0
13.607550940328673,1.0057948545569153,1.4998762291316172,2.0132045923237745,Si1,PU,combo_001,27.394784043349382,1.5085677937328095,hybrid,0.5801323,0.4198677,0.8397354,0.11986568,0.3622798512662107,283.30072,0.24111086,0.6085954025938544,0.0,0.12395484339856971,0.9999998089999999,0.6972887766183538,0.5839868195260278,0.29959590180974716,284.8363040416472,3.0734752510834644,1200.695349927397,8.050482111932746,222.34094247479118,2.2995540815316895,95.33861518253156,1.033402124128492,0.0
9.727970770273387,1.1661582974346112,1.2963915879798447,2.4578655552353736,Si1,PU,combo_001,23.910044278591485,1.5117978070471276,hybrid,0.574441,0.42555898,0.85111797,0.117772214,0.3559526032421415,283.3159,0.4514516,0.6087824358808873,0.0,0.0760492859941247,0.9999998089999999,0.6970043384106026,0.5830987406977742,0.29459406620509965,283.15526349342247,3.145076711432918,863.9924670107526,7.376378799264693,174.43387395772865,2.2106058181333728,76.37437553733741,0.9868508119701014,0.0
13.875788073399208,0.9523574828947741,1.8821249699027869,2.4535848497489727,Si1,PU,combo_001,34.045423395219785,1.7924557988300205,hybrid,0.5591371,0.4408629,0.8817258,0.0753103,0.22761647626374495,283.52762,0.32122248,0.6113933754089236,0.0,0.08244897481911426,0.9999998089999999,0.696781542458347,0.5854593714950094,0.24791309236448358,284.5919124344026,3.111784166857705,1229.241553136751,7.229204087405748,228.79794407237887,2.2468441095230247,94.12921034341731,1.0014246328739287,0.0
11.289694627248897,0.7949258399066025,1.916482398367128,1.2105947000484165,Si1,Si1,combo_002,13.667244480912599,1.523461380188209,hybrid,0.43167877,0.5683212,0.86335754,0.10229228,0.30916632190843746,285.7934,0.38372502,0.6393335894848907,0.0,0.0719057413281027,0.9999998219999998,0.6967406510264312,0.6109601019926033,0.2761810753448774,285.4781280004533,3.034858202282144,1011.5502298097443,6.441536031462679,198.62916918952155,2.0070572407268688,85.12224991835039,0.9202101296658598,0.0
15.628971825678274,0.9129538058453961,1.643212742491071,1.841111660522507,Si1,Si1,combo_002,28.774682270234006,1.500177327070874,hybrid,0.5902729,0.4097271,0.8194542,0.15679975,0.47390871522682027,283.7725,0.56784767,0.6144130033669755,0.0,0.08271788161349779,0.9999998219999998,0.6967080772797019,0.5886875506288695,0.33931301003795983,283.2462081952458,3.241800648407984,1298.1106255621803,7.578599635163021,257.50693017295555,2.3976949504336935,104.38254810337327,1.0413651856346655,0.0
13.093874278444009,1.0466695012441765,1.2210367931260433,1.8928293285147513,Si1,PU,combo_001,24.784469258123746,1.2780219712620244,hybrid,0.5820946,0.4179054,0.8358108,0.15209839,0.4596994068537125,283.2046,0.25574657,0.6074099803520967,0.0,0.022782041624667466,0.9999998089999999,0.6966670465619409,0.5798872802364919,0.31882288030376676,285.1277094682136,3.1173134356850087,1110.8609833603534,6.7329818288964205,207.04777349844517,2.0964293844956488,86.3999902030492,0.910969341233965,0.0
13.784011219177675,0.5361804392623188,2.956956080639068,1.3360521793043751,Si1,Si1,combo_002,18.41615822893829,1.58546201019644,hybrid,0.58172745,0.41827255,0.8365451,0.13885404,0.4196699364428859,283.05618,0.4749562,0.6055799142055357,0.0,0.06566466521583722,0.9999998219999998,0.6965670642118945,0.5798830123474936,0.3158289577931862,284.44457565348,3.233210425674595,1185.6816739780645,7.7025656234454845,222.18145695724192,2.451170885112363,93.14277951587717,0.9292870888216317,0.0
10.804249637345121,0.8908372995589089,2.7531997070433376,1.2016263372775462,Si1,PU,combo_001,12.982670918755275,2.452652992168866,hybrid,0.56411767,0.43588233,0.87176466,0.06603782,0.199591505409439,284.7295,0.71762764,0.6262141640270638,0.0,0.15992598395939425,0.9999998089999999,0.6965292680377011,0.6021293286763756,0.25801532001865535,284.4402717593426,3.067530550776281,975.8179322066302,6.827176491107125,192.43907984786722,2.136240635755728,82.16086924143173,0.9379925023002348,0.0
15.676671904745088,1.1506002830177984,1.1355845868193915,1.2252140866036494,Si1,PU,combo_001,19.207279248757345,1.3066039469850415,hybrid,0.3998495,0.60015047,0.799699,0.200442,0.605812267952491,282.04034,0.63929677,0.5930531998685875,0.0010031064351401218,0.01574284510068805,0.9999998089999999,0.6961999574027384,0.5671553462831115,0.37692710206002816,281.55450158469375,3.312481139680949,1263.3130810709583,7.611155559097262,229.10284454416254,2.355749806374041,94.96350440488007,1.0285592316597794,0.0
13.883611287379676,1.1560192962611344,1.1370682876313976,2.1141956365818357,Si1,PU,combo_001,29.352670403776433,1.3144728816685014,hybrid,0.4130436,0.5869564,0.8260872,0.1273481,0.38489457243809505,283.1522,0.263449,0.6067638311492085,0.0,0.1510675777445029,0.9999998089999999,0.6960171726074316,0.5831551949995913,0.31204508804816067,282.86734813579517,3.1859212776352415,1123.1175284953315,7.470539883207587,214.3047881036091,2.209708399894975,88.54288121909254,0.9695655241056149,0.0
13.312549895894538,0.9808297547721421,1.5488124137493222,1.972658236970015,Si1,PU,combo_001,26.261111207210675,1.5191212999657973,hybrid,0.58784133,0.41215867,0.82431734,0.11629231,0.35147977618052556,283.2628,0.26180497,0.6081276312140116,0.0,0.19698087138085899,0.9999998089999999,0.6958058330458623,0.5857843430620591,0.30720252399731035,285.059853335063,3.08229348761667,1186.084266784193,8.03654673260077,218.85556370178426,2.3100063291834037,93.75075504515831,1.0214320165574517,0.0
9.747345460274694,1.030875674661187,2.195906893761631,2.0239697691327416,Si1,PU,combo_001,19.728332540889248,2.2637070005996724,hybrid,0.43211237,0.56788766,0.86422473,0.09070913,0.2741576212105531,284.40436,0.50998586,0.6222048025782746,0.0,0.10118772274839805,0.9999998089999999,0.6957387943051567,0.5963063886819957,0.2709606257404836,284.29843903233024,3.0479389889644057,896.9156458675984,7.046551289618948,183.320407898947,2.1408592026870528,78.70512545569773,0.9564262196158787,0.0
14.779488829847654,1.059184208769773,1.4992456879482792,1.4153056993543673,Si1,PU,combo_001,20.917494774427595,1.587977357740992,hybrid,0.58397305,0.41602695,0.8320539,0.12863722,0.3887908133168642,282.92114,0.32142287,0.603914678199257,0.0,0.11541208996102974,0.9999998089999999,0.6956057357012884,0.5795682226992827,0.30927276807163323,283.1045322145332,3.129154747170703,1281.9582690507102,8.0608899873788,232.4077939815015,2.5164318938753696,100.85941931354279,1.057897102772401,0.0
10.07311257944647,0.9088004169587376,1.8223330281273773,0.598669343744047,Si1,Si1,combo_002,6.030463697397122,1.6561370157998394,hybrid,0.379287,0.620713,0.758574,0.24168466,0.7304633325415829,287.52023,1.3317751,0.6606279125165913,0.13808663686116548,0.05586300694397528,0.9999998219999998,0.6955435637732696,0.6317688934687563,0.4410537426248367,288.71484608351335,3.1351699191181734,910.1582223746142,7.0270851694744865,186.27592425910606,2.1923876393555286,80.89390472409481,0.9590118830253049,0.0
11.378882509726681,0.8906149767936453,2.6181379813660994,1.5285204331255384,Si1,PU,combo_001,17.39285442225204,2.33175289751693,hybrid,0.43219596,0.56780404,0.8643919,0.0828793,0.25049288491974814,284.02893,0.58270293,0.6175752583185594,0.0,0.1267099509857607,0.9999998089999999,0.6955426481139297,0.5929432137623021,0.26802692338241285,282.9249390818554,3.060981167756577,1019.7686129394473,7.2814136830306575,199.50187792575096,2.3033004736532905,84.48948688183567,0.9515385852621769,0.0
12.364107811811508,0.7962293703793423,1.6209231052229998,2.340260988838825,Si1,Si1,combo_002,28.935239173779838,1.2906265835050375,hybrid,0.56900656,0.43099344,0.8619869,0.092232995,0.2787633299384443,283.81314,0.14510514,0.6149142676292044,0.0,0.10417108007947244,0.9999998219999998,0.695478522171915,0.5890345809062972,0.2653899356492353,284.64820795348413,3.1401203610550437,1106.4502443270155,7.424220318387612,216.00253818402763,2.3837416624983216,89.99796160075267,0.9819047156500995,0.0
13.00044165848932,0.8280541212467483,2.5704778386366716,0.5467654541253328,Si1,PU,combo_001,7.108192387233808,2.12849476785653,hybrid,0.41735592,0.5826441,0.83471185,0.12327094,0.37257184144490224,282.69193,0.4356668,0.6010881047205772,0.0,0.11590619555413778,0.9999998089999999,0.6948173784234406,0.5771873704515773,0.3060592525790936,282.9552646287738,3.208764291810563,1141.922689375021,8.589068830218599,199.10160028309284,2.7533813107009566,90.62600464362998,1.0466549059623314,0.0
9.22940017199776,1.0414495068974392,2.1524634711182844,1.7332972117050374,Si1,PU,combo_001,15.99729358383371,2.2416820206108876,hybrid,0.5926836,0.4073164,0.8146328,0.13126354,0.3967285393969708,284.95508,0.8039446,0.6289959548877216,0.0,0.17971417947971632,0.9999998089999999,0.6946293354749502,0.6054369376611548,0.3317865257282564,285.3159186197308,3.0623237024673995,861.7212194368947,6.975604596579563,175.93188528368407,2.1543774225635555,76.86750962060093,0.9336558965048838,0.0
13.415599682866091,0.9454750117357845,2.082072061530842,1.5755778348433398,Si1,PU,combo_001,21.13732150145515,1.9685471068106217,hybrid,0.4279914,0.5720086,0.8559828,0.086204976,0.2605443550039664,283.277,0.35024264,0.6083029984408875,0.0,0.14679483449886327,0.9999998089999999,0.694607738973458,0.5845986165595,0.26969658319692125,282.7305536829573,3.077080847289034,1179.6818782984967,7.319820210881153,216.67198735039887,2.3655634907243717,92.84887319438187,0.9718186917636272,0.0
13.633541208983146,1.065652861324262,1.1083751118059681,1.275551098117523,Si1,Si1,combo_002,17.390278460348956,1.1811431093166287,hybrid,0.41255665,0.58744335,0.8251133,0.12107534,0.365935909828001,282.9747,0.34811917,0.6045751277339506,0.0,0.16507709312864027,0.9999998219999998,0.694380141530711,0.5817136373857409,0.3092815631366464,281.1559847464918,3.1472697153354368,1099.5787477311908,7.852241000629503,208.4806255189085,2.5352163415630966,88.88958448943097,1.0543139498295298,0.0
13.471087580644086,0.6926380785445871,2.3329232902370256,1.7685379364574938,Si1,Si1,combo_002,23.824129431710464,1.6158715051416896,hybrid,0.39918423,0.6008158,0.79836845,0.15391918,0.4652025228285794,283.47266,0.3384333,0.6107156149462553,0.0054384867350261885,0.17269488177556516,0.9999998219999998,0.6943282130757916,0.5875740582034126,0.34496500008489694,283.70580737494464,3.1213377312712076,1153.7231207568523,8.259979544759213,223.50243700262038,2.5283742046949165,93.5236425132776,0.9930776416852957,0.0
15.866956117950771,0.93630253361174,2.1979454154149796,2.494900681474034,Si1,PU,combo_001,39.586479631593974,2.0579418611933535,hybrid,0.6478075,0.35219252,0.70438504,0.29384506,0.8881119706272294,283.41852,1.2853953,0.610048015245659,0.0,0.1134890239837947,0.9999998089999999,0.694295727863361,0.5868810365109399,0.5039047964969948,283.3328617777848,3.4098817034202487,1355.525283376127,10.800799912383157,264.87761061811767,3.913013692941715,103.62640043458893,1.3595347042966246,0.0
13.712268970476817,1.0331513645045534,1.3848687788044947,2.4868327782606663,Si1,PU,combo_001,34.10011994010839,1.4307790684816182,hybrid,0.6124473,0.38755268,0.77510536,0.21243596,0.6420625936825881,283.4445,0.27166942,0.6103682674131942,0.0,0.0727612282793353,0.9999998089999999,0.6942741416042706,0.5841368202302204,0.3904798438339932,285.0360154778365,3.1618176399480458,1186.3698829327118,8.35646130913676,223.75002145844635,2.407162157274889,94.69768739349232,1.0707801364826883,0.0
10.568181623866034,0.7215869833048991,2.7075652460726545,1.069968492208428,Si1,Si1,combo_002,11.307621357472756,1.9537438380147536,hybrid,0.3917107,0.6082893,0.7834214,0.17758565,0.5367316361410389,287.75726,0.97334594,0.6635508250726965,0.0552620093027752,0.15786127016771162,0.9999998219999998,0.6942727749526904,0.636875468225445,0.38105210696573955,285.58821978575094,3.112516207290795,960.173606374119,7.329385877233028,193.70017246582157,2.2275155688413713,81.79673886595243,0.9632686010659453,0.0
14.97286311658494,0.9914377739101317,1.331481944446702,2.2287623079765413,Si1,Si1,combo_002,33.37095295673668,1.3200814950037718,hybrid,0.3835926,0.6164074,0.7671852,0.2126524,0.642716756096636,283.7143,0.4278542,0.6136953525050606,0.10938262939453137,0.10536819520095658,0.9999998219999998,0.6938171636788301,0.5884558952834648,0.3988659018464028,284.1294512539515,3.238186878728751,1243.0038617434077,7.955226372400969,245.58655330466507,2.5424174884528554,100.1435808960128,1.106166294332235,0.0
10.338227524689298,1.1305932221401782,1.501460980770733,1.047081395984053,Si1,PU,combo_001,10.824965708552432,1.6975416081673353,hybrid,0.59007704,0.40992296,0.8198459,0.14962322,0.45221849105695805,283.13882,1.0593109,0.606599001008926,0.0,0.08347693322075833,0.9999998089999999,0.6937844050400424,0.5824023443786658,0.34211250806441074,284.60171764032197,3.1614745785196536,914.7460090283608,7.526317901058016,184.51520043094612,2.4029693787417346,81.91562328620037,0.9581456811739187,0.0
10.841915860646072,1.1697646365910273,1.3349703195353353,2.2963129857781914,Si1,PU,combo_001,24.89643218151611,1.561601070691059,hybrid,0.57128465,0.42871535,0.8574307,0.0885723,0.26769931551867804,283.70172,0.49518898,0.6135403068023292,0.0,0.12218973164966852,0.9999998089999999,0.6934053579729758,0.5889385907242992,0.27154109545676025,282.2357333575999,3.194042743407763,937.3191706400765,7.898037980426475,192.5026079257019,2.533860974580753,82.01306533693835,1.0202912134959052,0.0
13.240439037353939,1.0128760115239563,1.584371305629717,1.9463867109867952,Si1,PU,combo_001,25.771014589936502,1.6047716888192312,hybrid,0.40377083,0.5962292,0.80754167,0.12786111,0.38644510624813605,283.2972,0.3095533,0.6085521252739172,0.0,0.2151621176509509,0.9999998089999999,0.6933872284320641,0.5868058996614797,0.3231660643505414,283.693033380276,3.077057439104578,1172.4500349544492,7.816925418899969,218.93786732674351,2.3044023568682346,93.36635873439775,1.0147397995591796,0.0
10.816032068681336,0.7922304117068885,2.232849623792358,0.5030325359745532,Si1,Si1,combo_002,5.440816040690866,1.7689313767365908,hybrid,0.37047026,0.6295297,0.7409405,0.26412717,0.7982931517729761,287.27744,1.5246992,0.6576338746259804,0.1968647638956707,0.04005440599594124,0.9999998219999998,0.6932105026381937,0.6288859201338237,0.4664572173304414,286.5963680823256,3.141927547221518,968.1660827186968,7.993630211388752,192.1053671878948,2.604974698023422,82.8302396397706,1.028243699262216,0.0
14.693724337423994,1.048382280102893,1.6514794401349586,2.302771966982382,Si1,PU,combo_001,33.83629649478675,1.7313817809917371,hybrid,0.40555763,0.59444237,0.81111526,0.15806852,0.4777434355646194,283.18207,0.30839056,0.6071322528554564,0.0,0.08916881208074645,0.9999998089999999,0.6931441078624081,0.5817177337645127,0.3361971692188849,283.76411827185194,3.1639279110799876,1273.363921933606,8.23647036222022,240.13235169374508,2.449790610633222,98.94885061668434,1.0772729108894437,0.0
11.229998808784398,0.9222343861327859,1.4928425322283292,1.0905371776315596,Si1,Si1,combo_002,12.246731205737513,1.3767507163025068,hybrid,0.5554074,0.4445926,0.8891852,0.047402058,0.1432671194866719,285.1461,0.4345464,0.6313513700658681,0.0,0.11709444755475175,0.9999998219999998,0.6929847790369896,0.605063214191423,0.22595741066900277,285.1674492423527,3.0522570288332247,1002.1139070389762,7.048373935335554,198.3643079428678,2.20102796863198,86.13354078956228,0.9630468204884297,0.0
11.679018535212602,1.0215130194193704,1.6451169045770766,1.8373673050588135,Si1,PU,combo_001,21.458646811775512,1.6805083364923779,hybrid,0.57801,0.42198998,0.84397995,0.10612539,0.3207514594464791,283.9087,0.40770265,0.6160925397050594,0.0,0.11727263171263969,0.9999998089999999,0.6927330740615383,0.590982320452236,0.28754231282218745,284.06576508489627,3.0796807628874063,1045.4325566561467,7.523542400879252,202.99262271613262,2.27809712870685,86.52359843378103,0.9929200522821814,0.0
8.12822286121235,1.1071265906191459,1.4804248926027403,2.330430642458522,Si1,PU,combo_001,18.942259624501144,1.639017764014987,hybrid,0.37694627,0.6230537,0.75389254,0.23369963,0.7063295359036309,282.4649,0.48685947,0.5982886266074231,0.15369153022766127,0.08332337031864254,0.9999998089999999,0.6926392148883811,0.5737261241898889,0.4190575360482358,283.40759000988186,3.2040257675712214,788.0223349387501,7.8001991425771084,155.87151349083746,2.331856942530469,72.36423537647048,1.063457507852843,0.0
11.563723066062034,0.6689650367366541,2.2077850843176003,2.0625307815426166,Si1,Si1,combo_002,23.85053477298731,1.4769310300371605,hybrid,0.56432295,0.43567705,0.8713541,0.10079429,0.3046388424482365,284.07837,0.3611246,0.618184904042892,0.0,0.0066694192441302145,0.9999998219999998,0.6925018984155349,0.5895057124724231,0.26433840129261915,285.0985136432126,3.0344621016133755,1045.3890772947516,6.624655687099892,205.70903820411922,2.0057045473507653,85.6543313258062,0.9747698340945716,0.0
12.98533925646345,0.9415684152029923,1.3861021617105154,1.5939428875071253,Si1,Si1,combo_002,20.697889149706977,1.3051100157112117,hybrid,0.5880289,0.4119711,0.8239422,0.1172049,0.35423795460684815,283.56354,0.34253162,0.6118363093703677,0.0,0.1695476073455763,0.9999998219999998,0.6924986009081283,0.5885180247294657,0.30574101207843374,282.5476568622391,3.081667059769746,1122.842652151833,6.6927087209192,218.0634776803942,2.1052932955235812,93.47835528218448,0.9260755480636358,0.0
9.573561683724717,1.1317913407532973,1.4634428522960325,1.403753518968077,Si1,PU,combo_001,13.43892090258652,1.6563119479159565,hybrid,0.6091683,0.3908317,0.7816634,0.1635241,0.49423229165456295,283.21216,0.9840978,0.6075033088333526,0.0,0.20138331594808387,0.9999998089999999,0.6924009603503756,0.5866366861322133,0.3729304782039844,285.1239254294209,3.130625173420784,863.8774847471813,7.459663262441546,174.97383447228373,2.333780305055313,78.6330746037245,0.9508380065160638,0.0
13.370315275508045,0.5885118689199913,2.6979912076969175,1.3446843246554159,Si1,Si1,combo_002,17.978853366676525,1.5877998479714173,hybrid,0.58221996,0.41778004,0.8355601,0.10386481,0.3139191214758661,283.2321,0.35934502,0.6077490487456916,0.0,0.1615135802865827,0.9999998219999998,0.6923390861662853,0.5845468606787793,0.2907759093412378,284.34619170552395,3.159686233993459,1153.2079899567348,7.318793971739943,215.47852591373348,2.3691706493051794,91.9979617504555,0.9529444103886776,0.0
11.21232236378773,0.8156639363485931,2.9092856396047404,2.1072186342070998,Si1,PU,combo_001,23.626814617710497,2.372999376762437,hybrid,0.40493274,0.59506726,0.8098655,0.15733781,0.4755349562325938,284.07,0.61979383,0.6180817911240851,0.0,0.08810667608887224,0.9999998089999999,0.6919337860754224,0.5923176078674849,0.3417767824357756,283.29250790004033,3.092008672264365,1021.2851834134627,6.577188467560495,200.80565686912692,2.077160894331498,83.91236637710966,0.8938282539165506,0.0
8.147760744666481,1.114575378801817,1.4659168927266577,1.2598541082078225,Si1,PU,combo_001,10.264989846862493,1.6338748760027968,hybrid,0.63534606,0.36465394,0.7293079,0.24198921,0.7313837987321724,284.02524,2.4456236,0.6175297230514951,0.0,0.16259886296263257,0.9999998089999999,0.6918771057272184,0.5973171101529972,0.4806784972459861,284.48728250477285,3.184248316817984,781.7464080330244,7.817621701164889,156.19525736846174,2.245741151566884,72.59969849045865,1.0035644830829242,0.0
14.323315411050789,0.7718551483596119,1.7461042745924422,0.7626666890507146,Si1,Si1,combo_002,10.92391554077518,1.347739573916902,hybrid,0.5890599,0.4109401,0.8218802,0.14793923,0.44712885977216865,282.98148,0.50162596,0.6046586717776554,0.0,0.0646426173855354,0.9999998219999998,0.6918300080596093,0.5790526110429721,0.32584397736432547,284.7605841121234,3.147403859929048,1224.8302204291758,7.31678384148123,217.82770287459581,2.2817730441357527,97.78535411532395,0.9984337387272997,0.0
15.189864058252393,0.9699767037652735,1.4429586292344463,2.1457976084422388,Si1,Si1,combo_002,32.594373968760706,1.3996362548544856,hybrid,0.37226993,0.6277301,0.74453986,0.216122,0.6532032160380717,283.65872,0.45888472,0.6130100655519684,0.18486714363098156,0.18045040740641072,0.9999998219999998,0.6914891271468951,0.5901335171048607,0.41444738826429095,283.8832025717573,3.246084039872486,1265.5838451921388,7.9441147029645185,251.56026871786202,2.597362709490512,103.3542199184759,1.1063598396706753,0.0
13.10043040744596,1.114279897536266,1.1108962447771313,1.6132534194658141,Si1,PU,combo_001,21.134314151286127,1.2378493538036845,hybrid,0.5670705,0.43292952,0.86585903,0.08186589,0.24742998615652717,283.0615,0.43971846,0.6056453946722232,0.0,0.09120279941564607,0.9999998089999999,0.6914289614969928,0.5806462375590535,0.25863881989541726,283.67122986217635,3.1286817455387177,1072.0825844956196,7.571181930539127,199.5923088848399,2.307532038028511,85.34432072855395,1.0713730939394817,0.0
11.736527626209863,0.5877838736020664,2.6981191201798143,1.750301678737243,Si1,Si1,combo_002,20.542464006701152,1.5859109078990905,hybrid,0.414537,0.585463,0.829074,0.13770375,0.41619330528609166,283.75464,0.46504685,0.6141928535220776,0.0,0.06234139174510873,0.9999998219999998,0.6911765675658313,0.5876894566556433,0.3139064265133154,284.5594679815381,3.0431554811733923,1056.6296865178165,6.9155403645203215,204.59568124759537,2.1623274468083107,85.49336163965819,0.9310347206795987,0.0
8.754671531086814,0.7720286180769692,2.9023412745419845,1.8892177642225296,Si1,Si1,combo_002,16.53948097646246,2.2406905233723977,hybrid,0.614024,0.38597602,0.77195203,0.1872705,0.5660029834309781,288.4521,2.0366404,0.6721189817712165,0.0,0.1513690623504547,0.9999998219999998,0.691011465559857,0.6464692679540257,0.41255830168332747,286.2951616676852,3.328323807752073,860.4601093198947,8.366806584680822,178.71382269069855,2.4939296995701583,75.27674111915883,1.0004701803341252,0.0
8.73618552918516,0.8670137285630561,2.343669342741661,1.9721578229757422,Si1,Si1,combo_002,17.229136634349988,2.031993495369375,hybrid,0.39999884,0.60000116,0.7999977,0.15681253,0.47394735697217333,288.0368,1.6623275,0.6669979576868235,7.708867391098549e-06,0.12852074699604485,0.9999998219999998,0.6909771161532464,0.6404015534307029,0.3690841512273477,286.2536454866003,3.1837080273716696,851.2753859226184,7.7492997252767015,177.60355647425462,2.412038180301982,74.95442270195389,1.0064701540880656,0.0
8.616706197973976,1.0536123321104172,2.022803229180011,1.9354126320474947,Si1,PU,combo_001,16.676882022200772,2.131250427696834,hybrid,0.4110387,0.5889613,0.8220774,0.14446078,0.4366156478531808,283.81366,0.81677926,0.6149206651460647,0.0,0.06928786563718475,0.9999998089999999,0.6909625957072645,0.58919788669717,0.329451458437064,284.8745087391374,3.064416825458165,823.2068287346383,6.86732786512331,166.92099824259054,2.1238881657540123,74.5172051603446,0.9604200773459244,0.0
14.213667223727851,0.8891902311037725,2.1773001622837342,0.7779385436467909,Si1,PU,combo_001,11.05735957990697,1.936034034483355,hybrid,0.4232812,0.5767188,0.8465624,0.12029255,0.3635700261836106,282.07626,0.2580626,0.5934961338300315,0.0,0.038685845702403215,0.9999998089999999,0.6906725919934675,0.5675678068347585,0.2876115992369592,283.02859281854876,3.095729656791766,1239.86760050079,7.348550945413921,213.6091660102313,2.331105153334895,95.82319877087824,1.013750839531122,0.0
9.38099883611888,1.1681937037152799,1.3838539813537325,0.5151213619282033,Si1,PU,combo_001,4.832352896708448,1.6166095078787526,hybrid,0.38842982,0.6115702,0.77685964,0.1723265,0.5208365028121553,281.62387,1.4346014,0.587917499127868,0.07713452974955255,0.17835264454547578,0.9999998089999999,0.6905969300869452,0.5687343092183057,0.38820804656627494,284.38399999973603,3.2691866021086655,837.2763956002173,7.967308020256243,168.14505490366608,2.5779249391372323,77.71361172748666,1.0377852871696476,0.0
14.487157874341767,0.6576572739850081,2.181923450516363,0.8108072938683359,Si1,Si1,combo_002,11.746293271938402,1.434957828510554,hybrid,0.5956963,0.40430373,0.80860746,0.14254619,0.4308290239680605,282.92218,0.50194085,0.6039274732329776,0.0,0.13536588310441636,0.9999998219999998,0.6905049316586351,0.5805021707684581,0.3307541095326563,285.1041534551315,3.118491423457891,1234.414303427578,9.03657369823199,218.9399153843416,2.5191893840828294,97.47139072589597,1.1195737290761187,0.0
13.078183585684823,0.7829306526302943,1.701963668742621,0.7234788278493369,Si1,Si1,combo_002,9.461788930969693,1.3325195259217102,hybrid,0.42702857,0.57297146,0.85405713,0.09489261,0.2868017137118657,283.3266,0.50248456,0.608914525787826,0.0,0.09209259795642367,0.9999998219999998,0.690426088796109,0.5837930351232222,0.2738649280227947,284.8657526414349,3.167747229285421,1142.0468225905508,7.460450905822265,205.8122313705476,2.3979980092819697,92.86547417068867,0.9798159699225478,0.0
13.051027712847011,0.9131934886436284,1.9230146680401128,2.3240101827493076,Si1,PU,combo_001,30.330721299999862,1.7560844734204195,hybrid,0.42151242,0.5784876,0.84302485,0.11415525,0.3450207498966626,283.4472,0.29267475,0.6104017602955804,0.0,0.07381421350835213,0.9999998089999999,0.6902641890200858,0.5842368734495084,0.28711239875052874,284.6477454648487,3.115230866504888,1174.3439293375272,7.2185683002633905,217.52217262250426,2.297030544815966,90.74808310312696,0.9724779460167733,0.0
13.495877027258938,0.9087046045468178,2.3387169918156037,1.1611444231194468,Si1,PU,combo_001,15.670662345307575,2.1252028991947216,hybrid,0.42923698,0.570763,0.85847396,0.07902819,0.23885336520511696,282.84384,0.27438906,0.6029614481870754,0.0,0.12601937316112077,0.9999998089999999,0.6901874674893427,0.5789251656054109,0.2574022072947507,282.1187586352583,3.0953796836450578,1173.6668404002642,7.366216646082297,212.56897526030932,2.390950979968637,92.95067578201409,0.9580452619705353,0.0
12.604319968678414,0.9167364640093603,2.285494472865693,1.183954597931526,Si1,PU,combo_001,14.922942580716956,2.0951961215678323,hybrid,0.5663554,0.4336446,0.8672892,0.06460388,0.19525759497199735,283.53534,0.576839,0.6114885855127854,0.0,0.13477342549056626,0.9999998089999999,0.6900093331573238,0.5875748684823513,0.24978147018228608,282.2141028398035,3.117640763377887,1111.7008848672563,7.612496404852497,205.73281741182203,2.4906976115658077,89.31980556105788,0.9742830869530019,0.0
9.359066101437318,1.0644913160382217,2.1951674397409313,1.321245703122421,Si1,PU,combo_001,12.365625871762763,2.336736676854078,hybrid,0.39665538,0.6033446,0.79331076,0.18818152,0.5687564104538801,284.1883,1.2551442,0.6195404249682288,0.022297461827596173,0.03904154870919008,0.9999998089999999,0.6898111752907041,0.5933264068942558,0.38033063560768077,284.6951046617562,3.0746127734044246,862.1607723266085,6.783632792459327,177.88483344063428,2.093326456897526,77.37929326480678,0.934200772945744,0.0
14.175391146026055,0.9364494388943249,2.0827585607222936,2.2223618246068666,Si1,PU,combo_001,31.502848131798483,1.9503980855407435,hybrid,0.54767734,0.45232266,0.9046453,0.047468223,0.1434670950225739,283.46344,0.29914513,0.610601964940855,0.0,0.0188720139937949,0.9999998089999999,0.6896901982590389,0.5827843933286453,0.20846259484482627,284.1569568213634,3.0713462730758887,1241.2176063419865,7.527313241104427,232.5313502323474,2.3143224699789373,96.22783170497405,1.0128261292556686,0.0
12.538078275671545,0.7523239643969942,2.660702954887457,2.32098375422351,Si1,PU,combo_001,29.100675987016373,2.001710595103728,hybrid,0.59080803,0.40919197,0.81838393,0.14475322,0.4374994989633834,283.77783,0.5594731,0.6144788601581842,0.0,0.07545792682947003,0.9999998089999999,0.6896842627252651,0.5885153292900163,0.3253056645403023,285.197974660962,3.122293939188735,1135.6563887789694,7.166278132677477,211.89772353214627,2.168944660010933,88.27994097372206,0.9565503069492782,0.0
15.7654268987935,0.9863245351785097,1.4766384136247526,0.8716085851800779,Si1,PU,combo_001,13.741281434017345,1.456444696945166,hybrid,0.6201583,0.3798417,0.7596834,0.2016502,0.6094639128883552,281.96924,0.65585476,0.592176363734208,0.0,0.14600722874631195,0.9999998089999999,0.6895470992838262,0.5702862672920235,0.3980910873381035,282.5685576708897,3.2029803791537796,1378.4998523180416,8.061868522438862,237.05051647433854,2.425440655150708,104.85818229727553,1.1309135237520958,0.0
14.502245741366771,0.9082690597332079,2.2341598119189587,1.1344259274897626,Si1,PU,combo_001,16.451723575834457,2.0292182316653533,hybrid,0.40942645,0.59057355,0.8188529,0.13827561,0.41792169020615505,282.15497,0.38625073,0.594466674770188,0.0,0.09311902935283865,0.9999998089999999,0.6892783913256038,0.5703234659613912,0.3174802619677972,282.63695143523285,3.057016972856641,1253.8342861896685,6.700117392723549,222.87219770162628,2.095498011570128,97.26902532065462,0.9576494934617886,0.0
9.624730605038478,0.99074069922676,1.5061741482669508,1.050705759235497,Si1,Si1,combo_002,10.112759877804077,1.4922280288112686,hybrid,0.6306766,0.36932337,0.73864675,0.21156216,0.6394216240468031,286.90057,1.6947562,0.6529866431137693,0.0,0.2055422392668552,0.9999998219999998,0.6891147046698872,0.6298799142442606,0.439231498824927,287.72786685184536,3.144675505930314,883.5742178575126,7.667434579598105,181.695238795347,2.423727273347389,79.28707335619796,0.9738421256038763,0.0
8.864186404410955,1.043070107325118,1.289362244594907,1.9349549548001166,Si1,Si1,combo_002,17.151801403486807,1.3448952148505646,hybrid,0.62498736,0.37501264,0.7500253,0.21675228,0.6551081459951794,285.41534,1.6230083,0.6346716813163531,0.0,0.1335334775958049,0.9999998219999998,0.6890567892282199,0.610741284743082,0.43242011295291904,284.9548098151191,3.2120180352722865,838.0195903058379,8.20670663674121,169.6228592591793,2.4369124293476125,74.30458172312242,1.0448909033306129,0.0
9.665378490190296,0.9948300575913253,2.2706513986886216,2.3487018283321963,Si1,PU,combo_001,22.70109213143263,2.258912261727225,hybrid,0.58001655,0.41998345,0.8399669,0.10277466,0.31062425964802864,284.91925,0.63131845,0.6285541498998413,0.0,0.1187212601507835,0.9999998089999999,0.6890109023456095,0.602891272326399,0.2888912229796784,284.63954511973265,3.0591999632881657,900.7152510539441,7.820857615877243,182.12297101433504,2.2935327303389452,78.04320656161815,1.052037771501679,0.0
9.569332747123616,1.0654712390110181,1.9509418142087314,1.4125716322524478,Si1,PU,combo_001,13.517367978171206,2.0786723920233805,hybrid,0.60232747,0.39767253,0.79534507,0.1523669,0.46051097358012527,284.51825,1.1903994,0.6236092456913664,0.0,0.14974248653175823,0.9999998089999999,0.688899120853472,0.6002747006817843,0.3576959635635094,285.61917335022923,3.0781204864167915,877.5849467001673,7.25809216715004,178.87376473756856,2.232660558186855,78.11658135898348,0.9522907261267988,0.0
13.822931197718153,0.610731375376798,2.5050609883732564,1.0133985242035282,Si1,Si1,combo_002,14.008138075934484,1.52991934283196,hybrid,0.57916105,0.42083895,0.8416779,0.07811111,0.23608160812352172,283.10376,0.30109233,0.6061666041340754,0.0,0.19668267571621137,0.9999998219999998,0.6887876638941115,0.5840416716726372,0.2675899943416821,284.88037398343175,3.1509828888224174,1184.846445336024,7.172564984916599,214.55839625449866,2.3012132513202124,94.23880687930793,0.9457838523794835,0.0
14.987267981830858,0.9509760467483909,1.5485031215728695,1.650463506466102,Si1,Si1,combo_002,24.735938865639696,1.4725893769309104,hybrid,0.38981315,0.6101868,0.7796263,0.20513453,0.6199948693850459,283.3007,0.41131285,0.6085950262693332,0.06791210174560561,0.034155706116434946,0.9999998219999998,0.6887317381600828,0.5815975715381543,0.37988546388243677,282.6357407482697,3.1410721714392946,1251.1848891726859,7.2402342104234725,244.5995201694374,2.3502366718563543,102.58585371359341,0.9836485428002403,0.0
10.598794761613437,0.9188414931329366,2.3381700828572174,2.29755013277016,Si1,PU,combo_001,24.351262311748627,2.148407690131288,hybrid,0.57678777,0.42321223,0.84642446,0.09151787,0.27660195930763,284.73364,0.62630874,0.626265344161946,0.0,0.12328995357331161,0.9999998089999999,0.6883323301197555,0.6009136523843247,0.2775639614385741,284.7311325214313,3.069578287290433,976.7543801429053,7.443779505069894,192.98921831364515,2.2418344443252884,81.29365729166625,0.9726779500498891,0.0
12.074796038200638,0.8897177883376032,1.87389347436737,2.3743614399051833,Si1,PU,combo_001,28.669930107823472,1.6672363575944036,hybrid,0.56725883,0.43274117,0.86548233,0.08971849,0.27116353898218004,283.7729,0.31180885,0.614417895585751,0.0,0.03950199063830068,0.9999998089999999,0.6881730278373737,0.5869366474290161,0.2565156638175622,285.6880715292268,3.098665118804145,1107.2131630630001,7.055448246238497,206.49565393864484,2.126089787778618,87.07118480537422,0.9402382975190486,0.0
10.717367965570265,0.8164911187495693,2.1009615722063244,0.9852538210266611,Si1,Si1,combo_002,10.559327739426838,1.7154164645405958,hybrid,0.40944543,0.5905546,0.81889087,0.15488075,0.4681087603899231,289.73795,1.45054,0.6879754154716795,0.0,0.02519154622757951,0.9999998219999998,0.6881682895725683,0.6562213279608438,0.3471124718714417,286.3633144702402,3.0596207760824634,963.8998311106532,6.777457166964775,194.67231139629678,2.132412585091011,82.74357754377392,0.9239395634760871,0.0
12.349678645303342,0.9001129370645125,1.3784907953066379,2.416613249662542,Si1,Si1,combo_002,29.84439704331461,1.2407973984798535,hybrid,0.5559167,0.44408327,0.88816655,0.052955516,0.16005178984691293,283.75684,0.14429069,0.6142199488876036,0.0,0.06416901529498632,0.9999998219999998,0.6881484269498295,0.5871942858855514,0.21782355549191118,283.48279972955226,3.17620295858141,1093.640301546905,7.689983762858344,216.08514802788306,2.5148178673627926,89.65008800650368,1.00406379656148,0.0
13.141624331578463,1.0770726736775362,1.1246537716502034,1.572251680569635,Si1,Si1,combo_002,20.661940940739044,1.21133384479281,hybrid,0.38884264,0.61115736,0.7776853,0.17326207,0.5236641508098148,283.1904,0.4233669,0.6072349894497421,0.0743823846181235,0.15090327344060073,0.9999998219999998,0.6880125456104613,0.5838703705187184,0.3639339155531299,280.5995047197608,3.1280806576188596,1070.8707944340053,7.485472923416334,209.12886926094527,2.4147559303177855,87.46081585725197,0.9648732607510359,0.0
10.369141870142888,1.0825809264993917,1.9848965930978497,0.7470353498813644,Si1,PU,combo_001,7.746115524931699,2.1488111927613565,hybrid,0.3571078,0.64289224,0.7142156,0.2650225,0.8009991548356722,283.17514,1.2484962,0.6070468271891456,0.2859482765197755,0.11875271379370672,0.9999998089999999,0.6877491085511347,0.5842117158207522,0.4734332500956888,283.8918625110745,3.1197758052010967,923.6332599368819,8.069356679864258,186.2916775395191,2.40629743564409,81.19476655387322,1.0320510627007793,0.0
14.601476187289313,0.7177354431977412,2.7630055077877946,0.6178785486009944,Si1,PU,combo_001,9.021938914034303,1.9831069826898726,hybrid,0.5705036,0.4294964,0.8589928,0.078194216,0.2363327794683166,281.91302,0.17536505,0.5914831739661707,0.0,0.10464113498959018,0.9999998089999999,0.687392406321889,0.5675463143453963,0.25124252852538265,283.8141312810248,3.1360347126603476,1276.5925359916923,6.95890535704984,212.98639921606653,2.1592475180500914,96.33024252472228,0.9360748558628382,0.0
12.372335784036487,0.982187857737655,1.8132789963496139,1.1658693800041418,Si1,PU,combo_001,14.424527449737676,1.7809806129053125,hybrid,0.5781075,0.42189252,0.84378505,0.08168901,0.24689537445697765,283.4067,0.65637314,0.6099023776559573,0.0,0.16268966829190784,0.9999998089999999,0.6873293428382368,0.5870956024398091,0.27370530494205786,283.343513063942,3.1024223992319317,1103.8705303430745,7.453577851873916,203.39797445638663,2.341845786011696,88.71111467136252,0.9545385708500638,0.0
14.513804399836994,0.7586870928018681,2.183496314629415,1.4659500680369022,Si1,Si1,combo_002,21.276512547415333,1.6565904710897839,hybrid,0.39978582,0.6002142,0.79957163,0.15466999,0.46747175707258787,283.16376,0.28551963,0.6069064581427407,0.0014278888702394057,0.10867738621376939,0.9999998219999998,0.6872222491143387,0.582054265986223,0.33505010500650406,283.22847376058155,3.1189291360891604,1215.906541128933,8.895877581105163,232.90844153861303,2.4663190658628658,98.39016895898763,1.0493435823319157,0.0
13.829429299621568,1.0954597086736302,1.2814149307289562,1.2375110412191614,Si1,PU,combo_001,17.114071452041465,1.4037384267063824,hybrid,0.4176959,0.5823041,0.8353918,0.122963816,0.37164360637194277,282.74036,0.51846695,0.6016853317357103,0.0,0.05384548306714178,0.9999998089999999,0.6871699688468178,0.5760234099157224,0.2981567365868891,282.88460865355756,3.103896134178797,1170.6974276957997,6.710362096916831,213.94562042059582,2.1375442602159347,92.4408004060703,0.9162241892303683,0.0
10.8989455837641,1.1953760261357205,1.2405797747198821,2.1550323098484263,Si1,PU,combo_001,23.487579876291452,1.482959321209,hybrid,0.59302247,0.40697753,0.81395507,0.1154362,0.3488922654628457,283.4798,0.5972298,0.6108036748842144,0.0,0.17976145210361552,0.9999998089999999,0.6870566962224731,0.5883309401262341,0.3107282094567694,282.04842770021344,3.2093091445906126,925.8925428847514,7.742819163949387,189.6342426682324,2.4672772178225113,79.45035119096862,0.9590560897859839,0.0
11.339803870149067,0.7188703132934772,2.182921717958705,1.7571486276344488,Si1,Si1,combo_002,19.925720808076246,1.5692376192841095,hybrid,0.41386977,0.58613026,0.82773954,0.13098215,0.3958780607032095,284.3275,0.3482162,0.6212572174339108,0.0,0.05884399153724383,0.9999998219999998,0.6868893390765209,0.5938743407911045,0.30382837987758426,284.74191460295305,3.0236396226622064,1020.7609356595596,6.508675376949715,202.97203463284905,2.0085546286973424,84.8765798992256,0.9376561213604375,0.0
12.527654355718322,0.7531521692179663,1.7780905187656793,2.117034260847915,Si1,Si1,combo_002,26.521473479116302,1.3391727312742705,hybrid,0.60278404,0.39721596,0.7944319,0.15096238,0.4562659661791952,283.65167,0.22780015,0.6129231345875727,0.0,0.14220930734104953,0.9999998219999998,0.6867585649145672,0.5884921088518268,0.3349508668925403,284.89278183761786,3.114037351147187,1113.0844967704438,7.283292205898979,215.1184097780808,2.3063224504475404,90.24347546330797,0.9433016117019702,0.0
12.850130276037996,1.1242017041994112,1.145676655780295,2.2511255894954383,Si1,PU,combo_001,28.927257092739215,1.28797164888969,hybrid,0.5870904,0.41290963,0.82581925,0.120925985,0.36548450398455845,283.23343,0.28630564,0.607765607024624,0.0,0.10241467475696071,0.9999998089999999,0.6867430045860377,0.5826582102012696,0.29843159431038413,283.21401331494627,3.2217192190487727,1058.5772910115484,7.640436150382407,204.38248476331893,2.4756298383408653,84.82378980608254,0.9741061715851488,0.0
12.958147442944853,1.0622788115591562,1.2742855807515496,0.8937641321539315,Si1,PU,combo_001,11.581527403666293,1.3536465723077253,hybrid,0.5642171,0.4357829,0.8715658,0.078732006,0.23795818728960402,282.75595,0.45272952,0.6018776335660398,0.0,0.03698226307126939,0.9999998089999999,0.6864906306866108,0.5755766024460348,0.24746269044868527,283.8394791132334,3.1193561411461936,1108.9998433810695,6.631654608278331,200.64965815231514,2.0241810435421295,88.40480210287298,0.8984814330477872,0.0
14.995636245756597,0.883676325800767,2.0830472710096086,0.900744876971121,Si1,PU,combo_001,13.507242525287708,1.8407395589150857,hybrid,0.59866995,0.40133005,0.8026601,0.14862935,0.4492146583182482,282.0851,0.5566529,0.5936052679411775,0.0,0.10754922564182956,0.9999998089999999,0.6861774831715133,0.5702693084655038,0.3341606907285932,283.07100515860543,3.094434714374478,1309.0627951134488,7.605710866028705,224.9200005047652,2.301067452320096,98.82287984672813,1.144640997165973,0.0
10.530082335012377,1.0511827061030856,2.1469506141874803,0.9239747185369972,Si1,PU,combo_001,9.729529861664467,2.2568373564912774,hybrid,0.3778407,0.6221593,0.7556814,0.20229435,0.6114107722917609,283.82175,0.83210343,0.6150203911441808,0.1477286815643312,0.13558343125101294,0.9999998089999999,0.6861289182572319,0.5913059688201193,0.40089453792242963,283.58356992307426,3.0835253627022228,938.8621678768234,7.120509012112512,189.13601748962236,2.2432513959264524,81.82295002234602,0.9221653087034933,0.0
14.326472048216743,0.7141551366115081,2.324482724758216,1.9848291080684228,Si1,Si1,combo_002,28.43559873722923,1.6600412778507943,hybrid,0.3807959,0.6192041,0.7615918,0.21149792,0.6392274695430537,283.54205,0.44306067,0.6115713769074479,0.12802735964457207,0.07264327726450119,0.9999998219999998,0.685793258713216,0.5855473464305723,0.39305390327057116,284.2107612367522,3.156468635957574,1209.893915813875,9.032280703444068,237.6886074034543,2.5422638173926453,97.33184509308495,1.0621216133702018,0.0
9.411669652133853,0.7047974157787225,2.9765518764778314,2.100527041958749,Si1,Si1,combo_002,19.769466614289648,2.0978660704728824,hybrid,0.63833684,0.36166316,0.7233263,0.23376141,0.7065162593025048,286.99344,2.1268454,0.6541317986317593,0.0,0.1707058702201387,0.9999998219999998,0.6856215967537393,0.6306628481468325,0.4665247879440116,285.66116275404306,3.212084435110332,907.001151408238,7.2845201946456015,186.0034372743664,2.18905545400321,77.22714444537675,0.9311296394065742,0.0
15.590140391984658,0.8206238086586474,2.2211607752256413,0.769288210662345,Si1,PU,combo_001,11.993311206124627,1.8227374150088596,hybrid,0.5953869,0.40461308,0.80922616,0.1529214,0.46218684535906784,281.7587,0.61855906,0.5895801008624981,0.0,0.05583983432003463,0.9999998089999999,0.6854371800782326,0.5651258343574773,0.3322390965080896,282.14154680346235,3.1073816320193903,1356.9032852304854,7.655939731032946,229.3902342089719,2.360229958888413,101.17601616058306,1.0804966135897802,0.0
8.665247313731406,1.0130005453179378,1.488560383597434,2.263383565973902,Si1,Si1,combo_002,19.612778364999166,1.5079124803228792,hybrid,0.36212808,0.6378719,0.72425616,0.2254802,0.6814872622305402,284.7909,1.7320236,0.6269713289637039,0.2524794737497967,0.19391728734182798,0.9999998219999998,0.6853799531887652,0.6056638752879313,0.4529900466277672,284.3004050426911,3.25396404008066,837.1553304077726,8.833961454022475,171.66028126221414,2.5343446942111485,75.25939099780763,1.05305511010159,0.0
10.592428254117479,1.1327560582712062,1.5529415053807534,2.0664279464753994,Si1,PU,combo_001,21.888489765343984,1.7591038983608553,hybrid,0.42708725,0.57291275,0.8541745,0.07289255,0.22030911054358487,283.42865,0.5671798,0.610172954986695,0.0,0.12928346446162248,0.9999998089999999,0.6852638291818118,0.5861824762461523,0.25752401772917904,282.75671668397894,3.115853546058345,937.5594642840681,7.621572690559992,192.8933839971191,2.3513434911590845,82.7294145427104,0.9876458224157905,0.0
12.694985273876076,0.9726402366604372,1.5992002118445559,1.697734818919872,Si1,PU,combo_001,21.55271852513444,1.55544647251591,hybrid,0.5920526,0.40794742,0.81589484,0.11299033,0.34149991492510845,283.29938,0.37429303,0.6085788443149219,0.0,0.16432656174300714,0.9999998089999999,0.6851340496599432,0.5854214547799157,0.30116371724404034,284.8425862129997,3.0947029833341024,1139.4092121475355,7.831535232587063,211.06388256751046,2.375128402308022,90.83962487248952,1.0021316953857826,0.0
13.062151327274533,0.8212882030062763,2.5560948753616244,2.3597951959219206,Si1,PU,combo_001,30.82400195050758,2.0992905668993003,hybrid,0.5826027,0.41739732,0.83479464,0.09570841,0.28926735430958594,283.76755,0.47716272,0.6143520387945423,0.0,0.13739691996917702,0.9999998089999999,0.6851110359549677,0.590109289316913,0.2809940315670843,283.85603900188056,3.136478739640727,1159.6763736129067,7.236230117920752,219.31150381480012,2.265176477283481,91.13185984873974,1.0046062381057008,0.0
9.789413653398181,1.214265944803881,1.1576447498853468,0.8449905620887237,Si1,PU,combo_001,8.271962145503956,1.4056885959667833,hybrid,0.3771776,0.6228224,0.7543552,0.2016624,0.6095007981907377,281.2978,0.76377183,0.5838964716189218,0.15214935938517266,0.13589054857429184,0.9999998089999999,0.6850925035109374,0.5625586979960517,0.398843200146077,283.31573489298825,3.294904468268627,838.0389988551073,8.384930725102441,166.03508185560634,2.8154605060010063,74.30610496352958,1.0163584230692626,0.0
11.26274597554664,0.8793231411356965,2.413644821876897,2.11076266685624,Si1,PU,combo_001,23.772983731469207,2.1223737463587016,hybrid,0.40212494,0.59787506,0.8042499,0.14384714,0.43476097918723167,284.08337,0.5560796,0.6182466212643676,0.0,0.10846550991169324,0.9999998089999999,0.6850721832588538,0.5929658145014944,0.32922735759641486,284.0892988240166,3.0452581518377073,1027.267091208014,7.066156819153522,199.9105512257635,2.1721182136546573,83.80178352360326,0.9449860759416907,0.0
14.927751596417357,0.8822996028593615,2.4447960063037186,2.349398519100921,Si1,PU,combo_001,35.07123749412934,2.157042545433924,hybrid,0.61263907,0.38736093,0.77472186,0.1748414,0.5284374872488996,283.2854,0.6508547,0.6084064876842156,0.0,0.13376461090534228,0.9999998089999999,0.6847801105415106,0.5848417406323602,0.36779088717300035,283.83937578575353,3.1598386358796082,1283.2794447743854,7.718374198842731,246.41836040238263,2.556671375383088,99.18306021736478,1.0523961599010176,0.0
12.276297960794,0.8764896743360422,2.587522992090166,0.9580914818556656,Si1,PU,combo_001,11.76181650495881,2.267937184674131,hybrid,0.42336527,0.57663476,0.84673053,0.069087036,0.20880740404664644,283.4871,0.5964996,0.6108936164447795,0.0,0.17231342458280885,0.9999998089999999,0.6845957315741078,0.5881889367943207,0.26056603517620747,282.10224175749397,3.1373627093387393,1081.197648101934,8.050500885422412,200.83497793793907,2.6108325274863087,88.0273257061572,1.0153181599011742,0.0
15.287702322731173,0.9464304845853508,1.461049665115722,1.0829452663741561,Si1,Si1,combo_002,16.555744864138916,1.3827819425587373,hybrid,0.3987569,0.60124314,0.7975138,0.13650668,0.4125753029886643,282.64645,0.30431405,0.6005273811839997,0.00828758875528986,0.16202636502501044,0.9999998219999998,0.684565347384885,0.5778196718883375,0.3242317118633708,281.8725603604077,3.1416034270053936,1276.0170117489893,7.502982809574723,240.0534042853236,2.3693979628909507,104.41859541792583,1.0519935204404642,0.0
10.377116039405415,1.0838587254013592,1.1350300708658567,2.192499116581126,Si1,Si1,combo_002,22.751817749056205,1.230212245900882,hybrid,0.56718516,0.43281484,0.8656297,0.07525823,0.22745911698837945,284.4029,0.63950145,0.6221867390012573,0.0,0.06029306883588276,0.9999998219999998,0.6843559070984598,0.5952950761323302,0.25119031494244815,282.9414334727726,3.191855927395278,907.7695168011659,7.0299473108793595,185.93034287959316,2.2568448375550783,77.82495048922499,0.9265696632348694,0.0
9.144685320135542,1.0831130666033544,1.8263049200059747,1.2570458127702362,Si1,PU,combo_001,11.49528839077783,1.978094722460465,hybrid,0.6248039,0.3751961,0.7503922,0.1845662,0.557829533696818,284.10718,1.3729038,0.618540154390898,0.0,0.2091986807918947,0.9999998089999999,0.684330611144957,0.5977219456231256,0.40449232502633314,285.79317118659316,3.1024991724095634,845.9304563533506,7.797405510678995,172.50881286805284,2.360521908115429,76.45432672715381,0.998957723142642,0.0
12.77811960926524,0.6998354604944944,2.176565810129416,1.6276100595174257,Si1,Si1,combo_002,20.79779601775698,1.5232379360284922,hybrid,0.59769887,0.40230113,0.80460227,0.12856703,0.38857864401341635,283.5272,0.27550793,0.611388106865627,0.0,0.15448915286753362,0.9999998219999998,0.6842225084551485,0.5875337907143907,0.31409992097468525,283.9491702947299,3.1024008376148884,1113.0699110474936,7.534982864990028,214.5407014007573,2.4073384053141984,90.75952667550658,0.98483733600102,0.0
10.999837172309734,1.1546564524844392,1.3869109750663746,1.9060426198658167,Si1,PU,combo_001,20.966158462006643,1.6014057063818745,hybrid,0.58537894,0.41462106,0.8292421,0.09782437,0.2956626082025166,283.65088,0.56456345,0.6129133501500218,0.0,0.14675578291540534,0.9999998089999999,0.683959812813941,0.589223119780191,0.28646387802979323,282.61448451065326,3.1452411472821233,954.6048100877406,7.674481051899635,194.97220773414693,2.435172037210033,84.1920199669265,1.0003442917713055,0.0
14.152857137380664,0.6411788371890463,2.5265054075874147,2.35641185349464,Si1,Si1,combo_002,33.34996031934001,1.6199417993887362,hybrid,0.61231905,0.38768095,0.7753619,0.1659661,0.5016129100539967,283.87476,0.45351836,0.6156740668374929,0.0,0.1547920654010081,0.9999998219999998,0.6838182401434425,0.5918050293077957,0.35742981147389075,285.1229931812135,3.232112754629199,1207.2397946907897,8.810327713603835,239.04903724152132,2.675837275780835,96.11275130801184,1.0689468068610763,0.0
8.914022538485215,0.9837341476358764,2.5669814065963554,2.013576634750775,Si1,PU,combo_001,17.94906750513562,2.5252272660152086,hybrid,0.58510363,0.41489637,0.82979274,0.12065022,0.36465102675801253,285.35867,0.930347,0.6339728466804978,0.0,0.06160769733851608,0.9999998089999999,0.6837793116162199,0.606699048896257,0.305486685233255,285.13160849061416,3.0485368419707504,853.661973539376,6.74236933374135,173.36877835834886,2.1041396430414494,75.25752482397708,0.9447618144012415,0.0
12.062797643097953,1.104402757224923,1.3468598559849863,1.8112567215702455,Si1,PU,combo_001,21.848823312002885,1.4874757385453816,hybrid,0.5753795,0.4246205,0.849241,0.06653,0.20107905497603445,283.52325,0.53497064,0.6113395610023931,0.0,0.16148285882101188,0.9999998089999999,0.683549334081603,0.5881640035291882,0.2549498664755856,282.96036458751126,3.133512700351097,1040.0281862688992,7.663579795433945,204.71580141052115,2.420175238211785,87.59760519918622,0.9609188096133416,0.0
12.687612503374481,1.1404207862779319,1.216275613366813,1.8472636494764576,Si1,PU,combo_001,23.437365376126678,1.3870659913264547,hybrid,0.4332866,0.5667134,0.8665732,0.07020942,0.21219968090385294,283.102,0.59915775,0.6061447773118462,0.0,0.06669156450048744,0.9999998089999999,0.6834442143746573,0.5806561134514818,0.24596563845305447,282.18116968112145,3.155157091309172,1055.9289667147848,6.949772971751502,205.40474017390278,2.2328456955416427,85.23395013344008,0.9085375460090691,0.0
9.674736160434005,0.9307550947035501,1.8845115175136324,1.0506332626310217,Si1,Si1,combo_002,10.164599617331103,1.754018695953332,hybrid,0.3892179,0.6107821,0.7784358,0.17557913,0.5306671790075701,291.10693,2.7441437,0.704856957167872,0.07188057899475112,0.1014262307544015,0.9999998219999998,0.6832012348962915,0.6763580578312202,0.4074942824308455,288.18159722045567,3.089245878751926,884.3248974873625,7.181665290379074,185.71749397986176,2.2215702794861434,79.3344251117431,0.9759540041919259,0.0
14.932535074406104,0.8196287065583182,2.9764429397972467,2.4048466416751526,Si1,PU,combo_001,35.91045682538194,2.4395780768906556,hybrid,0.3917256,0.6082744,0.7834512,0.14842682,0.4486025154244967,282.48624,0.49952164,0.598551677447737,0.05516266822814955,0.17426700824923014,0.9999998089999999,0.6831628691749234,0.5767191359308882,0.3427594092533799,282.1521649946356,3.2503050601539374,1269.1137432980358,8.24410071998786,246.60875780488095,2.4608753141172848,98.71587783363141,0.9602952601053838,0.0
14.886405622145906,0.5315490348927439,2.5688302539891312,0.6459217176244479,Si1,Si1,combo_002,9.615452688710722,1.3654592423112049,hybrid,0.6019392,0.3980608,0.7961216,0.16400869,0.4956968948700426,282.59177,0.71433586,0.5998530076420221,0.0,0.057790501486134835,0.9999998219999998,0.6829151878174415,0.5748071003516187,0.3462630498184692,285.2266029152925,3.1796707642953077,1274.0638519921836,6.876007262309891,218.258098390085,2.063438097410462,97.80347763586383,0.9274746838951382,0.0
14.846802899363276,0.5274062046219546,2.541049137766231,0.5710216388952893,Si1,Si1,combo_002,8.477845723949752,1.3401650815071782,hybrid,0.60540015,0.39459985,0.7891997,0.17045076,0.5151672903840693,282.53354,0.7515065,0.599134980455586,0.0,0.0660928736175951,0.9999998219999998,0.6827757676489392,0.5744622116217252,0.35510033710774336,285.4281678040945,3.2008687793150727,1273.2538613705744,6.959453336505438,216.12148056392874,2.0712081404649227,97.63910326671888,0.9366631752540053,0.0
15.250292452660716,0.8722038888406488,2.1291789253647178,0.9551077808633981,Si1,PU,combo_001,14.565672981978604,1.8570781387406603,hybrid,0.6063577,0.3936423,0.7872846,0.15520981,0.46910331244427234,282.06763,0.62503606,0.5933896339905339,0.0,0.1290753939086347,0.9999998089999999,0.6827569488410836,0.5708392810726546,0.3457806375063399,282.72534924626626,3.095371132741346,1326.9959307832635,7.569865981974076,229.20605538479228,2.3279324813727458,100.02438488555794,1.1107850483817265,0.0
12.981556119453423,0.7318108817386996,1.8670491370356348,2.154559304374427,Si1,Si1,combo_002,27.96953252242715,1.366326875223526,hybrid,0.6138069,0.3861931,0.7723862,0.16696839,0.5046422337342797,283.62927,0.22171922,0.6126469123890171,0.0,0.1543999817691875,0.9999998219999998,0.6824521218616972,0.5885928051380408,0.35358400058818706,285.16224018893456,3.1364007772600666,1141.2526808466928,7.610431989613722,219.85519908096222,2.3648339672327854,91.7045197493217,0.9819807198092328,0.0
13.573239651608093,0.8649651370219937,2.4635977055405727,1.1270782833324309,Si1,PU,combo_001,15.298103645794132,2.1309261269399706,hybrid,0.5728752,0.4271248,0.8542496,0.07022527,0.21224757775255104,282.9914,0.3949086,0.6047809772470432,0.0,0.11501352989382069,0.9999998089999999,0.6822798860893435,0.5804849777314712,0.2489595465668608,282.8387110197738,3.09428340850345,1182.6503398967754,7.533515571642855,211.83726928351666,2.370962605008742,93.14589521643316,0.9780999154644456,0.0
10.632083980580832,0.6930316304101007,2.9102048112030383,0.7649262636860468,Si1,Si1,combo_002,8.132760274461967,2.016863985135361,hybrid,0.37188804,0.62811196,0.7437761,0.21989763,0.6646146008330224,286.61655,1.5976009,0.649484190795027,0.18741305669148775,0.09796786587933641,0.9999998219999998,0.6822298552073458,0.623256284736155,0.42988122600421036,285.44629636024354,3.2168544866442517,964.1315166302861,7.165693316163764,192.23317721435788,2.236730791045875,82.42467354726155,0.9500570928707051,0.0
9.00655047185235,0.7218162836367666,2.989752159177452,2.4124382398522988,Si1,Si1,combo_002,21.727746767456374,2.158051792532467,hybrid,0.6203152,0.3796848,0.7593696,0.21279302,0.6431417702585205,286.3072,1.2246873,0.6456693891236945,0.0,0.05014760132080173,0.9999998219999998,0.6821899953026618,0.6176436444405938,0.40739452270559634,285.0651666825349,3.357190707587944,885.4878653590735,8.407487408980204,182.16094014279787,2.5034008129839513,75.6139691722052,1.0110778883642184,0.0
11.49429967357323,1.0687819374753027,1.73274887641201,0.7318395588391116,Si1,PU,combo_001,8.411983202272378,1.8519307012897819,hybrid,0.35915345,0.64084655,0.7183069,0.26722685,0.8076615682081301,282.67422,0.9373406,0.6008698364982853,0.2723103364308676,0.04817197384006408,0.9999998089999999,0.6821837693125081,0.5758537432217199,0.45867126252663537,282.87236535143074,3.130528479754688,1013.5054405151409,7.792697768316717,194.88049167697525,2.3107991724704995,85.81435195854472,0.9929843871351877,0.0
12.263048899604764,0.7758737930350476,1.684143778233693,2.2228510283755227,Si1,Si1,combo_002,27.25893085750577,1.3066830212345513,hybrid,0.60360706,0.39639294,0.7927859,0.14225543,0.4299502170017735,283.84302,0.21625987,0.6152826893354523,0.0,0.1424125767146742,0.9999998219999998,0.6818577256624642,0.5906483123665429,0.32552952085016507,284.86627304791944,3.116278172351088,1098.5505933775348,7.310956743287174,213.71286899025455,2.3248540970608085,89.3578444930844,0.969166091012899,0.0
15.576130534544344,0.9963703186962661,1.4905740348057956,0.7665641560816301,Si1,PU,combo_001,11.940103358230294,1.4851637260998298,hybrid,0.36498225,0.63501775,0.7299645,0.24285752,0.7340081497152355,281.4537,0.7893473,0.5858191135976963,0.23345168431599947,0.07769886265668714,0.9999998089999999,0.6818366869798502,0.5626276197993975,0.4342268408300248,282.15767647407023,3.1939966595536826,1362.7652861037286,8.011163301304848,233.00138110325776,2.447509689242745,104.15492384545037,1.1440257330681107,0.0
10.3895541707266,0.7404541061987102,2.6793061360758665,0.7866030563664781,Si1,Si1,combo_002,8.172455064978633,1.9839032302207755,hybrid,0.61931074,0.38068926,0.7613785,0.20269981,0.6126362290412443,289.9008,1.8041676,0.6899834831167648,0.0,0.07140509736182049,0.9999998219999998,0.6815198064116259,0.6600890032393747,0.41202399453150085,286.7416681909277,3.148700950540261,946.0904877791886,7.8095905199891025,190.55696514288863,2.346108472790989,81.29467612005337,0.9792502414616674,0.0
14.754963155784782,0.991073762413496,1.1433765812303105,0.907585549219114,Si1,Si1,combo_002,13.391391339450724,1.133170530215404,hybrid,0.5994905,0.40050948,0.80101895,0.15459691,0.4672508956282855,282.84955,0.3053563,0.6030318208725385,0.0,0.05643942517386967,0.9999998219999998,0.681389947772821,0.5769580163419952,0.3275519232264896,282.9309273848818,3.2146123197576593,1193.8303083729272,7.937114523986729,215.40029654345358,2.543824450249789,92.74085484460612,1.042734189921342,0.0
13.802466306163728,0.5769313584977258,2.731353148899066,1.0327539816462323,Si1,Si1,combo_002,14.254552034228555,1.5758032827313793,hybrid,0.42510954,0.5748905,0.8502191,0.07855506,0.2374233954420575,282.94165,0.2639262,0.6041675682774987,0.0,0.09684891975796496,0.9999998219999998,0.68134207972541,0.5791409290076975,0.25230735819777994,284.4251295970947,3.179397161583495,1181.8869075021673,7.401320111692864,215.74858894930594,2.316099791586195,93.63613698593343,0.9629579625766633,0.0
12.730655469118785,0.7878504324098068,2.7914083070697724,0.6543328135076829,Si1,PU,combo_001,8.330085610905465,2.199212241757247,hybrid,0.59094316,0.40905684,0.8181137,0.12831144,0.38780616940234913,283.039,0.62075824,0.6053680435001041,0.0,0.06955916821375863,0.9999998089999999,0.6813173582360026,0.5800662634249815,0.30830974795507055,283.3243377137149,3.2229019669831307,1123.9846057678528,7.337045291002599,198.75966597991393,2.3454319361121474,89.55295983335107,0.9511805511032883,0.0
14.368083192657725,0.9944494452078311,1.5460918587167258,0.7598456843481838,Si1,PU,combo_001,10.917526006296645,1.5375101911411924,hybrid,0.39429495,0.605705,0.7885899,0.1491788,0.4508753075914456,281.98346,0.40513676,0.592351730961084,0.0380334854125978,0.1328917908052713,0.9999998089999999,0.6812859872389043,0.5696047520474657,0.3353748769840845,283.49736976384133,3.1452177426807157,1270.8039025190083,8.01195499568009,218.10761351010973,2.480417063558446,98.7606742669047,1.1151838406704806,0.0
14.644844525482315,0.817519852154965,1.936848099481919,1.4476804549600175,Si1,Si1,combo_002,21.20105518546896,1.5834117719350835,hybrid,0.59090537,0.40909463,0.81818926,0.116670206,0.3526219144814039,283.46564,0.44589487,0.6106290603063809,0.0,0.11021314291885037,0.9999998219999998,0.681268075134743,0.5858125911829375,0.29843670616383766,283.2226964901115,3.123459307288261,1224.063208545552,7.993764186708248,234.28026379742735,2.4102116949029315,98.47011258094965,1.0456449527047504,0.0
10.880007416754781,1.0977929672638158,1.6827117582050586,1.9426384135138401,Si1,PU,combo_001,21.135920347103323,1.8472691340896439,hybrid,0.4019583,0.5980417,0.8039166,0.124911435,0.3775300547658918,283.68048,0.46560526,0.6132783849355788,0.0,0.14580681971369122,0.9999998089999999,0.6810502271399175,0.5893531090289595,0.31290577817130516,282.7746808940261,3.0952016480426456,966.3052319912339,7.566591097477135,196.31777886247312,2.2996706823770268,83.46875211474695,1.011380961151166,0.0
9.63033134825044,1.2035219768340277,1.1097488459755167,0.6044466800290772,Si1,PU,combo_001,5.821021811029925,1.3356071248977348,hybrid,0.63416344,0.36583656,0.7316731,0.19189622,0.5799836389589139,282.05948,0.97137153,0.5932891553433755,0.0,0.2427922121479751,0.9999998089999999,0.6807990590501527,0.5747791211286495,0.408888659604705,284.0677785102646,3.3628111208321974,824.6988944442164,9.552647429638133,160.53678290271526,3.1228100351595316,73.15458313841408,1.2047306386392225,0.0
13.560708090796663,1.00242411137824,1.6444270607407954,2.1466985024618843,Si1,PU,combo_001,29.110751750835956,1.6484133350894228,hybrid,0.42154747,0.5784525,0.84309494,0.09670895,0.2922913861424576,283.34705,0.20070307,0.6091666632170252,0.0,0.060773143285957475,0.9999998089999999,0.6807337712549424,0.5825445008839405,0.26477769752590347,283.95571770759085,3.0754220214088637,1199.9910559588127,7.531087899862278,223.13220839800655,2.2183348795851625,94.16844318847212,1.021474948435575,0.0
13.973148541726559,0.6189084522810401,2.674727454152119,2.2385459963605574,Si1,Si1,combo_002,31.279535724633348,1.6554114289228945,hybrid,0.3967179,0.6032821,0.7934358,0.15925615,0.4813328844045249,283.6105,0.3318407,0.6124154728084835,0.021880626678466943,0.06974148087704567,0.9999998219999998,0.680686275988882,0.586037508751399,0.3350297554881075,284.51200954153194,3.2033294541592325,1192.2587192107592,7.796160568083419,234.9933890029632,2.406253013933162,94.75731917415489,0.9858207030064493,0.0
14.744504627442527,1.099745951299175,1.3661950719369569,2.3753653282322658,Si1,PU,combo_001,35.02358507398718,1.5024674990475535,hybrid,0.6266254,0.37337458,0.74674916,0.20310201,0.6138518226878927,283.49258,0.27145398,0.6109613548585942,0.0,0.12991104192456063,0.9999998089999999,0.680457168223809,0.5863965689303255,0.38917404084407037,284.22826134330677,3.262392481332907,1244.3771829885063,9.060599698068808,237.2861792893332,2.710783368273126,98.93771311996386,1.141946197275763,0.0
12.85105413596414,0.9758164410191498,1.1910766231404648,0.9010808787507593,Si1,Si1,combo_002,11.579839153708146,1.1622721513740355,hybrid,0.5659045,0.4340955,0.868191,0.0650724,0.19667364830228978,283.15387,0.27460662,0.6067845289978742,0.0,0.05388619777050021,0.9999998219999998,0.6804451822923273,0.5802787949013277,0.23182388145667548,283.11443281051004,3.110627964441952,1074.8088564562352,6.970010442051698,200.0310338835452,2.1474924902496806,86.45944000254694,0.9248951840040458,0.0
12.492659431181053,0.7409968299908799,2.7547114976962566,2.231360746572479,Si1,PU,combo_001,27.875629875035877,2.0412324873323553,hybrid,0.5893208,0.41067922,0.82135844,0.1359151,0.41078733411859847,283.76974,0.5940798,0.6143791341600682,0.0,0.02005971052550827,0.9999998089999999,0.6803839763347854,0.5868236643393956,0.3083703513946243,285.06352832013056,3.119883384815692,1130.768358441522,6.827428074259081,211.19597284580047,2.1021788509449557,87.91647883646992,0.8999055658061117,0.0
12.003995893399605,0.9871477172570626,1.3096564523198655,2.117882603190412,Si1,Si1,combo_002,25.42305407140017,1.2928243772985384,hybrid,0.3829896,0.6170104,0.7659792,0.16997771,0.5137375458060061,283.54584,0.18952538,0.6116180411480758,0.11340276400248223,0.15354711189158848,0.9999998219999998,0.6798954838925179,0.5875629528747321,0.3559662087029792,281.9877625472926,3.131018221602159,1045.2559453553727,7.478771824491907,211.19280217675237,2.4272614688510847,86.68920227329525,0.992683715734007,0.0
15.494283078552279,0.9589228534834662,1.7035265290904529,0.9546781117400382,Si1,PU,combo_001,14.792052912197915,1.633550520260202,hybrid,0.611136,0.38886398,0.77772796,0.15992144,0.48334365130986057,282.08603,0.5915487,0.5936165576768132,0.0,0.13400910209260566,0.9999998089999999,0.6798358537597731,0.5711360389275765,0.35080454188052546,282.58163029290665,3.1449319331894072,1361.023084316222,9.045668193438015,235.21337267018234,2.6272322948168054,101.71344565240283,1.1267597822117343,0.0
9.851957819715214,1.0016217288773346,1.4537797609110135,1.2274719094828404,Si1,Si1,combo_002,12.093001477110233,1.4561373975305674,hybrid,0.61983526,0.38016474,0.7603295,0.15840882,0.47877194551640007,286.4538,1.4851664,0.6474772521235052,0.0,0.2170237231310929,0.9999998219999998,0.6793823588283937,0.6247800479139731,0.3803435040085857,286.8200303018773,3.123884024342653,898.027626940685,7.624103718516476,184.41975743993675,2.417784773453541,80.41849597951662,0.984386965997796,0.0
12.601948285660818,0.7426886373193753,2.073154558622476,1.4742832427401789,Si1,Si1,combo_002,18.578841183428068,1.5397083340957776,hybrid,0.41242376,0.58757627,0.8248475,0.09298442,0.28103443321792154,283.64813,0.34316865,0.6128794809431144,0.0,0.14734345259039966,0.9999998219999998,0.6792257199456619,0.5888127597443675,0.27680247750305276,283.350938519512,3.090769209514446,1097.0527276270748,7.163074047004369,211.74905184548518,2.31104929549046,90.10234641028984,0.940338910098486,0.0
9.097556299311451,1.150383465954653,1.409870428156911,1.6889271062099716,Si1,PU,combo_001,15.365109434178388,1.6218916296901178,hybrid,0.35060912,0.6493909,0.70121825,0.24234971,0.7324733788549307,282.0412,0.7438117,0.5930637369551809,0.32927250862121593,0.1903097050613565,0.9999998089999999,0.6788603539042657,0.5725893800669405,0.4496290816323178,283.960157760208,3.0958875291871446,830.473676577951,7.2551934999993675,168.18041967728013,2.2390477936776065,76.43503677583382,0.9820201318418771,0.0
13.828051808076502,0.8857189864229333,2.3382512061997103,1.1792415128793259,Si1,PU,combo_001,16.306612734329832,2.0710334883574086,hybrid,0.58048093,0.41951907,0.83903813,0.08997097,0.2719266233789045,282.85605,0.27501413,0.6031119779955526,0.0,0.08790464555927444,0.9999998089999999,0.6787245140807883,0.5779213315911503,0.26327370973191655,283.0405356180265,3.0712453374009807,1203.701959155981,7.044234610935332,215.29161141875855,2.244478848563531,94.24219044185642,0.9433786368662425,0.0
13.317549977578793,1.0124050478572701,1.358048251193757,2.2068416363689236,Si1,PU,combo_001,29.389723784944906,1.3748949047422976,hybrid,0.6079145,0.3920855,0.784171,0.14339173,0.4333845584162757,283.285,0.1999091,0.60840159546544,0.0,0.15332040487624987,0.9999998089999999,0.6786377728686688,0.5846156332901558,0.32802579410987376,285.4089817539728,3.1209924197037995,1160.148096857813,7.776183922112646,216.93698447650533,2.271059009675132,92.51109541264593,1.0014383152616921,0.0
13.244558298381868,0.9497551119477843,1.4186957946301788,1.789613851871004,Si1,Si1,combo_002,23.70264499269725,1.3474135832488363,hybrid,0.3722666,0.6277334,0.7445332,0.19057389,0.5759870556458248,283.43262,0.2863217,0.6102218771744501,0.1848893960316977,0.17048273756026128,0.9999998219999998,0.6786318614737965,0.5869600496755328,0.38231803467277137,282.1451572507694,3.0817864903845424,1140.141725265297,6.762503723820902,223.36048595322802,2.1011003144670024,94.98362471822617,0.9467666762225958,0.0
10.116822840334255,1.0330628585482766,2.1871488371477286,1.3509575450255307,Si1,PU,combo_001,13.667398147836181,2.2594622297743716,hybrid,0.60315394,0.39684606,0.7936921,0.15939276,0.4817457836136121,285.12207,0.9858566,0.6310552026676892,0.0,0.05155916434068597,0.9999998089999999,0.678582462338017,0.6038128564306995,0.3461233570382566,284.7443941067362,3.0561502815097055,916.9121460383283,6.5916979732935355,186.32486382629878,2.0431687568102372,80.14042207559793,0.9029245482409132,0.0
14.474456556258756,0.9940446562542685,1.3505969643897697,0.5728146171053061,Si1,PU,combo_001,8.291180290080748,1.342553695204887,hybrid,0.3944773,0.6055227,0.7889546,0.16183317,0.4891216280911257,281.8849,0.5095807,0.5911362027576308,0.036817948023478334,0.0629132837868107,0.9999998089999999,0.6783176961806296,0.5665743174064679,0.34044838913475356,284.27344527543585,3.2280799555409114,1266.08265552204,7.376203166922597,212.07637920282426,2.4274874072670887,98.26045699270243,0.9480834901105335,0.0
10.701523910745918,1.051714589351806,1.7810264253570396,2.2440998255750992,Si1,PU,combo_001,24.01528794149267,1.873131475569094,hybrid,0.57571256,0.42428744,0.8485749,0.082236335,0.2485496059577825,284.44092,0.45240983,0.6226556393546636,0.0,0.0674107578936288,0.9999998089999999,0.6782793529728675,0.5956046496009118,0.2557272760270778,283.68700363917515,3.09352645443604,964.8406903693198,7.384339858969281,193.8524458026563,2.2663293633251667,82.56444896982029,0.9863442783347308,0.0
11.048121961234715,0.8969511164224819,2.3263672616676025,2.286094658316146,Si1,PU,combo_001,25.257052600003984,2.086637712561468,hybrid,0.39746067,0.6025393,0.79492134,0.1455943,0.4400415673488241,284.1048,0.4829776,0.618510801078245,0.01692867279052749,0.09052250435059399,0.9999998089999999,0.6780260345432787,0.5925395408104672,0.32685544150092466,284.3226437646621,3.059787599897797,1012.6267390150524,7.123661429588573,198.01919190340516,2.1679499962884905,83.04086268564744,0.9563690006418402,0.0
10.622642233177261,1.037660891313907,1.9755749521725323,0.9231935031536131,Si1,PU,combo_001,9.806754295994436,2.049976865728779,hybrid,0.6546259,0.3453741,0.6907482,0.25848,0.781225300020726,284.85077,1.201722,0.6277096776742843,0.0,0.17210803568556085,0.9999998089999999,0.677622760378054,0.604738359376561,0.47353758280936736,284.90304350285714,3.0964354858063494,952.6910061445266,7.880219696679324,188.4266807333372,2.3501034832297787,81.96665421229119,1.005017015009638,0.0
14.0484569108318,0.7930383430565631,2.9538018762682996,2.060313450464956,Si1,PU,combo_001,28.944224731664118,2.3424781456731796,hybrid,0.6266446,0.3733554,0.7467108,0.20239565,0.6117169338126351,283.4822,0.5096292,0.6108334045213886,0.0,0.10862581039692666,0.9999998089999999,0.6774002392937979,0.5860672057919997,0.39021463971546144,283.2084247255178,3.160358057177033,1215.2583156183236,7.553772612586647,229.70500482447403,2.313850475702632,94.97507706503333,0.9211579680219549,0.0
11.64631835440895,0.6023615367716206,2.5520305201175977,1.8628373866884003,Si1,Si1,combo_002,21.695197247868318,1.5372450259861143,hybrid,0.5747489,0.42525113,0.85050225,0.08816532,0.26646926499527157,283.98468,0.4948736,0.6170295877628298,0.0,0.0296709653940262,0.9999998219999998,0.6773022733077699,0.5893726012105787,0.25722616997191744,285.0197624306395,3.0392302887859137,1052.24611800163,7.278504532575285,204.43491125529312,2.2436857966158787,85.74632270235026,0.9969636323053251,0.0
12.60796661146614,0.8374412009265291,1.482702512419077,0.5042956886674295,Si1,Si1,combo_002,6.358143205025274,1.2416761726170136,hybrid,0.40438718,0.5956128,0.80877435,0.14275321,0.431454722998585,283.3412,0.30663165,0.6090944089089562,0.0,0.027783471555465573,0.9999998219999998,0.6769813303789183,0.5816782046986017,0.31075153943263456,285.1910912109466,3.18820131047883,1109.5395460167606,7.690105819257682,200.49357017357696,2.3844558660284716,92.16842977290086,1.0425545785278372,0.0
12.653427171332641,1.0339920188608733,1.462737351122226,2.432315718259602,Si1,PU,combo_001,30.777129798685518,1.5124587467500765,hybrid,0.4012269,0.5987731,0.8024538,0.11404174,0.3446776805549063,283.25348,0.24693197,0.6080128522350478,0.0,0.15767646879892708,0.9999998089999999,0.6767654340459495,0.5844729557834124,0.2986151138347291,283.6945203531625,3.17596018619109,1113.4594099959404,8.717475662969617,214.59267321052104,2.611418354336798,91.18533180235586,1.0571123342475004,0.0
13.352658070729952,1.0537646846718207,1.2566568390669195,2.3639001140236804,Si1,PU,combo_001,31.56434993591775,1.3242205977600394,hybrid,0.61378926,0.38621074,0.7724215,0.18490477,0.5588528193566861,283.36108,0.20489334,0.609339772496774,0.0,0.04559758698012828,0.9999998089999999,0.6767323835469141,0.5822560054155608,0.3558854903449823,284.86384667143994,3.1676540136596563,1133.4369071851188,7.216221035911689,214.37761564583647,2.2392730887987775,88.60585931916198,0.9826113671886904,0.0
10.843648491038715,0.8209407651078175,1.842766737099147,1.848519638142601,Si1,Si1,combo_002,20.044697184800448,1.5128023350694102,hybrid,0.6030025,0.3969975,0.793995,0.13641159,0.4122879218964756,285.40546,0.63352495,0.6345497521714866,0.0,0.1172446755710445,0.9999998219999998,0.676718931865618,0.6083668841038535,0.324298160287226,285.6158217369446,3.045195635646204,984.1710939385952,6.572555294021458,198.0300823934528,2.0702788965058043,83.74578046270769,0.9084988155552776,0.0
13.156041667346678,0.9198150824210113,1.1652242120569574,0.5346495242736266,Si1,Si1,combo_002,7.03387141877091,1.0717908046521283,hybrid,0.6025002,0.3974998,0.7949996,0.15130398,0.45729839434991026,282.80145,0.24753417,0.6024387334271385,0.0,0.057785751536345825,0.9999998219999998,0.6764872052970169,0.5763491246139075,0.32306135092616667,284.6644647396378,3.21460702414574,1098.29778918706,8.1177028618261,193.9300541431393,2.4476864745116953,86.86057698070013,1.0229978533282396,0.0
10.193375511838628,0.9326978698234378,1.7218783285209227,1.699544346750376,Si1,Si1,combo_002,17.32409372544906,1.6059922491066063,hybrid,0.40397725,0.5960227,0.8079545,0.10974075,0.3316784487960394,286.56216,1.2481937,0.6488135804982612,0.0,0.1447736840741534,0.9999998219999998,0.6764433369318273,0.6234172161472699,0.3130678261339287,285.71455137955377,3.060266036828582,924.2982519284261,7.056948998877387,192.41387133124428,2.2331020326005717,81.48539257499678,0.9720444352314173,0.0
15.436504885157724,0.8777717544325353,2.4681495071085298,1.9297024869153216,Si1,PU,combo_001,29.787861866169372,2.1664719230564513,hybrid,0.3765093,0.6234907,0.7530186,0.19230294,0.5812129238533332,282.28424,0.46419016,0.5960607854419612,0.15660460789998384,0.10754675662452605,0.9999998089999999,0.6764402139138159,0.5723625791533069,0.37842618098529135,282.53348800792844,3.1267330304109446,1318.317816465473,7.576350035640418,248.83598336428398,2.4340024925193715,101.11649781551695,1.027791410686699,0.0
14.134408670639544,0.9941051162621937,1.733260591417657,2.1537014017432377,Si1,PU,combo_001,30.44129576676816,1.7230432217439287,hybrid,0.582239,0.41776103,0.83552206,0.108158395,0.3268959698461077,283.4334,0.2663346,0.6102316616120012,0.0,0.019229281437102792,0.9999998089999999,0.6761217436983205,0.582395622284558,0.2720301744264149,284.3709042310295,3.072900923669668,1244.6364461922317,6.906134984018693,229.79868629198316,2.1055385966291555,95.81106165889035,0.944792696438915,0.0
10.276304426333883,0.6456387668206957,2.9673411692550555,1.877720855415266,Si1,Si1,combo_002,19.296031137923343,1.9158304932541153,hybrid,0.6373633,0.3626367,0.7252734,0.21875957,0.6611749450526091,286.22598,1.650536,0.6446679895728001,0.0,0.13948603836619014,0.9999998219999998,0.6759983767330535,0.6201658061247317,0.43601202130232425,285.1165837184713,3.1593461543074435,962.1817924916744,6.968506346447478,193.86435880876203,2.174456957974886,80.36584823870278,0.8958194937162322,0.0
13.583760455372452,0.7323182742233703,2.1621612479294336,1.2088563141107145,Si1,Si1,combo_002,16.420814595844423,1.5833901936763315,hybrid,0.40961927,0.5903807,0.81923854,0.08863175,0.26787899062716997,283.47626,0.29895577,0.6107600212397559,0.0,0.16233858383591954,0.9999998219999998,0.675826959125234,0.587233463060664,0.27352278585336076,283.47202484485865,3.1176064804141475,1157.315350697595,8.329349608510016,217.36633797756193,2.5418970814407524,94.18951378444248,1.0220422656375034,0.0
9.954372534801003,0.9180465226731671,2.9254483619859437,1.1075090358830038,Si1,PU,combo_001,11.024557528837711,2.685697695981108,hybrid,0.4034956,0.5965044,0.8069912,0.09880183,0.2986168552050566,284.8604,0.75153893,0.6278285962229813,0.0,0.18271809027562155,0.9999998089999999,0.6757488497622071,0.6043591524862986,0.29680214339679567,285.575111733066,3.101780571334503,913.0712025840427,6.657184887920218,184.49072034585362,2.125864137201478,79.42932802081155,0.8994964389226652,0.0
11.157003992136648,0.7430567336009644,2.0102237347866727,2.1421379710004516,Si1,Si1,combo_002,23.899841894159536,1.4937102821777164,hybrid,0.39850926,0.60149074,0.7970185,0.15266702,0.46141801874493954,284.17627,0.28871414,0.6193921531068788,0.009938240051269677,0.037139857696251034,0.9999998219999998,0.6756740695024624,0.5914007053775387,0.3222674692455997,285.0535948325781,3.0402207323460595,1014.8070080402667,6.621625003301661,201.86636050814153,2.0419272631756713,84.35929190863799,0.9262459767681858,0.0
12.114427282019477,0.71165621294018,2.9155204135361243,2.2986695409011437,Si1,PU,combo_001,27.84706499864,2.074848216246906,hybrid,0.59470594,0.40529406,0.8105881,0.13309404,0.402261019495346,283.94547,0.6486104,0.6165460107530969,0.0,0.042814218022833604,0.9999998089999999,0.6755978950688251,0.5895975673702465,0.3099396330384389,285.1277406659703,3.127154880649184,1107.2855469704334,7.103017458310147,208.23772918844273,2.096431388722829,86.88233051825712,0.9128523099606846,0.0
10.436021933791949,1.2151228767906088,1.1607127010393026,1.1313129444194567,Si1,PU,combo_001,11.806406701944203,1.4104085564142752,hybrid,0.4053809,0.5946191,0.8107618,0.119790405,0.3620523468645196,281.80365,0.565622,0.5901344268822153,0.0,0.08822998579952844,0.9999998089999999,0.6754604590197701,0.5665126337623194,0.30094355218395763,282.9586059792305,3.2523726827092174,879.1103508135981,7.96117051476241,175.29589613649395,2.6019128454175626,76.70506098875556,0.9752257336980511,0.0
11.94566067265314,1.0999988060154575,1.4036815028606746,2.2690271820241623,Si1,PU,combo_001,27.105028773487014,1.5440479771727251,hybrid,0.4117872,0.5882128,0.8235744,0.10336927,0.31242141606594065,283.41687,0.4401499,0.6100276937215146,0.0,0.08629914249897275,0.9999998089999999,0.6753931305505798,0.5845316163098836,0.28065929404433654,282.57476166055085,3.1797321759012642,1038.135682853751,8.416649491698578,206.90587730821062,2.678152502984695,88.09000921669713,1.018672758420187,0.0
8.897697745101176,0.96534650482028,1.5988417047191208,2.430919707935101,Si1,Si1,combo_002,21.62958880381616,1.5434362514115014,hybrid,0.6428774,0.3571226,0.7142452,0.2112311,0.638421037034555,286.17264,1.8029195,0.6440101743097549,0.0,0.21290712300535833,0.9999998219999998,0.6753846928854836,0.622036382758667,0.4422478811207688,285.2538576341147,3.2326350487603626,856.9581801253936,9.132671664739682,175.31724934654332,2.5669331326405476,76.03853550957304,1.0607552376480343,0.0
12.095395445376749,0.8878689705442153,2.480026479329327,0.9033539188341073,Si1,PU,combo_001,10.9264228754293,2.201938557124524,hybrid,0.594972,0.405028,0.810056,0.0938711,0.2837143148210549,283.756,0.68395674,0.6142097881255313,0.0,0.18305998939919865,0.9999998089999999,0.6753806053451212,0.5917189708798881,0.2902242959421869,282.69050607059,3.131040243025071,1071.0264679398153,8.309129216617986,198.95033030006363,2.6833258724576443,87.22268475596583,1.0719053085133705,0.0
14.590962189066975,1.1224096231077745,1.2273456333029136,1.7709063811003378,Si1,PU,combo_001,25.83922804701246,1.377584549698496,hybrid,0.5922232,0.40777677,0.81555355,0.13001657,0.39295970818906856,283.3112,0.4152001,0.6087244819046236,0.0,0.02793090306298132,0.9999998089999999,0.675259499143084,0.5815368939532195,0.29957072351484515,283.60643400284664,3.1837809353759963,1206.996691449736,7.401256255048313,224.7156075526447,2.4047413675079445,92.96375483431927,0.9426266456677679,0.0
12.193771070148493,0.7729832150275002,2.9649750857967625,2.051212772436034,Si1,PU,combo_001,25.012018963249595,2.29187597429562,hybrid,0.38273066,0.61726934,0.7654613,0.18824103,0.5689362882288687,283.67712,0.4852107,0.6132369892382477,0.11512891451517754,0.053337937211322906,0.9999998089999999,0.6750905274178693,0.5865760995173174,0.36643760589935026,282.98016058504527,3.102292296566404,1094.299533972727,7.096380695719196,209.65670493282585,2.145936322927676,87.28463666545562,0.9088478026115548,0.0
14.870317386795442,0.79701773412038,2.6834026148896273,1.2678435776604788,Si1,PU,combo_001,18.853236396621554,2.1387194718520335,hybrid,0.56294525,0.43705475,0.8741095,0.043212272,0.13060398759392805,282.3189,0.11100782,0.5964882900980363,0.0,0.06071295725062071,0.9999998089999999,0.6749266453802634,0.5707178211837974,0.2063024202164651,283.02295759529886,3.076822258019682,1282.4380088250775,7.004243308112418,227.63095074382215,2.228644579532539,97.9534434418754,0.94597031527928,0.0
12.46737135624866,0.7318411030256544,1.812061340079119,2.4543481028151968,Si1,Si1,combo_002,30.599269235301428,1.326140969873648,hybrid,0.58298886,0.41701114,0.8340223,0.0769916,0.2326980234071697,283.85916,0.13019322,0.6154817650071633,0.0,0.12739632826469643,0.9999998219999998,0.6748909809212432,0.5902267076350722,0.2524390353718606,285.06732713313573,3.1568314552020618,1113.3244740388307,7.679708772967928,216.3942304869131,2.398599724909306,89.86552011067732,0.9700504887274617,0.0
14.997139734738433,0.6213680651383104,2.76639012522143,1.6423053128938578,Si1,Si1,combo_002,24.629882264572508,1.7189464795265683,hybrid,0.40566882,0.59433115,0.81133765,0.1051291,0.31774028567689216,283.11365,0.38245302,0.6062885332789419,0.0,0.13265474000034683,0.9999998219999998,0.6748204151578994,0.5823788403078821,0.28826771321815675,283.3280049826767,3.166872847104179,1256.889362735052,7.430009468042048,242.470983313933,2.390779011499024,98.72012033297491,0.9759427642064828,0.0
13.478931499744192,0.8745434580237998,1.717180293822326,1.4692694952755467,Si1,Si1,combo_002,19.804182881482816,1.5017487922097017,hybrid,0.39589557,0.6041044,0.79179114,0.13118453,0.39648975322696856,283.44647,0.4129601,0.6103927285070717,0.02736266454060887,0.13101861562472997,0.9999998219999998,0.674794051934656,0.5861602974575129,0.3162225563662403,282.25117068845714,3.0887146201618663,1149.008676312123,7.043804297561743,221.25628371357863,2.231792191817396,94.7841315604065,0.9286307798951331,0.0
12.427253177928366,0.995480109053726,1.912644772064369,0.9247883840022673,Si1,PU,combo_001,11.492579384003413,1.9039998262756768,hybrid,0.3844666,0.6155334,0.7689332,0.16587773,0.501345840648468,283.0106,0.5351151,0.6050176853708734,0.1035560766855877,0.11421995504210705,0.9999998089999999,0.6747801655305374,0.5809302498054866,0.35295682721851085,282.15436341097643,3.1256689205656194,1098.9990326363027,8.066880952488932,201.92030506646944,2.486782919088109,88.65238516357087,0.9982664496705616,0.0
10.436487121916231,0.836836854376745,2.9683854179871707,1.9451846870564875,Si1,PU,combo_001,20.300894936213687,2.4840543157661834,hybrid,0.62067956,0.37932044,0.7586409,0.20338206,0.6146982480517219,285.1488,0.95445186,0.6313848629482542,0.0,0.026821760235751647,0.9999998089999999,0.6745158265873796,0.603317731543251,0.38828938971428417,284.8009487075977,3.105513946488055,965.0714007830728,6.810858016008431,191.55456901944913,2.1099503838766305,80.68400875574625,0.9039872451003885,0.0
15.014908243871643,0.7607305742435287,2.860357875273679,1.1804728650858127,Si1,PU,combo_001,17.724691753643746,2.1759616889989455,hybrid,0.40748563,0.5925144,0.81497127,0.110394195,0.33365341128697457,281.8868,0.210273,0.591159911202466,0.0,0.09163873893033316,0.9999998089999999,0.6741398516831003,0.5669214101540445,0.2840843669717571,282.3993840527417,3.099976327488873,1293.3252834997402,6.643208373959358,228.8118313444979,2.131934624944238,98.49311129308482,0.8988951842896834,0.0
12.534119779163262,0.8692579912019096,1.5100073294309178,1.0863530534491943,Si1,Si1,combo_002,13.61647929439195,1.3125859378812796,hybrid,0.56764215,0.43235785,0.8647157,0.039961778,0.1207797516894054,283.65286,0.26841637,0.6129378112438993,0.0,0.10845693019161359,0.9999998219999998,0.6739510618475387,0.5875658410789704,0.21331718045643713,283.97745014219356,3.084791717756489,1102.6422862663328,7.080375669085045,208.83048270852885,2.226235721726549,91.74180449178827,0.9834250334116459,0.0
11.235490566152219,1.0863075713619392,1.6886899443802328,1.4199912699070296,Si1,PU,combo_001,15.954298517058941,1.834436672263019,hybrid,0.3755962,0.62440383,0.7511924,0.1855591,0.5608304390305768,283.4061,0.5951103,0.6098948511655334,0.16269222895304375,0.11834229586424767,0.9999998089999999,0.6736726797692116,0.5856484486336139,0.37564937528662096,282.8631732884796,3.088244260209709,993.1644596645352,7.344678282708901,197.84448574748305,2.230001009033856,84.88228758373954,0.9816910941053205,0.0
11.280947366788405,0.8867485667878747,2.572143736606897,1.7929528546536697,Si1,PU,combo_001,20.226206784481068,2.2808447720085745,hybrid,0.40194693,0.5980531,0.80389386,0.12845339,0.38823519185716643,283.98956,0.64099634,0.6170897996862206,0.0,0.07466020122199746,0.9999998089999999,0.6735713033938759,0.5910395851230258,0.3096482692921405,283.26016564845514,3.05045386120324,1017.871592635537,7.267763249202539,199.7709115499021,2.2750430331592804,84.17947244820057,0.9752256354211861,0.0
12.221338182302308,1.0850662294298234,1.3958028374095377,2.179192609964598,Si1,PU,combo_001,26.63264985075136,1.514538521815416,hybrid,0.4161364,0.5838636,0.8322728,0.08663559,0.26184583420817703,283.35803,0.4497603,0.6093021400446547,0.0,0.08638495549157836,0.9999998089999999,0.6729932951412869,0.5838839070861087,0.2631716796498537,282.8725917763007,3.1623550077107034,1061.9021389712414,8.256932704201516,209.06951543679628,2.5886095937679374,89.14376191303688,1.0050974605723828,0.0
12.631870124802173,0.941862117517492,2.0157694175476784,1.7235120727660103,Si1,PU,combo_001,21.771180661708833,1.8985768520384578,hybrid,0.42874008,0.5712599,0.85748017,0.030326579,0.09165850145870337,283.48102,0.4721593,0.6108187278650621,0.0,0.16828568974355293,0.9999998089999999,0.6729059152154688,0.5877763381603426,0.21635961959749922,283.04302718599115,3.0861409497698262,1127.2471209336036,7.131526225145297,210.22290280510833,2.2846805635454737,89.36389246035,0.9510353310226543,0.0
11.47685271409967,1.033798315552315,1.1850068017924613,1.0781986110814517,Si1,Si1,combo_002,12.374326655928652,1.2250580356110825,hybrid,0.59208506,0.40791494,0.8158299,0.120440006,0.3640156898096493,283.94595,0.56020683,0.616552031945436,0.0,0.041234168391772415,0.9999998219999998,0.6727784837857049,0.5893972499933308,0.29446811296286957,283.4755383458032,3.0862050024436303,974.6334434181092,6.780170154641744,193.27396632433283,2.0802260618372266,81.86167674651139,0.9117870182022267,0.0
9.835620516774913,1.218490569013101,1.1477908554591114,1.023518786158295,Si1,PU,combo_001,10.066942372443082,1.3985723325764066,hybrid,0.36112443,0.6388756,0.72224885,0.21995008,0.6647731310703683,281.31207,0.7113318,0.58407259149484,0.25917069117228203,0.12287263548124634,0.9999998089999999,0.672620280873006,0.5622361967175135,0.4151392310214198,283.1181244928612,3.266375557445518,840.0013330490189,8.223150883505463,166.99262556896986,2.7400838655055604,74.39993290312472,1.0108049813514484,0.0
12.48903939420682,0.8151748140369718,1.5879424656619066,2.051899178360578,Si1,Si1,combo_002,25.626249671485866,1.2944507041473552,hybrid,0.6195625,0.3804375,0.760875,0.1770318,0.5350577009530639,283.66733,0.23568662,0.6131161890669448,0.0,0.0906935763448726,0.9999998219999998,0.6720427055217746,0.5871383828455295,0.35496553211056936,284.5266817888843,3.1102481788542513,1112.033378819682,7.117737567731018,215.98183163582704,2.2824333745023857,90.77042856683373,0.9603768956347358,0.0
11.804955111504693,1.0187290539381662,1.2458413769162453,1.1738225054492166,Si1,Si1,combo_002,13.856921985701975,1.2691748072629088,hybrid,0.41062698,0.589373,0.82125396,0.11195457,0.3383694606630185,283.6963,0.5134384,0.6134733210375568,0.0,0.038155404710819886,0.9999998219999998,0.6717663303380749,0.5863886447566429,0.28405212148094977,282.67838402579764,3.066040545461236,1007.9169064373829,6.6404054288331436,199.98893294812103,2.0402419346280016,84.10456637094555,0.9351078887981725,0.0
13.417724105601401,0.8910292066923201,1.5290560560817608,1.1619192845477184,Si1,Si1,combo_002,15.590312393039055,1.362433604638619,hybrid,0.57782525,0.42217475,0.8443495,0.068422735,0.20679963210176056,283.43057,0.25704834,0.6101966634315302,0.0,0.08304521312104082,0.9999998219999998,0.671496187281478,0.5842612573745007,0.23937465864882598,283.021820097262,3.0982242809008937,1157.328456157781,7.327009696095629,217.9497269071904,2.258358771735263,95.708438478438,0.9883925201656836,0.0
8.630176899957355,1.042363993022436,1.2327703940276284,2.4139593339924645,Si1,Si1,combo_002,20.83289608165821,1.2849954703984805,hybrid,0.6293663,0.37063372,0.74126744,0.20336212,0.6146379885467308,285.28513,1.9208039,0.6330659045844229,0.0,0.0840835703532403,0.9999998219999998,0.6714704663680371,0.6083142454440875,0.41706541772892325,284.01287309339915,3.352810655846778,829.1763085884343,8.858072123016433,165.28434507787853,2.5720206087653064,72.36653133022403,1.0728320301693133,0.0
9.41918499389128,1.0087438841677128,1.5371875899633272,1.216401448411268,Si1,Si1,combo_002,11.457510269423032,1.550628580194012,hybrid,0.36579627,0.63420373,0.73159254,0.17479743,0.5283045830641246,285.8661,1.7001404,0.6402299944943722,0.22802488009134939,0.23005959076514737,0.9999998219999998,0.6713758411604018,0.6188889687763562,0.4041307289039747,286.73645227664247,3.129883327789104,868.5122269348008,7.544380410240056,180.93759812864673,2.3562344518084766,78.39663807903844,0.9712367815956666,0.0
11.933595895337984,0.9564332672473815,1.8845951924394628,1.5735897150506004,Si1,PU,combo_001,18.77858376447391,1.8024895373435832,hybrid,0.57309616,0.42690384,0.8538077,0.07476384,0.225964879427396,283.76178,0.5663665,0.6142809134600368,0.0,0.015207425765003914,0.9999998089999999,0.6713492273713972,0.5865380591023843,0.24237512362000851,284.20342374997114,3.0667253252681443,1075.529237175296,7.007451211195768,202.33014663491275,2.153752119696657,86.73809354309826,0.9416187301490591,0.0
10.778565651410904,0.6556708324144165,2.982675871121651,0.7342111620319957,Si1,Si1,combo_002,7.913743211960554,1.9556535712407275,hybrid,0.6297103,0.37028968,0.74057937,0.20806718,0.6288584660956515,287.22412,1.2137524,0.6569764356874565,0.0,0.06888897935403876,0.9999998219999998,0.6712568331453372,0.6285887686862536,0.40497790705693026,285.5318546138071,3.2749400453775657,978.8767220400689,7.318050564824898,192.27247328546952,2.3078322150326454,82.09854812202013,0.9329791379083365,0.0
11.409565128341493,1.0256896665590785,1.674391842085714,2.406784410023519,Si1,PU,combo_001,27.460363476040296,1.7174064101981372,hybrid,0.39745808,0.6025419,0.79491615,0.13670069,0.41316168471884707,283.72772,0.22671409,0.6138609352943855,0.016946156819661603,0.06827927069569845,0.9999998089999999,0.6711549702185771,0.5871350374824773,0.308752149898287,283.6392169279481,3.1225663241736266,1025.3486074101218,7.868309894466927,202.0869178153131,2.3915551379164643,85.30325522193694,1.0373486479305345,0.0
10.861017246641643,1.0337229175789109,1.8265119415352569,2.325424447245861,Si1,PU,combo_001,25.256475027299405,1.8881072531965468,hybrid,0.39321488,0.6067851,0.78642976,0.13658556,0.41281372886267254,283.9821,0.3560044,0.6169976001785283,0.04523412386576349,0.10726393429650884,0.9999998089999999,0.6710239139671068,0.5914220505687967,0.31718171554572305,283.51267808836695,3.094872105677907,980.588994673618,7.131401989513425,195.80579712601806,2.2025439455809055,83.12247337512301,0.9496904778823593,0.0
8.440366495934114,0.9705819422754361,1.8730504189801858,1.19418391387335,Si1,Si1,combo_002,10.079349896640094,1.8179489136336082,hybrid,0.63854885,0.36145115,0.7229023,0.19112116,0.5776411295171322,290.46426,2.3646486,0.6969319390760707,0.0,0.20882895935099435,0.9999998219999998,0.6708987146887834,0.6716089113832667,0.43210977168241876,286.4545014592521,3.228001049181008,813.2622481487284,9.424568706097963,171.88024460864824,2.6600003239347645,74.54647061741255,1.0584263909196594,0.0
15.427330500373388,0.8792824592348262,2.0732761611621386,0.9540577887287696,Si1,PU,combo_001,14.718564823174138,1.822995361659585,hybrid,0.61549747,0.38450253,0.76900506,0.15912391,0.4809332260732159,282.05475,0.6927075,0.5932308250425905,0.0,0.10733183781706748,0.9999998089999999,0.6708828047306834,0.5701621652218787,0.3480746829436584,282.47746471248104,3.1056996482316,1343.8791034738115,8.21060178414598,231.94792048631143,2.493790810476262,100.53702087502805,1.2018284773209185,0.0
13.948654990236154,1.0021423010340709,1.2093114670052436,1.8086904713215686,Si1,Si1,combo_002,25.228799368592178,1.2119021762115227,hybrid,0.6257965,0.3742035,0.748407,0.16602933,0.5018040470787967,283.7064,0.46032095,0.6135978844540717,0.0,0.1786686963630456,0.9999998219999998,0.6708530315495617,0.5906234334857354,0.3612204562315141,283.07907777464624,3.1148212421537,1157.9454457581528,7.064930080590938,222.43905551670818,2.2103280807506525,91.09169596614605,0.9308451089229878,0.0
11.666514916751215,0.549623742758263,2.837275661785451,2.0243637115805195,Si1,Si1,combo_002,23.617269438083984,1.559434068467447,hybrid,0.38814285,0.6118572,0.7762857,0.17069502,0.5159055368757095,283.744,0.47671387,0.6140615162641814,0.07904783884684258,0.030059489344522603,0.9999998219999998,0.6706084047536162,0.5866210814011231,0.3442073966484832,284.6343905166885,3.069160696650915,1060.0495507783578,6.492067681951795,205.8809351798976,2.0066049455419828,85.50538064446512,0.9012293904876071,0.0
11.82385791055277,0.9184201235419316,2.341016804145627,0.8700890387391695,Si1,PU,combo_001,10.287809163581384,2.150036942477165,hybrid,0.6144144,0.3855856,0.7711712,0.13594234,0.41086966175322015,283.96313,0.64962864,0.6167639026508676,0.0,0.1771929720604001,0.9999998089999999,0.6705694257350097,0.5938312156181175,0.33313076354360516,283.12274362796614,3.1158494537621246,1051.5978188907077,8.169573785249684,197.10055685390557,2.599591660988509,85.9778584905791,1.0390305195583012,0.0
13.257835678095002,1.1137333250293662,1.260183023576617,1.573663817455896,Si1,PU,combo_001,20.863376304393956,1.4035078289935456,hybrid,0.4010772,0.5989228,0.8021544,0.113085665,0.3417880616462843,283.00455,0.5361735,0.6049431731156772,0.0,0.1137962534766041,0.9999998089999999,0.6705591054728262,0.5808508845720557,0.2970701820299241,282.56041682095093,3.0939471993034875,1114.3487081811695,6.580646107868633,210.6920181645741,2.049209445084216,88.93063882783525,0.9136571859899855,0.0
12.632540560334338,0.6406817816297565,2.4000881485691634,1.3593845390553523,Si1,Si1,combo_002,17.172480326708136,1.5376927510937555,hybrid,0.58443534,0.41556466,0.8311293,0.059399024,0.17952653143136682,283.55444,0.24853313,0.6117241646630522,0.0,0.16940469885911633,0.9999998219999998,0.6705500316415152,0.5882420803166626,0.24260493070679176,284.4082541594358,3.1110583457764127,1105.5657252569265,7.744872428983069,209.55696593114567,2.5183313245231522,89.59633815246478,0.9953444213935685,0.0
13.212850341268904,0.8998953677301893,2.2793951619937016,1.0147810492863258,Si1,PU,combo_001,13.408150133376047,2.0512171475047367,hybrid,0.58394814,0.41605186,0.8321037,0.059026193,0.1783996944509823,283.06183,0.37466282,0.6056495342419563,0.0,0.1656657494038776,0.9999998089999999,0.6704840627611448,0.5827673279536684,0.24428725102286825,282.59383043814336,3.1224591164748197,1158.6134466465676,7.670898937370723,207.93862575449734,2.5511735753905125,91.73977544272508,0.9823126859163506,0.0
10.848147667197559,1.007118512902783,2.1155027985033064,1.0865233044195675,Si1,PU,combo_001,11.786765250194913,2.130562032470326,hybrid,0.6298953,0.37010467,0.74020934,0.19114456,0.5777118376059485,284.90024,0.9167867,0.6283196997231381,0.0,0.12423312526136845,0.9999998089999999,0.6704210660620884,0.6033526107902533,0.3891682162177475,284.28179554297014,3.075030938755189,972.6876613809118,7.128266954290461,191.75384356929735,2.239020611332512,82.84120651804022,0.9255543056429528,0.0
12.455441789080355,0.8830248258780073,2.3272391596798574,0.6430150942225228,Si1,PU,combo_001,8.009037075588653,2.055009953752786,hybrid,0.62300855,0.37699145,0.7539829,0.15076797,0.45567836845003273,283.32547,0.58576757,0.6089006017805418,0.0,0.2017509470707665,0.9999998089999999,0.6701948191958245,0.587219252713887,0.3511620780108897,283.2313591264765,3.1830845641331433,1103.8217665748398,8.619187190868113,197.7877604531495,2.8645663075945587,88.37988507343485,1.0652691499885643,0.0
13.741224068444039,0.7505209167378837,2.9317094563627455,1.103886822129609,Si1,PU,combo_001,15.168756169085587,2.2003092687984904,hybrid,0.593479,0.40652102,0.81304204,0.11527633,0.34840908601643505,282.83124,0.5837061,0.6028060261598228,0.0,0.05109971157542344,0.9999998089999999,0.6700365808533617,0.5770890110452205,0.29097703511947487,283.72276087624726,3.1437890624739504,1201.1684259134229,6.867525026152341,214.27212208252183,2.151945859109606,93.41879827753148,0.9074596952637768,0.0
14.027421817385342,0.910527075874249,2.310629387525019,2.302517559271489,Si1,PU,combo_001,32.29838504583773,2.103890619652262,hybrid,0.4074522,0.5925478,0.8149044,0.113545634,0.3431782637390095,283.25934,0.24439046,0.6080851065431169,0.0,0.047785183748345124,0.9999998089999999,0.6699374651648147,0.5812381357581845,0.281553478425015,283.46778168334436,3.0836513753972246,1220.4089353686006,7.133789625764751,232.24505392270228,2.287386755828812,95.62125300711246,1.0025942884329841,0.0
13.593984075021163,0.9550347536751671,1.8673451970955042,2.3244094639422728,Si1,PU,combo_001,31.597985236659735,1.7833795603346112,hybrid,0.41830096,0.581699,0.8366019,0.08304982,0.25100826582061964,283.3999,0.24292736,0.6098184572877313,0.0,0.054097456162066876,0.9999998089999999,0.6698267886402867,0.5830195641370367,0.2502102244319145,284.1769446142836,3.092655653617514,1207.891907889698,7.041902995340832,224.17100670534026,2.210283939124208,93.06807149456826,0.9666337254070226,0.0
12.86376270852486,1.0625808380260033,1.297556878752643,0.6550784670834353,Si1,PU,combo_001,8.426773956025524,1.3787590756113886,hybrid,0.38823438,0.6117656,0.77646875,0.15862392,0.47942205460051596,282.3211,0.58143485,0.5965153854635622,0.07843748728434258,0.06117754751138649,0.9999998089999999,0.6692123606594393,0.5715998856938211,0.33829575464358197,283.5851086889699,3.1577369108264994,1105.816761074009,6.849009902103724,198.23714053278138,2.1034544212340927,89.3490566309156,0.9083548494598422,0.0
11.519524543064046,0.5230880332100707,2.8291138316319713,2.4425754399494517,Si1,Si1,combo_002,28.137307728783167,1.479875589915775,hybrid,0.62013423,0.37986577,0.75973153,0.19005501,0.5744188222950801,284.1866,0.6481358,0.6195197271195632,0.0,0.02644135219252297,0.9999998219999998,0.6690743579258638,0.5918413499767621,0.3677290108436875,285.12571401969524,3.1609696491361183,1060.5789184048463,6.867659715300413,206.10298797568947,2.1442207856112194,84.65069294154229,0.9249290093739507,0.0
12.246319052262901,1.1723034204584484,1.1412828400221013,2.1199128649315675,Si1,PU,combo_001,25.961129306948685,1.3379297770684415,hybrid,0.58336735,0.41663265,0.8332653,0.066577174,0.20122164211564728,283.3642,0.52110827,0.6093781575979357,0.0,0.11954484489834052,0.9999998089999999,0.6687180554425594,0.5850765248980597,0.24841918727032752,281.98908940938367,3.247556558558737,1005.0209866456013,8.016747905337331,199.0446789957725,2.5925804287459364,82.92570530945488,0.975906984760159,0.0
12.454059592681197,1.0395298206812353,1.3596765244613576,2.172424127179266,Si1,PU,combo_001,27.055499540469018,1.4134242936578003,hybrid,0.59126705,0.40873295,0.8174659,0.10180315,0.3076879824081878,283.47394,0.29477742,0.6107314205761453,0.0,0.06540987228544216,0.9999998089999999,0.668385161520578,0.5842917995274183,0.2728292489383643,284.4329927069988,3.156294002757939,1087.0583998438044,8.15256975125489,208.994638034356,2.5127023732697005,89.06012977604314,0.9915912472674484,0.0
12.883531254701584,0.9424129324006555,1.2405996995578763,2.2769804134144533,Si1,Si1,combo_002,29.335548322568442,1.1691572007957103,hybrid,0.5930213,0.40697873,0.81395745,0.10213683,0.30869649593230325,283.62027,0.2066796,0.6125358966552653,0.0,0.07906292489881417,0.9999998219999998,0.6681896709409317,0.5862036017560676,0.2733879331508184,283.5609332302168,3.1608767764383963,1109.0123834801323,7.634518729158706,216.17213211803787,2.3878339365504275,87.51258046572019,0.999471424104553,0.0
15.495073620736425,0.9776875912738443,1.3933044183498424,0.5442618732494964,Si1,PU,combo_001,8.433377794960863,1.362216440687662,hybrid,0.35371608,0.6462839,0.70743215,0.24843858,0.7508762623758296,281.38248,0.77817655,0.5849407721652321,0.30855949719746917,0.05451214026048909,0.9999998089999999,0.6680038730357074,0.5611039214321042,0.436419075163834,282.80622996082667,3.2590271509250064,1354.5106746532438,7.617318210215599,224.838227037635,2.387669803435133,103.31172428762301,1.0005104611940474,0.0
13.971964810855486,0.7283636811064154,2.884055743446024,0.5709679612075013,Si1,PU,combo_001,7.9775442621171075,2.1006414578124453,hybrid,0.41593772,0.5840623,0.83187544,0.08446911,0.25529790488780246,282.14594,0.1008157,0.594355282711915,0.0,0.05639039951474166,0.9999998089999999,0.6679503482303599,0.5686075091805222,0.2490837753893198,283.6138991771948,3.1952938992002884,1222.2056239503165,6.923114403243066,208.18107928874807,2.2042689958073067,94.20234629385398,0.9250856358377785,0.0
10.098076569493259,1.044168931621175,2.0983230813852236,0.628077870230476,Si1,PU,combo_001,6.342378425191598,2.191003770086061,hybrid,0.6763555,0.32364452,0.64728904,0.313764,0.9483146389253163,285.33258,1.5476364,0.6336510892148779,0.0,0.1009024996749991,0.9999998089999999,0.6677492319341329,0.6086883129808689,0.5285716001426404,285.69315877168276,3.123864623829043,911.9911777804892,7.493631648436066,182.61532132722763,2.3250934548886812,80.18262946277247,0.9770019635107483,0.0
12.26238570000155,0.5340244670998324,2.8011934162849883,2.07230775743262,Si1,Si1,combo_002,25.41143701074404,1.49590582137515,hybrid,0.38570222,0.61429775,0.77140445,0.16939685,0.511981958538398,283.4795,0.33559525,0.6107999116390024,0.09531831741333022,0.033655642968331595,0.9999998219999998,0.6675740220640847,0.5834753470498792,0.34042256905140494,284.8047900709494,3.0685302994289128,1098.2184710570757,6.4913897575087764,211.50416654662214,1.9999833332718977,87.47160558869261,0.9110372698259429,0.0
9.567393439648045,1.0539376381500563,2.1118221709947576,1.21246856527583,Si1,PU,combo_001,11.600163797199453,2.225728871091139,hybrid,0.62410545,0.37589455,0.7517891,0.20145111,0.6088621735414295,285.05927,1.5672845,0.6302807268030742,0.0,0.010730598420008898,0.9999998089999999,0.6675119835883039,0.6029176399705503,0.39664832227558744,285.5817346513153,3.0782398204067456,877.8722419863096,6.646449451533356,179.37554976409126,2.048626064251598,78.24777472699675,0.9130009008758166,0.0
14.002646038710818,1.0681879928368692,1.156220068959785,1.4146248144422935,Si1,Si1,combo_002,19.80849055421241,1.2350603947398593,hybrid,0.37185434,0.6281457,0.74370867,0.16284198,0.4921706329400793,283.0677,0.3326931,0.6057217885500253,0.18763796488444023,0.18361443646248082,0.9999998219999998,0.6672430838468214,0.5832970357639945,0.35592173587952886,281.09552352650337,3.1441204284719504,1133.5932935962512,7.2738353575306105,217.04690447177103,2.3865360458595832,90.63053175041661,0.939981614196934,0.0
14.507316951362167,0.8759688579957521,1.3808745069251125,0.7427089699362512,Si1,Si1,combo_002,10.774714429484911,1.209603064866638,hybrid,0.6235127,0.3764873,0.7529746,0.16915414,0.5112483958946794,282.7736,0.35776246,0.6020951491392894,0.0,0.11767501963847753,0.9999998219999998,0.6672107234727404,0.5780272796166231,0.35323227756767345,284.2371429940395,3.1890180386523506,1232.88517823774,7.794537522530976,219.39271054682433,2.44345576822919,100.2133816197913,0.9807505311808534,0.0
14.056402426447747,1.0571442989374427,1.1994106861303566,1.4728822903585117,Si1,Si1,combo_002,20.703426200067298,1.267950168927353,hybrid,0.3723069,0.62769306,0.7446138,0.16884458,0.5103127972723431,283.15662,0.35349756,0.6068183982047815,0.18462038040161144,0.1572985214194806,0.9999998219999998,0.6671477168988689,0.5835537293681046,0.35875915815798987,281.2091114717254,3.1324976120921524,1147.07905842696,7.0830876405573155,220.75523295822862,2.3168329316200267,91.52316543405252,0.924688097195261,0.0
14.069271720492589,0.6850391586882483,2.448600254516138,1.5255012520162836,Si1,Si1,combo_002,21.462691624568738,1.6773870583175656,hybrid,0.38376096,0.6162391,0.7675219,0.11649801,0.3521014669181172,283.2627,0.3117461,0.6081265022404481,0.10826047261556003,0.23571332751666252,0.9999998219999998,0.6670442058833949,0.5870347934192933,0.31427432859562265,283.58675881963165,3.1220134347771573,1189.9039319022597,7.692464020658364,227.0287654484848,2.3805946516868,95.78578675831237,0.9641635704628057,0.0
10.147111071578781,0.9717773925307464,2.4135600583363237,2.1555002290440752,Si1,PU,combo_001,21.872100238923736,2.345443100206429,hybrid,0.40998992,0.59001005,0.81997985,0.07808349,0.23599813204541928,284.48663,0.49304318,0.6232193734874106,0.0,0.12735802814900674,0.9999998089999999,0.6670258822017279,0.597994534817171,0.261176053938217,284.01014226472125,3.050003395403002,931.970421441969,7.499870435560711,188.8798348362164,2.2396113604883356,79.68676696846651,0.9870227901190082,0.0
10.628307958751193,0.6473375110310566,2.537651806147659,2.297735826276781,Si1,Si1,combo_002,24.42104396952526,1.642717204055091,hybrid,0.62271553,0.37728447,0.75456893,0.17636406,0.5330395479798519,285.07797,0.48954082,0.6305114137345655,0.0,0.08306888476632054,0.9999998219999998,0.6670157220109165,0.6033682601148732,0.3584239402622021,285.4590038320005,3.097138781422587,988.3991202073199,6.778466330936054,196.67494931873398,2.0856630060783576,82.00876506445273,0.9541559932348344,0.0
11.884692619488117,1.0577769659231595,1.4322627366463976,2.4840309090742956,Si1,PU,combo_001,29.52194381165564,1.5150145319746278,hybrid,0.6021782,0.39782178,0.79564357,0.11371475,0.3436893886434523,283.7072,0.32803553,0.6136080452161439,0.0,0.11170092490529922,0.9999998089999999,0.6667032058470284,0.5883866380117961,0.2930688751118253,283.62756741878445,3.2022266124328165,1046.3501217860291,8.879708512208426,206.19778694466166,2.8085846359483924,87.81822705917578,1.0485879566349872,0.0
11.005473277874009,1.0325824384203393,2.115901460403845,0.9342359940016316,Si1,PU,combo_001,10.281709267213019,2.184842689440959,hybrid,0.35775456,0.6422454,0.7155091,0.2008776,0.6071288345514491,283.64606,0.68377304,0.6128538908756733,0.2816360791524252,0.1737769760355608,0.9999998089999999,0.6664537989199997,0.5901927257403037,0.40202308437387757,282.95590554653836,3.089658765460607,976.6501241371689,7.4435664584982995,192.9945396221401,2.3306503032916095,83.53702987552765,0.9468829307292409,0.0
10.170893955301509,0.8939614607644497,2.907267456679861,1.5351228552490161,Si1,PU,combo_001,15.613571769097412,2.598985062406475,hybrid,0.3982868,0.6017132,0.7965736,0.13730851,0.41499874391809105,284.584,0.7426862,0.6244202250345372,0.011421203613281396,0.017502687608778697,0.9999998089999999,0.6659426736026901,0.5962511211906276,0.31256837061953235,285.02520902014766,3.075347532736598,934.0251824390001,6.487527946592044,188.17489863706578,2.0438611021268205,80.19377648734624,0.8900405909992313,0.0
13.337756682853271,1.0202810952935224,1.4193981399545854,1.2707458383821455,Si1,PU,combo_001,16.948898798089445,1.4481850888904528,hybrid,0.58986986,0.41013014,0.8202603,0.10400012,0.31432807994751927,282.97546,0.32616255,0.6045845358469805,0.0,0.022521224144465075,0.9999998089999999,0.6655755450795127,0.5774062612057066,0.26937629504505833,284.31906501913664,3.0755591354786995,1173.3186397004395,7.139549016410724,213.57816679829943,2.146668273409357,94.63616347034574,0.975824380831051,0.0
8.267033407950933,0.9007754246431534,2.4740716025304694,0.84437831725049,Si1,Si1,combo_002,6.980503757659192,2.2285828983669504,hybrid,0.6565585,0.3434415,0.686883,0.24511705,0.7408373350959013,292.85596,3.058276,0.7264248681264797,0.0,0.14311621233477706,0.9999998219999998,0.6655682944032693,0.6980142897193352,0.4938763018179731,286.82920552628366,3.381514314677862,815.7456516031981,8.838213858001893,170.91945811628867,2.632422675274231,73.55244498500042,1.2213067395941437,0.0
15.980885717482952,0.6696149579056322,2.3017571762952267,0.9823306918406012,Si1,Si1,combo_002,15.698514523080611,1.541291034713915,hybrid,0.60783213,0.39216787,0.78433573,0.12316969,0.3722658375535253,282.6373,0.3269565,0.6004144838276418,0.0,0.12162572126676309,0.9999998219999998,0.6655269140748798,0.5765443716316192,0.304536789675915,281.70006450422,3.1833858041438936,1335.5992360473472,9.463646497263072,243.83597049905703,2.688473659556138,103.55402290593733,1.2059584610424499,0.0
12.01780817373755,1.116520312313014,1.3068827890647683,1.1596390756543729,Si1,PU,combo_001,13.936319961984578,1.459161179803098,hybrid,0.6185555,0.3814445,0.762889,0.16078298,0.485947555495266,283.3646,0.66359574,0.6093830498167111,0.0,0.08661572238528527,0.9999998089999999,0.6653546070489667,0.5843485483127844,0.3461135114794042,283.0690539881132,3.122797659495736,1028.0986028788889,7.040982634217226,198.3280932294226,2.1619205895430595,86.2750397171104,0.9236745923933858,0.0
11.096988135050808,0.9317177870460888,1.4482442821673969,0.6747926190253724,Si1,Si1,combo_002,7.488165686944416,1.3493549576831583,hybrid,0.38086194,0.61913806,0.7617239,0.17218342,0.5204040575453953,284.54037,0.4927743,0.6238820809692314,0.1275870800018312,0.051312905422665776,0.9999998219999998,0.6653287132278696,0.5963223903410884,0.34930573879930277,286.0810373879,3.108275347509637,987.2343608267056,7.30349555698581,192.68255473904136,2.25805565962169,85.72640377802966,0.9989678395416443,0.0
14.21219530090514,1.0347882639766364,1.2511983728766203,1.7563866342448282,Si1,Si1,combo_002,24.962109869786943,1.29472539215939,hybrid,0.35936868,0.6406313,0.71873736,0.1986457,0.6003831477673853,283.4211,0.36916947,0.6100800028299604,0.2708754539489747,0.15776178989163192,0.9999998219999998,0.665320830609071,0.5865963941954058,0.39068099381175164,282.00762858695356,3.114262012313953,1172.5960733335307,7.026944460048459,228.07937630758366,2.2387439755125733,93.79942129749271,0.959169185067868,0.0
14.423191600098772,1.1150920308469532,1.2069761547037146,2.258705383447246,Si1,PU,combo_001,32.57774051363419,1.3458894915324113,hybrid,0.62922186,0.37077814,0.7415563,0.20603204,0.6227074928866312,283.45398,0.32006285,0.6104853043392852,0.0,0.021734870501646665,0.9999998089999999,0.6649033011236538,0.5828004444320176,0.3770635827918685,284.4564870087163,3.2251369820777644,1188.0548475984253,7.608346508008462,225.01947061937338,2.32189583982417,91.53756916714757,0.9503384263403275,0.0
9.081715672260247,0.9849192239631829,2.85362527806854,0.9095706787253945,Si1,PU,combo_001,8.260462288008805,2.8105903943569883,hybrid,0.5978467,0.4021533,0.8043066,0.099662185,0.301217178949022,286.33093,0.95969516,0.6459621696011826,0.0,0.10660775147351237,0.9999998089999999,0.6648375150535195,0.6191318315575713,0.2906485593730931,285.4573751724581,3.184054926269493,851.6822544734744,7.469988591536145,174.80875045665138,2.4886172427522046,76.24196056530124,1.041175439912497,0.0
10.548410925756922,0.9366774388473503,1.5609882784594773,0.84477268245829,Si1,Si1,combo_002,8.91100939342401,1.4621425027381578,hybrid,0.403258,0.59674203,0.806516,0.10257147,0.31001015764480994,285.8462,0.65416616,0.6399846309065544,0.0,0.08559288116734948,0.9999998219999998,0.6647916181895508,0.612454416257,0.2841848117101956,287.0001614513391,3.09950464668364,948.5113513224251,7.1961806747854835,190.5738686974549,2.2688991228263053,82.99798878170908,0.9775956615313958,0.0
11.877779511441974,0.5589723189592497,2.781295561438092,1.6966131689540411,Si1,Si1,combo_002,20.151997137044948,1.5546672296881188,hybrid,0.59180784,0.40819216,0.8163843,0.08253724,0.24945906060205641,283.72842,0.57233983,0.6138695907583729,0.0,0.11072275601385655,0.9999998219999998,0.6647846662328912,0.5890358090691491,0.2650502998414866,284.8355126279336,3.0609243172461733,1068.9356168042666,6.688594397508953,205.0061360894104,2.0727821125030155,86.06804916540192,0.9225499128875135,0.0
8.914275858304016,1.0927275814934605,1.1306636680855788,2.0203288209067365,Si1,Si1,combo_002,18.00976843404474,1.2355073755096793,hybrid,0.35531434,0.6446856,0.7106287,0.20702869,0.6257197475442,283.53772,1.1272364,0.6115179388254385,0.2979041735331219,0.16143392793661662,0.9999998219999998,0.6647648500073071,0.589388227670795,0.4159519203193828,283.48339465499896,3.234709789625071,824.2234134805354,7.530736435953729,165.91704968300408,2.3175418834290262,72.3952203607762,0.9598663628195481,0.0
10.915778306569669,1.0642356864765208,1.1674383149626297,2.466780452026387,Si1,Si1,combo_002,26.926828545299756,1.2424295165432468,hybrid,0.42584538,0.5741546,0.85169077,0.04486045,0.13558540622877913,283.94366,0.48261794,0.6165238076063465,0.0,0.07916430548900914,0.9999998219999998,0.6646872448605217,0.5903701164615521,0.21858453632559305,282.0186312234587,3.223718668745645,949.5811284348903,7.41455812737617,195.4394430361541,2.38654560320622,79.87555537913555,0.9772768996521563,0.0
15.553616627056622,0.8945605295526148,1.4174200735997644,0.8452803270848844,Si1,Si1,combo_002,13.147166149871317,1.2679680516379115,hybrid,0.6163619,0.38363808,0.76727617,0.16361608,0.49451026001390924,282.69858,0.35350686,0.6011701434661972,0.0,0.049115845442643725,0.9999998219999998,0.6644681356896923,0.5751118713957308,0.3370010631626824,282.6584230702959,3.1766799902281146,1305.6937130460037,7.559942524543969,237.85843062425613,2.269666446045937,105.16166757461389,1.0430660573912083,0.0
8.844037362510717,0.944135692942015,2.6989879983990113,2.4683000495931893,Si1,PU,combo_001,21.82973786048922,2.5482109041106327,hybrid,0.5974458,0.4025542,0.8051084,0.11425143,0.3453114412082959,285.1955,0.9802414,0.6319606394656794,0.0,0.0477824946113942,0.9999998089999999,0.6644285097192728,0.6045224934861605,0.29768741515753727,284.8628065305615,3.090938455711336,860.5689997654179,6.577911624163156,172.82499973729458,2.029975451199472,74.5567823830055,0.9221287436904277,0.0
15.049455979075892,1.0835880449670503,1.2426245070928865,0.9347456165012488,Si1,PU,combo_001,14.0674130071697,1.3464930602689253,hybrid,0.355247,0.644753,0.710494,0.19226262,0.5810910537333736,281.7923,0.71794367,0.5899944341603316,0.2983531951904298,0.21003895328664232,0.9999998089999999,0.664187546565411,0.5703111327237081,0.3990637158550544,282.682296050922,3.2252911673356492,1262.8144581702668,7.409488260200486,220.76793311054814,2.4396391474895083,95.52907646220122,0.9630693383030975,0.0
15.303435282507184,1.100301324814708,1.448454433865828,1.4957893487524656,Si1,PU,combo_001,22.890715494896927,1.5937363325163085,hybrid,0.37208778,0.6279122,0.74417555,0.16562562,0.500583859658225,282.46292,0.3275573,0.5982641655135457,0.18608148892720552,0.14749724099657655,0.9999998089999999,0.6641779410244386,0.5753433009688372,0.35334138672210746,282.01724145620824,3.1936851664498063,1305.9412486114752,8.529691065959002,240.70156792651028,2.6407540510448086,103.2065787559766,1.0684948820471567,0.0
10.517730977772354,0.738043346957213,2.6345854589633415,0.7307544572113771,Si1,Si1,combo_002,7.6858787917573235,1.9444382699781095,hybrid,0.63071847,0.36928153,0.73856306,0.20063388,0.6063922093917816,289.63666,1.7420015,0.6867263943858403,0.0,0.04827597750620238,0.9999998219999998,0.6640590444164409,0.656287180755088,0.405069235020557,286.6168755322776,3.152925341024752,953.9855427184884,8.011031274782598,191.00881324789123,2.4177337017962284,81.85574861957117,0.9898409102522938,0.0
13.228744856128422,1.0242352631759783,1.2519312184375093,1.9215916427642223,Si1,PU,combo_001,25.42024555979657,1.2822721009945657,hybrid,0.6164476,0.38355237,0.76710474,0.16142955,0.4879017559295488,283.24457,0.24826509,0.6079029654748594,0.0,0.05262267089684158,0.9999998089999999,0.6638219653154154,0.5812226355227946,0.33301334798175297,285.67405878252805,3.1097840648059027,1133.1174929847607,6.827746392624304,209.73607654647788,2.0864903704544178,87.88273818129132,0.9351067859450571,0.0
8.418017901017524,0.965672479477249,2.0416449125302827,0.7189908046418289,Si1,Si1,combo_002,6.0524774641419095,1.9715603048952293,hybrid,0.32579508,0.67420495,0.65159017,0.28423733,0.8590737348453875,288.25525,2.2726917,0.6696916886095223,0.49469963709513354,0.15430855060315932,0.9999998219999998,0.6637315545010601,0.6447474441204575,0.5205101689050525,286.59743550091326,3.2757386599524527,811.017729504401,8.934380142403343,172.2386496292561,2.6632017558709005,74.53170648082782,1.1143026070208573,0.0
12.7687292783158,1.1960284335830518,1.1006442878248592,1.7655003515988947,Si1,PU,combo_001,22.543196030337644,1.3164018634993,hybrid,0.4049078,0.5950922,0.8098156,0.0871638,0.2634422832389493,282.88702,0.7215602,0.6034939473845634,0.0,0.11584008348188721,0.9999998089999999,0.6636262114558871,0.5799112010751563,0.27383244230309617,281.2049615895571,3.1983523523515,1026.7114021299953,8.103128966718891,199.49999351761466,2.4581480285455957,84.5794213197146,1.1061278600293023,0.0
10.818788925438634,1.1381834550363807,1.5110254159668275,0.7161398455471576,Si1,PU,combo_001,7.7477658300709225,1.7198241285929081,hybrid,0.348377,0.651623,0.696754,0.24494535,0.7403183737535898,282.15714,1.113133,0.5944933938111927,0.34415340423583995,0.08196646749891327,0.9999998089999999,0.6635670891577601,0.5713163430580933,0.44384639533492587,283.45213256829027,3.1906590675391286,946.2064079201739,7.495151887669259,188.49928453105517,2.3408853684340274,84.07008244827925,0.9770222817382394,0.0
15.827241115268336,0.5709101927203419,2.495696730209141,0.7989491297194993,Si1,Si1,combo_002,12.645160514904314,1.4248187012152278,hybrid,0.62390554,0.37609446,0.7521889,0.16443083,0.49697274802168223,282.54126,0.6802099,0.5992301905594478,0.0,0.10953509799729254,0.9999998219999998,0.6635640570535662,0.5757252787072243,0.35375766328767544,282.95570449159254,3.1779914373910607,1338.411078511619,7.37740576856307,234.80769427397587,2.213724362333252,101.88965664148068,0.9658442215333541,0.0
14.732843012967347,0.8298749088775697,2.1814649888548034,0.5695232192873233,Si1,PU,combo_001,8.390696181999912,1.8103430588454885,hybrid,0.6037876,0.3962124,0.7924248,0.13380578,0.4044121667273315,281.90036,0.34400254,0.5913269992898756,0.0,0.029275482787347134,0.9999998089999999,0.6633871920459709,0.5654439319595067,0.30229192486334205,283.63021686495233,3.1291575284234945,1292.0500503621456,7.570912801201862,214.85825010143148,2.331239239955683,97.60545810051192,1.066833157302274,0.0
15.615890540454505,0.8053149975165016,2.0929491398273985,2.0521050093157998,Si1,Si1,combo_002,32.0454472029939,1.6854833313422655,hybrid,0.3311426,0.6688574,0.6622852,0.25250608,0.7631697868750115,283.35837,0.5749504,0.6093062796143878,0.4590493043263754,0.2129874310212671,0.9999998219999998,0.6631910604466451,0.5879101822736407,0.4602433460333786,283.3107871106358,3.2443576965620826,1292.0557116334537,10.908332035539509,260.49620747955476,3.22325711369803,103.38442331799985,1.2418161400577246,0.0
14.82273146498224,0.9031369580417495,1.5896987927417165,2.390531421728647,Si1,Si1,combo_002,35.434205322885944,1.4357157318793956,hybrid,0.37738046,0.6226195,0.7547609,0.16502933,0.4987816590963975,283.70505,0.40952602,0.6135813261751392,0.15079673131306978,0.08985040335047575,0.9999998219999998,0.6628559145995901,0.5878526056364398,0.3457776796589497,284.79433064349416,3.2417184938987265,1249.3140998249003,7.583738583914999,249.0588179336088,2.513182186172162,101.12456301832981,1.0042546991248464,0.0
14.198455315847518,0.9836418196962057,1.273275612052224,2.186267424418718,Si1,Si1,combo_002,31.041620334102205,1.2524471400138495,hybrid,0.36371294,0.6362871,0.7274259,0.19387281,0.5859576617978969,283.6411,0.34808096,0.61279292630324,0.2419139544169109,0.11390230836570517,0.9999998219999998,0.6627345836720736,0.5877387000446703,0.3786121596558337,283.79031020560393,3.1320440030223096,1189.073228292487,7.2633890453511265,231.7410903952571,2.183560756783557,94.3243113938713,1.0192195650915936,0.0
12.525201255931034,0.5443728370319425,2.7969880413379142,1.6777003995464632,Si1,Si1,combo_002,21.01353515147536,1.5226043152075364,hybrid,0.574924,0.425076,0.850152,0.025712876,0.07771412886328505,283.2575,0.35307238,0.6080625270718453,0.0,0.13864463009855163,0.9999998219999998,0.6626747672996642,0.5841379490709818,0.2045426491727555,284.77288648322,3.0970737972985054,1109.216312694366,6.778131555721421,210.58323369671308,2.140063593799534,88.59556208716764,0.918955452468355,0.0
14.218413304454582,0.7278683161870078,2.2367616250975564,1.4983079485556918,Si1,Si1,combo_002,21.303561669914302,1.6280679177714734,hybrid,0.61897117,0.38102883,0.76205766,0.13973768,0.42234063049817316,283.60303,0.5196989,0.6123232733007913,0.0,0.14409221389394808,0.9999998219999998,0.6626471636772663,0.5885199265353874,0.32946346887993183,283.78483530213,3.1188321605097307,1200.1319131369846,8.69324105517105,228.95802603165066,2.467644521944862,96.92722301032877,1.051267696608176,0.0
14.521319260956957,0.988553633835368,1.2044428867036663,0.9047607527503256,Si1,Si1,combo_002,13.13831974547122,1.1906563923980698,hybrid,0.40348047,0.59651953,0.80696094,0.11229854,0.3394090722351133,282.72943,0.31996375,0.6015506075571232,0.0,0.031803729398221264,0.9999998219999998,0.6626081023596248,0.5748824118043387,0.27941739417347594,282.5488869782762,3.1963886153447345,1188.2543255569315,7.315645689963148,216.32104443625875,2.421937359527409,93.14368827543103,0.9523439891860541,0.0
8.374580416382038,1.013888766379918,2.7916603993762754,1.1313704008566512,Si1,PU,combo_001,9.474752402688408,2.8304331184752813,hybrid,0.6305295,0.36947048,0.73894095,0.17166786,0.5188458224084832,286.87524,1.5000772,0.6526742937611791,0.0,0.1375044703943246,0.9999998089999999,0.6625285462747745,0.6272024747065665,0.3827532782207239,284.3162324658118,3.1806357569330124,811.851159374469,7.807214642284081,167.1337785475596,2.5168289188644897,73.42754837234867,1.1000604147431656,0.0
12.921530071100042,0.5839066724673321,2.62292976803161,0.9184200677795396,Si1,Si1,combo_002,11.86739252371506,1.5315461929668486,hybrid,0.60854924,0.39145076,0.7829015,0.103324406,0.312285809661211,283.4371,0.29502535,0.6102771968790655,0.0,0.17477587315135487,0.9999998219999998,0.6624531945570689,0.5871553383967668,0.2908485750447962,284.8604555727457,3.213407356137377,1126.3672511208952,7.823895701363044,205.17902884378887,2.562008789420207,90.35378186230847,0.98092783486892,0.0
8.626404036528983,0.8896598622274752,2.405323193402251,1.3509632820379593,Si1,Si1,combo_002,11.653955109374696,2.1399195008547975,hybrid,0.61057055,0.38942945,0.7788589,0.12039843,0.363890036581753,293.07837,4.009612,0.7291675212369335,0.0,0.13273275590026903,0.9999998219999998,0.6624279857057258,0.7019312132399048,0.38028106964602926,286.86817682313426,3.211483561228046,837.7437983713902,7.7689830472783274,176.15258038200054,2.395573088826934,74.62049013888836,1.0456083485880716,0.0
10.197766565907365,1.0278133460112344,2.2434841162094656,0.9092081211673488,Si1,PU,combo_001,9.271892179491843,2.305882916204308,hybrid,0.6534649,0.3465351,0.6930702,0.24474296,0.7397066812298307,285.50986,1.1394043,0.6358371583584875,0.0,0.0902642350486859,0.9999998089999999,0.6623414292371446,0.6096486285397604,0.44542634058680897,284.9973893202818,3.07444192801515,920.1691959970844,7.109833565985687,185.45029647333794,2.185925646742954,80.2178492028417,0.9701522455132382,0.0
8.755199074342922,1.0210536674458937,1.4490501285296884,0.6779609125773761,Si1,Si1,combo_002,5.935682754238126,1.479557948048182,hybrid,0.669273,0.33072698,0.66145396,0.25760758,0.7785884737888717,285.8519,2.021191,0.6400550035920175,0.0,0.19177422719225112,0.9999998219999998,0.6623045806531784,0.6181548710618676,0.4927009257217906,287.15014148992555,3.269011431081366,823.8058212009515,8.489371644913579,169.84796717642314,2.5415103937605967,75.92114726275892,1.0407297379212381,0.0
13.005883866029256,0.9682720832899703,2.0179670034754134,1.4122045732749675,Si1,PU,combo_001,18.36696867508963,1.9539411144655572,hybrid,0.40508318,0.5949168,0.81016636,0.08222591,0.24851810257680992,283.29767,0.4747693,0.6085577701417351,0.0,0.11915698971929631,0.9999998089999999,0.6620192253678392,0.5842270742459467,0.2639457538894451,282.0971703624788,3.097568757291707,1146.8092209979184,7.47554349126301,211.2594352444483,2.4119805032791453,90.89843997005984,0.9789618038605832,0.0
15.12735445769303,1.0811565115591135,1.5945589688005797,2.287918381824415,Si1,PU,combo_001,34.61015233212939,1.723967812183732,hybrid,0.3598209,0.6401791,0.7196418,0.19577077,0.5916940243918587,283.01157,0.42347834,0.6050297277555516,0.26786065101623546,0.13733521811599705,0.9999998089999999,0.6619512130792031,0.581434687570381,0.3857114912421412,283.22403803384634,3.261383710318736,1296.4710610814295,9.401008611338739,247.20253855390948,2.764782295232786,101.37010859481487,1.123562648081015,0.0
10.198031687972756,1.165196615043234,1.3869914088066608,0.7403797924994061,Si1,PU,combo_001,7.550416585043638,1.6161176946355675,hybrid,0.3719676,0.6280324,0.7439352,0.16678156,0.5040775598377335,281.8992,1.1266968,0.5913126989580703,0.18688257535298677,0.12509821129407372,0.9999998089999999,0.6617030984191572,0.5697083681533225,0.3679155125731999,284.116595086083,3.2432201030620527,892.0645253642954,7.884382005641008,178.8516738900737,2.581890509067908,81.16730233596695,1.0286134443248929,0.0
12.072152253976112,1.0733749614122194,1.3841190438397981,0.861379097200504,Si1,PU,combo_001,10.398699609796973,1.4856787252714614,hybrid,0.641634,0.358366,0.716732,0.2030905,0.6138170541244748,283.18604,0.61040896,0.6071811750432115,0.0,0.12269888488153936,0.9999998089999999,0.6616722287372339,0.5833099857820208,0.39516809654369606,283.85369270624386,3.1344824938506064,1051.9761356816273,7.33719901608129,197.97145006231653,2.2067000309873372,89.0291573728931,0.9759783125147043,0.0
14.019389265604747,0.6111030806957699,2.479495686091636,0.9749895741637488,Si1,Si1,combo_002,13.668758370107803,1.5152274523424705,hybrid,0.6030592,0.39694083,0.79388165,0.08168502,0.24688332705967933,283.06934,0.3475423,0.6057421100741698,0.0,0.1914462857789222,0.9999998219999998,0.6613014754837173,0.5835773029052278,0.27155647458000587,284.9929795275533,3.1389714329586456,1199.417218017566,7.08954447550262,215.84376259471503,2.2335182340320197,95.012157714437,0.9393514045173439,0.0
13.214313128591613,0.8073407820355868,2.5517450568361255,0.5263156436119159,Si1,PU,combo_001,6.954899719164084,2.0601278497415203,hybrid,0.60710937,0.39289063,0.78578126,0.109860614,0.33204072641797416,282.68512,0.4002431,0.6010041843523511,0.0,0.12899088262217698,0.9999998089999999,0.6612922988439713,0.5774392104659046,0.29309530369217235,283.58148319747227,3.2066360463212726,1163.194570138406,8.628450887790137,199.60462332651522,2.7310264463285905,91.36660685886537,1.0473190724191914,0.0
14.337998861808778,0.9737041328592583,1.9604892426742357,1.6097079058467034,Si1,PU,combo_001,23.079990121874626,1.9089364780180207,hybrid,0.37281403,0.62718594,0.74562806,0.16503878,0.49881021255391944,282.69525,0.24964176,0.6011291240933871,0.18123960494995128,0.11813764536335353,0.9999998089999999,0.6610327830624776,0.5769586182521209,0.34668734224358855,283.19709851256715,3.0469918377834544,1251.38395282106,6.9035926678217985,227.5124896760509,2.120571089868927,95.99964031978904,0.9900862122848925,0.0
11.264931712884515,0.9126719873900833,1.4911580535959355,2.0997630643713103,Si1,Si1,combo_002,23.65368753337994,1.3609381842881307,hybrid,0.60282266,0.39717734,0.7943547,0.1081635,0.3269113950183494,284.32928,0.29013866,0.62127904425614,0.0,0.0908212894758911,0.9999998219999998,0.6607574517815107,0.5947496415171988,0.2832721545459945,283.9152258729619,3.083501938578074,1014.410744668692,7.771006866613959,204.89664284647233,2.4563820691865685,86.06486117556224,0.9974910344924145,0.0
11.854191106260103,1.1303514019425673,1.2771474806409273,1.0630327316498,Si1,PU,combo_001,12.601393153186443,1.44362544522989,hybrid,0.63030666,0.36969334,0.7393867,0.19002534,0.5743291536295813,283.31503,0.65294284,0.6087718987942938,0.0,0.05558712721922617,0.9999998089999999,0.6606717955700423,0.582836337131522,0.3721700137188452,283.1168583679362,3.1372104538823753,1008.33599742753,7.024688810737181,194.65335231315512,2.1552436947738314,84.37002044888011,0.928070498819243,0.0
12.666370192737721,0.726392112093057,1.8811202194441554,2.1080192399122284,Si1,Si1,combo_002,26.700952066141877,1.3664308893029948,hybrid,0.6173499,0.38265008,0.76530015,0.13308865,0.40224471610161894,283.6152,0.23144506,0.6124734267847473,0.0,0.13670084304530192,0.9999998219999998,0.6606196598766707,0.5879196569310455,0.3152933802324179,284.99964701812485,3.1192462840584065,1120.765181635452,7.430079361549293,216.1472042981977,2.330676053152835,90.40466095625145,0.9708237493116283,0.0
13.230278657081108,0.9203923272033945,1.8321080375724152,2.2610641429487868,Si1,PU,combo_001,29.91450867274672,1.6862581803893193,hybrid,0.5866513,0.41334867,0.82669735,0.064308316,0.1943642860919531,283.41348,0.27396798,0.6099859216996621,0.0,0.09312234834242743,0.9999998089999999,0.6604126647980726,0.5844000157489261,0.236887670541461,285.1583821223584,3.1085870527409543,1190.5326228707163,7.167054425741446,218.47904105384794,2.240608937314366,91.62014450427552,0.9365229576613955,0.0
13.703475574495243,0.9214020746601979,1.4745986645785942,1.9340535837171007,Si1,Si1,combo_002,26.50325604423228,1.358698268833874,hybrid,0.3708233,0.62917674,0.7416466,0.1791326,0.5414071071807622,283.53732,0.3107621,0.611513046606663,0.19451157251993828,0.08081770605149964,0.9999998219999998,0.6602950400451447,0.5855017818887904,0.35727638292734065,283.14021151095307,3.0840737112097516,1176.5700080097492,6.818589922391304,229.37897296605064,2.1026167595369922,96.98348810445502,0.9677606796792886,0.0
13.322195751342289,0.9436874464607473,1.7097963114930153,2.2412592792919774,Si1,PU,combo_001,29.858494848240063,1.613513315160848,hybrid,0.60002315,0.39997685,0.7999537,0.10219688,0.3088779950392646,283.35147,0.24979062,0.6092212302725982,0.0,0.07806570150435366,0.9999998089999999,0.6597575254665631,0.5832014644443407,0.27420338747095924,285.2648779096813,3.1035224001600206,1195.6939636350917,7.424222444812399,219.6253975197608,2.226722820671753,92.49272065201436,0.973144880951531,0.0
13.427983260243419,1.082005220134091,1.1183961311409314,0.8302728940338115,Si1,PU,combo_001,11.14889052251988,1.2101104520722592,hybrid,0.57042944,0.42957056,0.8591411,0.031921893,0.09648015133872931,282.50714,0.41453472,0.5988094597447541,0.0,0.049599976225128815,0.9999998089999999,0.6594849792342496,0.5730639530963986,0.19903932517115136,283.9766198401144,3.159195295285206,1106.961141487803,8.335418726909541,194.0612048117158,2.5292736350160103,86.15631658153934,1.1519328186572755,0.0
9.469577789990987,0.9363467418133418,1.8135548742408685,1.9102828194338295,Si1,Si1,combo_002,18.089571759511955,1.698116197595142,hybrid,0.40188804,0.598112,0.8037761,0.08557602,0.258643410821292,286.76227,1.5363524,0.6512811403837231,0.0,0.11569193162083621,0.9999998219999998,0.6592940182619134,0.6253314177084848,0.28916912211031276,286.2710548985602,3.073813492048929,879.8474513596461,7.7965430447381445,184.5290831565066,2.3456068904506315,78.63910976871975,1.0059950196487233,0.0
13.492484912569832,0.8822394273507804,2.2661349607608985,2.286846214764603,Si1,PU,combo_001,30.85523805007884,1.9992736100812782,hybrid,0.58138156,0.41861844,0.8372369,0.06627383,0.20030482392199664,283.65128,0.3800915,0.6129182423687973,0.0,0.028071841531772196,0.9999998089999999,0.6592808403333619,0.5853364526109086,0.23142848168518568,284.0572124713086,3.103256750582641,1192.3017000842758,7.358360406203343,224.27969180414553,2.408317079985517,93.27828431970997,1.0218278381781756,0.0
13.18379660857226,0.5081542905024364,2.96833130860354,2.468447469081779,Si1,Si1,combo_002,32.54350937131914,1.5083702900996006,hybrid,0.6000022,0.39999777,0.79999554,0.084739745,0.25611586686810817,283.63333,0.3770743,0.6126969635503359,0.0,0.13505530913238128,0.9999998219999998,0.6591342678101569,0.588336972343453,0.26694677497737457,284.92306795286146,3.2851531377630074,1158.6523113757573,7.306958789384543,226.4510540959579,2.3446316896145714,90.67016419791516,0.941100716639303,0.0
13.19903079234907,0.5483926384518014,2.8435460925313096,0.7558517117679385,Si1,Si1,combo_002,9.976510018074775,1.5593797442425552,hybrid,0.39297786,0.60702217,0.7859557,0.100610375,0.30408297328504286,283.19623,0.29510108,0.6073068674332899,0.04681444168090834,0.14412215279059878,0.9999998219999998,0.6591316759668816,0.5835031594310731,0.28338110783685483,284.4734736964521,3.295578705265216,1144.7699285757374,7.952582831536896,206.66075954967687,2.449416718983943,91.45051580828618,0.950699117407306,0.0
11.162735822548937,0.7370884425424419,2.2739041931816013,0.9649217155235881,Si1,Si1,combo_002,10.771166199830532,1.6760685002429543,hybrid,0.60443515,0.39556485,0.7911297,0.106783435,0.3227403158516816,287.65985,0.6293529,0.6623495972010487,0.0,0.09773533723313614,0.9999998219999998,0.6590944786663052,0.6333499833893284,0.28994285418570265,285.65706139084807,3.079493926577772,999.7405507183319,7.41366909545343,197.0685555708872,2.339442251619819,83.971811154772,0.9781343268640386,0.0
14.80058301475617,1.1085739765357283,1.3480342872378268,2.042368160024127,Si1,PU,combo_001,30.228239499131906,1.494395730309744,hybrid,0.61044276,0.38955724,0.7791145,0.142317,0.4301363098826579,283.39532,0.33041435,0.6097620086095524,0.0,0.026213359102032912,0.9999998089999999,0.6589357534004086,0.5822879211876812,0.31055190733560745,283.7074501431062,3.2063681800717143,1247.264954304045,8.476185821622137,235.29314676862342,2.608859249388339,99.00726503040124,1.0727829219168474,0.0
13.209896186349749,1.0083680390845045,1.3115286589224786,1.5960179750788834,Si1,Si1,combo_002,21.08323176234019,1.3225035820007895,hybrid,0.36153752,0.6384625,0.72307503,0.16821402,0.5084070116122498,283.3231,0.3686914,0.6088712484678888,0.25641655921936046,0.19468493283709204,0.9999998219999998,0.6588130218324436,0.5865911775918651,0.3640178206799562,281.17157366122996,3.0894811624147605,1117.3232455075424,6.762380031597125,219.06848476896215,2.1170114381152594,92.29696080131299,0.9211943525635635,0.0
11.776971567937826,0.9509089309491332,2.325293957188557,0.796360598956606,Si1,PU,combo_001,9.378716131737887,2.21114279097265,hybrid,0.35639086,0.64360917,0.7127817,0.1805536,0.5457019255028583,283.43234,0.43093002,0.6102184902537594,0.29072777430216484,0.19842046550440962,0.9999998089999999,0.6587590114113346,0.5880542629771475,0.37893286941815507,282.26706848981655,3.121787974702035,1040.5017393301953,8.26330117856335,196.97727957110365,2.6321247301587163,85.92088636820094,1.0414862983534268,0.0
10.434901854504297,0.8783463431442077,2.976019397245345,1.0898686728470803,Si1,PU,combo_001,11.372672635458136,2.613975754696678,hybrid,0.37732494,0.62267506,0.7546499,0.13333312,0.4029835931112487,284.46503,0.8835717,0.6229529357264061,0.15116707483927422,0.17041315814399813,0.9999998089999999,0.6586918825317585,0.5997410539586608,0.3342457612644224,285.0331132198728,3.0969636201490234,949.0960623255568,6.68770043322248,188.6231170166539,2.0618333141827834,80.8434597991147,0.8942644407232933,0.0
11.432035263869466,0.7355524507129194,2.154181889214152,1.4770592567082117,Si1,Si1,combo_002,16.885793509513096,1.5845137678928563,hybrid,0.40281516,0.59718484,0.8056303,0.10544373,0.3186912193974716,284.76,0.3169587,0.6265904885482566,0.0,0.029606916489026507,0.9999998219999998,0.6584286022915047,0.5978478116275592,0.27177378356154613,284.65474906867985,3.028150940048106,1022.6724514216781,6.573510290381388,202.37051757173862,2.032754213287882,85.27225617114425,0.9204315076522196,0.0
14.32872572626501,1.1270383022536405,1.3052604290611476,2.1470587785101705,Si1,PU,combo_001,30.764616355441806,1.471078497967934,hybrid,0.3928948,0.6071052,0.7857896,0.121351115,0.36676940957304655,283.1493,0.14874001,0.6067280803196952,0.047367970148722474,0.06560021475563568,0.9999998089999999,0.6584242681520869,0.5803526775466445,0.29048244226222997,283.1213806355437,3.1686676081360092,1197.8638504254332,7.850588787340203,228.4112380119056,2.35828256877408,95.30178533160439,1.036376371864691,0.0
8.4045696944549,0.9584947181823991,2.672961063574474,2.483114245196214,Si1,PU,combo_001,20.869506733045352,2.5620190613433413,hybrid,0.61749685,0.38250315,0.7650063,0.15343632,0.4637431439050123,285.40414,1.0974355,0.6345335702170752,0.0,0.04680123556788374,0.9999998089999999,0.6582073722108603,0.6070702120429229,0.34144202267400275,284.53597882876807,3.1413839127260594,834.5613195654414,6.734775133098245,167.08396535083943,2.1142180194785216,73.01783350185333,0.9370773815109639,0.0
14.274391719406657,1.0158265840397862,1.52737140276368,0.8693802920554623,Si1,PU,combo_001,12.409874841931831,1.5515444746294855,hybrid,0.3827384,0.6172616,0.7654768,0.13462165,0.406878032510048,282.0734,0.4559551,0.5934607593250394,0.1150772571563722,0.11031563906521771,0.9999998089999999,0.6580556549640357,0.5700388609655661,0.3176520939916538,283.22002857174283,3.1259621667854547,1257.451796869802,7.81613395469681,219.12386249634937,2.4159587413582493,98.57489017602225,1.0886547701348397,0.0
14.731199106229035,0.8341035610930199,1.8765403584950737,2.0262319390926864,Si1,Si1,combo_002,29.848826130174906,1.5652289955555132,hybrid,0.35390967,0.6460903,0.70781934,0.21121539,0.6383735680373497,283.57397,0.46474844,0.6119650123566156,0.30726885795593273,0.10443521637769451,0.9999998219999998,0.657724034699436,0.5869021226475495,0.39797735196460277,284.16658390553977,3.1638798746704095,1234.109795573248,8.250874804350426,243.84233562473904,2.4615720093239313,99.02934190946162,1.0596391252467483,0.0
12.975827752268366,0.9681922501664011,1.4783833016660943,2.1408339417843787,Si1,PU,combo_001,27.779092474803818,1.4313592554485293,hybrid,0.61831534,0.38168466,0.7633693,0.13166037,0.39792791972389074,283.30963,0.23581803,0.6087052893540428,0.0,0.12759116197834883,0.9999998089999999,0.6576618047007516,0.5841875179655167,0.31250749262199373,285.8024522220467,3.1219918560379307,1158.4444596202502,8.435645466714487,215.30618664621835,2.4052961024417434,92.44015866823665,1.0391329729531933,0.0
13.034173395953825,0.8055787661719584,1.568001777402577,2.2092247324950387,Si1,Si1,combo_002,28.79541823397004,1.2631489371954059,hybrid,0.63683665,0.36316335,0.7263267,0.19480595,0.5887779687646792,283.65375,0.23718622,0.6129487246550139,0.0,0.07431440377374209,0.9999998219999998,0.6574561599168177,0.5864956283251246,0.37134210897552605,285.1818533939501,3.135654031940038,1153.1842834175523,6.9887952776429865,222.24908372666604,2.1560057158532926,93.14086679315517,0.9587057615953857,0.0
12.068760910487537,0.7452579193333851,2.043356054975964,1.4668456462165458,Si1,Si1,combo_002,17.70300939677708,1.522827281988661,hybrid,0.40294117,0.59705883,0.80588233,0.07914621,0.2392100582391452,283.9417,0.24884875,0.6164997228369902,0.0,0.10719355761218317,0.9999998219999998,0.6565486901472131,0.5907698253230427,0.2541690940130675,283.8411651325502,3.050902593775562,1064.9459272897047,6.638497064236837,207.0980576001004,2.098843045795536,87.85414059590697,0.9221027532219077,0.0
13.036387825454202,1.0229191512243445,1.6325400007805682,1.6797640417636261,Si1,PU,combo_001,21.89805550368308,1.6699564319382496,hybrid,0.38564408,0.6143559,0.77128816,0.114593916,0.3463465715989657,283.24155,0.46448427,0.6078657093472614,0.09570614496866875,0.14231667313708732,0.9999998089999999,0.6565138225219243,0.5842667338242085,0.3014445956373785,282.8984327298658,3.0783582441150923,1153.5966978463277,7.524790575755377,215.39090949412576,2.3236118364259366,92.26707831432493,0.9996770185947779,0.0
11.657555399103344,1.0918335971507749,1.597276967612197,1.1131259029614922,Si1,PU,combo_001,12.976326879950529,1.7439606571941066,hybrid,0.35229152,0.6477085,0.70458305,0.19271259,0.5824510359996048,282.94028,0.64299315,0.604150633674045,0.3180565039316814,0.1721661120576626,0.9999998089999999,0.6560457547813565,0.5820643088324894,0.3922914577159553,282.51169542302443,3.100935867623742,1023.754050470817,7.274053217599036,200.15933089531782,2.227667266867212,87.06414889591422,0.9736580480933397,0.0
15.356870449556215,0.48528639588251327,2.846729471075866,0.7685151356155053,Si1,Si1,combo_002,11.801987376170441,1.3814790850709404,hybrid,0.62717086,0.37282914,0.7456583,0.17211807,0.5202065252667023,282.5534,0.735749,0.5993799677188826,0.0,0.04927287756002433,0.9999998219999998,0.6554799445323702,0.5741547560876445,0.35401155733785505,284.06696938753186,3.2361202696403217,1308.2098378071048,7.216372377978726,230.1743643779879,2.2109509260365368,98.98638599780814,0.9611091985551395,0.0
12.612866240526664,0.8284492467187486,2.6664591973454073,2.0988247918828327,Si1,PU,combo_001,26.47219636231938,2.2090261134470817,hybrid,0.37843123,0.6215688,0.75686246,0.14121746,0.4268130747452955,283.63602,0.4260526,0.6127300801082008,0.14379199345906588,0.10650875533006825,0.9999998089999999,0.6554349812072435,0.5875988319948016,0.3234330211228357,282.7477093630944,3.0923223229659222,1119.6559204503915,6.961442491503573,213.471302999656,2.163363122300085,88.94562177888349,0.9399572093367068,0.0
12.730409140727069,0.9816709847032594,1.6344108489269065,1.3978066937984992,Si1,PU,combo_001,17.794651111701896,1.6044537074757665,hybrid,0.60976285,0.39023715,0.7804743,0.0949742,0.2870482912827375,283.20544,0.46173772,0.6074205174386902,0.0,0.16043537415462253,0.9999998089999999,0.655394960780129,0.5843957953455916,0.2833505682246604,284.28234080152913,3.0939604331288195,1139.3435747752596,7.601007818402283,209.2755294220071,2.3684193183346873,90.8468987900047,0.993388250883199,0.0
12.129539911554668,0.7380200035302735,1.9787219238074698,1.267259548351932,Si1,Si1,combo_002,15.371275270033502,1.4603363611938185,hybrid,0.5905508,0.40944922,0.81889844,0.08285133,0.2504083504721634,284.03888,0.30205676,0.6176979401124684,0.0,0.02301493295632483,0.9999998219999998,0.6552402398458224,0.589442197151193,0.24657436046408182,284.67112497635884,3.0722391791445496,1073.6680984699733,6.743779834341486,204.84738960251687,2.137029285534222,87.97614041420803,0.944433572778299,0.0
11.599916158669739,0.647797575359202,2.1969392989912118,2.4682527429229375,Si1,Si1,combo_002,28.63152487631269,1.423171951097852,hybrid,0.59421927,0.40578073,0.81156147,0.09021694,0.27267004912545806,284.1402,0.32386026,0.6189473375228288,0.0,0.02682987071564079,0.9999998219999998,0.6547003954201348,0.590745171754105,0.25539413893697693,285.1911833721094,3.0866249047926386,1055.036583392707,7.0235924772461775,207.3740431735845,2.1309464546503465,85.84263563228436,1.016806240637756,0.0
13.937065466825572,0.9534034897104174,1.8789987946249378,2.339075647493975,Si1,PU,combo_001,32.59985043098094,1.7914440079570837,hybrid,0.5921763,0.40782368,0.81564736,0.07025222,0.21232902716568744,283.50043,0.31351975,0.6110580702605407,0.0,0.07851471029348517,0.9999998089999999,0.6546701521612983,0.5850190563423864,0.24181126989732954,284.6343139978957,3.0905154422622707,1233.7302905503639,7.079092070446131,228.5953538612278,2.186961337734257,94.36152460773579,0.9898349280223528,0.0
14.281283496804463,0.6833643060280562,2.4454541506697502,2.421796033815034,Si1,Si1,combo_002,34.58635573034915,1.6711360785958635,hybrid,0.35038394,0.64961606,0.7007679,0.21019602,0.6352926319559308,283.57336,0.43951744,0.6119574858661918,0.33077375094095873,0.11394785606832748,0.9999998219999998,0.6542791252973943,0.5871353531123973,0.39779830281842,284.5782515224073,3.231513942615026,1210.7469553678272,9.373358252677791,242.68284324092164,2.795907599641111,96.95603190022308,1.0990027523426074,0.0
14.088616466335832,1.0450374476109392,1.1552205959764583,2.060756408778854,Si1,Si1,combo_002,29.033206673828857,1.207248783046826,hybrid,0.35596502,0.644035,0.71193004,0.20933715,0.6326967893933904,283.53165,0.34432888,0.6114430502457211,0.2935665448506674,0.06192279194344702,0.9999998219999998,0.6538980305835113,0.5849307033011184,0.3870954652746386,282.5916924821809,3.1324150830782918,1151.6719440269594,7.016690320290912,224.39207276478302,2.156059160055905,90.95441708932968,0.9284387292348354,0.0
14.726797620844962,1.0558089469965197,1.1141779288833833,1.256260275896206,Si1,Si1,combo_002,18.500690842230284,1.176359025861128,hybrid,0.6139847,0.3860153,0.7720306,0.09241661,0.27931827584315344,283.25067,0.4350254,0.607978230379098,0.0,0.19601306261802345,0.9999998219999998,0.6537475994973022,0.5859283426662506,0.28542312389210395,282.0147814751817,3.1969779400509672,1176.7369959341047,7.883210597914715,220.2591211937966,2.5300384492596555,92.69688858315148,1.0587812269737036,0.0
9.797302876354687,0.9700373375447754,2.4864312056622007,2.063467378504491,Si1,PU,combo_001,20.216414882686117,2.411931106728807,hybrid,0.5836453,0.41635472,0.83270943,0.04472722,0.13518274167777053,285.12314,0.6277281,0.631068374025931,0.0,0.08185955708816514,0.9999998089999999,0.6536766298095442,0.6040920720522657,0.2218823568176936,284.740515366543,3.044789024121951,908.7560187594232,7.2041439849993845,184.41887731791422,2.1747988689757696,78.5229568829366,1.0007161477440647,0.0
14.826705178828945,0.8907190060856355,2.3733173398554888,1.5700566254357844,Si1,PU,combo_001,23.27876669940344,2.113958862081885,hybrid,0.36233148,0.6376685,0.72466296,0.17673662,0.5341655630350002,282.26035,0.32903925,0.5957661233418671,0.25112326939900725,0.11638849175148748,0.9999998089999999,0.6536388296765987,0.5721144959590562,0.3604596602815666,282.9140662838563,3.0614680308075233,1275.2672856811282,6.557070969477858,233.42160822353873,2.0863547735878814,98.54645282348932,0.9061977159229972,0.0
15.036651936507901,0.6889162527506025,1.9684860713124908,0.6891745458086772,Si1,Si1,combo_002,10.362877768826,1.3561220478403564,hybrid,0.62740326,0.37259674,0.7451935,0.1505731,0.45508941961089294,282.73483,0.631764,0.6016172169973744,0.0,0.11157563308582887,0.9999998219999998,0.6533794144617812,0.5778957241038964,0.3383915038536205,284.6741129032168,3.151004681915603,1276.4662043626736,8.639224021014996,224.27082894025978,2.459244532382327,99.40605180154253,1.1854938818966139,0.0
14.975819916195348,0.9762209433698725,1.908327866260863,2.0326073004780465,Si1,PU,combo_001,30.43996089230319,1.8629496298601955,hybrid,0.61377466,0.38622534,0.7724507,0.116304465,0.3515165038534107,283.35333,0.46796605,0.6092441860683909,0.0,0.10555055064541258,0.9999998089999999,0.6532933138426986,0.5844381895092305,0.2978119626099044,284.0915538686357,3.1305377668429046,1303.103466017651,7.641901064949898,241.7580230665783,2.393684197838691,98.53529035709072,1.0685883581147757,0.0
10.192950835771722,0.8643809232083842,1.9340248772674349,1.5719377071006069,Si1,Si1,combo_002,16.022683765372214,1.6717342089204072,hybrid,0.60419863,0.39580137,0.79160273,0.092437826,0.27938240853007973,289.60608,2.409782,0.686349317215605,0.0,0.10003596094579618,0.9999998219999998,0.6531655752240585,0.6586900068830815,0.31234407448482704,287.00304856840984,3.0476064472359448,930.5633469156201,6.7619088719660505,191.81197262325043,2.119014900939898,81.10732673149882,0.9420770989594724,0.0
13.019777074708395,1.01369018966898,1.7159032247912946,1.550708563883338,Si1,PU,combo_001,20.189879809602264,1.739394265392302,hybrid,0.38912988,0.6108701,0.77825975,0.10752324,0.32497629027174696,283.22748,0.51565313,0.6076922237429915,0.07246748606363947,0.10829299579794435,0.9999998089999999,0.6531183573082768,0.583178132426569,0.2899314618207181,282.60325444608776,3.0812003176966654,1152.4005797971067,7.230252193212484,213.49429060718742,2.3193553653485304,91.63950730508657,0.9508411093162826,0.0
11.532731584978446,1.1749164963594527,1.3277825458475678,2.019072445071613,Si1,PU,combo_001,23.28542055963705,1.5600336166944588,hybrid,0.36314622,0.6368538,0.72629243,0.14099199,0.42613161990970444,283.04816,0.64584893,0.605480940856462,0.2456920941670737,0.2310295658434126,0.9999998089999999,0.6530200043064414,0.5850592137842637,0.34646889867343206,281.4033918004763,3.182582092028452,982.4745883175001,7.799624371103024,200.75842835550975,2.5298545113523283,84.86128217924895,0.987398276035694,0.0
14.42583037178382,1.0967851234598163,1.1089938686060197,1.577659814184293,Si1,Si1,combo_002,22.75905286380259,1.2163279770952324,hybrid,0.3584206,0.6415794,0.7168412,0.19678085,0.5947468573857481,283.11777,0.32530245,0.606339337089303,0.27719593048095714,0.07637122105216376,0.9999998219999998,0.6529698928084845,0.5806346368712056,0.3755823827801271,281.2065818878146,3.167414763544796,1149.9963084922654,7.4751806458987415,221.5727406941325,2.4021292564298866,91.89022325860337,1.0230396823417345,0.0
12.065940149369336,0.9996082654115304,1.2714902646996427,1.598682462457051,Si1,Si1,combo_002,19.28960690985317,1.2709921779840574,hybrid,0.60872966,0.39127034,0.7825407,0.11555531,0.34925226871631854,283.87405,0.45830643,0.6156654113735055,0.0,0.05826290046552278,0.9999998219999998,0.6529280634674104,0.5889097735287772,0.28972433788438134,282.31996507149165,3.080549623372846,1037.837540547368,6.8267671588415935,206.9705419063752,2.1555532308512477,85.7572716815846,0.947678082660536,0.0
10.1766827244324,0.9141435689727816,2.8997801926446627,0.9895426623353778,Si1,PU,combo_001,10.070261716877283,2.650815414540772,hybrid,0.3903946,0.60960543,0.7807892,0.0917644,0.2773470514231557,284.70786,0.7246783,0.625947349941538,0.0640362103780112,0.1508840489048247,0.9999998089999999,0.6529093480326942,0.6016252393062377,0.28402091000073737,285.33626745130243,3.090060729969863,926.6066850430549,6.593382920121711,186.16926416966686,2.0641593694041767,80.37664465570025,0.9156622452948998,0.0
15.397544117294458,1.0402645323497226,1.589449124489334,1.1900424262756584,Si1,PU,combo_001,18.323730760031587,1.6534475501805732,hybrid,0.3605138,0.6394862,0.7210276,0.18077971,0.546385316929417,281.9564,0.5430329,0.5920179311107858,0.2632412910461427,0.1123526909993162,0.9999998089999999,0.6527942054082829,0.5689286498564314,0.3686061263780305,281.8607602508597,3.155397061896109,1336.2881322156113,8.532805140583752,238.9279771308663,2.5712200355394854,102.77870989407717,1.115048392184477,0.0
12.186590774394327,1.16115459447877,1.163241320948299,1.2359383704933387,Si1,PU,combo_001,15.06187514357408,1.350703004306671,hybrid,0.6086842,0.39131582,0.78263164,0.11188572,0.3381613672080024,283.15872,0.75351375,0.6068443645967438,0.0,0.06969785242408394,0.9999998089999999,0.6527765039758355,0.5816665919476949,0.2937309833393731,282.3566878373542,3.152882676428249,1005.9437748966651,7.2480486831817155,193.33991278256354,2.244441070599064,82.7252100944083,0.9447893683220794,0.0
12.685466090078737,0.8848902555213692,1.4920733006278437,1.0177009193977784,Si1,Si1,combo_002,12.910010502862471,1.3203211242491855,hybrid,0.41350952,0.5864905,0.82701904,0.048845597,0.1476300450108778,283.5534,0.20571019,0.6117113696293316,0.0,0.08404850350672965,0.9999998219999998,0.6524370055912336,0.5855928666684025,0.2177422403289985,283.54628052191543,3.0878704847601663,1109.59380200249,7.095540761323769,209.54862529440237,2.216825790865552,92.59632563890726,0.9885159159674489,0.0
15.228177069195663,0.5394296358004668,2.8550504983400167,0.9444452043457969,Si1,Si1,combo_002,14.382178803930477,1.5400988505114963,hybrid,0.38410738,0.61589265,0.76821476,0.11743361,0.35492920498977526,282.4847,0.4229631,0.5985328612216774,0.10595099131266289,0.1141706895356398,0.9999998219999998,0.6523839357771521,0.5747617112707099,0.29935835305157227,283.11831055728265,3.158110654061214,1286.6490267475435,7.148076361482216,232.9894725762779,2.2590352395251587,98.94240775399265,0.9423546158752124,0.0
12.504479650729614,0.8079499982296742,2.731534193820557,2.256807084852474,Si1,PU,combo_001,28.220198268160186,2.206943047061613,hybrid,0.37471098,0.625289,0.74942195,0.16032928,0.48457631397922335,283.6589,0.47387567,0.6130123234990955,0.16859348615010591,0.04820910432496606,0.9999998089999999,0.6522391564008125,0.5861952250329235,0.3359052581048837,282.9666715829963,3.0984688568279393,1115.6306921913874,6.722121655076287,213.53936601334664,2.089270541758166,88.28457124037965,0.9034003153566393,0.0
12.383741108410558,0.776870379301591,1.7970341864860653,2.100329421452326,Si1,Si1,combo_002,26.00993579764333,1.3960626300733554,hybrid,0.3653328,0.63466716,0.7306656,0.16194452,0.489458189586491,283.56558,0.16823399,0.6118615231132876,0.23111438751220714,0.1290495064129629,0.9999998219999998,0.6521185746057466,0.5870138651746779,0.34334855886130144,284.0081878311568,3.0923681059466355,1096.4775776452116,7.13291968108919,214.29604492742314,2.2709448865234014,89.75171746058876,0.9344704977134344,0.0
13.844057109902291,0.9170055445568663,2.2721558963443993,1.5799368961103604,Si1,PU,combo_001,21.872736619793592,2.083579555045391,hybrid,0.3755661,0.6244339,0.7511322,0.13683996,0.4135826005138001,282.86124,0.22487906,0.6031759531641554,0.16289250055948906,0.11966026102809649,0.9999998089999999,0.6517177221585759,0.5788429944968788,0.31656824572586184,282.8893729980755,3.0528061527382104,1203.936669937299,6.821944552164215,221.4519107043707,2.1779126869486922,94.67414111590199,0.9543182674966482,0.0
13.056583663032765,0.9627481678547499,1.1882194154225985,2.4482041343000813,Si1,Si1,combo_002,31.965182103671715,1.1439560652075487,hybrid,0.5934185,0.40658152,0.81316304,0.0858674,0.2595240643045481,283.64905,0.2560653,0.6128907706787502,0.0,0.011319002490912602,0.9999998219999998,0.6517037912566921,0.5845862877289509,0.2470487217275845,283.46853418026745,3.200046450402307,1110.485833502902,8.077948740797149,216.58887198651456,2.5605692559176463,87.21208931566044,0.9849720006788769,0.0
13.422896598518884,0.5134856515271716,2.979095161338621,2.301546901267999,Si1,Si1,combo_002,30.8934260723619,1.5297226198814065,hybrid,0.60802114,0.39197886,0.7839577,0.112325706,0.3394911746847388,283.544,0.36527994,0.6115954616768042,0.0,0.05300038705078432,0.9999998219999998,0.6516360664049645,0.584840802607304,0.28357325698368324,285.0132727970589,3.275910881761681,1171.464270361375,7.315073850772858,228.10971449596312,2.3048418195072817,91.52455202444075,0.9475816438452104,0.0
12.22240783383859,0.9878324482652647,1.8742879897876272,1.5015575797117933,Si1,PU,combo_001,18.352649125229135,1.8514824937060932,hybrid,0.40840977,0.5915902,0.81681955,0.06754165,0.204136661891844,283.50055,0.63559633,0.6110595755586256,0.0,0.058318898908553955,0.9999998089999999,0.6515637951694824,0.584991860827681,0.24264966645746514,282.8410668348082,3.080948851964979,1089.9284390497733,7.131663386770457,205.2511371401545,2.2328819772028736,87.98573649336747,0.9474570043148685,0.0
13.412590765021763,0.9229670058873499,2.24732514133097,1.586203637567723,Si1,PU,combo_001,21.27510026068477,2.074206956949611,hybrid,0.38969022,0.6103098,0.77938044,0.092445105,0.2794044091042114,283.2353,0.33143726,0.6077885628204168,0.06873186429341648,0.14422774220970036,0.9999998089999999,0.6515310524617477,0.5840146160223341,0.275519289982622,282.49195370586347,3.080423732551392,1173.0535074314005,7.130466751719116,217.10283372875173,2.336208280038162,92.90279880627142,0.9641076051070728,0.0
13.157436314561966,0.616469698743335,2.467930432124546,0.8306306125363266,Si1,Si1,combo_002,10.928969385372314,1.5214043300113274,hybrid,0.39507347,0.6049265,0.79014695,0.06994002,0.2113854569944847,283.3449,0.2727403,0.6091403205005417,0.03284351030985529,0.1726228322736377,0.9999998219999998,0.6513546540878207,0.5860048769208831,0.25474448236449665,284.7769208154853,3.204040327835959,1139.7664195521234,7.867718567373491,206.25712444935425,2.620837978783088,91.53102391630324,1.0079594773918799,0.0
13.648100436287546,1.047461131469669,1.240351221526963,1.6082445599495412,Si1,PU,combo_001,21.949483280304406,1.2992196939204186,hybrid,0.6143178,0.38568223,0.77136445,0.12217501,0.369259527779857,283.0778,0.24755487,0.6058463519665402,0.0,0.07391197503424136,0.9999998089999999,0.6512745558779416,0.5799679572139237,0.29466711202101104,285.0649661319523,3.0878509089735076,1158.5609805912259,6.556683212424018,211.61262139825027,2.0745269793730863,89.27946126568143,0.9122400946767881,0.0
12.79523231927702,0.9011616318626126,1.356100033242252,0.6742418294416199,Si1,Si1,combo_002,8.62708084707988,1.2220653189255308,hybrid,0.39730316,0.60269684,0.7946063,0.08589867,0.25961857444746583,283.1751,0.24284376,0.6070464508646244,0.017978906631469872,0.09013182156079987,0.9999998219999998,0.6507253484043799,0.5815501996121347,0.2586272411057229,284.05257066391704,3.136113057045796,1105.8895285597368,6.9667462332055505,202.85558862675185,2.136425275700242,92.15115475408287,0.940702016513741,0.0
9.724448645517938,1.0255557179094497,1.3253742474094148,1.0124830834972436,Si1,Si1,combo_002,9.845839749924597,1.359245137800659,hybrid,0.6604006,0.33959937,0.67919874,0.217835,0.6583805343603931,285.4272,1.4878688,0.634817695230576,0.0,0.15749718221568576,0.9999998219999998,0.6504612246636505,0.6113523030793182,0.43433403920019814,287.05642930499465,3.1836078270924313,880.5707270974601,8.177054929438665,178.61198418703935,2.6243141295202244,78.5723668923263,1.032216702751682,0.0
12.340485047960463,0.794991897349163,2.985720328150272,1.8333974588052646,Si1,PU,combo_001,22.625013927355077,2.37362346863015,hybrid,0.35688204,0.64311796,0.7137641,0.1807086,0.5461704003690152,283.4503,0.36116675,0.6104397690722209,0.2874530951182049,0.12777538989849152,0.9999998089999999,0.6504065484504933,0.5860134426921468,0.36704122143266527,282.16710764879633,3.1158270896742377,1096.7022503885005,7.239489239256055,210.1168508080839,2.226030003236363,87.78918648117138,0.921226189924041,0.0
11.453112660584658,0.737209444401479,2.9935415184274055,2.182203372670265,Si1,PU,combo_001,24.993021075500355,2.206867079592627,hybrid,0.6359314,0.36406863,0.72813725,0.17621124,0.532577648515585,284.6166,0.6526864,0.6248221396231712,0.0,0.07264820539569462,0.9999998089999999,0.649890964278423,0.598113931430557,0.36011078655244294,284.75284343183694,3.1255587809281566,1054.4948353885814,7.361360539567028,201.54807886882975,2.1857039922509247,83.89580860466442,0.9534090207207973,0.0
13.367496018913407,0.8742792044106835,2.52661392551484,2.111640883773978,Si1,PU,combo_001,28.227351107223438,2.2089660126520685,hybrid,0.37682924,0.62317073,0.7536585,0.12841225,0.3881108447022482,283.43033,0.3320506,0.6101936528353606,0.15447155634562187,0.12316543494202696,0.9999998089999999,0.6498470081951375,0.5855965289613396,0.3104200220234717,282.5856547583383,3.098961388981127,1167.6372370954052,6.9671409170008465,221.835699068537,2.200512171048019,92.64531852323746,0.9798052328163414,0.0
15.623032623669818,1.0614092912691355,1.2280838829817247,2.1939829089317975,Si1,Si1,combo_002,34.27666656201548,1.3034996438546804,hybrid,0.3340123,0.66598773,0.6680246,0.2426618,0.7334166337671387,283.5553,0.41421315,0.6117347017496456,0.4399182001749675,0.11496783273869693,0.9999998219999998,0.649645517612553,0.5869156353156413,0.4317655500070457,282.8739375025099,3.4505563096594476,1259.5041253554775,8.964980123060498,252.71069175162896,3.0689519246292893,98.87498003349182,1.1038470748501275,0.0
8.679732716206901,1.007694664274526,2.4645888798401225,1.8559064006979695,Si1,PU,combo_001,16.10877150435596,2.483553063845222,hybrid,0.6237918,0.3762082,0.7524164,0.13019396,0.3934958736650921,285.58667,0.9097202,0.63678436717833,0.0,0.12065960366069713,0.9999998089999999,0.6495962310606245,0.6110202331424289,0.3240088299149049,285.04129902412774,3.053402408743915,835.7197689584787,7.7208657917241235,169.94729279063282,2.308204894549024,74.24156719575927,1.1067581527850296,0.0
13.19422874676875,0.9445325860832186,2.124115767014004,1.559995360131794,Si1,PU,combo_001,20.582935625476786,2.0062965585578767,hybrid,0.390278,0.609722,0.780556,0.07779955,0.23513995202478694,283.33926,0.4057519,0.609070700464121,0.0648134549458823,0.17338008150537143,0.9999998089999999,0.6493077974687937,0.586201955313051,0.26595360982829613,282.3476822538245,3.0893912253162026,1160.297780687822,7.355959864418585,214.64603981321076,2.3965254261556375,92.0414879404285,0.9540615172171356,0.0
15.2019077700403,0.8124541295136224,2.603680650904027,1.1650730975994206,Si1,PU,combo_001,17.711333775061554,2.115371096761693,hybrid,0.40616235,0.5938376,0.8123247,0.06240169,0.18860173448292977,281.8302,0.11871668,0.5904618292156532,0.0,0.07962368312046846,0.9999998089999999,0.6492754854364149,0.5657546164058498,0.22959944418183614,282.02790787080767,3.0738887182379724,1307.0570324205005,7.106992316256972,230.16680403581108,2.2209228272264308,99.472455563363,0.9555885367766511,0.0
12.18720438855572,1.0007512633199944,1.5003312529793928,2.325375992110988,Si1,PU,combo_001,28.33983249609715,1.5014583968175976,hybrid,0.6028806,0.3971194,0.7942388,0.09677398,0.29248792760716713,283.64215,0.29155517,0.6128057213369607,0.0,0.04135889628376785,0.9999998089999999,0.6492185421086549,0.5854728513352876,0.26383420121739837,284.74267657672624,3.150464156989992,1088.414321568144,8.749353990273764,208.9505148552802,2.6405965747756817,89.10245874276897,1.0486851630095984,0.0
13.107002982915226,0.9841161268594532,1.3688898995210765,1.468002074909486,Si1,Si1,combo_002,19.241107574764374,1.347146626013708,hybrid,0.37583658,0.6241634,0.75167316,0.13402005,0.4050597537394896,283.33896,0.39939258,0.6090669372189091,0.16108926137288423,0.1073119219416469,0.9999998219999998,0.649186748648194,0.5842050500452446,0.3153823352987214,281.3906638486944,3.0809422225529084,1119.2514716705286,6.677267622675562,218.5311483156213,2.0801753872565123,93.95217513944529,0.9124797656574362,0.0
14.15624623557693,0.6079219626035501,2.7436378635542082,1.342282654243883,Si1,Si1,combo_002,19.00168377122018,1.6679177146852855,hybrid,0.38934904,0.61065096,0.7786981,0.09824943,0.2969472886060085,283.01645,0.34546113,0.6050899396789425,0.07100637753804538,0.10644760294419198,0.9999998219999998,0.6489395212502774,0.5804236153679251,0.27628553866174027,283.7548630776866,3.1459016829530175,1199.8135648793452,7.314815213326711,225.47382301158723,2.331379150175735,95.25931229026426,0.9514369636780253,0.0
11.72565718805559,0.8178308905438751,2.868820159928394,0.8157534069647709,Si1,PU,combo_001,9.565244800057304,2.346209746204461,hybrid,0.61549366,0.38450634,0.7690127,0.124609224,0.37661665938418387,283.88174,0.8151335,0.6157602451528461,0.0,0.05760444507055127,0.9999998089999999,0.6488996071051507,0.5896168478353397,0.30666488445876827,283.66691398590115,3.16878269927115,1046.9377490490497,7.129793701440017,195.12088330819836,2.233367061579876,86.10061376900515,0.9199521538268689,0.0
12.294146539702027,0.6016546057374073,2.6526130143211883,1.3829411861554135,Si1,Si1,combo_002,17.00208159838399,1.59595683730533,hybrid,0.40434772,0.5956523,0.80869544,0.05990523,0.18105648333275234,283.54205,0.36061516,0.6115713769074479,0.0,0.1018147082945133,0.9999998219999998,0.6488136384555113,0.5862747130513299,0.23534571579980423,284.1525005624238,3.082318593526797,1085.0769232252758,7.390744362335409,206.33043540140574,2.376435843335751,87.92432413731773,0.9582614093856269,0.0
11.645667208347037,0.7867153090925703,1.8214273119789033,0.5692977623988095,Si1,Si1,combo_002,6.629852283353158,1.4329447507331323,hybrid,0.38370043,0.61629957,0.76740086,0.12248248,0.37018882122229874,284.79276,0.6171995,0.6269942847594966,0.10866379737854018,0.0691605408060944,0.9999998219999998,0.6484497965102136,0.599944068066259,0.30200946512101084,286.1443161717071,3.1248301662820976,1037.4789484646521,6.858179260708422,194.65141356679237,2.1572665669158844,86.76022982927552,0.9452228898297912,0.0
12.269629178026747,1.02873722197493,1.1639067721946341,2.4728213338241494,Si1,Si1,combo_002,30.340600789535802,1.1973542194653155,hybrid,0.39803562,0.60196435,0.79607123,0.08933274,0.2699976436641994,283.44604,0.2441447,0.610387459963775,0.01309569676717137,0.05248510616532796,0.9999998219999998,0.6483538810968401,0.5834968583258227,0.2566401124061518,281.503726518593,3.2513723514238215,1041.0791190868058,8.008924447868152,209.69880386824457,2.7370348891236795,84.54478850584647,0.9793338423638493,0.0
13.065602442708874,0.9139207366073632,1.788538860132943,2.319807527687568,Si1,PU,combo_001,30.309682900369122,1.634582752503593,hybrid,0.60115254,0.39884746,0.7976949,0.06854287,0.20716272038968173,283.41312,0.3049463,0.6099814058054078,0.0,0.11749819211324736,0.9999998089999999,0.6481839112913643,0.5851826623564239,0.24567130147730531,285.5113961200262,3.124300261622204,1181.109219528214,7.3533084709164305,216.79550242439637,2.2733494910906464,91.07258174716351,0.9284940985686687,0.0
10.741205135757545,0.9777267022947346,2.2755502111420682,0.6088745214742038,Si1,PU,combo_001,6.540046137090636,2.2248662038460214,hybrid,0.6795945,0.32040548,0.64081097,0.26673543,0.8061763380469957,285.184,0.8244871,0.6318187651211896,0.0,0.14459400272643658,0.9999998089999999,0.6481446998777529,0.6070171384017894,0.4702548027412687,285.228987889567,3.105122906590815,965.2271119883465,8.053141278926853,187.5676453685856,2.5478209716638744,81.97540959693835,1.0364527512701303,0.0
15.012949998734836,0.7614610373476257,2.8209702883394545,1.2984304630877819,Si1,PU,combo_001,19.493271619170986,2.1480589620857917,hybrid,0.59875375,0.40124625,0.8024925,0.07313701,0.22104796503471497,282.3171,0.18868096,0.5964660869512859,0.0,0.07784267771513567,0.9999998089999999,0.6480651757476206,0.5713505081816129,0.24215153031080613,282.982796255441,3.1003165790675244,1295.2403661582964,6.742981501031154,230.2782561139071,2.1852864586348213,98.4268815126813,0.9060696735399404,0.0
10.84092899509665,0.9302356130368495,2.5104319531424615,0.5747581771774447,Si1,PU,combo_001,6.230912588131858,2.3352932069187733,hybrid,0.655575,0.34442502,0.68885005,0.20933026,0.6326759822997388,285.03583,0.5408937,0.6299917095707981,0.0,0.11957984276571675,0.9999998089999999,0.6475135995110992,0.6040775062456387,0.3998471979743159,285.1948262186911,3.1061942846195665,974.3108837243304,8.086812487999968,187.75944332936592,2.492611851577938,82.48247785158314,1.1360391886610233,0.0
9.545696847693211,1.184963234568841,1.178805023423271,2.1793769743152254,Si1,PU,combo_001,20.803671913656014,1.3968406134816376,hybrid,0.66608125,0.33391875,0.6678375,0.23795605,0.7191940394792534,283.28546,0.73272526,0.608407240333258,0.0,0.11583227149574375,0.9999998089999999,0.6475110310792755,0.5844512086564834,0.4335778635172587,283.3430559112103,3.139758060563216,839.4153402213049,7.336074771246237,167.02933085353988,2.179024776104404,73.61631034974683,0.9132302816938059,0.0
8.263896014684212,1.0785707197972743,1.2928293065442102,1.2736750775713543,Si1,Si1,combo_002,10.52551839754452,1.3944078357343999,hybrid,0.3138964,0.6861036,0.6277928,0.2955188,0.8931706164565375,283.53543,1.2032187,0.611489714486349,0.5740238825480144,0.09702302428891689,0.9999998219999998,0.6473827113410817,0.5875661258157892,0.5014869914327333,283.61105246155694,3.2827530830591294,790.9892520436579,8.000928479886337,163.1779282372423,2.3829695702018254,72.67510037856353,1.0320180686376832,0.0
11.93724522417298,0.9597076483857343,1.8488100809614938,1.5596976080186316,Si1,PU,combo_001,18.61849282247443,1.7743171751113942,hybrid,0.5950418,0.4049582,0.8099164,0.082636,0.2497575433145592,283.7586,0.5623953,0.6142417757098327,0.0,0.0037470029385381944,0.9999998089999999,0.647341624772918,0.5861511216265789,0.24890044851360385,284.3473798661857,3.069059093528784,1076.1356082239313,6.970964786287823,202.2393128687478,2.14841819061699,86.87024037008725,0.933402570587361,0.0
8.250917657685275,1.1777349226993175,1.1889285093191804,0.6898105511432204,Si1,PU,combo_001,5.691570056885209,1.4002426260180396,hybrid,0.66456044,0.33543956,0.6708791,0.20325401,0.6143112451172011,282.98865,1.8353198,0.6047471080401358,0.0,0.21794268268952546,0.9999998089999999,0.6466074651814901,0.5861235029198105,0.4352423229367799,283.152302516596,3.2903612403322824,761.5822658045664,8.492567056435483,150.1410030947692,2.506208025511042,69.46233839033097,1.0291878462490531,0.0
12.429702650790624,0.7254711654180817,2.7907837219429306,2.4442977042266625,Si1,PU,combo_001,30.381893653547582,2.0246331191877496,hybrid,0.6249415,0.37505847,0.75011694,0.12688617,0.3834984704984686,283.85577,0.65038043,0.6154399929853109,0.0,0.11881927426260645,0.9999998089999999,0.6464938135712,0.5908633553153785,0.3148105130423531,285.2245090121958,3.1499197613133183,1130.20573336334,6.973527071493181,211.89565284498,2.1350569192744997,87.690458241277,0.9096305633471699,0.0
8.115701376040755,1.1597714880823846,1.411299350500399,1.1089885397613675,Si1,PU,combo_001,9.000219818154758,1.6367847478595507,hybrid,0.29782742,0.7021726,0.59565485,0.33086488,1.0,281.21054,1.0130665,0.5828205598128312,0.6811505158742269,0.1136355165343812,0.9999998089999999,0.6464031458627808,0.5613480469894928,0.5373927854961511,282.5918822229329,3.1765792379886526,770.1123533087858,7.551810940165783,155.94918179971762,2.1996044606533043,72.63946675238505,1.0073498984564322,0.0
11.700681511043262,0.7278151030214586,2.921101011112191,2.1730226445378307,Si1,PU,combo_001,25.42584588002213,2.126021433338706,hybrid,0.6223828,0.37761718,0.75523436,0.1351447,0.40845887622058147,284.28302,0.54417807,0.6207085362820116,0.0,0.062319432916148866,0.9999998089999999,0.6460789883315496,0.5938250615131146,0.31285083090338495,285.08830277380264,3.104247568525299,1074.9379368657449,6.867388776303897,203.59020836009978,2.039055126895935,85.35784569262067,0.9032427082498997,0.0
15.76272794774124,1.0001165598804345,2.0100242853499544,2.341943471077781,Si1,PU,combo_001,36.915417803587864,2.0102585735403253,hybrid,0.35079417,0.6492058,0.70158833,0.2064616,0.6240057744638953,282.6498,0.7742382,0.6005687768813309,0.32803869247436535,0.057541776209481504,0.9999998089999999,0.6458824818747966,0.5755655157620788,0.3923864937684344,282.50105285890794,3.3431450552923527,1346.0050376526506,10.366835385930127,260.82146380848576,3.537768090453654,102.50856465753945,1.3235223814183834,0.0
14.697989159038789,0.7799666114026291,2.669004331147305,0.9334746046354913,Si1,PU,combo_001,13.72019961917047,2.081734263983904,hybrid,0.40902752,0.5909725,0.81805503,0.051601678,0.1559599757989181,281.91174,0.090352245,0.5914673683362806,0.0,0.06376698963557195,0.9999998089999999,0.6457670279072532,0.5661531708380401,0.215203182486896,283.1232465107425,3.0768063375698107,1273.6695457771189,7.07293008143521,219.47322915904664,2.178319226980737,97.09762527106936,0.9540507197416099,0.0
9.510440498429885,0.9572325163800633,1.7737871988880753,1.4809126766708998,Si1,Si1,combo_002,14.084131894849127,1.6979267839143763,hybrid,0.3712169,0.6287831,0.7424338,0.11787075,0.3562504103996556,288.5313,2.3248622,0.6730959202282333,0.19188737869262706,0.18034544145113166,0.9999998219999998,0.6456796950900768,0.6487539549939382,0.349518501329228,286.9554339443431,3.0791055130525415,875.5314846888117,7.5631673421249355,184.5095928793631,2.3232658894006026,78.83676464734133,0.9977181717404161,0.0
13.837268053265548,0.9165710368823672,2.1662130584381183,0.8757192706017322,Si1,PU,combo_001,12.117562286726356,1.9854881490807499,hybrid,0.38098988,0.6190101,0.76197976,0.108152345,0.3268776848244138,282.25104,0.29767185,0.5956513443629032,0.1267339388529461,0.12264373699993959,0.9999998089999999,0.6455466967534036,0.5721403333662481,0.28819125131629053,282.54715495344453,3.0984269060251663,1206.7865058918064,7.545275015932407,211.7664748519294,2.4405631636107716,94.4100680235467,1.006711605180756,0.0
12.74927844331393,0.9217525221005822,1.8747673113808778,2.2362928994010316,Si1,PU,combo_001,28.511120855269578,1.7280714976170517,hybrid,0.37590092,0.6240991,0.75180185,0.13783601,0.4165930536913991,283.44095,0.25277838,0.6103246137687358,0.16066050529479992,0.0625348670779737,0.9999998089999999,0.6452842594568986,0.5837560075201697,0.30963651124394137,284.5297466854186,3.1049630309623293,1150.9400357137688,7.032967217463728,213.67577015021467,2.2347099872512937,89.71441078187235,0.9482512227366889,0.0
15.9260003253969,1.062292377680277,1.2548501885837184,2.4702409454953416,Si1,Si1,combo_002,39.34105810176756,1.3330177904631424,hybrid,0.33711496,0.66288507,0.6742299,0.23066653,0.6971623447811081,283.5399,0.5010875,0.6115446578664432,0.419233798980713,0.09380514801702299,0.9999998219999998,0.6452013118809241,0.5862616290064334,0.41771881654521653,282.96567045513507,3.756887566647954,1281.8669688965604,10.870064192169568,261.93747551280325,4.000117783001581,101.13086309993456,1.2601671442349154,0.0
11.46804331191027,0.8750262737926993,2.064287113366434,2.3668699573669807,Si1,PU,combo_001,27.14336718474375,1.806305460847318,hybrid,0.5958893,0.40411073,0.80822146,0.062274337,0.1882168257688739,284.17123,0.3744026,0.6193300595608819,0.0,0.06654041926542067,0.9999998089999999,0.6451081969354655,0.5923791849500089,0.23284900621265692,285.6944458246416,3.0706576916742616,1057.6252322618102,6.965645019417263,200.71914526891118,2.069653648234695,84.8459190887995,0.918201022622094,0.0
10.429395008611943,0.9815131121229385,1.4200258052514003,0.7169886380686135,Si1,Si1,combo_002,7.477757723104272,1.3937739474071837,hybrid,0.35354173,0.64645827,0.70708346,0.17696887,0.5348675097052481,284.3975,1.1928698,0.6221201295610062,0.3097217877705893,0.12933224814664976,0.9999998219999998,0.6449346417796424,0.5982968348785692,0.3807108765626822,286.847955707023,3.153101609315945,932.6674134319439,7.855709381813575,186.87945058133602,2.5223460605858308,82.88517363130846,1.0200634599884395,0.0
11.593177611164993,1.1156821574326705,1.51241957837952,1.2302995316958443,Si1,PU,combo_001,14.263080985883038,1.6873795381498728,hybrid,0.34444517,0.65555483,0.68889034,0.18910797,0.5715564958080012,282.8167,0.5667893,0.602626895687735,0.3703655401865642,0.17102815704936164,0.9999998089999999,0.6449292976757031,0.5804917425855657,0.38671414115617064,282.40016450420563,3.1046705998698267,1012.2460099089362,7.388372521120295,200.43916670497953,2.27838425438704,87.32621291101816,0.9848933860021761,0.0
12.877616124090064,0.7408450872718694,2.9967426246206594,2.210392415689406,Si1,PU,combo_001,28.464585012848286,2.220122051268423,hybrid,0.63538355,0.36461645,0.7292329,0.14669284,0.443361785007237,283.76968,0.6326824,0.6143783815110258,0.0,0.13097822431146344,0.9999998089999999,0.6445975581638397,0.5902197190635818,0.33721642333035184,283.8155400125396,3.1870773273245234,1147.9864594640883,8.017894960810024,216.90467067908196,2.423407095441034,89.54538939970327,0.969180105751966,0.0
15.616097369364011,0.6679289460371569,2.4447844689118137,1.089808845752592,Si1,Si1,combo_002,17.018561049266683,1.6329423136082781,hybrid,0.4031318,0.59686816,0.8062636,0.05331187,0.16112882716538118,282.5093,0.21841592,0.5988361787857588,0.0,0.10197653275244245,0.9999998219999998,0.6443981900945467,0.5743083058701473,0.22542171397530172,281.76844597270434,3.107711846979189,1303.2617522656662,7.308741744082404,240.04647371242393,2.216489181763935,101.79410149710235,0.9630417161019653,0.0
11.664327225908387,0.9474266328194624,1.3097545311502496,0.7487538892144743,Si1,Si1,combo_002,8.733710375469185,1.2408963252677148,hybrid,0.6233114,0.3766886,0.7533772,0.13133633,0.3969485451382875,284.03894,0.33222678,0.6176986927615107,0.0,0.07019996773934087,0.9999998219999998,0.6442521980071716,0.5909125177447764,0.30557208346604303,284.8947909957943,3.097656814159075,1015.5160016019277,7.2333299152202954,194.87188279565981,2.21567168328509,85.68100168707021,0.9601548367398024,0.0
14.825407203876857,0.7580241324795836,2.8512547980861997,1.0970975889279329,Si1,PU,combo_001,16.264918498248107,2.1613199447975417,hybrid,0.39311212,0.6068879,0.78622425,0.09806303,0.2963839207824404,281.91794,0.18715484,0.5915437622140828,0.045919179916381975,0.03471860358572462,0.9999998089999999,0.6441876341606905,0.5655255117684511,0.2620185903408151,282.760019458083,3.096785976880999,1280.270529355563,6.6283813338369555,225.22594232740323,2.1019353028362957,97.71774144836878,0.9021016291837132,0.0
14.503845835347168,0.7334853065599278,2.2531705005462435,2.194190676098941,Si1,Si1,combo_002,31.824203299495213,1.6526674553249474,hybrid,0.33216858,0.6678314,0.66433716,0.22938994,0.6933039800187047,283.53107,0.43047202,0.6114359000798184,0.45220947265625006,0.13276373175654152,0.9999998219999998,0.6437035795032033,0.5872037573362289,0.42073550288785744,284.4775809494478,3.1878100490250887,1222.612273726921,9.72130814178975,243.42346069690643,2.687004236597219,98.43088096902736,1.1576596747561778,0.0
10.438223644064262,0.9688115143634809,2.506454198171948,0.8004597297566804,Si1,PU,combo_001,8.355377677267471,2.4282816874136692,hybrid,0.64838374,0.35161626,0.7032325,0.20767309,0.6276673725765929,285.45685,0.69738835,0.6351834826651754,0.0,0.028107093016801754,0.9999998089999999,0.6436571203216555,0.6063902579418691,0.387645806430703,285.0811487755598,3.0664756305323966,940.9234842100152,7.708190512464177,186.83759484233926,2.304299000575786,81.04939048711346,1.1049902829715863,0.0
12.614834321194031,0.701724707900018,2.093006575915715,0.9205293121183526,Si1,Si1,combo_002,11.612324760175728,1.468714428117272,hybrid,0.39480036,0.60519964,0.78960073,0.06448266,0.19489121898313122,283.74796,0.37403056,0.6141104384519364,0.03466423352559422,0.134117065107743,0.9999998219999998,0.6436460387468282,0.5896037662942223,0.24531376250435727,284.7737004000924,3.151060542175577,1103.9001167867314,7.645230358489989,204.4731199224066,2.467207780766101,89.81554186120087,1.0128555143659086,0.0
10.367670206794065,0.7556874947601969,2.568387591096096,0.5494164499458484,Si1,Si1,combo_002,5.696168559226135,1.9408983842885859,hybrid,0.66014177,0.33985823,0.67971647,0.23229994,0.7020991204904565,289.95874,1.7286075,0.6906981233825101,0.0,0.049558488246992424,0.9999998219999998,0.6435648659063509,0.6599556391908354,0.43847894227640066,287.64442249796355,3.184081732860714,943.128072063462,8.55926317760198,188.62331371559668,2.5895319533175716,81.3741005662697,1.088570500734468,0.0
12.578651390628162,0.8192771289192751,2.7912534206648143,2.135433134206839,Si1,PU,combo_001,26.86086896318431,2.2868100885683744,hybrid,0.36447436,0.63552564,0.7289487,0.15473297,0.46766212846840066,283.57965,0.43483004,0.6120350087175576,0.23683762550354015,0.0955877336826264,0.9999998089999999,0.6435612237506099,0.5866474684543116,0.33627558587593154,282.3013101349372,3.1028441788611376,1114.6791056940228,6.655448931382437,214.24496147532972,2.093718547098093,88.86646284553416,0.8958850633145458,0.0
13.804947868138035,0.9925909060823062,1.686864486228047,0.8417457603837192,Si1,PU,combo_001,11.620256340323452,1.674366348823161,hybrid,0.38556468,0.6144353,0.77112937,0.110512845,0.3340120183934708,282.26944,0.33379567,0.5958782680491826,0.09623543421427422,0.05532273913948223,0.9999998089999999,0.6434774395944365,0.5703942219773809,0.2813455205347011,282.96518090808433,3.104090675557001,1220.6240863177009,7.854390671921944,212.7766416857024,2.3855884024125813,95.06379359994055,1.0205429100223544,0.0
13.441215365451114,0.8196105798537184,1.655234030592149,0.8311715975823379,Si1,Si1,combo_002,11.17195644875027,1.3566473236072387,hybrid,0.38033786,0.61966217,0.7606757,0.10560295,0.319172439734415,283.25714,0.43379438,0.608058011177591,0.1310811042785646,0.12053078381146974,0.9999998219999998,0.6433456066525101,0.5837350661510584,0.28802399710095666,284.07550154545703,3.1369916952420196,1162.7674724412716,7.561541707754501,211.4385836406701,2.3630989550775716,94.78699133559252,0.9981445149364196,0.0
11.336897708508435,0.5612581081451964,2.8075522421778714,2.441023086380218,Si1,Si1,combo_002,27.67362903440008,1.5757614599635563,hybrid,0.36130357,0.63869643,0.72260714,0.16867559,0.5098020326638943,283.9053,0.33670598,0.616050767683207,0.2579762140909832,0.07381492732195055,0.9999998219999998,0.6433329657935863,0.5895129040315508,0.34570671470297815,284.3153878427055,3.1357223007739017,1042.3327093244093,6.930697285269884,205.15072116586092,2.19032440028669,84.00453407028276,0.9263803072074245,0.0
12.001239482482685,1.0294925485913184,1.7063370966708598,1.5421260263124466,Si1,PU,combo_001,18.507423753945066,1.7566613264075943,hybrid,0.3845331,0.6154669,0.7690662,0.11737839,0.35476232038906924,283.48926,0.6537461,0.6109203354857842,0.10311261812845879,0.03875881403584708,0.9999998089999999,0.6432504969815911,0.5843094893220738,0.2928141731224494,282.96693364827723,3.079858653173469,1067.1521539740077,7.177893030503042,204.78112484838329,2.2209303561748586,87.68122125338165,0.9653447164746545,0.0
15.300970821106706,0.8750773575176625,2.4170051151712064,1.4245719607350427,Si1,PU,combo_001,21.797334003773656,2.1150664492906928,hybrid,0.35620207,0.64379793,0.71240413,0.16402099,0.49573405039442053,281.9062,0.3748282,0.5913988772734234,0.29198622703552257,0.13634296592928,0.9999998089999999,0.6431242990430814,0.5687773364550908,0.3509593162768381,281.9011096457115,3.0825758152822127,1310.5382648459408,6.813369846229352,237.72461760837905,2.18140485932444,100.34658358556837,0.9234194190041461,0.0
10.267108016388105,0.7734237296903337,2.4328996810680934,1.4728336261428945,Si1,Si1,combo_002,15.121741929777674,1.8816623452941081,hybrid,0.35611516,0.64388484,0.7122303,0.17928383,0.5418641876861098,288.4235,1.4107089,0.6717663656948588,0.29256558418273937,0.08105766601608987,0.9999998219999998,0.6428915314967177,0.6429135921204399,0.3804738636005683,286.31192751906184,3.047022098563133,940.6428536354755,7.142795209389839,193.1292289526051,2.2044547676762756,80.68299146238583,0.97120430528936,0.0
13.974463601183018,0.7905868972551595,2.508554141877555,0.5750427212179452,Si1,PU,combo_001,8.03591357678541,1.9832300356235555,hybrid,0.6118957,0.38810432,0.77620864,0.079205714,0.23938991349563407,282.24976,0.1202429,0.5956355387330132,0.0,0.13756146189809518,0.9999998089999999,0.6427917251178532,0.572255298143166,0.2560978891964466,283.94939792833657,3.1441455392225754,1224.7946893604317,8.203906727364883,205.70439851658958,2.4553107278896578,94.29296894341361,1.0069669022190961,0.0
13.130721795028684,0.6642917111853806,2.1217042919707447,0.7879369159669809,Si1,Si1,combo_002,10.34618043559532,1.4094305747426124,hybrid,0.6239635,0.37603652,0.75207305,0.095039666,0.2872461613389248,283.29733,0.65441346,0.608553630572002,0.0,0.1892644945248017,0.9999998219999998,0.6422016045344049,0.5866484876128409,0.29177332640732045,285.59335611116944,3.2056577560243484,1143.5638796955393,8.417260430610005,205.44738988080712,2.672213208852116,91.7743018151582,1.0723950315376398,0.0
14.084635908799925,0.9664987661282327,1.1031585215228217,0.7858951708644114,Si1,Si1,combo_002,11.069047344109341,1.0662013498956526,hybrid,0.63535535,0.36464465,0.7292893,0.15084243,0.455903418335265,282.79218,0.22875373,0.6023243307726959,0.0,0.09679287975979531,0.9999998219999998,0.6421537308052147,0.5773804257317662,0.3280314518757198,283.791252725497,3.228279542355325,1144.5892284132785,8.843575921933756,202.91421007676794,2.79165100986995,89.74989682585213,1.1967187959522256,0.0
13.194985222915204,0.8603750628613667,1.7327982832172513,1.606378986018785,Si1,Si1,combo_002,21.196146982919377,1.4908564318491109,hybrid,0.35995334,0.64004666,0.7199067,0.13744529,0.41541213853417,283.46497,0.35367677,0.6106207811669147,0.2669777075449627,0.18786337229495548,0.9999998219999998,0.6421088661966532,0.587969188422213,0.3301324025955695,282.37384052989074,3.0855812766280626,1132.6358946439407,6.998734792561547,219.70283733720362,2.2504012078628706,93.489008989182,0.9218213445012187,0.0
12.739417222060446,0.817686370941362,2.795789724864197,0.9260763413870274,Si1,PU,combo_001,11.797672892408626,2.286079154039354,hybrid,0.3773288,0.6226712,0.7546576,0.10176386,0.30756924235967575,283.08795,0.5582764,0.6059716680320975,0.15114124615987154,0.1504840848145692,0.9999998089999999,0.6418433924294904,0.5829373523255438,0.2910589740331372,282.37257023304943,3.1701615160919268,1118.482625691472,7.1054414577425895,203.1048885478174,2.285879005004812,89.74834291896389,0.9270323898414577,0.0
10.295952630456046,1.010236410333592,2.2692253019132806,0.6585926695930518,Si1,PU,combo_001,6.780838928895652,2.292454023243034,hybrid,0.6828963,0.31710368,0.63420737,0.2836745,0.8573726873838665,285.58487,1.0977232,0.6367621640315797,0.0,0.06409641562488748,0.9999998089999999,0.6416315717392422,0.6096398895585828,0.4818126576205516,285.5228203441927,3.0975932545761187,928.9325336073758,7.670027971794139,184.63936846735112,2.3792303140859596,80.40448696682299,1.0194785059951244,0.0
13.710408967870459,0.7710295451795507,1.9322314883471114,1.1331312661364632,Si1,Si1,combo_002,15.535693073011773,1.4898075656418797,hybrid,0.6119946,0.38800538,0.77601075,0.0941649,0.28460228681668853,283.51675,0.34232786,0.6112594038793789,0.0,0.07587905411353854,0.9999998219999998,0.6415913268052265,0.5851768498616472,0.2673139844770174,283.89869819977434,3.116391208411882,1169.502300567313,7.495805891181581,216.62630871038718,2.3518133227238422,94.45062348192639,0.9932713085830269,0.0
13.379869680257874,0.7088523235313552,2.182530267152339,1.7195573461826665,Si1,Si1,combo_002,23.007453199654154,1.547091651048445,hybrid,0.6453558,0.35464418,0.70928836,0.1709212,0.5165891534872644,283.65768,0.38223347,0.6129972705182478,0.0,0.11372922912124153,0.9999998219999998,0.6415154314550341,0.5879827197109608,0.3550213991283117,284.11170349810186,3.1221993009413502,1150.9071895016316,8.255270479553896,221.61557154542933,2.5305160510130715,93.4103418378496,1.0117355278746551,0.0
11.675784908325628,0.8659449029065671,2.6926101793665884,1.583381954097821,Si1,PU,combo_001,18.48722712377048,2.3316520603368347,hybrid,0.38365117,0.61634886,0.76730233,0.10964798,0.3313980709572335,283.74002,0.54051006,0.6140125940764263,0.10899241765340183,0.05996462817441092,0.9999998089999999,0.6414000822842776,0.5875875759560514,0.28544962485043873,282.52106352940103,3.0653723913826605,1042.8577788553466,7.066561636551219,202.37852833882593,2.239212772096306,85.31635783436352,0.9306180662218094,0.0
13.722698590498092,1.1116600988559262,1.2896057948097055,2.3310302066545026,Si1,PU,combo_001,31.98802493126622,1.4336033053433326,hybrid,0.38195887,0.61804116,0.76391774,0.115679115,0.3496264586245538,283.18237,0.18668349,0.6071360161006684,0.12027438481648776,0.053315686967143505,0.9999998089999999,0.6412727680997454,0.580427452985813,0.2834331843958087,283.1097388097679,3.1571045796770543,1151.8215905165757,7.435112732918813,221.3086684728277,2.2129618190986857,91.84985316963474,1.0168969176912517,0.0
12.451257649102452,0.9482003939728609,1.659858190282889,1.8888704693312173,Si1,PU,combo_001,23.518812879424058,1.5738781899653154,hybrid,0.62872505,0.37127495,0.7425499,0.099066764,0.2994175905331507,283.45404,0.36210975,0.6104860569883276,0.0,0.21141322529647422,0.9999998089999999,0.6411850244784993,0.5885668528905637,0.2932431329258327,285.2914871474338,3.0975913595504574,1125.7418087166423,7.714893128085162,209.09722714479193,2.3503456316708484,89.31250737230907,0.9944608308678915,0.0
13.155972329053835,0.7907855670904631,2.8149037066136864,1.2130037509284421,Si1,PU,combo_001,15.958243782253096,2.2259852239395506,hybrid,0.63062197,0.36937803,0.73875606,0.13050957,0.3944497573091222,283.31375,0.67953926,0.6087560931644037,0.0,0.11555008221673856,0.9999998089999999,0.6409599516452953,0.5846683563576046,0.3187628387389651,283.20136938212994,3.14273449394928,1154.902392072416,6.917167576413383,209.4189631221214,2.2429837710939826,91.31699632891636,0.9064240378062459,0.0
12.331438882638164,0.8661422429176758,2.537654474685236,1.270870563300067,Si1,PU,combo_001,15.671662679078711,2.1979697384539465,hybrid,0.6222925,0.37770748,0.75541496,0.10379542,0.31370938417037747,283.78217,0.68175524,0.6145322982401936,0.0,0.1323022352559748,0.9999998089999999,0.6408968389968768,0.5904890015703786,0.29306287053477476,282.60322082021656,3.107134727389823,1092.0948551227311,7.838921193472751,203.95772449503383,2.522329026468268,88.24900701392895,1.0190298127240116,0.0
9.343231183292794,1.030112254056612,1.3550318229664882,2.477322249268054,Si1,Si1,combo_002,23.14619449042633,1.3958348854744493,hybrid,0.34949172,0.6505083,0.69898343,0.1751808,0.5294632499437263,284.42218,0.98819077,0.6224245760986512,0.33672189712524425,0.13993162133104797,0.9999998219999998,0.6406559105291765,0.5985280377647167,0.37612915184360124,283.9048193153854,3.200847227626799,874.993582241342,8.557947172570161,178.40731530736707,2.477347681753346,77.14966329840604,1.103641811731529,0.0
10.460341962969824,0.8180755295548329,2.179800061498651,1.2472514884421528,Si1,Si1,combo_002,13.046677082928024,1.783241089634166,hybrid,0.3710804,0.6289196,0.7421608,0.13352408,0.40356074225658606,290.22168,2.0981486,0.6939405354571082,0.19279734293619805,0.08530848963922175,0.9999998219999998,0.6404966108555848,0.6646735281631996,0.34708065802632804,286.446158381937,3.0468735906587257,947.6776298012529,6.7317018490498475,194.45838458837213,2.092805352146153,81.72126730470242,0.9218291230520385,0.0
15.431330960433217,0.748368713166535,2.2235904645421076,1.9344533485290643,Si1,Si1,combo_002,29.851189848670256,1.6640655345587547,hybrid,0.648493,0.351507,0.703014,0.14618844,0.4418372825827602,283.86612,0.60093683,0.6155675669979953,0.0,0.22246810503824013,0.9999998219999998,0.6404336099802364,0.5940015652822578,0.3497424852441763,283.8645920655841,3.2001123948216876,1285.481142780863,10.366351603874534,254.88707886685637,2.924891698907298,102.35704008249847,1.2268357954817544,0.0
11.716549834657567,0.8805128566900943,2.554630554899156,1.2741600167171883,Si1,PU,combo_001,14.928759333195055,2.2493850476820563,hybrid,0.6176301,0.38236988,0.76473975,0.08862685,0.267864173454418,284.14133,0.7145466,0.6189612615301129,0.0,0.13693053737111022,0.9999998089999999,0.6401584046634352,0.5947612725175988,0.2783970081002647,283.0563010657783,3.080009652534673,1045.910197612076,7.716785332562447,199.73721696907694,2.454343037310401,85.86790926816774,1.0194389550738359,0.0
12.179108281825371,0.7379304158014661,1.9462757453161321,2.053941807913131,Si1,Si1,combo_002,25.01517968314219,1.4362160700054418,hybrid,0.3687381,0.6312619,0.7374762,0.13935411,0.42118133310058214,283.58505,0.20931122,0.6121016181578087,0.20841256777445488,0.08318961097846596,0.9999998219999998,0.6400822206469841,0.5859325830673786,0.31343166011511436,284.16488633450246,3.067796184520368,1082.2015016613468,6.893942665559671,211.6849989957323,2.154142478543374,88.36143807837125,0.9542568494314451,0.0
8.089360300752059,1.0426235692786718,1.8487100253295783,2.218744726644858,Si1,PU,combo_001,17.948225509223896,1.9275086451703887,hybrid,0.63176346,0.36823654,0.7364731,0.1478278,0.44679207309180713,284.25928,0.5962337,0.6204157558045235,0.0,0.05647648992313838,0.9999998089999999,0.6399210559431552,0.5934737203697317,0.32647956885915647,284.9685773155549,3.1752140541032556,795.8389894348406,7.372061886587214,157.54468862483742,2.207651965358328,72.19350757026233,1.0618820859192764,0.0
14.418092920201115,1.0738551304916761,1.3145180709361808,1.3208804184297982,Si1,PU,combo_001,19.04457660939496,1.4116019745988388,hybrid,0.6208443,0.3791557,0.7583114,0.12380095,0.37417373995258324,282.95392,0.33327246,0.6043188507350182,0.0,0.031429519877382156,0.9999998089999999,0.6388286000501504,0.5774418236633556,0.2918071991078805,283.72181353562473,3.1343072898302107,1229.46725153529,7.201211320378412,221.8609105041389,2.3864282136741326,96.50229075794435,0.9448931813685085,0.0
11.65613284926503,0.9113627405693654,2.407286082091378,0.8547536739306643,Si1,PU,combo_001,9.963122376733185,2.1939108411092887,hybrid,0.64124554,0.35875446,0.7175089,0.12640809,0.38205350341466027,284.1579,0.6172087,0.6191656057451207,0.0,0.21234031261000655,0.9999998089999999,0.6387992121863744,0.5970370928267434,0.32763926090417317,283.40589586162946,3.1108687105613892,1038.5609436278444,8.289470234045462,195.76660655896896,2.625641947188298,85.31314215987196,1.075591451205053,0.0
13.016848335522496,1.0224508831267594,1.4866928313751275,2.3180508534979727,Si1,PU,combo_001,30.17371639401159,1.5200703983777215,hybrid,0.37287217,0.6271278,0.74574435,0.10331918,0.3122700241929753,283.27988,0.21866754,0.6083383729458797,0.18085217475891124,0.162547074699385,0.9999998089999999,0.6387831282389418,0.5848678915043884,0.2874119740430875,283.9786516480259,3.1340326129799205,1147.021090610284,8.470963734310105,218.05319577846325,2.454924667188234,92.7640283174842,1.050785761611405,0.0
10.644855631809996,0.9421378276969963,2.5546837614539646,0.7442591688294441,Si1,PU,combo_001,7.922531404840335,2.40686420946903,hybrid,0.644237,0.35576302,0.71152604,0.1890696,0.5714405255349427,285.25952,0.5979961,0.6327501683111421,0.0,0.01696523034491471,0.9999998089999999,0.6387371445133745,0.6036392010177576,0.36421669245249266,285.0742690488086,3.0747148503092054,958.203115747088,7.504983983151535,187.9155490722681,2.2779782137644853,81.89039422467168,1.068494057250013,0.0
9.247155087023986,1.0150394063867356,1.4060366770930774,2.1511538806100416,Si1,Si1,combo_002,19.892053550054534,1.4271826340745357,hybrid,0.64375657,0.35624343,0.71248686,0.15255733,0.4610865013934898,285.60455,1.2354658,0.6370048933477491,0.0,0.1418981263368165,0.9999998219999998,0.6386846549366648,0.6124441434596506,0.357663150150442,285.09472428376097,3.158295623017492,869.499516201267,8.139933839492407,177.69823594669245,2.3770212575189746,77.50428971843148,1.0610267415643428,0.0
12.894416910168324,0.7313859844813342,1.9367908108988112,2.313877392915482,Si1,Si1,combo_002,29.83609978326559,1.4165416539636286,hybrid,0.34750867,0.65249133,0.69501734,0.1823451,0.5511165437742068,283.60596,0.12446597,0.6123594004548258,0.3499422073364259,0.11667435626291778,0.9999998219999998,0.638578766013937,0.5870222075015132,0.3621574565375801,284.5188233379498,3.137567970911331,1131.5988481760255,7.7405070754236815,220.89028712757187,2.3990103334469417,91.20747417409957,1.0112089594316296,0.0
10.957027824033375,1.0839084509867716,1.6972616375898801,2.1728588180389483,Si1,PU,combo_001,23.808074526949028,1.8396762325193183,hybrid,0.3676359,0.6323641,0.7352718,0.13279769,0.40136532365434174,283.75656,0.45061725,0.6142165619669128,0.21576062838236504,0.10074531531200946,0.9999998089999999,0.6380365398644698,0.5888375220849732,0.3141754753464416,282.70487171512053,3.1038262267837813,976.2576671418869,7.6093300697823345,197.61476935806002,2.305887286103237,83.70001914762341,1.0238531358966545,0.0
11.53538682645787,0.5424215809464519,2.873913321063408,2.282591924815204,Si1,Si1,combo_002,26.33058081969242,1.5588726071142815,hybrid,0.35726324,0.6427368,0.7145265,0.17310691,0.5231951805366662,283.79456,0.42567718,0.614685085995798,0.2849119504292807,0.05393394598049596,0.9999998219999998,0.6379991041826597,0.587819520483839,0.34927268811495726,284.44826895575767,3.111582175245646,1055.477589309767,6.629672308139144,206.4360037953025,2.069065716485707,85.054774180596,0.9065351554792882,0.0
14.321034144190222,1.042835182875809,1.1361284948496886,1.2801124706886349,Si1,Si1,combo_002,18.332534401135643,1.1847947666969925,hybrid,0.62118787,0.37881213,0.75762427,0.07170865,0.21673092095349092,283.3046,0.44424206,0.6086431958080459,0.0,0.21320027567648978,0.9999998219999998,0.6379791219636584,0.5870722473160527,0.26628836571267833,282.11795174731435,3.170971551662204,1156.0811972408633,7.526125083802191,216.73573091384384,2.4754519417707783,91.40866547948123,0.9862456809036928,0.0
14.381198007145882,1.1255249829663776,1.2174954662107866,1.2363851256410716,Si1,PU,combo_001,17.78069930493419,1.3703215638685375,hybrid,0.37206176,0.6279383,0.7441235,0.14123304,0.42686018344650684,282.39246,0.61806387,0.5973952321941112,0.18625513712565117,0.02894862744559228,0.9999998089999999,0.6379734767519696,0.5715081313821558,0.3158307285421836,282.52339457600294,3.1743609863059565,1191.628246355363,7.245371893352029,216.37624404942179,2.4004305528478955,91.8229067425393,0.9283037021626306,0.0
14.679924575291626,1.0066826127819357,1.3222212756195637,0.775801959665136,Si1,PU,combo_001,11.388714253247633,1.3310571684165664,hybrid,0.63549787,0.36450213,0.72900426,0.12565772,0.3797856202806291,282.22366,0.36194244,0.5953137812673932,0.0,0.15467903163972108,0.9999998089999999,0.6379469387875016,0.5729060335287183,0.31285831558529986,284.4505583637844,3.202006070726023,1273.518859367835,7.281297305050879,216.33771998546965,2.4174487247273353,97.92962419622944,0.9366967773755713,0.0
11.504841755463831,0.8721368287838868,2.3761312025549235,2.075015856852298,Si1,PU,combo_001,23.872729073163878,2.072311531770694,hybrid,0.37136278,0.6286372,0.74272555,0.12680809,0.38326247662241963,283.891,0.45275477,0.6158742714827675,0.1909146308898927,0.08579581724764536,0.9999998089999999,0.6378500248079553,0.5899179611997964,0.3056417527009041,284.06960693599206,3.037323718223871,1047.0192044774947,6.882645937344065,202.03197656038896,2.1107815564810544,84.71233163764946,0.9290748357652604,0.0
12.437728261959103,0.7234159567872773,2.9934586469677402,1.9500825408492415,Si1,PU,combo_001,24.25459673147363,2.1655157511993166,hybrid,0.6345376,0.36546242,0.73092484,0.1412681,0.42696615550573264,283.74884,0.7008377,0.614121351863051,0.0,0.08762762440564704,0.9999998089999999,0.6376177347008789,0.5888048961496664,0.32640059054523685,284.4147330064355,3.1438011881442955,1121.3004928655578,7.683607491816011,209.75697878214845,2.2768987145932598,87.66853660739781,0.9400463148497898,0.0
13.434352328186645,1.042825702185872,1.5518174536892857,1.896007666832111,Si1,PU,combo_001,25.4716350131657,1.6182751258078212,hybrid,0.36075327,0.6392467,0.72150654,0.12097026,0.3656183089093183,283.26306,0.33868995,0.6081310181347024,0.2616446812947592,0.20300439880221774,0.9999998089999999,0.6375221869544867,0.5861059744237541,0.3146623179058112,283.0335363243293,3.0674666393496666,1179.5160203911098,7.845707950548313,221.284749365988,2.285128931928338,94.56011162573688,1.0182211664331111,0.0
12.628897101819065,0.599216423101703,2.5064771208438734,1.842765302566079,Si1,Si1,combo_002,23.27209338890949,1.5019222549383207,hybrid,0.61155283,0.38844717,0.77689433,0.081068374,0.24501958343838212,283.44473,0.2573006,0.6103712780093637,0.0,0.08253194474477929,0.9999998219999998,0.6370278778208827,0.5844069568651202,0.2526799262137109,284.77801646215255,3.0836493647131524,1113.1773006749015,7.637989219724564,213.4548569068903,2.3987458109154307,89.62441860195861,1.0087182528742051,0.0
12.380941437350014,1.052180159151726,1.168696549628019,2.0630751640825213,Si1,Si1,combo_002,25.54281278735697,1.229679321587682,hybrid,0.3404526,0.6595474,0.6809052,0.1793547,0.5420783836545237,283.33087,0.2514765,0.608967211220793,0.39698259035746264,0.180623239548282,0.9999998219999998,0.6369798394914249,0.5860475150964604,0.3712424102249529,280.99291133882326,3.165300941385515,1039.2541680144373,7.319356107862558,209.2841317388481,2.4201998731139303,85.05689848958995,0.929201413745501,0.0
8.192608108991834,1.0303769506946239,1.6228254714619363,0.8113502471190024,Si1,Si1,combo_002,6.647074613779667,1.6721219607945152,hybrid,0.3269004,0.67309964,0.6538008,0.20399988,0.6165655270774599,285.1665,2.0332778,0.6316031311705461,0.4873309135437012,0.2179437846355632,0.9999998219999998,0.636784111371261,0.6111858998055395,0.44017108221743145,284.99069902260527,3.30323867714444,790.6814314814783,9.925715817521938,167.20920754906518,2.7738329661835546,73.47856839428908,1.151171090295534,0.0
12.44095973089877,0.7176878681932662,1.9371616907105065,2.4345378932593764,Si1,Si1,combo_002,30.28798789338703,1.3902774441516867,hybrid,0.36912027,0.63087976,0.73824054,0.12870517,0.3889961820334259,283.69394,0.120441705,0.6134443440494249,0.2058650652567547,0.09045104388963758,0.9999998219999998,0.6366350641227212,0.5872264430924092,0.30139767971471765,284.565687684681,3.1338073165515166,1106.1362195806357,7.500120437031357,216.4689906401707,2.3254101511244203,89.3885054256395,1.001466105105431,0.0
14.087720415282238,0.7915817823219611,1.9207553166629454,2.1526937680947604,Si1,Si1,combo_002,30.326547944639405,1.520434916968437,hybrid,0.34407917,0.65592086,0.68815833,0.20419295,0.6171490714766903,283.6126,0.34485367,0.6124414392004459,0.3728057543436687,0.055405115649690896,0.9999998219999998,0.6365907167656746,0.5856546314889397,0.3806870866730806,284.5207576320934,3.1377591527877766,1197.2511478825556,8.216036193561326,235.11773052901836,2.3835717010804633,96.20479045894974,1.0588858041328297,0.0
13.996528224876968,0.9879649150700002,1.7762550892271518,1.656141278202233,Si1,PU,combo_001,23.18022814474137,1.7548777083709586,hybrid,0.6063353,0.39366472,0.78732944,0.063247494,0.19115807959713144,283.29126,0.3101985,0.6084787419922846,0.0,0.09249240502639185,0.9999998089999999,0.6364275059100635,0.5830594521108144,0.23642864001269734,283.75622408688866,3.049583808575915,1233.6381838626676,6.741615063565407,223.32340779371305,2.104850981978335,95.07185030844126,0.9169635680331084,0.0
11.326029141872976,0.6474660759278656,2.654648358639953,1.2269775920968127,Si1,Si1,combo_002,13.896783964513633,1.7187947557369598,hybrid,0.6163906,0.3836094,0.7672188,0.07331025,0.22157156518794885,285.81747,0.5639417,0.639630509532112,0.0,0.15049100119747894,0.9999998219999998,0.6364185401654058,0.6139138488130009,0.2610792962499623,284.8099454089549,3.0961454799158736,1018.8623847323154,7.4969694224101975,198.66924218009814,2.3551302695006178,84.42202894436882,0.9524795022155381,0.0
8.591595875610636,1.0663886637120057,1.2131257508467175,0.7852048528912439,Si1,Si1,combo_002,6.746162775609867,1.2936635483600547,hybrid,0.6735198,0.3264802,0.6529604,0.2352758,0.7110933244988755,284.9099,2.0261025,0.6284389945963562,0.0,0.10670708087685703,0.9999998219999998,0.63628060769254,0.6049249321169285,0.45642026159584603,285.6580377083824,3.2993309390291956,800.6437380606374,8.026148895293318,162.26194631528153,2.3325621074295184,72.14077187413288,1.0294631643245085,0.0
13.94144360781586,1.0750667974765848,1.3497054613239274,1.0970011618262407,Si1,PU,combo_001,15.293779835309016,1.4510235278421713,hybrid,0.37972054,0.62027943,0.7594411,0.11436386,0.34565124536760683,282.47333,0.56163925,0.5983924921752724,0.13519620895385756,0.03649049411432262,0.9999998089999999,0.635867661656746,0.5725507304011883,0.28735895830506997,282.9062989045971,3.107174740895756,1199.1916096984808,6.858138296970917,216.45249965323302,2.1634862578188074,96.19232789960547,0.9168912726706542,0.0
15.34386112355584,0.7703028825823177,2.2130351988835857,1.8575023841437328,Si1,Si1,combo_002,28.501258618975307,1.704707392956159,hybrid,0.31101483,0.68898517,0.62202966,0.2409223,0.7281591946231588,283.21698,0.4704333,0.607562768107701,0.5932344595591228,0.22768290605177108,0.9999998219999998,0.6358611075792329,0.5865596782269618,0.44800835336631567,283.144724150864,3.1754650190493448,1273.838164470565,10.04040623525775,252.59567537852786,2.8045757272930243,102.08777919708906,1.1887549304838527,0.0
13.2509439834234,1.0273627015609295,1.6728005691702252,1.178911188359488,Si1,PU,combo_001,15.621686118382689,1.718572911915383,hybrid,0.36820477,0.6317952,0.73640954,0.118688375,0.3587215905482831,282.82367,0.5601318,0.6027126976785669,0.21196818351745617,0.127259670065699,0.9999998089999999,0.6356975198826931,0.5792456927514015,0.3055174322784906,282.2713563009396,3.0824949195336333,1168.1086243772006,7.510736238077211,212.712920027517,2.3489602418895177,92.97245378915855,0.9891411006082207,0.0
9.486119566329636,0.9080840417286886,2.1198913051221933,0.6625999175948851,Si1,Si1,combo_002,6.285502042945244,1.925039464380866,hybrid,0.31057066,0.68942934,0.6211413,0.26547828,0.8023767465686085,289.39914,1.9766072,0.6837974606373959,0.5961956183115642,0.1413435052284239,0.9999998219999998,0.6354568927762054,0.6568050975634534,0.4925299024855696,288.81126487341703,3.1539136064551903,875.5890839238788,7.164907835091509,184.03451701055312,2.2451802935056064,78.41023758049688,0.9548355003940121,0.0
11.829416831626265,1.0034135297933033,2.0492931848032154,0.9432272466502947,Si1,PU,combo_001,11.157828267573494,2.0562885081447546,hybrid,0.34496742,0.6550326,0.68993485,0.18113373,0.5474553059575032,283.31647,0.6074429,0.6087895860467899,0.3668838342030844,0.11722539844789513,0.9999998089999999,0.6350757651075143,0.5846202029351729,0.3710584373203523,282.05589701258134,3.1069313075575287,1045.4685066173754,7.8631288162640045,198.61881335108419,2.3812514126047493,86.46985104056289,1.003612538711735,0.0
12.8271382954398,0.630244362244363,2.4796509449132986,1.8657481522084027,Si1,Si1,combo_002,23.93220957283845,1.562786028365514,hybrid,0.374773,0.625227,0.749546,0.10060454,0.30406534129983803,283.40662,0.18590274,0.6099012486823938,0.1681798299153647,0.12475435380491627,0.9999998219999998,0.6349958518176525,0.5851132278069997,0.27818626875126234,284.04572157222225,3.09104161376736,1119.7067847006651,7.717012598030641,216.56861561001375,2.4299480930586954,90.55742924432936,0.9993211564887908,0.0
12.145753878340956,0.9336790334990567,1.3176444330625865,2.3789929061942447,Si1,Si1,combo_002,28.89466231695437,1.2302569807572883,hybrid,0.6039183,0.3960817,0.7921634,0.05997335,0.1812623699748054,283.85,0.19260876,0.6153688676508055,0.0,0.06824459562866028,0.9999998219999998,0.634727747757318,0.5884601644533143,0.22686899770213836,283.130680928215,3.1791366809793513,1069.3459936108825,7.858770740732417,212.64962730126408,2.570126962649382,87.15280867705289,1.0259457635870266,0.0
11.638219317596935,0.6381958640837939,2.355328372541452,2.1920186633862517,Si1,Si1,combo_002,25.511193952754887,1.503160825915168,hybrid,0.36626828,0.6337317,0.73253655,0.1447678,0.4375435901856452,283.79254,0.20731255,0.6146602485773992,0.22487815221150728,0.04371495655422239,0.9999998219999998,0.6345644357367779,0.5870987009931607,0.3131954569435885,284.72049644294736,3.03774706958346,1051.250147051275,6.7748124351535095,207.18148790631236,2.059824547075627,85.74608905088758,0.922909135522607,0.0
10.581248843847588,1.0989684327342553,1.6092466444352693,1.0655733397448812,Si1,PU,combo_001,11.275096669210336,1.7685112627178872,hybrid,0.6657759,0.3342241,0.6684482,0.20270017,0.6126373099292262,283.883,1.073706,0.615775674458215,0.0,0.13648815343841397,0.9999998089999999,0.6345245263113353,0.5924610225407931,0.4065118008286234,284.7539535685654,3.131941543619751,940.2229529705822,7.499125899232056,188.29453962943185,2.3344198778130316,82.45095321565421,0.9698894317197193,0.0
10.187820493128962,0.6513857306938368,2.882420898247501,2.3103292164290883,Si1,Si1,combo_002,23.537219337010843,1.8775678429721339,hybrid,0.6487551,0.35124493,0.70248985,0.1821177,0.5504292341287138,285.50882,1.1253593,0.6358243633247669,0.0,0.04788656194753572,0.9999998219999998,0.6341513746642774,0.608340352748599,0.3725288834366993,284.50917022061253,3.154268009799598,959.8979292200629,7.12620960471827,194.24908403500953,2.204531824163201,80.35558014456268,0.9288444733895682,0.0
15.169062262107849,0.767234520875733,2.8415293707998126,1.448324843096517,Si1,PU,combo_001,21.969729720688647,2.180119425359917,hybrid,0.61826575,0.38173425,0.7634685,0.08502744,0.2569853962125505,282.44833,0.23114257,0.5980842823924154,0.0,0.10662697117587293,0.9999998089999999,0.6339065004450626,0.5737788854808995,0.25993520995445296,282.7015373567992,3.111408751270767,1304.4400277023542,6.78603728608901,235.0250244729671,2.2154128848838055,99.13658897119272,0.9035693376397826,0.0
12.226575216926074,0.8799995848823197,2.4875207181597436,1.1867692479621859,Si1,PU,combo_001,14.510123475344455,2.189017199366744,hybrid,0.62139136,0.37860864,0.7572173,0.09087716,0.2746654809325505,283.8169,0.6806626,0.6149605555453111,0.0,0.1139503300561462,0.9999998089999999,0.6337727625647012,0.5903304826160299,0.2766218692325056,282.58959981722273,3.107653521237395,1083.4329577709805,7.952268292568723,202.57666209281675,2.5569184785899086,87.78640673829149,1.0367758672024974,0.0
10.912226546313274,0.9279931370145443,2.178520255019187,2.1601057359280444,Si1,PU,combo_001,23.571563154437577,2.0216518455049806,hybrid,0.5973903,0.4026097,0.8052194,0.053396747,0.16138535791308634,284.64636,0.5208833,0.6251890560313342,0.0,0.02258870174805099,0.9999998089999999,0.6336934007790038,0.5967134639629028,0.21992836233418125,284.8448658868953,3.0590088229768746,999.6051063728169,6.783463690534655,195.77629075337103,2.0707320273577676,82.8245117545663,0.9402090772050308,0.0
15.046930135603716,0.8256284397942575,2.557184280902703,1.441272527557862,Si1,PU,combo_001,21.686727028528132,2.111284068108099,hybrid,0.620372,0.379628,0.759256,0.079485334,0.2402350327864851,282.57004,0.22342144,0.5995850645829327,0.0,0.144191341938633,0.9999998089999999,0.6336769682859547,0.576272696779785,0.2595457782448881,283.08293620418146,3.0788835038660465,1296.1004266053937,7.1346693147041345,233.14477695577992,2.2436225047205807,99.07508467803606,0.958190549756909,0.0
9.404660377398068,0.9294647612562753,1.8022352237574495,2.3052671186728735,Si1,Si1,combo_002,21.680254330301384,1.6751141319773677,hybrid,0.35168698,0.64831305,0.70337397,0.14803948,0.4474318236660964,285.10056,0.885422,0.6307898938802483,0.3220869700113933,0.15965343747388058,0.9999998219999998,0.6334781103192814,0.6066315806125969,0.34822737845399115,285.35789837857016,3.106696130639445,881.4517422485306,8.315514821371984,183.69417694819595,2.4559243282351884,78.37066826191163,1.0608252773248286,0.0
14.063818638884044,0.9141177594320571,1.9285421074524316,0.554684972344787,Si1,PU,combo_001,7.8009888527714955,1.7629145902347942,hybrid,0.36659503,0.63340497,0.73319006,0.13791376,0.4168280567534647,281.99988,0.27330482,0.5925541935534857,0.222699801127116,0.05590355131465448,0.9999998089999999,0.6333999807965982,0.5672450732853582,0.30915330303921296,283.3711238735666,3.15200516999859,1242.9998963341966,8.507303673535956,208.54789144432218,2.579839728889024,94.56276032792597,1.0650679346190033,0.0
15.790459139252125,0.829318426976587,2.276587497349815,1.0170039834894105,Si1,PU,combo_001,16.058959845746177,1.8880159621767132,hybrid,0.64271766,0.35728234,0.7145647,0.14232598,0.43016346719320325,281.98447,0.63569957,0.5923641496702833,0.0,0.12670575069823714,0.9999998089999999,0.633345489797134,0.5698438596041914,0.3320192348824976,281.80739001832757,3.1021142050683936,1366.845196908217,7.3732517605443615,236.98866931171443,2.2954642762157604,102.09717326646084,1.0620730166083956,0.0
11.517598698985731,1.0596909891573785,1.2178112170462803,1.8849857750541157,Si1,Si1,combo_002,21.710509710369895,1.2905035731987236,hybrid,0.35329407,0.6467059,0.70658815,0.16481899,0.49814591681504106,283.55487,0.3827362,0.6117294332063489,0.3113728364308676,0.08235073046559523,0.9999998219999998,0.633141544175685,0.5858758555332813,0.34387000443228144,281.58483738825277,3.10877587231637,986.0944604162432,6.912987150115835,202.68176347091708,2.1845883349200346,82.52761839185206,0.9621677704506075,0.0
12.466053658011125,0.8272328351156918,2.8578244796609744,1.3991620619192995,Si1,PU,combo_001,17.44202934013947,2.3640862465729744,hybrid,0.3746281,0.62537193,0.7492562,0.100238346,0.3029585570433678,283.3482,0.5204776,0.6091809635488306,0.16914621988932305,0.11229931538651375,0.9999998089999999,0.6330693788860005,0.5846766100549406,0.28292708968806823,281.8882576024338,3.1254845989777285,1098.2152142283899,6.833293901660334,207.18423734170295,2.198437436805265,88.9782237655188,0.8916338059127378,0.0
9.855248697696673,1.0192371888154685,1.398564260187576,1.8329454621499206,Si1,Si1,combo_002,18.064133378802033,1.4254687049313706,hybrid,0.6354214,0.3645786,0.7291572,0.13678253,0.41340902791870604,285.6712,1.1701329,0.6378267861020344,0.0,0.07438462637923665,0.9999998219999998,0.6328439312125733,0.6110577763376419,0.32948280243968797,285.1569597728687,3.114626156194129,901.1707153178304,7.793430638153002,185.6894736105519,2.3624624153070313,80.10064737451863,1.0257043384210591,0.0
9.756137178926956,0.79498447582042,2.37530158900345,1.7095353558479576,Si1,Si1,combo_002,16.678461443878383,1.8883278886493182,hybrid,0.65080434,0.34919566,0.6983913,0.14825948,0.4480967499229642,289.84775,2.6797647,0.6893294310989315,0.0,0.17670671940786778,0.9999998219999998,0.6327874374755893,0.6642157548548374,0.3885404462693691,287.43585210882884,3.0493750113712133,913.0804316072542,7.004437035751714,188.24855182347932,2.1724574313529836,78.64402699816893,0.937600311369641,0.0
13.727380411201851,0.915991706161878,2.234994622152998,2.140662482716349,Si1,PU,combo_001,29.38568823223513,2.0472365372085464,hybrid,0.3872554,0.61274457,0.7745108,0.08199306,0.24781433190809246,283.3217,0.20003363,0.6088539375399139,0.08496379852294936,0.056350821437875044,0.9999998089999999,0.6326907920967457,0.5821229237028056,0.24853338140124603,283.36306786592553,3.071120264532369,1201.822427428416,7.221849187573246,226.43576683496315,2.3087234954489357,94.41529787588627,1.0183773217119787,0.0
13.605898184920981,0.902964837699838,2.384851039612868,1.5753732163126288,Si1,PU,combo_001,21.434367584401127,2.1534366319223235,hybrid,0.36763763,0.63236237,0.73527527,0.111972526,0.3384237302471099,283.0111,0.25210026,0.6050240828877338,0.21574910481770845,0.1320506288117709,0.9999998089999999,0.6325887846848495,0.5809637764875525,0.2926904317672374,282.4939861430674,3.070608693554855,1182.9199182876218,6.919610833598452,218.73849818671079,2.2263717632521765,93.49645286611643,0.9262006679635612,0.0
15.995834707360732,0.5188290967403246,2.648248172316185,0.6153188815634164,Si1,Si1,combo_002,9.842539121806483,1.3739882071870217,hybrid,0.3277981,0.6722019,0.6555962,0.25028127,0.7564455827395881,282.16055,0.52253115,0.5945355421575663,0.481345812479655,0.0069448375822100976,0.9999998219999998,0.631932048019587,0.568045869124394,0.4258873219024662,282.4380927131588,3.3014190552102436,1354.5343612092995,7.466094200499398,233.29101267720114,2.242263561901705,101.83463853590492,0.9892133416957147,0.0
10.763396794456947,1.081383994346943,1.6667814001770258,1.2341833444297126,Si1,PU,combo_001,13.284005053206922,1.8024307282266225,hybrid,0.66636956,0.33363044,0.6672609,0.17846581,0.5393918365755018,284.15863,0.8088585,0.6191746375336293,0.0,0.20687199693731642,0.9999998089999999,0.6318051813021863,0.5972248679994201,0.38589510979624203,284.5085511387506,3.10619271761847,958.2455534879966,7.501302451817119,191.2692500053189,2.302725487636936,82.98382044394933,0.9875493776571108,0.0
11.643592170669061,0.909557396554596,2.016843072993407,1.9783334908955332,Si1,PU,combo_001,23.034908345563622,1.8344345347310542,hybrid,0.6032747,0.3967253,0.7934506,0.046084896,0.13928615275307124,284.01752,0.43031168,0.6174345129476333,0.0,0.08835415405255806,0.9999998089999999,0.6317611720986462,0.5913899061944375,0.22016447186690336,285.0238738289379,3.0478276229467083,1062.1110570890162,6.753002065854512,201.50456398091495,2.051902235062141,85.45406485433976,0.9250946436802924,0.0
13.333688761441199,0.9793402170280475,1.9098097768121445,1.6683232126047869,Si1,PU,combo_001,22.24490247035992,1.8703535213054925,hybrid,0.3764415,0.6235585,0.752883,0.07818875,0.23631625088959332,283.2657,0.37356907,0.6081633820435249,0.1570568084716798,0.16032276725105857,0.9999998089999999,0.6313539794374343,0.5849178180244156,0.26373372662882644,282.6368495060516,3.073889133285758,1177.2621690899648,7.115312978431208,216.46204166050248,2.2959354785836474,92.05105499222384,0.9582979502971072,0.0
15.566857414516587,0.8238472938224353,2.0259397154189416,2.127062398882544,Si1,Si1,combo_002,33.11167707518417,1.6690649519952896,hybrid,0.3082033,0.69179666,0.6164066,0.25311705,0.7650163939180955,283.34735,0.6098274,0.6091704264622372,0.6119777361551921,0.17499360578737388,0.9999998219999998,0.6313260737692306,0.5867078965750436,0.4559199142280228,283.4941710960852,3.2615407049384557,1287.9861308422937,10.72558912592096,260.6323147142906,3.225611143248986,102.90455644469115,1.2689999633822964,0.0
15.840432321403934,0.9646782357939563,1.5482769640040623,2.2872273834435064,Si1,Si1,combo_002,36.23067057109867,1.4935890901558617,hybrid,0.32263464,0.67736536,0.6452693,0.22150503,0.6694727869786866,283.45343,0.58673537,0.6104785304979037,0.5157690842946371,0.15051954654523653,0.9999998219999998,0.6310473804276322,0.5871357400755632,0.4183256545042314,283.3156215424477,3.4785585378585018,1307.1174267737915,8.91844607054067,266.2525402776577,3.141394512908025,105.92481284991044,1.1451829528573,0.0
13.987863335877869,1.0541654097547624,1.2989618599544464,2.3012755501390494,Si1,PU,combo_001,32.18992789354218,1.369320661354687,hybrid,0.6563135,0.34368652,0.68737304,0.2002751,0.6053078085239366,283.41833,0.2388226,0.6100457572985318,0.0,0.024793442708146658,0.9999998089999999,0.6304442965548203,0.5823422023162893,0.36973362571088253,285.2611716606266,3.1472666351827923,1189.5201124934902,7.506447250987899,223.0058698912158,2.2513530250436187,93.1005191852085,1.0341564268829202,0.0
14.972280036754496,1.0392981344658347,1.352508281109901,1.0498961517692589,Si1,PU,combo_001,15.719339193800243,1.4056593334071128,hybrid,0.6521357,0.34786427,0.69572854,0.15508308,0.4687202727656852,282.52588,0.35483173,0.5990405230007666,0.0,0.14636235997681699,0.9999998089999999,0.6304277073542639,0.5760723904425806,0.34258924767783866,283.73029614932364,3.1765251036145554,1290.7950837692206,7.393132431637297,225.9103200096748,2.476007262700834,100.37098727848911,0.9510059457541267,0.0
11.032282084949456,0.5990287834131428,2.8571941459849817,2.1018688363431846,Si1,Si1,combo_002,23.188409908102475,1.7115415332445372,hybrid,0.35326248,0.6467375,0.70652497,0.15608108,0.47173662579018544,284.13925,0.45270014,0.6189356714626718,0.311583439509074,0.09220917494185374,0.9999998219999998,0.6303995214641488,0.5929267522568651,0.3375685681689427,284.12673085600017,3.113904999660465,1014.7391800553504,6.87020989432952,201.505683447537,2.1844156923206675,83.40032768466018,0.9096210301893295,0.0
13.220552903812205,0.9701604244565883,1.8192258465768287,2.011946252803938,Si1,PU,combo_001,26.599041874821186,1.7649409194973724,hybrid,0.37840766,0.62159234,0.7568153,0.089133315,0.26939491350329037,283.36865,0.26847264,0.6094331009780298,0.1439489523569744,0.09485081483795041,0.9999998089999999,0.6303078256228309,0.5839334247670224,0.26329274445963446,283.53997463114206,3.080615342215604,1176.8431346830707,6.913301334659728,217.7717791645953,2.223469137197955,91.83332788743333,0.923252340709512,0.0
15.607663737046236,0.8741822510954691,1.8461394681758194,1.580134141785099,Si1,Si1,combo_002,24.662202344407966,1.61386235612613,hybrid,0.32674107,0.6732589,0.65348214,0.21153335,0.6393345675272607,282.92108,0.38928354,0.6039139255502147,0.4883926709493002,0.14134850231479826,0.9999998219999998,0.6302439963701255,0.5804672571614172,0.4022726123158114,281.9799214517568,3.1767291276291005,1287.1228893833002,8.581956503584987,253.27288321376696,2.69473862843285,102.86942680988389,1.0926460676788337,0.0
13.749647944324519,0.7644790505662168,2.970383858557706,1.5356486292206284,Si1,PU,combo_001,21.11462801796818,2.2707962320074104,hybrid,0.6381777,0.3618223,0.7236446,0.13966107,0.42210909528504953,283.1892,0.4389283,0.6072203127934155,0.0,0.06911313490188147,0.9999998089999999,0.6301968404993172,0.5814310560226117,0.316446535233867,283.5561793824515,3.1414846158131597,1199.191728240056,7.1759642761558045,220.14304093065442,2.204983677984173,93.38821580992912,0.9135679274595868,0.0
11.657030250377346,1.1975506563071314,1.227667676433237,2.260619422312352,Si1,PU,combo_001,26.352108990485647,1.470194231639674,hybrid,0.35927302,0.640727,0.71854603,0.13821495,0.41773834458222464,283.03107,0.57734317,0.6052701991245939,0.2715132236480714,0.09757736464685977,0.9999998089999999,0.6301367493835675,0.5807389747994885,0.32208086564779703,281.045134135098,3.2630259685527476,973.6400727756114,8.028669452035587,199.1023719117293,2.64930193426592,81.95469449165887,0.9633938772973532,0.0
8.921679127054539,0.9539386469414938,2.841821779922073,1.9415066797523597,Si1,PU,combo_001,17.321499619783587,2.71092362358773,hybrid,0.37374818,0.6262518,0.74749637,0.10215013,0.3087366914541303,284.74384,0.7426022,0.6263910365520244,0.17501211166381847,0.08974722092583823,0.9999998089999999,0.630013602406787,0.6002314532541878,0.2862115760475711,284.98022161544543,3.073547389034269,857.0450138631719,6.641853531516013,174.59383981860952,2.098434374184394,75.23335375971399,0.9660103400911016,0.0
13.421155384756794,0.9994364667504408,1.1836521170169199,2.3496573436236354,Si1,Si1,combo_002,31.5351163097077,1.1829850896930698,hybrid,0.35906863,0.64093137,0.71813726,0.14133915,0.4271808919181375,283.46405,0.22553992,0.6106094914312789,0.27287578582763683,0.08696718535712843,0.9999998219999998,0.6299571185290076,0.5847022422375664,0.31643750800913883,282.8149279488155,3.16220248498082,1124.5920917603676,7.652369764801373,220.21835382330846,2.387162820438385,88.6521814795679,0.9590439746142688,0.0
8.071744314509093,1.1638454436546752,1.508702662689836,0.7804308724731279,Si1,PU,combo_001,6.299438457752341,1.755896719801242,hybrid,0.29816756,0.7018324,0.5963351,0.28407347,0.8585785080016786,281.16678,1.2767447,0.5822809104494406,0.6788827578226726,0.14776500532168574,0.9999998089999999,0.6299462070260837,0.56234807420425,0.49852858621183627,282.26723190167735,3.220304541365379,766.3112014954293,7.585065211091504,157.0766911453839,2.2298332642598315,72.4567392015186,0.9914242772340836,0.0
8.980289661507056,1.1495537643422915,1.360122632289812,2.3167620502661417,Si1,PU,combo_001,20.805194288176924,1.5635340919158995,hybrid,0.36073512,0.6392649,0.72147024,0.13825904,0.41787160906299353,282.3863,0.5339218,0.5973192146408303,0.26176587740580254,0.08142588745338943,0.9999998089999999,0.6298373150968313,0.5728616957409803,0.3187967814312287,283.2756003074126,3.0977080329317968,825.3703006432656,7.216879904064069,165.5173009282205,2.1350078613092265,75.07124493048651,1.031358227486684,0.0
9.542064279961254,0.8133974358163957,2.3059327825431932,2.147979076605761,Si1,Si1,combo_002,20.49615442098399,1.8756398124855997,hybrid,0.3336253,0.6663747,0.6672506,0.19636163,0.5934798314859606,285.81085,0.9838865,0.6395488471110131,0.44249788920084643,0.12608986922248908,0.9999998219999998,0.6296125216342027,0.6138593994719812,0.3963686835238279,286.2966990200748,3.05601288289918,902.3417021843246,6.950836965104764,186.51441811056657,2.125600465180407,77.97155385765865,0.9827616355475425,0.0
10.673410523086552,0.9395672101078587,1.5666544261376152,2.164100125028841,Si1,Si1,combo_002,23.098329047495756,1.4719771283692475,hybrid,0.364254,0.635746,0.728508,0.11609422,0.3508810543125494,284.33435,0.30808187,0.6213415141266581,0.23830668131510427,0.12515079551739514,0.9999998219999998,0.6295511538362981,0.5958691605930472,0.29718618003200103,283.9104679488078,3.0927073866279766,966.4251318139746,7.608067344741558,199.1667619275544,2.386504039200406,83.44410108400665,0.9966684365939019,0.0
11.787567472748236,1.0374435327832807,1.5724925188982646,1.5193057438378579,Si1,PU,combo_001,17.908918967222696,1.6313721940810955,hybrid,0.6395892,0.3604108,0.7208216,0.13282937,0.4014610723147387,283.86093,0.5151007,0.6155035918293925,0.0,0.10077302064235323,0.9999998089999999,0.6294565837935877,0.5901380016545789,0.3155615874329608,284.07950408735746,3.085367690659665,1048.8854917342812,7.575313733088382,202.70404112744342,2.321122940120029,87.45327480558073,0.9852703803327059,0.0
15.427917154463533,1.13705213176606,1.311166317453918,2.1482838775832493,Si1,PU,combo_001,33.14354568762405,1.4908644563608322,hybrid,0.6422613,0.35773867,0.71547735,0.124128774,0.375164553935995,283.4366,0.31130886,0.6102711756867264,0.0,0.15660037723617606,0.9999998089999999,0.6294502458083664,0.5866337205253728,0.3104703214388481,283.2538800622616,3.3850706914687794,1278.3985546560425,9.434954233251394,244.86164330560638,2.934742677413141,100.15058696940966,1.1511908021128374,0.0
12.147224578416218,0.9204889121067488,2.2133720263659438,0.8023821855443516,Si1,PU,combo_001,9.74671660552767,2.037384408637098,hybrid,0.64240086,0.35759914,0.7151983,0.13944846,0.42146650737980773,283.64886,0.62855875,0.612888512731623,0.0,0.10275470848880731,0.9999998089999999,0.6293641873216269,0.5879949430711655,0.32523331764601426,283.17964933978243,3.139817621087966,1080.0633679197208,7.995543769024226,198.14728216165605,2.5956219656781823,87.4428201681734,1.002375521997227,0.0
12.602100169596385,0.9084988190095595,2.261318884614903,1.784193955697021,Si1,PU,combo_001,22.484590951682275,2.0544055360766538,hybrid,0.38725775,0.61274225,0.7745155,0.05008902,0.15138814615370966,283.56525,0.4425265,0.6118573835435545,0.08494830131530776,0.14333529133408726,0.9999998089999999,0.6293201855636597,0.5879302752329078,0.23290276982008695,282.5843485559119,3.0827688136092717,1118.9614133093917,7.068238443057016,211.24475350699186,2.2902672015561203,89.47349958369037,0.961299330796845,0.0
15.773766035916932,0.7166892438676554,1.7150515610683212,0.5229772306185889,Si1,Si1,combo_002,8.249320477889395,1.229159006496097,hybrid,0.65490454,0.34509546,0.6901909,0.16707033,0.5049503318461216,282.4781,0.786945,0.5984511988005785,0.0,0.11999766066786507,0.9999998219999998,0.6292058335533991,0.5755137964649207,0.3603511904771028,283.7914447721552,3.3111551565042157,1343.8761692471462,9.190513433685416,233.88370186504062,2.7119431163887837,103.80630918428167,1.222068867047723,0.0
10.079051798685004,1.1576341490415947,1.45817901056939,0.6275290754849039,Si1,PU,combo_001,6.324898056993258,1.6880378180508102,hybrid,0.32714248,0.6728575,0.65428495,0.21152388,0.6393059239957403,281.81158,1.3306646,0.5902322712577255,0.48571681976318365,0.1281764045734126,0.9999998089999999,0.6290379273441007,0.5691723148232686,0.4199724365057055,284.2259984018936,3.247194191457931,888.0697669572614,7.840438796371375,178.72912565287277,2.566348235708482,81.04702940443384,0.9955058852445016,0.0
15.989918226640526,0.7985837737135542,2.903279064493173,2.2366934537762706,Si1,PU,combo_001,35.76454542394474,2.318511551466515,hybrid,0.6516833,0.34831673,0.69663346,0.13722688,0.4147520312362215,282.74716,0.7195796,0.6017692521039363,0.0,0.1945464064813333,0.9999998089999999,0.6290143756127486,0.5806821210507818,0.3385553852299481,281.67260072688623,3.3041314299045292,1351.3290050046635,7.741165718298442,261.7941024810991,2.244653704058454,102.83909791881771,0.932308717675427,0.0
13.377780989177555,0.8762967062488265,2.5831691471766236,1.5549826181008597,Si1,PU,combo_001,20.802216906931225,2.2636226153544654,hybrid,0.36634153,0.63365847,0.73268306,0.10458722,0.3161025151993117,283.07587,0.307182,0.6058226435217051,0.22438979148864757,0.14219229227653246,0.9999998089999999,0.6289913049289064,0.5821014313749293,0.28755109668899154,282.01139134225514,3.0928358708802315,1161.30678163069,7.203466205953679,216.2104508999878,2.29068829187691,92.53482332710354,0.9622429346477243,0.0
9.69907039540784,1.0635577094481767,2.3714937257615594,0.581527993547564,Si1,PU,combo_001,5.6402809463181,2.5222204349416866,hybrid,0.33131775,0.6686822,0.6626355,0.21869929,0.6609927703906591,283.82986,0.91510934,0.6151204934668182,0.4578814506530762,0.06268103239513427,0.9999998089999999,0.6289088779344398,0.5893597717742581,0.4090486532302,284.19114597475755,3.137636910464247,876.9824492725634,8.247910505196764,179.91656148204055,2.4565205842679156,78.05243569042369,1.0979627370855027,0.0
15.131334461681071,0.7761938869453401,1.6178597700506532,0.6388673500467876,Si1,Si1,combo_002,9.666915550205822,1.2557728634481107,hybrid,0.6549052,0.3450948,0.6901896,0.16491464,0.49843500931320106,282.6341,0.628823,0.6003749697529166,0.0,0.12495367710812533,0.9999998219999998,0.6288596524092122,0.5771489264536882,0.35550766594971933,284.48984405756534,3.1914952967803543,1293.186948203219,8.49232054635937,227.35839607795282,2.519783008510553,102.17874050944874,1.157159220880917,0.0
13.957863789175857,0.6295167820869575,2.2777151086080165,0.6769026585937095,Si1,Si1,combo_002,9.448115107182005,1.4338598856817635,hybrid,0.36781314,0.6321869,0.7356263,0.10856647,0.32812933058895877,282.91058,0.5076819,0.6037844699149243,0.2145792643229168,0.1119823470927197,0.9999998219999998,0.6286947751497407,0.5796793919801154,0.2914217404687506,285.3928652691148,3.1659436766266777,1198.9271835974346,8.562317591125364,210.56691438286805,2.558318190845207,94.93532164501704,1.0924314697480078,0.0
11.108924774045416,0.7583836699031801,1.9274957317924046,2.3662705995682813,Si1,Si1,combo_002,26.286722085639383,1.4617812867994395,hybrid,0.3602015,0.6397985,0.720403,0.14794554,0.4471479104228497,284.10938,0.2172564,0.618567249756424,0.2653234799702963,0.041985066510856116,0.9999998219999998,0.6285650890073445,0.5906590688401833,0.3165054259290146,284.9032182104439,3.068886673758565,1013.7339605968682,6.796979911225331,201.86860278375255,2.0826474808019313,84.38069044129115,0.9538786106786284,0.0
8.700212029645918,0.8394581623703788,2.5670785118437625,1.8887182372103075,Si1,Si1,combo_002,16.43224912798875,2.1549550102128516,hybrid,0.35160756,0.64839244,0.7032151,0.124196425,0.3753690219125718,288.06586,1.5118214,0.6673562186309991,0.32261625925699877,0.20330569344883642,0.9999998219999998,0.6281398197264457,0.6427049328790888,0.34265217076294463,286.1801341498163,3.218405749122062,849.5469821952425,8.241386023198439,177.66246188494824,2.4506905420770058,75.24340365762205,1.0003384085158051,0.0
11.75309539417904,0.9767164384392053,1.9362382464910781,0.7762551200733945,Si1,PU,combo_001,9.12340047644251,1.8911557240825378,hybrid,0.66268086,0.33731914,0.6746383,0.20247538,0.6119579267956003,283.8343,0.71819955,0.6151750605223911,0.0,0.05586161286050318,0.9999998089999999,0.6278258251275686,0.5888524474113204,0.3867458712480981,283.9890218987316,3.121805659926996,1050.4685173482019,8.260813549919746,195.1057832239368,2.4458572558374714,85.96959589751627,1.0138295745294577,0.0
10.011359139120605,1.0615222575848673,1.1659090583627936,0.5095413577113324,Si1,Si1,combo_002,5.101201528283268,1.2376384157719194,hybrid,0.31542718,0.6845728,0.63085437,0.22550829,0.681572156974119,282.4422,1.5934063,0.5980086411636556,0.5638187726338705,0.1779512009649063,0.9999998219999998,0.6277829519008554,0.5782907606454002,0.44772615528772625,286.3339068350586,3.320209636153017,871.6830984468272,8.853466408841376,173.30102421933617,3.0487478188814516,76.32062862562917,1.0153452191248873,0.0
13.989788502567936,0.7784616137888042,2.0198306502796655,1.5105648782474663,Si1,Si1,combo_002,21.13248316608934,1.572360627596798,hybrid,0.6521658,0.34783423,0.69566846,0.14913057,0.4507295228248863,283.7042,0.5935033,0.6135707890885458,0.0,0.1466428439328851,0.9999998219999998,0.6277291252404998,0.5898764478172276,0.3413255340193976,283.59794358193284,3.1109081199522226,1183.3989473002614,8.187017137281588,226.09149511997921,2.425960789454258,95.86612909326979,1.0187970556629755,0.0
14.034882917689476,0.9012490827935694,2.3625253296845763,1.6287435491476452,Si1,PU,combo_001,22.859225015229214,2.1292237864547996,hybrid,0.35624868,0.6437513,0.71249735,0.1439369,0.43503228207068956,282.74747,0.2448716,0.6017730153491483,0.29167548815409355,0.08642973394776654,0.9999998089999999,0.6277105588388423,0.5765912107732819,0.319509128792618,283.0370632944834,3.043745313580711,1216.0206632872664,6.581253222795038,224.02203477495385,2.068071896691123,95.31656327132885,0.9076181112823216,0.0
14.447089507716623,1.009648812469071,1.2954898500156613,0.760753053767836,Si1,PU,combo_001,10.990667461052682,1.3079897886340472,hybrid,0.633808,0.36619198,0.73238397,0.10297349,0.3112252108474675,282.27295,0.33394974,0.5959215453691198,0.0,0.13920963697879557,0.9999998089999999,0.6277014710586915,0.5729509202181753,0.2859563945676809,284.6624225609509,3.19724667170484,1249.3226973052342,7.201838962879677,212.45481449955878,2.369133634144715,95.59820395465805,0.9326026997004875,0.0
11.85261495698818,0.9152411137728457,1.5144464513010938,1.9485286223442286,Si1,Si1,combo_002,23.09515949331678,1.3860836568381467,hybrid,0.33803478,0.66196525,0.67606956,0.18664792,0.5641212925654813,283.54523,0.21457084,0.6116105146576519,0.4131016731262208,0.10442136469415796,0.9999998219999998,0.6276933013715701,0.5861271478615762,0.3667553953520107,282.70754148129123,3.07480395324275,1051.1488806018854,7.286467208079118,211.38399272258638,2.345688467624213,88.67150938084785,0.9790888819315867,0.0
12.68034133903272,0.866504773738763,2.517865341576846,1.9524631330444218,Si1,PU,combo_001,24.757898978880522,2.181742338107718,hybrid,0.36386743,0.6361326,0.72773486,0.108287275,0.32728549485258623,283.59805,0.41130257,0.6122619324038369,0.24088398615519216,0.14025612472188137,0.9999998089999999,0.6274777190849992,0.588154119050837,0.2933520286292771,282.4013064929707,3.0863399721806375,1121.4189856119474,7.208427167305555,213.22830497356003,2.277339580711988,89.7503247171473,0.9903920816620233,0.0
13.367828906216252,1.020567259616557,1.3153672010387536,2.327224750511073,Si1,PU,combo_001,31.109942291143827,1.3424206997536214,hybrid,0.65434283,0.34565717,0.69131434,0.17326084,0.5236604127388774,283.3444,0.1748941,0.6091339229836814,0.0,0.07887276816105276,0.9999998089999999,0.6274373565240275,0.5830111082980541,0.34793209686218085,285.5155569863147,3.147373509514386,1154.1831642320883,7.617445944635285,216.36195339336183,2.2643390695872236,91.04547168019712,1.0185623151975651,0.0
9.76406828109984,0.959654380733018,2.7632279363763095,0.8374481655217889,Si1,PU,combo_001,8.176901070036548,2.6517437941073827,hybrid,0.63779587,0.36220413,0.72440827,0.12869895,0.3889773565677411,285.92242,0.80893797,0.6409246895604943,0.0,0.08285806886651172,0.9999998089999999,0.627433924979334,0.6135146404345095,0.31464961406204595,285.9692877145954,3.1172359266220666,895.7435649627178,7.039655139553421,181.26123053070876,2.262996936309793,78.56009859480153,0.9921242891345602,0.0
15.07379666751347,1.0140890377698417,1.2866313025379068,2.4150228052202785,Si1,Si1,combo_002,36.40356271329846,1.304758699555224,hybrid,0.33892393,0.66107607,0.67784786,0.18131901,0.5480152960061279,283.61987,0.3522075,0.6125310044364898,0.40717379252115893,0.11255456881489952,0.9999998219999998,0.6273724870671143,0.5874646962163902,0.3652164629120598,284.0714086274553,3.3319819864655265,1240.768401558501,8.370516992864522,247.41697251930688,2.747658773502512,98.67264556922592,1.1414471957124999,0.0
12.354733015279729,0.7997990641198478,2.7307094712291358,2.444994212804763,Si1,PU,combo_001,30.207250723106878,2.184018879472267,hybrid,0.35328373,0.64671624,0.70656747,0.16007644,0.4838121261760174,283.7027,0.46547103,0.6135523491870073,0.3114415804545086,0.049843530070901,0.9999998089999999,0.6268344975128619,0.5867260168561325,0.3357072027784266,283.124446978648,3.1059944159872797,1108.780654393694,6.759271829792554,213.07759204715188,2.0906504681774782,87.60520753135629,0.9084327351252263,0.0
12.861194461988376,1.0434557835279976,1.47258445304259,2.0650419054332625,Si1,PU,combo_001,26.5589055179322,1.5365767642607036,hybrid,0.35519004,0.64480996,0.7103801,0.12780824,0.3862853149748113,283.2614,0.35817626,0.6081106966105579,0.29873307545979827,0.14669916444158196,0.9999998089999999,0.6268230921927718,0.5844330490837852,0.3138574722937064,283.3713918063659,3.11110908383039,1129.414708563689,8.14183693074949,215.8643752664453,2.408113832696831,92.35465216353982,1.026822611537115,0.0
9.084151790674001,1.1842157339345762,1.1491318866427405,0.9641131331130127,Si1,PU,combo_001,8.758150044580896,1.3608200605282572,hybrid,0.65654504,0.34345496,0.6869099,0.18234402,0.5511132560732619,282.85275,1.4559759,0.6030713349472637,0.0,0.06175450313445965,0.9999998089999999,0.626752066816455,0.5792162057762993,0.3817621605382777,284.15904864435606,3.2207918883610347,803.5012510260457,8.057422287598117,157.44945468474725,2.5068466210628353,71.61256199113608,1.012829865881645,0.0
14.455618624046213,0.760287965913959,2.998275215548028,1.250643048494143,Si1,PU,combo_001,18.078818943845867,2.279552564879247,hybrid,0.36247578,0.63752425,0.72495157,0.114949405,0.3474209967714777,282.17554,0.2713007,0.594720317497472,0.25016164779663097,0.12351039534198854,0.9999998089999999,0.6267069084264572,0.5712625204316303,0.29495994961443833,282.7060759763987,3.1256367245726797,1247.7414552335529,7.1292794620789,225.02969316332113,2.2047274719055374,95.91394258041095,0.9599308390116005,0.0
14.470265825989273,1.01702363976491,1.1939516881007743,2.3980396553324166,Si1,Si1,combo_002,34.70027127392376,1.214277091535708,hybrid,0.3549084,0.6450916,0.7098168,0.14522737,0.4389325762793908,283.61115,0.33568338,0.6124233756234286,0.3006106217702231,0.08412636523182948,0.9999998219999998,0.6264069942291433,0.5864832135406041,0.32242773643366784,284.00397873791604,3.213606852316415,1190.6262131579626,7.4279771208321295,233.75072147513828,2.258437725469514,92.9145854673835,0.9846675858624978,0.0
15.985267298906109,0.6712543087420624,2.670400162492979,0.5658515874765265,Si1,PU,combo_001,9.04528887732263,1.7925176151389157,hybrid,0.6343378,0.36566222,0.73132443,0.13177651,0.398278938096014,281.43445,0.60640734,0.5855816528248236,0.0,0.030050897308898327,0.9999998089999999,0.6262113525102722,0.560651813166699,0.3057488780802066,281.7033817054438,3.1828344652489795,1397.323998219695,7.1446920423251745,226.61717964168622,2.180777440834887,101.36025142405549,0.9839950180376519,0.0
12.1479601497288,0.9237530427162794,1.9569951663953584,1.683009663087782,Si1,PU,combo_001,20.445134318798868,1.8077802395387639,hybrid,0.60177916,0.39822084,0.7964417,0.030490229,0.09215311467329755,283.62665,0.5097181,0.6126145484801946,0.0,0.08479076354031928,0.9999998089999999,0.6260165893823957,0.5869909662278379,0.20479390564827588,284.3995656411985,3.0703049971923546,1097.9267046110658,7.016240450898297,204.5692706994774,2.1756798701506317,87.26601180184316,0.9408409618764237,0.0
9.192143371759157,0.8353262501299228,2.5964830759512463,0.7125834904318654,Si1,Si1,combo_002,6.550169608398276,2.168910471360162,hybrid,0.67780274,0.32219726,0.6443945,0.22343947,0.6753194001468026,292.8836,2.7005463,0.7267658181426805,0.0,0.10798024621349427,0.9999998219999998,0.6259801140500514,0.6966326857803881,0.4581939750151053,288.81522727548054,3.24642987170047,867.9964337888961,8.713157226553305,180.1769473914219,2.6713682702684136,77.21526774217962,1.0960991653725702,0.0
14.168165429426706,0.7879743377377908,2.8657090678004713,1.6409163655709706,Si1,PU,combo_001,23.24877452326314,2.258105204849258,hybrid,0.6351926,0.36480743,0.72961485,0.13542187,0.40929660944355617,283.1297,0.39070314,0.6064864799770894,0.0,0.02305383709347648,0.9999998089999999,0.6259546949695228,0.5792877115324759,0.30404481126134264,283.60628960679503,3.105805151668694,1226.4293064824678,6.966475163590543,225.7583176122119,2.191694464204171,95.44481411411577,0.9101525779600534,0.0
14.00305087655154,1.0172620218860668,1.7456058664733887,1.2636636630551958,Si1,PU,combo_001,17.69514656461139,1.775738553144899,hybrid,0.35384843,0.64615154,0.70769686,0.15983859,0.48309324559405287,282.42303,0.41506675,0.5977723093643464,0.3076769510904949,0.03658246791967647,0.9999998089999999,0.6257078627664838,0.5717202031161311,0.3324124074681939,282.45571967521846,3.065487734152713,1227.099294691987,7.068644206734955,220.0450624802262,2.162304402868317,95.44968180128424,0.943000198077012,0.0
12.327573168727504,0.798281518412685,2.741335535358804,2.361331127121737,Si1,PU,combo_001,29.109482245187,2.188357493644877,hybrid,0.35374996,0.64625,0.7074999,0.16588,0.5013526862723533,283.68683,0.45156598,0.613356660435987,0.3083333969116212,0.014839646253803553,0.9999998089999999,0.625557416176524,0.5854709431146984,0.33630504118644966,283.1716770764057,3.0935674603293295,1106.45450721446,6.6608569081596185,212.30010624111554,2.055777482092135,87.5014158906508,0.9006549888354118,0.0
14.831259362760687,0.9273578177781733,1.4356900616663917,2.3735207054129104,Si1,Si1,combo_002,35.202301184861575,1.331398402592756,hybrid,0.62246627,0.37753373,0.75506747,0.07768411,0.23479105039162823,283.98428,0.47984758,0.6170246955440543,0.0,0.1058376364718708,0.9999998219999998,0.6254780857298654,0.5916261676594569,0.2572495790301771,285.2798506508401,3.2572403191541857,1251.8558113928686,8.009233170297339,246.67575763827978,2.5981251925922377,101.39109575547683,1.108738683422302,0.0
12.901101773172424,0.9986572160056829,1.5678201482835235,2.261001803763101,Si1,PU,combo_001,29.16941437967419,1.5657149044824406,hybrid,0.35286266,0.64713734,0.7057253,0.13303436,0.4020806463133658,283.3189,0.2258219,0.6088196920084854,0.31424895922342944,0.13913615626492545,0.9999998089999999,0.625458518926898,0.5846212010506272,0.31548366223959917,284.1394248541116,3.1219065237021977,1148.010363425854,8.290796937108153,216.7746186984018,2.4353471623990757,91.87641660690066,1.0332036587459397,0.0
10.034639580892417,0.7064137686309386,2.6890630009960153,2.250002792579566,Si1,Si1,combo_002,22.577967079537384,1.8995911286196165,hybrid,0.34943998,0.65056,0.69887996,0.16304229,0.4927760653209431,284.80106,0.39965758,0.6270966450292611,0.3370668093363445,0.06357697494810546,0.9999998219999998,0.6253560438238809,0.5994808078141843,0.3395283438907911,284.85596267821734,3.0751350806855586,941.7462580283468,6.816893851510942,192.44266408119552,2.0814334281599125,79.51094720777394,0.9508092683313706,0.0
12.249790065815063,0.6243954420533968,2.36681148101965,2.223193003174033,Si1,Si1,combo_002,27.23364756467082,1.4778263009483192,hybrid,0.34961557,0.6503844,0.69923115,0.16398248,0.4956176747883689,283.63846,0.1450687,0.6127601860698962,0.3358961741129558,0.056691926138475304,0.9999998219999998,0.6251134154053494,0.5856283859499485,0.334166321380747,284.5841559735129,3.0641006644804705,1091.0704944850443,7.452668054953068,213.53686120394445,2.2887099926311834,88.20955073462096,0.9524240867867972,0.0
11.403129176615604,1.0392973894725936,1.16811790497957,2.3667896291825437,Si1,Si1,combo_002,26.98880787544269,1.2140218892414623,hybrid,0.6056021,0.3943979,0.7887958,0.041406907,0.12514748491328082,284.08228,0.28743902,0.6182330735816046,0.0,0.07448699253790328,0.9999998219999998,0.6251027210629259,0.5914524807152262,0.2101481879471501,282.18911804070547,3.2021226837858343,983.452131506198,7.406754472300225,200.5625941260303,2.4216493184629844,81.54362257394709,0.9662994337538546,0.0
11.416091647639039,0.9747283345454225,1.883773965488179,1.714685097671216,Si1,PU,combo_001,19.5750022218555,1.836167860040319,hybrid,0.6144147,0.3855853,0.7711706,0.07573514,0.22890050363074776,284.21646,0.48762056,0.6198877725012899,0.0,0.033661311175590077,0.9999998089999999,0.6249734076259568,0.5921088408278903,0.2445239814305188,284.58553380075676,3.0576114463868143,1032.0736651117952,6.919415712298391,198.59269560413486,2.113599365974491,84.87771469774749,0.9334767763154004,0.0
13.051827972250386,1.0605737775325172,1.1861882358873446,2.1255441406868316,Si1,PU,combo_001,27.742236471669298,1.2580401381996738,hybrid,0.6473109,0.3526891,0.7053782,0.12498404,0.3777494975447179,283.27386,0.21446908,0.6082642370152046,0.0,0.1648961736616085,0.9999998089999999,0.6248866889332088,0.5848626340436465,0.3105943585376756,284.9661238503052,3.157047788313396,1096.7731845714964,7.00688861328658,206.304071983484,2.2235539670102447,85.58907693635237,0.9207972477793901,0.0
12.069183128582122,0.7931452710151018,1.7788049768661216,1.281834835945656,Si1,Si1,combo_002,15.470699375624143,1.4108507554594918,hybrid,0.6172039,0.3827961,0.7655922,0.064849064,0.19599863375759088,284.1026,0.34854037,0.6184837057127192,0.0,0.09644486160206416,0.9999998219999998,0.6247238872328963,0.5924513171375866,0.23951748961673675,284.5492419859812,3.0611219563126557,1069.8582967684345,6.719897976233633,204.87144781062005,2.1430738982156248,88.587618524338,0.9169794687322901,0.0
8.262088642920732,1.0068759664071592,1.5617109743430813,2.3858814390208547,Si1,Si1,combo_002,19.712363940689578,1.5724492465403561,hybrid,0.28430432,0.7156957,0.56860864,0.27648726,0.8356500816115463,284.55777,2.1467526,0.6240965859463112,0.7713045279184978,0.26246509824883624,0.9999998219999998,0.6246339522016323,0.6058189112865577,0.5259017996003748,283.51476062051,3.402345757430597,815.7735648884288,10.144020149133121,167.29384637902874,2.788588594117218,73.5751982317868,1.0844559203787314,0.0
11.781351533230708,0.6918428032890559,2.3074492897548975,1.2399387884300421,Si1,Si1,combo_002,14.608154746182503,1.5963921850713694,hybrid,0.38366693,0.61633307,0.76733387,0.070447415,0.2129189893373103,284.5731,0.29484984,0.6242855008559501,0.10888711611429863,0.06640427749873223,0.9999998219999998,0.6244680524507443,0.5967915156070775,0.2398107784970182,284.42470302083757,3.0563679635519807,1044.9977278609776,7.173017206097186,203.1630386467449,2.2537993552757,86.33303730782431,0.9618446790198544,0.0
15.820170480106128,0.9255160115698022,2.138766488206638,2.012687833324939,Si1,PU,combo_001,31.841064646435964,1.9794626298441602,hybrid,0.6890751,0.3109249,0.6218498,0.22027487,0.6657547575059338,283.22516,0.8324741,0.6076636230793807,0.0,0.21251593537035518,0.9999998089999999,0.624459601650252,0.5868463817376794,0.43146255985724735,283.0914014891063,3.2387352959268276,1359.0947693475564,9.413703668962489,256.6558309673932,3.1457793376737277,103.11374066934393,1.2106037060957253,0.0
9.036509871336001,1.1819381183069957,1.1084495928933653,2.365293584577485,Si1,PU,combo_001,21.373998825642158,1.3101188260625396,hybrid,0.6951145,0.3048855,0.609771,0.26819786,0.8105963592269958,283.44562,0.9531951,0.6103821914204783,0.0,0.09732487104016752,0.9999998089999999,0.6243121213601973,0.586108114423033,0.4674029144603315,283.0772014509988,3.153889565998621,808.2513101642787,8.291402536579707,157.8831770861441,2.2981852067539412,71.40857489293705,1.0909259653096524,0.0
15.029110017763223,0.9943945078424385,1.9064591392462966,1.7271613308623752,Si1,PU,combo_001,25.957697659956985,1.89577249749254,hybrid,0.3394359,0.66056406,0.6788718,0.17207257,0.5200690273080043,282.49945,0.39954808,0.5987146259654135,0.4037604331970216,0.11476633780119999,0.9999998089999999,0.6240717945272208,0.5749048346431542,0.3567569933889216,282.89594343202157,3.1078060900234545,1302.046066026761,7.543828842356377,239.3815933534307,2.368066400792089,98.80316612406742,1.046635773780321,0.0
15.842779659189162,1.0848680068359555,1.2561258019097257,1.1846799020935617,Si1,PU,combo_001,18.76862265553809,1.3627306950530205,hybrid,0.65597975,0.34402025,0.6880405,0.17298241,0.5228188964079661,282.62445,0.41499943,0.6002560512042197,0.0,0.0682924725033732,0.9999998089999999,0.6240142019821322,0.5749564250749704,0.35107147810814265,282.29388963859856,3.271518779251031,1323.010095782813,7.565017907955476,236.86390758939336,2.3364081676219666,99.46732519665046,1.0237600690182649,0.0
15.195871687753277,0.6438163286562053,2.0372232005131923,0.5795848102024449,Si1,Si1,combo_002,8.80729640800719,1.3115975616076478,hybrid,0.6474829,0.35251713,0.70503426,0.1564352,0.4728069300772664,282.62387,0.75906384,0.600248901038317,0.0,0.0463777850737442,0.9999998219999998,0.6238295881801244,0.5749091117552412,0.33747498267884013,284.8753341769398,3.182366266250013,1294.3339161625972,9.64690299081846,223.56626870142293,2.6452325880779237,99.98728321890061,1.3106031736775634,0.0
12.257218135768404,0.9818957049748075,1.580303801702013,1.7303649130532046,Si1,PU,combo_001,21.209460193773058,1.5516935154465665,hybrid,0.6392932,0.3607068,0.7214136,0.10916338,0.3299334227047546,283.5762,0.4098191,0.6119924840466627,0.0,0.13668530343913757,0.9999998089999999,0.6236584860569803,0.5877964429339185,0.2937121586370387,284.9964026020406,3.0946808809458806,1101.3066200043081,7.91415763549487,207.26041513236893,2.3925567554521727,89.13223780471075,1.000608817679639,0.0
13.043409955442726,0.5517838954420995,2.7487011665312058,0.7625835289417067,Si1,Si1,combo_002,9.946689593254904,1.5166890370748318,hybrid,0.64917225,0.35082775,0.7016555,0.12836663,0.38797298644755623,283.3887,0.38110235,0.6096803461884536,0.0,0.1600503810666602,0.9999998219999998,0.6235874071657803,0.5863187564575778,0.31693026012565134,285.0373887059372,3.2874695489036525,1136.6388367168079,7.961893326357734,204.18425434852892,2.4882577929337355,90.5571500865721,0.9924063159249624,0.0
13.326176263700624,0.9692191378702816,1.1544014822053104,2.4613196521400313,Si1,Si1,combo_002,32.79997952572836,1.118868009339206,hybrid,0.6273074,0.37269258,0.74538517,0.099567585,0.3009312615593088,283.70374,0.3137037,0.6135651442207278,0.0,0.05754010565171341,0.9999998219999998,0.6234802144939716,0.5866966562026554,0.26967970964391663,283.86116677915317,3.2020600147826976,1122.1626790382606,8.25810642170653,217.5344856041679,2.586534283509357,87.91058063355963,0.9823107070725082,0.0
11.50144499123336,1.1164725767580903,1.5196161953651612,0.8957628032229388,Si1,PU,combo_001,10.302566606461623,1.6966098093226671,hybrid,0.32092404,0.67907596,0.6418481,0.21808493,0.6591359399487461,282.3461,0.78161055,0.5968235952464191,0.5271730422973634,0.1172661461401547,0.9999998089999999,0.6232214253356241,0.5739248939903995,0.41379487324712577,282.6083972140532,3.129077010396432,1003.8841393242791,7.270302714431836,196.87316122498245,2.206560998306348,86.9426719634013,0.9829561555327853,0.0
8.919975720399167,0.9868956114181832,1.7446019614358295,0.6106420512340525,Si1,Si1,combo_002,5.446912270862492,1.7217400194125745,hybrid,0.30704936,0.6929506,0.6140987,0.23807982,0.7195681167949906,285.95688,2.2290678,0.6413495599449212,0.6196707089742025,0.17504552769384274,0.9999998219999998,0.6231422506351818,0.6192166030150957,0.47388150860677397,287.6624393949416,3.229515658658703,831.8398959502476,8.970443952248804,175.49140100888548,2.6857991567151775,76.47423188673584,1.103803309119136,0.0
15.362078267878609,1.0778511978408627,1.4768673496912939,1.2755235195918728,Si1,PU,combo_001,19.594692140490345,1.5918432419168214,hybrid,0.33468527,0.66531473,0.66937053,0.16419141,0.4962491385547969,282.00455,0.5407575,0.5926117712052282,0.43543155988057464,0.17979480501763306,0.9999998089999999,0.6231366786459682,0.5714941676964237,0.361127198929478,281.8293950659664,3.177003609491925,1320.7340313451368,8.284613700839454,239.06588460125596,2.5768003073537846,103.48834435500585,1.0825457790397988,0.0
14.695987076255616,0.999723192328579,1.3498593847170601,0.7724623107190851,Si1,PU,combo_001,11.352096135222224,1.3494857332840309,hybrid,0.64711,0.35289,0.70578,0.12497801,0.3777312800785229,282.2195,0.36494064,0.5952626011325111,0.0,0.148713654083723,0.9999998089999999,0.6230597890996157,0.5726853604931437,0.31130718672512847,284.4580132008124,3.1969541210080803,1281.4604711917764,7.30503317067837,217.53177371715933,2.4254647056079968,99.1006245671143,0.9401487752106116,0.0
12.02123492392185,0.8637284846303064,1.5249176569758058,0.7498560790605476,Si1,Si1,combo_002,9.01419608551776,1.31711481704571,hybrid,0.38017228,0.61982775,0.76034456,0.07911795,0.23912464557007518,283.95944,0.2933248,0.6167183673838033,0.13218498229980483,0.05691057783919663,0.9999998219999998,0.6230298083107669,0.5895422083149129,0.2475268123028496,284.905260757966,3.092944311107111,1064.955191951861,7.045857532363211,200.64463187460743,2.1666441076918046,89.39008538576886,0.9902531415882223,0.0
12.655749799244418,0.7071936180499051,2.169475078390235,1.2253899629200942,Si1,Si1,combo_002,15.508228777222106,1.5342389299558918,hybrid,0.3835988,0.6164012,0.7671976,0.05879657,0.1777056855518514,283.77628,0.14287575,0.6144596676076034,0.10934130350748711,0.09673319717092489,0.9999998219999998,0.6229719020219131,0.5883892164091792,0.2288574577944445,283.9064934343497,3.113719595017896,1102.0519705568663,7.547367488366376,209.2053866850953,2.4272541406833748,90.13435166435282,0.9930188807770735,0.0
14.828601071212729,0.9898566059027818,1.797135021593654,1.0423897623516605,Si1,PU,combo_001,15.457181946629014,1.7789059728237167,hybrid,0.3462744,0.6537256,0.6925488,0.16180731,0.48904348889743393,281.84393,0.52711385,0.5906311752501899,0.3581708272298178,0.07700612161162905,0.9999998089999999,0.6227413285503267,0.5665639039226831,0.34290161078770504,282.30340461912135,3.1065975496746745,1294.8865476494545,7.7898243990688005,226.9312191567858,2.340792678397364,98.40957290973203,0.9891379717035319,0.0
12.673575374975268,0.9021301608547152,2.3082762872492015,1.1135408488113978,Si1,PU,combo_001,14.11254388052519,2.082365658313247,hybrid,0.6300709,0.36992908,0.73985815,0.072713114,0.21976679751716427,283.5083,0.60124975,0.6111551619870085,0.0,0.17123975984223616,0.9999998089999999,0.6225136820732489,0.5884058629457023,0.26434010545186193,282.5209200623949,3.1254644781593197,1118.5300552753542,7.732213187963864,205.14000303079894,2.544325442068444,89.49832701902183,0.9815773910086987,0.0
15.396321354031114,0.8938048154149419,1.6623850874832153,0.5465676887961693,Si1,PU,combo_001,8.415131778435894,1.4858477962664873,hybrid,0.66453207,0.33546793,0.67093587,0.16170521,0.4887348953786004,281.79132,0.6879436,0.5899823917756534,0.0,0.17637873928834097,0.9999998089999999,0.622505346165992,0.5692364747865518,0.3610626822259328,283.64834658799373,3.212367998238543,1372.9668173165855,9.70466828693926,225.5122114966582,2.726237584320164,101.54128664507368,1.219520936766004,0.0
11.478351461119406,0.756541467875021,2.7828799068209986,2.2172685410019684,Si1,PU,combo_001,25.450587597304036,2.10536404962626,hybrid,0.6297602,0.3702398,0.7404796,0.10673733,0.3226009713760145,284.49857,0.5898937,0.623366516375197,0.0,0.046008402553748044,0.9999998089999999,0.6223415675116584,0.5958630135332608,0.28130989084844993,285.2483735555991,3.0838129446061537,1058.1814939996104,6.6374449076986135,201.39861452987472,2.0437464905976404,84.03873940500867,0.9002102688076624,0.0
12.212823226243987,0.7999089750404921,2.9169294453041097,1.9830460695044783,Si1,PU,combo_001,24.21859109635614,2.3332780428586415,hybrid,0.3408423,0.6591577,0.6816846,0.18214186,0.5505022391044915,283.54498,0.41225526,0.6116075040614823,0.39438462257385265,0.051391800287117664,0.9999998089999999,0.6222301317819743,0.5848878228573504,0.3581681626216582,282.38770916552386,3.090736519204053,1089.9010267375952,6.754914147774268,209.9570593385097,2.0734543210192555,87.80580300531312,0.8974215036766542,0.0
15.984850258108837,0.8871023782021674,1.695651661110822,1.343838083079269,Si1,Si1,combo_002,21.48105052916614,1.504216621173866,hybrid,0.65955293,0.34044707,0.68089414,0.16150856,0.48814054209955104,283.27002,0.44048455,0.6082168201255344,0.0,0.12748409581395062,0.9999998219999998,0.6221073063164817,0.5841017612922155,0.34834573113383194,281.58054329043773,3.233193094891571,1324.0808692556325,8.063366255818368,256.4379662147946,2.5693266106977277,105.43731620770777,1.1314139899006792,0.0
14.703925438349794,1.0512167928586702,1.5312192974285146,2.2723630685884544,Si1,PU,combo_001,33.41265712938437,1.6096434390061094,hybrid,0.6566521,0.3433479,0.6866958,0.15300244,0.46243180159796676,283.511,0.30379915,0.6111882785448735,0.0,0.1300415873921959,0.9999998089999999,0.622029076762137,0.5866672309678594,0.3368730005742336,284.5187611491492,3.182387274001523,1271.8528267964214,8.973071505460638,238.95726614951369,2.6184831947271827,99.88890184333059,1.1008427619196972,0.0
15.551418948629262,1.1559335596829627,1.3110223801222123,1.7227303037596828,Si1,PU,combo_001,26.790900689266177,1.515454766678699,hybrid,0.34175888,0.65824115,0.68351775,0.14716375,0.4447850442574088,282.6207,0.24512371,0.6002097632881129,0.38827435175577807,0.16535189535811784,0.9999998089999999,0.6219931700712092,0.5775211356093592,0.33476619181858186,281.63018985816024,3.3062600104140265,1287.0465956744235,8.700837341535376,243.38702504247402,2.7093071092934053,101.09652705309358,1.079580292996502,0.0
12.741314989809238,0.6151483036618133,2.360668487620139,0.6038609964469296,Si1,Si1,combo_002,7.693983165790407,1.4521612156674266,hybrid,0.666438,0.33356202,0.66712403,0.15312688,0.46280790557867,283.79608,0.6247795,0.6147039022218576,0.0,0.21964364433984102,0.9999998219999998,0.6218645584092202,0.5931649957959099,0.3571571200222443,285.7294839052703,3.272623958807367,1117.0798058356079,8.687700436145137,200.15374060323145,2.90274621397012,89.71373425982542,1.0949004643325344,0.0
9.390690294376578,0.9886708020936911,2.8137256165709963,0.88262348267469,Si1,PU,combo_001,8.288443772342065,2.781848362206812,hybrid,0.377926,0.622074,0.755852,0.06986173,0.21114883260044626,285.1734,0.67537546,0.6316881805123358,0.14716005325317397,0.09882675678963133,0.9999998089999999,0.621504658019761,0.6052567137066832,0.25201194504779584,285.1622566926284,3.1530249561326302,867.7133593355057,7.319262131098491,178.34953284752388,2.420691241417209,77.37269841000395,1.0327344753420673,0.0
13.252206698232316,0.9528080020267389,1.3525157608805225,1.3227234198672844,Si1,Si1,combo_002,17.52900416467398,1.2886878398342452,hybrid,0.60953414,0.39046586,0.7809317,0.052121405,0.15753078751786956,283.45416,0.36553073,0.6104875622864123,0.0,0.04393626036241848,0.9999998219999998,0.6213858546724373,0.583550060880309,0.21853274678821719,282.52537215329505,3.0876142298029268,1134.0752581454653,6.679246618188674,216.63056143312832,2.0835728762946153,94.04746290255358,0.9046618869342181,0.0
10.738873170274518,0.9370538497239816,2.545695549136356,1.144779044157575,Si1,PU,combo_001,12.293636963196288,2.385453814543428,hybrid,0.6381861,0.3618139,0.7236278,0.08434504,0.25492292683208034,285.0739,0.7597254,0.6304613625732468,0.0,0.19642891806769924,0.9999998089999999,0.6213416640046913,0.6072072958708736,0.28373708356836347,284.43542080449913,3.0556157766466674,967.6859859216299,7.370082132073843,191.4417802427246,2.261602339910028,82.22984290754603,1.0295971771406747,0.0
12.587319515378397,0.614750453222584,2.422152298047148,0.6819002681690807,Si1,Si1,combo_002,8.58329655306643,1.4890192229986077,hybrid,0.6660525,0.33394748,0.66789496,0.14887753,0.44996474954069016,283.97958,0.47077522,0.6169667415677905,0.0,0.22693470986395192,0.9999998219999998,0.6213263834017163,0.5951895007897962,0.35053521825312106,285.4543284774805,3.2435127404442508,1105.0875948839384,8.550348355026872,200.32008001138013,2.8611376187235242,89.13187767200782,1.0778034025469725,0.0
8.448740892812001,1.087688458820599,2.4914911914781666,0.7037134694875475,Si1,PU,combo_001,5.945492766482054,2.709966214223985,hybrid,0.330388,0.669612,0.660776,0.19264129,0.5822355339582127,284.19168,1.5712097,0.6195821969900812,0.4640799363454184,0.10190071108244945,0.9999998089999999,0.6209893902835624,0.5958171315058379,0.40108659712678774,282.81794163097214,3.220075212500638,800.9179750369553,9.365319322222492,166.93320045220437,2.8100848101748683,73.73635550283566,1.241926497379346,0.0
12.63082268936791,0.7151316458972063,1.9060836837501238,0.7599468131127629,Si1,Si1,combo_002,9.59875344977752,1.3631007619780362,hybrid,0.6408893,0.3591107,0.7182214,0.10247652,0.3097231818856145,283.5772,0.73008984,0.6120049027558621,0.0,0.15176151132592194,0.9999998219999998,0.6206498064867617,0.5888342117828026,0.2955973407812249,285.74278053519174,3.1862355175727126,1112.9266280435093,7.3772314155123375,201.4310967024931,2.4040540270073745,90.02114409329765,0.9715582728900604,0.0
8.543408177033747,1.0331968056639889,2.2259080082346,2.290176840017983,Si1,PU,combo_001,19.565915541862942,2.2998010438098806,hybrid,0.33882198,0.661178,0.67764395,0.15603164,0.4715871930266872,284.10138,0.7563875,0.6184686527318715,0.4078532854715984,0.14813090032274273,0.9999998089999999,0.620322926975508,0.5947190793570111,0.3522550732545002,284.08243763411446,3.0670925694698146,825.9098510843115,8.582171177792583,167.2893233124882,2.5123889809976316,74.01956092516068,1.1398862216590446,0.0
13.296503725109464,0.8305167444966707,2.667689140837216,0.9285410955285549,Si1,PU,combo_001,12.346350135612653,2.215560500577245,hybrid,0.37044412,0.6295559,0.74088824,0.07344678,0.22198421669354024,282.77106,0.38001117,0.6020639142040304,0.19703920682271334,0.14637831361790382,0.9999998089999999,0.6202893751183283,0.578899520900286,0.25676056041590084,282.50089635573835,3.13691338718908,1159.3501571218499,7.554750324032494,206.87627092100882,2.379148396152668,91.7453487980963,0.9839093896817266,0.0
14.622664606450499,0.9128238566680503,1.6889817359131987,0.5907339925164174,Si1,PU,combo_001,8.638105044197012,1.5417428220181846,hybrid,0.65899277,0.34100723,0.68201447,0.14205143,0.42933366048209587,281.9969,0.45506158,0.5925173137504088,0.0,0.1771550691496374,0.9999998089999999,0.6202859100615091,0.5711744724131459,0.33551879382111893,284.4917005556781,3.1757417024823713,1306.26885166161,8.8836464814036,216.18797840247362,2.5904501298589975,98.13791279901218,1.1118594982406933,0.0
12.56614686363587,0.9591160913800104,1.2245296079954744,2.293303256075598,Si1,Si1,combo_002,28.817985518700304,1.1744660513997158,hybrid,0.6209996,0.37900043,0.75800085,0.06549723,0.19795763063229335,283.69522,0.17752923,0.6134601496793151,0.0,0.09299144929331159,0.9999998219999998,0.6200605569113342,0.5874195208019152,0.23610903182700255,283.1084769301428,3.1793736538569446,1082.2486312793858,7.736729658402658,212.90233228378702,2.487260633833446,85.98509774180718,0.9971322920137801,0.0
13.016741526907209,0.8267034138194495,2.6426102127324627,1.5972277302631355,Si1,PU,combo_001,20.790700524443903,2.1846548842600684,hybrid,0.6487824,0.35121763,0.70243526,0.12753522,0.3854601470746262,283.62045,0.5719103,0.6125381546023925,0.0,0.130747363072714,0.9999998089999999,0.6199382775607218,0.5884108558966035,0.3156453875062703,283.1496289891031,3.112096623153681,1146.0808899956055,7.248334607728428,212.19124357622206,2.3342737386750705,90.66023018993964,0.9596971842116545,0.0
14.332130825578446,0.9746189248099807,1.2852266898051046,0.5082207800569976,Si1,PU,combo_001,7.2838867080544185,1.2526062545549417,hybrid,0.63508725,0.36491275,0.7298255,0.11145744,0.33686693629417375,282.01892,0.40355492,0.59278902005471,0.0,0.05871369350144919,0.9999998089999999,0.6197621944547722,0.5677788797716973,0.28431215366858437,285.2909748272146,3.259797620573035,1247.8910266620476,7.632137132257192,206.03799245446638,2.440160829463466,94.44877960524158,0.949323489162687,0.0
12.965406866338476,1.0168564904577775,1.5884910670981314,2.007961404416764,Si1,PU,combo_001,26.03403658016776,1.6152674516129357,hybrid,0.34435183,0.6556482,0.68870366,0.12614414,0.381255763047016,283.28543,0.3296046,0.6084068640087368,0.3709878126780193,0.19700946727826238,0.9999998089999999,0.6195857315602011,0.5861636199786208,0.31904619891760266,283.42584819962485,3.092880543753676,1149.3063124963799,7.899478535364897,216.73965554170795,2.3591018584272683,92.17587253577433,1.015095015206762,0.0
9.822791474878453,0.6899855097474497,2.7793693113448334,2.4187688758105175,Si1,Si1,combo_002,23.759062293012892,1.917724551064683,hybrid,0.6508435,0.3491565,0.698313,0.1518341,0.4589006306350856,285.69003,0.85705394,0.6380589783316104,0.0,0.05784729586169975,0.9999998219999998,0.6192068620503791,0.6102141068149527,0.33637732179843527,284.9384841401139,3.1351868570380246,934.5235931286259,7.188299512590736,190.3161539534982,2.1566373025632073,78.66141891795512,0.9727524606747754,0.0
14.511890502058105,0.7254307022652333,2.7199416439780952,0.6140161676782228,Si1,PU,combo_001,8.910535391839717,1.973129176911483,hybrid,0.6273442,0.3726558,0.7453116,0.075113975,0.22702311379867904,281.9959,0.17160115,0.5925052713657306,0.0,0.10959224300429672,0.9999998089999999,0.6189868883755663,0.5686284307352125,0.24864810306398086,284.0281166106039,3.133414368125167,1270.0775597406316,7.149153535306684,211.55983047167683,2.184069976400055,95.96465115903513,0.9602607616942983,0.0
10.53221726188079,0.6277479103338204,2.9554165555388794,2.2979674983216265,Si1,Si1,combo_002,24.20269295306405,1.8552565669055088,hybrid,0.36635146,0.6336485,0.7327029,0.103176296,0.31183816440720546,284.28412,0.5106898,0.6207220839647746,0.22432343165079763,0.06655014276931025,0.9999998219999998,0.6187191114274077,0.5939044221523357,0.27896790104399716,283.63455037432584,3.1708601946290895,982.1126930303103,7.207613418476594,198.28936639077946,2.3066295069114395,81.3240399040781,0.9050637054852153,0.0
14.36010749250812,1.0188397031107548,1.6001967886524713,2.487420423942992,Si1,PU,combo_001,35.71962466688149,1.630344021069467,hybrid,0.66562325,0.33437675,0.6687535,0.17485406,0.5284757236612594,283.62482,0.31550032,0.612591969008923,0.0,0.10874491145088075,0.9999998089999999,0.6185446701726827,0.5873406992283826,0.35703856054328886,284.9294217746733,3.1695958874740526,1254.9897169203145,8.595469766654078,235.5155761641541,2.492967507054171,97.79379818122871,1.0910329299554096,0.0
15.144952872808858,0.9641643936399208,1.5444237294426177,0.8010949695766856,Si1,PU,combo_001,12.132545560883148,1.4890783686211466,hybrid,0.6614388,0.33856118,0.67712235,0.15433645,0.4664636939184648,282.08765,0.5245747,0.5936365028764364,0.0,0.14229466020643328,0.9999998089999999,0.6184999201090997,0.5712829102795651,0.3447388658013515,283.7222075310443,3.169389210998519,1339.8071684254237,8.278391715466164,227.38112040968053,2.5479921475512786,101.90047459236763,1.155450270249164,0.0
13.985009917319076,1.0470002203727935,1.6298695210333438,1.8592921743862165,Si1,PU,combo_001,26.002219497984985,1.7064737477008103,hybrid,0.34309116,0.65690887,0.6861823,0.13025154,0.3936698966301786,283.13983,0.19295903,0.6066114197181254,0.3793924649556479,0.1854914750477416,0.9999998089999999,0.6184791182839322,0.5839213463000592,0.318805986587158,282.8737003413753,3.059148846879909,1222.0508875881987,7.455493681055177,226.94815566921525,2.2142144429402784,96.31473268836038,1.0206501860425707,0.0
9.408038369005599,0.9630249055931918,2.8485862872887395,0.9596103692332372,Si1,PU,combo_001,9.028051173041925,2.743259540390299,hybrid,0.6275767,0.3724233,0.7448466,0.06890885,0.20826885160966288,286.18695,0.80664897,0.6441866705101944,0.0,0.12964967637600594,0.9999998089999999,0.6184543870410595,0.6179153083074475,0.2583725121489807,285.9084256344957,3.1496259630495183,873.9722809433881,7.191598035776394,178.28673207170112,2.3764202747322885,77.43816508991935,1.0086563346623336,0.0
12.029776203529948,1.2110135460457663,1.1545073933388446,1.557119282518032,Si1,PU,combo_001,18.73179649089305,1.3981240923433285,hybrid,0.33222625,0.6677737,0.6644525,0.15958655,0.4823314897888062,282.32623,0.7307768,0.5965786079831226,0.45182482401529955,0.18091599637693703,0.9999998089999999,0.6182657527987778,0.575517886169262,0.3603977843565689,280.94972295600434,3.1921615371868257,982.7571025386443,7.4836478787447716,195.4107217593002,2.318685671083261,82.38260257340941,0.946503619469648,0.0
13.823676358609198,0.8759386614014898,1.4773074465157188,0.9327691969412331,Si1,Si1,combo_002,12.89429949579541,1.2940307071794317,hybrid,0.6460626,0.3539374,0.7078748,0.117682815,0.3556824037651652,283.1377,0.27499992,0.6065850770016419,0.0,0.12711168575035658,0.9999998219999998,0.6182446010745059,0.5822927686620791,0.29846899357437096,283.84427937717754,3.1346657939756253,1189.2491412372137,7.695919862829908,217.69246749264198,2.3538389860680526,97.77335006590768,1.0264144209650627,0.0
11.123088769854814,0.8794447130510716,1.5064136277134563,0.5631990699323559,Si1,Si1,combo_002,6.264513249957264,1.3248075005606845,hybrid,0.6698762,0.33012378,0.66024756,0.20404266,0.6166948283022952,285.1541,0.49416196,0.6314503434149418,0.0,0.041378259189573253,0.9999998219999998,0.6181272589751429,0.6029896396549826,0.3815463295556449,287.373922324038,3.1364606580115297,998.6000689085439,7.339983458886547,191.27578639495079,2.2296799146069275,85.48376162305101,0.990719765241921,0.0
9.777795317704072,0.938877957233952,2.7540369407512033,1.500405674798522,Si1,PU,combo_001,14.670659581701607,2.585704577079332,hybrid,0.63954496,0.36045504,0.7209101,0.10646114,0.3217662105949901,285.7569,0.8548308,0.638883505357544,0.0,0.10508273099872807,0.9999998089999999,0.6181044735073999,0.6123857497007225,0.2954190990959559,285.64936873428144,3.067586622683022,905.1790966928817,6.8014839769758355,183.57476494719586,2.1805234917878105,78.32049028248387,0.9393945715469708,0.0
10.677293564215004,0.7497929526722122,2.4749771136300547,0.824739746502877,Si1,Si1,combo_002,8.805988387487481,1.855720397824828,hybrid,0.66128695,0.33871305,0.6774261,0.16348757,0.4941218609324118,289.9423,1.4935448,0.6904952844655872,0.0,0.10272437007513043,0.9999998219999998,0.6177841561099097,0.6609426745977633,0.3687462758545874,286.3875918809814,3.114039300841742,963.7021016120328,8.175533754720949,192.90940753318122,2.500775021299367,82.28893108767473,1.0832552739915755,0.0
14.569089697341926,0.9333368776339404,1.2831945915620606,0.8651819903158007,Si1,Si1,combo_002,12.604914021435714,1.197652833485293,hybrid,0.652357,0.34764302,0.69528604,0.1584348,0.47885044500608587,282.90063,0.2965439,0.6036617881210155,0.0,0.03697567145855533,0.9999998219999998,0.6177371583457727,0.5769378781514471,0.32850792222840375,283.52665557263947,3.1853305263285887,1215.5581433435232,7.235717856201247,219.2506924906873,2.3669268020841865,96.68237169201164,0.9288716928249092,0.0
12.369729311706987,0.8793813401625743,2.4506267015717684,1.2792165817881256,Si1,PU,combo_001,15.823562847766196,2.155035393066371,hybrid,0.63851804,0.36148196,0.7229639,0.09259472,0.27985660309514077,283.7623,0.6773977,0.614287310976897,0.0,0.14142057820181825,0.9999998089999999,0.617673152130324,0.5905293531110477,0.28249102650312885,282.64083324200624,3.1054060080718933,1096.0612216163381,7.798694320569529,204.42447924899693,2.5151764971385466,88.27620680466278,1.016728310225053,0.0
10.793636503962777,1.1627823003707554,1.354543573470959,1.7249721838295027,Si1,PU,combo_001,18.61872273170251,1.575039292312985,hybrid,0.6328765,0.36712348,0.73424697,0.10440292,0.3155454975926373,283.54037,0.55732095,0.6115506790587822,0.0,0.045163150570954276,0.9999998089999999,0.6174670844346775,0.5849087018603851,0.27803254310012804,283.0244219186734,3.1464144633412343,935.4736494060897,7.517136757028047,190.56217384995358,2.373439048774023,82.67976937580192,0.9966987216668596,0.0
14.712241990378578,0.7613322729592126,2.0571609359728047,2.453323239920972,Si1,Si1,combo_002,36.09388518633695,1.5661830112270765,hybrid,0.66108394,0.33891606,0.6778321,0.16857363,0.5094938895150533,284.06818,0.5421565,0.6180592116528135,0.0,0.07952714413258428,0.9999998219999998,0.6173738917149059,0.5919002909981759,0.35075197057560503,285.49203481155945,3.2689085877479593,1242.2114504260962,10.351033998869271,248.97626891063098,2.960236910084773,99.39453286367578,1.1591610196512125,0.0
13.98083727539742,1.0601757740404771,1.5347770855108036,2.0329313996083718,Si1,PU,combo_001,28.42208308997057,1.6271334846110037,hybrid,0.36460727,0.6353927,0.72921455,0.10421321,0.31497210903673695,283.2324,0.18829952,0.6077528119909035,0.23595150311787935,0.06734975260941298,0.9999998089999999,0.6172155689762594,0.5814188237673805,0.2734430654747161,283.2065536768596,3.0745271215318457,1216.4230574308817,8.090685879211884,228.24297181485116,2.324643453238637,97.00424561595571,1.0363309640460112,0.0
11.594269664924784,0.8308268771795432,2.6474725568822763,1.717822747019808,Si1,PU,combo_001,19.916900165489523,2.199591356853042,hybrid,0.6324462,0.36755377,0.73510754,0.10124153,0.30599056042510603,284.14133,0.7467189,0.6189612615301129,0.0,0.0488809747669605,0.9999998089999999,0.6170199001454816,0.5921774515901272,0.2792065785736675,284.0030314095479,3.0577451613825177,1049.0160206777189,7.17156255072345,201.00590675643184,2.2505103204474537,84.95654591847611,0.9455089501734619,0.0
12.490342036624192,1.0667108859439416,1.1154180262934155,2.1830478257090897,Si1,Si1,combo_002,27.267014025415286,1.189828551025292,hybrid,0.32790115,0.6720989,0.6558023,0.16619886,0.5023164330192182,283.28824,0.22589538,0.6084414858646865,0.4806591669718425,0.18770797815035586,0.9999998219999998,0.6169826125405956,0.5857305380170755,0.3578534993449016,280.89969822132747,3.203710618421492,1036.9763695839806,7.794844236014245,208.22182053193913,2.6254981414558793,85.28272981765744,0.9762999460593553,0.0
8.109016756753032,1.0148179869487624,1.7522869155304925,0.6433161518800296,Si1,Si1,combo_002,5.216661455485038,1.7782522801753105,hybrid,0.3153376,0.6846624,0.6306752,0.17519015,0.5294915331792528,285.706,2.2169337,0.6382557960561943,0.5644160111745199,0.2687108407019015,0.9999998219999998,0.6164361094909115,0.6191585503654053,0.42115075989893536,285.239395945647,3.358027745565945,785.5401640878467,10.829388434660212,166.9521761284457,3.019512896593108,73.31496563908105,1.239397961948959,0.0
15.453680755314906,0.91743604240608,1.6657431902455118,2.236701782903176,Si1,Si1,combo_002,34.56527529782935,1.5282128401237203,hybrid,0.30828372,0.6917163,0.61656743,0.21064313,0.6366439671183067,283.47308,0.5172432,0.6107208834895519,0.6114420890808107,0.2052003594090355,0.9999998219999998,0.616017266093211,0.5888745706279064,0.413584505980652,283.84020691525404,3.307305273666512,1283.3012296615439,8.151250648689757,259.3069899807849,2.705732744102241,103.3782053097333,1.0810801220205906,0.0
13.065333951935788,0.7953110285143875,1.772757014981345,0.9536189628305496,Si1,Si1,combo_002,12.459350212279771,1.409893204890909,hybrid,0.36357674,0.63642323,0.7271535,0.07274196,0.21985398914770451,283.53473,0.34424612,0.6114810590223616,0.24282153447469088,0.1785969752596957,0.9999998219999998,0.6159055377743843,0.5884657485332146,0.26009988203058165,284.00229910738085,3.1281696342772722,1133.030888585135,7.134000043537525,208.8358247357172,2.32809094501673,92.62398868857352,0.9445146533759159,0.0
14.842180316928047,0.9985320593759026,1.304510194146635,2.332949191255712,Si1,Si1,combo_002,34.626052566848735,1.302595250638098,hybrid,0.32758412,0.67241585,0.65516824,0.18820909,0.5688397289024852,283.64087,0.36458835,0.6127899157070705,0.48277235031127935,0.10264605869408125,0.9999998219999998,0.6157384147909823,0.5874278308453843,0.3712776394839795,284.1221042856775,3.241893955138027,1230.7606916886402,7.918998805974703,243.54376294633903,2.5023493189501065,98.4386385123027,1.108486636657221,0.0
14.596906682021322,1.0752157597587284,1.3794054629220713,2.356527086290452,Si1,PU,combo_001,34.398005972237335,1.4831584928310955,hybrid,0.67610234,0.32389766,0.6477953,0.1963169,0.5933446304142243,283.59604,0.38319448,0.6122370949854381,0.0,0.1074083809289076,0.9999998089999999,0.6156344723920373,0.587095455033162,0.3809577829190504,284.80016143105496,3.220419639016201,1242.317302248957,8.845248232550308,234.90950797051576,2.6360754790654655,98.57621758720228,1.1225243608622864,0.0
14.537125513742064,0.8282160843858537,2.683028998473499,1.9855943574798955,Si1,PU,combo_001,28.86483439406327,2.2221277714094203,hybrid,0.6538682,0.3461318,0.6922636,0.13110818,0.3962589836428321,283.3587,0.35462445,0.6093104191841209,0.0,0.13057190203695573,0.9999998089999999,0.61548359534269,0.5850466096705943,0.3148548933649693,283.79199689442447,3.1012653707812814,1252.1809404170992,7.12956272584352,234.6823071497848,2.2496450040144516,96.91455946155028,0.9640048076458277,0.0
13.201577709506319,0.9429267166284717,1.1587149741297391,0.6934101451724831,Si1,Si1,combo_002,9.154107916054594,1.0925833060643995,hybrid,0.6395658,0.36043417,0.72086835,0.1249875,0.37775994612854297,282.89777,0.22744781,0.6036264136160233,0.0,0.01880919680649465,0.9999998219999998,0.6154788345508742,0.5762364907071728,0.2889563753887236,284.0975169088679,3.1725768433338715,1097.5603393917186,7.820654999978715,196.78014094491093,2.3744231237692506,87.0722953527832,1.0069642300637616,0.0
14.744385848574652,0.6553103476468316,2.549872818996498,2.023829729397103,Si1,Si1,combo_002,29.84012642204731,1.6709580434718014,hybrid,0.6633862,0.33661377,0.67322755,0.16741353,0.5059876240127552,283.8955,0.61772496,0.6159299675119041,0.0,0.08938138198295871,0.9999998219999998,0.6153646695207055,0.5903724633006819,0.35258316072139173,284.65438516009743,3.1981357658959553,1242.80017262339,8.177462698452015,244.1616032742412,2.5253251040799145,98.45987553943415,1.0108063786675943,0.0
8.490055141638758,1.0106387508313426,2.460205395144957,2.3929879363468025,Si1,PU,combo_001,20.31659953286069,2.486378907337829,hybrid,0.33837432,0.6616257,0.67674863,0.18300733,0.5531180330576979,284.43817,0.95304143,0.6226217701477563,0.4108378887176515,0.017120376672851073,0.9999998089999999,0.6153159947021183,0.5949621165976889,0.36525161287274255,283.6751863803588,3.0808907579228184,827.756395557291,8.022800424540904,168.0224197079258,2.3924468298073545,73.52436235185844,1.1416790070908767,0.0
11.234571559485735,0.803800028975809,1.7762400381814585,1.9720779906957764,Si1,Si1,combo_002,22.155451307358543,1.4277417941582484,hybrid,0.64058596,0.35941404,0.7188281,0.10892957,0.3292267471495858,284.60907,0.39725798,0.6247291874664366,0.0,0.0800523457454651,0.9999998219999998,0.6147933883936089,0.5977927069198848,0.28470720911216507,285.1353064138043,3.0435381218702386,1016.9471278703935,6.619307202334996,202.15364950536878,2.0326862246638546,85.2941574465626,0.9278162365515696,0.0
15.541902954001541,0.901850564593126,2.302450039895429,1.4734851487058158,Si1,PU,combo_001,22.900763185348318,2.076465868427158,hybrid,0.32640836,0.6735916,0.6528167,0.17364927,0.5248343921982226,281.7995,0.4564938,0.590083246747333,0.49061075846354174,0.15718838263295917,0.9999998089999999,0.6146926293009148,0.5683386972856208,0.36597899657032085,281.51370412028126,3.1018841719407386,1329.4266226476554,7.084132551490202,243.1052289554572,2.274324589780865,101.61556353268746,1.0154258056402734,0.0
10.066346787082118,0.7119066291440722,2.845975706470628,1.5205896777173242,Si1,Si1,combo_002,15.30678301676002,2.026068971819424,hybrid,0.3409723,0.6590277,0.6819446,0.1607979,0.4859926375315113,286.60806,0.91905195,0.6493795725781353,0.39351797103881847,0.06402120634278967,0.9999998219999998,0.6143186463311399,0.6209253968146036,0.34808208053252726,285.9147100748225,3.106455460489304,936.193048194575,7.015323025988618,191.40383534010036,2.1541591623027165,80.2279551077932,0.9593829236561723,0.0
14.492777314190633,1.0491234304292139,1.426377081353453,1.2944032981495739,Si1,PU,combo_001,18.75949875483568,1.4964456166751445,hybrid,0.6487919,0.3512081,0.7024162,0.12053366,0.36429874734991036,282.93927,0.3531087,0.6041382149648457,0.0,0.11113745280176074,0.9999998089999999,0.6142524493576382,0.5797024314702307,0.3007219467921314,283.71725966236545,3.118157342913727,1258.690490511448,7.586087242126318,225.9650923823192,2.4318130632324233,99.69680760196574,0.9973154637679928,0.0
11.729600689542067,0.6711562996046906,2.279340545315385,1.9335585185198065,Si1,Si1,combo_002,22.679869332099862,1.5297937659328116,hybrid,0.35424763,0.6457524,0.70849526,0.13607152,0.4112600874996836,283.697,0.25258437,0.6134819765015442,0.30501580238342296,0.02667701096600636,0.9999998219999998,0.6141450237694178,0.5855846980595462,0.30238723950981805,284.4234166206084,3.024444429986629,1050.727072163159,6.632525875200485,207.3506917513219,2.03054025092966,86.27086255074626,0.9400718090169092,0.0
15.3808517724596,1.0573182455370125,1.6413462385486122,1.4962717602842346,Si1,PU,combo_001,23.013934156249015,1.7354253252609935,hybrid,0.3262475,0.6737525,0.652495,0.18242383,0.5513544742412234,282.21826,0.44635817,0.5952471718271422,0.49168324470520025,0.12146571502383528,0.9999998089999999,0.6139245811705054,0.5719996611220557,0.3696906743756514,281.8744508863762,3.164822158241486,1327.348143520348,8.688202832695778,243.18801539321942,2.5800300659656825,102.16794349504282,1.0883097963990522,0.0
13.670797897952152,0.7937081783572888,2.882335836062123,1.1436552352348555,Si1,PU,combo_001,15.634679585830636,2.2877335258548004,hybrid,0.36975262,0.63024735,0.73950523,0.08468827,0.2559602865542129,282.6285,0.408652,0.6003061023655383,0.20164903004964205,0.06268299595463141,0.9999998089999999,0.6138917308695929,0.5748228106588382,0.256696809316048,282.6736596068494,3.122890009930986,1187.1282323214732,6.718195207673702,214.54375584809188,2.1323163869146016,93.55263936211887,0.9014296233515035,0.0
8.334448957338964,0.8990271804020302,2.5686696559281783,1.035862171137298,Si1,Si1,combo_002,8.633340392182127,2.309303838153363,hybrid,0.31236434,0.68763566,0.6247287,0.19494921,0.5892109544754301,290.00092,2.4979124,0.6912182038707988,0.5842377344767253,0.20446694790140266,0.9999998219999998,0.6136647350347626,0.6664602783365343,0.43829165169911405,286.07035231950573,3.33888002636162,817.4492465026387,9.409830345622685,172.89571133666058,2.755498126754813,74.10880212761774,1.1588564261055192,0.0
12.964131709536662,0.7068825438190804,2.1638888628651047,1.4675970793628281,Si1,Si1,combo_002,19.026121833391034,1.5296152639238625,hybrid,0.6502364,0.34976357,0.69952714,0.10237778,0.30942474421011096,283.581,0.34327468,0.61205156699649,0.0,0.18210716756846487,0.9999998219999998,0.6133510210239232,0.5890941804242056,0.29195586097991827,283.93915441385434,3.116990281631657,1123.4405363188102,7.756746322094076,214.45574573437892,2.4759103385240944,91.52913447059649,0.9889197437974715,0.0
14.525507489599288,0.9008417946070396,2.147296048896094,0.8298979184709914,Si1,PU,combo_001,12.054688430353245,1.934374026240163,hybrid,0.35609317,0.64390683,0.71218634,0.12410994,0.37510762716894813,281.88467,0.29831654,0.5911335684859825,0.29271221160888683,0.04403781999455742,0.9999998089999999,0.6131318191525194,0.5656269575883865,0.2932943248751835,282.64561557920877,3.087430528890766,1262.845422540949,7.223563954192384,218.2626798795021,2.2355948575009217,97.1600235843133,1.0441843576723475,0.0
12.206787384987061,1.085125484563061,1.5134477194926008,1.418061354047642,Si1,PU,combo_001,17.309973447726428,1.642280689975268,hybrid,0.3401502,0.65984976,0.6803004,0.12460083,0.37659128103510875,283.13992,0.70457083,0.606612548691689,0.39899841944376635,0.18791063114021087,0.9999998089999999,0.6127260518261521,0.584911978791561,0.32388990132832707,282.2570147489352,3.0975669248240574,1069.0715463889333,7.605514931469816,207.4003926520241,2.3467360242201325,89.83891994993002,0.9999731689346865,0.0
13.20015308877182,0.9046102602620837,1.6055305586342503,1.388997117461689,Si1,Si1,combo_002,18.33497459035707,1.4523794165048578,hybrid,0.3489403,0.6510597,0.6978806,0.11029044,0.33333981866122475,283.4571,0.39338884,0.6105236894404469,0.3403979142506918,0.1534643245993087,0.9999998219999998,0.6123066577714946,0.586919072997557,0.29707767142226893,281.9601209514696,3.0819298688246137,1134.0791710248284,7.09001855194969,219.08063240134618,2.2286796319432494,94.31541010376331,0.9467012693082301,0.0
8.02794527023436,1.0434644135149325,2.8473366246275877,0.9110180808584111,Si1,PU,combo_001,7.313603293325265,2.9710944410966134,hybrid,0.3150837,0.68491626,0.6301674,0.19530044,0.5902725215846575,285.0744,1.5589399,0.630467383765586,0.5661083857218425,0.1662749674764985,0.9999998089999999,0.612190546313617,0.607740738609897,0.4132991030075045,282.72996234525704,3.3378268603727665,787.2868531275957,8.4464540901615,163.50295777019036,2.7323807161645957,72.31604513680438,1.191948232697878,0.0
11.272701789583131,0.5554726923713502,2.8780964015669417,2.0712103987294475,Si1,Si1,combo_002,23.348137168360633,1.5987039570826838,hybrid,0.6369568,0.3630432,0.7260864,0.09995093,0.3020898834019112,284.57562,0.7086923,0.6243167357912092,0.0,0.05495749497891974,0.9999998219999998,0.6118419496982465,0.5972186244928679,0.2779576299526987,284.85549979708486,3.1243399275825117,1036.8975000432538,6.733748246196896,202.56030529154998,2.1274436197546542,84.17283813772201,0.9043840356985929,0.0
15.990794977559112,0.588304798571856,2.603409697093965,0.9779044056550463,Si1,Si1,combo_002,15.637468858481643,1.5315984174488817,hybrid,0.6300723,0.3699277,0.7398554,0.076490514,0.23118354171502514,282.59982,0.52983683,0.599952357315617,0.0,0.07389956227246289,0.9999998219999998,0.6118136810425506,0.5750510756022875,0.25224158881816544,281.8917718706222,3.1902467716326424,1341.5411440505643,7.208121798810519,242.2218541136469,2.193248336107258,102.53347529378257,0.9607903864736138,0.0
14.862054055166812,0.7203663499279656,2.3728563758350356,2.036006915824931,Si1,Si1,combo_002,30.25924483968359,1.7093258863635854,hybrid,0.30855358,0.6914464,0.61710715,0.22534162,0.6810684181375526,283.39056,0.46653014,0.6097033019842463,0.6096428235371908,0.11554159551277399,0.9999998219999998,0.611570561373052,0.5851577340231959,0.41462376438529935,283.98076419184315,3.1818512439248496,1244.687344285084,9.138426784086237,247.0965237269738,2.6188949811405036,99.51553321882245,1.0743426394124338,0.0
15.429687461810705,0.9686152651844422,1.534890410427625,1.4840461615242888,Si1,Si1,combo_002,22.89836845121962,1.4867182819254114,hybrid,0.31703365,0.68296635,0.6340673,0.21097866,0.6376580652303286,282.80792,0.37300998,0.6025185142256314,0.5531090100606283,0.08713904871016238,0.9999998219999998,0.6115289884986881,0.577528026213274,0.393214114388336,281.64381289776225,3.160676534274729,1278.5029945619078,7.304470490224506,249.94918668550207,2.326768202587343,104.70078140704047,1.0337740735625736,0.0
11.542170493502839,0.756295536858314,2.0445959338584045,0.7733668196697154,Si1,Si1,combo_002,8.92633168664592,1.5463187794557678,hybrid,0.37295508,0.6270449,0.74591017,0.06675766,0.2017671302505147,285.46655,0.77674884,0.6353031538629148,0.18029944101969414,0.07473620252546943,0.9999998219999998,0.6111104850923241,0.6080414756772408,0.24723463468844403,285.5598445289932,3.0892599080883776,1027.5748786573984,6.998704158403556,197.03612771135022,2.2017995286955387,85.65175211793765,0.9803155824969622,0.0
13.455395556800706,0.9939217746738462,1.6665946698464553,1.4325653153255211,Si1,PU,combo_001,19.27573297865782,1.6564647319157617,hybrid,0.6264907,0.3735093,0.7470186,0.0703463,0.2126133907789266,283.18896,0.42446065,0.607217302197246,0.0,0.05158583627602227,0.9999998089999999,0.6104452464093988,0.580876535313596,0.24019140384226512,283.67364417676214,3.066852127776061,1194.081427540584,7.3525672587926,216.1893623050871,2.272316200787625,93.66907074232518,0.991281679139168,0.0
8.906159653711581,0.8296794568889193,2.6610297777672285,1.5393315604330704,Si1,Si1,combo_002,13.709532637213902,2.2078017407831556,hybrid,0.34646195,0.65353805,0.6929239,0.09997951,0.302176264366465,289.5135,1.8859427,0.6852075486183057,0.3569203217824301,0.19855598798879173,0.9999998219999998,0.610432044083631,0.6596562448374895,0.3241456776980688,286.847103861198,3.190134873321852,857.5317054759053,8.20827294865311,179.93448684723836,2.489939041106127,75.94991150703615,0.9932570614881006,0.0
12.226963027848562,1.0514518187188862,1.6473671716100198,1.249720352293739,Si1,PU,combo_001,15.280284542645427,1.7321272086871426,hybrid,0.33454186,0.66545814,0.6690837,0.12600261,0.3808280016281776,283.14493,0.63879055,0.6066742659131646,0.4363876183827719,0.2164914728693923,0.9999998089999999,0.6103316553577602,0.5857082785183361,0.32828431715860307,282.3973795253298,3.094594565350969,1079.6532355266363,7.411173517362031,205.48424519501404,2.3104631600306655,88.98883936647235,0.9809325398282774,0.0
13.504554719881488,0.8029657410757538,2.762781076523831,1.8809455188337387,Si1,PU,combo_001,25.401331684206102,2.218418554541027,hybrid,0.6642231,0.33577693,0.67155385,0.15226158,0.46019265206945464,283.66608,0.5326356,0.6131007597615759,0.0,0.11069555350452509,0.9999998089999999,0.6102171045358029,0.5882565019246151,0.3379727011196658,283.6754848937575,3.117407948065982,1181.5770320712825,6.984015670299607,220.25270200984386,2.2276385045642444,92.5145981824416,0.9148547107154974,0.0
13.023512843110677,0.8317196581969105,2.8734099128912507,1.6780241505008227,Si1,PU,combo_001,21.853769075097347,2.3898715106095256,hybrid,0.3372019,0.6627981,0.6744038,0.13756086,0.4157614455003219,283.0792,0.31461498,0.6058636628945151,0.4186540444691977,0.1464152122000392,0.9999998089999999,0.6098024023756485,0.5822791797358527,0.3232205945855915,281.6107404150158,3.1287555236272553,1136.0542692695674,6.873595322935089,215.243716864715,2.2196934841323515,91.22687003340187,0.8988578988582546,0.0
13.791957925113458,0.8291817711712186,2.398876794078685,0.7232692138856018,Si1,PU,combo_001,9.975298566440108,1.9891049089356987,hybrid,0.64365286,0.35634714,0.7126943,0.09383099,0.2835930752190847,282.4469,0.18058066,0.5980665951399193,0.0,0.12294702504548452,0.9999998089999999,0.6097678151576891,0.5741615870580549,0.2706385817430891,283.78474367260213,3.1240046007298705,1208.9022225794545,7.921687530048125,207.12371571849607,2.476229982655591,93.660021566999,1.0154201661757167,0.0
14.243745500205442,0.5452916896104925,2.8933490928827483,1.2417347211170195,Si1,Si1,combo_002,17.686953346359406,1.5777192154910196,hybrid,0.65053934,0.34946066,0.6989213,0.12139162,0.36689182013699717,283.0959,0.5504579,0.6060695124076076,0.0,0.08899415791028169,0.9999998219999998,0.6097387145922587,0.5811686575944526,0.3024348923928505,284.491492162526,3.2085898281422796,1215.5780777363154,7.585569974793762,225.89353783956884,2.420585171886745,95.30114319599771,0.9251363320282182,0.0
8.117598981881622,1.100122580188849,1.6243764152645936,1.9736126750600613,Si1,PU,combo_001,16.02099624169622,1.787013173158798,hybrid,0.29098162,0.70901835,0.58196324,0.24251059,0.7329595982987904,282.1712,0.6264412,0.5946668794154627,0.7267889976501465,0.20379617578606646,0.9999998089999999,0.6096960750351903,0.5742584888737177,0.44936783796476865,283.6536503872788,3.143632717499106,786.0112709950107,7.44200830842317,157.60114489027248,2.2508537912137485,72.27840805269261,1.0296444192144827,0.0
15.00089597514841,0.8842875618277275,2.3023367598886235,1.0719892390412964,Si1,PU,combo_001,16.08079906133699,2.035927759908261,hybrid,0.34637994,0.65362006,0.6927599,0.11673091,0.3528053952163321,281.76797,0.35170263,0.5896945035169409,0.35746709505716967,0.1332774577339835,0.9999998089999999,0.6096057968403032,0.567075896822942,0.29999087121474444,282.0226292026049,3.0737401321356317,1291.4848179604928,6.6613471813436735,227.7243197607693,2.114156916795461,99.1231464757524,0.9623496444819488,0.0
14.115284162471859,0.6283739677201526,2.6892890762986195,1.6065031511228227,Si1,Si1,combo_002,22.676248486005115,1.6898792472202278,hybrid,0.35810584,0.64189416,0.7162117,0.07626429,0.23049981251097215,283.22168,0.33367777,0.6076207220839648,0.2792944113413494,0.16702552730767606,0.9999998219999998,0.6095166747347551,0.5845481522726553,0.261869203230395,283.7947790578414,3.147247345689101,1195.6496864871579,7.370036624069272,228.77650776959018,2.3575131744613613,95.27170975706154,0.9538980532078897,0.0
14.795144470526761,0.7234697664629485,1.8348828267445145,0.6867190730423622,Si1,Si1,combo_002,10.160107896327968,1.3274822501517287,hybrid,0.6604909,0.33950913,0.67901826,0.14439447,0.4364152332065362,282.79758,0.6208226,0.602390940212947,0.0,0.09565516562321057,0.9999998219999998,0.6091741648051462,0.5781103239660494,0.3292386679825916,285.0019487036161,3.1596129028650477,1260.7468982846462,7.404017939398956,221.51034790872805,2.2678630149816765,99.06046254588867,0.9722553542647314,0.0
8.13436192817321,1.1647533434342483,1.2249940479567594,2.3874559014138237,Si1,PU,combo_001,19.42043038965306,1.4268159130446894,hybrid,0.3018186,0.6981814,0.6036372,0.23369901,0.7063276443496626,281.6066,0.73301136,0.5877044994488727,0.6545426050821941,0.129264311076759,0.9999998089999999,0.6090944705313432,0.5658081610434746,0.43109541397966655,281.7852911407185,3.261251985411866,772.642118164881,7.844264354814874,151.81665201440234,2.4211466624769544,69.64805993787402,0.9722799869317645,0.0
15.464640292332648,1.0744363766282456,1.434233018077458,1.1529459375114954,Si1,PU,combo_001,17.82989420012151,1.5409921271837372,hybrid,0.32551628,0.6744837,0.65103257,0.16176935,0.4889287346233551,281.83002,0.6639161,0.590459571268526,0.4965581099192302,0.16379030151091895,0.9999998089999999,0.6090869367958525,0.5692547596661659,0.3587398105557454,281.7300735223697,3.1864265443901,1327.196294622723,7.973700520913366,237.89727244337263,2.5150367884673313,103.87147360614571,1.0398213719696112,0.0
15.525196825643722,0.817904721165606,2.6191061985383444,1.2778271529631082,Si1,PU,combo_001,19.838518058904203,2.1421793250186147,hybrid,0.3553446,0.6446554,0.7106892,0.11010975,0.3327937000083679,281.72845,0.23092744,0.589207163261996,0.29770270983378105,0.0630719226598317,0.9999998089999999,0.6083207867520866,0.5643048988273022,0.27993036036072966,281.261148629163,3.0787056569887086,1329.0161096180545,7.127940028138905,237.132556164512,2.2035277460374827,100.8104693374161,0.9674884589432425,0.0
14.448794082335318,1.0946554643388071,1.265192524224397,1.7125287647355958,Si1,PU,combo_001,24.74397548174069,1.3849499100828448,hybrid,0.6378575,0.3621425,0.724285,0.10687746,0.32302449931692384,283.31573,0.4162597,0.6087805542582813,0.0,0.010694236127853316,0.9999998089999999,0.6082667642021364,0.581073279735567,0.27253005799474744,284.079418592781,3.1473016100313913,1212.4783077137245,7.288508809674286,223.8311333404429,2.384968222122281,93.94527072923213,0.9638381315375333,0.0
9.432481532551359,1.2273992687113466,1.1212056623448305,1.7199129557134756,Si1,PU,combo_001,16.223047192363182,1.376167010037066,hybrid,0.2991381,0.70086193,0.5982762,0.23724264,0.7170378481033524,281.26367,0.7845413,0.583475740804228,0.6724128723144531,0.13454666586575054,0.9999998089999999,0.6081846991601934,0.5621685366255215,0.4367139055787256,282.1652806453278,3.154041854558902,817.2167884231255,7.695595835085082,163.40026240667746,2.3938349216450177,72.9030361200623,1.0155495993240748,0.0
11.22587022306326,0.9224015039066649,2.328960452688211,1.9655895618007708,Si1,PU,combo_001,22.065453332583235,2.1482366240987525,hybrid,0.3467576,0.6532424,0.6935152,0.12311953,0.3721142430140633,283.92023,0.5232405,0.6162347903740704,0.35494939486185717,0.09529693628468792,0.9999998089999999,0.6081090265467843,0.5906610116408684,0.30463899950976003,283.50931842910205,3.0431189096534914,1016.4761657659357,7.018065261068582,199.66010724289492,2.1559754530876423,83.78656808686513,0.9433980107387213,0.0
8.552640965167942,1.0045493422880218,2.517035907998138,2.3131356350195844,Si1,PU,combo_001,19.78341859005826,2.528486765894863,hybrid,0.33587378,0.6641262,0.67174757,0.17056476,0.515511823428301,284.4615,0.95622486,0.6229092820819476,0.42750811576843273,0.026572934752241067,0.9999998089999999,0.6079046217317092,0.5955159103278496,0.35357389331146366,283.8548857341581,3.0671876596802163,831.6581038063849,7.315734765637367,169.117749667168,2.2183312126320587,73.86886514157484,1.0583303539109596,0.0
11.584493358606634,0.8084283425495116,2.5486594804983023,2.4760790696688924,Si1,PU,combo_001,28.684121537964177,2.0604085595423416,hybrid,0.33261853,0.66738147,0.66523707,0.17448272,0.5273534016400494,283.91287,0.44959745,0.6161440961644629,0.44920976956685393,0.04265090597963351,0.9999998089999999,0.607857064128689,0.5888661933547968,0.3495358156021521,284.4450601122925,3.067762016628183,1063.0839127791187,7.274954980587691,203.80130762472334,2.1924989954213627,85.10015042191846,1.0084925494486048,0.0
8.83991959052779,1.0532111858141984,2.15328087859689,1.32679561181369,Si1,PU,combo_001,11.728766521498144,2.2678595075380694,hybrid,0.6650718,0.3349282,0.6698564,0.15186383,0.4589904794485814,285.34152,1.4241943,0.6337613522995874,0.0,0.10058522897237554,0.9999998089999999,0.6077377711637486,0.6085589778754416,0.3546791984604413,285.49724977452723,3.0906090808877082,834.1116641864926,7.241364936556133,170.5241252551108,2.233220410683637,75.47903366540604,0.9649034050848461,0.0
8.05542421767856,1.0964047697821264,1.5874442272540779,1.2706414056183275,Si1,PU,combo_001,10.235555550803001,1.740481422524473,hybrid,0.70678216,0.29321784,0.5864357,0.22089452,0.6676275760825792,284.6469,2.4444191,0.6251958298727157,0.0,0.242218384265007,0.9999998089999999,0.6074562122544656,0.6067563551240389,0.4702815598392065,284.7487666327776,3.1994609844174806,780.1226582406397,7.937519845583844,156.34516897506924,2.3193227615681753,72.00778365730328,0.9892672040636178,0.0
11.606256043564041,1.0801288414654082,1.631827937545657,1.717219085210799,Si1,PU,combo_001,19.93048438585135,1.762584419652077,hybrid,0.35046905,0.64953095,0.7009381,0.116685845,0.35266918081211257,283.51,0.6384482,0.6111762361601953,0.330206314722697,0.07826113511309607,0.9999998089999999,0.6074368471403253,0.5857025673464583,0.2976870197675364,282.4522540168622,3.088720592650247,1024.8199436653742,7.502269645847751,203.29175347452409,2.282385405606986,86.54138121419912,0.9913386376630813,0.0
14.670862634964358,0.7768795317596098,2.095616547170383,2.2940742515793167,Si1,Si1,combo_002,33.656048219328824,1.6280416019134172,hybrid,0.300877,0.699123,0.601754,0.23106498,0.6983665891039466,283.4999,0.4771534,0.6110516727436804,0.6608201662699382,0.13436478352942985,0.9999998219999998,0.6074301164225687,0.5869819719970807,0.42372375016426805,284.5365266189321,3.2080072499952372,1232.5085528027064,9.907783836167809,247.1521310541018,2.7607385263619633,99.43450102777055,1.101258615295803,0.0
10.686175520995235,1.0003913100990616,1.9295495648313847,2.2316754668726455,Si1,PU,combo_001,23.848075744900076,1.9303046170627431,hybrid,0.6300958,0.36990422,0.73980844,0.070641324,0.21350505580849835,284.6967,0.51975435,0.6258096151667814,0.0,0.059404553656915125,0.9999998089999999,0.607285868124512,0.598386830342544,0.2436690259244844,284.5304866624281,3.078069974139379,973.6347284158412,6.829548412077039,193.03062299593657,2.110711432684732,82.20909525828002,0.9302771625003542,0.0
15.174881727103742,0.9831009306640011,1.7143563623259221,0.8753026301457036,Si1,PU,combo_001,13.282613887883883,1.6853853352923656,hybrid,0.31854838,0.6814516,0.63709676,0.19201584,0.5803451959888607,281.56265,0.6469019,0.587162592138355,0.5430107911427816,0.10209104203232247,0.9999998089999999,0.6066409694685183,0.5643400646155037,0.38112489100216873,282.0850622301099,3.1397781917329315,1329.3192204714123,8.582964350209885,229.67775386719669,2.539785953375495,100.4199002255342,1.0854731461093587,0.0
13.159334630799098,0.7554486467241709,2.9656701337029387,2.0970218174820507,Si1,PU,combo_001,27.595411824332814,2.240411489136176,hybrid,0.6694867,0.3305133,0.6610266,0.15063325,0.45527118893984975,283.73828,0.610007,0.6139911435787182,0.0,0.13669865806938225,0.9999998089999999,0.6065305777905476,0.5899944295277827,0.3417686038442933,283.7407487070582,3.1801044215224183,1163.7463888048806,7.674963733896695,219.06852977752044,2.347635384410798,91.04242659257832,0.9248285673566509,0.0
14.23330985946065,0.9045081575733386,1.4428771946855965,1.962050670543056,Si1,Si1,combo_002,27.92647515380186,1.3050941929696562,hybrid,0.6788233,0.3211767,0.6423534,0.17768748,0.5370394189938861,283.82452,0.4999066,0.6150546366756094,0.0,0.12546115433476845,0.9999998219999998,0.6062524880252779,0.590438373063935,0.36639949937527305,284.74459812750814,3.1221084633096807,1217.2064035041592,7.1834143180695955,234.48912597123956,2.258869209318914,99.12547223273963,0.9981737253019394,0.0
11.60630274870336,1.0591235527883054,1.1908016146590514,2.1357749261898853,Si1,Si1,combo_002,24.78845039644938,1.2612060367837452,hybrid,0.34291816,0.65708184,0.6858363,0.1338768,0.4046268130657379,283.53708,0.2559423,0.6115100360104935,0.38054561614990245,0.07692195420776968,0.9999998219999998,0.6060741690566156,0.5852838799294044,0.3076725545618766,281.3866666622184,3.1556028392388087,991.6904499802853,7.114973059361556,203.62521671884164,2.3095289816800735,82.51321663216926,0.9570139847257401,0.0
10.453103181276362,1.0928132332725498,1.8378316726685062,1.2297391845477939,Si1,PU,combo_001,12.854590582136742,2.0084067724195687,hybrid,0.3175928,0.6824072,0.6351856,0.1667564,0.5040015373830062,283.0766,0.94673383,0.6058316753102138,0.5493813355763754,0.19552027240053346,0.9999998089999999,0.6059644803342397,0.5848559203974001,0.374688922493985,283.73189185988616,3.093577511789786,931.5203187153094,7.852456993807199,188.8864375352388,2.3366328321882786,81.67937805312225,0.9659120807076594,0.0
11.339582414679223,0.7520493198484535,2.072257923720385,0.8232092417127197,Si1,Si1,combo_002,9.334849040926974,1.5584401620844839,hybrid,0.63347447,0.36652553,0.73305106,0.07060841,0.21340556907716396,286.54904,0.8316844,0.6486517609541482,0.0,0.07605558874758,0.9999998219999998,0.6053732926307253,0.6204602429725271,0.2526547800324505,286.14724025460964,3.0870218079224347,1015.2388089994352,7.032854081078539,196.17823045009695,2.2073499693187024,84.86399592895195,0.9693657479950494,0.0
8.835128852091115,1.1868144921375714,1.320534561061152,0.7697666229287664,Si1,PU,combo_001,6.800987299614686,1.567229554435902,hybrid,0.28055203,0.719448,0.56110406,0.26947343,0.814451616436451,280.8919,1.0764525,0.5788913554870562,0.7963198026021322,0.17131639609349633,0.9999998089999999,0.6053674988843586,0.5595772191599826,0.4824284770894515,283.09269826142815,3.179608852479691,799.5438554625441,7.478301451465122,161.34385681627458,2.2985358341238835,74.46743150717029,1.0158162711188097,0.0
11.28524343785047,0.9607784577400011,2.2114187631490436,0.8617224856577095,Si1,PU,combo_001,9.724748026516862,2.124683508675639,hybrid,0.68066615,0.31933385,0.6386677,0.17493714,0.5287268499690551,284.64145,0.7642172,0.6251284677834222,0.0,0.14433665367865323,0.9999998089999999,0.6052192232875,0.6007463158997306,0.37184854729156225,284.07309063159863,3.093987828579202,1009.7748324850819,7.632512005857031,193.38980090418897,2.4238760919488396,84.21787886918688,0.972382095199489,0.0
8.029128540940611,1.1099647329360498,2.248695632565777,0.6365638985347783,Si1,PU,combo_001,5.111053365858012,2.4959728472553344,hybrid,0.3122387,0.6877613,0.6244774,0.18095818,0.5469247250693863,283.3601,1.644163,0.6093277301120957,0.5850753784179689,0.18774562397790967,0.9999998089999999,0.6050403119146917,0.589089131815309,0.4031301128708132,282.3342316682447,3.2913019332033886,774.8453722814324,9.962044583925044,160.86558003174795,2.9068434061273978,72.3311554473006,1.1642812395862192,0.0
14.672746571198177,0.5905466049246522,2.8108412012973587,1.6187604618528535,Si1,Si1,combo_002,23.751662016242634,1.659932728408486,hybrid,0.6644584,0.3355416,0.6710832,0.13211906,0.39931424863468085,283.57187,0.6046879,0.6119390459646533,0.0,0.14334609366834772,0.9999998219999998,0.6049682669278194,0.5882963891056577,0.3230695626671979,284.12238412768045,3.1880806376452155,1239.1465650399623,7.37009278230861,237.02728097493127,2.3904533061712065,97.27592412515223,0.9588202299313118,0.0
8.41439861867823,1.1430140002573577,1.547970551522481,1.0830771623077775,Si1,PU,combo_001,9.113442978444501,1.7693520123762994,hybrid,0.2810361,0.71896386,0.5620722,0.26387942,0.7975443666235122,281.47284,1.0182195,0.5860550690724843,0.7930924097696941,0.18132245058486662,0.9999998089999999,0.6046832324494993,0.5663636397228807,0.4767941095068661,283.435379819046,3.1186950027304574,790.7123739814217,7.277222413370526,161.55865367021244,2.143310358408813,73.65206455253356,0.9358389440867355,0.0
15.670754591716173,1.1806589941992855,1.1672918792578302,1.5065641682614772,Si1,PU,combo_001,23.608997357498602,1.3781736561015436,hybrid,0.33830792,0.6616921,0.67661583,0.12062186,0.3645653213484474,282.29047,0.37483308,0.5961375556442845,0.41128055254618334,0.15566904981999707,0.9999998089999999,0.6046190080130198,0.5737167118335632,0.30794927590087384,281.2269880930188,3.3472035857918536,1260.3657386434472,7.711398454896508,235.58178454493586,2.446972715795948,95.80565963358683,0.9722234378196384,0.0
14.01134234213625,0.6074426851507824,2.758410762744023,2.248482547791183,Si1,Si1,combo_002,31.504258727421,1.675576440470047,hybrid,0.34343073,0.65656924,0.68686146,0.14304732,0.4323436182527031,283.5363,0.3426537,0.6115002515729424,0.37712828318278,0.028030975274341362,0.9999998219999998,0.6046080541529573,0.5839635713939939,0.31185305221392573,284.34522371624655,3.217685025714844,1194.1745514248157,7.473551994940181,235.90353016194464,2.3067410713178895,94.73883108811923,0.9810461298094295,0.0
10.061063495428705,0.9125878442666988,1.8619500405655827,0.9730991729256966,Si1,Si1,combo_002,9.790412566154592,1.6991929736520375,hybrid,0.33197784,0.66802216,0.6639557,0.1557566,0.4707559000946047,290.11288,2.0679843,0.6925989385390555,0.4534810384114584,0.08864650320010933,0.9999998219999998,0.6044694463863385,0.6634853326555437,0.3704688865552356,287.84666510900746,3.074882188687193,910.0321407211327,6.832219476070927,188.72455006729925,2.1186615261313917,80.84245330179883,0.9488283675436513,0.0
13.155099988897573,0.9621870036926117,1.8963759352635203,0.6785624572182265,Si1,PU,combo_001,8.926556973417801,1.8246682790259807,hybrid,0.32272276,0.6772772,0.6454455,0.15436943,0.4665633607977962,282.39862,0.3193339,0.5974712497473922,0.5151813824971517,0.17912515736903792,0.9999998089999999,0.6043630545955156,0.5755479162616285,0.3460064364857435,282.6180530863022,3.151336561151761,1163.4154071033008,8.444830522661109,203.43303997764718,2.650218280277679,91.33672174312535,1.0259877822546082,0.0
10.236403438903455,1.0674133671179482,1.1595817139184452,1.2168594087527356,Si1,Si1,combo_002,12.456263836418527,1.237753021702089,hybrid,0.66482794,0.33517206,0.6703441,0.13930562,0.4210347827050357,284.55685,0.8732084,0.6240852962106755,0.0,0.11310429765356908,0.9999998219999998,0.6039307549773355,0.5990449847803435,0.3317506390254721,285.15358090437286,3.182635146059736,892.4532828424587,7.603295822512183,180.16465413715542,2.5612767527833538,77.22708344895665,0.9358455012763662,0.0
15.258573437110833,0.8833255852592398,2.1294625515514345,1.1266128059695864,Si1,PU,combo_001,17.190504235076432,1.8810087546368048,hybrid,0.65734476,0.34265524,0.6853105,0.13526921,0.408835205386281,282.34238,0.5508915,0.5967776836548336,0.0,0.056218178559378267,0.9999998089999999,0.6037528300716011,0.5716376727338726,0.31220774608995494,282.9155396058694,3.092429459308098,1325.6842448874322,7.45700049381555,232.45058470541957,2.3174264402947196,100.19341525863533,1.0857521442650977,0.0
12.495687596940565,0.8860449878591625,2.211849165561641,1.6169828017201915,Si1,PU,combo_001,20.205311939921202,1.9597978670463627,hybrid,0.6355351,0.36446488,0.72892976,0.048381936,0.14622868500158936,283.63156,0.6012668,0.6126751367281067,0.0,0.1605031864560015,0.9999998089999999,0.6036116621813308,0.5894821730610452,0.23699163653987035,283.7261152942034,3.0875882438275633,1119.0217286760098,7.0909770638869265,207.84581739241352,2.285716922679492,88.91215469932261,0.9593882231229675,0.0
14.229902794776645,0.6599583682212262,2.569800345617148,1.696999462126253,Si1,Si1,combo_002,24.14813738884483,1.6959612427478363,hybrid,0.3416094,0.65839064,0.6832188,0.10147545,0.3066975512392696,283.24542,0.33915538,0.6079135025614528,0.3892709414164226,0.18394892227502702,0.9999998219999998,0.6034732786455621,0.585335030290098,0.2911914658702888,283.7984785767488,3.1419414025785355,1202.1352083003862,7.559888243233458,231.58284867289098,2.387101588909309,96.26712980090238,0.952781127970714,0.0
9.453427259033738,0.9699315424112582,2.6368241093203277,2.0770131471848314,Si1,PU,combo_001,19.63489270296854,2.5575388754202577,hybrid,0.36422867,0.63577133,0.72845733,0.06570745,0.19859301261765577,284.52365,0.6728392,0.6236758551316176,0.23847556114196788,0.09994385755160028,0.9999998089999999,0.6034639013836689,0.5979143413971408,0.2477319367098066,284.502310754827,3.0471557678515464,886.045908874791,6.519840935329334,180.98012436971285,2.048469998824005,77.17969486644098,0.8866800008030746,0.0
11.873731444282072,0.682868569312175,2.015208437283846,2.454258806369756,Si1,Si1,combo_002,29.141209961598758,1.3761225024338437,hybrid,0.62089396,0.37910604,0.7582121,0.049277827,0.1489364107295066,284.0756,0.28256595,0.6181506585114634,0.0,0.01926124962280862,0.9999998219999998,0.603432449861436,0.5897111520190756,0.2100885475302739,285.16021884962737,3.101684019918481,1073.5690482099296,6.970411150524341,209.87050591256929,2.1226154456920074,87.0422150909142,0.9610406524863322,0.0
13.26511472215925,0.9946489655305241,1.5677512547838257,1.30981690786812,Si1,PU,combo_001,17.374871547894507,1.5593621637799133,hybrid,0.64151895,0.35848105,0.7169621,0.076715924,0.23186481640261924,283.03143,0.34863877,0.6052747150188482,0.0,0.11121273713307912,0.9999998089999999,0.6030517913077535,0.5807422580915279,0.2542878907631554,284.17358519425176,3.0770234893252444,1180.5071560801603,7.676043595432184,213.9371768618092,2.317888640534766,93.69380531143653,1.0212643430335888,0.0
13.563915433061034,0.9989375784815592,1.5545322219565834,1.709719106395648,Si1,PU,combo_001,23.19048537343925,1.552880653472867,hybrid,0.6446462,0.35535377,0.71070755,0.075067766,0.22688345406401722,283.2309,0.29994816,0.607734372089365,0.0,0.14384166075954025,0.9999998089999999,0.6027433289204631,0.5838967366573665,0.25642055993058915,284.5036829432382,3.0615749620862,1202.588784993534,7.760493288321299,220.14863162898044,2.2697567916442183,94.96268273894478,1.0189931661754386,0.0
15.554062832562682,0.8027648709060147,2.0244932824236166,2.4792850773983726,Si1,Si1,combo_002,38.56295587368932,1.6251920885148885,hybrid,0.6620394,0.3379606,0.6759212,0.13736765,0.41517749576809837,284.12115,0.87508094,0.6187125110216044,0.0,0.0836932278045408,0.9999998219999998,0.6026206199196241,0.5932230466732907,0.32532808568109783,284.830327003419,3.396629603790706,1294.3260294587822,11.756818717848939,264.7226817361395,3.6959143303402966,102.85403303296196,1.3495575529649126,0.0
15.366392183076869,1.163717530275759,1.2863252698393999,1.7781816301142475,Si1,PU,combo_001,27.324236301078457,1.4969192661488055,hybrid,0.32849598,0.671504,0.65699196,0.14148347,0.4276170752558349,282.6605,0.212477,0.6007004904637485,0.47669347127278655,0.15716482743056143,0.9999998089999999,0.6025912904608445,0.5776684762072487,0.32684665154376424,281.8186781471422,3.2940523036799925,1265.9436153792985,8.496806163694801,240.06796877450788,2.6637339088967753,99.16014717611975,1.0572805232212459,0.0
15.573448364107472,0.8024377275273296,2.861637606160671,2.142479989393219,Si1,PU,combo_001,33.36580148594882,2.2962859776943163,hybrid,0.6560644,0.3439356,0.6878712,0.094967596,0.28702833989207155,282.82242,0.37698323,0.602697268373198,0.0,0.17800176016370275,0.9999998089999999,0.6025328506340919,0.580425482805892,0.28420620170923167,282.3434077704568,3.2003734114655504,1323.2235045207576,7.235657056454923,253.34929280992432,2.201280373430417,101.12282708513138,0.923222611853796,0.0
15.335424625663148,0.7170817941234349,1.9721096167039183,0.832644460481849,Si1,Si1,combo_002,12.768956363695354,1.4141639021541252,hybrid,0.6865148,0.3134852,0.6269704,0.1712715,0.5176478832655391,282.84937,0.47581115,0.6030295629254113,0.0,0.1895936711828994,0.9999998219999998,0.6023677643124535,0.5812560917521385,0.368728468115227,283.6928346031059,3.1411746549209187,1291.8497572709753,8.84041967008438,232.11705152282036,2.553781521976731,100.79627342467937,1.2101250674579787,0.0
11.99229131859931,0.8811010842528854,1.4484679831396636,0.8739803053767188,Si1,Si1,combo_002,10.481026428796,1.2762467104499478,hybrid,0.6386313,0.36136872,0.72273743,0.061021227,0.18442945057653215,284.0429,0.3448381,0.6177476149492658,0.0,0.13384127234628496,0.9999998219999998,0.602257953311615,0.5928893699945342,0.24100031754664353,284.9778891398234,3.081135519073889,1061.7208145622676,7.056347790202373,201.352023170555,2.1645176047653654,89.53566136556879,0.990480710671697,0.0
11.831993654118136,1.017008168701393,1.5808708886404823,1.8055651019997887,Si1,PU,combo_001,21.363434828958667,1.6077586074096006,hybrid,0.64860165,0.35139835,0.7027967,0.086342975,0.2609614426539835,283.8825,0.40858966,0.615769653265876,0.0,0.1335702977120896,0.9999998089999999,0.6018384496224956,0.5911757847893304,0.26907900545826136,284.42823299705515,3.0876364315178084,1058.3623521247143,7.831814721182424,204.21715229291473,2.3762232128549763,87.45646893462835,0.9985909153443884,0.0
15.720837881271942,0.9035022480456031,2.376835940975815,1.9128091284490392,Si1,PU,combo_001,30.070962206164424,2.147476615907235,hybrid,0.31229618,0.68770385,0.62459236,0.18670416,0.5642912622006356,282.04233,0.5370906,0.5930776609624651,0.5846923192342123,0.14088056572811689,0.9999998089999999,0.6017384236897326,0.5707487865386092,0.3790281264945786,281.84600100515735,3.156115810599798,1338.6202355669814,7.900306454391568,253.82657609871805,2.626170307704277,102.43548138310128,1.0264965777619464,0.0
15.650597669865205,0.8939668586797922,1.7867948950343382,2.120658010775,Si1,Si1,combo_002,33.1895653220162,1.5973354194189364,hybrid,0.2884218,0.7115782,0.5768436,0.22336747,0.6751017813664459,283.28375,0.57658166,0.6083861661600711,0.7438546021779379,0.23150793668626668,0.9999998219999998,0.6015044688894007,0.5876222169555213,0.4322317320039889,283.26067803480026,3.300344079962022,1292.796049106106,9.116465239166175,261.88427918623177,2.9152634184794737,103.32723158327084,1.1319961970433072,0.0
9.363689785853513,1.0131835011805475,2.4974279845285197,1.4732872248697477,Si1,PU,combo_001,13.795404539141325,2.5303528293108837,hybrid,0.64111775,0.35888225,0.7177645,0.09141989,0.276305818519088,285.91675,0.9756594,0.6408546931995525,0.0,0.04264900853950724,0.9999998089999999,0.6014534994341942,0.6125428054221714,0.27266960694058207,285.05731685891624,3.0665744931683188,870.1632334322064,7.435619254458162,178.58058916453354,2.3023385801620857,76.99528729950273,1.051542048749619,0.0
13.693943801888437,0.8713920718038171,2.3754585166897586,2.3791099169499543,Si1,PU,combo_001,32.579397501228144,2.0699557183423107,hybrid,0.64577067,0.35422933,0.70845866,0.08977149,0.2713237130699984,283.7426,0.43922487,0.6140445816607276,0.0,0.09119800802930689,0.9999998089999999,0.6013592075753704,0.5883724611372894,0.2669905839952039,284.0236027792244,3.1153125010224545,1202.7669801778973,7.167924014214223,227.81475566967765,2.3575898022308897,93.96877773371988,0.9520146349255645,0.0
14.979309362180024,1.1271898872355939,1.231732050518302,1.7605635291638035,Si1,PU,combo_001,26.372025755116066,1.3883959111281916,hybrid,0.6608809,0.33911908,0.67823815,0.13566834,0.41004152141108485,283.36612,0.4504442,0.6094018660427708,0.0,0.06542723563866629,0.9999998089999999,0.6008999039364331,0.5833481492459972,0.3119108136270402,283.5112774058331,3.234155202001775,1236.2692442302205,7.746661311737991,230.2936594053452,2.5259250312231467,94.78027064906995,0.9712758666446074,0.0
14.317791325845537,0.9555374326898792,2.082921122704982,2.1250159275882883,Si1,PU,combo_001,30.425534615307203,1.9903091020850394,hybrid,0.34028742,0.65971255,0.68057483,0.13165459,0.3979104453681833,283.03818,0.25322568,0.6053578827380318,0.3980836868286134,0.06816602550138305,0.9999998089999999,0.6008197463792027,0.5793563514760042,0.30395162586042845,283.55796060251714,3.061237754489964,1246.2955317007418,7.389560313530739,233.98396834562436,2.2479478128773374,96.8771287331834,1.0096559086858072,0.0
15.985349006147777,0.9140637407447522,1.7340475056376516,1.5802158742140968,Si1,Si1,combo_002,25.260302254367254,1.5850299496322586,hybrid,0.30948848,0.6905115,0.61897695,0.21260783,0.6425820504318913,282.8037,0.42309916,0.6024665814417067,0.6034101645151775,0.06757863050271747,0.9999998219999998,0.6007948488731533,0.5769832159555073,0.39305088505721775,281.25919645339667,3.25831354501759,1314.6898196176085,8.409031305904598,260.803924271911,2.6776912882982797,105.20400208134618,1.1393138248614085,0.0
10.992534681698485,0.8250036583727948,2.9939095085571577,0.9515318546761249,Si1,PU,combo_001,10.459746913268186,2.4699862973967512,hybrid,0.6666429,0.3333571,0.6667142,0.15057687,0.45510081397170216,284.75156,1.0441941,0.6264862466558863,0.0,0.06517636582771517,0.9999998089999999,0.6007700425962804,0.6001224977985409,0.34006012118434936,284.8889281483145,3.1431870240769655,995.0995055689889,7.1202797265476105,191.30992907485964,2.1365097779281514,82.54944582086993,0.9211762981519002,0.0
12.477142402220451,0.6444006232815493,2.328574629466961,2.1362618153831807,Si1,Si1,combo_002,26.654442878961923,1.5005349425861125,hybrid,0.3257032,0.6742968,0.6514064,0.16015324,0.4840442468701312,283.556,0.14993261,0.611743357213633,0.49531197547912603,0.10207672853451503,0.9999998219999998,0.6007082292701791,0.5860631655921876,0.33702505334683797,284.29480859524347,3.075156358872356,1101.78644648658,7.579176744776775,215.71830092914516,2.3560859988487275,89.2733261387679,0.9629589385382807,0.0
13.404979410741095,0.7855798081180014,2.892930370644898,2.1903133975325972,Si1,PU,combo_001,29.36110599699484,2.2726276854699576,hybrid,0.6707842,0.32921582,0.65843165,0.15505108,0.46862357832830404,283.7534,0.54457784,0.6141774242167087,0.0,0.08655577146038448,0.9999998089999999,0.6005962194379068,0.5885442451189674,0.33755228716810803,283.40293455392595,3.1695156888563916,1175.5972485440552,7.376527828583354,222.80095663376244,2.279909575634611,92.43736970352948,0.9226076343281955,0.0
11.906613200843173,0.9962283821670311,1.209820670662887,2.336040900922347,Si1,Si1,combo_002,27.814335428631598,1.2052576894467204,hybrid,0.6409136,0.3590864,0.7181728,0.060049325,0.18149199111546108,283.93002,0.24111433,0.6163555905453733,0.0,0.14396807013817006,0.9999998219999998,0.6003925260647619,0.591726595726815,0.23932220932194584,282.4805733075319,3.193711763718724,1029.2112678740057,7.71228289809969,206.90919942911108,2.5390237852051905,83.48944614460058,1.0022397031024217,0.0
9.976489419603777,1.145750827057528,1.4083103640456693,1.2311456561245662,Si1,PU,combo_001,12.282511612317883,1.613572764359014,hybrid,0.653448,0.346552,0.693104,0.09940848,0.30045037899985977,283.09076,0.8424297,0.6060062898880472,0.0,0.11991672483724976,0.9999998089999999,0.6002538227206248,0.5825615033959886,0.2899243317539944,284.7859505239382,3.1638753799670942,884.6617373635911,7.581807748022178,178.62559807709502,2.429616590414791,80.25686771247317,0.991918717696882,0.0
12.648394389915286,1.0252787564397232,1.111952918001879,1.9350371878508845,Si1,Si1,combo_002,24.47511351109058,1.140061704988488,hybrid,0.6711707,0.3288293,0.6576586,0.12093296,0.36550558130020555,283.66464,0.33192086,0.6130830725090798,0.0,0.20853773399524098,0.9999998219999998,0.6002212527206545,0.5908157317640242,0.31531131380551747,282.27179572696855,3.1531021737403995,1053.0255044543653,7.744737578440923,206.2590099264328,2.513048579406166,85.56979575671416,0.980964775016384,0.0
11.034015402028478,0.683547164055426,2.2782085904929867,1.9608127448198087,Si1,Si1,combo_002,21.635638026835505,1.5572630211581906,hybrid,0.65606076,0.34393924,0.6878785,0.11776368,0.35592681956007316,284.96497,0.50606847,0.6291178840325882,0.0,0.07866079442496832,0.9999998219999998,0.6002059724468498,0.6019835944424201,0.2961188893394869,285.6653991295907,3.0453796568483313,1008.3610147028752,6.648374315457159,200.18607019502878,2.0579559901868976,83.47148360854308,0.9421763703551183,0.0
13.433220663659718,0.8966927712572113,1.550387775104837,1.3834663851331923,Si1,Si1,combo_002,18.58440923224981,1.3902215105820583,hybrid,0.64360446,0.35639554,0.7127911,0.064203426,0.19404727065426058,283.60968,0.43414047,0.6124053120464114,0.0,0.15022975570965325,0.9999998219999998,0.599872072377,0.5886261724510309,0.24869227105093972,282.79215709747325,3.089072645882809,1156.7420169043967,7.142996108379592,220.9965086807781,2.2136355214672183,95.62183010579709,0.9633771239267922,0.0
10.920219779285558,0.9595723089288781,2.3551741554376826,0.9784238652713118,Si1,PU,combo_001,10.684603646060808,2.2599599022629575,hybrid,0.68084896,0.31915104,0.6383021,0.15280472,0.46183420565497174,285.12,0.7848181,0.6310296126002481,0.0,0.18263689895442553,0.9999998089999999,0.5998510807619406,0.6073613018172868,0.3546119540640361,284.36788851516076,3.070654466347147,980.2893996071855,7.859159096483486,191.76436753903062,2.4062402660977735,82.49520381732341,1.0352883610574666,0.0
11.281911674767366,0.7275000023745767,2.1828267407797175,1.7618040472229826,Si1,Si1,combo_002,19.876517649017362,1.588006459100534,hybrid,0.33873767,0.66126233,0.67747533,0.13670309,0.41316893567572566,284.26794,0.31152096,0.6205226319685423,0.4084155559539796,0.05675625233032427,0.9999998219999998,0.5998095779918511,0.5930701169936669,0.30879967365086547,284.6310939994416,3.022998374762167,1015.4773700775554,6.504559877849598,202.67318651612382,2.0132065454944823,84.67907382865067,0.935588321537035,0.0
15.333121241589355,0.8317729061253805,1.6684660068839556,0.804499794202143,Si1,Si1,combo_002,12.335492883335144,1.3877848193172768,hybrid,0.32567888,0.6743211,0.65135777,0.13170129,0.39805159132382023,282.46378,0.32863754,0.598274702600139,0.4954741001129151,0.19309585471956228,0.9999998219999998,0.5993853314717875,0.5767228900039313,0.3243174763237988,282.6394823848186,3.1427760744079087,1290.5641933717448,7.7909379635819995,234.89977762557783,2.403659996258258,102.81776024543073,1.109250472350358,0.0
13.450293709052787,0.7152236459893722,2.170533490663913,2.122617073998726,Si1,Si1,combo_002,28.549823077133095,1.5524168769346827,hybrid,0.31173214,0.6882678,0.6234643,0.19037901,0.5753980617696857,283.5024,0.23066965,0.6110825313544183,0.5884521802266439,0.11387932423369108,0.9999998219999998,0.5992905790872352,0.5859539977134901,0.3724576083926138,284.1350128552877,3.132459824478346,1157.2051768280096,8.571224185942764,227.1988618525194,2.5682605455582803,93.92101095144655,1.03120001416149,0.0
14.38017085723088,0.8257096019259182,2.818311747161476,1.6687670410315176,Si1,PU,combo_001,23.997155170948837,2.3271070708518415,hybrid,0.34337008,0.6566299,0.68674016,0.11624485,0.35133633333792713,282.50574,0.27510425,0.5987921488167792,0.3775328000386557,0.07421758389002539,0.9999998089999999,0.5982735711319176,0.5735366384327578,0.28901593355568,282.6172777694056,3.087635384315231,1233.5771581586866,6.93576936295117,229.20308752432462,2.2163294231512114,96.40436380848844,0.9195818084392111,0.0
12.46937305575647,0.5677065109871525,2.659276040526701,2.1173240728720906,Si1,Si1,combo_002,26.401703744575794,1.5096883227191429,hybrid,0.33482358,0.6651764,0.66964716,0.14938854,0.45150920335583294,283.51874,0.22316815,0.6112838649732565,0.4345092773437501,0.03548042653525144,0.9999998219999998,0.5981901751913448,0.5837738119368492,0.31717980591777917,284.5767838801215,3.067686452631299,1106.8427400097214,6.887758894967344,213.93783241966952,2.1334296124359997,88.41236214329997,0.9483388974699659,0.0
13.846674105836733,0.9063769346980292,2.175210561105345,1.5769026093457064,Si1,PU,combo_001,21.83485652825357,1.9715606806974428,hybrid,0.6465869,0.3534131,0.7068262,0.07427403,0.22448449074368065,283.32855,0.37209505,0.6089386105571823,0.0,0.1281379998116962,0.9999998089999999,0.5980718558874176,0.5846628431774827,0.2547340714714893,283.85939693330323,3.0545232471823347,1214.174192291869,7.023932846058797,220.81382958195823,2.2408679788451478,94.67930782588415,0.9538175660891463,0.0
13.313572528823718,0.6878448280650857,1.9510445587749543,0.6528765082124778,Si1,Si1,combo_002,8.692118744451996,1.3420159090778796,hybrid,0.65334034,0.34665966,0.6933193,0.1004643,0.3036414755814344,283.18457,0.8046024,0.6071631114661942,0.0,0.09785921557874899,0.9999998219999998,0.5980482766188469,0.5828962520993254,0.28694156625939826,285.9476664733123,3.2229282406927897,1159.603956534144,7.925352882946264,204.2353442993368,2.5235785012583003,92.41604092553494,1.036973737234168,0.0
15.65400736261621,1.0317910023404044,1.6899439669360556,1.2730502171196565,Si1,PU,combo_001,19.92833747177127,1.743668979544072,hybrid,0.30633277,0.69366723,0.61266553,0.18757987,0.566937996572324,281.75705,0.57741857,0.5895597793383538,0.6244482199350994,0.1613144183845489,0.9999998089999999,0.5976442806568677,0.5681976353559225,0.3838628786275008,281.20711821425283,3.1662863846311002,1353.5344128596953,9.126611359525484,244.24883540179562,2.6829128762982273,102.7451660861067,1.1236225353407094,0.0
11.375369360715792,0.714591556949951,2.4481721886151084,0.8610554626132676,Si1,Si1,combo_002,9.794823927287927,1.7494431759440394,hybrid,0.3193515,0.6806485,0.638703,0.14610778,0.4415934973058417,286.02887,1.0225947,0.6422373094904152,0.5376567045847576,0.18708859295146285,0.9999998219999998,0.5976211049400845,0.6182321276341649,0.3531677208348859,284.52672786931436,3.104164667813728,1010.2036336795185,8.180336442307292,197.71159817804786,2.593051454073167,84.80337710812793,1.0679119782248345,0.0
11.026663994581295,1.0900281006867507,1.561439446579566,1.1050953006761213,Si1,PU,combo_001,12.185514562546377,1.7020128742924956,hybrid,0.6938235,0.30617648,0.61235297,0.20259039,0.612305522355781,284.03833,0.79088455,0.6176911662710869,0.0,0.10910010477170343,0.9999998089999999,0.5976060882447268,0.5928947009317677,0.396373254014471,284.32697773416163,3.1173914380127568,975.1894234184691,7.297407030046958,192.97719816506432,2.260693266304836,84.50585911981166,0.9615961300889684,0.0
14.146543050034449,0.9447734644469756,2.1185332187419754,1.926562301322049,Si1,PU,combo_001,27.254196534225805,2.0015339686168585,hybrid,0.32987693,0.6701231,0.65975386,0.1437875,0.4345807411162492,282.97592,0.23745719,0.6045901807147983,0.4674873352050782,0.09526416606891411,0.9999998089999999,0.5973868358750765,0.5794347461858118,0.3205212079225397,283.4253293619136,3.0439600684676997,1232.7149428932485,7.135084392491383,229.40778092126706,2.187521101381673,96.18534601977171,0.9721241943711415,0.0
13.69836824079864,0.944496032890747,2.125089634586882,1.7033016484932468,Si1,PU,combo_001,23.33245320621986,2.0071387294045575,hybrid,0.33863056,0.66136944,0.6772611,0.11950294,0.3611835155935656,282.99692,0.19045334,0.6048490919853791,0.4091296195983888,0.09908100421359915,0.9999998089999999,0.5972807046542924,0.5797031994322598,0.29442178493165666,282.8205276690672,3.058047988403041,1198.147232839969,7.202108160464144,221.3977878095709,2.2889508577899678,94.22079371116507,0.9559533174750513,0.0
11.252946411022688,1.008586318399829,1.2999205646324297,1.8899829714367007,Si1,Si1,combo_002,21.267877095322614,1.311082096494849,hybrid,0.65130055,0.34869945,0.6973989,0.090060316,0.2721966652263834,284.41724,0.4643867,0.622363611526218,0.0,0.10929943040721232,0.9999998219999998,0.5972175220100513,0.5966141119162853,0.27053750355638045,282.9811686182683,3.0909593481352506,988.0901269900983,7.5128597611774985,201.69965771952923,2.3447543149951793,83.4816859336458,1.0025333453715446,0.0
14.954579700788162,0.9169329297106603,1.6471497348238477,1.9107676008965981,Si1,Si1,combo_002,28.574726377291963,1.510325832024168,hybrid,0.30357692,0.69642305,0.60715383,0.2004559,0.6058542874727875,283.39557,0.40447795,0.6097650192057219,0.6428203582763672,0.13720693966179118,0.9999998219999998,0.5971285450544213,0.5857532510990099,0.3902510175301512,283.37223083418445,3.158656834057655,1249.1185504549394,7.173000052771029,246.9943375952369,2.3222732481415003,101.51579885783791,0.9867327590314465,0.0
10.559373676255573,1.034925064441473,1.8087499631263269,2.3970309497162514,Si1,PU,combo_001,25.31114551160368,1.8719206721470256,hybrid,0.6364635,0.36353648,0.72707295,0.057099365,0.17257608393023122,284.602,0.35211742,0.6246418801775198,0.0,0.08603619421841024,0.9999998089999999,0.5969644286171,0.5978109889175046,0.22983309658074016,284.1294224056797,3.1040302909857966,959.0744157262586,7.3937678932533375,191.89698539194944,2.2858650203787962,81.95093123160886,0.9811283549773764,0.0
12.129900973108033,0.7658092323832852,2.6720714017550993,1.9690646829413112,Si1,PU,combo_001,23.88455961372247,2.0462969490514014,hybrid,0.6401496,0.3598504,0.7197008,0.07348744,0.22210710014598292,283.77118,0.65250105,0.6143968214125642,0.0,0.060977900622566014,0.9999998089999999,0.5968127235976821,0.5881721972733887,0.2496916725379245,285.0037445320113,3.0715072385469293,1101.965822976398,7.01877159022302,205.82071803166914,2.14920742085395,86.66222714786385,0.9433852732489596,0.0
12.670419445119254,0.9955256949630471,1.7314468325716532,1.8698953047578994,Si1,PU,combo_001,23.692357829741685,1.7236998112874617,hybrid,0.33595306,0.66404694,0.6719061,0.096392676,0.2913354758334615,283.32965,0.42748412,0.6089521582399453,0.42697962125142425,0.20251918702955776,0.9999998089999999,0.5968056411081982,0.5870060227091815,0.2904473615508355,283.1451596647725,3.0889372296261213,1129.607788546377,7.1614333163906565,212.2162891995537,2.295509731600039,90.08062961282907,0.946298462986996,0.0
13.03060822992187,1.054230635908437,1.5218973343232332,1.8280277909859335,Si1,PU,combo_001,23.8203139777472,1.6044307945509373,hybrid,0.329549,0.670451,0.659098,0.1208793,0.3653434030659207,283.19467,0.43760574,0.6072876748827091,0.46967323621114104,0.17501837152151545,0.9999998089999999,0.5967796647533894,0.5846678156575191,0.3124366716154153,282.6620272607114,3.0844966016227744,1143.5550187776619,7.883276905674778,217.18374352855346,2.338853782602439,93.08706954892779,1.016257378013597,0.0
12.53890896896299,0.8015134598687532,1.874200048321574,1.3826801771152168,Si1,Si1,combo_002,17.337300874037325,1.502196565216409,hybrid,0.3526636,0.64733636,0.7053272,0.075540416,0.2283119826431008,283.74124,0.30562544,0.614027647057274,0.31557575861612963,0.11897205295876523,0.9999998219999998,0.5965854290039854,0.5889506376838286,0.25330882606325833,283.0357848331377,3.082788242610978,1091.6754349938315,7.024493033928807,210.22392893659776,2.283142638476335,90.21157782973408,0.9314538263803885,0.0
9.931212027935185,1.0567089457949554,1.1831739205080916,1.0348135971987404,Si1,Si1,combo_002,10.276953243171008,1.2502704662321897,hybrid,0.69367737,0.30632263,0.61264527,0.19585685,0.5919542031365027,284.66345,1.1668977,0.6253997977632023,0.0,0.12253956549532363,0.9999998219999998,0.5964408496150513,0.6010637963905207,0.39912920139641334,286.16832080764186,3.2127040683895554,876.9661818646321,8.011412832649226,176.24352252263313,2.685637842781938,76.27575436891303,0.9694874810273764,0.0
11.254861457752867,1.1245473959920242,1.3749568830876024,2.460488053069205,Si1,PU,combo_001,27.692452155749983,1.5462041824774735,hybrid,0.6473382,0.3526618,0.7053236,0.07223147,0.21831108910903574,284.08447,0.35862628,0.6182601689471305,0.0,0.1293469376139752,0.9999998089999999,0.5964059155403806,0.5932508034410258,0.2524730696947989,282.7556396310813,3.2180071274312043,979.8309586844202,8.476506320341363,198.57173297099789,2.756524516834996,84.53812640332409,1.04012811915764,0.0
10.661581528169314,1.0027205892943227,1.3807944988114635,1.860532754751826,Si1,Si1,combo_002,19.836221650616036,1.3845510735425897,hybrid,0.64668363,0.35331637,0.70663273,0.07597451,0.22962397798663536,285.03555,0.58775526,0.6299883226501074,0.0,0.10847312929782686,0.9999998219999998,0.5962203832694588,0.6038251844103736,0.2580929362789643,283.9752995621179,3.0968844892295646,954.7095427111152,7.833932431445259,196.27625865835313,2.425892092934469,83.21130892885168,1.0183433903339143,0.0
11.613121023833564,0.7194868648369988,1.9113524569581806,2.3309291737807545,Si1,Si1,combo_002,27.06936259310028,1.3751929868553359,hybrid,0.6361071,0.3638929,0.7277858,0.06588887,0.1991413155649761,284.21872,0.35108435,0.6199156205158581,0.0,0.045231524704089913,0.9999998219999998,0.5961707663089576,0.5922368385203667,0.23298862620765826,285.2552198889103,3.076813242039902,1054.597093018424,6.912778243223028,206.3745413703238,2.095961098934062,86.21412695883824,0.955323569896073,0.0
11.622207610831683,0.9916029675074471,1.2450435801231912,0.637265820844819,Si1,Si1,combo_002,7.406435673145555,1.2345889087262525,hybrid,0.30653435,0.69346565,0.6130687,0.21038753,0.6358714474702403,283.24048,0.49019417,0.6078525379890196,0.6231043338775636,0.06651954065561119,0.9999998219999998,0.5961378319315142,0.5820267851893666,0.39194636611059475,284.1727364455799,3.1270365637454076,994.4082998477525,7.316475595513669,191.62469264318557,2.3137223030876877,83.38497513574693,0.960954490960045,0.0
14.737221194922707,0.7095628816696425,2.276438967508984,2.268489937863641,Si1,Si1,combo_002,33.43123799275295,1.6152765937307403,hybrid,0.68968004,0.31031996,0.6206399,0.18326528,0.5538976685516452,284.0732,0.6375735,0.6181213051988104,0.0,0.12742202232089753,0.9999998219999998,0.5961116909535281,0.5935652899187094,0.3754728342799416,285.2985480735841,3.233539452660063,1244.328897716081,10.161168501021969,247.6723825050325,2.8552797235624405,99.27486333032672,1.1977795307046815,0.0
15.788695847231093,1.0101893551271723,1.6644752786532921,1.3728535382724245,Si1,PU,combo_001,21.67556695857834,1.6814352083678896,hybrid,0.6759015,0.32409853,0.64819705,0.13632952,0.4120398581046287,282.83133,0.36214912,0.6028071551333863,0.0,0.16330722419649085,0.9999998089999999,0.5958049034900865,0.5800591537162505,0.32544584967189716,282.1912416045774,3.192933356210048,1370.4101582279295,9.400045253667116,247.29299435723607,2.7286334902616165,103.43946975073533,1.1422077505754074,0.0
14.705436477562653,0.8143886793543837,1.970937559004871,2.0488399088744353,Si1,Si1,combo_002,30.129085132648264,1.6051092357679297,hybrid,0.29256675,0.7074332,0.5851335,0.2269338,0.6858806215069866,283.45654,0.4472592,0.6105169155990654,0.7162214914957683,0.13214950200195358,0.9999998219999998,0.5953855874596521,0.5863699542492077,0.4183962374378419,284.0614584164942,3.165497948439454,1231.0750494698686,8.896289461585642,244.0905916471375,2.5387965260851946,98.9184987893362,1.1127754245754793,0.0
13.493965308200481,0.9327746812644087,1.9747444491928126,1.7397699046870907,Si1,PU,combo_001,23.47639473809886,1.841991624174486,hybrid,0.64131474,0.35868526,0.7173705,0.042876195,0.12958823437218378,283.4258,0.36326241,0.6101379568062241,0.0,0.16578665793441136,0.9999998089999999,0.5949114870421073,0.5868798697517452,0.22698297707693754,283.98966289871237,3.0703100495950024,1197.7874688423105,7.163847064230054,217.99797981272528,2.301418976140769,92.5338141080152,0.9637094708591476,0.0
10.624925466631726,0.8010606731810809,1.870865640317898,2.119141232018676,Si1,Si1,combo_002,22.515717643464566,1.4986768892644093,hybrid,0.6662804,0.3337196,0.6674392,0.14177948,0.4285117352458565,285.38287,0.4960049,0.6342712720258038,0.0,0.04606060306498813,0.9999998219999998,0.5947758113092178,0.6057286676114868,0.3164231372801046,286.11959875277074,3.0681877472904158,975.8108560957755,6.858782403492702,196.0079281928328,2.1362853224163847,82.75981781401386,0.9323795150350472,0.0
12.209853018300604,0.9158589260912503,2.2564982779831317,1.223120656950476,Si1,PU,combo_001,14.934123445012588,2.0666340896003867,hybrid,0.64449656,0.35550344,0.7110069,0.074243724,0.2243928854872143,283.80972,0.68450385,0.6148721192828308,0.0,0.08257261574002595,0.9999998089999999,0.5947360390725435,0.5893146749832284,0.25440013052446697,282.82260240931276,3.0983641313538026,1085.9025197619521,7.422142809298023,202.9460154598398,2.3637111847358234,87.72954625749628,0.971406382510321,0.0
12.875353473434608,0.8985038044331093,2.097474270471852,2.213395504745356,Si1,PU,combo_001,28.498249500107665,1.8845886117195196,hybrid,0.3389718,0.6610282,0.6779436,0.11537414,0.34870470887948574,283.45703,0.258638,0.6105229367914045,0.40685470898946136,0.08876572316292938,0.9999998089999999,0.5944997717580748,0.5847358932251584,0.28993275212434066,283.9249219164603,3.0994685503461397,1153.929409066386,7.363474196249427,216.07622299446024,2.342450533555918,90.67634903667212,0.9544678608246112,0.0
14.256680058775192,1.0088533840185114,1.8339690946686602,1.648332455591842,Si1,PU,combo_001,23.499748449868157,1.8502059273418436,hybrid,0.32021862,0.6797814,0.64043725,0.1536464,0.46437807552038224,282.676,0.27397403,0.6008916633205145,0.5318758487701417,0.12642841746315017,0.9999998089999999,0.5943364932503572,0.5770324909575942,0.33638853372124716,282.83426904190225,3.0522799400312866,1244.7817840490238,6.7501606060748784,227.07251246317435,2.1043923731858114,95.95927577789527,0.9454578489204454,0.0
12.621822511678735,1.0411642271217252,1.372574101194716,0.8995546812398798,Si1,PU,combo_001,11.354019526159503,1.429075053237693,hybrid,0.65648216,0.34351784,0.6870357,0.10381938,0.31378180366516506,282.977,0.45859414,0.6046033520730401,0.0,0.08589810936791203,0.9999998089999999,0.5943054923815212,0.5795622506771904,0.28146097097581435,284.16404421371396,3.1232575235215574,1103.536968892119,7.122399246656748,202.1618608629228,2.1415136169720346,91.08040527966571,0.9436241012899323,0.0
12.371857521953357,1.0605998369152094,1.5370445610347387,1.803971828176553,Si1,PU,combo_001,22.318482431818037,1.6301892107648537,hybrid,0.32983527,0.6701647,0.65967053,0.10859949,0.3282291325792879,283.23895,0.57038456,0.6078337217629599,0.46776469548543304,0.19606773567999736,0.9999998089999999,0.5942369586554923,0.5860396540725077,0.30538068244023686,282.6066185119587,3.1023551435210486,1089.5327706844566,7.919298596098493,210.93290105245705,2.4230736077218693,90.2064721356208,1.0102301054286218,0.0
9.76689915785205,1.0302078522333544,2.2595803055945787,0.5418061063933435,Si1,PU,combo_001,5.2917656042522445,2.3278373735753775,hybrid,0.73018354,0.26981646,0.5396329,0.29691398,0.8973874306959396,286.08673,1.5999295,0.6429508207825969,0.0,0.08662799253642277,0.9999998089999999,0.5942347678341441,0.6169095615228257,0.5096994261860535,286.25081876084715,3.143029770770491,890.9459094113582,7.695838150385731,179.03034507225806,2.365855630333124,78.49735161171343,1.0259551098385014,0.0
9.40081064066216,0.7385179527433243,2.9027760699656358,1.9481923990419687,Si1,Si1,combo_002,18.31458783497088,2.1437522404633342,hybrid,0.3279181,0.6720819,0.6558362,0.13483334,0.4075178281213365,285.9246,1.0945964,0.640951408601499,0.4805459181467693,0.12022063471556138,0.9999998219999998,0.5941783616902335,0.6151721167747478,0.3327167044486576,285.69084968340286,3.1553171507055513,898.889320842329,7.000447953599003,186.1133305352984,2.146741500730524,77.68219982036233,0.9428265567618748,0.0
9.812158126915808,0.9873465657975609,1.5240051805229173,1.798215437561769,Si1,Si1,combo_002,17.644374219617177,1.5047212812469941,hybrid,0.65436745,0.34563255,0.6912651,0.10541469,0.3186034422859412,286.38168,1.4482951,0.6465879972799263,0.0,0.0583092791873385,0.9999998219999998,0.5940276720865314,0.6191344115526896,0.29970632777278183,285.7776273856434,3.0943014292711117,902.4726800417122,7.3860013371530195,186.96543243054123,2.2606468434543516,79.98392780139943,0.9638476925674383,0.0
8.161608144170234,0.8282961953997058,2.8965019639365615,1.3394942906091818,Si1,Si1,combo_002,10.932427511305429,2.3991615566964297,hybrid,0.6930891,0.30691087,0.61382174,0.14709179,0.4445675605880499,291.5089,2.560541,0.7098139037610249,0.0,0.2714751968223062,0.9999998219999998,0.5940221431752158,0.685690825793664,0.39902735556577057,286.20198240575945,3.5617151269160465,818.7889772904326,10.84976821339115,171.6112119931598,3.0433532915499555,73.27666127239888,1.134224563612177,0.0
12.718382534253099,0.9422590958707955,2.206672059600923,1.5222860140351897,Si1,PU,combo_001,19.361015853042925,2.0792568197629118,hybrid,0.3561162,0.6438838,0.7122324,0.0537721,0.1625198174055932,283.4274,0.4810092,0.6101575256813261,0.29255882898966484,0.14381575814881642,0.9999998089999999,0.5939927529392808,0.5864497968510465,0.23767565466150348,281.79629859933874,3.09795412524376,1120.3233847921001,7.285000728872161,210.4925595819044,2.369589593137145,90.06530451239061,0.9614348408468019,0.0
13.38437844355959,1.023955758957922,1.2092348025665334,1.9972258729802541,Si1,PU,combo_001,26.731626921236398,1.2382029400203476,hybrid,0.67356086,0.32643914,0.6528783,0.1455142,0.4397994934778769,283.26935,0.26162225,0.6082085409860681,0.0,0.09443045257051504,0.9999998089999999,0.5939723854641158,0.5827819399820304,0.32272804132637606,286.1011216321545,3.1208559013309585,1136.0596797436083,6.755612129164148,209.12313196937575,2.069280393201426,87.07244933277494,0.912755393994444,0.0
15.64712766376261,0.7728576270891298,2.1371109888940154,1.2342244078385534,Si1,Si1,combo_002,19.312066875181653,1.6516825277027323,hybrid,0.3255369,0.6744631,0.6510738,0.15623929,0.4722147836111801,282.47906,0.21787119,0.5984632411852566,0.4964206218719483,0.06210419851227235,0.9999998219999998,0.5936394247828463,0.5727680568755233,0.32830955755414404,281.41060514647717,3.137098256538804,1294.7393516707048,9.960179920426173,246.18801923196713,2.812261283678212,103.08343738186822,1.2101254736328666,0.0
13.29302864486139,1.0039055238331671,1.461823004976472,0.5327284954580377,Si1,PU,combo_001,7.081575150057606,1.4675321895622795,hybrid,0.32949534,0.6705047,0.6589907,0.14576828,0.44056741935202026,282.1469,0.5211768,0.5943673250965931,0.47003126144409185,0.06219023938087844,0.9999998089999999,0.5936138139714963,0.5695460436927953,0.32358845185954377,283.8664143730654,3.1705392450976757,1177.6021644009827,7.67493260564,204.61663215573637,2.3856446443329236,94.73317129709213,1.0627409284965212,0.0
11.219322316088812,0.6224691501844111,2.764019867191924,1.7320238909007621,Si1,Si1,combo_002,19.432134291181896,1.7205170978237856,hybrid,0.31018797,0.68981206,0.62037593,0.18426387,0.5569157780191161,284.0993,0.51788205,0.6184430626644303,0.5987470944722494,0.10468173780081262,0.9999998219999998,0.5935079628583547,0.5929645618896786,0.37061520569456097,284.2232582801297,3.073592899703778,1018.8972222244204,6.860323108781747,201.24292363953376,2.158872927432423,83.7546104213182,0.9326703542131551,0.0
13.291045473434252,0.8289114411413104,1.4874301353076906,2.486838130025644,Si1,Si1,combo_002,33.05267867124104,1.2329478570549122,hybrid,0.63522184,0.36477816,0.7295563,0.046795923,0.14143514946834274,283.7832,0.15473491,0.6145450932739142,0.0,0.08391740062455466,0.9999998219999998,0.593500743066082,0.5881045906333766,0.2144883932717232,285.3616406962637,3.179245261875766,1171.5450525550245,7.1341077911272714,226.72828347238334,2.189430851929117,94.42270066534061,1.0149335550597052,0.0
10.611956325057106,0.7273301850202165,2.3664484404081625,1.9530898743477463,Si1,Si1,combo_002,20.726104445489554,1.7211893820028716,hybrid,0.30398256,0.69601744,0.6079651,0.19336669,0.5844279801185067,284.7492,0.48999864,0.6264572696677544,0.640116294225057,0.13003771469454803,0.9999998219999998,0.5934832309836691,0.6010483330792025,0.3834647897593662,285.2137829755377,3.041630174880942,972.6443089670373,6.620583620376884,197.12029875954363,2.08267191223612,81.8460475038471,0.9089547014144608,0.0
9.021498976515938,1.2020356736738838,1.2158821747685653,0.9756488193798807,Si1,PU,combo_001,8.801814825474576,1.4615337490559992,hybrid,0.27828148,0.72171855,0.55656296,0.2856878,0.8634576363519922,280.8577,0.9103775,0.5784694956987989,0.8114569981892904,0.04036911071389527,0.9999998089999999,0.593320655031155,0.5549630147811727,0.4764656184436566,282.92692881325104,3.18220640107326,801.8074740857093,7.3804460791614845,160.24455760507897,2.350026436982884,72.58283928508858,0.9566078195532762,0.0
11.719124605515752,0.5513417808440173,2.7390007435954535,1.9273566692255844,Si1,Si1,combo_002,22.58693296592643,1.510125547707005,hybrid,0.6603292,0.33967078,0.67934155,0.109194085,0.330026221441701,283.9792,0.6267185,0.616961849349015,0.0,0.09383309081066751,0.9999998219999998,0.5931758724928342,0.5914714660316149,0.2918524948652086,285.25479807147514,3.0626118060773355,1063.9246915329354,6.746174364612867,204.78392671177136,2.085449048243973,85.18751325270783,0.9239953149601832,0.0
9.132465648793383,1.2080407807932838,1.1837602693168847,1.5615243622557775,Si1,PU,combo_001,14.260567598054884,1.4300306800176374,hybrid,0.28211066,0.7178893,0.5642213,0.2631773,0.7954223132930396,281.16733,0.7400732,0.5822876842908221,0.7859287261962891,0.08329973414538136,0.9999998089999999,0.5931457563505829,0.5594584115154931,0.4555315350327492,282.5100067188472,3.1311287016766736,808.3477540626866,7.040103914782547,161.71411043662692,2.2515674966406602,72.38940108352656,0.9119889268160265,0.0
14.445065458085015,1.059025802964888,1.4383042760939349,1.7935403599879802,Si1,PU,combo_001,25.907807901743737,1.5232013408982112,hybrid,0.6617713,0.3382287,0.6764574,0.09829884,0.2970966312955082,283.3806,0.3792816,0.6095806201903374,0.0,0.14461333015986033,0.9999998089999999,0.592994835502699,0.5857606332302989,0.28276990181532147,284.1531274004758,3.109325812877096,1248.7515364481017,8.073699110909185,230.46068844662585,2.4713665201774053,99.25147292823165,1.0352726010313917,0.0
12.516487921047629,0.5956724871486885,2.713020478079109,1.1771768926828363,Si1,Si1,combo_002,14.734120358201102,1.6160716558627066,hybrid,0.3506086,0.6493914,0.7012172,0.06503376,0.19655686736324493,283.5044,0.38096362,0.6111069924482958,0.32927608489990245,0.1469002740641594,0.9999998219999998,0.5929375207347777,0.5872365191455757,0.24795920135098076,283.9685605449973,3.1318925149245245,1097.0171345391543,7.399139343916884,206.00961515175572,2.373850586151792,88.6431036870843,0.9598415467772512,0.0
13.140789428473925,0.7927460295870488,1.5976662706072688,2.2012943910238327,Si1,Si1,combo_002,28.926746062524927,1.2665435926290598,hybrid,0.68583524,0.31416476,0.6283295,0.17960574,0.5428371219808209,283.67462,0.2687193,0.6132061306275098,0.0,0.07946569287164056,0.9999998219999998,0.5929134891007279,0.5869435007332634,0.35669490877175997,285.4632628545362,3.1395629462054413,1160.6998545558945,6.993284636829931,223.01331374878734,2.1383737049981524,93.42922277865355,0.9554372491296169,0.0
13.17920816248682,0.9395893857353164,1.7707253968129564,1.9074955552364037,Si1,PU,combo_001,25.13928099147894,1.66375478789741,hybrid,0.6458435,0.3541565,0.708313,0.048503134,0.14659499343495663,283.3129,0.2686468,0.6087455560778103,0.0,0.1689816123746721,0.9999998089999999,0.5924806142283224,0.5855251195599547,0.23143603410827374,284.85187236378584,3.086210049078545,1183.3751672415121,7.105893431720007,215.66403520548087,2.2445936839832323,91.68572306145182,0.9186076359834077,0.0
14.136364846264993,1.1558470923085622,1.2240403576538037,1.9041865694012963,Si1,PU,combo_001,26.91827608041442,1.4148034882624816,hybrid,0.33004242,0.6699576,0.66008484,0.12661022,0.3826644303094321,282.9832,0.29571515,0.6046797459508423,0.46638385454813647,0.11474502415412897,0.9999998089999999,0.5922801324062567,0.5802059942268659,0.3064908878018704,282.31187331934655,3.158578918050155,1161.2307786706824,7.197824949261891,220.94727671090112,2.2143101430332495,91.138932383119,0.9237697457332102,0.0
15.134101626758262,0.7668453156876434,2.7766088977929995,1.3225971179610745,Si1,PU,combo_001,20.016319194480488,2.1292295267691923,hybrid,0.6380388,0.3619612,0.7239224,0.058571015,0.17702397175351467,282.37573,0.15326472,0.5971890063564975,0.0,0.05839141478061285,0.9999998089999999,0.592232306531765,0.5713685756419364,0.22308483733712542,282.9073719488413,3.0959807210676313,1305.097317248734,6.797483552063758,231.94034252319054,2.2062830987349127,98.85899632393652,0.914518912419858,0.0
14.375403954474923,0.6309323876295243,2.165058718005808,0.5124517721638439,Si1,Si1,combo_002,7.366701232041803,1.3660056663095212,hybrid,0.3326064,0.66739357,0.6652128,0.11926639,0.3604685757490351,282.69995,0.5864202,0.6011870780696509,0.44929043451944994,0.11594244174884673,0.9999998219999998,0.5921545585867535,0.5775497257484754,0.30498102378035363,285.51334590396493,3.172567999128308,1232.135859732428,9.35783024313152,211.85468275416935,2.6550495568942476,96.74014286166133,1.1840906059055176,0.0
13.243613506410867,0.8633513321556258,1.639614744295725,1.4990707499909193,Si1,Si1,combo_002,19.853113631645208,1.4155635737097199,hybrid,0.65521514,0.34478486,0.6895697,0.077361576,0.23381622454294876,283.68362,0.42680532,0.6133171463612618,0.0,0.14969522147887954,0.9999998219999998,0.5919525480590754,0.5894358763715482,0.262377835851441,283.0405187037908,3.088175783513245,1143.9783317354154,7.000408902222482,219.4122243860217,2.2298660497012017,94.11334650940594,0.944277731239296,0.0
8.964757387984651,1.2082595321060459,1.1705729445052904,1.4895175727237748,Si1,PU,combo_001,13.353163664608426,1.4143559182239585,hybrid,0.27696317,0.7230368,0.55392635,0.27816162,0.8407106189948228,281.05313,0.7435656,0.5808794779325183,0.8202455043792725,0.06503634073146565,0.9999998089999999,0.5914849098066539,0.55762121971001,0.46871596455964887,282.3752897324533,3.1293568949903143,797.7888208895829,7.092132117505186,159.14309268850192,2.2266576297990017,71.65400665402942,0.9264907635129183,0.0
13.90350952403988,1.0360916151661557,1.1753335074045108,2.126051173740141,Si1,Si1,combo_002,29.559572742692215,1.2177531920456424,hybrid,0.30897155,0.6910285,0.6179431,0.18860348,0.5700317231615288,283.486,0.3303185,0.6108800687620165,0.6068565050760906,0.08352980434811381,0.9999998219999998,0.5913309545138049,0.58503585835291,0.36811076647521923,282.437703084474,3.128215370974169,1144.8992731182739,7.096628562578357,223.88578807231454,2.1817884612640874,90.47134390330706,0.9295402150466345,0.0
13.366670895487331,0.9068497395884741,2.2414272974419758,2.2853041166600874,Si1,PU,combo_001,30.546908023497775,2.032637760991753,hybrid,0.36351496,0.63648504,0.7270299,0.05965776,0.18030853136777455,283.4897,0.27741855,0.6109256040290808,0.24323360125223806,0.03130590142743274,0.9999998089999999,0.5911205832069508,0.5834162149321855,0.22276784590659765,283.19821325121535,3.1006523904945826,1178.4449397262088,7.421726992722684,223.35933514131216,2.4226944994782436,92.88218645344922,1.0298393109495518,0.0
8.364397153900212,1.0370697138121092,1.5207690576928692,1.437525623745696,Si1,Si1,combo_002,12.024035235917125,1.5771435314358548,hybrid,0.27744827,0.7225517,0.55489653,0.22614843,0.6835069014247275,284.58136,1.6333292,0.6243874848011934,0.8170113563537598,0.24184311023871413,0.9999998219999998,0.5910244581231411,0.6045476122371003,0.4588219475176054,284.4731552114673,3.2396572077580235,806.9814634128992,8.711359493851576,168.72667584387844,2.559794640500537,74.13313152542032,1.0307976525948301,0.0
12.846211188939584,0.8299729688152228,2.6259125955155618,0.5525846292954032,Si1,PU,combo_001,7.098618847690641,2.179436472749338,hybrid,0.3339433,0.6660567,0.6678866,0.12010108,0.3629913232617993,282.7068,0.46077615,0.6012713747623981,0.440377950668335,0.09144466337773884,0.9999998089999999,0.5910004098875519,0.5766671392269976,0.29956191491464756,282.7060116200134,3.2153796967889545,1127.9124506034502,8.357664065633312,198.47094101521913,2.6914748789515195,89.97929725498767,1.0292895485125744,0.0
12.951463891108023,0.9889111867918351,1.548627096002595,1.1667519299615838,Si1,PU,combo_001,15.11114549077805,1.5314546594059193,hybrid,0.6547607,0.34523928,0.69047856,0.087061785,0.26313395994211125,282.99545,0.3332227,0.6048310284083618,0.0,0.1024243982656727,0.9999998089999999,0.5908639398914906,0.5800427842663516,0.26359146710095654,284.47366582027024,3.0963729141169543,1156.0470199860636,7.714048557118092,209.63481755303889,2.3493240779843956,92.49393160879141,1.0203680812162819,0.0
9.190868250078513,0.7510060014317685,2.917200934582028,1.5434433894919162,Si1,Si1,combo_002,14.185584844274816,2.190835409253467,hybrid,0.6725666,0.3274334,0.6548668,0.13407451,0.4052243639717337,289.34784,2.0926154,0.6831648591172707,0.0,0.09909328379160473,0.9999998219999998,0.5905638106774972,0.6551635319479224,0.34961493699884355,287.1779187937199,3.233636929674157,883.4827124255675,7.584860702511442,182.67130231866528,2.358140126579514,76.94395593339469,0.9648503436013375,0.0
15.239898071246524,0.8959818440951351,2.3230131517898025,2.362390255067363,Si1,PU,combo_001,36.00258669173269,2.0813776075978794,hybrid,0.7055248,0.2944752,0.5889504,0.19448745,0.5878153479427954,283.5101,0.9025574,0.6111773651337589,0.0,0.19155258457991817,0.9999998089999999,0.5905207439714459,0.5895757419833103,0.40250480815026907,284.08890414035136,3.205855256485294,1311.1402192883147,8.38906401455236,251.76248572126815,2.870395231638271,100.65486339021714,1.122075714854975,0.0
13.915682250300543,1.1317464111123972,1.2861964930552598,2.4306429829456135,Si1,PU,combo_001,33.82405541459384,1.4556482650006415,hybrid,0.33959278,0.6604072,0.67918557,0.11224401,0.3392442593363726,283.07523,0.14622766,0.60581474070676,0.4027145703633627,0.061220617022773975,0.9999998089999999,0.5903076816796633,0.5793765140031776,0.28013916306435704,282.77142188164373,3.196331378480346,1159.52625460781,7.746318773187727,224.3383053350265,2.2748593644048807,92.54053289841723,1.0388471415727527,0.0
15.919068633622054,0.9038158321468164,2.2306333894904,2.0314157214799105,Si1,PU,combo_001,32.338246293657555,2.0160817731367393,hybrid,0.7161649,0.2838351,0.5676702,0.21861872,0.6607492553357359,283.25748,0.89906085,0.6080621507473241,0.0,0.20237864771521635,0.9999998089999999,0.5901794278474685,0.5870282594235856,0.4295824676616838,282.9633158822758,3.2519976160543242,1364.5798988233698,9.29113067687127,258.6850626809513,3.1677119716611326,103.49973294442553,1.234165492906293,0.0
10.233794738981082,1.162538121614906,1.4163815701045481,1.282508922138101,Si1,PU,combo_001,13.124933060073197,1.6465975699993127,hybrid,0.3517104,0.64828956,0.7034208,0.05869307,0.17739286981433858,282.23172,0.7347339,0.5954131309409881,0.3219304084777833,0.13560764857056215,0.9999998089999999,0.5899342926702771,0.5730934895969791,0.24695576383572315,283.74143336462663,3.1584671565685944,898.9665819412404,7.486736490722829,183.06601999693476,2.4040864494789487,81.51904224282009,0.9867244374644655,0.0
12.898864617012755,0.986816598873914,1.8151137576619618,0.696166854907653,Si1,PU,combo_001,8.979762012305377,1.791184384905227,hybrid,0.30890855,0.6910914,0.6178171,0.15978216,0.4829226904779083,282.42276,0.37620768,0.5977689224436558,0.6072761217753093,0.17490533072800654,0.9999998089999999,0.5898399949240707,0.5757971215699565,0.35228854219258715,282.5210222997867,3.1498241106217937,1141.866266395645,8.303765388760706,202.55563791192492,2.603620626294097,90.7817711138013,1.0032947570241373,0.0
14.285470845267975,1.0647910907528026,1.2542426808941025,1.269634168036129,Si1,PU,combo_001,18.13732189163618,1.3355064322579508,hybrid,0.6548953,0.3451047,0.6902094,0.10834043,0.3274461418288967,282.92996,0.24248348,0.6040234359858818,0.0,0.018674543691044026,0.9999998089999999,0.5896725030357317,0.5766246615568991,0.2716407620672621,284.30981679568566,3.1363952572926848,1209.4259667102506,6.984848932529578,216.3588148893709,2.33221918521038,92.72765216056175,0.9294523773816881,0.0
8.703902213115315,1.0220660399358756,2.50485216808012,1.8545803930927796,Si1,PU,combo_001,16.142086387840514,2.560124336054441,hybrid,0.3216321,0.6783679,0.6432642,0.14553976,0.4398767319315838,284.40594,0.89510226,0.6222243714533766,0.5224527517954509,0.10513618513211821,0.9999998089999999,0.5896285453630701,0.5971331331840869,0.33760793528106764,284.2099482751245,3.050636631780208,833.4552376692368,7.372562530332646,171.05340572286326,2.239742238786256,74.49548913989125,1.0669616287947528,0.0
13.850338189188253,1.0215895609311183,1.2600364279796294,1.237302274559907,Si1,Si1,combo_002,17.13705494490657,1.2872400612169244,hybrid,0.32981572,0.67018425,0.65963143,0.121587105,0.3674826605301053,283.00143,0.31469923,0.6049047880145156,0.46789503097534185,0.11366456050832172,0.9999998219999998,0.5895953388597638,0.5804146465683042,0.3014121858582864,281.37877560068216,3.1272489429387815,1147.2358802996926,7.016480842655939,218.37738669748376,2.2634975079705377,92.74443346813162,0.9229179111699078,0.0
14.226360232550128,1.1208481216531478,1.2730831977161323,1.2768021603165878,Si1,PU,combo_001,18.164247478361997,1.42693291086831,hybrid,0.3378045,0.6621955,0.675609,0.12339784,0.37295539904898073,282.399,0.6883148,0.5974757656416465,0.41463669141133636,0.03234361792280525,0.9999998089999999,0.5895544706188927,0.5718099904774204,0.2989423530154801,282.3143312253507,3.143557125516524,1192.9964374180693,7.11967451023482,218.42925615566062,2.315551099276432,93.76264137521662,0.93368254115351,0.0
9.888804592004869,0.7111407429801475,2.8995755351354524,1.3534410185575094,Si1,Si1,combo_002,13.383913759319245,2.0620063003832843,hybrid,0.6736008,0.3263992,0.6527984,0.12716493,0.38434097764336334,288.73785,1.6923168,0.6756428845876669,0.0,0.12300687330393338,0.9999998219999998,0.5892495686857412,0.6482432230478519,0.3375219566650385,286.8216138618141,3.153629216482056,925.6572084287465,6.995010322612014,188.82126826169485,2.1684805006394847,79.60688428963432,0.9495743339670495,0.0
14.827070577962507,0.736557326101021,2.3182454436245106,1.8162397594904418,Si1,Si1,combo_002,26.92951510046643,1.7075206652019448,hybrid,0.283539,0.716461,0.567078,0.22073855,0.6671561738114713,283.198,0.41412055,0.607328694255519,0.7764066855112712,0.18917687800131094,0.9999998219999998,0.589104888780216,0.5850882138090694,0.41970380949699143,283.51703522057835,3.154351335118523,1239.5556749586938,9.006529077538419,243.15322627773844,2.523987525007414,99.48976233099776,1.0859029739407806,0.0
13.3784310960534,0.9374959858588797,1.959947042929909,1.601484846027768,Si1,PU,combo_001,21.425354663956185,1.837442485242771,hybrid,0.64321977,0.35678023,0.71356046,0.04017933,0.12143728061914705,283.3878,0.40894735,0.6096690564528178,0.0,0.14593822080914673,0.9999998089999999,0.5888911949886158,0.5859349145375587,0.2221082169828136,283.75850593981136,3.0776522632505197,1188.1189357665826,7.212465487671056,215.4021410236962,2.3276233074808075,92.02854056110856,0.9598299174520074,0.0
14.796342488482855,0.5848947149649163,2.8204259812128787,1.5046315826010213,Si1,Si1,combo_002,22.263044215152693,1.649652250361151,hybrid,0.6744177,0.32558233,0.65116465,0.13828495,0.4179499284046823,283.48477,0.60843945,0.6108650157811688,0.0,0.08802185103135154,0.9999998219999998,0.5888582288085431,0.5856552783207661,0.32137186392642897,283.93870855769023,3.1801402258617246,1248.4526852400854,7.352104947360601,237.01283070936339,2.3966871690072606,97.71176522820136,0.9530174962139759,0.0
13.76498717180524,0.6505955539197759,2.1260975322156908,0.5288871850361615,Si1,Si1,combo_002,7.280125317354948,1.3832296016593357,hybrid,0.3402093,0.6597907,0.6804186,0.07271446,0.21977087336559603,283.041,0.5930566,0.6053925045939816,0.3986046314239503,0.18095438788570087,0.9999998219999998,0.5883863749967878,0.5833809717712118,0.2656273976228873,285.6477233612746,3.2146320199582226,1187.4033764209212,9.096472412801415,206.4057641336332,2.7576453350219237,94.27228532648991,1.1602118847547758,0.0
13.810467816735759,0.6045474337384502,2.7391474312434374,2.032960151398247,Si1,Si1,combo_002,28.076130743591744,1.655944550189488,hybrid,0.33809137,0.6619086,0.67618275,0.099153005,0.29967824216628686,283.47064,0.24705184,0.6106907775278565,0.4127241770426433,0.10660161811775888,0.9999998219999998,0.5883721793717963,0.5854046166397229,0.2752065912990895,284.23593565802105,3.1736942489393756,1180.7053639358048,7.319293830219252,230.2899246478417,2.281152805806641,93.88211462567108,0.9574256268826467,0.0
14.624549135268186,0.632819386902856,2.392561846587604,0.9692646082530236,Si1,Si1,combo_002,14.175057888472814,1.5140595208847327,hybrid,0.6657408,0.3342592,0.6685184,0.09334424,0.28212194163871446,283.01764,0.36480358,0.605104616335269,0.0,0.1621298308473327,0.9999998219999998,0.5882582896485606,0.5821422543730178,0.27985348059073734,284.57270469058346,3.1039978562945527,1241.4749573801919,7.359456611946952,222.92261667602048,2.21489942341076,97.6091749410343,0.9901640819004879,0.0
15.812492990335251,0.8885489000094308,1.916326280464443,0.5654514759001432,Si1,PU,combo_001,8.941197499045737,1.7027496085658447,hybrid,0.28932166,0.71067834,0.5786433,0.21636115,0.6539260148389706,281.3104,0.6323606,0.5840518936461744,0.7378555933634441,0.1432027132975667,0.9999998089999999,0.5881400135164324,0.562685508089493,0.41274084769260616,280.9198519683614,3.1956496249581683,1384.0489597347546,10.442458336976786,231.48589243252985,2.999452914373424,101.51457566418182,1.2381194588951698,0.0
10.97017741481397,0.8125810552533873,2.66208900482542,2.3003951826505724,Si1,PU,combo_001,25.235743277860166,2.1631630927194796,hybrid,0.6752111,0.32478893,0.64957786,0.12906152,0.39007319683339453,285.0006,0.85270464,0.6295574310733415,0.0,0.12253767655003904,0.9999998089999999,0.5881333475957403,0.6043255987759014,0.3219003250299973,285.1406356379467,3.090186423924182,1016.0283463383096,7.107230731488207,196.7328059866295,2.2065038752521047,82.30305288581559,0.9413730298583733,0.0
12.787594244278672,0.8056462300358344,2.35948279788371,2.141742079920292,Si1,PU,combo_001,27.38772869391816,1.9009084209494136,hybrid,0.65685374,0.34314626,0.6862925,0.08673128,0.2621350392988352,283.60834,0.4479741,0.6123887537674788,0.0,0.10126898300403561,0.9999998089999999,0.5880760870579113,0.5871669109261823,0.26546815343830643,285.39502151282164,3.1114740721106515,1155.1501804406998,7.123044700442758,213.40916692015264,2.307636962319649,89.78585135551732,0.9245615460835951,0.0
13.603922829049026,0.9383282069367008,1.4811329762267635,1.1941116206390596,Si1,Si1,combo_002,16.244602336444434,1.3897888498176783,hybrid,0.3421781,0.6578219,0.6843562,0.096927755,0.2929526869208861,283.23526,0.33290398,0.6077881864958956,0.38547929128011077,0.07335438505757648,0.9999998219999998,0.5879875264416818,0.5818906983181074,0.2696608568994353,282.01853882308086,3.0983789627022222,1161.5840649258794,7.273087984173642,221.01853057601062,2.219072295497617,96.9804450840125,0.9837699849874016,0.0
15.89750600440225,0.8266664236733213,2.2615316719757828,0.7082126982499913,Si1,PU,combo_001,11.258815622823155,1.8695322992961672,hybrid,0.32637993,0.6736201,0.65275985,0.14571486,0.4404059617097234,281.3274,0.37559867,0.5842615064044788,0.490800698598226,0.04430385933436296,0.9999998089999999,0.5876017325688365,0.559451163074433,0.31780473110850777,280.55004010763344,3.135251220507667,1374.9367604680729,7.809739527833734,232.69483611410683,2.4371109070358976,102.38976510368109,1.1142534636366284,0.0
8.271103620264249,1.0653196046705875,2.486158575210072,0.668523745955614,Si1,PU,combo_001,5.529429175406096,2.6485534704911853,hybrid,0.7059006,0.2940994,0.5881988,0.20822473,0.6293346422886794,286.23926,2.1201985,0.6448316907395191,0.0,0.12275828195895984,0.9999998089999999,0.5875301508894065,0.6206564070455753,0.4321800859201185,283.80158711317955,3.261688812661935,796.4486363169915,9.688176370478152,163.93101217879573,2.9009767984235264,72.98525187510108,1.2753107796604108,0.0
8.490572835293984,1.0591611405597794,1.1848447557197541,1.8073545644639852,Si1,Si1,combo_002,15.345475568782502,1.254941522854408,hybrid,0.71167815,0.28832185,0.5766437,0.19354779,0.5849753147703433,285.81717,1.9441524,0.6396267462869001,0.0,0.2283058868356124,0.9999998219999998,0.5874582964753776,0.6187187393486935,0.42880507989119493,284.54151276484373,3.306354256593117,808.8977300007348,8.198089056103504,162.01746266449075,2.444678334965412,71.33694078909491,1.0034609709818916,0.0
8.510942636110887,0.7970332226083003,2.775132966675657,2.33169189619811,Si1,Si1,combo_002,19.844895973626734,2.211873171596032,hybrid,0.33721313,0.66278684,0.67442626,0.1149126,0.3473097553833401,285.86075,1.0451952,0.6401641377031635,0.4185789426167807,0.0507335190332296,0.9999998219999998,0.5873486158795851,0.6122746668370407,0.3001877604957093,285.08530473725284,3.4078312534188244,848.076942667829,8.928412590733165,176.16173972266688,2.608215857296915,74.14251196439693,1.050020862067751,0.0
10.583552279471398,1.0453876027349094,1.2102140837723177,1.1485000373237457,Si1,Si1,combo_002,12.155210187990715,1.265142799830768,hybrid,0.66619503,0.33380497,0.66760993,0.11429785,0.3454517539794467,284.61646,0.7443944,0.6248202580005653,0.0,0.08214066299262135,0.9999998219999998,0.5870185880747268,0.5985613528561732,0.2979583435769021,284.98721224778103,3.1451180706618627,921.3618937354286,7.503079752887259,185.80977773875304,2.4394689036724864,78.99124317029124,0.964944192482659,0.0
12.818625649606325,0.8146669573177168,2.8943479845062203,1.1679134587295026,Si1,PU,combo_001,14.97104541859044,2.3579296659563487,hybrid,0.33179048,0.66820955,0.66358095,0.091337435,0.2760566062837603,283.10205,0.56077766,0.6061455299608886,0.4547303517659506,0.18240751480276376,0.9999998089999999,0.5869960986604457,0.5840594914690377,0.2848703707139998,281.92477214313794,3.1564988780170067,1122.7141571887669,6.899696901669295,207.45363313751832,2.2243579512802483,90.36138642445133,0.9007800732983204,0.0
12.526497281634875,1.064140406549789,1.5085215416730138,1.834508797852984,Si1,PU,combo_001,22.979969469440665,1.6052787266450355,hybrid,0.32363313,0.67636687,0.64726627,0.11069843,0.33457293170058,283.19702,0.5450467,0.6073166518708409,0.5091124375661215,0.18902721737792264,0.9999998089999999,0.5869103471031811,0.5853073183109191,0.30601508208331396,282.56912014698037,3.104833909438731,1099.9613882581552,7.962315365101891,212.51600101768878,2.420471873157756,91.0235235267504,1.0150368755633008,0.0
14.352625472202915,0.818004820564578,1.4168416580501004,0.5891190974968884,Si1,Si1,combo_002,8.455405764895033,1.1589833062616917,hybrid,0.69416565,0.30583435,0.6116687,0.15726353,0.4753104467913525,282.67227,0.59585446,0.600845751728929,0.0,0.18834064409457135,0.9999998219999998,0.58675286780509,0.5794245617073357,0.356232693753138,285.43691630681894,3.2295943669245792,1235.2432487080855,8.416899401867976,214.6681969889637,2.5518544998132215,99.80915266616468,1.0508383524174252,0.0
8.911971616011442,0.9965297209938057,2.7746276584883485,1.4144925804822472,Si1,PU,combo_001,12.605917728316568,2.7649989263750903,hybrid,0.33787483,0.6621252,0.67574966,0.0758075,0.2291192032990863,285.02917,0.7959723,0.629909670825178,0.41416780153910326,0.17823076942970636,0.9999998089999999,0.5866633379948031,0.6062187643755899,0.2727340340437101,284.71913228852463,3.100003903419781,844.5825305422925,7.097151470772539,174.1134050509986,2.329872299302851,75.29916709390508,0.995033006425332,0.0
8.918103923455636,1.110487512922647,1.8980994307763726,0.9130361179658337,Si1,PU,combo_001,8.142550985887805,2.107815716162746,hybrid,0.2958156,0.7041844,0.5916312,0.20232141,0.6114925594823916,282.6522,1.6516927,0.600598130193984,0.6945627530415853,0.12019133331583491,0.9999998089999999,0.5865688162627265,0.5790447675593967,0.41575316918320426,284.4261930684686,3.122547354124072,824.3639687338742,7.751098572536491,170.37055091435656,2.3642155472445605,75.68503862025298,1.0105834916139536,0.0
12.688319141656354,1.0444942766689769,1.1423276276475816,2.278064079109095,Si1,Si1,combo_002,28.904804060879684,1.1931546691587491,hybrid,0.31664634,0.68335366,0.6332927,0.1455078,0.4397801275682011,283.29883,0.22606257,0.6085720704735404,0.5556910832722982,0.1268270543350358,0.9999998219999998,0.5864465958484922,0.5840245478179726,0.326837150075543,281.2618568084485,3.2034844384536205,1059.7131357266085,7.829864482097154,211.6627891242089,2.6151115784367995,85.9672576773895,0.9544034271833257,0.0
13.044291772187595,0.787799837971982,2.6681572759969354,2.2867283233968063,Si1,PU,combo_001,29.828751454113295,2.1019738697141506,hybrid,0.6662613,0.33373868,0.66747737,0.09873027,0.29840058753467735,283.79388,0.55343306,0.6146768068563317,0.0,0.13339787970793104,0.9999998089999999,0.5864173496366756,0.5904248126042594,0.28518573240395,284.3125406857809,3.1446178860300393,1160.4954459864118,7.119177889460327,218.06072588248895,2.2044601066540728,90.52131590330946,0.9479440869519864,0.0
10.718387346880052,0.9124702463810713,1.588845252267367,1.0762012863243537,Si1,Si1,combo_002,11.535142250034989,1.4497740187977999,hybrid,0.6441299,0.35587013,0.71174026,0.044223662,0.13366079510300097,286.69342,0.5343486,0.6504321522639118,0.0,0.11658530466224018,0.9999998219999998,0.585899180812072,0.6227811461836665,0.22460583669706005,286.64133161040604,3.0702080296697765,965.3431603504819,6.973965564488448,193.59925622931667,2.1979924323683226,83.57360007168081,0.9698911741177557,0.0
13.392138807180922,0.8791838638270155,2.282160906229416,0.9388796843735039,Si1,PU,combo_001,12.573607056372177,2.0064390434137414,hybrid,0.6650914,0.3349086,0.6698172,0.080188066,0.24235895515242636,282.92804,0.3406433,0.6039997275410467,0.0,0.1838454208805341,0.9999998089999999,0.5858353817691859,0.5817339189186137,0.26868854448716706,283.21333967112804,3.120767229201791,1176.115388433099,7.658554936366485,207.85961215314276,2.5392358416968315,92.36737999079793,0.9861763994732003,0.0
15.287812825516927,0.9335712824103156,1.4826330741175011,2.109856420018133,Si1,Si1,combo_002,32.25509003795244,1.384143660347824,hybrid,0.68386424,0.31613576,0.6322715,0.11883066,0.35915162633558345,284.1074,0.7567784,0.6185427886625464,0.0,0.21878074926808008,0.9999998219999998,0.5854688368210448,0.5969074808794563,0.32350827947949706,284.6413648262318,3.2660463237243493,1280.3413437747006,7.909722857499076,252.87735909094982,2.5918146765157557,103.73625474804649,1.0934532454071386,0.0
14.788593602773286,0.698750503500881,2.453641287018056,1.5471935524937726,Si1,Si1,combo_002,22.880816672661478,1.7144830847144163,hybrid,0.3091027,0.6908973,0.6182054,0.1637387,0.4948808694807045,282.94614,0.3407441,0.6042228879821141,0.6059819062550863,0.12229703632081147,0.9999998219999998,0.5851572233005444,0.5800929559608372,0.3478410670891614,283.17773880541915,3.131881431271279,1237.6898102252512,7.634849723855484,237.415393151267,2.3488156552433006,98.80664302391142,0.969527199456695,0.0
13.638784869369815,1.1723420412552543,1.1571785222757198,2.109757082260897,Si1,PU,combo_001,28.77452297158573,1.3566090309014562,hybrid,0.32202595,0.67797405,0.6440519,0.11105365,0.33564654620710555,283.00555,0.34094307,0.6049555918248767,0.5198269685109457,0.18603842147356986,0.9999998089999999,0.5847777537621247,0.5826796414096046,0.3016744203194831,281.9275688494772,3.183940224103549,1104.9128652946902,7.274136516197569,213.30034642275507,2.1603228044494966,87.91751229402911,0.9314448660386597,0.0
10.996405058454844,0.6587827306780119,2.662229615803199,1.7310352805522644,Si1,Si1,combo_002,19.035165115428722,1.7538308959907059,hybrid,0.30301988,0.6969801,0.60603976,0.18971056,0.5733777470205098,284.40927,0.52939385,0.6222653908261866,0.6465341250101726,0.08030971418571659,0.9999998219999998,0.5843398044838329,0.595770576983645,0.3729618200614916,284.4388445394717,3.0658952910397423,1000.5954960233111,6.96450952024256,199.6302994523893,2.1831119357660578,83.12901761283861,0.9283441994178732,0.0
9.687201708734849,0.9830371292494687,2.4634916370619813,1.922851009140788,Si1,PU,combo_001,18.62704558139117,2.4217037468274842,hybrid,0.6399132,0.3600868,0.7201736,0.049275074,0.1489280901438959,285.47052,0.7168851,0.6353520760506698,0.0,0.046025789652923775,0.9999998089999999,0.5842107820697571,0.6071178709449848,0.22318256761741362,284.9683182898017,3.0446337930388734,898.8830572850783,7.3455900463329975,182.8358864282045,2.213779878772391,78.051261062781,1.0190009613205082,0.0
12.897726182662861,0.5943634179533173,2.5713237407466796,1.0938818044356529,Si1,Si1,combo_002,14.108587989808216,1.528300767214706,hybrid,0.659591,0.34040898,0.68081796,0.06101216,0.18440204556249096,283.3628,0.34779575,0.6093608466699607,0.0,0.1879331479335098,0.9999998219999998,0.5842084566488148,0.5868016007584332,0.24916635578431437,284.84074629456944,3.174968020105978,1125.1285785803057,7.758800214407238,207.32029099769906,2.5599344301482234,90.46299009204985,0.9876374498118233,0.0
14.809618089702333,0.898318301184149,2.3842826617534087,1.9754504393949925,Si1,PU,combo_001,29.255666562574504,2.141844750249143,hybrid,0.31996137,0.68003863,0.63992274,0.16287786,0.4922790820342636,282.50696,0.3507797,0.5988072017976269,0.5335908730824789,0.014264423201764184,0.9999998089999999,0.5839146055035463,0.5718875339553073,0.3309354068390288,283.3331741578187,3.08147940446705,1273.3956756865657,6.780378060167396,239.4892226930036,2.1503615188401977,98.65698532124412,0.9364128567359934,0.0
12.865693539304647,0.862596053134023,2.4989457476741155,2.391326496216593,Si1,PU,combo_001,30.76607385274184,2.1555807389397423,hybrid,0.32091504,0.67908496,0.6418301,0.11989418,0.3623659845272687,283.56854,0.38058892,0.6118980265918433,0.5272330443064372,0.15513779560819718,0.9999998089999999,0.5835238682958408,0.588210724318929,0.30722018301462395,282.6089610620914,3.119567824012711,1138.8340877694964,7.206903213129522,218.4909067325472,2.292324591956126,90.54853556422883,1.0072643842376583,0.0
14.209516130217274,0.947025468310733,1.618041983807175,0.7032963012723115,Si1,PU,combo_001,9.993500137251058,1.5323269674614173,hybrid,0.6736423,0.32635772,0.65271544,0.11090967,0.3352113762018911,282.23444,0.3407957,0.5954466238233743,0.0,0.13574756278338757,0.9999998089999999,0.5834552120747768,0.5724224009353033,0.2939754002383048,284.53333851635574,3.144693911359663,1268.7033502588129,8.338321866282659,214.31884842971152,2.5059260591496177,97.22289543011689,1.111442050772571,0.0
11.62548300793906,1.0120409343907786,2.0700764223883894,1.109367558573244,Si1,PU,combo_001,12.89693370175209,2.0950020767742656,hybrid,0.31298995,0.68701005,0.6259799,0.13542086,0.40929354692760744,283.4405,0.62422705,0.6103189689009179,0.580066998799642,0.17226625059779926,0.9999998089999999,0.5833160251544468,0.5877085448047368,0.3313089304071794,282.02712390094706,3.087379790004789,1028.3582058097236,7.485737221361073,198.81003651392066,2.263743108462935,85.79703810472142,0.9703578505544672,0.0
15.006218362980984,1.1201302835935678,1.4400305500519397,1.8939474045145355,Si1,PU,combo_001,28.420988320146197,1.6130218284130806,hybrid,0.31654203,0.683458,0.63308406,0.14826588,0.44811611583264,282.79596,0.22263321,0.6023709950133238,0.5563864707946778,0.09064111237845747,0.9999998089999999,0.5829591581584497,0.5772278330618772,0.3242551398946236,282.44375790585826,3.2026402121475406,1272.9315677472475,8.910563356003783,240.3939201470508,2.678086924541613,101.76584584423887,1.0911128743208702,0.0
10.550634199420784,0.7147908422094659,2.7064163583596708,0.9587938990666347,Si1,Si1,combo_002,10.115883701688436,1.9345216281613846,hybrid,0.6853917,0.31460828,0.62921655,0.13836364,0.41818776879770037,289.42334,1.557473,0.6840958859827019,0.0,0.14199219892855602,0.9999998219999998,0.5827160147750028,0.6563478484035461,0.3493963492871881,286.1621058597041,3.134476511608993,960.2646296397281,7.509101405704985,192.50063571015875,2.2750301095902468,81.7284362208226,0.9735175125890402,0.0
14.39208914919715,1.0380153975538207,1.186369896164209,2.153812447606297,Si1,Si1,combo_002,30.997860756600343,1.2314702194127765,hybrid,0.30254802,0.69745195,0.60509604,0.19190103,0.5799981859096703,283.54102,0.32769412,0.6115585818737274,0.6496796607971191,0.06166654902104082,0.9999998219999998,0.5823943612026043,0.5849994887631653,0.3682646602230988,283.1091303993451,3.152030781489832,1178.3108888029624,6.960669764883037,230.61967040527918,2.107120632486321,92.52240881967931,0.9434834256558982,0.0
15.867404033137397,1.1032274785052214,1.6208998994641242,2.2743995648536792,Si1,PU,combo_001,36.088816828325214,1.7882213089951726,hybrid,0.28341374,0.71658623,0.5668275,0.22251514,0.6725257100465746,282.49298,0.6956788,0.5986348451669207,0.7772415479024252,0.12855165623747364,0.9999998089999999,0.5820315305665091,0.5757757840675806,0.4183771591822964,281.9309866921527,3.472525509751624,1344.170032242179,11.111364716811213,260.6876173971443,3.369322666377029,104.28894955408082,1.2223814439229823,0.0
12.841168214054449,0.939712126106708,1.4945184950001316,1.6663100376405868,Si1,Si1,combo_002,21.397367490110174,1.404417152442371,hybrid,0.29897562,0.7010244,0.59795123,0.16469859,0.49778201786113346,283.3355,0.31115606,0.6090244125480143,0.6734960873921713,0.1886917459749818,0.9999998219999998,0.582006466527636,0.5864491658856247,0.35819694587333417,281.6493659716524,3.0777658439579945,1112.1034794684122,6.882778588548631,219.5176618410056,2.1697088780493887,93.33893701058267,0.9588642808575363,0.0
12.901542521602657,0.9474120847426124,1.9859244718079387,1.1582509859322894,Si1,PU,combo_001,14.943224345693633,1.8814888439769306,hybrid,0.6487317,0.3512683,0.7025366,0.048272144,0.1458968523911449,283.27277,0.5226411,0.6082506893324416,0.0,0.11287949509963315,0.9999998089999999,0.5817859202898222,0.5838420411033741,0.2280877626047974,282.9453888353196,3.112833018379768,1144.905805214069,7.713785569508688,206.89398892142444,2.4689359560653648,90.21890332485394,0.9909127643393699,0.0
14.183701720154424,0.8194463364249632,1.8561461018208858,1.6740358565739124,Si1,Si1,combo_002,23.744025258487586,1.5210121230066016,hybrid,0.691526,0.308474,0.616948,0.1477433,0.4465366682690831,283.83795,0.64829195,0.6152202194649342,0.0,0.15808419656890887,0.9999998219999998,0.581720298549213,0.5918353681763309,0.3427199492139641,283.86343949581885,3.1135594486407014,1198.6944927075406,7.414780740807426,230.6139541993048,2.302641453532975,96.8376806587224,0.9713791599247862,0.0
11.449389458763129,1.0319703402872005,1.1146719132972707,0.7719684596593956,Si1,Si1,combo_002,8.838567544521894,1.1503083536739693,hybrid,0.6830734,0.3169266,0.6338532,0.16406602,0.4958701522061419,283.71423,0.5458219,0.6136945998560183,0.0,0.019600548458515197,0.9999998219999998,0.5815222378347676,0.5860936201597872,0.3370713218233672,284.2901376040692,3.144939012794725,959.6076151430254,7.875139287774871,185.717975277473,2.512211804057252,81.08880323976769,1.0489815946082788,0.0
10.990410388143234,1.0277784910011785,2.0741828609031745,1.514350423113639,Si1,PU,combo_001,16.643332621477242,2.131800530839572,hybrid,0.3194873,0.68051267,0.6389746,0.12251102,0.37027508959435446,283.86124,0.5584601,0.6155073550746044,0.5367511113484701,0.142976049421452,0.9999998089999999,0.5814605810177711,0.5914852726116625,0.3118836567257087,282.85000047005497,3.064533669325633,980.8157642549471,6.806524856030872,195.98514922388952,2.1211515032801906,83.50005721293833,0.9152444382635297,0.0
13.084463765625564,0.8058135998673818,2.7089835539811826,1.1615982967293346,Si1,PU,combo_001,15.19889082376735,2.1829357896151107,hybrid,0.6799828,0.32001722,0.64003444,0.12648672,0.38229116365968135,283.38736,0.66132325,0.609663787909521,0.0,0.12355856569425414,0.9999998089999999,0.581417880094076,0.5857110394249625,0.3153276797877391,283.29184424390985,3.1373940906680113,1150.3259845322032,7.295598535575443,207.61557478122455,2.3545510280615987,90.7408397793191,0.9562778484682147,0.0
11.079471254553715,0.964765678332927,2.241375132006044,1.120177127180148,Si1,PU,combo_001,12.41097028060101,2.162401799628365,hybrid,0.6827272,0.31727278,0.63454556,0.12381527,0.37421702050885863,284.8964,0.9010507,0.6282722828334677,0.0,0.15830941395689413,0.9999998089999999,0.5813716042760837,0.6043030705458617,0.32272741092588764,284.18121268844874,3.0703378813774336,994.7484750430528,7.292635787324171,193.80663863291778,2.284466842435579,83.40147920427277,0.963307368884454,0.0
8.872518276291535,1.1053888142176742,1.6609383214878495,1.8480852228359939,Si1,PU,combo_001,16.39716991575667,1.8359826416781482,hybrid,0.29399508,0.7060049,0.58799016,0.16752894,0.5063364355719154,282.4414,0.67230463,0.5979988567261046,0.7066994508107504,0.21968606333331622,0.9999998089999999,0.5813145853343776,0.5778828108246977,0.3733922864614564,284.4735268724559,3.0743092259057,828.1369718445624,7.391941402018279,168.54953787470328,2.2341125535927917,75.34320575037327,1.0442639520935655,0.0
12.780851434004877,0.5793708532256256,2.464025065481937,2.293847058443752,Si1,Si1,combo_002,29.317318466298698,1.427584304557598,hybrid,0.67264766,0.32735234,0.6547047,0.11454421,0.3461963506879807,283.67606,0.29189208,0.6132238178800059,0.0,0.09462952456750424,0.9999998219999998,0.5810440092662924,0.5874562231543569,0.2906297908827251,285.5494626087737,3.134245161385007,1131.7428623939422,8.164779017781607,218.54757038025312,2.483792580750284,90.22414440866076,1.0283852316745925,0.0
8.752161840977976,1.0966017409617792,1.210559770847503,0.9129202737361506,Si1,Si1,combo_002,7.990025983648706,1.3275019522496645,hybrid,0.2619257,0.7380743,0.5238514,0.29194456,0.8823679517433958,282.26532,1.521895,0.5958274642388216,0.920495351155599,0.0737732822906159,0.9999998219999998,0.5809528457614742,0.573030562656147,0.5008825896437623,284.3257272238359,3.240680889053321,804.9185523848994,7.661458198942017,165.04906588316442,2.342226922100965,72.75922331357432,1.0079181981798429,0.0
12.528788126479412,0.7796084739013798,2.999705579927851,0.7967739225067169,Si1,PU,combo_001,9.982611659790582,2.3385958893210055,hybrid,0.3213711,0.6786289,0.6427422,0.11544478,0.3489182067744114,282.9913,0.59542084,0.6047798482734795,0.5241928100585939,0.14550987889279687,0.9999998089999999,0.5808218425423786,0.5817582300797699,0.3055617253044518,282.6574055458766,3.230425734222895,1106.4718273315993,7.685017337292675,200.68460633431113,2.3757513771037244,88.15866184418915,0.9579653227045267,0.0
11.525611230536258,0.7333287537131157,2.931485241673059,2.1359174287949365,Si1,PU,combo_001,24.61775390481705,2.149742418804496,hybrid,0.6781312,0.32186878,0.64373755,0.1421274,0.4295632591042519,284.5727,0.6451221,0.6242806086371746,0.0,0.04573204692611553,0.9999998089999999,0.580789158566591,0.5967946798158121,0.3198601456967317,285.166734146387,3.1101884807464537,1061.5075543413943,6.892668069750437,201.67323290454564,2.064859239582448,84.66551111323132,0.9017544519672345,0.0
12.63550962046205,0.575733298704336,2.7717914709165,1.4689241880746597,Si1,Si1,combo_002,18.56060571014677,1.5958126468713,hybrid,0.34640187,0.6535981,0.69280374,0.05725856,0.17305723671167575,283.20828,0.32023165,0.6074555156191611,0.35732086499532073,0.11693936819268276,0.9999998219999998,0.5805865751400007,0.5828694765600196,0.23397019959845086,284.0333563120625,3.108521064858198,1108.3809275068306,6.980422296207622,210.15854496743657,2.227221372736236,89.10490102621492,0.9312031013201242,0.0
9.458602412600026,0.9869607351040292,1.5135790735680446,2.1459404439722674,Si1,Si1,combo_002,20.29759746065206,1.4938431150867926,hybrid,0.6740216,0.3259784,0.6519568,0.12111798,0.3660647832013434,286.037,1.1787689,0.6423374118130525,0.0,0.07701248601306661,0.9999998219999998,0.5801430867167723,0.6153018670470952,0.31348708717387064,285.4336463526995,3.1256959172346783,885.339479700649,7.7932324579429295,182.40265576787684,2.300590199057227,78.45852685651472,0.9863696200995036,0.0
13.331043808902255,0.632534154060594,2.4525217539779924,1.781735759429277,Si1,Si1,combo_002,23.752397464839422,1.5513037729676737,hybrid,0.698012,0.301988,0.603976,0.15801497,0.4775815725893293,283.60214,0.34500256,0.6123123598896767,0.0,0.16788106676293088,0.9999998219999998,0.5799077806834104,0.588910423932963,0.3487129682890506,284.640388291143,3.131529835399944,1152.9377588109073,7.97750858345153,220.72075428366966,2.502260403829935,92.58148502716962,0.9913239239384238,0.0
12.445283767589757,0.8127608114136017,2.843816444586643,0.7787363257143228,Si1,PU,combo_001,9.691594553644952,2.311342561013584,hybrid,0.32905555,0.67094445,0.6581111,0.0964245,0.2914316523453513,283.046,0.56882423,0.6054542218154573,0.4729630152384441,0.13363299167934248,0.9999998089999999,0.5798290412550997,0.5819746750458213,0.283103723950346,282.5444644590833,3.1976921650365004,1097.0824685732935,7.132980728933847,199.45428421228513,2.284119213740811,88.82213192944334,0.9183038093456045,0.0
15.936776187233203,1.0524422684358834,1.1802161932677544,2.168563853343903,Si1,Si1,combo_002,34.55991677846579,1.2421094076874784,hybrid,0.6842781,0.31572193,0.63144386,0.12278805,0.37111237244733664,284.1474,0.7639033,0.6190361501098303,0.0,0.16222598481407977,0.9999998219999998,0.5795597626947885,0.595677501235279,0.31936031812649457,283.3435372537617,3.614351711023881,1276.3202624448923,10.299441733912508,254.98864599676858,3.626470101466481,98.62396524586465,1.1260081180076267,0.0
12.548737779977326,0.7727666437807257,2.5199402540447093,2.084937746106577,Si1,PU,combo_001,26.16333706346838,1.9473257726460793,hybrid,0.66436315,0.33563685,0.6712737,0.07884155,0.23828927678956094,283.61676,0.52752423,0.6124926193353281,0.0,0.12982901312463915,0.9999998089999999,0.579204429956269,0.5882618547928274,0.2630696518852169,285.46669022458053,3.100818738486636,1137.2402180666995,7.339944939985734,210.08518741491696,2.2603927561384465,88.8038941576948,1.0072438024951156,0.0
10.826581711269743,0.7143619442085646,2.5970439422346896,1.2584891210449807,Si1,Si1,combo_002,13.62513530173752,1.855229359769848,hybrid,0.3064707,0.6935293,0.6129414,0.16211331,0.4899683236769503,286.58148,0.59307086,0.6490517939201763,0.6235287189483644,0.10577208393327144,0.9999998219999998,0.5791813051269128,0.6212920743665618,0.34891945753360654,284.93642596495715,3.0804335928953677,978.3075412097874,7.328289498949841,196.60242853004698,2.2561231244374005,82.9733811135865,0.9636293115786928,0.0
15.103541218870227,0.9781233481613558,1.5802587110243378,0.9511053066041977,Si1,PU,combo_001,14.365058201782704,1.5456879413882738,hybrid,0.6857879,0.31421208,0.62842417,0.14118259,0.4267076881670599,282.33,0.4385711,0.5966248958992293,0.0,0.10757458364513585,0.9999998089999999,0.5791342823340973,0.5728364756736163,0.32381779025324003,283.5844346728815,3.147113361375468,1332.100127875196,8.283715949867155,229.65141996575875,2.5377060260772044,101.4338805891002,1.1306604927020198,0.0
12.708327488968653,1.0865089281246751,1.1858239482303872,2.398194050507276,Si1,PU,combo_001,30.47703537594269,1.2884083069363683,hybrid,0.6874998,0.31250018,0.62500036,0.14712846,0.4446783966431943,283.57275,0.39623818,0.6119499593757679,0.0,0.10216745442784021,0.9999998089999999,0.5791033120811789,0.5866974421649896,0.32841122514785354,284.1016884265642,3.2416863606737265,1065.3847625342364,7.751055783877329,205.14116492841077,2.5732188580808923,84.49465044679573,0.9535595272805272,0.0
12.380157889633676,0.9437830728558418,2.200072737515809,0.5816092321191677,Si1,PU,combo_001,7.200414123703898,2.0763914087190343,hybrid,0.29086387,0.7091361,0.58172774,0.17688324,0.5346086820705814,282.71027,0.39183497,0.601314275757814,0.7275741895039877,0.1956010163087691,0.9999998089999999,0.5787584242477366,0.5797077277375695,0.3738097818507222,282.0769560462212,3.183623135830907,1090.0978404947605,8.542081472127816,197.8819563885048,2.8483049141021892,88.45048223168206,1.0373678421526886,0.0
12.236054360376404,0.8853509867378221,1.9649167167523118,1.9643830827129174,Si1,PU,combo_001,24.036298184679033,1.739640954034301,hybrid,0.6482231,0.3517769,0.7035538,0.04625507,0.13980048654371025,283.55267,0.41909117,0.611702337840823,0.0,0.08890719639013056,0.9999998089999999,0.5784202526926171,0.5861127845806303,0.2201928075447916,285.3613499901424,3.074829321218177,1115.474410024662,6.968898747476871,206.3703203934728,2.1353668062708526,87.47532649436371,0.9364312191282377,0.0
11.175359141932411,1.066779078299171,1.9134370045166524,0.7593400041607901,Si1,PU,combo_001,8.48589725733328,2.0412145640618014,hybrid,0.28156647,0.7184335,0.56313294,0.21945651,0.6632813705443433,282.62152,0.94046676,0.6002199240501851,0.7895566622416179,0.12770552327527096,0.9999998089999999,0.5783387485868547,0.5776474335913717,0.42013359804614914,282.60565291279363,3.121656736209325,985.9557668834209,8.377878555507241,192.8411303701359,2.4454768914891925,84.2172446478163,1.0169988691746272,0.0
11.298755581916607,1.0865469012806832,1.165669492429455,1.7997645385307146,Si1,Si1,combo_002,20.335099625859478,1.2665545749166511,hybrid,0.31738868,0.68261135,0.63477737,0.1323794,0.4001010900485075,283.40424,0.38070297,0.6098718953697407,0.5507423082987468,0.10191279312058159,0.9999998219999998,0.5782015723559114,0.5847501382108097,0.31244610655042393,281.66627814706055,3.114332326266033,959.5115376937428,6.58190484285155,197.77571139035956,2.071123869445018,81.38341142235771,0.9046239698551463,0.0
9.608633351099638,1.0874038544197562,2.2261975879104012,0.6882087118695115,Si1,PU,combo_001,6.6127451813867095,2.4207758377937343,hybrid,0.29776734,0.70223266,0.5955347,0.20388964,0.6162323433570381,283.30606,1.2588053,0.6086612593850631,0.6815510590871176,0.030503236581787392,0.9999998089999999,0.5781671359009728,0.5830679872797723,0.39574302297293695,283.9440679946713,3.126774883268278,869.2585745469561,7.204931328264361,179.56207474469923,2.2151600899711554,78.28532836492069,0.979474704616728,0.0
9.25895228224764,0.8310011996132323,2.598427054978983,0.847468552449945,Si1,Si1,combo_002,7.8466708878395215,2.159295999795013,hybrid,0.7031615,0.29683852,0.59367704,0.19577211,0.5916980777217908,293.49445,3.2034695,0.7342983297588775,0.0,0.06784865389953515,0.9999998219999998,0.578143259690806,0.7032600943819025,0.43342363963296315,288.6009665509804,3.2064704194890945,872.5238348615393,8.419144301150485,181.43296517155682,2.588981158094163,77.44566182004532,1.0625427109815209,0.0
11.952432784506293,0.8349407198297942,2.6619027015297005,0.6128730854343262,Si1,PU,combo_001,7.325324359086766,2.222530957732082,hybrid,0.6925508,0.30744922,0.61489844,0.13948667,0.42158198224587445,283.88406,0.7159064,0.6157888458164568,0.0,0.16839466226451286,0.9999998089999999,0.5780721971346392,0.5927890110593842,0.3369462945126662,283.8405125857325,3.1917142171662825,1064.4263388664099,8.067581419832006,193.90681894460613,2.6539651242185536,86.4561906004197,1.0015678207285705,0.0
9.787638093311811,0.9131003135159884,2.923581970479874,2.029715804897274,Si1,PU,combo_001,19.866123730609605,2.669523613834864,hybrid,0.32316437,0.67683566,0.64632875,0.14147289,0.42758509898637026,284.21036,0.55444807,0.6198125075970513,0.5122377077738445,0.014177244621781816,0.9999998089999999,0.5780109607991888,0.5915748575447837,0.31253844145166354,284.22480744317244,3.078771089010605,911.4183975969456,6.536902481593402,185.7564654315455,2.046593200667772,78.6007510544403,0.8893127601330736,0.0
8.389087975211613,1.1846039620912943,1.2711958475395297,1.1934024053830727,Si1,PU,combo_001,10.01155776858775,1.5058636375893277,hybrid,0.25299883,0.7470012,0.50599766,0.32500857,0.9823000089263333,280.73422,0.86407965,0.5769468866860524,0.9800078074137369,0.015615304778484853,0.9999998089999999,0.5779045621404914,0.5527366154912433,0.5133792217193947,282.3341262958327,3.1371003661419685,775.7042697371244,7.11875762332067,155.71766543579008,2.13406198792667,71.63028013440463,0.973476117257578,0.0
10.361440411403496,0.8693141844111005,1.8880690223778742,1.9013134054190353,Si1,Si1,combo_002,19.700345553651992,1.6413251823002857,hybrid,0.2956558,0.7043442,0.5913116,0.18095437,0.5469131955975792,285.30652,0.62479955,0.6333297080737792,0.6956280867258708,0.12952161736914675,0.9999998219999998,0.5778813559351461,0.6075971122674806,0.3730760862807012,285.46529265528864,3.0495181365663475,942.5245428149195,6.833233112516478,194.45604538122177,2.1516864239108533,81.92797766916001,0.9327487640920087,0.0
14.868761538142703,0.8951333921061925,1.3325563210041338,0.7853507196145486,Si1,Si1,combo_002,11.677192573757495,1.1928156597929787,hybrid,0.6924476,0.3075524,0.6151048,0.1707747,0.5161463497106779,282.81787,0.33913156,0.6026411960195402,0.0,0.05451857891284157,0.9999998219999998,0.5778604090504365,0.576601555289658,0.34508349588578,283.94579012886675,3.1885771615110086,1250.378546864096,7.411643269938533,223.02979578499003,2.3533108663433024,100.31355686964325,0.9448991617563492,0.0
13.304259857496005,0.63012364800763,2.331241871984857,2.412418757195407,Si1,Si1,combo_002,32.09544603082526,1.4689706327632346,hybrid,0.68053514,0.31946486,0.6389297,0.12185202,0.3682833283027005,283.77786,0.25058684,0.6144792364827054,0.0,0.1170982425750557,0.9999998219999998,0.5778356952277481,0.5892112337928577,0.30086678722656823,285.4754713411104,3.1928276741198136,1161.110332791688,9.093079352275135,226.95705248588783,2.759296237890489,92.77014563374243,1.0548503144306278,0.0
13.563288086851163,0.5399252087688473,2.89457326053049,1.5299479920091752,Si1,Si1,combo_002,20.751125373519905,1.5628530719886478,hybrid,0.6822194,0.3177806,0.6355612,0.14153306,0.4277669583893256,283.2819,0.505447,0.6083632103642784,0.0,0.06269221305666013,0.9999998219999998,0.5778172349942515,0.582409123246695,0.31885465429311954,284.75622532338764,3.206559185970511,1171.9983873828658,7.200493373159901,221.09875023518265,2.3093880699988163,92.7340402588153,0.9089763232869438,0.0
12.703889840666317,0.5697471559930058,2.6462261460003322,1.7514162272151022,Si1,Si1,combo_002,22.249798815696067,1.507679820798022,hybrid,0.6583627,0.3416373,0.6832746,0.07116437,0.21508589951903187,283.36197,0.3082619,0.6093506859078885,0.0,0.0896107662185807,0.9999998219999998,0.5777366455797918,0.5837717204512016,0.2443306362739602,284.8860601944158,3.097452765036416,1119.1314703430614,7.182723200621518,212.724560958065,2.2994804364497035,89.40459019292834,0.9562264896190728,0.0
14.850505591852215,0.9776444222287055,1.804764111125839,1.4116156104924384,Si1,PU,combo_001,20.963205517163836,1.7644175666807242,hybrid,0.67376125,0.32623875,0.6524775,0.11667967,0.3526505129759251,283.0165,0.2553619,0.6050906923279848,0.0,0.07057804292779649,0.9999998089999999,0.57762037797563,0.5791867258267454,0.28851712386433925,283.61129252056276,3.0923413003982567,1300.0175972200518,7.425698435983119,231.84989061117557,2.292124436772318,98.32878760527548,0.9695759580213712,0.0
13.611891647055945,1.0120952688092806,1.471492980960983,1.3454135379403271,Si1,PU,combo_001,18.313623298925926,1.4892910841166755,hybrid,0.65964264,0.34035736,0.6807147,0.07545098,0.22804167057362634,283.01428,0.28841403,0.6050632206379378,0.0,0.08514991672460012,0.9999998089999999,0.5775881141774081,0.579657851097289,0.2477809785603542,284.3697033165105,3.0677807216897426,1201.755990782167,7.448301018538041,217.54640057829212,2.2197714490409357,95.83027343187372,1.0167388393117058,0.0
14.29460576459144,1.0716713024772626,1.1986358365609358,1.5358636670249641,Si1,Si1,combo_002,21.9545656282816,1.2845436281631812,hybrid,0.29733443,0.70266557,0.59466887,0.18172541,0.5492435900865638,282.9726,0.24872285,0.6045491613419883,0.684437115987142,0.10661580548982053,0.9999998219999998,0.5773080141588821,0.5797577505194551,0.3625915345886349,281.07311893379756,3.139511658955891,1160.2460499012566,7.045893649274201,224.48027007391633,2.312195472118026,92.51177907909089,0.928681143619856,0.0
10.678837447053766,0.8652671814761593,2.993387520794281,1.1076702323753156,Si1,PU,combo_001,11.828630356476268,2.5900799831835757,hybrid,0.31114864,0.68885136,0.6222973,0.13146865,0.3973484736915919,284.14645,0.85502446,0.6190244840496734,0.5923423767089845,0.15604826257216875,0.9999998089999999,0.577265314546866,0.5956447631551163,0.3295217705374846,284.4342049316152,3.102981147887298,966.7815657664646,6.8131966346918,190.8562231661838,2.096015026889102,81.55494412173948,0.9163160547913833,0.0
12.930305774482353,0.9011493459355108,2.4670888144181333,1.1008722974701541,Si1,PU,combo_001,14.234615424945988,2.2232154714777157,hybrid,0.34928417,0.6507158,0.69856834,0.022055263,0.0666594258431129,283.0767,0.40084505,0.6058328042837773,0.3381055196126303,0.1884812669721647,0.9999998089999999,0.5771784432302001,0.583667331270912,0.2091479937487533,281.4694950635098,3.1288950450836643,1127.3229735879927,7.951639893232774,207.3687574454181,2.5695981112353223,90.68035754904598,1.011770765934102,0.0
10.340848806798814,0.9832862468326329,1.4743636008779297,1.6146744828886535,Si1,Si1,combo_002,16.697104699747623,1.4497214515739054,hybrid,0.6714409,0.3285591,0.6571182,0.08408063,0.2541237677989599,286.03586,1.0097411,0.6423234878057684,0.0,0.15983073202758213,0.9999998219999998,0.5769823006883503,0.6174706368690837,0.2831958481815158,285.3432089794276,3.088250410844557,935.84626118195,7.489126571728205,192.51358083914803,2.350825094309025,82.41125131884004,0.9691734752012816,0.0
11.893054948568107,0.6552115988012326,2.406974226067024,0.8823565002116829,Si1,Si1,combo_002,10.49391434124379,1.5770774309347344,hybrid,0.6794391,0.32056087,0.64112175,0.11066423,0.3344695717873104,285.15854,0.32513618,0.6315049104705148,0.0,0.13863194316340346,0.9999998219999998,0.576813447412429,0.605654488026006,0.2938209642460895,285.16626718289194,3.1334276831290175,1054.87043205567,8.20089059449646,199.5021624615829,2.6517949105885132,86.53288119538067,1.058755284126426,0.0
11.204993427114292,0.9704211632026211,2.14671901631526,1.1504618723996254,Si1,PU,combo_001,12.890917718383404,2.083221564881841,hybrid,0.68542004,0.31457996,0.6291599,0.12194768,0.3685724658378598,284.7216,0.8922674,0.6261166959760748,0.0,0.1535732160944953,0.9999998089999999,0.5767165909355634,0.6021621014429271,0.3198577157652987,284.14631649023926,3.0726074835646675,1005.783064195083,7.083080261711294,194.73578436433445,2.2227708468078244,84.0330859583769,0.9201191863015045,0.0
13.193424495439071,0.9171382661300784,2.093558610346335,2.2395975670054966,Si1,PU,combo_001,29.547961400456067,1.9200827139347343,hybrid,0.33840162,0.6615984,0.67680323,0.08267022,0.24986097078332764,283.4491,0.25377762,0.6104250924158943,0.41065589586893725,0.07078515077652314,0.9999998089999999,0.5767021785905836,0.5840977474400146,0.25253872040509806,283.56932826455915,3.099019912804126,1173.0764675400467,7.4879914992027725,220.17680868189595,2.396404909447927,92.08656483510357,0.9667759849148754,0.0
14.37367742863349,0.6056929749495277,2.4396414864818983,0.9131392204737054,Si1,Si1,combo_002,13.12516860252288,1.4776737097575088,hybrid,0.672979,0.327021,0.654042,0.08616369,0.2604195799975554,282.98706,0.45173368,0.6047275391650337,0.0,0.16444650033410416,0.9999998219999998,0.5766848435454585,0.5820206580111481,0.27442299085768895,285.18261648996025,3.1241157054134607,1227.4060122321594,7.087397915044176,218.36666468141664,2.163395478418329,96.38808042513963,0.9487403154668159,0.0
12.939043610257173,0.6496283707062798,2.444569272956672,1.8197192419436456,Si1,Si1,combo_002,23.545426629932955,1.5880615538694778,hybrid,0.3240904,0.67590964,0.6481808,0.10380654,0.3137430042903146,283.38605,0.18175718,0.6096476059551098,0.506064256032308,0.12889372704348362,0.9999998219999998,0.5766629704336549,0.5849966271386909,0.28210766695946166,283.75556194255677,3.098749862797722,1123.6041181262303,7.803249864222682,217.7170492536477,2.4657144101505497,91.05804064647978,0.9866967790840815,0.0
10.776335731726668,0.9234954931285063,1.617371957579443,2.078879938537999,Si1,Si1,combo_002,22.402708163636778,1.4936357135370453,hybrid,0.3110052,0.68899477,0.6220104,0.14643313,0.4425768351473786,284.2115,0.29264498,0.6198264316043354,0.5932984352111818,0.09888457961199956,0.9999998219999998,0.5765904931426757,0.593659628932049,0.32501696286655646,283.9048165053579,3.075702322067627,972.3011648966448,7.285475217942542,200.18630511613924,2.2869951614697315,83.7816286529264,0.9863931338297007,0.0
13.763768537556206,0.8007961532923632,2.751768294509168,1.4273083577116017,Si1,PU,combo_001,19.645141867261962,2.2036054649948285,hybrid,0.67141503,0.32858497,0.65716994,0.106214106,0.32101958722149004,283.21527,0.5073003,0.6075416939345143,0.0,0.07639997450826724,0.9999998089999999,0.5764100361595437,0.5820678826760054,0.28358799286547687,283.6450572370335,3.0946094895813827,1198.5485064626935,6.960684741238799,217.7031356468196,2.2352390961987396,93.55142097277825,0.9223855543381444,0.0
13.23106412297597,0.9241206696031449,2.286448901724098,0.9774173225134819,Si1,PU,combo_001,12.932271269083364,2.1129546900746488,hybrid,0.33007303,0.669927,0.66014606,0.06760547,0.20432955535961458,282.71637,0.30618805,0.6013895406620526,0.46618000666300463,0.19953957140881837,0.9999998089999999,0.5763776243767147,0.579741613519508,0.2570118672989962,281.6825456667633,3.1249753404842426,1152.8826971958674,7.765655991059182,208.3382699609467,2.5676641991997187,91.90674835978675,0.9871870424045718,0.0
12.711278120351324,0.7419046380967005,2.978075870015875,1.6677874824517283,Si1,PU,combo_001,21.19971053508447,2.2094483005686443,hybrid,0.69505894,0.30494106,0.6098821,0.15159273,0.4581711213212991,283.59738,0.755818,0.6122536532643706,0.0,0.13515793033926748,0.9999998089999999,0.576338152286034,0.5886110700354752,0.34560159435423243,283.9483176257778,3.157646786475539,1133.9432638490673,7.482238461673896,210.3117877138482,2.2962814539982324,89.006390458335,0.9144566657175176,0.0
12.059487004202701,0.9380413830870045,1.4949224191988935,1.4090573780266469,Si1,Si1,combo_002,16.99250913848828,1.4022990937131008,hybrid,0.30909762,0.69090235,0.61819524,0.14767604,0.4463333712544867,283.71146,0.44349867,0.6136603543245897,0.6060156822204591,0.1092977291885476,0.9999998219999998,0.5762116370358035,0.5885696242970153,0.33104829598261093,282.3780000888876,3.0537634626324746,1057.6531285653894,6.970093893332734,209.99102490368512,2.2197587091840814,89.89332152518719,0.9624954326632453,0.0
9.897272034435698,1.0938338230394877,1.6757976318498806,1.6728554011957446,Si1,PU,combo_001,16.55670497990935,1.833044130286875,hybrid,0.6620999,0.3379001,0.6758002,0.070398584,0.21277140309078116,284.1043,0.73332304,0.6185047798859059,0.0,0.11489740120268761,0.9999998089999999,0.5761662340579017,0.5937139703951977,0.256202210593152,285.12323891465826,3.090549288309086,896.0559548876498,7.73763265724329,182.42934406273957,2.3599109065490866,79.46328169605773,1.0203359491556991,0.0
12.448028017253208,0.6599533772164772,2.14331082656241,2.059063650466676,Si1,Si1,combo_002,25.631282010316852,1.4144852184145018,hybrid,0.66868025,0.33131975,0.6626395,0.09101182,0.2750724802947365,283.60773,0.23953523,0.612381227277055,0.0,0.1026399741476816,0.9999998219999998,0.5761179555344699,0.5868275082319174,0.26584314470560144,285.1382972419634,3.0927852614614655,1105.2572871057405,7.21802977575406,214.01326340152468,2.2516991851786274,89.35081003871792,0.9612319916959106,0.0
14.980967236842236,1.0431353715402578,1.2225008248852154,0.6443185721561215,Si1,PU,combo_001,9.652515419559828,1.275233852174911,hybrid,0.29584247,0.70415753,0.59168494,0.17755322,0.5366336356306797,281.55313,0.7311785,0.5870451788877428,0.6943835417429607,0.12526364668469112,0.9999998089999999,0.5760187053337433,0.5650782809859405,0.37106408382466427,283.2730026747726,3.2711927240192296,1265.1572695401244,7.8472334526358685,213.2051275095583,2.535150845784998,94.16991195800018,0.9890406428515185,0.0
12.041428080304751,0.8893215533184741,1.3737583320076547,0.699873416516338,Si1,Si1,combo_002,8.427475410298657,1.2217128937052435,hybrid,0.6798172,0.3201828,0.6403656,0.12073007,0.3648923800369718,283.83157,0.32902136,0.6151415676400049,0.0,0.09648504084143832,0.9999998219999998,0.5755532129427406,0.5893427693952168,0.298228156619461,285.3293573856353,3.115607083397194,1058.3124000999999,7.202441110741288,197.92786553748576,2.18923163634485,89.1220550400415,0.9811128309202494,0.0
14.7935174172151,0.7547318174195736,2.0887333784097124,1.1970320662524663,Si1,Si1,combo_002,17.70831472107084,1.5764335387920883,hybrid,0.6726793,0.3273207,0.6546414,0.09341836,0.282345955672964,283.34552,0.42091334,0.6091478469909656,0.0,0.12592160856669946,0.9999998219999998,0.5754185205884392,0.5848763517099325,0.2756739898517119,283.4072560411763,3.1147230198671116,1239.500873680272,8.951679859226523,231.730788768579,2.5125716621974683,99.31789576510712,1.1119432653221506,0.0
13.79913896233417,0.8188824259238012,1.8387191447297169,1.5656235374645504,Si1,Si1,combo_002,21.60425675617453,1.5056947938288074,hybrid,0.69326794,0.30673206,0.6134641,0.13600452,0.41105760115107365,283.74692,0.56729245,0.6140976434182158,0.0,0.16635475040001357,0.9999998219999998,0.5753800037589789,0.5909055303614987,0.32984904001817494,283.4941064320993,3.102132733405169,1173.3609013660011,7.195051993342203,224.32683306579622,2.282201023089159,95.38553063413644,0.9438078676225632,0.0
8.869763589323862,1.0699032999723552,1.1498965600297884,0.7422853391977661,Si1,Si1,combo_002,6.583895474505257,1.23027812420273,hybrid,0.7285539,0.2714461,0.5428922,0.23201314,0.7012322933659689,284.68222,1.7778654,0.6256312373437359,0.0,0.1539577080881088,0.9999998219999998,0.5753353045450782,0.6033143710372233,0.4548654905053071,286.1651547787418,3.307736246431641,809.9584157980735,8.25864997768548,162.37516201918567,2.490450474052729,72.0443593248087,0.9979187653046012,0.0
8.59864597036223,1.004744036654908,1.7153156756712744,1.1479891628059224,Si1,Si1,combo_002,9.871152388780656,1.7234531961113972,hybrid,0.29473996,0.70526004,0.5894799,0.14231622,0.4301339679586971,286.7132,1.9361788,0.6506760105536449,0.7017335891723633,0.2553570987779164,0.9999998219999998,0.5753186843438587,0.6296813069422857,0.378501551580839,285.9148075849686,3.19251487573119,816.7533279257881,9.188854490091906,173.0681551431809,2.6338529803903077,75.18987785046218,1.1384871626827984,0.0
14.725706390240703,0.9570309291786304,1.6657396742650223,0.860535555010465,Si1,PU,combo_001,12.671993921446933,1.5941643882315635,hybrid,0.67642224,0.32357776,0.6471555,0.12310362,0.37206614349886863,282.2611,0.39401463,0.5957755314548969,0.0,0.05400945245452409,0.9999998089999999,0.5752536709103919,0.5703682428985364,0.2957267385173952,283.8848859368631,3.1309273571660836,1304.6927406893033,8.237490469535047,222.66903734347514,2.467060059504566,98.92115383530546,1.0894929105169164,0.0
8.695137194006863,1.237443592375774,1.1009096491140389,0.6720186795682159,Si1,PU,combo_001,5.843294615780974,1.3623135910808293,hybrid,0.23818514,0.76181483,0.47637028,0.29845238,0.9020370504980957,280.1427,0.90979856,0.5696525884917704,0.9212344487508138,0.22540855273465585,0.9999998089999999,0.5749854453797667,0.5524016057124611,0.5177122232111135,281.4109195332191,3.2593818521313693,767.2873288428057,9.544291580445428,152.30397307827894,2.788512131954472,69.96212556958989,1.2568749903573593,0.0
15.430645163807558,0.6538334985730303,2.570834568374159,1.5240713336641571,Si1,Si1,combo_002,23.517403954102562,1.6808977600925625,hybrid,0.6642963,0.33570367,0.67140734,0.08924433,0.269730439147673,283.40863,0.48316932,0.6099260861007925,0.0,0.05813638856982313,0.9999998219999998,0.5748593089328771,0.5836703634560466,0.2623926403264269,282.9704086171677,3.1366484193094326,1289.142134975952,7.141151389598795,246.51970441638045,2.2329576487868907,101.00583568198637,0.948992093843699,0.0
11.82495897103389,0.6976864900776073,2.362560772971584,0.5895801708482419,Si1,Si1,combo_002,6.971761330415611,1.6483267332895832,hybrid,0.29490304,0.70509696,0.5898061,0.14575963,0.44054125285545837,284.8988,0.9702721,0.628302012470642,0.7006464004516602,0.2336013300151245,0.9999998219999998,0.5742999594821832,0.6067132528902099,0.3586822038639439,284.61809357762274,3.170768296208834,1041.7942933766296,8.524256380416821,197.22485353858056,2.831505339737515,86.33036549917918,1.0879439174994827,0.0
10.021511670841235,0.9128818268327116,1.7747018208945304,1.6694340600601103,Si1,Si1,combo_002,16.730252916592264,1.6200930403415386,hybrid,0.6652029,0.33479708,0.66959417,0.06469556,0.1955346851098583,288.4724,2.0011554,0.672369613902331,0.0,0.14927375726679767,0.9999998219999998,0.5742711460679569,0.6465733865688666,0.28183805725351596,286.7552629146529,3.0598834308563125,915.5194635414559,7.113278090418558,190.01044399259052,2.240802426113507,80.77508081492294,0.9614821260781216,0.0
14.557285932914805,1.0475216271739887,1.3112773725667826,0.7721433039237293,Si1,PU,combo_001,11.240310856403266,1.3735914069875887,hybrid,0.3029177,0.6970823,0.6058354,0.14503293,0.4383448884762299,281.78223,0.609196,0.5898702470683379,0.647215207417806,0.1608487367523639,0.9999998089999999,0.5742319761442742,0.5685262534869857,0.3394499516808794,283.2916373074475,3.200896185727992,1250.5381621272297,7.200240916631648,215.55642700523455,2.394185992354097,97.09749795564242,0.933283770141564,0.0
13.266094042804003,0.6487357032473474,2.2975663586626633,2.070034501616382,Si1,Si1,combo_002,27.461272370291837,1.4905133274444702,hybrid,0.688256,0.31174397,0.62348795,0.14150278,0.42767544320685774,283.67145,0.26384452,0.6131669928773058,0.0,0.08733640158583296,0.9999998219999998,0.5737620303613761,0.5871348776755053,0.31746698896971326,285.10026743546,3.1422951279476092,1153.6439615005709,8.538557043464818,223.3537764629675,2.6037945584177438,92.63830003521699,1.0263321394046048,0.0
13.22066925792937,0.9981761436037674,1.7082513854631252,2.05832420358026,Si1,PU,combo_001,27.212423521125498,1.705135780247375,hybrid,0.31419834,0.6858016,0.6283967,0.12340189,0.372967626594276,283.28912,0.23955892,0.6084523992758011,0.5720108350118002,0.1278104161457613,0.9999998089999999,0.5736370100693409,0.583968141938049,0.3038825057124842,283.3389600273169,3.0818996102903373,1173.403479906549,7.164151378914965,218.83196880076733,2.233684918407342,92.35081681232454,0.9623595484626813,0.0
15.956473772450124,0.4932990972559133,2.8682134978739873,0.8678216733631847,Si1,Si1,combo_002,13.847373770183436,1.4148871292384633,hybrid,0.69027054,0.30972946,0.6194589,0.1446366,0.4371470394072843,282.56952,0.8571785,0.5995786670660724,0.0,0.09377169609746168,0.9999998219999998,0.5736060008311288,0.5758901757451427,0.33415482992387735,282.6472700476647,3.31548127495006,1349.713904521153,7.291773544766864,240.7815100973553,2.226991284245893,101.28389050333504,0.969304401077898,0.0
12.766167953164711,0.9215069729740081,1.430144007222101,1.050965349780073,Si1,Si1,combo_002,13.41680016824891,1.3178876750121562,hybrid,0.342094,0.657906,0.684188,0.07472318,0.22584197345645368,283.4322,0.2464788,0.6102166086311535,0.38603997230529796,0.03980096051673228,0.9999998219999998,0.5735427815944814,0.5829633344046294,0.23933181551937566,282.8720511975326,3.0803297415345905,1107.9950606602922,6.859049970052249,210.7052293316548,2.124195833219028,93.1887452005215,0.9724438548137472,0.0
14.092969664147326,0.8647559273637506,2.606268025726114,1.6422542563495666,Si1,PU,combo_001,23.14423941555127,2.253785723545277,hybrid,0.32157022,0.6784298,0.64314044,0.11346405,0.3429316861681377,282.63702,0.18680604,0.6004110969069512,0.5228652159372966,0.09268340533220566,0.9999998089999999,0.5734254473377667,0.5754217785335303,0.286997734432318,282.7592377951341,3.054647672268189,1214.0669530981975,6.925993949855587,224.77318575601748,2.153540326044227,95.37253194965429,0.9545701919837772,0.0
12.74760578838061,1.045854448130219,1.5678034888966073,1.8562512534125442,Si1,PU,combo_001,23.66275922269051,1.6396942526565932,hybrid,0.3087389,0.6912611,0.6174778,0.11213447,0.33891319235491535,283.21396,0.4798077,0.607525511980103,0.6084074179331462,0.2132494824623527,0.9999998089999999,0.5729255686198966,0.586109202426997,0.30980326981027706,282.62724861677896,3.095083198486765,1124.1619244910976,7.878654906286756,214.59658386672984,2.3863613887388544,91.55531588853941,1.010376319534493,0.0
15.836226233663659,1.1105215636224344,1.4555145999477221,2.30123059069495,Si1,PU,combo_001,36.44280825007269,1.6163803494092264,hybrid,0.6748129,0.3251871,0.6503742,0.107913196,0.3261548860235149,283.4979,0.5248673,0.6110268353252818,0.0,0.0717725198095841,0.9999998089999999,0.5725468706134924,0.5851668763789257,0.28505858065908873,283.07621856597484,3.536311513009219,1332.454344118718,11.212411075947681,257.3197924151054,3.4596290624418695,104.75967797456963,1.2946167413169354,0.0
10.177660118735853,0.8739338187671717,1.9196488783317291,1.152957617493473,Si1,Si1,combo_002,11.734410762156026,1.677646074932566,hybrid,0.6702373,0.3297627,0.6595254,0.09212727,0.278443792428794,292.3814,3.3624182,0.7205730218219301,0.0,0.08469800148420034,0.9999998219999998,0.5724831808524969,0.6914231929976685,0.3296358926373213,287.9998893347473,3.060663691974312,925.4346021677378,6.785671130989956,190.22498318546332,2.1070783223003415,81.0658917021869,0.9574153606318389,0.0
11.749961223957252,0.9955708572689281,1.3021282505776883,2.327017616899746,Si1,Si1,combo_002,27.342366766037426,1.2963609387017188,hybrid,0.3152881,0.68471193,0.6305762,0.1200796,0.36292640242738616,283.57275,0.20307173,0.6119499593757679,0.5647462209065756,0.11723348064833987,0.9999998219999998,0.572079057279942,0.5868031893433503,0.2980185379257621,281.88596113209917,3.165096765427998,1027.5892482397185,7.871447549813759,209.321095740626,2.5693829230931384,85.31566452796068,1.0298590634776035,0.0
14.75841231444547,0.8873357948411734,1.5800625008901377,1.1040025084003324,Si1,Si1,combo_002,16.293324215154154,1.4020460151260825,hybrid,0.6879568,0.3120432,0.6240864,0.10781219,0.32584960272412594,283.23877,0.42196178,0.6078314638158328,0.0,0.19016508811665728,0.9999998219999998,0.5719548899695346,0.5855944628219977,0.30055871279681473,283.1057382949381,3.132052101972195,1246.2529434260407,7.665427608456196,232.32102195272887,2.4182332509221043,101.28143574653424,1.0269580634416398,0.0
8.505830645474559,1.0306406919904072,2.422661340713641,1.939263288098743,Si1,PU,combo_001,16.49504510555405,2.4968933606515145,hybrid,0.30301565,0.69698435,0.6060313,0.15808801,0.47780234395963317,284.23972,0.86089957,0.6201745317864389,0.6465623378753662,0.09537674755557167,0.9999998089999999,0.5719195025293744,0.5948931922414091,0.34870275510008497,283.99564558534786,3.0539824547120276,821.9877381426664,8.17418904299456,168.13398747423437,2.395211958894991,73.53645663318753,1.1362839488189207,0.0
12.243157845695663,1.0608488488806638,1.5814684917371435,1.7369333252252923,Si1,PU,combo_001,21.265548868182293,1.6776990290003884,hybrid,0.3176505,0.6823495,0.635301,0.106475554,0.3218097838917606,283.25436,0.61445576,0.6080237656461623,0.5489966869354249,0.14138643188826805,0.9999998089999999,0.5718023171960203,0.5846530490759134,0.29585330851797575,282.42658607922414,3.0965914315685863,1079.924139069721,7.7570380321275065,209.44761629516742,2.3875523963880028,89.41394645418194,1.000253061284229,0.0
15.546862676337623,0.8171882183649637,1.8758575391184587,1.1955543555972892,Si1,Si1,combo_002,18.587119388568375,1.5329286802986983,hybrid,0.6898239,0.31017607,0.62035215,0.1176663,0.355632480251501,283.1723,0.33753046,0.6070118290086747,0.0,0.17083672226001584,0.9999998219999998,0.5717360726086268,0.5841092121092324,0.30631788171729213,282.29549829896723,3.1452700807289964,1291.9337400277345,8.29020686178482,244.53253585859608,2.6087617680959547,102.27940891543163,1.0874080856475585,0.0
10.195683996990569,1.0038091478687317,2.3741031978489975,1.1223085068574021,Si1,PU,combo_001,11.442702883052394,2.383146507985233,hybrid,0.6895968,0.31040323,0.62080646,0.14233308,0.43018490480484434,285.89883,1.0785707,0.6406337907056122,0.0,0.08074912350389384,0.9999998089999999,0.5717030728567791,0.6136670381240611,0.33439433243805783,284.9203197175458,3.054972014041672,923.1572667454784,7.637710114913372,186.43959271326813,2.2639381486459427,79.8030788302517,1.0326836905621712,0.0
13.178164801299273,0.5192026690759844,2.9230588209608115,1.733860746492177,Si1,Si1,combo_002,22.84910265977769,1.5176599417089536,hybrid,0.6778569,0.32214308,0.64428616,0.101506636,0.30679181367869146,283.26712,0.36952516,0.608181069296021,0.0,0.11591581131200383,0.9999998219999998,0.5716482982065701,0.5835946335311142,0.2816545681108489,284.9851585561745,3.190905350886203,1152.3252539598986,6.899001185612713,218.79030794044982,2.2048565710568613,91.03298265436223,0.8952322784055244,0.0
12.349737089300454,1.0384176153409097,1.6747539127784785,1.5559298093283818,Si1,PU,combo_001,19.2153240746109,1.7390939643902856,hybrid,0.32577997,0.67422,0.65155995,0.103098445,0.31160286860464476,283.26913,0.6352962,0.6082059067144198,0.4948001702626547,0.07628925673056275,0.9999998089999999,0.5716454623359706,0.5829050583059973,0.2829521167507085,282.4143573260126,3.0889289374729607,1093.3395251628626,7.366586993194067,208.4989893435078,2.3127123193029235,89.25130463167353,0.9766222236781729,0.0
11.869074460698101,1.1438053350271251,1.3828319183738664,1.2968205515820181,Si1,PU,combo_001,15.392059688890557,1.5816905256818223,hybrid,0.29789108,0.7021089,0.59578216,0.16113795,0.48702042689130404,282.4654,0.5824497,0.5982946477997623,0.6807261308034261,0.13003101650568213,0.9999998089999999,0.5716223936463267,0.5753042301040925,0.3513044268577827,281.8258392004869,3.119016336861299,1019.2778188599823,7.301439755731469,201.8784618198095,2.2619953353622733,88.24884625565213,0.9684592683257609,0.0
8.376050436183425,1.056010746144708,1.7232466039559027,2.1213393302215633,Si1,PU,combo_001,17.76844522219538,1.8197669320348067,hybrid,0.70007175,0.29992825,0.5998565,0.15612713,0.4718757901178555,284.4187,0.7734575,0.6223816751032353,0.0,0.12837928063270349,0.9999998089999999,0.5715643419188094,0.5977571079199206,0.3497502992890577,285.443433360793,3.1185404772358427,809.6073763137312,7.617731272967736,160.70102648367074,2.2245638615163066,73.24834897824842,1.1670849977481892,0.0
9.31637186771648,1.0711041409591489,1.2846886518049505,1.5804973559325461,Si1,Si1,combo_002,14.724501103810253,1.3760353347915086,hybrid,0.28357238,0.7164276,0.56714475,0.18294004,0.552914645969103,283.52106,0.99274874,0.6113124656368671,0.7761841615041097,0.18449509678200302,0.9999998219999998,0.5714114291918194,0.5896499701586225,0.39111697558100755,284.6461280874829,3.154156640299773,853.198445600149,7.825127935402193,175.35712807137088,2.4399805013036526,76.04909350309038,1.018996993453849,0.0
11.550433458400258,0.8603388124932516,2.679728296487668,1.143616349989557,Si1,PU,combo_001,13.209264552492959,2.305474260404764,hybrid,0.6751658,0.32483423,0.64966846,0.08991978,0.27177192128649447,284.28598,0.7444374,0.6207450397605673,0.0,0.1298738838801068,0.9999998089999999,0.5713774350994882,0.5962442254708149,0.2793312819870044,283.53313491067155,3.094233890693299,1033.7374356206299,7.342010051207584,197.24731223765656,2.3596882673460886,84.90208530605574,0.9466922244659854,0.0
14.697887518337318,1.1165966633002984,1.1490344219052437,1.9864510580844192,Si1,PU,combo_001,29.196634212406945,1.2830080015165823,hybrid,0.7030942,0.29690582,0.59381163,0.15837745,0.4786771426329873,283.48676,0.421322,0.6108894768750464,0.0,0.14705156420892532,0.9999998089999999,0.5713685676746885,0.5871132820807343,0.34756794214616193,284.76269674371304,3.2418726599072203,1197.7346639171174,7.826972801720929,223.25519116685962,2.4418363754264214,91.44202318109878,0.9579411479218367,0.0
11.326069107960112,0.8268024455509946,2.9890218984300176,1.459558375824395,Si1,PU,combo_001,16.531059031689118,2.4713306154274153,hybrid,0.3107495,0.68925047,0.621499,0.1273352,0.3848556154337473,283.68954,0.62775797,0.6133901533183732,0.5950031280517579,0.1281661670191703,0.9999998089999999,0.571361429210967,0.5892173608241199,0.31621447857883767,283.08924107779075,3.1107124478621513,1019.1821191920125,6.96424560860878,198.40402697396422,2.1833894453124367,83.917278983574,0.9117262699632817,0.0
10.418987699219139,1.136336877887914,1.4663014420793499,2.332596111467056,Si1,PU,combo_001,24.303290192621652,1.6662124027349943,hybrid,0.66304135,0.33695865,0.6739173,0.085231975,0.257603574064201,284.1512,0.5355274,0.6190831906749794,0.0,0.031544450030541835,0.9999998089999999,0.5711432295262677,0.5913909885200989,0.2552543296560693,283.0642605078345,3.1432658289543607,923.6577862939344,7.650084738374147,189.45140943306689,2.3652693964213287,82.1563076769919,0.9913467040658959,0.0
9.408288441130868,1.0844380003253518,1.7205967208308517,1.5202771228531011,Si1,PU,combo_001,14.303205682254523,1.8658804673041662,hybrid,0.69625056,0.30374944,0.6074989,0.11795339,0.3565001855974739,284.3075,1.0523608,0.6210103485480083,0.0,0.22385368210584797,0.9999998089999999,0.5709781959761703,0.5998596290666262,0.3295222758166282,285.875737002206,3.095790803854719,864.4345057855458,7.842126387665948,175.5845259162347,2.3718644207126447,77.4719606690371,1.051638632340492,0.0
14.326843592580781,0.7314964261828787,2.2547339468235634,2.376174529399098,Si1,Si1,combo_002,34.04308083137512,1.6493298240946535,hybrid,0.2835667,0.7164333,0.5671334,0.2135052,0.6452942235634841,283.4882,0.42116386,0.6109071641275424,0.7762219111124675,0.07233210796728379,0.9999998219999998,0.5709608494322403,0.5848876874896548,0.39467269723078025,284.4667605691847,3.206581168001807,1211.611148731588,9.900545905898454,243.06691703747117,2.7972835001930423,97.73821836461843,1.176838342685903,0.0
14.404294398758395,0.9935735476435381,1.7480037757979083,2.0897865872637675,Si1,PU,combo_001,30.101901233523908,1.7367703128138277,hybrid,0.6690761,0.33092391,0.66184783,0.090639584,0.27394743353507206,283.5076,0.35075495,0.611146506523021,0.0,0.06518904988106698,0.9999998089999999,0.5707031783136893,0.5847673887126569,0.2621575059782979,284.530711371809,3.0835239200100015,1264.846386813936,6.9639333800023735,232.96234108453118,2.1470880989412313,96.8040954016917,0.942484153246504,0.0
15.42046121943012,0.7483930202099918,2.323769158504833,1.8645037822431367,Si1,Si1,combo_002,28.75150826756107,1.7390926188042628,hybrid,0.26177558,0.7382244,0.52355117,0.23366025,0.7062105031146237,283.00726,0.49985355,0.6049766659980634,0.9214959144592285,0.20116456869731877,0.9999998219999998,0.5705929823636212,0.5834376473873557,0.4369637816572585,282.90054899344386,3.1706295937472873,1279.6236847262862,9.518974910675334,254.06210973532197,2.7184972710046287,102.02607997976557,1.1566525924752997,0.0
15.038652869317282,0.8697606283052471,2.0104484487777414,0.7636401814301362,Si1,PU,combo_001,11.484119605590289,1.7486089059842378,hybrid,0.68362737,0.31637263,0.63274527,0.121342376,0.36674299537298877,282.0514,0.5803188,0.5931894293452593,0.0,0.09078381337882117,0.9999998089999999,0.570569801558418,0.5694261936421994,0.30327568580799047,283.4925197539373,3.1164774957745265,1322.359971598691,8.296058050836347,222.80052268022024,2.427885131368509,98.46521500912444,1.1775238226077511,0.0
8.639886809035671,1.0790931333108005,1.1427085506809662,1.0729305569977086,Si1,Si1,combo_002,9.269998566415797,1.2330889504153675,hybrid,0.7080444,0.2919556,0.5839112,0.19137038,0.5783943733295214,285.42203,2.273853,0.6347540963864943,0.0,0.06865343902218737,0.9999998219999998,0.5704396063275629,0.6100372875220713,0.40944841090335604,285.1143357562766,3.2744780652746464,800.4202232304148,7.889415198629484,161.1008522806021,2.328214528860872,71.25735988926279,0.9775214078795835,0.0
15.302392866501647,0.6828800960605541,2.1667367045098462,0.7765639648491034,Si1,Si1,combo_002,11.883286876089155,1.4796213689136122,hybrid,0.2997679,0.7002321,0.5995358,0.15731217,0.4754574475568914,282.46915,0.340442,0.598340935715869,0.6682139237721761,0.11615631114928872,0.9999998219999998,0.5703523691151035,0.5744967966220627,0.34011544315545805,283.08898778474577,3.1137590824330004,1287.2435770286902,9.537291178027004,229.81245279538211,2.610704938610558,100.98378956822621,1.2093844789364032,0.0
9.199901524738737,1.133798986113875,1.6032744882746153,1.0725701584939005,Si1,PU,combo_001,9.867539836517304,1.8177909892680006,hybrid,0.2898213,0.71017873,0.5796426,0.15025939,0.4541412556657671,281.9394,1.0938947,0.5918083183524814,0.7345248858133953,0.23314725336581227,0.9999998089999999,0.5702347848307877,0.5733470143707976,0.365959222069194,284.60258867948784,3.1260991522067108,839.3164601950824,7.514800364087092,172.04457032501483,2.3059805494880146,76.79577872935278,0.9587092307295557,0.0
10.884516179639771,0.6491041094142228,2.431390101825227,2.1389023835552434,Si1,Si1,combo_002,23.280917600477117,1.5782253066838203,hybrid,0.6804388,0.31956118,0.63912237,0.11560997,0.3494174869480524,285.06,0.5238603,0.6302897585915829,0.0,0.07852526006947906,0.9999998219999998,0.5702023834869929,0.603089543256108,0.29419234568952646,285.71388141437313,3.0708903702454418,1003.7520915527803,6.644700509211194,198.6652827887744,2.0481003821682053,82.77553136921168,0.9210123555682637,0.0
11.11300270073584,1.2277059150105956,1.1037298941016302,0.9069817718302327,Si1,PU,combo_001,10.079290879867553,1.3550557195625896,hybrid,0.2860695,0.7139305,0.572139,0.20024124,0.6052054844616498,281.35858,0.61277646,0.584646110065138,0.7595365842183431,0.09009818268771189,0.9999998089999999,0.5701910661287788,0.5616039484655698,0.3873134496732007,282.10222782115545,3.2765309604441457,910.2497193215236,8.846419979073781,178.4253568103868,2.6935577387453256,78.70988197087766,1.1855479657750918,0.0
14.604069632220002,0.743309986728437,2.823098083832231,1.1397878564276107,Si1,PU,combo_001,16.6455412212276,2.0984369992264114,hybrid,0.65672207,0.34327793,0.68655586,0.06773131,0.20470989281824697,282.43317,0.34474683,0.5978972491053826,0.0,0.025109467530829068,0.9999998089999999,0.5699086774741037,0.5713649153942381,0.23178679076522368,283.970827538086,3.0981521356783785,1269.3878210563093,6.717628173611212,222.6996041170275,2.119153183445387,96.70588379845881,0.9083261917628269,0.0
15.135011176442228,0.5819477378508515,2.705725663471209,0.9618576396140459,Si1,Si1,combo_002,14.557726125704926,1.5745909291020643,hybrid,0.33210787,0.6678921,0.66421574,0.08747551,0.2643843897076765,282.50854,0.29307464,0.598826770672729,0.4526139895121257,0.05913364402038852,0.9999998219999998,0.5699055639407218,0.5731481829351227,0.25669595144941587,283.0892261984636,3.111508268881972,1275.1416835258058,6.9251996537909175,230.2329782369621,2.1753725473826977,98.88975279158116,0.946933579939953,0.0
12.976009562481675,0.8764331742226346,2.413685179692459,2.3329087895809923,Si1,PU,combo_001,30.271846762000507,2.115433763611992,hybrid,0.3167341,0.6832659,0.6334682,0.10309516,0.31159293794631104,283.54788,0.33850977,0.6116432548909957,0.5551061630249025,0.14518344115069748,0.9999998089999999,0.5696634122066745,0.5876022805445216,0.2870765264904658,282.7628005571468,3.113235680401645,1147.8300477124171,7.118279388054662,219.30074105858108,2.336143561675487,90.94402804097479,0.9499362401698264,0.0
13.492603821100431,0.9864762766485153,1.2210866070420086,1.233065134212293,Si1,Si1,combo_002,16.6372593415385,1.2045729695801695,hybrid,0.6518652,0.34813482,0.69626963,0.044031635,0.1330804145529677,283.30728,0.30477625,0.6086763123659109,0.0,0.06202602320972082,0.9999998219999998,0.5696508018308057,0.5823175067816377,0.21141811500992494,282.6083874957366,3.1146719959006006,1125.6572485568288,6.949829611082607,211.74056520131128,2.2145877323441905,89.56840215876613,0.9145781631211711,0.0
11.107390845177555,1.0491394256510986,1.2599514054405578,1.491731459709555,Si1,Si1,combo_002,16.569244359041264,1.3218646938522014,hybrid,0.32513064,0.67486936,0.6502613,0.09762818,0.2950696510704439,283.7279,0.5524823,0.6138631932415126,0.49912905693054205,0.08508340274005988,0.9999998219999998,0.5695140501670055,0.5882251498872398,0.27675285338554007,282.85598713113313,3.0827746340580515,962.0728117382388,7.090686762705452,197.05110158857298,2.1974056735638725,81.97445917559594,0.9782481269992004,0.0
10.016838666659652,0.8626304082018525,2.0271487036081,1.7758450199854543,Si1,Si1,combo_002,17.78835306218528,1.7486801136793118,hybrid,0.29924583,0.70075417,0.59849167,0.16346677,0.4940589892814644,287.24408,1.3322314,0.6572225519243167,0.6716944376627605,0.09118666997944062,0.9999998219999998,0.5693376821098174,0.6296964895519742,0.36362031453799176,286.4550911025169,3.03959434927991,920.0585725047183,6.551204006485395,191.25962380843603,2.0374543959385547,80.31062230294049,0.9122577209956048,0.0
13.9082045495411,0.9001913111653707,2.420893448856725,1.366278370227211,Si1,PU,combo_001,19.002479044733697,2.1792672479179918,hybrid,0.3308224,0.6691776,0.6616448,0.09282662,0.28055749139590647,282.50974,0.21941115,0.5988414473290555,0.4611839453379314,0.04492626348442917,0.9999998089999999,0.5689903929146058,0.5726034284607161,0.25868501591817317,282.3181234624653,3.057367866433518,1201.6095623815163,6.9648435236570325,219.18554721687406,2.1667258575137898,94.7070141223994,0.9402335968597269,0.0
15.943894163884266,0.8684389697262562,2.3622232895816286,1.8943469024253698,Si1,PU,combo_001,30.20326652195209,2.0514467598676376,hybrid,0.7240082,0.2759918,0.5519836,0.19799906,0.5984287671851056,283.07153,0.67271125,0.6057692054396957,0.0,0.1826853895849765,0.9999998089999999,0.5689869430855674,0.5839222402645052,0.40008300454761736,282.62859345831345,3.2057885329638482,1365.4682390054759,8.381023853721821,256.5685437198516,2.805127207425499,103.17446897085296,1.072085249435099,0.0
8.940876751434702,0.9814897940896741,1.679329342995573,2.131987519695067,Si1,Si1,combo_002,19.061837649190558,1.6482446110654725,hybrid,0.3066489,0.6933511,0.6132978,0.13287169,0.40158897739259736,285.09888,1.447364,0.6307691960315827,0.6223405996958415,0.12601949924764652,0.9999998219999998,0.5687180219629535,0.6066107520127441,0.33888832648090633,285.0200704281655,3.1565667817181304,849.5292865347014,8.78622393449451,177.40551349497335,2.4889026314107223,76.43392227001839,1.1163565864683418,0.0
11.766678947364078,1.0845409548245217,1.5067889650179884,2.357722727589641,Si1,PU,combo_001,27.742566382450836,1.634174342839662,hybrid,0.30746496,0.69253504,0.6149299,0.13443696,0.4063198439413932,283.3231,0.42487788,0.6088712484678888,0.6169002850850424,0.10859309401009404,0.9999998089999999,0.568176892294988,0.5841091314671859,0.3165484760559656,282.4602321681885,3.1666233493397633,1035.2228342184628,8.53932005023035,206.73059572489444,2.6734618694095467,87.66164583614662,1.0437980679117758,0.0
13.620568967033098,0.9991197216404777,1.465344483717028,0.938430626166923,Si1,PU,combo_001,12.78195906448263,1.4640545726787664,hybrid,0.66221607,0.33778393,0.67556787,0.06673067,0.2016855682448802,282.72552,0.1872715,0.6015024380184105,0.0,0.065656296481972,0.9999998089999999,0.5680868948078911,0.5756158334002421,0.2335172604445319,284.3700636486549,3.0986791752130545,1206.9017944625625,7.392363448068467,212.87725496417184,2.238986143221016,96.00402990449,1.0329910044542916,0.0
11.376740068613394,0.9464151195201915,1.4362544472804568,2.368860340429314,Si1,Si1,combo_002,26.94990835191134,1.3592929243843401,hybrid,0.32412648,0.6758735,0.64825296,0.10417624,0.3148603722416076,283.8047,0.19571702,0.614810025736834,0.5058234532674154,0.05984521089947001,0.9999998219999998,0.5680698349645479,0.587699619638608,0.27243338914641035,282.71390112955766,3.1340811383324625,1017.6338958074066,8.174879437321922,207.3910994070912,2.637917439982916,86.49663325286727,1.0227882499669074,0.0
12.250921052893613,0.836004090628677,1.5165170980210536,0.8035048742620011,Si1,Si1,combo_002,9.843674780198985,1.2678144974539312,hybrid,0.6727349,0.32726508,0.65453017,0.08899681,0.26898235207169746,283.7745,0.46200332,0.6144378407853742,0.0,0.08436858647057799,0.9999998219999998,0.5680497787729707,0.5885702055156025,0.2656230273499916,285.38801761345746,3.1135331429218724,1087.7727235035316,7.241739662284969,202.15911153957384,2.227628496181275,90.33154737144693,0.9995961505351678,0.0
10.277375212158372,0.8861348505345377,1.931087005393291,0.613497194830472,Si1,Si1,combo_002,6.305140862879389,1.7112034948933719,hybrid,0.27846265,0.72153735,0.5569253,0.2206524,0.6668958149188303,287.525,1.353008,0.6606866191418973,0.8102490107218425,0.07038911549734422,0.9999998219999998,0.5678795240837231,0.6322967450382596,0.42142804027878533,287.97321662328176,3.1104100699431294,925.3008535050045,7.074882164086197,188.8127664972498,2.213285913556538,81.43521856794986,1.007746648074781,0.0
12.954330268699582,1.0421558650127292,1.6413751613126686,1.6064152388581459,Si1,PU,combo_001,20.81003355284035,1.710568751048212,hybrid,0.3118878,0.6881122,0.6237756,0.11484852,0.3471160737680827,283.14682,0.51881003,0.6066975980334786,0.5874146620432537,0.13427418640708239,0.9999998089999999,0.5678338455902416,0.5830481709583576,0.30164358007558023,282.1770932597111,3.0820205477105267,1141.7085921348435,7.5010076911062535,214.58173133693342,2.3365114845281303,91.9592926688075,0.9949734715752725,0.0
14.79327550285149,0.8256883131377735,2.6890384494281445,1.3052180775888838,Si1,PU,combo_001,19.308450613074548,2.2203076212709387,hybrid,0.33844084,0.66155916,0.6768817,0.06521899,0.1971166997823722,282.01666,0.1767464,0.5927611720401418,0.41039443016052257,0.06095142872187626,0.9999998089999999,0.567583408815332,0.5674138573383359,0.23099233081251946,282.2863584928404,3.071966340712193,1268.829544955685,7.005022834748566,228.00702813327754,2.2244165683986226,97.8239952820776,0.9458328268315479,0.0
9.245853202625828,0.9938241589864917,1.568758240135748,2.4405807867813643,Si1,Si1,combo_002,22.56525168372954,1.5590698386560387,hybrid,0.27801466,0.72198534,0.5560293,0.18004777,0.544173099526454,284.43777,1.1583942,0.6226168779289808,0.8132356007893881,0.21542672213056138,0.9999998219999998,0.5674303076777307,0.6012748831792396,0.3961610692282139,284.1522680843315,3.1656054928258417,872.065363382342,8.41748276580947,180.80214050316496,2.4606320388566956,77.56248069510376,1.0203194866603416,0.0
14.92710344933538,0.5400600103198355,2.5555692900731524,0.7280285814642331,Si1,Si1,combo_002,10.867357949589497,1.3801607771699613,hybrid,0.6882774,0.31172258,0.62344515,0.13134675,0.3969800260007604,282.6939,0.76053286,0.6011125658144547,0.0,0.07129486692630008,0.9999998219999998,0.5670869709280518,0.5764538288869506,0.31470384782094907,285.1965376837097,3.1614535848721146,1276.1179131098224,6.8345508663897885,220.36797329429493,2.068300737632231,98.06706710247347,0.9249929782864291,0.0
13.413491742418188,1.0144441516120835,1.2897311613157576,0.7251614191903373,Si1,PU,combo_001,9.726946708229843,1.3083602337486309,hybrid,0.65577376,0.34422624,0.6884525,0.05382713,0.16268613904380866,282.4543,0.25580123,0.5981580419985693,0.0,0.04243641634623247,0.9999998089999999,0.5669427951214343,0.5719652261615812,0.21781753574655635,284.8518637196264,3.1461811411518483,1162.9064699453165,6.765319053152745,202.21969151331137,2.0547811679521066,90.9739396366542,0.9058143421165709,0.0
11.37477217103272,1.1357844981917702,1.3366303099800436,1.2452154095759786,Si1,PU,combo_001,14.164041587785952,1.518123985888594,hybrid,0.69770825,0.30229175,0.6045835,0.15643409,0.4728035523023229,283.75568,0.589999,0.6142056485557982,0.0,0.06879139964555488,0.9999998089999999,0.5669186157936345,0.5881186938315257,0.33730044616226684,283.4068760837124,3.1313427866137253,979.9215390650609,7.370268158575853,193.80866816181813,2.2619470475627765,84.75876126101652,0.9676542031577169,0.0
11.75933287396342,0.8741511471201034,2.7043277495104032,0.8410508435178432,Si1,PU,combo_001,9.890196832854038,2.3639912044232467,hybrid,0.31877118,0.6812288,0.63754237,0.10026761,0.30304700970988696,283.46906,0.58098996,0.6106712086527545,0.5415254433949789,0.11269676494118148,0.9999998089999999,0.5666635926575128,0.5861680221262532,0.2842830682602788,282.6049582285601,3.132747021584972,1041.3068899526236,7.508909653313591,196.59098484442796,2.446730334510348,85.82240163838128,0.9641572829729541,0.0
15.498929307962221,0.935481429162047,2.05740488387917,1.9280987409121417,Si1,PU,combo_001,29.88346608416825,1.9246640611362613,hybrid,0.7110189,0.28898108,0.57796216,0.15816951,0.4780486513085095,283.30917,0.63280135,0.6086996444862248,0.0,0.1833367457975114,0.9999998089999999,0.566470216348456,0.5865662498901668,0.35721309261494244,283.66003887914223,3.177433678882349,1339.860148984232,8.67792670238762,249.53194092669125,2.7815529871475326,101.38351386416994,1.1802197247806423,0.0
14.338587337986713,0.913738791524249,1.2839847135451121,0.6506245703583745,Si1,Si1,combo_002,9.329037226323633,1.1732266404903198,hybrid,0.31830963,0.68169034,0.63661927,0.10304716,0.3114478737717397,282.58453,0.3146496,0.5997638187304993,0.5446022351582845,0.10498052525266714,0.9999998219999998,0.5663906465623998,0.5754243448283008,0.28049636755906027,283.68231959643987,3.2158294553469546,1201.292884025599,7.465183631796847,212.75240701797307,2.4103559795034646,95.7021901546207,0.932806450525646,0.0
14.347602092515732,1.1724490916348718,1.1635523088877824,1.5335518946506146,Si1,PU,combo_001,22.002792372670623,1.3642058476251382,hybrid,0.31778017,0.68221986,0.63556033,0.10943859,0.33076521104382883,282.56647,0.54093164,0.5995410346139531,0.5481324195861818,0.08696442601492833,0.9999998089999999,0.5663611419453032,0.5750844908374021,0.28928690949228125,281.87913117346,3.1959356236094028,1161.8579416532139,7.500641210010593,216.88655744261268,2.3948848223037835,90.53762703323413,0.9313828379173341,0.0
13.728925726803595,0.6645518498612681,2.246537125669115,0.8322954868125465,Si1,Si1,combo_002,11.426522921203292,1.4929404026454267,hybrid,0.31744578,0.68255424,0.63489157,0.08712196,0.26331584186356616,283.14636,0.3433244,0.6066919531656607,0.5503616333007814,0.16747308735014224,0.9999998219999998,0.5661106719374831,0.5837244023945857,0.2736236726409606,284.75337121993397,3.1481893877497136,1177.0701082243677,8.514732156997315,211.723675264426,2.5901451426525033,94.25734653647508,1.06571097681987,0.0
13.082790480331532,1.0644415301595602,1.1665328256089085,2.4355420634925977,Si1,PU,combo_001,31.863686522707972,1.241705985872502,hybrid,0.7031657,0.2968343,0.5936686,0.16672425,0.5039043475386334,283.6158,0.4506431,0.6124809532751712,0.0,0.07560942518875578,0.9999998089999999,0.5659586602527246,0.5864867316983151,0.3462942905109422,285.02278726340666,3.2290949314880146,1093.9146643466952,7.636365860786449,207.23309479368731,2.48549163845271,85.52443169830929,0.9680975099659389,0.0
14.394660746740069,0.7132260687643444,2.184022260570603,2.2664622242440764,Si1,Si1,combo_002,32.624954813295396,1.5577016110005877,hybrid,0.7102658,0.28973418,0.57946837,0.17653796,0.5335651297610526,284.08276,0.5464027,0.6182390947739438,0.0,0.10377946529668093,0.9999998219999998,0.5655503221465019,0.59280096400021,0.3629035466191539,285.55597254120477,3.2134576223055658,1223.5239789504947,9.966609404669805,241.64317273192808,2.753303094503325,98.0150848346967,1.1342193837110939,0.0
8.920614693824298,1.0380618127613175,2.54682752492729,1.433055451099835,Si1,PU,combo_001,12.783735514146196,2.643764397316442,hybrid,0.30851755,0.6914824,0.6170351,0.11636209,0.35169066192949494,284.61176,0.92936766,0.6247623040243016,0.6098828315734864,0.141715959021811,0.9999998089999999,0.5654582420898296,0.600626842079386,0.31294631685295937,284.0752359091334,3.08033052141733,839.0532986888218,7.417680055758992,173.86770214407716,2.343036801754158,75.49017222162024,1.0278583625713957,0.0
15.625603325960052,0.8763724233112395,1.862523282598326,1.9978698915129975,Si1,Si1,combo_002,31.21792242166094,1.6322640426442996,hybrid,0.26047978,0.7395202,0.52095956,0.21870433,0.6610079928964042,283.1269,0.55688006,0.6064518581211397,0.9301346143086752,0.2258417092316791,0.9999998219999998,0.5654169392863575,0.5856373533510744,0.4260369824297073,282.8992368472136,3.2515969299180556,1288.9327141814736,9.440882348642852,259.86585509625274,2.9443815497789876,102.88182154456969,1.171681579482221,0.0
15.197085666644373,0.9716365559693851,2.1144381733593463,2.2975993333777556,Si1,PU,combo_001,34.91681389696676,2.054465424573073,hybrid,0.29031116,0.70968884,0.5806223,0.165766,0.5010081532281215,282.58472,0.6321901,0.5997660766776265,0.7312589486440023,0.1351315865935167,0.9999998089999999,0.5653507553775765,0.576900117126112,0.3580053623592533,283.017511098641,3.185216083268401,1304.105580423896,8.636967287377663,250.55832497839992,2.823896224412974,100.81655256392128,1.1342505306436512,0.0
10.702978003761732,1.0704076283218267,1.2379424764296592,1.7882275619842591,Si1,Si1,combo_002,19.139360261637997,1.3251030701939204,hybrid,0.33315176,0.66684824,0.6663035,0.050743356,0.1533657996053498,283.74805,0.52087706,0.6141115674255,0.44565494855244964,0.1438550633664378,0.9999998219999998,0.565296976793758,0.5901601543362981,0.23531134224503059,282.7828131004512,3.1207232510700194,934.0843670678862,7.284303117848862,193.2937682879467,2.286935843073288,79.95816939425286,0.9918334591093444,0.0
13.379231798004763,0.6763377068190832,2.291752607759504,1.291124096690393,Si1,Si1,combo_002,17.274248569610283,1.5499987033287168,hybrid,0.68990767,0.31009233,0.62018466,0.095154285,0.28759258593712494,283.51508,0.33154678,0.6112387060307134,0.0,0.19865532948801773,0.9999998219999998,0.5649773019169761,0.5888217719654576,0.286551582214405,284.27114449348,3.1347079098254436,1150.7144521692435,8.117118966509931,215.7001197191721,2.5538204919214063,92.95465565143557,1.0092505783730483,0.0
12.869387343112862,0.9540161665088793,1.9100281812315858,2.0018166334024032,Si1,PU,combo_001,25.762153645141687,1.8221977633824844,hybrid,0.32013336,0.6798667,0.6402667,0.08708897,0.26321612994723553,283.3853,0.3014676,0.6096385741666012,0.5324444770812989,0.13339541136844615,0.9999998089999999,0.5649490162295804,0.5853379385521027,0.2676018328441871,283.29873968221176,3.088700942939527,1149.457976444204,6.985721505137955,214.29316744697397,2.254978453872435,90.20442450515303,0.9509007630393925,0.0
13.723542388315666,0.8027093001578015,1.867876738022376,1.629352267623365,Si1,Si1,combo_002,22.3604849102275,1.4993620291589786,hybrid,0.70525384,0.29474616,0.5894923,0.13568205,0.41008295545039114,283.7635,0.53936434,0.6143019876332236,0.0,0.1968878678204821,0.9999998219999998,0.5648635666941696,0.5919594618745118,0.3335038636162439,283.74773488863826,3.104686170543499,1170.2686689578172,7.345071240278066,223.99155239170432,2.31445718198318,94.89482968016802,0.9653809994679093,0.0
13.857571140672663,1.0184234503663383,1.4899476958074693,1.3630417606377292,Si1,PU,combo_001,18.88844816574505,1.5173976732296184,hybrid,0.67171943,0.32828057,0.65656114,0.07230704,0.21853949425071179,283.06732,0.31190062,0.605717272655771,0.0,0.10902538026058504,0.9999998089999999,0.5648355440210474,0.5810179404962519,0.2485276754699603,284.1805103793835,3.0681086281143037,1220.7821387010133,7.554225006066359,220.40872762255614,2.260410125251668,96.83921010373167,1.0266370884321623,0.0
12.915179735366412,0.8902023756515306,2.521721685707642,1.0919565816715258,Si1,PU,combo_001,14.102815515504068,2.2448426353489253,hybrid,0.34020394,0.65979606,0.6804079,0.019514289,0.058979632287313,283.07162,0.42236376,0.6057703344132592,0.39864039421081554,0.18288571132210307,0.9999998089999999,0.5645075532186957,0.583480562710333,0.20607072053770747,281.51217356864265,3.1311582653151127,1125.9438609725273,7.960217553169017,207.0002850045947,2.559842217501171,90.67216246940696,1.0090171346190986,0.0
11.962218123351661,1.121182415631985,1.460885691252002,1.539659993482638,Si1,PU,combo_001,18.417748677837512,1.6379193482801218,hybrid,0.3026101,0.6973899,0.6052202,0.12324724,0.3725002326161011,282.93936,0.689462,0.6041393439384092,0.6492660045623779,0.15982609242654264,0.9999998089999999,0.5638588584901472,0.5817670130196314,0.3179294058037676,281.79119215508996,3.1097645198002692,1038.2855538134806,7.643289597697739,205.96232112649633,2.3752223297016806,89.07543302942797,0.9977194012863242,0.0
15.83174806862203,0.78179597656917,2.8404557173866403,1.3400598936632844,Si1,PU,combo_001,21.215490633341545,2.2206568514757707,hybrid,0.2968977,0.7031023,0.5937954,0.17526688,0.5297234286883704,281.508,0.35599008,0.5864885949208984,0.6873486042022705,0.02603073796843507,0.9999998089999999,0.5635856992848798,0.5609167442012751,0.3459148318944757,280.2186032256122,3.108875829167412,1348.895996307186,6.6021012242236425,242.5706079244958,2.0918578388029414,101.78653566433968,0.9044639974783637,0.0
15.700606880781045,1.142367379490405,1.183065979612318,1.5442272172827833,Si1,PU,combo_001,24.245304473159432,1.3514959828939725,hybrid,0.6976085,0.30239153,0.60478306,0.13006456,0.3931047723636399,283.22565,0.416545,0.6076696442717199,0.0,0.13478468830768614,0.9999998089999999,0.5634966755596462,0.5837744674842337,0.3156776873820024,282.42824110655846,3.333208413660184,1276.7041328230273,7.7835997630224485,236.52908544689376,2.5048396803940656,96.15611820340966,0.9832305922416235,0.0
14.62586413544744,1.0097235629781949,1.3208342677299025,0.8423269517147618,Si1,PU,combo_001,12.319759553405701,1.3336774829159321,hybrid,0.69308877,0.30691123,0.61382246,0.103831805,0.3138193645225362,282.39444,0.33017823,0.5974196932879887,0.0,0.18587686960380964,0.9999998089999999,0.5634965724223663,0.5757224731757556,0.29378556533819467,284.5897401712989,3.188549685489724,1267.988235706337,7.227186274313848,216.74779495328357,2.4052846387239066,97.62792588739347,0.9338794609811865,0.0
13.566017482563993,0.8356134223045795,2.6800871494918734,1.035582383911902,Si1,PU,combo_001,14.04872872478416,2.2395167950614296,hybrid,0.33687776,0.66312224,0.6737555,0.04880475,0.14750658733669472,282.6192,0.29623118,0.6001913233865744,0.4208149115244548,0.1005742250457826,0.9999998089999999,0.5633337461325951,0.5756524464278723,0.2220708137846295,282.37707166283786,3.1096276941831222,1176.970970556227,7.317695512469742,210.9001409409307,2.291914099415365,92.86164580664723,0.9707230250718512,0.0
8.635852317995568,1.005259373881772,1.5564189539402689,0.9147478673505711,Si1,Si1,combo_002,7.899627490640931,1.564604743135717,hybrid,0.7364523,0.26354772,0.52709544,0.22728767,0.6869501151280811,287.74243,2.2004404,0.6633679313553967,0.0,0.15030457811051892,0.9999998219999998,0.5633281175002985,0.638679964136907,0.4581554245553812,287.00918209018494,3.2358721646443565,821.4225974006338,8.765547845101851,170.8494636943078,2.567381983901401,75.11614958306107,1.0381854651576332,0.0
14.339591295275785,0.9626467468942695,1.8786260087206053,1.606981312253765,Si1,PU,combo_001,23.043455236864947,1.8084532159258564,hybrid,0.6763013,0.3236987,0.6473974,0.07966074,0.24076518582310927,283.31464,0.35891733,0.6087670065755184,0.0,0.11305298560559643,0.9999998089999999,0.5632304931506,0.5840287971794813,0.25789399701702,284.1143900968826,3.0518669703077284,1260.5283805769957,6.855788433987505,226.68142775881407,2.1156820866958332,95.94492158776887,0.9729264015563113,0.0
10.110345103699053,0.996232253134558,2.375488718681414,2.006075140984495,Si1,PU,combo_001,20.282111979304975,2.3665384785077093,hybrid,0.32279348,0.6772065,0.64558697,0.099681996,0.3012770556395195,284.19916,0.40837985,0.6196743964977734,0.5147101084391277,0.049796419713753926,0.9999998089999999,0.5631648267268259,0.5922545561597161,0.2706190009016662,283.78186053671635,3.0449146251380323,923.9680726128098,7.514066909754789,188.50525931153533,2.243686086137954,79.5526090300815,0.9851200890915403,0.0
13.385044673966165,1.0093808084427265,1.251830939475581,1.9109274000525365,Si1,PU,combo_001,25.577848618409217,1.2635741257214799,hybrid,0.69278187,0.30721813,0.61443627,0.13849592,0.41858756224000704,283.2514,0.28264144,0.6079872621676067,0.0,0.0570496768059661,0.9999998089999999,0.5631515326568006,0.5814946152461206,0.3101362912785697,286.23477154646866,3.1073653126566323,1149.150507879971,6.829213258204081,210.7559258556941,2.0691788884456,88.43056416005223,0.9366758291153469,0.0
13.856000384089125,0.8124349553040803,1.6034170398006946,2.209479993999442,Si1,Si1,combo_002,30.614555645493503,1.302672051064278,hybrid,0.7070495,0.2929505,0.585901,0.17666698,0.5339550601005244,283.798,0.33811334,0.6147276106666928,0.0,0.05437041909959289,0.9999998219999998,0.5631365811645785,0.5877147868898458,0.3512730279409637,285.8739709635879,3.146011655560625,1203.8129455658996,6.908674867470178,231.6608068005454,2.097142423090259,96.5709720609881,0.9568858218498254,0.0
12.160141312712227,0.8100267292816226,2.952092437134945,2.028218220788115,Si1,PU,combo_001,24.66342017780125,2.3912737813894336,hybrid,0.28991923,0.71008074,0.57983845,0.17766644,0.5369758267509507,283.4195,0.35800233,0.6100600576303372,0.733871618906657,0.07846811321159705,0.9999998089999999,0.563054937006761,0.5841792179373944,0.3563608566744935,281.8491556211501,3.0934974028194424,1083.1533110862156,6.906141020975485,210.34240529331055,2.1111030548434133,87.47035438411268,0.9027299792640504,0.0
11.615995256620879,1.0677069547147964,1.7736496304636944,0.9177297648273667,Si1,PU,combo_001,10.660344595094486,1.893738045673415,hybrid,0.28160506,0.71839494,0.5632101,0.18765928,0.5671779987413059,282.6413,0.81745726,0.6004637823399182,0.7892995675404867,0.11950369483574962,0.9999998089999999,0.5629234350691597,0.577405244651909,0.3826948336661229,282.258107495248,3.1092013632694058,1023.1434528526842,7.723382298883949,197.48288816466882,2.2913361273587607,86.2183920864607,0.975149255614147,0.0
15.98613571778834,0.7786149641987161,1.5468008481096125,0.6032944952585142,Si1,Si1,combo_002,9.644347678997223,1.2043622869734096,hybrid,0.722505,0.27749503,0.55499005,0.18131277,0.5479964255034439,282.55914,0.7315779,0.5994507167288669,0.0,0.17871188169834418,0.9999998219999998,0.5627042960319493,0.5780955389119359,0.3830666485026178,283.19945291362467,3.356121393332829,1358.8978045108433,9.431820289796185,239.85515455362312,2.712194566007155,106.35578753792618,1.263337738939991,0.0
11.33246400312839,0.647776442606524,2.266017005176939,2.214814959976639,Si1,Si1,combo_002,25.09931080752551,1.467872434499407,hybrid,0.6706346,0.32936537,0.65873075,0.08042605,0.2430782410673841,284.39227,0.41530696,0.6220557780678821,0.0,0.053080950372831254,0.9999998219999998,0.5626743602869051,0.5945563796063904,0.2508869532783055,285.55999049310316,3.0558701095534864,1035.0362257808717,6.738494195385669,203.56771440813395,2.0368108584449423,84.62921587538092,0.9688979960757425,0.0
15.54063604540672,0.9440680976022374,2.124406392090715,1.4519960182686011,Si1,PU,combo_001,22.564941659292057,2.0055843011151144,hybrid,0.28772607,0.71227396,0.57545215,0.16097902,0.48654006225734625,281.73358,0.5009462,0.5892703857815564,0.7484930356343588,0.15324811937144728,0.9999998089999999,0.5624141741419661,0.5675523343674552,0.35291450739738617,281.4469811857834,3.1173496472292936,1332.8056389396934,7.968399689063545,243.6253104787809,2.523361933358083,101.78273560130435,1.1068032680846398,0.0
10.912842789168042,1.1434674483706961,1.5021317166910129,1.0894823687607516,Si1,PU,combo_001,11.889349811856485,1.717638721201366,hybrid,0.2902018,0.7097982,0.5804036,0.17433591,0.5269096971234779,282.19623,0.79567885,0.5949754655228409,0.7319881121317546,0.07973809325551649,0.9999998089999999,0.5620431996217403,0.5711239892581806,0.36218066932572807,282.9775501721371,3.140492763513654,953.3080095514324,7.379683258877279,192.26266423799404,2.3090004268611337,84.50783478154554,0.9711385550196152,0.0
13.114693905856868,0.8059335584316843,2.8314940990534705,0.933708975606863,Si1,PU,combo_001,12.245307412235185,2.2819961149284795,hybrid,0.3131014,0.6868986,0.6262028,0.09190163,0.27776181966771163,282.79956,0.40321022,0.6024154013068246,0.5793239275614421,0.1583734901135763,0.9999998089999999,0.5619475594383492,0.5796243265889421,0.2785671242887247,282.3827347112554,3.1632907707739957,1145.9815222948869,6.87848773073225,206.22997593351585,2.194393578297544,91.34733128571457,0.9074273368605782,0.0
11.030554952788458,1.0660164563817247,1.8573414458533015,1.6521124532328695,Si1,PU,combo_001,18.22371720357132,1.9799565463994455,hybrid,0.29873884,0.70126116,0.5974777,0.14217004,0.4296921549960939,283.52182,0.55111855,0.611321873749897,0.6750744183858236,0.11198997382244731,0.9999998089999999,0.5617317583350787,0.5866918884178607,0.32787819536028995,282.69054841684766,3.075021419324553,981.2757958774353,7.235763439553801,196.62023134633804,2.1952868486934882,83.83147481399635,0.9387337263229617,0.0
12.418289636628689,1.0629415049706878,1.4592450551441076,2.243229781760622,Si1,PU,combo_001,27.857077151414767,1.5510921350359121,hybrid,0.31031746,0.68968254,0.6206349,0.11923533,0.36037469612410683,283.21915,0.4075949,0.6075894871487058,0.5978836218516033,0.08543751175290723,0.9999998089999999,0.5617272679045622,0.5822042653419616,0.29663292413629994,282.92920683708826,3.153180346691545,1088.0733979367867,8.44702349711574,212.31635373522244,2.5790583404772724,90.4302500666214,1.0349300816281797,0.0
14.920535299751599,0.7932523550192203,2.25323296623956,0.5191877721090529,Si1,PU,combo_001,7.746559480952512,1.7873823568764744,hybrid,0.69048727,0.30951273,0.61902547,0.13198082,0.3988964403926758,281.8681,0.43228477,0.5909292242709747,0.0,0.047491699649392656,0.9999998089999999,0.5617098004763657,0.5657827035746513,0.3049399646533593,283.7392688855422,3.1387154743397416,1309.5681830841081,7.508621285330938,215.22897083589743,2.304374859737451,98.16372964246926,1.0410476960850312,0.0
13.580380210638785,1.0790647809706027,1.2295015408921248,0.8228968574804054,Si1,PU,combo_001,11.175252198723742,1.3267118109257792,hybrid,0.32193285,0.67806715,0.6438657,0.09745002,0.2945311661889592,282.25388,0.49467245,0.5956863425433743,0.5204476515452068,0.05240516601185945,0.9999998089999999,0.5614614314557196,0.5704184807954367,0.27045375686163997,283.2150095517359,3.1396458274074126,1145.307113375879,6.817151623675367,203.07027454321008,2.1280561979701975,88.91430041650679,0.9189488272551295,0.0
10.130735733379174,0.923418294322063,2.542397276051547,2.1939060320607595,Si1,PU,combo_001,22.225882234674053,2.3476961561405787,hybrid,0.6845406,0.31545937,0.63091874,0.10661821,0.3222409456040421,285.34302,0.90957403,0.6337797922011259,0.0,0.07999797203923152,0.9999998089999999,0.5614325278340886,0.6070359132526834,0.2929673041261214,284.88664726086205,3.057559706226627,939.3300521939568,6.996896267512854,188.19322474654422,2.1367225778897994,79.78386708281732,0.9537765769749657,0.0
11.254263803797244,0.8333411794272217,2.8478713303651415,1.244238761460437,Si1,PU,combo_001,14.00299125638571,2.373248453303458,hybrid,0.6955367,0.30446333,0.60892665,0.11888697,0.3593218211557341,284.5436,0.8744613,0.6239219713684778,0.0,0.13794135487516382,0.9999998089999999,0.5612971347876583,0.5996420830766208,0.31390285888505415,284.20607459471495,3.1013883850948463,1015.4474894132588,6.8317674824360335,195.63803572174004,2.1581187886709015,84.19190295822789,0.9091247399123774,0.0
11.429394944440187,1.232296505250837,1.1611529098498365,1.9514604585658766,Si1,PU,combo_001,22.30401229940776,1.4308846728697937,hybrid,0.2927727,0.7072273,0.5855454,0.13306835,0.40218337570864593,282.28824,0.6547812,0.5961100839542375,0.7148485978444418,0.1958214127149676,0.9999998089999999,0.5611942618476268,0.5753977911888309,0.3329925776325766,280.8188989067028,3.242328426254802,941.1352915547334,7.8710026537469275,192.47765628596025,2.455182743734693,80.43693013837601,0.9409664821564019,0.0
14.61264272329895,0.9978551664030328,1.6960589706859248,1.333818210604369,Si1,PU,combo_001,19.49060896939156,1.69242120642316,hybrid,0.6780168,0.32198322,0.64396644,0.09974058,0.3014541186020551,282.96005,0.2816009,0.604394491963778,0.0,0.04012690933474342,0.9999998089999999,0.5609943290616733,0.5776797185435536,0.2665794114906779,283.6406905629727,3.087383205991403,1282.9702165993021,7.452112543611856,228.1912009223355,2.2872964674208314,98.21801946541422,1.0070933457117273,0.0
10.430195177570306,0.7552445090431708,2.268587059878312,1.708996058435796,Si1,Si1,combo_002,17.8251624471837,1.713337920259486,hybrid,0.7022716,0.29772842,0.59545684,0.14437139,0.4363454708947041,288.21762,2.2075655,0.6692276804748915,0.0,0.10766895639118872,0.9999998219999998,0.5609764231558309,0.642804635860548,0.36419745297746753,286.5700515807292,3.0468740339871596,959.0178193739168,6.846172671794126,194.5179462431098,2.1326149413915303,81.26856987494446,0.9497815252221448,0.0
10.768528208880756,0.9992246977262693,2.115522285987544,0.78674082043386,Si1,PU,combo_001,8.472040717920011,2.11388211674909,hybrid,0.7370924,0.26290762,0.52581525,0.2136043,0.6455937646454691,285.26474,1.057503,0.6328145198042661,0.0,0.18510923250707575,0.9999998089999999,0.560800568950383,0.6095663500969178,0.42500089227275073,285.15108752212393,3.096332101360539,967.8088115438558,7.571520620837841,188.82323402222784,2.381348752897484,82.49156089207528,0.9564887219486001,0.0
9.043697943224718,1.1715815499634357,1.3496024983347228,1.4717090972491471,Si1,PU,combo_001,13.309692535817218,1.5811693868335197,hybrid,0.2533318,0.7466682,0.5066636,0.24956799,0.7542897516596809,281.31723,0.8231452,0.5841361903389216,0.9777881304423014,0.14547959637367885,0.9999998089999999,0.5606569426050252,0.5631733322107979,0.45219927587770176,283.41404946650454,3.108113042557974,819.7557688776102,7.198553645160971,165.89249725929875,2.2614689236329495,75.5522190278123,0.9910449429592991,0.0
11.76137572998463,0.9775354757240395,1.403088037304848,1.9856243047842963,Si1,Si1,combo_002,23.353673507157627,1.3715683320295036,hybrid,0.28477415,0.7152258,0.5695483,0.16259585,0.49142675682353326,283.4382,0.32688284,0.6102907445618284,0.7681721051534017,0.1611122931333905,0.9999998219999998,0.5606370623992043,0.5868149966136718,0.3521645566241042,281.92239283676383,3.091528714130712,1034.0719251050498,7.521105842456395,210.59066399824454,2.424512966912155,88.21461721529651,0.9810238805615591,0.0
12.980722227309524,0.7480958093557849,2.8899947046874552,2.1337685052796616,Si1,PU,combo_001,27.69785626441672,2.1619929276370944,hybrid,0.69232374,0.30767626,0.6153525,0.11782686,0.3561177539183766,283.76083,0.64100474,0.6142692473998798,0.0,0.10603776942790388,0.9999998089999999,0.5605722171012912,0.5893860191296569,0.3031139769898055,284.29398451338443,3.165097957686374,1156.120823757212,7.271725978010887,216.71935762734472,2.2477255000754055,90.5237452379583,0.9145570512365259,0.0
12.58276892311336,0.9996315151890652,1.9814451963133988,1.1748076189179515,Si1,PU,combo_001,14.782332797957602,1.9807150638548576,hybrid,0.30987698,0.690123,0.61975396,0.100945055,0.3050945042881078,282.98322,0.4887054,0.6046801222753634,0.6008201440175375,0.14347177202569328,0.9999998089999999,0.5603104142654654,0.5814140609156582,0.28768613627280937,281.3858350120618,3.111625638642778,1107.5623181463593,7.784406989292719,206.02986081643803,2.432606781067302,89.21784249519919,0.9855870457642514,0.0
8.358645020928078,0.8181183539346067,2.71331509317371,2.286117189401663,Si1,Si1,combo_002,19.108842062450304,2.2198128777331996,hybrid,0.3096932,0.6903068,0.6193864,0.12451455,0.3763305168094745,286.07382,1.143905,0.6427916355101323,0.602045218149821,0.06098908935093631,0.9999998219999998,0.560260586318458,0.6151765606009205,0.31394753038178047,284.9911863991848,3.4408185550441432,837.511609094948,9.377012056290177,174.22960886485095,2.6952076863102485,73.63845235456827,1.0460494409841563,0.0
12.204238037761396,0.6068191299779309,2.5410842655511052,1.3627790746775525,Si1,Si1,combo_002,16.631680220245066,1.5419785432223312,hybrid,0.6750488,0.32495117,0.64990234,0.056845263,0.17180809050058896,283.7279,0.4418906,0.6138631932415126,0.0,0.15863790556389593,0.9999998219999998,0.5601894517493361,0.5902335590611788,0.2423318469839445,284.80622687325393,3.08534208103896,1081.8487978433052,7.764382577706672,205.25918719260363,2.4890347639003236,87.88892495137824,1.013275584926497,0.0
10.289180701249503,0.9536640273300024,2.581354145282889,1.944673700257111,Si1,PU,combo_001,20.009099106912927,2.461744590155476,hybrid,0.31725124,0.6827488,0.6345025,0.09380497,0.28351444061840125,284.1502,0.41662213,0.6190707719657801,0.5516586303710939,0.09868311761561947,0.9999998089999999,0.5601382345117492,0.5931805960878977,0.27190744853608234,283.66993084913935,3.0476604597030166,939.0961531248016,6.891722169985532,190.98089282451076,2.1573490185468214,80.51639649472706,0.9264659649819693,0.0
15.402324914002932,0.8356986405287463,2.2219036002008616,0.968356502140632,Si1,PU,combo_001,14.91494147855739,1.8568418180737871,hybrid,0.69820255,0.30179745,0.6035949,0.12114071,0.36613348714369315,282.16284,0.68483126,0.5945637664966558,0.0,0.1451818288680082,0.9999998089999999,0.5600696773087368,0.5725098536643873,0.31340756966377026,282.8765595743398,3.0926805397718216,1339.9092406262416,7.245211268172706,230.62411929492237,2.256940241364377,100.57798155433477,1.0319395532866782,0.0
14.149816181242617,1.0849804815034298,1.4914328773939278,2.0278319427160802,Si1,PU,combo_001,28.693449235884643,1.6181755614449096,hybrid,0.31558886,0.68441117,0.6311777,0.114098765,0.3448500371510207,283.1022,0.14237836,0.6061474115834946,0.5627411206563314,0.04138106318261488,0.9999998089999999,0.5600543434959835,0.5790804850669515,0.2790447577345937,282.8713569973378,3.0929497516593436,1220.5338183687934,8.275531867206986,230.29181640238767,2.389139387936631,98.01596266794719,1.0500417495755507,0.0
12.21897155693694,0.8703458338014999,2.3957534869317874,1.470587661413776,Si1,PU,combo_001,17.969068806797342,2.085134066166497,hybrid,0.6836611,0.3163389,0.6326778,0.08898929,0.2689596083870782,283.85,0.71395963,0.6153688676508055,0.0,0.12260882244569829,0.9999998089999999,0.559919838438302,0.5910255665791345,0.27661987833426094,283.3725002331326,3.082772244224799,1092.204004391905,7.43111615575205,204.56957916221705,2.376579140607617,87.53286510049188,0.9757465925491203,0.0
8.639901079393422,1.0759520672774523,1.6248809398374426,1.8807281423646085,Si1,PU,combo_001,16.249305107261566,1.748294006297826,hybrid,0.7210762,0.2789238,0.5578476,0.1560798,0.47173275260825026,284.42337,1.1751001,0.6224392527549777,0.0,0.23202969146449154,0.9999998089999999,0.5597630164798943,0.6016395006426676,0.3736467356310155,285.683936201543,3.0986875196209884,820.5020371658908,7.509417299970767,163.97252549112469,2.2165110732908966,74.26651682753767,0.9933151217779786,0.0
11.978188569412904,0.9910295129961888,1.7378128247938538,2.1740847037433317,Si1,PU,combo_001,26.041596547313816,1.722223797433984,hybrid,0.2976564,0.7023436,0.5953128,0.13451834,0.40656579099427553,283.39322,0.3131424,0.60973604221759,0.6822905540466309,0.13261180971397785,0.9999998089999999,0.5596039718327351,0.585425027146249,0.31790081105930573,283.6419352076009,3.087596732350879,1076.7051694275347,7.171575191881038,206.93203143538076,2.2182006754300128,87.32230218583008,0.9689561310558421,0.0
9.829553573952124,1.0685738124340234,1.1665238195256717,1.4531918309423029,Si1,Si1,combo_002,14.284226955476944,1.2465168051256457,hybrid,0.717625,0.28237498,0.56474996,0.1624314,0.4909297284998545,285.26404,1.424013,0.6328058643402786,0.0,0.1729003767809324,0.9999998219999998,0.5592104859356176,0.6098490586517716,0.37670141813710734,285.3435143974386,3.1812999399060495,873.2032183916391,7.5516195434980595,176.52421749420037,2.509998282677269,75.80384944026433,0.9415076063592491,0.0
9.146806159566701,1.071282074590831,1.1125038243057244,0.697459438622173,Si1,Si1,combo_002,6.3795262892372255,1.1918054048924696,hybrid,0.74751186,0.25248814,0.5049763,0.23995538,0.7252367887790857,284.43414,1.606933,0.6225720953109588,0.0,0.17599297228215482,0.9999998219999998,0.5591855044244922,0.6008546369809683,0.4629979048899219,286.534190309612,3.324100268294527,820.6895038210791,8.675387647764769,163.3116445106219,2.7368729968758467,72.63848173712762,1.0592285821560425,0.0
14.53192778638776,0.9770779055781641,1.9849912380576882,1.6115193281077167,Si1,PU,combo_001,23.418482502429462,1.939491081472413,hybrid,0.29568508,0.70431495,0.59137017,0.14961046,0.45217993938560347,282.39056,0.3363405,0.5973719000737973,0.695432980855306,0.0936859534728342,0.9999998089999999,0.5591371874162634,0.5729238212365634,0.3285119909748766,282.9360591782677,3.0545582692087954,1262.955663976154,6.992977909796022,230.49279458355923,2.1356824303180257,96.93490182530793,1.0172399023288634,0.0
10.840080426255318,0.8779048464746151,2.7878601160802843,2.26060426283231,Si1,PU,combo_001,24.505132021037856,2.4474759072001646,hybrid,0.3029163,0.6970837,0.6058326,0.12526447,0.3785970488335282,283.90976,0.5770848,0.6161057110633011,0.6472247441609701,0.11203017151817608,0.9999998089999999,0.5590437940027788,0.5911407668548215,0.3105439299315852,282.6508850870838,3.087703945632838,987.1973416450094,6.713066982049686,198.48191966308448,2.138080938664327,82.1086325892459,0.9153345614717888,0.0
12.28039624649034,0.8752792877036109,2.5333920450329996,1.9262521807238477,Si1,PU,combo_001,23.655140049954973,2.217425584650478,hybrid,0.304401,0.69559896,0.608802,0.11688421,0.3532687133460752,283.55084,0.4167736,0.6116797583695515,0.6373263994852703,0.12743264883377087,0.9999998089999999,0.5589751604178312,0.587243620986397,0.3006370408291526,282.09056677035414,3.0611466852902,1090.598112165093,7.2794655965607316,209.74528507618257,2.257022635437084,88.16021963581751,0.9959860263751453,0.0
13.54420985351371,0.9772217185254031,1.9267324693881633,0.9091822539389102,Si1,PU,combo_001,12.314155242439192,1.8828448148741945,hybrid,0.3051414,0.6948586,0.6102828,0.11939397,0.36085416001807963,282.27377,0.35926303,0.595931706131192,0.6323907375335693,0.11027265094926544,0.9999998089999999,0.558806123745105,0.5721375303802888,0.29951531702838324,282.0489023416982,3.1061683284204937,1188.8866967279007,7.882459946200961,209.88941231888074,2.4602314118419133,92.80189032520533,1.006852411504638,0.0
12.734775247639247,0.9535068926213466,1.2221503044087476,0.9077606030350147,Si1,Si1,combo_002,11.56012725831238,1.1653287390730178,hybrid,0.6622928,0.33770722,0.67541444,0.053962067,0.16309397159048072,283.27628,0.19074401,0.6082939666523789,0.0,0.03836358327518139,0.9999998219999998,0.5587270515198919,0.5810514827706117,0.21598891182323543,283.634939641447,3.10582337222512,1076.7794286405574,6.801610983474371,200.4906192512411,2.07766768136065,86.58994954711092,0.9134084460713008,0.0
12.458105315269535,0.8248065138528654,1.582797180106601,0.9791768531941242,Si1,Si1,combo_002,12.198688359366615,1.3055014242598715,hybrid,0.67063904,0.32936096,0.6587219,0.048431113,0.14637731835835094,283.6885,0.44762987,0.6133773582846527,0.0,0.1358400365005571,0.9999998219999998,0.5587157303507725,0.5891129419685022,0.2301314130025659,284.8607706799185,3.103880421731104,1102.3352200874124,7.153361045718587,205.88134309439485,2.263682202733622,90.88327544209626,0.9813713071227348,0.0
10.623622370952107,1.080867208035892,1.6476617308503085,0.8387950051618689,Si1,PU,combo_001,8.91104138148052,1.7809035348117586,hybrid,0.7260946,0.2739054,0.5478108,0.22227669,0.6718050279846403,284.24423,1.2784395,0.6202302278155754,0.0,0.0345582850119363,0.9999998089999999,0.5586243448943162,0.5938682823489673,0.4162123008930131,285.2794793074155,3.1480118922054108,946.3611881083292,7.655764784858512,187.20478167816393,2.3341315766781157,82.46898984088634,0.9924645486713606,0.0
9.230878044025282,1.2228382317686912,1.1578600629601825,0.7173155202049988,Si1,PU,combo_001,6.621452086098897,1.415875552025815,hybrid,0.2502856,0.7497144,0.5005712,0.23856679,0.7210399259303496,280.53207,0.89438033,0.5744541130576706,0.9980958302815756,0.19546702861214568,0.9999998089999999,0.558417890674725,0.5558931267658085,0.44954958305196113,282.6002113156977,3.27223750889144,803.4637858173722,8.380899092605238,159.72867902247168,2.6994410055266966,72.37315463215185,1.0309666223395333,0.0
14.230634786888068,0.5133878827973908,2.960199643713269,0.8046214897586953,Si1,Si1,combo_002,11.45027456243779,1.5197306277435458,hybrid,0.31596488,0.6840351,0.63192976,0.088493004,0.2674596511271905,282.60507,0.32400188,0.6000170851332621,0.5602341492970785,0.11599356956298665,0.9999998219999998,0.5584063338817352,0.5760045043636556,0.2669480159608883,284.3476348181698,3.279299184362093,1219.1246987250759,8.56928270763827,219.81528586335696,2.664536553834261,94.54807942304049,0.98180661606423,0.0
12.888439560886836,1.0000066371173384,1.3058370994359336,1.9337047412127484,Si1,PU,combo_001,24.922436685720825,1.3058457664299874,hybrid,0.6992465,0.30075347,0.60150695,0.13602321,0.4111140775481281,283.3412,0.28342098,0.6090944089089562,0.0,0.08784314344303616,0.9999998089999999,0.5582637438666647,0.5834383915029774,0.31215589294850987,286.0033663147294,3.125856455117765,1123.38381012526,7.470358776284657,208.80592767324634,2.2393958226079116,88.80331305958906,0.9598974878667071,0.0
12.609710900774903,0.9407204311865475,1.913082090849067,1.4021685064935436,Si1,PU,combo_001,17.680939501054905,1.799675409398796,hybrid,0.6635779,0.3364221,0.6728442,0.033592705,0.10152998117543506,283.4086,0.5704534,0.6099257097762714,0.0,0.11910093391656766,0.9999998089999999,0.5582571573335872,0.5856554023875264,0.2144923988005838,283.80870037481736,3.0988873371370373,1129.824437631163,7.366977926548378,206.46569815724058,2.34363428045059,89.11393656963062,0.9598130963978505,0.0
10.66447334098942,0.9525628928085953,1.5153920575690982,1.806542162530582,Si1,Si1,combo_002,19.26582073168077,1.4435062420971896,hybrid,0.6807061,0.31929392,0.63858783,0.08382145,0.25334043927107436,285.5335,0.66101533,0.6361288098624119,0.0,0.0989250361953451,0.9999998219999998,0.5580737772092951,0.6093193020814531,0.2664934597662062,284.70275986966357,3.0760340435689075,963.2196736503619,7.46212677385324,197.46482411747058,2.3438997386421763,83.59024083265676,0.971439490362107,0.0
13.994538858790994,1.0693939178541116,1.5287054308800072,2.0616574534935888,Si1,PU,combo_001,28.851945346432114,1.6347882899736288,hybrid,0.31292224,0.68707776,0.6258445,0.111435644,0.3368010696827765,283.14883,0.14907824,0.6067224354518773,0.580518404642741,0.05900292368125707,0.9999998089999999,0.5579204939061266,0.5801501717773702,0.2790110024552214,282.9730073682433,3.079431811684438,1214.4890008869074,8.15718240369568,228.7674679815081,2.3366922878427454,97.12289934969566,1.039799130204881,0.0
10.108962088793813,1.0394043044528958,1.1950359370983805,0.8094001029823319,Si1,Si1,combo_002,8.182194955714202,1.2421254969959568,hybrid,0.7213214,0.2786786,0.5573572,0.20677713,0.6249594329229292,284.47885,1.1887751,0.6231234107345064,0.0,0.03951549981600307,0.9999998219999998,0.557909666210916,0.5965180116830838,0.39868491081210067,286.72093246423594,3.233635095829501,888.6021740922556,8.31709052780299,177.03046771944636,2.786735436648864,77.0076469604742,0.9904980373915482,0.0
13.337451176014248,0.9008961363054755,2.1256081720101756,0.89265877640076,Si1,PU,combo_001,11.905792847085756,1.9149521894633117,hybrid,0.6883216,0.3116784,0.6233568,0.07994778,0.24163271102108516,282.8579,0.3071112,0.6031349337913454,0.0,0.17927761184010094,0.9999998089999999,0.5575001007034184,0.5807411710886395,0.26704798241304595,283.3938624554549,3.126778560735457,1177.6475479100134,7.87816246272167,206.82385475082515,2.595905714103839,92.20214095393584,1.0278796958320398,0.0
11.73292744723831,0.7678691907228514,2.953932496545265,1.6168978712261874,Si1,PU,combo_001,18.97094541269093,2.268233755572145,hybrid,0.70041007,0.29958993,0.59917986,0.15014452,0.45379406543857975,284.0175,0.9395015,0.6174341366231121,0.0,0.04149561422368878,0.9999998089999999,0.5573718161766332,0.5908964817833994,0.3338613703603535,284.1304429135383,3.1104576021298915,1062.2402639964896,7.016515726424367,201.38546812050276,2.146945233581867,85.5417586872989,0.8939427803086111,0.0
9.063449116433288,1.0602461964912337,1.8201954557541726,1.7748489836035042,Si1,PU,combo_001,16.0862534522437,1.9298553088339894,hybrid,0.71509933,0.28490067,0.56980133,0.14548591,0.43971396821630876,284.73276,1.0083483,0.6262544307508314,0.0,0.194474780863972,0.9999998089999999,0.5572844209689723,0.603723929251733,0.35331989983087364,286.0584568491674,3.0837521580081995,848.2844191908096,7.511995869475044,171.2798173453569,2.292697520943416,76.06821740660254,1.009791161882182,0.0
12.35458504311644,0.893435801394045,2.171997098583308,2.048827423337787,Si1,PU,combo_001,25.312412640295815,1.9405399683983182,hybrid,0.3141726,0.6858274,0.6283452,0.097428195,0.2944652095035635,283.4995,0.2861969,0.611046780524905,0.5721824963887533,0.09136828822358646,0.9999998089999999,0.5571846096059199,0.5853453033030946,0.27191560916698654,283.6283060111711,3.0655571099749834,1111.5612813210807,6.996381443231968,210.01487521699588,2.1972016341063454,88.48992202814121,0.9543159769666454,0.0
14.325576758670884,0.6077438701433456,2.6897310501403378,1.7956497815087225,Si1,Si1,combo_002,25.723718776693804,1.634667558057014,hybrid,0.7190099,0.28099012,0.56198025,0.15134181,0.45741274329099585,283.81415,0.68674046,0.6149266863384037,0.0,0.20870059581557787,0.9999998219999998,0.5570994870601337,0.5931527252537766,0.3549230504172607,284.71958237817324,3.181205557736382,1216.1120494590398,7.581508438926746,233.86534604870417,2.399045462225937,96.02585544178818,0.9699548350693009,0.0
15.625661661556425,0.7599201572275587,2.9308285951227733,1.7521582402574978,Si1,PU,combo_001,27.378631839771753,2.227195726812723,hybrid,0.71253157,0.28746843,0.57493687,0.14560074,0.44006102333249836,282.7723,0.31722406,0.6020793435093993,0.0,0.1663176061043787,0.9999998089999999,0.556802071568963,0.5793993542545098,0.33476536549722635,282.1112694225497,3.1625068070324227,1335.1157601068037,7.257899430970884,247.0043664454833,2.256983859849002,101.02963383178064,0.9133732689769478,0.0
13.935262227790734,0.606590370679214,2.3155323036339532,0.7521469445791092,Si1,Si1,combo_002,10.481364906541472,1.4045795983810139,hybrid,0.69766647,0.30233353,0.60466707,0.11677111,0.35292688252179816,282.95758,0.6666874,0.6043640096775614,0.0,0.12667245646931205,0.9999998219999998,0.5563666620028275,0.5809382752548796,0.3056294398565371,285.9570678837752,3.1809813297365026,1201.5002912254313,8.347825760024552,210.99273741216737,2.5051517565323898,94.69335501911408,1.0764368523564651,0.0
13.244373919257782,0.9126317832354969,1.5110303025085248,1.919281660830335,Si1,Si1,combo_002,25.419683972411047,1.3790142795012272,hybrid,0.2919626,0.7080374,0.5839252,0.15866072,0.4795332959886536,283.42075,0.27020186,0.6100754869357061,0.7202491760253906,0.07349253514038812,0.9999998219999998,0.5562357741317718,0.583886771192161,0.3336735988665849,282.5456626454906,3.080756498589096,1145.679661379611,6.738640865956129,224.8342299989838,2.0861768824254012,94.85311890445817,0.9535164535221119,0.0
11.001991523248881,0.9179704968537115,2.2335966920990993,2.0015984987838276,Si1,PU,combo_001,22.021569716567356,2.0503758652170165,hybrid,0.6711041,0.32889593,0.65779185,0.066543035,0.2011184623503747,284.9333,0.84503156,0.6287272591795899,0.0,0.055491723182592594,0.9999998089999999,0.5561291208219409,0.6015367087032355,0.24554881944626192,284.83771111603124,3.051616247467367,1005.8067683582817,6.881476270898522,196.36948687805292,2.1096890792207295,83.05256069168328,0.9652180964050383,0.0
11.39713192877954,0.9132679090073001,1.9379680288392065,2.268360925587613,Si1,PU,combo_001,25.852808731010498,1.7698840094209813,hybrid,0.6641211,0.3358789,0.6717578,0.052182164,0.1577144258822951,284.26703,0.3800243,0.6205113422329065,0.0,0.041094820010788145,0.9999998089999999,0.5560926619463626,0.5927126734359948,0.21847388442671956,285.5924459350348,3.070179006368787,1046.9991733773722,6.857183475867413,199.47373699478686,2.0604224590581617,84.50741565726332,0.9345519609967194,0.0
15.519973815286136,0.7042864335224961,2.4044934901733273,2.2889615022210563,Si1,Si1,combo_002,35.52462257866881,1.6934521446222317,hybrid,0.7135731,0.2864269,0.5728538,0.15512645,0.4688513754704903,284.1107,0.93085504,0.6185834317108353,0.0,0.13643432832261065,0.9999998219999998,0.5560710891465269,0.5947864968776201,0.3531914271260863,284.53030576247073,3.274829741426671,1295.983766972142,10.181538360337541,262.356363635819,3.154244305147258,102.18902240550725,1.2050235255058739,0.0
11.981361929337318,1.0266835442560447,1.7922365272801462,1.5299306096877265,Si1,PU,combo_001,18.330652361440357,1.8400597499731257,hybrid,0.32124728,0.6787527,0.64249456,0.09156552,0.27674596511271904,283.44705,0.670597,0.6103998786729744,0.5250181357065837,0.03691954159793755,0.9999998089999999,0.5560033956061454,0.583805694616833,0.2655849348263216,282.4796268410373,3.077118546449805,1064.1745750079763,7.019304112299878,204.29689835431262,2.170670077737415,87.43208037673132,0.9318503873365535,0.0
8.382474416076022,1.1689693369397989,1.520122599795534,0.5968395404173655,Si1,PU,combo_001,5.002992178051137,1.7769767075501888,hybrid,0.2764585,0.7235415,0.552917,0.19133191,0.5782780877974683,281.1649,1.461399,0.5822575783291266,0.8236099878946941,0.09882391130706139,0.9999998089999999,0.5558273689746824,0.5611893523069091,0.3969436672323481,282.6364816382491,3.195249850212311,781.7613561824776,7.371837286313112,160.6974560394283,2.149218642559071,73.71739992985,0.9690133862418224,0.0
12.215486604373172,0.6462877690114621,2.300906137040702,0.647758794068995,Si1,Si1,combo_002,7.912688871814728,1.4870474940128167,hybrid,0.7213694,0.2786306,0.5572612,0.1386968,0.4191947060268422,284.62695,0.5383637,0.6249497136358556,0.0,0.26532065169865104,0.9999998219999998,0.5557780127918458,0.6038065597491276,0.3469369689846352,285.77564167461514,3.217296697666257,1079.88337391705,8.494492633121313,198.3469066521584,2.800474285933081,87.76312207171456,1.0630205527287344,0.0
8.362256793363088,1.1339421229800135,1.4575985012877335,0.71562385107569,Si1,PU,combo_001,5.984230410150343,1.6528323390026984,hybrid,0.7467011,0.25329888,0.50659776,0.23034845,0.6962009849952031,283.82666,1.8366768,0.6150809793920929,0.0,0.1745937345790343,0.9999998089999999,0.5556164901725964,0.5943326285642196,0.457429768189945,284.46479526453436,3.213588549485798,787.1237153923666,7.760639727819687,158.40228806053722,2.1778938330951947,73.62747562290123,0.9981593223793555,0.0
12.086490053765814,0.9495136386494143,1.3709107980996578,2.314302406685559,Si1,Si1,combo_002,27.971793019811297,1.3016985001673786,hybrid,0.30366787,0.6963321,0.60733575,0.12842979,0.3881638532503608,283.49872,0.17905179,0.611036996087354,0.6422139803568523,0.0656734655785019,0.9999998219999998,0.5554627040103499,0.5843734090334636,0.2986153510747356,282.29814932488017,3.153071647535763,1063.8555029717963,7.706057182055523,214.04370255312716,2.5313207644336924,88.66411778903941,0.9978071719374088,0.0
10.134992400735989,0.9872536586040499,2.4824898038178596,1.809706863123584,Si1,PU,combo_001,18.34136530531729,2.450847141266432,hybrid,0.3211482,0.67885184,0.6422964,0.08310303,0.25116909294492706,284.2626,0.3768393,0.6204567751773336,0.5256789525349935,0.06274381380780467,0.9999998089999999,0.5553415316980466,0.5933062327192988,0.2543637638409363,283.8082142586148,3.0430713504644533,923.7218664435288,7.286787976188766,188.78493927389803,2.222606525993881,79.88617553976336,1.003563837537468,0.0
14.881757648263594,0.7570553437605856,2.7419052818263254,0.8608730355586907,Si1,PU,combo_001,12.811303881109442,2.075774045691994,hybrid,0.32571346,0.67428654,0.6514269,0.08133088,0.24581297773559913,281.74152,0.12148001,0.5893682301570665,0.4952436288197836,0.026273135266956692,0.9999998089999999,0.5553207682507422,0.5631529418639593,0.24167858246441265,282.74291622669296,3.089177941656673,1289.2085007544501,6.800086320799157,220.56015861354544,2.133225872210938,97.68169112255018,0.9263779717436712,0.0
14.30637563747064,0.7850617889951946,1.6111473828602452,0.5280792492505838,Si1,Si1,combo_002,7.554900106132338,1.26485024672319,hybrid,0.30904406,0.69095594,0.6180881,0.09907227,0.2994342317043721,282.69025,0.5300568,0.6010674068719115,0.6063729127248129,0.11784415307048676,0.9999998219999998,0.5552026879806463,0.5773956531431632,0.2827256182274862,284.8737578671943,3.2010007688125217,1232.3843939413014,8.468879504161094,214.67668674158318,2.5673263907115262,98.73893073342467,1.126819456817868,0.0
11.542316921947576,1.067891669565777,1.4813444340485789,0.8553637929183899,Si1,PU,combo_001,9.872879981423194,1.581915380878108,hybrid,0.73145986,0.26854014,0.5370803,0.20486584,0.6191828072516414,283.79077,0.87001485,0.61463842175517,0.0,0.11919402758524562,0.9999998089999999,0.5551374280303801,0.5905308277487717,0.4019491231678707,284.4998952287864,3.130496590449737,1017.6527040494221,7.414702552987636,194.87626907883674,2.2200615764350053,87.08512238273894,0.9958849265064796,0.0
11.172069921891033,0.628162755655016,2.5057431221087496,2.420092341438645,Si1,Si1,combo_002,27.03744085598553,1.5740145045474354,hybrid,0.2980729,0.70192707,0.5961458,0.15370636,0.46455930440534815,283.8265,0.17893702,0.6150790977694869,0.6795137723286947,0.02530814948155836,0.9999998219999998,0.5551174262458923,0.586880977385241,0.3192965615808794,284.4910441028097,3.08082676827332,1023.6276236389308,6.925872273469643,203.02411913177133,2.1189253966421266,84.0470601042114,0.9802163490854958,0.0
12.044799993077167,0.9766801962683014,1.7060006958036997,0.5708053982453201,Si1,PU,combo_001,6.875236856833641,1.666217094411416,hybrid,0.7211421,0.2788579,0.5577158,0.18307838,0.5533327694701028,283.34198,0.7437539,0.6091041933465072,0.0,0.09954663630970713,0.9999998089999999,0.5550329897644128,0.5846236042534113,0.3733141990065486,284.8929703881053,3.1734086659771394,1079.9079485781774,8.053310991947068,195.0855270362568,2.4416021945380657,87.72894382422355,1.0049338062696065,0.0
8.268293804969822,1.0028880680885939,1.4407920402482415,2.199716738423458,Si1,Si1,combo_002,18.1879042809951,1.4449531457619824,hybrid,0.75044554,0.24955446,0.4991089,0.23165044,0.7001360928043215,286.61993,2.327986,0.6495259628168794,0.0,0.199956654609051,0.9999998219999998,0.5549846658758174,0.6276635296356347,0.4728854945742686,284.70733805974754,3.4021900601306214,817.7242470090033,9.687853541443992,165.21380538802248,2.760084822065071,73.61432806910283,1.1306670048245946,0.0
12.90391484595616,1.1001655311684506,1.1028957823640413,1.6559571851632213,Si1,PU,combo_001,21.368330505895468,1.2133679242279793,hybrid,0.67078036,0.32921964,0.6584393,0.05572996,0.1684372174772741,283.20172,0.4002065,0.6073746058471046,0.0,0.07857084339325301,0.9999998089999999,0.5545547169346959,0.5817873314668554,0.22827030437611873,284.241196962722,3.1399907949486763,1060.0754779776435,7.827903443172126,197.2454743927188,2.384386453456234,84.57915997944957,1.1060583220704203,0.0
15.414423151353011,0.6032293504914001,2.721521148697307,1.307453402045308,Si1,Si1,combo_002,20.15363998980245,1.6417014348772858,hybrid,0.6878441,0.3121559,0.6243118,0.08956631,0.27070359862738036,283.2231,0.52097315,0.6076384093364608,0.0,0.11644329604002876,0.9999998219999998,0.5544175713159972,0.5833826680943546,0.27226981603436895,282.8009253659142,3.1316317144892496,1291.643331245104,7.1656896815988,241.70762282360747,2.256241185982478,100.18979267040407,0.9672887287739689,0.0
8.922938467954236,1.0936206792431824,1.7727841478906883,0.8576598119512737,Si1,PU,combo_001,7.652845728478416,1.9387534039677607,hybrid,0.7401166,0.2598834,0.5197668,0.22366594,0.6760038724613432,284.26974,1.7726308,0.6205448351152927,0.0,0.1271706016568192,0.9999998089999999,0.5543760706447856,0.5978218849756914,0.44190801209236524,285.8419968916261,3.146668132726429,828.4075222382384,8.161148957524325,168.69370462519134,2.406489398490247,75.5913698975189,1.0801138798016958,0.0
14.253803671476065,0.6298173047185718,2.5900153346713597,1.5361836359785135,Si1,Si1,combo_002,21.896459950571987,1.6312364772624854,hybrid,0.71612084,0.28387916,0.5677583,0.14715257,0.4447512665079743,283.68414,0.6603381,0.613323543878122,0.0,0.1732961772494997,0.9999998219999998,0.5541241384815053,0.5905683777359633,0.3446287586222865,284.4077795919639,3.1444792493558764,1208.998009802978,7.380676816339415,228.69684319168726,2.3641724116932634,96.09891350645847,0.9399236850330375,0.0
9.241394964427725,0.7084238405246783,2.9382508469637383,2.351897574534042,Si1,Si1,combo_002,21.734814402148675,2.0815269494309403,hybrid,0.7242094,0.27579057,0.55158114,0.20063697,0.6064015320506255,287.02963,1.9246958,0.6545781195138941,0.0,0.05708286839639687,0.9999998219999998,0.5539290763609664,0.6273024380893298,0.4102139389648238,285.42340442840515,3.2649918051148847,899.7942787613335,7.466849449802077,184.29566245333956,2.2279116657299403,76.7662644280162,0.9414337289898619,0.0
14.412737870787875,0.9548918162407398,2.1012856561490496,2.003572027140006,Si1,PU,combo_001,28.876958432411996,2.0065004766407806,hybrid,0.2959663,0.70403373,0.5919326,0.14021,0.42376816826327335,282.793,0.31704894,0.602334491534768,0.6935582160949707,0.08264492177902989,0.9999998089999999,0.5538023404850453,0.5771235960236786,0.3165083015894121,283.4158306748192,3.054462305494404,1251.3978291355068,7.226390955450182,234.10006671456793,2.1876740377212562,97.31674391904347,0.9976917234669201,0.0
14.398976313230797,1.0022170090534768,1.7900531705554985,1.061794248877805,Si1,PU,combo_001,15.2887502391162,1.794021734640825,hybrid,0.30199927,0.6980007,0.60399854,0.12852494,0.3884514595275457,281.90546,0.4820514,0.5913898454849148,0.6533381938934326,0.06782081873003451,0.9999998089999999,0.5537939914875232,0.566905550970103,0.3053742827850816,282.31043863391585,3.087571881935226,1258.8121092926924,7.394293390112635,221.708971894452,2.223773997458695,96.77357913013157,0.9662648035661758,0.0
14.431043664470995,1.0346402405378523,1.5403366334907642,1.440655979624333,Si1,PU,combo_001,20.790169347439985,1.59369426498415,hybrid,0.6795827,0.32041728,0.64083457,0.08166875,0.24683414665650272,283.1453,0.37039942,0.606678781807419,0.0,0.06083122410740562,0.9999998089999999,0.5535776537890971,0.5805615581837006,0.25242497650183726,283.6919866110505,3.090575547915627,1262.7139455740485,7.848699706346729,228.0790507899522,2.3930466848892276,99.01954144669367,1.0486832379980082,0.0
11.380177364461186,1.1654444104879162,1.3576976038402568,1.1833937932631897,Si1,PU,combo_001,13.467231259337613,1.5823210835284647,hybrid,0.28215986,0.71784014,0.56431973,0.18300113,0.5530992976660115,282.08743,0.5018436,0.5936338686047882,0.7856009006500244,0.05715165188985552,0.9999998089999999,0.5535219552801185,0.5686854529576006,0.36181453453574686,282.19936611614247,3.1397330006045534,975.1577399122666,7.326427090857636,195.15451782390042,2.263857882338915,85.62134905897751,0.9763726091981351,0.0
15.190438493447878,0.8990896578225314,1.6176035779087294,1.2659568013561016,Si1,Si1,combo_002,19.230438926361874,1.454370647354462,hybrid,0.6873137,0.31268632,0.62537265,0.097438574,0.29449657777353827,283.33765,0.4578156,0.6090507552644978,0.0,0.07536534537856492,0.9999998219999998,0.5533802926667556,0.583336483460743,0.2731149485147515,282.6343109598875,3.1352726949390326,1271.1860920357199,7.3880429000243,241.77316393461456,2.3662699312287083,102.8486171111685,1.0147093973382986,0.0
14.901108184749209,0.7380715493317815,2.5438071846671804,0.5597724907100528,Si1,PU,combo_001,8.341230442917018,1.8775117099886232,hybrid,0.6857004,0.31429958,0.62859917,0.091158755,0.2755165676258016,281.8756,0.34686148,0.5910218001031882,0.0,0.07836414928496138,0.9999998089999999,0.5528354131864088,0.5666409330953732,0.264601549733839,283.7202873132309,3.1238219834010224,1304.964800276502,7.624929359955693,213.64526249772211,2.2874012344021097,97.69193985992968,0.9915338903305203,0.0
9.535492504013785,1.0526663146507702,2.08223706118403,2.108695518185333,Si1,PU,combo_001,20.107450306903704,2.191900813425843,hybrid,0.30607146,0.69392854,0.6121429,0.11231339,0.33945395160486197,283.7512,0.38774785,0.6141503288511828,0.6261902650197347,0.07989801730609615,0.9999998089999999,0.5528301253424525,0.5880384808098029,0.28806470862881906,284.1722976028027,3.05429287477538,880.704789809157,6.766545573439294,180.16362872445342,2.0960360552596367,78.07842362247195,0.9139270650859929,0.0
14.149217984329141,1.0533052161507686,1.2300807085869483,1.9997836156512918,Si1,PU,combo_001,28.29537429934001,1.2956504266410662,hybrid,0.7135808,0.2864192,0.5728384,0.15366302,0.4644283368115408,283.3404,0.29315156,0.6090846244714052,0.0,0.11613288545217698,0.9999998089999999,0.5528100484112312,0.5842955232848228,0.3352628257067867,285.7666139286563,3.1366087295557454,1190.9066603824501,6.98271073189626,219.37344324091796,2.2063445928786,90.86824084291574,0.9386538410819453,0.0
14.792586097247082,0.8603616089432501,1.8659600188254866,1.4038147634611704,Si1,Si1,combo_002,20.76605075308591,1.6054003640204728,hybrid,0.27605325,0.72394675,0.5521065,0.16759604,0.5065392371795201,282.7767,0.30522838,0.602133534240451,0.8263116677602133,0.162655870420946,0.9999998219999998,0.5527228566456328,0.5793178567276542,0.3572326347371011,282.33304207698137,3.122801913223762,1228.9194634771898,7.573657644737585,236.59310849638763,2.379642209001408,99.43217316610881,0.9932824299686899,0.0
15.770124481196452,0.9830675858195922,1.520313319575803,1.8015487756547692,Si1,Si1,combo_002,28.410648451022773,1.4945707447647547,hybrid,0.27414078,0.7258592,0.54828155,0.20390093,0.6162664814024665,283.01184,0.47077307,0.6050331146762423,0.8390614986419678,0.05031661692979397,0.9999998219999998,0.552582863912139,0.5789120174154481,0.38224806559346447,281.92206552958544,3.273964049954698,1299.807946077641,7.719714774739357,259.81051792723053,2.466366261629728,106.10262813726901,1.0909854722945576,0.0
11.647273011084623,0.8129478026773844,2.988796844545446,1.8909936813094448,Si1,PU,combo_001,22.024919668447055,2.4297358274223204,hybrid,0.2778327,0.7221673,0.5556654,0.17207432,0.5200742966369162,283.53522,0.3962642,0.6114870802147007,0.8144487539927165,0.12900398860444678,0.9999998089999999,0.5525800433877515,0.5870767359960559,0.3588258143348966,282.3004824689841,3.092071140446567,1046.5887981016822,7.0135491863297394,204.404410331806,2.161667258354714,85.11132183750571,0.924406267458282,0.0
13.562543105909356,0.5603087581131612,2.7704899404488215,1.9197761531683728,Si1,Si1,combo_002,26.037046831042897,1.552329777897885,hybrid,0.7049712,0.2950288,0.5900576,0.11960708,0.3614982791812958,283.5667,0.3830528,0.6118754471205717,0.0,0.15298892703032096,0.9999998219999998,0.5523150993135273,0.5881299016911594,0.30664568111011337,285.0662500526451,3.180323424184388,1172.5429925556307,7.167758414641685,224.79621520566855,2.2566457746994835,92.64501899520135,0.9497228920228953,0.0
12.617526942107094,0.7518606863939676,2.5335891878903687,2.3148818463108722,Si1,PU,combo_001,29.208084063622046,1.9049061058475876,hybrid,0.7016754,0.29832458,0.59664917,0.122427434,0.37002245454708405,283.7257,0.5935443,0.6138360978759868,0.0,0.1110693227281184,0.9999998089999999,0.5521709600385853,0.5890533995087551,0.307742887529073,285.98462050827374,3.1308867142724273,1147.900166653016,7.478074877413456,211.94727992102938,2.267087915112884,89.01319519631376,1.0197247686553323,0.0
9.29985856858331,1.1157288647830281,1.1085149841264008,1.4604295375734502,Si1,Si1,combo_002,13.581788148814612,1.2368021648343257,hybrid,0.25396365,0.74603635,0.5079273,0.19613688,0.5928005384263334,282.6141,0.920483,0.6001284771915353,0.9735756715138754,0.2607583472890363,0.9999998219999998,0.5518835156130727,0.5815190683148205,0.41500534230850256,283.76452537527115,3.2050543912763,830.5791560683416,7.471169323337715,168.82160276772265,2.4607239699908283,73.58838452414288,0.9746389890742254,0.0
10.570772779270225,0.8392786761892175,2.8323185922192877,1.998446925526605,Si1,PU,combo_001,21.12512836117291,2.377104598623912,hybrid,0.7085165,0.29148352,0.58296704,0.155344,0.4695088706224825,285.3416,1.0439866,0.633762481273151,0.0,0.05561545223794769,0.9999998089999999,0.5518826919743308,0.6065294342354927,0.3436644639358714,285.01394275547364,3.0877213195792006,976.5062049777123,6.640728571158907,192.8236405545907,2.0731793495168347,81.24005633643262,0.9045302999698308,0.0
10.985451505347855,0.9583061209429439,2.2895720192360205,1.2328055189343479,Si1,PU,combo_001,13.542925243778475,2.1941108803735743,hybrid,0.6958238,0.3041762,0.6083524,0.0933385,0.28210457987550513,285.02386,0.9679691,0.6298441903584905,0.0,0.1575114962933916,0.9999998089999999,0.5518680878025954,0.6058452333428281,0.2917677320996125,284.2898084571792,3.0629852839164875,988.7312089574058,7.367383340615558,193.73387410962735,2.2813923883530824,82.89668159323554,0.9786586092263189,0.0
13.838111458600247,0.9969863754535708,1.7096476049098663,0.8415772636892503,Si1,PU,combo_001,11.645839975955656,1.7044953689219662,hybrid,0.30931124,0.6906887,0.6186225,0.10885754,0.3290090608137303,282.11395,0.36423832,0.5939608946137047,0.6045915285746257,0.053792001536284474,0.9999998089999999,0.5517902223464936,0.5686388820698601,0.2800014755221528,282.6636726265127,3.1041267445562704,1220.7508577139597,7.816023262554663,213.0126877072445,2.3727427674041675,95.03740363173439,1.0037780180021714,0.0
12.524761148771187,0.5715382934375508,2.6932185204238692,1.3723632425124253,Si1,Si1,combo_002,17.188521821821276,1.5392775170174637,hybrid,0.67535055,0.32464945,0.6492989,0.04673667,0.14125605984084105,283.37613,0.43000874,0.6095253004857221,0.0,0.1292786151061954,0.9999998219999998,0.5515042792368902,0.5853406218266995,0.22698627552113454,284.75335697798727,3.118991184903949,1104.4459849374314,7.330192340938501,207.32926986143752,2.357432943856138,88.54778887514728,0.9527015333512203,0.0
14.108696264766353,1.0057422481515434,1.4232181303447777,0.9468739268246287,Si1,PU,combo_001,13.359156634595287,1.4313906020229932,hybrid,0.6856088,0.3143912,0.6287824,0.07627349,0.23052762285800654,282.63382,0.20845237,0.6003715828322259,0.0,0.11926099526398962,0.9999998089999999,0.5514104362288599,0.5762215524352975,0.25209560754341565,284.44683199218406,3.119471351677937,1242.0245998575497,7.242812358079728,216.7889384773861,2.2833157136790754,98.05849977607113,0.9941898750911851,0.0
12.295166589273684,1.015992083503448,1.2665030609768206,2.120907730405933,Si1,Si1,combo_002,26.076913865819304,1.2867570836853344,hybrid,0.27606478,0.72393525,0.55212957,0.15723076,0.4752114104300106,283.26605,0.24400178,0.6081678979377793,0.8262349764506023,0.1890972275889043,0.9999998219999998,0.5514086945427418,0.5855529687383975,0.3489537603818631,281.2362160201722,3.147633036823134,1054.3220710831968,7.341950633239824,213.11093500936883,2.388034462675939,86.43122118174634,0.9921334219229738,0.0
9.338556082369475,0.9820615971970057,1.5535404211351727,0.9604006577748854,Si1,Si1,combo_002,8.968755404175301,1.5256723872901166,hybrid,0.7421107,0.25788927,0.51577854,0.20618735,0.6231769135297721,288.04767,1.8829807,0.6671319292163682,0.0,0.18029054049986754,0.9999998219999998,0.5508518107449183,0.6424734024507625,0.4336941481386559,288.3347720904404,3.171560883236647,865.9926392096737,7.921856727791275,178.56185482355937,2.454255153317124,77.94732746860079,0.9964979750748606,0.0
9.966600934358476,1.0984509490067067,1.8666435190487918,1.2434586102873582,Si1,PU,combo_001,12.393055747126077,2.0504163449563637,hybrid,0.28318208,0.7168179,0.56636417,0.14577626,0.44059151414661685,282.91766,1.0693196,0.6038717772038411,0.7787861029307048,0.15897935767075574,0.9999998089999999,0.5508452616321726,0.582176310912766,0.34957772632820583,284.30758922143,3.088297462078751,896.3431159802425,7.82945471436378,183.63045744156716,2.3429048036120452,79.76501508947194,0.9715047024281339,0.0
12.067681702114546,1.004905458931019,1.2318258546368368,1.4142611219051304,Si1,Si1,combo_002,17.06685306282653,1.237868525776925,hybrid,0.6815113,0.31848872,0.63697743,0.07992361,0.24155966100830817,283.93954,0.5279418,0.6164730037959855,0.0,0.06345353134564866,0.9999998219999998,0.5508258393321347,0.5899332927968555,0.254266698470182,282.62353763999045,3.0755275819998635,1029.6454256183508,6.663888407400756,203.45849342670033,2.0729069674983216,84.58898330602779,0.9302896445315333,0.0
13.239904023758017,1.1406655133815478,1.2758985040462296,1.5167911729004,Si1,PU,combo_001,20.082169553284647,1.4553734221406414,hybrid,0.30301338,0.6969866,0.60602677,0.09745826,0.29455607164954223,282.72565,0.6463164,0.6015039433164954,0.6465774377187093,0.14534022545659211,0.9999998089999999,0.5508002229062261,0.5788305337512839,0.28757383140394865,281.52233475836823,3.1017984974729798,1109.0044974712316,6.692567566257578,211.78833913980915,2.0632180629560932,89.78863854661857,0.9168077999977702,0.0
12.807058521952818,0.6822712594250058,2.296468799269171,1.1775118409583434,Si1,Si1,combo_002,15.080463057445904,1.566814659907608,hybrid,0.3145899,0.68541014,0.6291798,0.065227516,0.19714246094594093,283.66382,0.12540995,0.6130729117470075,0.5694009462992351,0.15130247308946143,0.9999998219999998,0.5507244036481217,0.5887191733848621,0.24348048495203184,283.82267589727314,3.12740702806643,1110.8152164097844,7.814700723433594,209.76290193816249,2.548226153310178,90.53482864644833,0.9957393738860195,0.0
10.85533595057657,0.9998838559069317,2.3694449141839633,0.5613419117761919,Si1,PU,combo_001,6.093555035469477,2.3691697171533304,hybrid,0.26441807,0.73558193,0.52883613,0.19976342,0.6037613280438279,283.38095,0.49780482,0.6095847597600705,0.9038795630137125,0.1403058450353538,0.9999998089999999,0.5506106794230166,0.5858476595087204,0.3919349179019167,283.4081122619149,3.109667264363542,963.6312778471093,8.426919988962856,189.34211429598298,2.6158477106219666,82.34883909260367,1.1018103275583844,0.0
12.644680560560616,1.031308968926821,1.7445057192508013,1.455966022725549,Si1,PU,combo_001,18.410225264394505,1.799124394607486,hybrid,0.3036858,0.6963142,0.6073716,0.103291325,0.3121858275228849,283.12097,0.5861655,0.6063788511640282,0.6420947710673015,0.11378939481408473,0.9999998089999999,0.5502221477364173,0.5822611088166798,0.2877537769542208,281.9093297923053,3.0917895118733725,1116.5769922757015,7.268687352909419,209.80043200592368,2.332671046279543,90.12650070019869,0.9439419852712501,0.0
13.401397015390287,0.9530433631665745,1.542546388471271,2.3875189973266275,Si1,PU,combo_001,31.996089964960678,1.4701135979091133,hybrid,0.7196084,0.28039157,0.56078315,0.14988466,0.4530086652087289,283.3729,0.27049085,0.6094854100864756,0.0,0.16535192627628198,0.9999998089999999,0.5501996428189675,0.5861001999596912,0.33817492808602434,286.1727721249174,3.1384378752776225,1198.1316044966516,8.643904468200885,221.08490119545635,2.399228354751443,93.86869006621538,1.0528327821050856,0.0
13.081528689018395,0.9448053365266668,1.4080643619663298,1.104945980599389,Si1,Si1,combo_002,14.454382545026471,1.3303467233588044,hybrid,0.32264876,0.67735124,0.6452975,0.0768302,0.23221020514983676,283.28323,0.31101987,0.6083797686432109,0.515674908955892,0.029407935684565047,0.9999998219999998,0.5500330712783958,0.5810773350640448,0.24135139180892207,282.23054754534076,3.0841761739178537,1124.5173644039423,6.813655532935005,214.12769326351966,2.0989190787588488,94.55642166685575,0.9518209014893039,0.0
12.813373060300968,0.9907712008288468,1.4508158000151905,1.4068349829035127,Si1,PU,combo_001,18.026301470224844,1.4374265123625145,hybrid,0.6906619,0.3093381,0.6186762,0.08278805,0.2502171008548653,283.15558,0.3645787,0.6068056031710609,0.0,0.13233248505959688,0.9999998089999999,0.5500172880914858,0.5828128385357756,0.26421247975194423,285.23424108646566,3.097662518926616,1140.0434010677504,7.666703237406451,209.64126023405635,2.2804900783950104,92.24981424908353,1.002921320473399,0.0
15.001770073255713,0.9647443442714065,1.4318200486586141,1.663555934883124,Si1,Si1,combo_002,24.956283639116577,1.381340293957808,hybrid,0.683704,0.31629598,0.63259196,0.09370332,0.2832072207280447,283.83044,0.65342385,0.6151276436327208,0.0,0.028524591201862435,0.9999998219999998,0.5500101910851077,0.5878726087295385,0.26622801736785745,283.20774062448993,3.1521025952075585,1253.9994299784,7.455868015911471,243.1892482923856,2.429210773741645,102.8680353591147,1.0253939631702775,0.0
11.734997512161671,1.0075373978119881,1.5523545118363382,2.3713504543538146,Si1,PU,combo_001,27.827791682305463,1.5640552253372833,hybrid,0.67363083,0.32636917,0.65273833,0.0581112,0.1756342312900317,283.98468,0.3132039,0.6170295877628298,0.0,0.06098211307712184,0.9999998089999999,0.5499996651617802,0.5899863084036009,0.22633159697372368,284.62843327058374,3.1406956038365457,1053.5044423186873,8.618607916451829,204.67446373159711,2.6214578812430744,87.01488698991835,1.0451590087355185,0.0
12.757065235043205,0.8883582082219343,1.9110805929146948,2.0028820237187723,Si1,PU,combo_001,25.55089663467573,1.6977241312894102,hybrid,0.6730452,0.32695478,0.65390956,0.043189563,0.13053535120707715,283.37094,0.3370121,0.6094613253171193,0.0,0.10816822141983759,0.9999998089999999,0.5499479296674248,0.584481764327806,0.21812276997583047,285.45740729061765,3.101338003617017,1157.6579519392255,7.151832533610396,211.39724997939396,2.2502484047831346,89.49201197911681,0.9514270935925758,0.0
13.72302973802846,1.0035103524653026,1.5292033617024372,1.1827683512602,Si1,PU,combo_001,16.231165257542617,1.5345714044931384,hybrid,0.6784438,0.3215562,0.6431124,0.07185805,0.21718246190793122,282.9488,0.26758373,0.6042556282154579,0.0,0.05648547402064203,0.9999998089999999,0.5499311381559743,0.5780175963010226,0.23924499677966193,284.12955099131335,3.074029691035529,1215.674373391349,7.623283203765175,217.16945186303087,2.2807808710012467,96.03156066203647,1.0417948318898758,0.0
15.151839863290085,0.8873926251328934,1.9695290473740727,0.871522320949147,Si1,PU,combo_001,13.20516664430438,1.7477455516247653,hybrid,0.70438963,0.29561037,0.59122074,0.11504747,0.34771738526351553,282.17627,0.62396866,0.5947293492859806,0.0,0.14159818178376224,0.9999998089999999,0.5494877130799112,0.5724455895601563,0.3051516602677761,283.3326633600692,3.11248245756003,1330.9600439111748,8.373882473704656,226.5441664948982,2.4495247949181573,98.84333464253953,1.1321547272151384,0.0
9.291024009227755,0.9332212697513972,2.991745035186079,1.615290365632401,Si1,PU,combo_001,15.007701568964915,2.791960100508791,hybrid,0.28650826,0.71349174,0.5730165,0.14021473,0.4237824449920343,284.4726,0.64407223,0.6230462642076618,0.7566115856170654,0.13676117541157318,0.9999998089999999,0.5494492486665389,0.5983880749844693,0.33146927557146866,285.17837558924106,3.1147881435795535,876.315698156078,6.934117192923242,179.0226035041796,2.235952419088822,76.45613982164198,0.9200026584017823,0.0
14.80517052774217,0.8874736410204227,1.779024447552994,1.6960113644107644,Si1,Si1,combo_002,25.109737467090035,1.5788373039342016,hybrid,0.27054796,0.729452,0.5410959,0.18302482,0.5531709064948127,283.10782,0.37950486,0.606216655295394,0.8630134264628093,0.13309466489740684,0.9999998219999998,0.5493972578198003,0.5823206259836239,0.37067276876541916,282.7790703034687,3.1323249453294926,1232.2969950556346,7.373888389640793,241.4957363790261,2.351121591383435,99.94964438963778,0.960954995355912,0.0
11.14672530588912,0.8368132416674877,2.9583090821089613,2.035581966983816,Si1,PU,combo_001,22.690073023590056,2.47555221285397,hybrid,0.28682742,0.71317255,0.57365483,0.14557938,0.43999648531257884,283.7376,0.43794814,0.613982864439252,0.754483699798584,0.11415642251335123,0.9999998089999999,0.5493790197142837,0.5890021452991689,0.32944311811573096,282.5733280887625,3.098376533783045,1010.0839274938876,6.736033065859755,200.61352385110706,2.130056638999606,83.54041941365519,0.9009028787175732,0.0
12.960663193522798,1.0043109259313263,1.3059929479665975,1.7184132287265805,Si1,PU,combo_001,22.271775084819264,1.311622986832116,hybrid,0.69743645,0.30256355,0.6051271,0.11772332,0.35580483684761544,283.23764,0.30579782,0.6078175398085487,0.0,0.06545944612705969,0.9999998089999999,0.5492674290066939,0.5816322695200004,0.2899080367095016,285.84085000752924,3.107272599009019,1128.757620503331,7.196745843550506,208.3848984360448,2.161995565733865,89.28373431910774,0.93733643298982,0.0
12.35850984461378,0.5577191888126312,2.8172558622930657,1.195732286414013,Si1,Si1,combo_002,14.777469233170123,1.5712376541957183,hybrid,0.6849681,0.3150319,0.6300638,0.06738188,0.2036537751859285,283.6711,0.4590725,0.6131628533075727,0.0,0.12702823776551922,0.9999998219999998,0.5491321169681376,0.5886717533378674,0.24909568536914448,284.6596046468513,3.151377546019523,1093.5298916036854,7.105917408313685,204.45897645147983,2.2152618948373415,88.23049190965732,0.9305453122472399,0.0
13.202303417892068,1.1202192408489042,1.322107408426985,1.985080703800003,Si1,PU,combo_001,26.20763776057037,1.4810501573887893,hybrid,0.29595214,0.70404786,0.5919043,0.11563024,0.349478737267027,283.0761,0.489079,0.6058256541178746,0.6936523914337158,0.13322340450029216,0.9999998089999999,0.5490908440704203,0.5821611688335707,0.301691175253204,282.0327523317698,3.1173424916179204,1117.9015158563648,7.276738423280006,216.23916268897534,2.20039150478424,91.44638988004203,0.9657720236448926,0.0
12.274519656639,0.9655140644682448,2.238272080746914,1.144299845406937,Si1,PU,combo_001,14.04573094553642,2.1610831740677483,hybrid,0.31115025,0.68884975,0.6223005,0.070926726,0.21436764945505682,283.2803,0.52086043,0.6083436414891763,0.5923316478729249,0.1485521744506044,0.9999998089999999,0.5488643470245191,0.5849945457401385,0.25736620665360493,281.18923226761177,3.1106857579050526,1078.2942288733796,7.611656946336303,204.05813700059798,2.4173873139507114,88.21121707717384,0.9784302938489076,0.0
11.527968486572203,0.9383759687307933,1.5364129072851656,1.483316330794668,Si1,Si1,combo_002,17.099623917018842,1.4417329502442118,hybrid,0.27838498,0.721615,0.55676997,0.14613974,0.44169010166922434,284.05457,0.5772617,0.6178913709163615,0.8107667764027914,0.18592861115969778,0.9999998219999998,0.5487375357915081,0.5950008444583752,0.3437149656977191,282.9974891214097,3.0398251228454916,1019.8290661935949,6.998375667810151,205.6847832654936,2.208913797828719,87.34891896328143,0.9608819672679448,0.0
14.402083027482389,1.025531194883805,1.1819457344545132,1.31702322420259,Si1,Si1,combo_002,18.967877824088255,1.2121222213429534,hybrid,0.6897212,0.31027877,0.62055755,0.060785234,0.18371618836022358,283.45984,0.53448826,0.6105575586473542,0.0,0.19174214947628562,0.9999998219999998,0.5487362901191215,0.588351475717796,0.2534016714235062,282.4059235286064,3.1600833532740795,1173.4471428158672,7.184066948269942,220.6277509113371,2.385794600110737,92.29804444737108,0.9366737195175311,0.0
8.85934600209092,0.9885651631068431,2.797695943607252,1.526147882672721,Si1,PU,combo_001,13.520672142956094,2.765704746815456,hybrid,0.31233063,0.6876694,0.62466127,0.068079695,0.20576283534211862,284.83752,0.76048315,0.6275463528320866,0.5844626426696778,0.14490968777875268,0.9999998089999999,0.5485138509156942,0.6029812682074528,0.25881901275321095,284.7482498844087,3.092089532445047,843.963754893929,6.985275482770464,173.63327870695818,2.2698514783320536,75.09682420597382,1.0020814215519973,0.0
12.684914227357874,0.7225513284785663,2.085220766936545,1.9895884199532956,Si1,Si1,combo_002,25.23775845485203,1.5066790353210955,hybrid,0.2889251,0.7110749,0.5778502,0.1459141,0.4410081063896423,283.44217,0.1969494,0.6103396667495835,0.7404992580413818,0.08658460252092685,0.9999998219999998,0.5485116298098248,0.5843912800351111,0.3206217755296237,283.6792829287097,3.0927095581658595,1108.8090499201753,7.261873552164495,217.12417543050546,2.308410218971944,90.58242627358487,0.9273830987777957,0.0
14.773654764182906,0.9568710985474653,1.5594959593410922,1.612717779253057,Si1,Si1,combo_002,23.8257357027444,1.4922366117950443,hybrid,0.27774784,0.72225213,0.5554957,0.18473978,0.5583541697010345,282.98907,0.3855937,0.6047523765834325,0.8150142033894857,0.049811191961704054,0.9999998219999998,0.54812397416467,0.578485899113706,0.3601217168340827,282.224856201025,3.1254236703816383,1233.8677208494876,7.2366545918946485,241.15278908289758,2.3377210886592614,101.64206941086589,0.9672408454666053,0.0
11.816017635202554,0.8302043548578351,2.912703504715453,1.7527272441089037,Si1,PU,combo_001,20.71025602609078,2.418139134024448,hybrid,0.27856064,0.72143936,0.5571213,0.1679345,0.5075622075803935,283.40268,0.38351613,0.6098527028191599,0.8095957438151042,0.10142222014653725,0.9999998089999999,0.5480528186557327,0.5847228059576335,0.35004273712056966,282.01001010793726,3.0826280676960893,1054.5408453805733,6.64588497380918,205.32903612098735,2.073655693245881,86.43440006350733,0.8904521255415235,0.0
9.994860716821062,1.1210598193819994,1.5215387722234313,2.050488078655729,Si1,PU,combo_001,20.494342747666042,1.705735981171509,hybrid,0.7082376,0.2917624,0.5835248,0.12263479,0.37064916691009164,284.24615,0.95349795,0.6202539362604106,0.0,0.13744057858345624,0.9999998089999999,0.5478183186886338,0.5963941337362038,0.3194450863458108,284.21451860977544,3.102309337235494,898.167355753845,7.414975373523957,183.4684259170933,2.2300682518070456,80.2088440714663,0.9576448332925818,0.0
10.798967596783717,1.0215895213763735,1.8251896684849598,2.1203935329410912,Si1,PU,combo_001,22.89806105466059,1.864594639848652,hybrid,0.6882105,0.3117895,0.623579,0.076309144,0.23063537387870256,284.76862,0.65213764,0.626696612063233,0.0,0.1121454677423829,0.9999998089999999,0.5474233548617138,0.6010223803060043,0.2603441039837502,284.4147018987656,3.0802418080305034,977.9462191135584,7.132232886609952,194.10990219601013,2.197365729258381,82.82113494872007,0.9428395479711505,0.0
14.004182061885153,1.1391082806264923,1.2903020123887863,1.5601929216429185,Si1,PU,combo_001,21.849225726351946,1.4697937068210933,hybrid,0.30053157,0.69946843,0.60106313,0.10543482,0.3186642872719225,282.69708,0.55620193,0.6011517035646587,0.6631228923797607,0.11330581103067311,0.9999998089999999,0.5473786870639802,0.5773839184789726,0.28932211824971543,281.88031742650816,3.1196666150755745,1171.8159398756866,7.154816777012983,220.2201455900854,2.2344255851573944,93.69344283579085,0.9460293561776216,0.0
12.44682999848819,0.8181924392924701,2.1554276675262924,2.2748307660951106,Si1,PU,combo_001,28.314431820916493,1.7635546210118165,hybrid,0.6840066,0.31599343,0.63198686,0.06432348,0.19441011123868593,283.5983,0.40764412,0.6122649430000064,0.0,0.11066635775134316,0.9999998089999999,0.546803656382497,0.5872626383517154,0.24233067586988175,286.0787537707105,3.103043248123449,1139.6109086582976,7.505244067531654,210.15216827260343,2.2675649035994314,88.60987848432998,0.9730766391811296,0.0
11.520438888815777,1.0570948371647415,1.1326714862858194,2.0870928235069113,Si1,Si1,combo_002,24.044225328497344,1.197341180356454,hybrid,0.67683053,0.32316947,0.64633894,0.059782177,0.18068456779297898,284.1535,0.3375271,0.6191114150140689,0.0,0.05343737372872467,0.9999998219999998,0.5459876289125826,0.5917188447420176,0.2274761396543315,282.14932941077416,3.1572021116667752,979.2156654968531,6.955698572873432,199.15545299123252,2.242565942318314,81.91923598008023,0.9222239790444454,0.0
12.460569515284151,0.8261149889163153,2.7361816855898407,0.5185803337315321,Si1,PU,combo_001,6.461806297721011,2.260400702864076,hybrid,0.29288802,0.70711195,0.58577603,0.13154855,0.39758996208154884,282.84262,0.49466327,0.6029463952062277,0.7140796979268392,0.080570473554061,0.9999998089999999,0.5459479649528196,0.5779426720187711,0.3107489396065486,282.6843441248706,3.23661717975327,1097.298109933536,7.806811375469615,196.12852677950013,2.5513223957833446,88.46801542385244,0.9968054747314329,0.0
8.560403528219368,1.0292067033243697,2.3806705088303164,2.1165797662895236,Si1,PU,combo_001,18.118776899102564,2.4502020460947995,hybrid,0.28072459,0.7192754,0.56144917,0.15666486,0.47350104030964557,284.08493,0.80049753,0.6182658138149484,0.7951694329579672,0.10457091118497994,0.9999998089999999,0.5459202011407531,0.593304731281046,0.3473133277864705,283.9106067416769,3.0526275945611285,826.4037972862742,8.405993607549597,168.67023950291414,2.4481245743782516,73.68785667773608,1.1271276522400517,0.0
11.035967385439445,0.8965592613623306,1.6869894010630062,1.321276793087125,Si1,Si1,combo_002,14.581567595647533,1.5124859713431293,hybrid,0.29737145,0.70262855,0.5947429,0.11565667,0.34955861038518976,285.67822,0.6198826,0.6379133407419088,0.6841903527577718,0.0931584641335034,0.9999998219999998,0.5456835040132345,0.6107143464961481,0.2984446874666897,284.79775856768094,3.037894066692193,984.6305032143923,6.522291981350818,198.77780244953806,2.0620589351692296,84.7859284430542,0.9160089223265858,0.0
12.453519481236404,0.7512139415009241,2.9977116763171,1.243389305658773,Si1,PU,combo_001,15.484572940782535,2.251922803849511,hybrid,0.7320718,0.26792818,0.53585637,0.1584783,0.47898195304388413,283.6311,0.9761458,0.6126694918602887,0.0,0.21351744081580892,0.9999998089999999,0.5454052855362477,0.591739345047606,0.369246690907168,283.6870443761622,3.179054588367298,1111.0058680807774,7.628586568139105,204.036898916604,2.3298167919260906,87.77293311391585,0.9351458057908144,0.0
10.076124542051165,1.0172575766195546,1.4009283411509081,2.3603512313669457,Si1,Si1,combo_002,23.78319297023717,1.4251049693368254,hybrid,0.31226814,0.68773186,0.6245363,0.065684356,0.1985232052688245,284.23868,0.5307623,0.6201617367527182,0.5848790804545085,0.12754898345316973,0.9999998219999998,0.545140061466331,0.5952548461636927,0.2488772374173614,283.5150487894796,3.1512641804442185,919.9874994996776,8.254632336514693,190.24966740279024,2.484462215826077,80.86216974769918,1.0556557771922928,0.0
12.830364015228284,0.9492239347802376,1.9090424487307396,1.260314596878386,Si1,PU,combo_001,16.170295051655383,1.8121087848466926,hybrid,0.6714606,0.32853937,0.65707874,0.031174112,0.09422007086481757,283.3228,0.52719223,0.6088678615471981,0.0,0.09827177518448216,0.9999998089999999,0.5451245230655146,0.5839797654125644,0.20790490155578087,283.43893770622657,3.105638913265719,1144.1839829768792,7.542167586509448,207.1020193217191,2.4089544412746924,89.98995508083789,0.970084421035815,0.0
12.10610823816758,0.6288451071935299,2.4717160465175487,0.9381780324645305,Si1,Si1,combo_002,11.357684807686704,1.554326542224296,hybrid,0.70717335,0.29282665,0.5856533,0.10927994,0.3302857021128568,284.60538,0.21467161,0.6246836521993722,0.0,0.15262654060644282,0.9999998219999998,0.5449664604743446,0.5996007703104335,0.29214582246667453,285.1100861870722,3.1448495057532524,1071.4828377682509,8.26721635194564,200.75160692011045,2.6888100352617736,87.42819455434447,1.0554395316513094,0.0
15.352713445320873,0.6771972399540171,2.592999612078959,1.7562620402011748,Si1,Si1,combo_002,26.963387838103245,1.7559721805017081,hybrid,0.27110687,0.72889316,0.54221374,0.18498325,0.5590900292317147,282.8869,0.39849964,0.6034924420864787,0.8592877388000488,0.08378224118238443,0.9999998219999998,0.5446629204377188,0.5783690235892808,0.3657448069746954,282.814811600037,3.1502499439116183,1277.9274535604166,7.423299199095093,250.4988723124535,2.3266246299207847,100.85725943868496,0.9746668152532721,0.0
12.550055018581421,0.9734914222419074,1.8972371277803,1.8445431381377626,Si1,PU,combo_001,23.14911786777575,1.8469440698529958,hybrid,0.3018963,0.69810367,0.6037926,0.07702772,0.23280719309334197,283.36383,0.44193098,0.6093736417036814,0.6540244420369467,0.1802644309544643,0.9999998089999999,0.5446613947336716,0.586752039529537,0.2669263542001943,282.7769987239353,3.08320922271126,1119.6884121153237,6.954039199401421,210.55028388528845,2.2302894950119527,89.10229159768366,0.9444079298958529,0.0
15.45238417841109,0.7756789508530437,2.6698629421748077,1.2897300040497073,Si1,PU,combo_001,19.92940350899977,2.0709564859075753,hybrid,0.67349774,0.32650226,0.6530045,0.05239141,0.1583468466849571,282.31683,0.13601807,0.5964627000305952,0.0,0.03616056138189567,0.9999998089999999,0.5444001791710459,0.5700025351195857,0.21285256271346623,282.48416224600476,3.0843869437289264,1332.2062974754003,7.00555045508953,235.40838850225325,2.2046029555733884,100.17376730002808,0.956101522511439,0.0
10.446902025775183,1.040291651232868,1.2146943349274602,2.379714758172381,Si1,Si1,combo_002,24.860646927918147,1.2636363754248978,hybrid,0.67721266,0.32278734,0.6455747,0.054603033,0.1650312155945474,284.85678,0.572757,0.6277838136049594,0.0,0.06225637094717609,0.9999998219999998,0.5443092945908564,0.6003836502817487,0.2282393200291618,283.38304487386756,3.195405658393027,930.0919654181355,7.697046698731663,189.93898506532665,2.393137344667505,78.410049475966,1.0258750727923,0.0
8.826468801227316,1.0530038850041568,1.1873815255396052,2.0803317553576783,Si1,Si1,combo_002,18.361983334867006,1.2503173593753667,hybrid,0.73432595,0.26567405,0.5313481,0.18017927,0.5445705510447998,285.79843,1.7633725,0.6393956830308876,0.0,0.14848066975599625,0.9999998219999998,0.5442689709526096,0.6157873727260127,0.3989092576864346,284.70856136270976,3.259169872681058,831.4051170406185,7.9686003328398165,165.99055507335558,2.3715690607494535,72.46968032213529,1.0026550274549042,0.0
11.894296282268146,0.8812694600369402,2.1364770187327378,2.279422572492005,Si1,PU,combo_001,27.11212742970975,1.8828119486799315,hybrid,0.2989761,0.70102394,0.5979522,0.12080374,0.365115042961244,283.6228,0.25491637,0.6125671315905243,0.6734929084777832,0.046335749439360245,0.9999998089999999,0.5439565953209863,0.5853369825439129,0.2892340483392526,284.4682356584621,3.0520546669875572,1083.893623148666,6.916183390853871,206.0207405437525,2.098506030804629,86.60510933618849,0.9325025674553084,0.0
12.936387272404176,0.910262347579131,2.3692379298480892,1.7996387553830868,Si1,PU,combo_001,23.280823890063054,2.1566280799970423,hybrid,0.30620176,0.69379824,0.6124035,0.08452536,0.25546791955995607,283.37302,0.3894629,0.6094869153845603,0.625321626663208,0.10663696869196397,0.9999998089999999,0.5437964983207979,0.5845533830101021,0.2627163040145011,281.9145929841144,3.0925880415430442,1135.8442297639701,7.108491703011425,214.9569681651866,2.3313749897576828,90.77205405766689,0.9265148471531831,0.0
12.08228912461941,0.8179552258067522,2.925067980536961,2.056885099698632,Si1,PU,combo_001,24.851880470680488,2.3925746405202104,hybrid,0.27751225,0.72248775,0.5550245,0.16895297,0.5106403964048585,283.41687,0.3785605,0.6100276937215146,0.8165849844614665,0.07418407451148792,0.9999998089999999,0.54379409859114,0.5840577707066064,0.3469307520555531,281.7772188093134,3.0839748683334602,1076.9872899941151,6.719725202435152,209.938535079691,2.0533027270391204,87.35372889768843,0.8986610267176768,0.0
13.072588275080445,0.7569252302354215,2.895270755648357,2.4002907799496738,Si1,PU,combo_001,31.3780131067538,2.191503483313015,hybrid,0.71441513,0.28558487,0.57116973,0.13067947,0.39496326917452496,283.83743,0.6438857,0.615213821948074,0.0,0.13469778789715653,0.9999998089999999,0.5437644489570677,0.5911199920832781,0.3210691546105702,283.97767880811296,3.2028207128610617,1161.245980927428,7.574678128548309,220.198366816945,2.339696803028626,90.91614264263723,0.932136130735965,0.0
10.47918301281113,0.8920527713030064,2.874733585057861,1.585864150288139,Si1,PU,combo_001,16.618560664325624,2.5644140613086917,hybrid,0.2928151,0.7071849,0.5856302,0.13232733,0.39994373077314205,284.09415,0.5942838,0.6183794638203487,0.7145660718282064,0.06110083548457832,0.9999998089999999,0.5437318670399065,0.5917355670755358,0.3107355254665243,284.12032185337415,3.067826395135297,953.892808254019,6.479910685970813,191.94374688983999,2.0384022099986336,81.39896747971713,0.8946484832241306,0.0
14.183119245500372,0.924008263549841,2.269148331520866,1.2045309497747083,Si1,PU,combo_001,17.084006095550507,2.096711809545614,hybrid,0.29763263,0.70236737,0.59526527,0.11811923,0.3570014248805821,282.08148,0.37304667,0.5935604853231555,0.6824491024017334,0.06570267924818479,0.9999998089999999,0.5436101203773466,0.5686436140367457,0.29176960006872954,282.20705968345055,3.054090677530099,1224.2430146441964,6.811140037960854,220.4529362350745,2.127153636491559,96.00095226510804,0.9541450542146284,0.0
11.785089071073493,1.0595732539315978,1.2145946059352133,1.991387859162009,Si1,Si1,combo_002,23.468683295278634,1.2869519588185407,hybrid,0.2788586,0.7211414,0.5577172,0.15958574,0.4823290577908469,283.29092,0.30799523,0.6084746024225515,0.8076093196868896,0.09246404921173491,0.9999998219999998,0.5434802690823822,0.5830508441498535,0.3382881576306895,281.060021649348,3.1317052073833946,1004.0467600897728,7.039407136009558,205.98979605551094,2.2723355949740878,83.4435328180135,0.963416388454197,0.0
14.796582386818415,0.8896665728742215,2.42418972051135,1.451184469457106,Si1,PU,combo_001,21.472570560793443,2.156720560644249,hybrid,0.28623974,0.71376026,0.5724795,0.13736495,0.41516934407123485,281.97574,0.3301573,0.5922565208572221,0.7584017117818197,0.10248248007980752,0.9999998089999999,0.543467209372978,0.5684704853542654,0.3167484622578816,282.36223809134316,3.0582019364597075,1269.2051362359148,6.69613981463914,231.1000474127365,2.1166143342723944,98.3653638625523,0.9182345608092021,0.0
12.519244448436748,0.9520635682845006,1.2254626489032203,0.5176263849921846,Si1,Si1,combo_002,6.4802912466777896,1.166718342314176,hybrid,0.28365666,0.71634334,0.5673133,0.1589533,0.48041755243184936,282.88788,0.31783953,0.6035044844711568,0.7756222883860271,0.04841347674120678,0.9999998219999998,0.543286773223187,0.577174463507818,0.3312174037703658,283.81813127364717,3.1682330278921493,1057.2280536209005,7.242251956374701,193.95609741602323,2.2833602542488003,85.94508532763736,0.940914181599358,0.0
13.136928846957414,0.5701551460665626,2.7028220978863002,0.5331965148677863,Si1,Si1,combo_002,7.0045646772637795,1.5410279280122967,hybrid,0.28555527,0.71444476,0.57111055,0.12704279,0.383971809360544,283.35504,0.42250505,0.6092652602415778,0.7629650433858236,0.14379911214477545,0.9999998219999998,0.5432409241389796,0.5855235500119994,0.313957949227627,284.6433532090141,3.3234447883331897,1138.9067120024085,8.150264299432113,201.99201762448777,2.5945692807377907,90.96974735921975,1.0176778503950004,0.0
11.28873816253899,0.7175216497328905,2.104985835510331,2.19273416132955,Si1,Si1,combo_002,24.753201807303817,1.5103729093597393,hybrid,0.29208595,0.70791405,0.5841719,0.13655208,0.4127125307253668,283.8636,0.2594031,0.6155363320627363,0.7194270292917888,0.04884736065325676,0.9999998219999998,0.543217176032929,0.5881520376608647,0.3063637370266129,284.6934217811382,3.0364942551997496,1023.7426773942065,6.526164818260763,203.78890748990779,2.017514951403943,84.82544941790368,0.8910443785036051,0.0
8.236463950700845,0.9543553494836247,1.8895801873643747,1.6481703576282376,Si1,Si1,combo_002,13.575095735218698,1.8033309600894607,hybrid,0.7346595,0.2653405,0.530681,0.17781408,0.53742205333948,290.04877,3.2822607,0.6918082807200292,0.0,0.1517417812579474,0.9999998219999998,0.5432155806837511,0.6668272692768472,0.4286586390854658,285.8823938874782,3.2997807430072337,809.8636388143213,9.826632181784852,169.25570008543824,2.6824668111291694,73.70044961658964,1.0612067990510772,0.0
11.42344303417205,0.7942826104740376,1.7166982973758167,2.1790401963003765,Si1,Si1,combo_002,24.892141551608432,1.3635436050359993,hybrid,0.6807883,0.31921172,0.63842344,0.069509834,0.21008526134475256,284.36533,0.3735832,0.6217234835156689,0.0,0.03358067954993047,0.9999998219999998,0.54315628382598,0.5935908743279057,0.23554186448473075,285.0892802815624,3.068330733774637,1036.4779074599899,7.032581066290721,204.8708287547992,2.1511407744380198,85.97153660049642,0.9644035382659056,0.0
13.529611658271175,0.7816322089940395,2.8926390929298655,2.1941935679400526,Si1,PU,combo_001,29.686586877305363,2.2609798840292856,hybrid,0.71488285,0.28511715,0.5702343,0.14725284,0.44505432047590054,283.8045,0.572312,0.6148077677897068,0.0,0.07411290577883116,0.9999998089999999,0.542996946009275,0.5888005862784752,0.3280165792334895,283.65981385269606,3.1725540916044275,1185.0987407862478,7.439564550175324,224.10535584484214,2.282991362988043,92.90699041367057,0.9246045592085237,0.0
14.870700657941537,1.076449554308168,1.601608157512067,1.666073726760596,Si1,PU,combo_001,24.775683664717903,1.724050387330191,hybrid,0.27851155,0.7214885,0.5570231,0.14864494,0.4492617670194595,282.45032,0.35654366,0.598108743486293,0.8099231719970703,0.129461114183938,0.9999998089999999,0.5428242990094814,0.574711184408018,0.33327938287735676,282.2969348662734,3.132086136259941,1283.4432872897462,8.21687283393424,237.5116532187537,2.47341946783766,100.465605053709,1.0561256495291147,0.0
9.211415058468102,0.9571682484545317,2.9432326955074135,1.338338133134659,Si1,PU,combo_001,12.327988032878686,2.817168883952941,hybrid,0.2961642,0.7038358,0.5923284,0.09372689,0.28327844674235225,284.81195,0.5910805,0.627230992883327,0.6922385692596436,0.1595778406764907,0.9999998089999999,0.5427733571701634,0.6028275422776587,0.28460724043283225,285.22681001395335,3.1308702568189526,865.5201077163377,6.8446842782779775,177.63538897182102,2.269483886361196,76.51672240453648,0.9060255874985652,0.0
9.111218585561641,1.1437719048343848,1.509733469049654,1.424654895826778,Si1,PU,combo_001,12.980342164868324,1.7267907256871466,hybrid,0.2473315,0.7526685,0.494663,0.19787677,0.5980591485322937,281.68857,0.83370054,0.5887153071127968,0.9822100003560384,0.24486687958271336,0.9999998089999999,0.5427538625218786,0.5703866576340239,0.41264738470601886,284.1261121137224,3.101344015367898,833.224335880178,7.240958749676523,170.28730765159779,2.2471938026609477,76.59391847762998,0.9239768261463127,0.0
15.27287498633229,0.9571220228637309,1.3964879981308524,2.369175814650037,Si1,Si1,combo_002,36.18412603779198,1.3366094176759236,hybrid,0.688395,0.31160498,0.62320995,0.07217385,0.2181369310329515,284.13162,0.6336482,0.6188415903323736,0.0,0.09168224485875508,0.9999998219999998,0.5427199456633359,0.5931487232275192,0.2525135264766964,285.0042311195119,3.3635258118375306,1273.8809125486737,8.70902818278075,253.1656749632499,2.909771571335563,102.86985783556932,1.1797885522011686,0.0
14.193142875242422,0.9633739700221713,1.3002811029335488,0.8926320787382979,Si1,Si1,combo_002,12.669254628557306,1.2526569682779005,hybrid,0.31243643,0.68756354,0.62487286,0.0874226,0.26422448584185365,282.76056,0.31771314,0.60193445856874,0.5837569236755372,0.027790747821753708,0.9999998219999998,0.5424763501157251,0.5751111312640982,0.25245377809030173,282.52031298865006,3.1675447467119406,1185.016379612487,7.205663966136165,217.36466246577996,2.33582524229151,96.14165849614423,0.9200926350051414,0.0
15.152836017679952,1.0380138036011994,1.7551832851161415,1.5741271838653015,Si1,PU,combo_001,23.85249108808325,1.8219044778006546,hybrid,0.27263713,0.7273629,0.54527426,0.15840265,0.47875330019871226,282.15524,0.48347655,0.5944700616908788,0.849085807800293,0.14570562842714926,0.9999998089999999,0.542328622801509,0.5720784486212326,0.3486924503997326,282.0959444219537,3.132486156276452,1309.7251394198677,7.969353246145026,240.1041511099889,2.4612489838112435,100.06615000801045,1.0066064054515522,0.0
12.713144907459228,0.7586293576959543,1.8542126011742468,1.7833121122181914,Si1,Si1,combo_002,22.67150529785706,1.4066601146605635,hybrid,0.6965732,0.3034268,0.6068536,0.08979024,0.2713803921335495,283.56342,0.24761207,0.6118348040722829,0.0,0.10143497069867109,0.9999998219999998,0.5422178995903459,0.5863031258170697,0.2645390620969851,284.3574062458317,3.101413161424199,1116.397077365025,7.203020793269971,214.42689466392048,2.3251458580815494,90.80612960281877,0.9424906303081124,0.0
14.469601239945995,0.8297131821318627,2.750476788946327,2.3599184938954822,Si1,PU,combo_001,34.14707956544155,2.282106848936485,hybrid,0.70106465,0.29893535,0.5978707,0.10485199,0.31690275512041405,283.496,0.33180106,0.6110035032049678,0.0,0.08919574714769635,0.9999998089999999,0.5421409432764722,0.5853220533982895,0.2803965193593273,283.5848623630704,3.1701755351195278,1244.0371455450936,7.364938935915715,238.62906079144096,2.303212532176356,96.67620255975669,0.9694334631277153,0.0
12.669653094218841,0.9535448355361158,1.6640999685211901,1.551946989418392,Si1,PU,combo_001,19.662629976548345,1.5867939307991936,hybrid,0.690733,0.30926698,0.61853397,0.06876616,0.2078375998233829,283.27426,0.3975053,0.6082691292339801,0.0,0.1200315251148973,0.9999998089999999,0.5420073519482331,0.5838492717834317,0.2482230545271862,285.0373341494606,3.0973713629351654,1141.4134832241612,7.588731115589772,209.0148998306193,2.3558862699741905,90.25488458959705,0.9843903380464434,0.0
11.089512665636551,1.150731101695431,1.3146837341003035,2.4318357650117663,Si1,PU,combo_001,26.967873516845934,1.512847461722305,hybrid,0.69482136,0.30517864,0.6103573,0.079384126,0.2399291414876063,284.17584,0.42387044,0.6193868845635822,0.0,0.11968740579449019,0.9999998089999999,0.5419120980640131,0.5941145402852916,0.2599548099577182,282.56470010377666,3.229445506203022,956.9023384704013,8.273045831271487,194.8957269394228,2.69055682994925,82.19272951274766,1.0270582026958113,0.0
15.487929228474474,0.7823205482162271,2.796566835248673,1.7081017234524214,Si1,PU,combo_001,26.45495860786638,2.1878116996750614,hybrid,0.7174679,0.2825321,0.5650642,0.118117705,0.3569968085881594,282.81412,0.31182852,0.6025949081034335,0.0,0.19294885927137392,0.9999998089999999,0.5418636777772327,0.5806629402601833,0.30957474979353305,282.53988339880897,3.128406524493545,1326.29086916783,6.942710962502724,244.24342767101416,2.228798895788155,100.44876596781619,0.933768657389425,0.0
13.461779069657275,0.8952167780382441,1.4962046007683627,0.9301423606438161,Si1,Si1,combo_002,12.521370962316531,1.3394274619858508,hybrid,0.3116588,0.6883412,0.6233176,0.058723625,0.17748521818129248,283.2212,0.35317773,0.6076147008916257,0.5889413356781007,0.13156147999131296,0.9999998219999998,0.5417708364057994,0.5835136433147382,0.23840226096702072,283.00528482180886,3.114237433641202,1159.299512383137,7.502653473858138,215.13311936472832,2.294576016099704,96.16856888997866,1.0143989456187044,0.0
13.183283479733646,0.9244271334121653,1.3470781801182743,0.8053125395087283,Si1,Si1,combo_002,10.616663498127767,1.245275620528813,hybrid,0.3218833,0.6781167,0.6437666,0.0377745,0.11416896197733324,283.08527,0.35035887,0.6059385514742325,0.5207778612772624,0.11042298811949167,0.9999998219999998,0.5417453960041936,0.5813323785491568,0.21301185115156773,283.2244612092897,3.121714677669366,1128.632282080366,6.841753870054944,208.08322427996129,2.104835258180573,93.67284528814321,0.9159545773667984,0.0
10.243396209129035,1.1022671993632234,1.1343449927654374,2.0763792139867148,Si1,Si1,combo_002,21.26917496926584,1.2503512782872546,hybrid,0.31320664,0.6867933,0.6264133,0.07407366,0.22387887821481983,283.5725,0.6551878,0.6119469487795984,0.5786221822102865,0.06178243921512917,0.9999998219999998,0.5416749902470366,0.5859472666120855,0.2504886612721361,282.66511750396097,3.1844021499536788,894.9139010774244,7.009766112371418,184.11409306983091,2.270381125681686,77.38195499890486,0.9191846152470072,0.0
14.8207024390851,0.9828425900063748,1.968634663244982,1.543798396928931,Si1,PU,combo_001,22.880176666820276,1.9348579912000254,hybrid,0.27747974,0.72252023,0.5549595,0.15244187,0.46073755472333183,282.13382,0.4282119,0.5942058818770013,0.8168015480041504,0.11412925543249575,0.9999998089999999,0.5413629994918803,0.5707890549759267,0.3364948182226636,282.60132995014396,3.076941541122216,1284.0937173931525,7.215798767861194,233.85287270826504,2.2221612180536123,98.02832457164094,1.0371066287594495,0.0
12.223437842778985,0.9888222312846768,1.668251009736359,2.3157192179603543,Si1,PU,combo_001,28.30604992206715,1.6496036857904217,hybrid,0.28392738,0.7160726,0.56785476,0.13696548,0.4139619921954483,283.34692,0.25793567,0.6091651579189404,0.7738174597422283,0.10565455814001912,0.9999998089999999,0.5409388385135863,0.5839921428622457,0.31529143995330855,283.87472129944143,3.1183057162697017,1097.6471617540803,7.843003229564385,210.00732965333935,2.4126044379834806,88.46847526701599,1.0215601187363899,0.0
12.101834721180031,0.825183319938748,2.607374733527662,2.3145055878331515,Si1,PU,combo_001,28.00976408520443,2.1515621389367645,hybrid,0.28621158,0.7137884,0.57242316,0.1498501,0.45290422440747746,283.6127,0.3682053,0.6124425681740094,0.7585892677307129,0.03752017991271407,0.9999998089999999,0.5408112205394238,0.5851609775720951,0.3210069650834825,283.1810043333318,3.0575445019121426,1089.961502634422,7.114808659665246,209.52198011685283,2.141840322388524,87.08219586197825,0.9799302853748231,0.0
11.587391762203179,1.0181544838351229,1.8936081635984294,1.6900273205312708,Si1,PU,combo_001,19.583008651822357,1.9279856423945338,hybrid,0.3022987,0.69770133,0.6045974,0.10173207,0.3074731559217844,283.56168,0.614308,0.6118133535745749,0.6513422330220541,0.0581852696394589,0.9999998089999999,0.5407750300040779,0.5856431702559405,0.27835222451360064,282.6981285970982,3.0617729698642138,1033.7941506523844,6.965965064975828,201.54668333084553,2.119225826671281,85.68036457848888,0.9380146287383484,0.0
10.827326672006828,0.6520016763414553,2.8390713572508908,1.214349058679798,Si1,Si1,combo_002,13.148153952170162,1.8510792841805916,hybrid,0.70832014,0.29167986,0.5833597,0.10394877,0.3141728824481176,287.413,1.3503007,0.6593055081491194,0.0,0.1462656085219966,0.9999998219999998,0.5403738107370895,0.6332975650071102,0.30929987293484706,285.3437372676009,3.1499376289139605,987.2062727219552,7.10570924290796,195.35400074661464,2.2247856787121068,82.9630183155719,0.9537001620139136,0.0
10.395726153811392,0.8961846197488603,2.61613920278814,2.0115664408081524,Si1,PU,combo_001,20.911693858838603,2.344543716660776,hybrid,0.7097312,0.29026878,0.58053756,0.11476095,0.3468514138420136,285.3672,1.0467012,0.6340778412219107,0.0,0.11831761623639202,0.9999998089999999,0.540033037719647,0.6087054960508401,0.3101964456587179,284.9940959661702,3.058847648551252,958.8643484986832,6.9161107697913256,190.87782156321225,2.1528570299953977,80.64191203944911,0.911766151799434,0.0
13.835536911434643,0.9586958940729687,1.7640607129653203,2.073274034959852,Si1,PU,combo_001,28.684859438206068,1.6911977624152865,hybrid,0.6911837,0.3088163,0.6176326,0.08296272,0.2507450245600268,283.43024,0.2773327,0.6101925238617971,0.0,0.05677840140400518,0.9999998089999999,0.5398423995942244,0.5835058022802051,0.25123969805097757,284.96014441878566,3.066139405545552,1230.0787512545585,6.846166039052311,224.5039939040375,2.0885043525290814,94.31908060827345,0.9130646268361272,0.0
15.465797896015978,0.6459298642133589,2.759314411725581,1.9107570795320075,Si1,Si1,combo_002,29.551382820423758,1.7823235832878688,hybrid,0.2546038,0.7453962,0.5092076,0.1824996,0.5515834873823893,282.94348,0.4173571,0.6041901477487702,0.9693079789479574,0.2074766560258909,0.9999998219999998,0.5396693194829818,0.5827555455628702,0.38206601660867745,282.80475321522204,3.178560563661225,1286.6951784710695,7.623503352563331,255.23780408796299,2.3780454744223603,100.78794689309017,1.0264334800005936,0.0
13.633325995236289,0.9871817166828529,1.5119376556206758,1.8498072949624487,Si1,PU,combo_001,25.219025880589275,1.4925572103930669,hybrid,0.7031206,0.2968794,0.5937588,0.07900864,0.23879427666210623,283.23544,0.26902798,0.6077904444430228,0.0,0.1799549589445193,0.9999998089999999,0.5395498791577256,0.5849763004697923,0.2653597560852982,285.3244767243806,3.0685952055287506,1209.4277782199383,7.942422075186273,221.26088326404852,2.2838963222797424,95.39725783016029,1.0271221863404947,0.0
10.763216892098752,0.9034841598416229,1.738842007264671,1.5295488250132154,Si1,Si1,combo_002,16.462865750672037,1.5710162100308425,hybrid,0.27559057,0.72440946,0.55118114,0.13386817,0.4046007366431745,285.78726,0.7873543,0.639257948256131,0.829396406809489,0.1810714287512252,0.9999998219999998,0.5392294971485012,0.6148889526499075,0.33439845654131395,284.82582041083396,3.0445765796368742,963.4887021194829,6.598678767972993,197.58979759418798,2.1006799243225043,83.73801812632544,0.9219497092406637,0.0
14.064550193787046,1.0580267254113567,1.182034799139307,1.744984545427304,Si1,PU,combo_001,24.542422726544988,1.2506244078556317,hybrid,0.69696003,0.30303997,0.60607994,0.10385301,0.3138834521724632,283.1967,0.27860335,0.6073125123011078,0.0,0.03144584602644436,0.9999998089999999,0.5392094168713737,0.580098492514648,0.269564835610741,285.6060359000316,3.1267731392628466,1174.2841467445103,6.91060277810156,213.65975058446583,2.2129287490699507,89.2341719242594,0.9128852142287066,0.0
13.799547391920429,1.0382014440642233,1.1110131686331404,1.5487901573627936,Si1,Si1,combo_002,21.37260317666777,1.1534554760492948,hybrid,0.70472896,0.29527104,0.5905421,0.084494084,0.2553733868985388,283.62643,0.54266256,0.6126119142085462,0.0,0.17149317338421294,0.9999998219999998,0.5390439049433687,0.5896486652653381,0.27561528116152745,282.37778558799556,3.1373395073526,1121.3763498489293,7.6498276759405766,212.8208522538005,2.4484611304211144,89.43806415241417,1.0143402963396284,0.0
12.652042918113104,1.1216963689088444,1.3566016731057087,2.0210117295178636,Si1,PU,combo_001,25.56992713987,1.5216951707783366,hybrid,0.283007,0.716993,0.566014,0.11854876,0.35829961638384783,283.02313,0.5683415,0.6051723547490837,0.779953161875407,0.16400006717520071,0.9999998089999999,0.5389332693937616,0.5826255043442023,0.31105247792483603,281.7316912411289,3.1482400340133228,1080.76049995026,7.710617710283167,212.64443763393484,2.393066809767575,90.37534389986156,0.9707953084001123,0.0
12.139307736237697,1.0907219562742418,1.4416181895580549,2.464342952722883,Si1,PU,combo_001,29.915417470731743,1.5724046119152923,hybrid,0.28979456,0.71020544,0.5795891,0.10377853,0.3136583572502318,283.11673,0.40532064,0.6063265420555823,0.7347029050191244,0.14940381580371312,0.9999998089999999,0.5384532627013021,0.5829572685936717,0.2898295933230904,282.2628303269363,3.2100207182195857,1057.9125019395983,8.768817644593243,210.2680139046879,2.7659257356715403,89.14922055901208,1.0496125112681485,0.0
8.868202225533059,0.9254672578345494,2.071349453105327,1.1800268503481914,Si1,Si1,combo_002,10.464716740446597,1.9169660983824808,hybrid,0.73428184,0.26571816,0.5314363,0.18086964,0.5466571152198666,294.1109,4.504965,0.7419000850869742,0.0,0.0978392287161037,0.9999998219999998,0.5381776835383304,0.7134862423859559,0.44937407398636225,287.8173897620089,3.159953545433535,843.9111213163811,7.38802627819554,178.23253942195416,2.2817793140322604,76.08982817466341,0.9767718032880801,0.0
10.914628784072047,1.1338812266241305,1.4258869592284924,1.4793643639197134,Si1,PU,combo_001,16.14671286856854,1.6167864543573545,hybrid,0.6976582,0.30234182,0.60468364,0.09052204,0.2735921816850197,283.80582,0.46549195,0.6148239497441181,0.0,0.07685386612706618,0.9999998089999999,0.5381244495198847,0.5887062369498244,0.2661822101087595,283.61896822330755,3.128230461249302,954.3258048834026,7.530617198734541,192.52448054218246,2.3613620607916914,84.41301970608183,0.9875497290970584,0.0
10.599258901243818,1.0421697167013266,1.2517282235672815,1.664550370612639,Si1,Si1,combo_002,17.64300033228471,1.3045132481421686,hybrid,0.7092947,0.29070532,0.58141065,0.1044967,0.3158289379473919,285.09973,0.8264882,0.630779733118176,0.0,0.13519819024640578,0.9999998219999998,0.5380514254607703,0.6057829416524092,0.2972656888753235,284.08648576910167,3.1177068709314004,933.4391078274028,7.455371124350806,190.9837929627218,2.3419068837681474,79.77222092737486,1.0009064407626636,0.0
10.121132522318877,0.8974031455270302,2.6645361847585782,2.2047715411388813,Si1,PU,combo_001,22.314784949303846,2.3911631535729403,hybrid,0.7188016,0.28119838,0.56239676,0.14898546,0.45029095252622886,285.52106,1.0785395,0.6359752694577653,0.0,0.06545062707653404,0.9999998089999999,0.5380146520843443,0.608922187701114,0.33913602155185496,285.024999882665,3.0664968350849398,941.8256423884321,6.800169303845395,188.27560797860065,2.0872384544915317,79.36625816343805,0.9107921999722088,0.0
9.423193487246845,0.8272584356237599,2.102956378881662,2.331616558641477,Si1,Si1,combo_002,21.97127397014727,1.7396884041786504,hybrid,0.7194642,0.28053582,0.56107163,0.1526249,0.4612907441850704,286.91925,1.0770259,0.6532169537207394,0.0,0.05802046679027834,0.9999998219999998,0.537928826813084,0.6245589196789869,0.34183977492562967,286.82851022181063,3.1056694843958734,898.2236836621405,6.984708898098263,183.78834536248831,2.0882310524001024,77.83102048896212,0.9197211459058766,0.0
8.471631806213765,1.1369001611446115,1.3294826233093158,1.0190073099458798,Si1,PU,combo_001,8.632654737701843,1.5114890086793218,hybrid,0.73072755,0.26927245,0.5385449,0.17866772,0.540002087915285,283.90747,2.1083543,0.6160774867242117,0.0,0.0705038239597533,0.9999998089999999,0.5379237390742926,0.5926136759999174,0.39282784438756413,284.7187351451277,3.1767077650017312,790.4951509215745,7.60697545076593,156.76758967605394,2.193799368869371,73.0205954779977,1.0097739181418952,0.0
8.175078818011878,0.8801621426179943,2.8159262981334376,0.7588831674748369,Si1,Si1,combo_002,6.2039297077693,2.4784717240194833,hybrid,0.24468553,0.75531447,0.48937106,0.22904262,0.6922542576402793,288.12347,3.8115723,0.6680667193270113,0.9645702044169108,0.12064766273296518,0.9999998219999998,0.5378964756300064,0.6450009538212818,0.48925447959920415,285.7837818278091,3.5558560653317106,807.2797212548724,11.383909242438625,171.2146043598844,3.3142857547145104,73.5968648417225,1.2691766210597264,0.0
13.35938824357569,1.0288910786983254,1.7269847829190157,1.6606116448490882,Si1,PU,combo_001,22.1847556853418,1.7768792361931394,hybrid,0.2900886,0.7099114,0.5801772,0.11185075,0.33805568788927165,283.06894,0.36839798,0.6057372178553942,0.7327427069346111,0.11343901140534475,0.9999998089999999,0.5378772588035201,0.5812699655713843,0.29220183108176123,282.15833525371636,3.067799234898529,1175.1194162061377,7.046280999684354,217.8748376967382,2.2384148724985207,92.97957515422256,0.9363780686730221,0.0
12.123695191934663,1.0303070919720378,1.4557411980070818,1.549422459760096,Si1,PU,combo_001,18.784725625669058,1.499860480382567,hybrid,0.70590705,0.29409295,0.5881859,0.08259729,0.24964055970901775,283.6749,0.4908499,0.6132095175482006,0.0,0.1772360009912625,0.9999998089999999,0.5375142884822223,0.5902778752910428,0.27338673499471605,284.57975663110534,3.100288192106818,1073.742240987621,7.84818777040842,204.97835669612525,2.382327806237326,89.34889626257454,1.0009750115135772,0.0
13.013487376569582,0.9468462727090373,1.2195978758440462,1.8985020744605325,Si1,Si1,combo_002,24.706132780383307,1.1547717029467943,hybrid,0.7246679,0.2753321,0.5506642,0.11701717,0.35367057849034716,283.60443,0.30341184,0.6123405842287661,0.0,0.22842527206676083,0.9999998219999998,0.5373199986789445,0.5906781687764144,0.31355602789434744,283.77250980418563,3.118257419387519,1110.5654156393025,7.323575092254759,213.46471484088647,2.2596226032775086,87.48777837789339,0.9461805003261268,0.0
13.369939792473026,1.0464079788158211,1.6579662668181667,1.591484677970854,Si1,PU,combo_001,21.27805432511364,1.7349091302060102,hybrid,0.2899115,0.7100885,0.579823,0.117742665,0.35586329487263674,282.98267,0.43373838,0.6046733484339819,0.7339232762654623,0.08889862585742546,0.9999998089999999,0.5372087684720617,0.5796721110558174,0.29611979974373487,282.0057890743194,3.067050217864359,1173.4808914316145,7.346686507010764,218.2567532633168,2.2646819112387355,93.58172208793019,0.9925538381162745,0.0
12.965670955711854,1.0818512266275486,1.4039217370065769,1.056331280084688,Si1,PU,combo_001,13.696043797803963,1.5188344532696438,hybrid,0.292114,0.707886,0.584228,0.105409235,0.31858695874421716,282.57333,0.5858594,0.5996257076312216,0.7192398707071941,0.11092771490208939,0.9999998089999999,0.537046962346057,0.575961817765855,0.2895585205232535,282.3469308760771,3.0938663549915644,1124.7271353757683,6.989721750873912,209.32331867470796,2.126771346751379,93.29162528898992,0.9638118650261349,0.0
13.713274438079722,0.747782176113854,2.9940158932715732,0.8502154764178247,Si1,PU,combo_001,11.659238159620328,2.2388717199900814,hybrid,0.29581368,0.7041863,0.59162736,0.10284822,0.3108465847948065,282.3851,0.2911958,0.5973045379845037,0.6945754686991374,0.08506789074387389,0.9999998089999999,0.5369914161551623,0.5725223883700897,0.2768085657301147,283.030667545561,3.1792913181003217,1196.688354948872,7.365688649813435,211.41973731599302,2.3233463004750092,92.75376940585889,0.9646865132557061,0.0
13.825211625143705,0.9668463735744932,1.8322843596997727,1.4840282389387511,Si1,PU,combo_001,20.517004461017564,1.7715374885329875,hybrid,0.6815913,0.31840873,0.63681746,0.055913612,0.16899228723373114,283.26657,0.35388365,0.6081742954546395,0.0,0.03980377520022278,0.9999998089999999,0.5368301990822,0.5812770042221199,0.22168083945336134,283.8067791933674,3.056044326459093,1222.42928197746,6.9418181777568275,218.99270895110476,2.163973416333036,94.12469363279072,0.9430947168564537,0.0
12.4605982110375,0.9027094036967265,1.4224411534217347,1.61009091953831,Si1,Si1,combo_002,20.062696031606787,1.284051005399018,hybrid,0.7048764,0.29512358,0.59024715,0.081541225,0.24644872001695553,283.68262,0.29676718,0.6133047276520623,0.0,0.16569686104104148,0.9999998219999998,0.5367906990131582,0.5896714184154495,0.2664801660125007,283.52006583376306,3.0817464765446214,1096.3768842826425,6.925965084533909,213.2515896833167,2.2074704724998444,91.39128364550425,0.9599955493746193,0.0
13.833221990317151,0.7736929815387611,2.124412058827497,1.503733111313629,Si1,Si1,combo_002,20.80147394299172,1.6436426998111442,hybrid,0.26561913,0.73438084,0.53123826,0.15493068,0.46825967937439644,283.1276,0.20948476,0.6064605135851271,0.8958722750345866,0.1787569943753145,0.9999998219999998,0.536617215098016,0.5836100994156708,0.3442478177751044,282.83864537369544,3.1071152336684404,1168.1322167487772,8.394566425922402,225.02331118003323,2.4702344781016756,95.57421937886438,0.995650283514736,0.0
9.174000746336912,0.8088612000963397,2.560902625754639,1.6366025027039595,Si1,Si1,combo_002,15.014192581262982,2.0714147711977646,hybrid,0.71467394,0.28532606,0.5706521,0.10992857,0.3322461176530355,291.17242,3.1477516,0.705664549590352,0.0,0.15410139084601268,0.9999998219999998,0.536522860062769,0.6794047292201479,0.35438821980797486,287.55402206740223,3.1290311330026164,877.0097176081393,7.5096772735498485,182.1887956408028,2.33571221981093,76.97393342368744,0.9813554217797266,0.0
9.58352372232838,1.133343309681437,1.7377170462896083,0.7254882519716297,Si1,PU,combo_001,6.952733873040662,1.9694299885317155,hybrid,0.254367,0.745633,0.508734,0.21301976,0.6438270532390474,281.95746,1.6182771,0.5920311024690276,0.9708867073059082,0.07595333277958591,0.9999998089999999,0.5364548182295786,0.5697760673781822,0.4197357709056464,284.2753091144678,3.1624095278322666,861.7779714383332,8.257413217282112,177.1928097193484,2.4675092703231645,78.38249248606655,1.0591315251443663,0.0
14.06636563458709,1.1320827916315892,1.3316327772734673,2.038834187632923,Si1,PU,combo_001,28.678987151541033,1.5075185519238732,hybrid,0.2873216,0.71267843,0.5746432,0.12715685,0.384316567589772,282.99042,0.1950991,0.6047689348623649,0.7511895497639974,0.07310771931488766,0.9999998089999999,0.5363814116257349,0.5788585834568931,0.29871951018447873,282.3578651108066,3.128895088862472,1182.0876076033805,7.718200532502895,225.97812069323663,2.2951306764054116,95.48305463873496,1.0124250569290725,0.0
10.500380844750364,1.1552203561728143,1.4891558581802258,0.7590019446665972,Si1,PU,combo_001,7.969809480905413,1.7203031608837933,hybrid,0.2634198,0.7365802,0.5268396,0.17248529,0.5213164170761205,281.74384,1.1106101,0.5893968308206772,0.9105346202850342,0.13410651232147103,0.9999998089999999,0.5362656072864669,0.5681871845074735,0.37496396120760356,283.5088014306832,3.2059691137061836,919.1805225961654,7.6108686966973815,185.21565285646676,2.4360938923629667,82.81603693053373,0.9772629370210081,0.0
12.704680103448853,1.0030442610706358,1.1559726291014811,1.7727256129690847,Si1,Si1,combo_002,22.5219118239625,1.1594917115749752,hybrid,0.711797,0.288203,0.576406,0.09550184,0.2886430289075384,283.68344,0.38995376,0.6133148884141346,0.0,0.17529556995360346,0.9999998219999998,0.5361081963714487,0.5901357563437158,0.2846366493252244,282.6079673896835,3.1229734126066893,1066.298286817556,7.338111448955367,207.47234978397492,2.338152580701288,85.82909312594909,0.9177414483635169,0.0
8.878318251700918,0.9755800130381137,1.7922606564171892,1.599449391409792,Si1,Si1,combo_002,14.200420724425483,1.7484936745551798,hybrid,0.2828981,0.71710193,0.5657962,0.114147395,0.34499701539806,287.0367,1.9866108,0.6546654268028108,0.7806795438130697,0.15848826048511902,0.9999998219999998,0.5361055450526664,0.6305358996067114,0.33522789918709417,286.11692204687847,3.1379524599818196,838.5015392820214,8.615237234238043,177.29465165419396,2.49445215121336,76.33851539623353,1.0636751312285526,0.0
15.048924452734692,0.9164820014142925,2.200268104498785,2.403280055831321,Si1,PU,combo_001,36.16677999896956,2.016506116059078,hybrid,0.7261161,0.27388388,0.54776776,0.14706811,0.444495996796248,283.66275,0.8710124,0.6130597403887658,0.0,0.1253901370499343,0.9999998089999999,0.5360834511559711,0.5892661121842949,0.3417590160293882,284.4616018106198,3.197241103589644,1301.304870454952,8.532378275064877,248.70141912661424,2.837977255963164,100.12213593015264,1.1631804936095866,0.0
14.821247798499211,1.1918096423581823,1.2357948965425716,2.3904187676002486,Si1,PU,combo_001,35.428988896786386,1.4728322736764692,hybrid,0.27126482,0.7287352,0.54252964,0.14698468,0.44424383463746975,282.73746,0.32395568,0.601649580906197,0.858234723409017,0.14944826000530212,0.9999998089999999,0.5359963702383033,0.5785099581300615,0.33383971582958866,282.16765670683617,3.361048942141345,1201.6096170356432,8.773628366462306,235.1744931279482,2.588243874147467,94.50349371037987,1.028786352994177,0.0
12.514681897051949,0.8980978413402416,2.4721115809739156,1.840783862245016,Si1,PU,combo_001,23.036824477223067,2.2201980744248857,hybrid,0.29335165,0.70664835,0.5867033,0.09526368,0.28792322506708934,283.45462,0.41453612,0.6104932071542302,0.7109889984130859,0.12467841493207565,0.9999998089999999,0.5356734473207109,0.5860653563849729,0.277306196073012,281.6290010258462,3.0784873403488935,1103.658445543597,7.264241735805641,211.58098923693922,2.299794455492216,89.11767119694146,0.9823966964692371,0.0
8.396994957807932,1.1904703859736263,1.2504677854132773,1.4083447888109508,Si1,PU,combo_001,11.82586409050063,1.48864486714853,hybrid,0.2155725,0.7844275,0.431145,0.30171877,0.9119093408808138,280.56534,0.80595726,0.5748643067857708,0.7704831759134929,0.11632465459269538,0.9999998089999999,0.5356490684007437,0.5537377431947427,0.5026334654111355,281.96202820291904,3.121921303098473,775.5105800255944,6.939916169017212,155.60363224253655,2.110990361408752,71.18192028120387,0.9456747989051372,0.0
14.583459673105434,0.7853615244191915,2.5780110606090307,0.65363870692845,Si1,PU,combo_001,9.532313723271832,2.024670696529445,hybrid,0.317943,0.682057,0.635886,0.035945978,0.10864247179985774,281.86136,0.061427,0.5908460565517911,0.5470468203226726,0.10508858912017986,0.9999998089999999,0.5355473365547919,0.5667693660259406,0.20423542653599713,282.9990676640518,3.1022419937150496,1267.3545499559946,7.609988288971974,213.04295085072394,2.2644059555153384,96.71272152273615,0.9788275349247714,0.0
9.397842197748858,1.0518277123429387,1.1692973364730601,0.6862158639608726,Si1,Si1,combo_002,6.448948403096178,1.2298993424711502,hybrid,0.76109064,0.23890936,0.47781873,0.22959368,0.6939197709093952,284.61603,1.5199118,0.6248149894572685,0.0,0.15358172003738035,0.9999998219999998,0.5354717574888663,0.6020897841257165,0.44685551860282324,287.23283920621253,3.305906925677525,842.27393606326,8.5819462213293,167.76881956036544,2.784509174640097,74.10084361095802,1.0019229199553548,0.0
14.53691323520496,1.0817928985584957,1.1690422362251431,1.8670038781821285,Si1,Si1,combo_002,27.14047338692477,1.2646615892633033,hybrid,0.25680214,0.74319786,0.5136043,0.19622242,0.5930590958390046,283.14648,0.2775684,0.6066934584637454,0.9546523888905843,0.10369131864705645,0.9999998219999998,0.5352740482925423,0.5816944723745767,0.37809149150676746,281.73396265386793,3.149891663751973,1173.0373972358223,6.847126757023276,229.74097406607703,2.1698356916322643,92.94751519228933,0.926042180612705,0.0
10.617824479010778,0.8295593803344081,1.9486539432858585,0.90639410782884,Si1,Si1,combo_002,9.623933545736191,1.6165241576784177,hybrid,0.70547307,0.29452693,0.58905387,0.108712055,0.32856934207159205,290.42883,1.6560847,0.6964950263069657,0.0,0.06212169574121008,0.9999998219999998,0.5351929780193831,0.6655356952259941,0.30811144068531476,287.653615579696,3.0745479311090693,959.5884854775587,6.768224163191077,192.08746385843813,2.104665366118449,82.51628699658234,0.9669651891550181,0.0
12.140444143066865,0.7567902493997831,2.6908818596234285,1.9563316191781637,Si1,PU,combo_001,23.750734747948055,2.036433153649767,hybrid,0.69265306,0.30734694,0.6146939,0.07531895,0.22764262024180726,283.78906,0.6883571,0.6146173475819833,0.0,0.0611018445657305,0.9999998089999999,0.5351797160904805,0.5884430685154364,0.2523974993882905,285.1914039198993,3.0771761784885587,1104.0670999613008,6.957798256198084,205.6582917091617,2.1338600231927396,86.60134310314196,0.9327935416742673,0.0
10.073463456174137,1.001265450085882,2.289056292439014,1.7805212122135419,Si1,PU,combo_001,17.93601536417599,2.2919529789208695,hybrid,0.684031,0.315969,0.631938,0.05687475,0.17189720746284695,285.57388,0.8373057,0.6366266872039502,0.0,0.04397575873528752,0.9999998089999999,0.5348945823749236,0.6084448556729041,0.23343242697641958,284.7213483134151,3.0460083764751404,921.3743304468153,7.218042308803486,186.90304149001884,2.1804798090433173,79.53617095490267,0.9875201759070477,0.0
11.664593467812066,1.0537075810975425,1.2343427542488528,2.011865470331081,Si1,Si1,combo_002,23.467592823340578,1.300636317824837,hybrid,0.27517077,0.7248292,0.55034155,0.1517463,0.4586352726355283,283.34018,0.3260868,0.6090819901997568,0.8321946461995443,0.08693523814481374,0.9999998219999998,0.5348327369148519,0.5834762041016105,0.32954433233487246,281.22927378324533,3.1263361318211427,1000.0354667822628,7.149311386073298,205.6555344929834,2.291619131882078,83.33445587101023,0.9835673950790927,0.0
14.772795015419195,0.8237928048324953,2.5814079256603706,1.635798841904943,Si1,PU,combo_001,24.165320977921834,2.12654527549659,hybrid,0.70186174,0.29813826,0.5962765,0.08128088,0.2456618560846292,283.08316,0.32656315,0.6059125850822702,0.0,0.12163787931735277,0.9999998089999999,0.5346426319557801,0.5816022842026694,0.26021899216425826,283.8872190331485,3.0793610796287467,1275.7547342905132,7.116779927865016,232.45826426896025,2.2332776395350704,97.9774607482264,0.9602123332722184,0.0
9.291447444939905,1.067092203272008,1.2528471034940125,2.0921486220455607,Si1,Si1,combo_002,19.439088968739767,1.3369033760303792,hybrid,0.29738778,0.7026122,0.59477556,0.08273094,0.250044496555255,283.8726,0.95023084,0.6156473477964882,0.6840814749399822,0.12301239213035467,0.9999998219999998,0.5345821938725397,0.5917173710096194,0.27500090563152213,283.9704303703966,3.1706093546806575,857.4504351116013,7.849893968968159,174.74976895994263,2.340881782198369,75.08661871879613,1.0279437081023275,0.0
13.897881298476936,0.6777821775375503,2.264370546168079,2.0634414837286097,Si1,Si1,combo_002,28.677464807213344,1.5347499995336928,hybrid,0.7327233,0.2672767,0.5345534,0.18393493,0.5559215862607608,283.922,0.52125424,0.6162566171962995,0.0,0.04284654950315159,0.9999998219999998,0.5344104457216442,0.5891040207682643,0.3610624778467722,285.32581382640836,3.165815609859217,1191.7732732895865,9.15727909516824,231.57582274874343,2.626358703879589,95.51197563906246,1.0879437639662086,0.0
13.813016779957366,0.8962515495181602,2.156453738031889,2.1464874556408864,Si1,PU,combo_001,29.649467242735554,1.9327250041753092,hybrid,0.69163406,0.30836594,0.6167319,0.075267985,0.22748859370438596,283.6239,0.41457766,0.6125806792732873,0.0,0.041405431899867076,0.9999998089999999,0.5338579461906027,0.5854877157082886,0.24366399639664427,284.643068204447,3.07474679423631,1219.0394880492388,7.425417653432951,226.5148831900513,2.339437441743731,94.7004321037363,0.9892812181205694,0.0
15.368775404446794,0.8630178853342159,1.5764983280580835,0.9650555070037904,Si1,Si1,combo_002,14.831721339965783,1.3605462533136141,hybrid,0.7290277,0.2709723,0.5419446,0.13984565,0.4226669685947096,283.0868,0.41673526,0.6059573677002922,0.0,0.16074776788110387,0.9999998219999998,0.5338524381180657,0.5829784067064976,0.3299228985245967,282.94572198062065,3.1450194636550792,1295.123894327178,7.833034734458989,238.83766136345895,2.4153737574210954,103.8564246551896,1.0909418814662026,0.0
15.000214963373486,1.0631780670777138,1.2006187744155792,2.0864230125814274,Si1,Si1,combo_002,31.296793693250713,1.2764715478803692,hybrid,0.26042882,0.7395712,0.52085763,0.1920982,0.5805941154836933,283.39795,0.34018138,0.609794372518375,0.9304747581481934,0.07299057859181893,0.9999998219999998,0.5338056907918097,0.5837385193628739,0.3704329670705666,282.77903761827326,3.2328765761136684,1213.9607789941615,7.334635560817561,240.02359558019043,2.347291468192764,95.39807454707557,0.9818648756461694,0.0
11.378622129945102,0.9339750973380417,2.301811933425734,1.1170569217302777,Si1,PU,combo_001,12.710568610008492,2.149835024575166,hybrid,0.70743823,0.29256177,0.58512354,0.07742449,0.23400637075376535,284.58914,0.83483684,0.6244834475540976,0.0,0.17912081122000156,0.9999998089999999,0.533587359452315,0.6013230015122134,0.27539076399832607,283.89076232685045,3.075541843288314,1020.395274931013,7.595424029930832,195.96027550250454,2.358187944149548,84.33013315705526,0.9906615404612569,0.0
15.647261106584878,0.830310720544564,2.6800499301268847,1.5173259777327412,Si1,PU,combo_001,23.741995757388395,2.225274188579062,hybrid,0.26406664,0.73593336,0.5281333,0.15650094,0.4730055882809404,281.60864,0.3964209,0.5877297131917927,0.906222422917684,0.16168417584054962,0.9999998089999999,0.5333048694485019,0.5662006448241242,0.3472570713364268,280.88519070033584,3.0960207838166114,1331.4559134371766,7.166810968917216,244.05584230909278,2.2288455087178805,101.3504975729415,0.981267873507823,0.0
12.501951259570816,0.714987055849301,2.0498403142093595,0.8255278967266787,Si1,Si1,combo_002,10.320709528292948,1.465609291217756,hybrid,0.30543128,0.69456875,0.61086255,0.048812766,0.14753081724228906,283.89572,0.42724034,0.6159326017835525,0.6304583549499512,0.1582039096946157,0.9999998219999998,0.5332638213579062,0.5920981357496748,0.23346334353195372,284.7914191858692,3.152764152546535,1095.9052947427795,7.4988908852642915,202.5980686706973,2.4319905668780493,89.31435497956426,1.010614439890341,0.0
12.843307402763184,0.7843158757853769,1.7530058825731187,2.423478278368366,Si1,Si1,combo_002,31.12547651300421,1.3749103440472532,hybrid,0.2792336,0.7207664,0.5584672,0.11854365,0.3582841686931065,283.58627,0.13777344,0.6121166711386564,0.8051095008850098,0.15442705576482804,0.9999998219999998,0.5332200492263515,0.5879553299798246,0.3006073089326625,284.14631798626954,3.1469177193539504,1129.7952244603412,7.416881066806918,221.5180736299694,2.336356742852082,91.65438489961352,0.9617090289307054,0.0
11.88235539527287,0.8768521202752206,2.329733870942963,2.044630711854813,Si1,PU,combo_001,24.295028770348647,2.0428320844133343,hybrid,0.29180527,0.70819473,0.58361053,0.110251084,0.3332208759462161,283.6014,0.35399005,0.612303328101168,0.7212982177734375,0.06596754162280075,0.9999998089999999,0.5331422546051743,0.5858608179520105,0.283087635327533,283.59796613263416,3.03691576060753,1074.0029485199268,6.738087580838101,205.759541321438,2.0695436368036377,86.31864143876811,0.9261148748900336,0.0
13.361279200254383,1.1554179687848984,1.2339905029249816,2.1267560579362277,Si1,PU,combo_001,28.416181480918326,1.4257748003894375,hybrid,0.2762976,0.72370243,0.5525952,0.11727575,0.35445210553826284,282.9697,0.39470854,0.604513410512475,0.8246828715006511,0.18280755353211528,0.9999998089999999,0.532769906098155,0.5822722784495068,0.3088960512256489,281.6788620631403,3.1617447064030824,1103.8336194126043,7.03317864921514,214.7909732725771,2.14199969663117,88.37153009572292,0.9314581825182283,0.0
13.497685748534991,0.7918565593035582,2.6745203647604505,1.0119592649225062,Si1,PU,combo_001,13.659108148242458,2.1178364938265077,hybrid,0.7130641,0.28693593,0.57387185,0.11380691,0.3439679424837887,283.0766,0.5761305,0.6058316753102138,0.0,0.09510032101198054,0.9999998089999999,0.5326742188114463,0.5811790480011166,0.2958643099336628,283.8530349902324,3.125732010211413,1183.7154954170285,7.398464631781953,208.6518149241825,2.3251012409792944,92.34356280602435,0.975160781297638,0.0
13.54810787551614,0.8178475357132775,1.8156109569405885,1.4359648847395694,Si1,Si1,combo_002,19.454607163904786,1.484892946947886,hybrid,0.70455545,0.29544455,0.5908891,0.09900287,0.29922447188038387,283.69873,0.5209197,0.6135034269992522,0.0,0.06724117928488947,0.9999998219999998,0.5325359387348061,0.5873023250095027,0.2748706861200473,283.3627938626106,3.10197578647937,1158.029417341361,7.102194689969906,219.8655659928139,2.2885909707108056,94.48495384663127,0.9296351029127875,0.0
14.899642003090019,1.064742867680316,1.3033136042706452,1.2639617713671374,Si1,PU,combo_001,18.832577898961862,1.3876938644978951,hybrid,0.7137864,0.28621358,0.57242715,0.12283717,0.37126083691535106,282.95197,0.3215443,0.6042947659656619,0.0,0.06539055235221349,0.9999998089999999,0.532120569087432,0.5784174749412103,0.29563658464927856,283.9113808034975,3.1765237521676912,1267.5787149575813,7.430356679118489,226.10767499251162,2.504224566144614,97.92435104637012,0.9646465978097097,0.0
10.526100900233878,0.7990536198742164,2.283738644287897,1.2674678127483718,Si1,Si1,combo_002,13.341494084788101,1.8248296305648795,hybrid,0.27407405,0.7259259,0.5481481,0.13685237,0.413620116334172,288.83173,1.192065,0.6768004588148563,0.8395061492919922,0.12788681736172652,0.9999998219999998,0.531996686517803,0.6485579323677795,0.3380406450892528,285.92052803433864,3.0481110356952157,952.0615771237751,7.09173596759836,195.24750763660617,2.190565335759256,81.70609160123873,0.9485578096280458,0.0
14.396734325833439,0.6132385017759882,2.6700073211226014,2.10278336973895,Si1,Si1,combo_002,30.273213518912453,1.6373512893361437,hybrid,0.72667897,0.27332103,0.54664207,0.14789738,0.44700235084128664,283.96115,0.59067595,0.61673944155699,0.0,0.09316834742436492,0.9999998219999998,0.5316813503496256,0.5911823054233738,0.3319407253705787,285.0402361587892,3.2194802483832943,1222.4585240571841,7.938740247649155,239.33929386454724,2.467289431623482,96.45073054285521,0.9990382929854119,0.0
14.631193258458115,0.9967345258332256,1.4162765181847279,0.8883051964992866,Si1,PU,combo_001,12.996965002473674,1.4116517038015866,hybrid,0.7185124,0.28148758,0.56297517,0.10082517,0.3047321591106742,282.45996,0.32031545,0.5982276620349899,0.0,0.18215616645932328,0.9999998089999999,0.5314049465622498,0.5763365051621133,0.28984069269596746,284.4719583142579,3.1618211060014203,1285.461653356424,7.446702530154729,220.8224205690499,2.4434769943979164,100.15294078759459,0.9930343456810271,0.0
10.610191240508188,0.9299150583740169,2.431643677251703,2.455257411438817,Si1,PU,combo_001,26.05075068004094,2.2612220720763263,hybrid,0.27818924,0.72181076,0.5563785,0.12683406,0.3833409761121054,283.89883,0.42319286,0.6159709868847141,0.812071720759074,0.11741812649496719,0.9999998089999999,0.5310171435539048,0.5909026215291632,0.30979439086788074,283.38870873051593,3.0820663332364777,972.7637976255917,7.453290281126769,194.69801761047836,2.2629110271101904,81.46624308439341,0.971653088036242,0.0
12.776209313604559,0.7790236875804607,2.804330680592881,1.5274893390353952,Si1,PU,combo_001,19.515523519815687,2.1846400279904894,hybrid,0.7215049,0.27849507,0.55699015,0.13594747,0.41088515448096075,283.62787,0.7037086,0.6126296014610423,0.0,0.08096308621667368,0.9999998089999999,0.5308646986347492,0.5872376955008924,0.31983259457022406,283.73039533481347,3.132733525320493,1134.1140073012293,6.922943787069154,209.12299478130257,2.251314263343878,89.62690606684903,0.9017387925348991,0.0
15.16850226626634,1.0608270755289841,1.1427398945204845,0.6066593515900652,Si1,PU,combo_001,9.202113749445573,1.2122494203944654,hybrid,0.25500092,0.74499905,0.51000184,0.17754881,0.5366203046789029,281.40356,0.86991626,0.5852008124093764,0.9666603406270345,0.15147969464504296,0.9999998089999999,0.5307578032700024,0.5644166204555554,0.37789303574611244,282.9106923899055,3.3177222138968125,1254.2338099974238,8.820688840734581,210.44333351971324,2.7895624422937813,92.63078043589606,1.1213333392307634,0.0
9.204639256258128,1.056625895775249,1.8080819088480045,2.2903736612191,Si1,PU,combo_001,21.082063313556983,1.9104661665715448,hybrid,0.7062367,0.29376328,0.58752656,0.09077554,0.2743583511161925,284.79044,0.6260923,0.6269656840958859,0.0,0.09780212638179701,0.9999998089999999,0.53070182040868,0.6007929423859888,0.2729509987383347,285.27603879638286,3.0838163471206266,861.1007370488732,7.475340800952528,173.2682646136,2.283542316688252,76.64254284288234,1.0524045110274145,0.0
15.421135620918557,1.1073937993953622,1.5475201104527847,1.9880654829423456,Si1,PU,combo_001,30.65822743572086,1.7137141747550397,hybrid,0.26341015,0.73658985,0.5268203,0.16229074,0.4905045792269723,282.4908,0.4556073,0.598608126125916,0.9105989933013916,0.12440615585498412,0.9999998089999999,0.530395532463176,0.5751965305375248,0.3490276899947353,282.11251311801203,3.2653507639174855,1312.6797785235094,9.624714080112758,249.45519618770976,2.7824134357806285,103.1736092845499,1.1337341957812213,0.0
14.074686397836073,0.8147520405721248,2.701357039115784,1.913485689596196,Si1,PU,combo_001,26.931711007813558,2.2009361599334585,hybrid,0.71900374,0.28099626,0.5619925,0.12890731,0.3896071089281978,283.64258,0.5093441,0.6128109898802573,0.0,0.07772264738737769,0.9999998089999999,0.5302362533926035,0.5869589784348905,0.30783476492302,284.08529324798,3.0921919582798516,1221.5687308584652,7.000512325151641,227.19472106005514,2.1882872578637755,94.89513436226108,0.938748569492213,0.0
9.009368442984655,1.0283006067844709,2.595943268674871,1.0794312166344064,Si1,PU,combo_001,9.724993539518554,2.6694100383564323,hybrid,0.7073368,0.29266322,0.58532643,0.101561286,0.30695698687342615,286.8357,1.1611618,0.6521865771817131,0.0,0.06549166570750393,0.9999998089999999,0.5301629650254132,0.6239859151520379,0.29070304320425283,284.79740900117116,3.1213204819165874,843.678697701141,7.649022289067715,174.0030539916873,2.486366023080051,75.89068477416176,1.0083892541690078,0.0
10.407346796190208,1.026035287567748,2.019315019201523,1.6815126733021983,Si1,PU,combo_001,17.500085533244864,2.0718884664163073,hybrid,0.7059888,0.29401118,0.58802235,0.057815205,0.17473962759625916,285.4088,1.0393327,0.6345911478688178,0.0,0.20786723726025771,0.9999998089999999,0.5300872969046871,0.6118510195065365,0.26323567857425345,284.73576565566407,3.0615729234420312,943.2155579799546,6.76244348090468,189.44497281963513,2.1032123760410117,81.2252186705772,0.9192937416365448,0.0
12.646416124743926,0.7188025933096873,2.849452169076418,2.1283015952969806,Si1,PU,combo_001,26.915387613081958,2.048193608644043,hybrid,0.70614225,0.29385775,0.5877155,0.098025635,0.2962709004328326,283.7403,0.70595175,0.614015980997117,0.0,0.0652309476940494,0.9999998089999999,0.5299482918835345,0.588045221187526,0.2774046926814287,285.32004556543853,3.148925394572534,1142.3492722861804,7.066862969120512,212.05014216754378,2.1663015560132415,88.90464310704206,0.9079559479825449,0.0
15.773852597842904,0.912713250341739,2.112543780328454,0.9834923275289642,Si1,PU,combo_001,15.513463005551316,1.9281467002328079,hybrid,0.2718802,0.7281198,0.5437604,0.15709594,0.47480391566083285,281.2978,0.5698794,0.5838964716189218,0.8541319370269775,0.059921821265634584,0.9999998089999999,0.5298980641182106,0.5599321010717636,0.33624940593897945,280.3565453911515,3.123306310924497,1357.3252159944284,8.588485958436884,238.58218200292953,2.6664480318567203,102.31776142540248,1.2127025612848472,0.0
11.495866287000934,0.7629150421266659,2.704065933692192,2.139652201159784,Si1,PU,combo_001,24.597155605220102,2.062972575716061,hybrid,0.69950473,0.30049527,0.60099053,0.08279386,0.2502346652845712,284.53027,0.67383474,0.6237575175527165,0.0,0.05684502802127569,0.9999998089999999,0.5298723103670395,0.5966982903148897,0.2593625084365675,285.5742051711759,3.0728531143655173,1060.113769556074,6.907918796925016,200.6741540028694,2.1104991123653742,84.00904131758455,0.9277276086791492,0.0
15.012220375482142,0.7731758910189324,2.7862369695581846,1.4629468398957506,Si1,PU,combo_001,21.962080358130198,2.154251251528039,hybrid,0.6964412,0.30355883,0.60711765,0.06732627,0.20348569710474246,282.69504,0.24394429,0.6011264898217389,0.0,0.08299583907573536,0.9999998089999999,0.5298398222402285,0.5758917283128439,0.23793334831802715,283.2835495366458,3.1044841416565774,1294.238060403466,6.892233730898134,232.9071441987308,2.244792152219847,98.45772946653777,0.9175356800350539,0.0
11.26945281635863,0.8664366716689403,1.742940673051213,1.377562482288368,Si1,Si1,combo_002,15.524375395734635,1.5101477156749157,hybrid,0.28556484,0.71443516,0.5711297,0.108082406,0.32666630366845273,285.1285,0.53956383,0.6311346071416609,0.7629010677337646,0.10580057387193936,0.9999998219999998,0.5298116691425315,0.6047132105841855,0.2906491131712402,284.39082488881036,3.0279295452476487,1003.3171165084958,6.409352495582502,200.74852690692327,2.008862080203371,85.66142621793075,0.9036040124679069,0.0
12.939241216340221,0.9541202308482838,1.5706634944267337,0.5571571700291893,Si1,PU,combo_001,7.209191018421163,1.4986018158874073,hybrid,0.72282225,0.27717775,0.5543555,0.118567646,0.3583567007803921,282.6422,0.5083789,0.600475072075554,0.0,0.14647664891636739,0.9999998089999999,0.5297708076662822,0.5776708241037514,0.3071900390060164,285.1267669829623,3.186755747097525,1162.7661443743962,8.28936028071182,201.46210023329897,2.5542109166879183,92.25873284745035,1.0656697190885662,0.0
11.779362062111264,0.608536863239415,2.558741586987006,1.551708383105265,Si1,Si1,combo_002,18.27813485941017,1.5570885791853155,hybrid,0.69714963,0.30285037,0.60570073,0.06655486,0.2011541992092764,284.1374,0.542239,0.618912715666879,0.0,0.09081757999437927,0.9999998219999998,0.5296442932825102,0.593024375628108,0.24452836939446226,284.99791361752966,3.053090143045429,1056.8359028582615,7.532749158099423,203.5233339656949,2.3612585632773007,86.25329048612231,1.0022393683833057,0.0
13.245843187450596,0.8148505152093896,2.5411627543228663,2.4969789211421354,Si1,PU,combo_001,33.074591231818296,2.070667779590899,hybrid,0.7028922,0.29710782,0.59421563,0.091639854,0.2769706321834577,283.8627,0.55636346,0.6155254186516217,0.0,0.05391696191606951,0.9999998089999999,0.529478314847299,0.5888263604113237,0.2658243894023663,284.33278921127805,3.1678216087097875,1175.6900075101348,7.407315803005219,222.32897474235088,2.3432809498428417,91.89879043999804,1.0239217136029553,0.0
15.307970365478162,0.9024540474820543,1.7262055295733907,2.3444460186646783,Si1,Si1,combo_002,35.888710177182155,1.5578211669494093,hybrid,0.24642456,0.75357544,0.4928491,0.18469542,0.5582200945542791,283.36578,0.5225723,0.6093977264730377,0.9761637051900228,0.19276351344962303,0.9999998219999998,0.5290555655977595,0.5872937126875469,0.384382062448183,283.9681022503173,3.302598500456605,1271.8821410285007,8.516150511758449,258.09154431775823,2.7925462919627253,102.26727001214714,1.0921770684244825,0.0
9.711825785230294,1.0888458607985263,1.1288160295325662,0.6683579390794402,Si1,Si1,combo_002,6.490975866515085,1.2291066613595618,hybrid,0.2655187,0.73448133,0.5310374,0.14865994,0.44930711927770023,282.06915,1.4372903,0.5934084502165936,0.8965422312418619,0.14238483909184546,0.9999998219999998,0.5290173739720946,0.5727117699056719,0.35783382200355984,285.623562145388,3.307252651592766,848.3830956012087,8.612423065035383,170.19573935851574,2.946760430879825,74.94138644000188,1.0206211650596029,0.0
13.446359602790412,0.8350536247465452,2.9497173593977157,1.9401576333509274,Si1,PU,combo_001,26.088057224135362,2.4631721729428704,hybrid,0.26061624,0.73938376,0.5212325,0.1441665,0.43572621215507173,282.71637,0.3965724,0.6013895406620526,0.9292250474294027,0.20401377019517522,0.9999998089999999,0.529004001145194,0.5800378455047235,0.3405618972476492,281.37453015228044,3.14281962654579,1163.1031265944791,7.199792789295563,222.75455666201387,2.2683514236617213,92.82493888091858,0.9136039538624269,0.0
13.442081132585495,0.9671780481803374,1.9076221223927967,2.152932030250333,Si1,PU,combo_001,28.939887023566985,1.8450102410014977,hybrid,0.2955987,0.7044013,0.5911974,0.10087168,0.30487274210382054,283.33228,0.1860379,0.6089845221487679,0.6960087617238363,0.03133741799745798,0.9999998089999999,0.528988851538648,0.5814675733126569,0.2644591429710663,283.29054047881465,3.078316296836887,1190.6066685411745,7.036296579677237,221.69300856857134,2.2430825880568146,92.46450365432042,0.9701207032207244,0.0
11.628364100611122,0.5867121989767762,2.8171771536472052,1.3244734103988272,Si1,Si1,combo_002,15.401459057695703,1.652872202723487,hybrid,0.69713455,0.30286545,0.6057309,0.07195397,0.21747236507207765,284.7437,0.57560396,0.6263895312539397,0.0,0.0655495957323129,0.9999998219999998,0.5288882911665943,0.5992048101810029,0.24714724011484507,284.7155744152345,3.1083148862251995,1046.0163195376945,6.873469466429203,200.68723266291684,2.1440259761228697,85.57782101318658,0.93127374944084,0.0
13.566519314626765,1.0157225782789205,1.2295387951320769,1.8509350967275258,Si1,PU,combo_001,25.11074673987454,1.2488703150855105,hybrid,0.71106946,0.28893054,0.5778611,0.118715145,0.35880249951742854,283.2063,0.2954639,0.6074310545252836,0.0,0.027058700743360333,0.9999998089999999,0.5285977017488112,0.5801061580455238,0.28498100922549313,286.2876698085262,3.103746248762591,1157.1448247502935,6.693533341593311,210.9984144719389,2.054472944065975,88.34206660915316,0.9174070187475649,0.0
11.48562984216057,0.8367372371106279,2.796985604278369,1.0166998380376158,Si1,PU,combo_001,11.677438000284658,2.340342006762082,hybrid,0.7072862,0.29271382,0.58542764,0.10802516,0.32649329403584926,284.34268,0.85021883,0.6214442507209437,0.0,0.028495603078725784,0.9999998089999999,0.5284366138058305,0.5940357550487411,0.2854890660439845,283.9487812584073,3.1190276435460973,1030.096668814227,7.087936072622581,195.47360126694215,2.2547725184082617,84.8582943368394,0.9393718669522184,0.0
9.52157045194732,0.701665931290991,2.9124574079089007,2.000962706333027,Si1,Si1,combo_002,19.05230738006909,2.0435721394657445,hybrid,0.75010383,0.24989617,0.49979234,0.18929127,0.572110495935726,287.93298,2.5554066,0.6657177016657252,0.0,0.13907275527271795,0.9999998219999998,0.5284247818691258,0.6411410437593659,0.4236996500034457,286.19867312748175,3.174332932849563,913.1550230261769,7.01378706894932,186.5677108204192,2.125773889057936,77.98791516191342,0.9339335721997897,0.0
9.053808241093364,0.8852470731543305,2.32367320433727,1.4946465838342564,Si1,Si1,combo_002,13.532243558240634,2.0570249031067127,hybrid,0.2883939,0.7116061,0.5767878,0.10696144,0.32327830532617463,290.53073,2.4024084,0.6977515738832287,0.7440405686696371,0.07210732837590418,0.9999998219999998,0.5283741701366489,0.6683290075621214,0.3233641512337435,287.0313407805548,3.114453903415058,860.6276835352575,7.224484520413326,181.56920520428918,2.2625948164027503,76.19372097656063,0.9608120577558817,0.0
13.380578290079551,1.0793255283795484,1.1739735472991335,0.6322317281761827,Si1,PU,combo_001,8.459626136333705,1.2670996192422501,hybrid,0.28763795,0.71236205,0.5752759,0.108840644,0.32895798885658534,282.03754,0.6396455,0.5930185780126377,0.7490803400675456,0.06884984651938396,0.9999998089999999,0.5279112089707316,0.5687173293161165,0.2880014473983079,283.4467165728182,3.183539225630142,1116.7444771618445,7.6830554755011145,194.98396335064453,2.3488983413912976,86.63034308816819,1.0117327539577372,0.0
8.02923764879373,1.1053882818293546,1.2192059686234928,1.1940212620580182,Si1,Si1,combo_002,9.587080470776444,1.3476959908528168,hybrid,0.22130707,0.77869296,0.44261414,0.28235036,0.8533706095568693,282.3802,1.0764169,0.5972439497365917,0.8087135950724285,0.06895143348927635,0.9999998219999998,0.5276523104493006,0.5733905933634513,0.4806946368812303,282.32847475471857,3.362257652043975,770.4192860331034,8.05249835443075,159.06296766984235,2.399382511125566,70.58217075471586,1.0405937455430694,0.0
12.312772685577384,0.9252375544832727,2.0346584641910495,1.3779779565056023,Si1,PU,combo_001,16.966729344189922,1.882542421616818,hybrid,0.6852389,0.3147611,0.6295222,0.04416411,0.13348080473551438,283.65054,0.6961213,0.6129092105802887,0.0,0.04204870368697278,0.9999998089999999,0.5274490266360827,0.5863139048224396,0.21674525287006405,283.76844443065045,3.0915020174989434,1104.4448573850561,7.306492334260101,204.05533978760394,2.281725211702192,88.03000588619611,0.9665119901838324,0.0
8.820092057911117,1.1508255881925606,1.1897363659512006,2.423771883946485,Si1,PU,combo_001,21.377891143784655,1.36917905313987,hybrid,0.75649583,0.24350417,0.48700833,0.22529191,0.6809181747080679,283.90048,0.8774487,0.6159913084088585,0.0,0.06200704591347538,0.9999998089999999,0.5273135775388398,0.5900731985093685,0.4151339069026788,283.6656056078683,3.159220421647898,808.6267272193663,7.525475015926856,157.65851136004216,2.13152395343491,71.21266901123879,0.9315399132216318,0.0
13.949919239821924,0.8070334601987629,2.660883960219785,1.331400124047697,Si1,PU,combo_001,18.572924206354262,2.1474223896035607,hybrid,0.7030641,0.29693592,0.59387183,0.09066392,0.2740209789548408,283.12634,0.5084386,0.6064450842797582,0.0,0.04014022058778475,0.9999998089999999,0.5270747692027811,0.5799732494246802,0.2617233197851679,283.91690613359094,3.07651686725423,1214.4123247147509,7.114151459645911,217.7679173172815,2.2337574393146826,94.30920995632486,0.9573231204471319,0.0
13.842772996461761,0.8276308884206736,2.6877055289814313,2.3154297370125105,Si1,PU,combo_001,32.05196823872134,2.2244281147640583,hybrid,0.7226187,0.2773813,0.5547626,0.13950604,0.42164053034489424,283.8243,0.4977437,0.6150520024039611,0.0,0.048409065143875184,0.9999998089999999,0.5270019686440095,0.5881205097839529,0.3144068435188727,283.73150246051597,3.138050598472321,1204.187188145434,7.055299413474945,228.95054775842678,2.1589308690258777,94.04732743727456,0.9511401742541747,0.0
11.78222023486709,0.9877077637173632,1.810479458889894,1.0262622109491222,Si1,PU,combo_001,12.091647388124185,1.7882246175963592,hybrid,0.7235793,0.2764207,0.5528414,0.118078664,0.3568788116501349,283.91263,0.7749561,0.6161410855682933,0.0,0.13318714163573214,0.9999998089999999,0.5269538177150049,0.5921626874506476,0.3102538734916091,284.29274734553115,3.096770673691981,1055.5311430008267,7.5408117347059225,197.49605480259132,2.264373315934193,86.4709928228972,0.9604614911720148,0.0
9.442781620075777,0.9186136546889963,1.9268434276134694,1.862102712010914,Si1,Si1,combo_002,17.583429263669917,1.7700246830534816,hybrid,0.28976998,0.71023,0.57953995,0.105092764,0.3176304629542308,286.93353,1.4508313,0.6533930735966577,0.7348666191101074,0.05396984715034627,0.9999998219999998,0.526851983330513,0.6252694446782774,0.29876790541302134,286.4602214667935,3.064886830751019,879.2206039347618,7.26420694992966,184.81392322954775,2.187253488125574,78.39473443717907,0.9643128739998575,0.0
11.477550758440792,0.9635391567778673,2.3895665378874624,0.7385811036533516,Si1,PU,combo_001,8.477102106406562,2.3024409269806934,hybrid,0.259606,0.740394,0.519212,0.15369244,0.4645172398480524,283.23224,0.39388573,0.6077509303682975,0.9359599749247233,0.1621699889978325,0.9999998089999999,0.526785407116005,0.584630194962136,0.3443060073357778,282.3173361524083,3.1142472170925646,1013.5989324649797,8.412477297793929,194.9113301973288,2.649297669243667,84.74940730908425,1.0834305114757175,0.0
14.426542370343377,1.0396860382276802,1.409242609255015,2.4331496547780693,Si1,PU,combo_001,35.10193658804218,1.4651698653179854,hybrid,0.74078774,0.25921226,0.5184245,0.16887705,0.5104109328937002,283.67523,0.43220422,0.6132136571179337,0.0,0.11164275871528927,0.9999998089999999,0.5267586572969261,0.588208769176865,0.3535910113506736,285.6353399562172,3.2046254612942136,1242.3977860756806,8.914493186699227,233.10557649609964,2.615935942000404,98.19421310833948,1.1263846548293859,0.0
10.74110748722845,0.9934135941438282,2.4563372202685523,1.038316707180506,Si1,PU,combo_001,11.152671357610924,2.4401587864162426,hybrid,0.281282,0.718718,0.562564,0.098883115,0.2988625320359435,283.96188,0.30730832,0.6167484733454986,0.7914532820383708,0.15417279221041838,0.9999998089999999,0.5267120048221466,0.5925128361964945,0.2833168187379117,283.04280133550844,3.0606026399453907,956.8646415390461,7.7967046389747185,192.08078443336174,2.3383592726015014,82.14791381100734,1.067755934747756,0.0
9.084480319164603,1.0658952239030746,2.1436932215237796,1.6882943924764755,Si1,PU,combo_001,15.337277181408503,2.284952366335592,hybrid,0.26916894,0.730831,0.5383379,0.12330914,0.37268731631096896,283.5736,0.824091,0.6119604964623614,0.8722068468729656,0.17926693453199,0.9999998089999999,0.5265706767354994,0.5897870092640668,0.32372630243720707,284.3856498358513,3.062833710423596,847.3296351073541,6.994690993825767,174.6109385696011,2.1744249645037086,76.42990416394058,0.9396004459058449,0.0
10.221941148234349,1.2021560662875581,1.1372131803418042,2.394554261255835,Si1,PU,combo_001,24.476992734810924,1.3671077234100668,hybrid,0.74088734,0.25911266,0.5182253,0.15274894,0.46166563216679396,283.81915,0.5004899,0.6149884035598795,0.0,0.1679576433930644,0.9999998089999999,0.5265084861481706,0.5916533785071143,0.3464053428700587,282.69875666075734,3.221944125547106,872.6153649332587,8.254093560633999,175.6979762361485,2.477089970539456,75.83403911578833,0.9794067066715588,0.0
14.392679649444815,0.5999423622294634,2.8521211219514937,1.6516198242902729,Si1,Si1,combo_002,23.77123503368223,1.7111082832681266,hybrid,0.29224995,0.7077501,0.5844999,0.06914772,0.20899081722607574,283.08286,0.33561286,0.6059088218370583,0.7183338801066081,0.15382727044393477,0.9999998219999998,0.5262390329156638,0.5825807248264212,0.2524017820308266,283.65423436454444,3.1836704757090386,1216.1510390245608,7.2378790831573765,234.30717257691907,2.3407110219520604,96.31496561796061,0.9339313005782347,0.0
13.539632482742316,0.9572274801278321,1.5474699702077532,2.2194702426254405,Si1,PU,combo_001,30.050811391531383,1.481280780155459,hybrid,0.7303303,0.2696697,0.5393394,0.13307999,0.40221854960505704,283.3272,0.2839002,0.6089220522782498,0.0,0.13640513727390588,0.9999998089999999,0.5261313800153489,0.5847375421797558,0.31633677846759123,286.1251359237811,3.1054028935485487,1209.0738442519312,8.371671242819602,221.8852012689151,2.3283636167907393,94.5178579505419,1.0382822224104573,0.0
8.323144031036085,1.0060072993360107,1.6113675952920055,2.110812706537874,Si1,Si1,combo_002,17.56859817905583,1.6210475627772722,hybrid,0.2494133,0.7505867,0.49882662,0.18074954,0.5462941170059439,284.55063,1.8925207,0.6240085260083521,0.9960887432098389,0.15574916939370947,0.9999998219999998,0.5261039790544502,0.6020807299085295,0.40330345834987064,284.01946580878905,3.3130378805535803,814.7651147077192,9.77576286973017,168.82766519742023,2.686566831799157,73.87475878856762,1.0960712835465718,0.0
13.215781746017216,0.9700722163516675,1.4890548121972833,1.7589681183680805,Si1,PU,combo_001,23.24613875055513,1.4444907019373348,hybrid,0.7138728,0.2861272,0.5722544,0.08441718,0.2551409509454302,283.16498,0.27510512,0.6069215111235884,0.0,0.15455225260671393,0.9999998089999999,0.5259679147644776,0.5834256933656461,0.2673977680989133,285.71726275082693,3.0867116344541756,1179.7728704645506,7.965563456397344,215.91186876435572,2.2998585385310624,93.66357555169623,1.022590573807243,0.0
10.803004055554974,0.9671352602394747,2.1068067278715437,2.3904693773043046,Si1,PU,combo_001,25.824250377698377,2.0375670730343214,hybrid,0.2829823,0.7170177,0.5659646,0.13005304,0.39306995876322276,283.7868,0.3015458,0.6145894995674149,0.7801180680592855,0.020611158641171246,0.9999998089999999,0.5258373200203825,0.5865094025079731,0.29613467032499213,283.8846897087279,3.0776212235138742,985.6216384696156,6.679018044748172,195.67979244343,2.058762401126514,82.6496406393515,0.9058346756121031,0.0
12.56131412314284,0.5209809994854653,2.7047287434755845,2.2404978667035857,Si1,Si1,combo_002,28.143597495895154,1.4091122841129766,hybrid,0.71626616,0.28373384,0.5674677,0.11541255,0.3488207917450423,283.6083,0.4552714,0.6123883774429577,0.0,0.06499940197894367,0.9999998219999998,0.5257538153455762,0.5860915573181799,0.29052032903932856,285.72531547342925,3.126781451165151,1122.4218834251449,6.910506347679953,214.7653659007137,2.1108727564741,88.34894919338264,0.9361320338399051,0.0
12.039773828528638,0.9611247519523229,2.0694084912842947,1.7377606197596644,Si1,PU,combo_001,20.922244830030113,1.9889597228736486,hybrid,0.2978352,0.70216477,0.5956704,0.052834503,0.15968604437603626,283.52728,0.5577335,0.6113892358391905,0.681098461151123,0.15463910577186218,0.9999998089999999,0.5255932786692277,0.588045192166914,0.23991175423392433,282.5145750227421,3.060065435765673,1074.9600707127047,6.862930149389956,205.90495619457343,2.134349536981063,87.33048862014742,0.92751356264494,0.0
10.015314594758749,1.0741259165257018,2.137941291784544,1.1226724764696343,Si1,PU,combo_001,11.243918038720278,2.2964181495162164,hybrid,0.2808294,0.7191706,0.5616588,0.13756743,0.4157813068169894,283.41583,1.0009074,0.610014898687794,0.7944704691569011,0.00955282993554115,0.9999998089999999,0.5252721584767439,0.5832225640230354,0.31704957500192854,283.8526232560669,3.0710717524673674,900.8520813574794,6.625382134656117,185.17025350390324,2.0503876118616478,80.00651768415351,0.9006900926107003,0.0
8.07288710731198,1.0352883189400848,1.4599489092077857,2.0915561335063377,Si1,Si1,combo_002,16.884896544402608,1.511468051952139,hybrid,0.24821515,0.75178486,0.49643028,0.17758453,0.5367282583660955,284.03122,1.9546096,0.617603482657649,0.9881009260813395,0.17160774074003243,0.9999998219999998,0.5252652355951345,0.5967751361765494,0.40363256531443803,283.15583645852814,3.428068735198654,799.9095737354,9.783559739525696,164.18851136103203,2.8141994870884277,72.9912953810037,1.1235536191347864,0.0
15.341943905476139,0.7656881322210254,2.2789867698851394,2.279986053849222,Si1,Si1,combo_002,34.97941814342266,1.7449931231897802,hybrid,0.23755474,0.7624453,0.47510946,0.22168453,0.6700153026716038,283.20966,0.61012703,0.6074724502226148,0.9170315265655518,0.11402788410805305,0.9999998219999998,0.525230965554258,0.5833173238491974,0.4135309397980231,283.6618550521848,3.2430544689195764,1274.258355640755,10.651287437305474,259.6458116263601,3.146737315997631,102.08658239965338,1.2784711365915509,0.0
12.45891496835105,0.8776622122854079,1.9551407977999906,1.9669245725973683,Si1,PU,combo_001,24.505745999150843,1.715953197926597,hybrid,0.6910662,0.3089338,0.6178676,0.038963836,0.11776359007215198,283.43646,0.39414936,0.6102692940641204,0.0,0.09578073882775134,0.9999998089999999,0.5250077851368915,0.584955884593183,0.21298935530861063,285.5517831786001,3.0897925399855803,1135.0344938719013,7.083688515312937,208.26627961990008,2.189014261093927,88.27794611838978,0.941488273916979,0.0
10.197066358705175,0.9585800954927253,1.6216419970141753,1.061571460577805,Si1,Si1,combo_002,10.824914628019453,1.554473740352862,hybrid,0.28341097,0.71658903,0.56682193,0.08484977,0.2564483975520409,286.6441,0.96266997,0.6498240118376641,0.7772602240244548,0.17065615912851007,0.9999998219999998,0.524984951410651,0.6246115109868188,0.28464895660613765,286.836328546028,3.0868000182074486,919.9025075201133,7.09646833981702,189.49942592162085,2.233449523244784,81.49580381778411,0.9830205273714587,0.0
9.749229513744204,1.06023113833024,1.174773426339081,1.1615167865779998,Si1,Si1,combo_002,11.323893736415563,1.2455313670876003,hybrid,0.75123686,0.24876314,0.4975263,0.16943938,0.5121104941342461,285.24393,1.3359334,0.6325578664808126,0.0,0.19174242213769835,0.9999998219999998,0.5247918772570471,0.6100282870977738,0.3850991192660865,286.14239977910904,3.2080855873625573,867.0579739594098,7.897259534966212,174.3907295625738,2.6306159479052376,75.53014697610195,0.9605017988724489,0.0
15.034283903411382,0.870461419093708,1.6484500481836208,2.4966216037211155,Si1,Si1,combo_002,37.53491798973348,1.4349121682470058,hybrid,0.7271786,0.27282143,0.54564285,0.11310983,0.3418610891405616,284.21063,0.5566446,0.619815894517742,0.0,0.16110234880004368,0.9999998219999998,0.5239771899382815,0.595989664020474,0.30461973868762143,285.62968473857654,3.336747644165312,1267.407502739281,8.29247012602451,253.37101405694307,2.777171944210231,101.46876417681169,1.0725278502221716,0.0
11.155075414402349,0.6577857466623267,2.690212305916477,1.110697583656908,Si1,Si1,combo_002,12.38991530828727,1.7695833103274494,hybrid,0.7079996,0.2920004,0.5840008,0.06457696,0.19517623563285946,286.88998,0.68208474,0.6528560585049153,0.0,0.151453662159303,0.9999998219999998,0.5235672602801198,0.6263219946708856,0.25445587474721465,285.0792614258868,3.1218810153412595,1005.9625659259109,7.495668194854234,196.82558902026705,2.3429816442814935,83.73894043063117,0.9574677882305772,0.0
14.727284602464154,0.8724328252167753,1.782988916696905,2.0123672442493,Si1,Si1,combo_002,29.63670513073594,1.5555380579240785,hybrid,0.24838081,0.7516192,0.49676162,0.19356212,0.585018640363618,283.3497,0.41287118,0.609199403450369,0.9892052014668783,0.09960203560765757,0.9999998219999998,0.5235252078529797,0.5841197816053993,0.377493320201433,283.6837851805526,3.1514945339521,1231.7712242037005,7.5440249202682015,243.99507855485143,2.3494724646435805,99.51096670237442,0.9726620191241943,0.0
13.068836918317206,1.037275799688108,1.5629857588602862,0.8789886640971587,Si1,PU,combo_001,11.48735950413527,1.6212473029229275,hybrid,0.28208852,0.7179115,0.56417704,0.117363885,0.3547184768703033,282.43442,0.43500033,0.5979126784107515,0.786076545715332,0.05581639073364753,0.9999998089999999,0.5235096795468632,0.5724620895142678,0.29078316739893595,282.536222369528,3.1066830666681544,1152.715595636131,7.72246655742252,208.90443489688653,2.3845934317061688,93.1880687895101,1.0360415001145176,0.0
13.557416811446574,0.9977187642767611,1.3000548247392592,1.998584529247723,Si1,PU,combo_001,27.095643495920115,1.297089093230895,hybrid,0.7305767,0.2694233,0.5388466,0.12922908,0.3905796378899157,283.25214,0.302898,0.6079962939561153,0.0,0.12929981744365393,0.9999998089999999,0.523186389929748,0.5837067367930165,0.3115946331456264,286.441239356869,3.1055391545120647,1174.5223179528048,7.160164973545123,215.29182525492547,2.137461491763166,91.27464258488834,0.9767721012227898,0.0
13.963878880560031,0.9293032762482375,1.9892282880262606,1.8763468463051527,Si1,PU,combo_001,26.201080099725942,1.8485963652684767,hybrid,0.6958871,0.3041129,0.6082258,0.050760146,0.1534165450442502,283.51874,0.40762845,0.6112838649732565,0.0,0.08392806588435228,0.9999998089999999,0.5231076549297586,0.5855578697132062,0.2239718561130679,284.5794824608201,3.051563895002659,1233.690387421833,7.105405312693517,224.8532179563974,2.214458973749848,94.50675602151688,0.9897244472789705,0.0
8.865768901360116,1.0734827253582515,1.6266378765760139,2.4249291651147336,Si1,PU,combo_001,21.498861580075356,1.7461676609177785,hybrid,0.72090614,0.27909386,0.5581877,0.11744124,0.3549522639333892,284.2897,0.54293126,0.6207909513521528,0.0,0.08029735177577103,0.9999998089999999,0.5231024276373658,0.5944379861462622,0.29679413179815056,285.0501267887919,3.1105276590240414,837.7363662908513,7.525457636471064,167.12165426163742,2.2134198831100416,75.17077630635775,1.0178134606239648,0.0
13.851600424144955,0.8336059123215479,2.564049654717227,1.5920349622499586,Si1,PU,combo_001,22.052232158355125,2.1374069516583036,hybrid,0.7183119,0.2816881,0.5633762,0.10881695,0.32888638002778425,283.4478,0.51235086,0.6104092867860041,0.0,0.08526784459578071,0.9999998089999999,0.5229134458575728,0.5849811568506046,0.287777165094509,283.9512312197178,3.0696222646271276,1207.5301645269967,6.9945466590833005,220.25071943086834,2.1749489531435704,94.2958011955139,0.9537684212380307,0.0
12.100150381381644,0.8727818909751383,2.684787290240405,0.9666587879573881,Si1,PU,combo_001,11.696716701768507,2.343233728042038,hybrid,0.29656395,0.703436,0.5931279,0.058290266,0.17617544090997078,283.35294,0.5547554,0.6092392938496155,0.6895734469095867,0.12499321922165625,0.9999998089999999,0.5227740419274447,0.5851725309819794,0.2411738838613794,281.9364859229926,3.133762605134542,1065.9023826612847,7.608708583622126,200.10747643130273,2.4734047181940784,87.14774726195503,0.9681408470435005,0.0
11.861438657234563,0.7211604449647924,1.9665799392390109,0.6499081519984251,Si1,Si1,combo_002,7.708845677765996,1.4182196640404394,hybrid,0.73459697,0.26540303,0.53080606,0.13225904,0.3997373262055977,284.9424,0.6710174,0.6288397802114266,0.0,0.1518951639810423,0.9999998219999998,0.5226568443098654,0.6042204264785909,0.3258870475233322,286.4641417950537,3.156370073313949,1058.9780376515196,7.1920613233699155,196.05110174308805,2.2652037229621658,86.8042658615574,0.9900827941263755,0.0
14.967506555677353,0.5560007579104278,2.8878160194154274,1.328492406647673,Si1,Si1,combo_002,19.88421880566663,1.6056278955008523,hybrid,0.7264214,0.27357858,0.54715717,0.13610452,0.4113598444530135,283.30777,0.65248865,0.60868233355825,0.0,0.06094818487815375,0.9999998219999998,0.5225333907501778,0.5829139550131819,0.31592541837816346,283.78533319797964,3.188751691925939,1264.7426001111523,7.344798056892722,236.89829055233042,2.414166110248808,98.13297885815427,0.9263902369046718,0.0
11.464125266281222,0.8850358380139143,2.3845365281408464,1.6234533778074511,Si1,PU,combo_001,18.611472887151994,2.1104002844579237,hybrid,0.7000755,0.2999245,0.599849,0.061854593,0.18694820105561322,284.53763,0.7410363,0.623848211762324,0.0,0.07841350036328926,0.9999998089999999,0.5224500962267646,0.597549236033231,0.24185280035222262,284.2254470675008,3.0509704229797125,1037.8764724258842,7.27576395038848,199.3590546535884,2.258633581986903,84.5129867836925,0.9658625381511614,0.0
14.205744938215311,0.7443632218110176,2.016537677597496,2.051751968675168,Si1,Si1,combo_002,29.146665143480565,1.501036482599779,hybrid,0.7435852,0.25641477,0.51282954,0.15819779,0.4781341315330784,283.98828,0.574096,0.6170739940563306,0.0,0.1414583814988233,0.9999998219999998,0.5223896218375607,0.59290907668615,0.3497336430372817,285.4068419844996,3.1628972640557538,1210.241563246073,8.9467586608024,235.29240242488274,2.5169700431422353,96.78011001720223,1.062584876544874,0.0
11.659208936581365,0.8979281666191596,2.25120236703155,1.5714570843702749,Si1,PU,combo_001,18.321946481544003,2.0214180141173523,hybrid,0.6988636,0.30113637,0.60227275,0.059107333,0.17864493217112654,284.29852,0.69763184,0.6208997091387776,0.0,0.0761708164923143,0.9999998089999999,0.5223607980808829,0.594691534427245,0.237702602439742,284.2293907385819,3.0532843397442666,1053.848540785769,6.931084264249845,200.54940593854172,2.131016152808151,85.4948267002822,0.9541687625804989,0.0
15.979594504474987,0.6122817393690996,2.2902504557963645,0.5997738912207813,Si1,Si1,combo_002,9.584143576079175,1.402278532665871,hybrid,0.25096473,0.74903524,0.50192946,0.19333796,0.5843411487839605,282.127,0.46162993,0.5941219615087753,0.9935682614644369,0.06488860580423526,0.9999998219999998,0.5220724764284452,0.5692945278865033,0.37306880089522254,282.16138884793867,3.2507397123359336,1347.7163662238231,9.794727209971894,234.32003968965347,2.7927722640516484,103.0804512035416,1.2615635326722197,0.0
11.546644651410162,0.705602954412824,2.237367737791928,0.5577868204850983,Si1,Si1,combo_002,6.440566207381341,1.5786932858939207,hybrid,0.73517483,0.26482517,0.52965033,0.124982,0.37774332747582123,286.29874,0.9239316,0.6455651472313241,0.0,0.17750236956151255,0.9999998219999998,0.5219350044251352,0.6208293067416538,0.32731903724065137,286.12862201896735,3.1753092327638535,1028.9987338566777,8.214794005077227,194.88003119092318,2.691556969003491,85.36026221409296,1.0459476956758877,0.0
14.340544442678555,1.0393668928811128,1.4800741408262275,1.584992350894948,Si1,PU,combo_001,22.729653249314563,1.5383400609842386,hybrid,0.7074789,0.29252112,0.58504224,0.067088,0.20276555548679906,283.31293,0.41450036,0.6087459324023315,0.0,0.12418350573219036,0.9999998089999999,0.5218483615433389,0.5844429522355802,0.24742602748735104,284.15235490473736,3.0890846164678014,1251.298808164245,7.8675394033344,227.86482850246287,2.403614887058195,98.9042829133057,1.0343904138237108,0.0
13.632963584892021,0.9864654863225618,1.6521479623381912,0.63483907697136,Si1,PU,combo_001,8.654738018617014,1.6297869431447733,hybrid,0.2683948,0.7316052,0.5367896,0.12105303,0.36586848944012973,282.0827,0.3693118,0.5935755383040032,0.8773678143819174,0.15714928873028505,0.9999998089999999,0.5218066034755078,0.5713941666612495,0.3085119627262648,283.1091850822598,3.139918184762024,1209.6435757810755,8.257663016076094,208.67489130544647,2.528661889439862,94.66376556377334,1.062936981422294,0.0
12.179875772048547,0.532988979708293,2.664524535608865,2.124569723287702,Si1,Si1,combo_002,25.876995298699764,1.420162213641882,hybrid,0.7114626,0.28853738,0.57707477,0.10659949,0.3221843566144895,283.65176,0.4852616,0.6129242635611364,0.0,0.019818200592721952,0.9999998219999998,0.5217139515424996,0.5852828912938313,0.27504753573502805,285.6681968410018,3.0776082163480742,1097.4609230564254,6.967302557845613,209.8144683567511,2.1243809112497734,87.06521660442185,0.9518970748693774,0.0
15.54450610473977,0.8025843791526672,2.9901173437973965,1.963467941810827,Si1,PU,combo_001,30.521139407939234,2.399821471965256,hybrid,0.26073894,0.73926103,0.5214779,0.16101469,0.48664788083354116,281.8332,0.47156057,0.59049870901873,0.9284068743387858,0.08345201473624421,0.9999998089999999,0.521416629203328,0.5665358374030505,0.3418683308290438,281.00356268606873,3.181116904919278,1315.2372386128432,7.899499940917136,250.0864806117333,2.378878712986018,100.88347937074475,0.9862195638770718,0.0
9.83063230269825,0.922435078060125,1.9219384393096843,0.8737048669029654,Si1,Si1,combo_002,8.589071287600968,1.7728634342913836,hybrid,0.2572848,0.74271524,0.5145696,0.17723082,0.5356592151149934,289.6009,1.6332588,0.6862853420470022,0.9514349301656088,0.05782586392689814,0.9999998219999998,0.5213905710641761,0.6559729974473126,0.37947119958569225,288.1741409510041,3.0937556122091343,893.245435011621,7.09955417272659,186.9258324346525,2.1938873252562168,79.85880407459149,0.9965860563442973,0.0
13.225539448503785,0.9134804730276431,1.954641132292961,1.7454955996506902,Si1,PU,combo_001,23.085120910369973,1.7855265061262622,hybrid,0.7009862,0.2990138,0.5980276,0.03012896,0.09106122077470304,283.3984,0.34442627,0.6098000173861928,0.0,0.19096083557330906,0.9999998089999999,0.5213331027725995,0.5872904286894068,0.2168807575044275,284.55562762654546,3.0874296196895155,1183.7070882098656,7.216699841097866,214.66545046654798,2.326782484335245,91.33874799800715,0.9553699725796884,0.0
13.282600626939676,1.1410881435392448,1.2075485951280431,1.1816099421097577,Si1,PU,combo_001,15.694852957865221,1.377919384648082,hybrid,0.28921047,0.71078956,0.57842094,0.07815355,0.2362098734973743,282.3614,0.7104508,0.5970121338315368,0.7385970751444499,0.10995622296414144,0.9999998089999999,0.5211113424862799,0.573751504254464,0.26318620689150385,281.7818419308031,3.1152024423764053,1099.0248897271217,6.689031972271866,204.68862913060715,2.0913470804211025,87.27674963834143,0.9052839401526471,0.0
15.940959243839007,0.6193100484664908,2.700477808193508,1.142901967633542,Si1,Si1,combo_002,18.2189536857497,1.6724330422750044,hybrid,0.2859776,0.7140224,0.5719552,0.098411575,0.29743735871330373,282.29962,0.39492217,0.5962504530006424,0.7601493199666342,0.06759631939399306,0.9999998219999998,0.521047486830915,0.5712144036749962,0.27166367383891876,280.89270375864623,3.1606494238487834,1326.4616847060208,7.132947210841022,246.53796096097756,2.1790302177271283,102.3435683130899,0.9796663467828932,0.0
13.471352820977607,0.5343009901068904,2.839293328408547,2.3570992700465583,Si1,Si1,combo_002,31.75331590086596,1.5170372365725748,hybrid,0.7060343,0.2939657,0.5879314,0.0746608,0.22565344857760997,283.68668,0.39304352,0.6133547788133811,0.0,0.07701924716106173,0.9999998219999998,0.5209871319542863,0.5872297039426658,0.24791345913742963,285.33792394973,3.2535596858714264,1172.7991090738255,7.052889456034197,228.41583231518433,2.195534949392779,92.29279793098524,0.9527087212968525,0.0
14.732787621959297,0.9998536055697635,1.394687406831164,1.9123239160441066,Si1,Si1,combo_002,28.17386211947134,1.394483232362883,hybrid,0.248261,0.751739,0.496522,0.17187747,0.5194793578768766,283.28876,0.35819298,0.6084478833815468,0.9884064992268881,0.1578127258168978,0.9999998219999998,0.520973604171344,0.5850766979818754,0.3621427730868062,282.71620081562276,3.137235078369115,1227.10311278065,7.454148550346187,241.69325819912393,2.388958902878558,101.26641945781978,1.0236566602062203,0.0
12.472022364727785,0.7784817538575662,2.3982537649532354,2.180163886574773,Si1,PU,combo_001,27.191052752132418,1.8669967971363062,hybrid,0.70405823,0.29594177,0.59188354,0.063782685,0.19277562846205043,283.61163,0.493039,0.6124293968157677,0.0,0.09688286344379908,0.9999998089999999,0.5209396206035024,0.5871534938595777,0.24147681572878948,285.9488256667269,3.0995991435274446,1137.8389970924698,7.126088780812449,209.81497687988036,2.224910469725297,88.35056513882652,0.9341540387014823,0.0
14.506271228527876,1.101511567683533,1.2325806726673425,0.955331833790894,Si1,PU,combo_001,13.85830269421762,1.3577018690462281,hybrid,0.26338893,0.73661107,0.52677786,0.12949067,0.39137026241167905,281.7957,0.7516655,0.590036206182184,0.9107404549916586,0.16415660573910865,0.9999998089999999,0.5205683247340454,0.5690335359256725,0.32648425939033654,282.57773476034936,3.2017004577655483,1213.3084040963713,7.332269710251565,214.58040814326938,2.431943997039373,92.8870225607932,0.9422746159786213,0.0
14.199057007789818,0.759568241476219,2.9371029846070336,1.6009107589993907,Si1,PU,combo_001,22.731423131416417,2.230930149052519,hybrid,0.71749943,0.28250057,0.56500113,0.11551087,0.349117968384567,283.2033,0.43210614,0.6073941747222067,0.0,0.034942506622683,0.9999998089999999,0.5204985206600996,0.5805536620112445,0.2856313849728949,283.98656120673786,3.1303404908834467,1233.1835236381658,7.084784539040059,225.63148913838336,2.1888775342952145,95.34484198916388,0.9055723225781396,0.0
8.738902366007819,0.9307418688565254,2.049012568267513,1.2418512971794833,Si1,Si1,combo_002,10.852417239151666,1.907101787099814,hybrid,0.7519613,0.24803871,0.49607742,0.17828675,0.5388506269555629,293.6382,4.197959,0.7360711945782173,0.0,0.13300092327739182,0.9999998219999998,0.5204512642958466,0.7086282329179611,0.44549611184898075,287.5143349891254,3.175897243416623,836.7717302341948,7.69007175114704,176.5777629796653,2.3438890358697795,75.60404205050529,0.9989174578574285,0.0
11.778286922344307,1.1194497164889785,1.5130044295635288,1.5636253885725981,Si1,PU,combo_001,18.416828465670168,1.693732379721461,hybrid,0.26998833,0.7300117,0.53997666,0.12249752,0.3702342860730376,282.8301,0.63040024,0.6027921021525386,0.8667446772257488,0.1219150080580935,0.9999998089999999,0.5198653941559461,0.5792843550262511,0.3102145932996251,281.7682647264225,3.1053226007132735,1026.6547455125124,7.655515681584244,204.8131854027763,2.3744567138248924,88.08343212018279,0.9959524728392367,0.0
14.16935574788559,0.974018258060698,1.215073001790958,0.8050033177366132,Si1,Si1,combo_002,11.406378387238249,1.1835032886210122,hybrid,0.29483503,0.70516497,0.58967006,0.07329544,0.22152679841069833,282.63016,0.32166854,0.6003264238896827,0.7010997931162517,0.06483556907847825,0.9999998219999998,0.5198492434907641,0.5747501736929109,0.24314902379608289,282.700659884317,3.1961021400065963,1167.6518102510088,7.344883772870104,211.30632007728536,2.410474750606582,92.02002613053095,0.9432757444682606,0.0
12.164085578435143,0.8227092651796495,2.9640668143668076,1.9601884821027291,Si1,PU,combo_001,23.843900446160482,2.438565230791101,hybrid,0.25440845,0.7455915,0.5088169,0.16650961,0.5032556346014941,283.25555,0.29702923,0.6080384423024889,0.9706101417541504,0.10535151641691111,0.9999998089999999,0.5191666966912563,0.5830165449999541,0.34731626236322427,281.3927787399408,3.096771909688576,1079.5118752290207,6.965723229012946,210.33029049064695,2.1385505998620307,87.46236605565697,0.9060478314964493,0.0
9.323261231326104,1.1862130165889515,1.265246911221995,2.2030548013420987,Si1,PU,combo_001,20.53965541983962,1.500852355290496,hybrid,0.26917166,0.73082834,0.5383433,0.12369581,0.3738559814044032,281.87347,0.5435055,0.5909954573867047,0.872188965479533,0.11722086671102427,0.9999998089999999,0.5188383215031593,0.568134866404925,0.3089609681728309,282.63927074858475,3.1037865047829505,832.5898120477061,6.926763082435679,167.72183071968246,2.0938197309484385,74.30707091903751,0.9282591924232968,0.0
13.048498339443892,0.7787186437887385,2.675134563235784,1.899806079872708,Si1,PU,combo_001,24.78961647848444,2.083177159035349,hybrid,0.72496176,0.27503824,0.5500765,0.098283604,0.2970505809637792,283.67358,0.5868286,0.6131933355937893,0.0,0.1522571677385632,0.9999998089999999,0.518765863639717,0.5896856562312107,0.2882404730303957,284.6252754985007,3.1259300238908656,1160.7634058632266,7.118173999554583,214.32230589666264,2.2558970639688303,90.46324879853701,0.9422429645129594,0.0
10.829689675311688,0.6740192271049659,2.8566148165200973,1.1759906474557038,Si1,Si1,combo_002,12.735613773014142,1.9254133107674698,hybrid,0.25876564,0.74123436,0.5175313,0.14031298,0.42407941896506235,285.58517,0.8004488,0.6367659272767916,0.9415624141693115,0.15414804754703454,0.9999998219999998,0.5186968913760382,0.611812062624888,0.3374513131478285,284.6103907190781,3.1392959337554345,981.9351601552895,7.028074275836705,196.04777767514562,2.2101137321753757,83.15153594769123,0.944158831651617,0.0
12.531275775216269,1.0042107592601779,1.3605578717629512,1.877300514573346,Si1,PU,combo_001,23.524970461074005,1.3662868534204848,hybrid,0.7219035,0.2780965,0.556193,0.101814225,0.3077214674171272,283.50302,0.32325262,0.6110900578448422,0.0,0.10696870226548007,0.9999998089999999,0.5182315576605969,0.5859195499964107,0.279670251483051,285.59606029898066,3.1260722396049676,1103.039407728764,7.91764900543872,207.5397312444064,2.3779021853855276,89.49362706563235,0.9636662944891466,0.0
11.855623349420704,0.5561150239939956,2.859753143540785,1.8567040615485761,Si1,Si1,combo_002,22.012384025059553,1.590351688037088,hybrid,0.27599126,0.72400874,0.5519825,0.12076017,0.3649833547754487,283.44843,0.34506458,0.610416813276428,0.826724926630656,0.058583762417864414,0.9999998219999998,0.5181465197667195,0.5838877130813659,0.2929102933034422,284.25961478585805,3.0535426174898244,1067.7370907947227,6.37525187626881,206.87528303019684,1.9665037990154683,86.41090946491471,0.8912827287310432,0.0
14.288774476323024,0.7935028606576522,2.5722086601080636,1.023334004628785,Si1,PU,combo_001,14.622188806093211,2.041054930004135,hybrid,0.7031851,0.29681492,0.59362984,0.058594737,0.1770956706563143,282.5837,0.33255076,0.5997536579684272,0.0,0.08496697094645872,0.9999998089999999,0.5181073788069557,0.5748466762788789,0.23084540084955313,284.178483084245,3.0715629104671,1246.0337252421537,7.383225037186575,215.94958278962247,2.226781046336656,95.69707516630507,0.9599134742259204,0.0
14.506928966499348,1.0183969814440479,1.3595392896731564,1.38103106126617,Si1,Si1,combo_002,20.034519506317537,1.3845507087577276,hybrid,0.25589636,0.74410367,0.5117927,0.15453127,0.46705250764660694,282.7525,0.2488953,0.601835108895145,0.9606911341349283,0.1214082405915365,0.9999998219999998,0.5175540772154856,0.577704904424906,0.3360471272073526,281.3468820645338,3.1323853899708185,1203.5331785034164,7.326954454227653,231.94190792720482,2.3713263689044055,100.05359681878677,0.9535612925649145,0.0
10.066901295899655,0.887242115930371,2.7157488155588076,2.214189347956338,Si1,PU,combo_001,22.29002561630887,2.409526725451795,hybrid,0.7406523,0.25934768,0.51869535,0.15886809,0.48016003087016074,285.684,1.17091,0.6379844660764142,0.0,0.07087950747627272,0.9999998089999999,0.5171848784198934,0.6110990810158246,0.35233613452374096,285.18905798306275,3.072374354494789,939.7810917502401,6.815196932551715,187.64112696362798,2.083381399758383,78.99208386612531,0.9259831987876826,0.0
13.573534533116423,0.6771473652757662,2.2514385433141246,1.1883386820369264,Si1,Si1,combo_002,16.129956137666277,1.5245556776854685,hybrid,0.7281695,0.2718305,0.543661,0.0909414,0.2748596354363,283.49927,0.33775982,0.6110437699287354,0.0,0.1952981631983593,0.9999998219999998,0.5171077497285135,0.5885528520890835,0.2817213984005809,284.59033735452374,3.1366113821742547,1165.1059409498391,8.325513090723632,215.91406590710264,2.558733939211357,93.797926827995,1.031263730857736,0.0
10.230837851227566,1.0228366285026342,1.9108938922150986,2.440986405751553,Si1,PU,combo_001,24.973336114294916,1.9545322661395677,hybrid,0.7010886,0.2989114,0.5978228,0.055348307,0.167283718593336,284.95258,0.39866775,0.6289650962769838,0.0,0.06687520064962785,0.9999998089999999,0.5168236972963818,0.6012969552997333,0.22608005575166962,284.4956200242334,3.094859648110518,937.8510107551332,7.005450546613201,187.73767864088242,2.1738828267786743,80.58960214778241,0.9439776237202548,0.0
15.207817817760212,0.8836952624033152,1.793297576618987,2.1812563470308337,Si1,Si1,combo_002,33.172149139478066,1.5847285725375448,hybrid,0.23249868,0.76750135,0.46499735,0.1989984,0.601449173539538,283.26004,0.51404566,0.6080937620071043,0.8833243052164713,0.1748135720676011,0.9999998219999998,0.5166795199394058,0.5855402839153371,0.39664144462799855,283.7305970131174,3.2326941742617916,1263.1990045051157,8.46761851529727,254.4770169795048,2.652421527334896,101.44174056554284,1.0573531918949908,0.0
15.406560903499102,0.9951504736985585,1.9114985906133555,1.4065088236092174,Si1,PU,combo_001,21.669463852244284,1.9022287279230077,hybrid,0.25457853,0.74542147,0.50915706,0.15832603,0.4785217199485894,281.6962,0.58086157,0.5888093882430951,0.9694764614105225,0.11303530949460402,0.9999998089999999,0.5166387104843837,0.5660650735610478,0.34574731373608825,281.5309665814919,3.127404139830762,1328.8698142973053,8.368112780138954,241.27470814354598,2.594753526398361,100.32867495250983,1.0940367301123886,0.0
9.787837348100462,1.1305602294069848,1.5791521736481096,2.421289215921299,Si1,PU,combo_001,23.69918501814737,1.7853266437081454,hybrid,0.2839345,0.7160655,0.567869,0.09915505,0.29968443475368317,283.03076,0.5273032,0.605266435879382,0.7737701733907064,0.04921509977509916,0.9999998089999999,0.5166096378153524,0.5791949524646774,0.2724612484413056,283.02021058656703,3.1023275372762806,884.6270530735674,7.524824821890922,182.04218720470595,2.2915823594862763,79.21119535499135,0.9827745994467021,0.0
14.998402639638442,0.8161779442307362,2.342109629601323,0.9776597392088242,Si1,PU,combo_001,14.66333441321786,1.9115782226510187,hybrid,0.7248065,0.2751935,0.550387,0.091326326,0.2760230312008224,282.29022,0.503426,0.5961345450481149,0.0,0.15739133487979404,0.9999998089999999,0.516451111884584,0.5739961021663101,0.2799068849515127,283.6676802941079,3.07812340460819,1306.1639799332988,6.798108272531193,224.26274097119753,2.129297757096687,98.67466842788257,0.9465726725598048,0.0
14.553035601468164,0.6109812104151178,2.69700215959442,2.3097972703585032,Si1,Si1,combo_002,33.61456190770128,1.6478176439611854,hybrid,0.7392381,0.26076192,0.52152383,0.1375385,0.41569384496445366,284.04135,0.6272343,0.617728422398685,0.0,0.12738592680218616,0.9999998219999998,0.5164024578008243,0.5931842227696775,0.3268798737774746,285.19885075720543,3.2734334407865138,1233.9836597121557,8.196264204943887,244.76328834398817,2.5545448719121504,97.0391970677636,1.0308738334266028,0.0
14.962843058870654,1.076230469219542,1.6282339172066815,1.8325768549502646,Si1,PU,combo_001,27.420559873939577,1.7523549527145197,hybrid,0.25516164,0.74483836,0.5103233,0.14470209,0.4373449770189704,282.49503,0.4071205,0.5986600589098405,0.9655890464782715,0.1538803682869675,0.9999998089999999,0.5163638315131198,0.5760416267498479,0.3338290306651833,282.4132141253479,3.1485427136744413,1289.078027594974,8.326388390400194,240.64159253371676,2.487280322699138,100.54178131851894,1.061036207431337,0.0
14.0295874556547,0.8380922915975139,1.72948130395122,2.3743741554516427,Si1,Si1,combo_002,33.31148986635509,1.4494649493035343,hybrid,0.2565342,0.7434658,0.5130684,0.1636305,0.4945538558291793,283.59283,0.28655505,0.6121975809107129,0.9564385414123535,0.0721404548274789,0.9999998219999998,0.5161566721068463,0.5858278468941734,0.33906995206509005,284.4834560271973,3.1456721895795585,1198.1669766345321,7.137990091943246,236.57284084466608,2.1595292637452395,96.73680737224498,0.9664245481962356,0.0
9.229937397428966,0.9890977552226776,1.483756879479589,0.6444383559713639,Si1,Si1,combo_002,5.948125682117732,1.4675805987894666,hybrid,0.7794163,0.22058368,0.44116735,0.22300819,0.6740158942776259,286.83075,1.7976238,0.6521256126092799,0.0,0.19483769814811824,0.9999998219999998,0.5159387618192478,0.6289510110762669,0.4518849254177222,288.7579234006762,3.250908800607824,856.5331435552029,8.43218754067034,174.84179265142194,2.6129650706432375,77.70127356887195,1.0204026706230835,0.0
10.481076045663135,0.7999664151600105,2.127565200798709,1.3620939471520193,Si1,Si1,combo_002,14.276210241437777,1.701980706702131,hybrid,0.7211588,0.2788412,0.5576824,0.100287676,0.3031076520293717,290.8134,2.9002008,0.7012370915985174,0.0,0.08684065646838654,0.9999998219999998,0.5158593630293246,0.6728699329370237,0.3289239961911251,286.9908412996974,3.0498870667243057,955.021637370126,6.632337460330706,194.16704827502306,2.0708614783017505,81.77399074012438,0.8885614112242385,0.0
10.255330967085985,0.9003770381472164,2.7879545511870596,1.356563772282095,Si1,PU,combo_001,13.91201046271155,2.5102102612868564,hybrid,0.7174289,0.28257108,0.56514215,0.09247961,0.2795086922759655,285.69098,0.8949712,0.6380706443917674,0.0,0.07881875476398655,0.9999998089999999,0.5157352742216693,0.6109219464438174,0.2775287659666884,285.6484604941298,3.0641948029279984,939.835052016291,6.739915866887877,187.82940194757202,2.103204108275489,80.17927711957516,0.9470964306841634,0.0
14.94789306300147,1.0704202787817534,1.3183762075051269,0.8683450865054009,Si1,PU,combo_001,12.979929494865493,1.4112166275768687,hybrid,0.25000817,0.74999183,0.50001633,0.15014893,0.45380739639035655,281.50928,0.86001784,0.5865044005507886,0.9999455610911051,0.17676073987892782,0.9999998089999999,0.5156178093028299,0.5663566108481449,0.3524936839940668,282.4526725070473,3.2090618972669223,1275.2059823866052,7.349798280165238,222.27085977048606,2.4385041108563286,99.12921834203641,0.9473219971089053,0.0
13.128480723180163,0.5646221403843252,2.812120887939622,2.445978560430749,Si1,Si1,combo_002,32.111982379927056,1.5877857147679386,hybrid,0.27014574,0.7298542,0.5402915,0.1241995,0.37537832205291616,283.5532,0.213005,0.6117087353576833,0.8656948407491049,0.08059043173498413,0.9999998219999998,0.5155554551277606,0.5854997763062371,0.29708797193848835,284.08750970105586,3.189967567151877,1145.4012111314194,6.929384770635394,225.66937892803398,2.170375959468824,91.04883643874985,0.9494102260333408,0.0
9.473158695742756,1.0987247720405302,1.1782506581630838,1.5146977541312017,Si1,Si1,combo_002,14.348972200970016,1.294573185796839,hybrid,0.23929688,0.7607031,0.47859377,0.16028832,0.48445250726829614,282.91617,0.9218081,0.6038533373023026,0.9286460876464844,0.24012803331908472,0.9999998219999998,0.5155474840227459,0.5843294053774108,0.37401669473849986,284.10093699048844,3.1781212665254683,849.3265788436489,7.443465730249276,173.65825803413506,2.4403068671175805,74.76812443333982,0.9517493826815066,0.0
10.794100657034615,0.7994603544673614,2.251102825937113,0.9240963369408304,Si1,Si1,combo_002,9.974788877736298,1.7996674631661633,hybrid,0.2636016,0.7363984,0.5272032,0.14551443,0.43980016903286556,288.29022,1.3369591,0.6701229565108093,0.9093226591746012,0.06511855976150747,0.9999998219999998,0.5154585428442956,0.6407912924893905,0.34081837453607,285.5906622205029,3.068607203518567,966.1653133855568,7.320573327290564,195.5456752283966,2.2952682690728774,82.7862469997142,0.9737896720433732,0.0
14.747335397530051,1.0811809843232176,1.12194922121786,0.6841230430269013,Si1,PU,combo_001,10.088991968696595,1.213030163356993,hybrid,0.2533551,0.7466449,0.5067102,0.14042942,0.42443133807717054,281.61713,0.7286311,0.5878343314086842,0.9776327610015869,0.17687692738474714,0.9999998089999999,0.5152090564313804,0.567348133658884,0.33948200100049597,283.15928364383234,3.295508489676143,1210.8429469525447,8.92215544912646,205.67612777217016,2.8553610013884483,90.83314856275487,1.1699702902613591,0.0
12.185125366063758,0.9097023204150391,2.3472649156580077,1.8503817459716945,Si1,PU,combo_001,22.54713354974104,2.1353123404029004,hybrid,0.28358418,0.7164158,0.56716835,0.081046015,0.24495200542101353,283.50577,0.4179968,0.6111239270517496,0.7761054833730062,0.10521217276162667,0.9999998089999999,0.515122525335675,0.5860678343819374,0.2594187006955193,282.1885726930668,3.0569690665194194,1084.7245601370353,6.9653728054634545,208.4878717401529,2.1837368929399745,87.64089039252377,0.9266006536948671,0.0
12.235167960050003,0.8815204739510812,1.836918277032876,2.290498050179051,Si1,PU,combo_001,28.02462835610773,1.6192810701794245,hybrid,0.7033574,0.2966426,0.5932852,0.053499095,0.16169469454240742,283.68915,0.3731702,0.6133852610995977,0.0,0.07926496264652456,0.9999998089999999,0.5148651863536007,0.5872894976708033,0.22544917016756086,286.1480846610248,3.106118070586761,1122.6608236989655,7.240055374555423,207.3580005721936,2.1808589980923037,87.71689373935429,0.9313165541118918,0.0
14.78439351656376,0.9842855302255386,1.4107900489417804,2.0933841145191163,Si1,Si1,combo_002,30.949414530373993,1.388620231359574,hybrid,0.244189,0.755811,0.488378,0.16746795,0.5061520991340016,283.42773,0.3623249,0.6101616652510593,0.9612601598103842,0.16350836226005822,0.9999998219999998,0.5148550302001107,0.5868316524860234,0.35841898238712655,283.36661007012054,3.1628586249734236,1234.8292850157118,7.581061190533565,244.26924391778124,2.424388684591371,101.47513994844469,1.0550400128915096,0.0
8.889780164004591,0.9936604692316497,2.707561976793696,1.3243008844807378,Si1,PU,combo_001,11.772743734030598,2.690397304334597,hybrid,0.7377303,0.26226968,0.52453935,0.106908746,0.3231190544968408,287.0644,1.3668743,0.6550067531435328,0.0,0.20788495906379312,0.9999998089999999,0.5145740832035661,0.6312209974992868,0.32202051359556166,285.40124267242595,3.105908928876966,844.5730370180014,7.190827013992357,172.95965840093783,2.3813884864983295,75.17498987927388,0.9522358818005797,0.0
14.883245894196289,0.8315862941156197,2.4419178562760093,1.3018058246990296,Si1,PU,combo_001,19.375096195492645,2.030665420635325,hybrid,0.71368515,0.28631485,0.5726297,0.08249127,0.24932012145938254,282.7397,0.2558889,0.601677052596244,0.0,0.06982705359759396,0.9999998089999999,0.5145156362695587,0.57602459218486,0.2522498586649449,283.6494786909112,3.068105968820424,1289.1693486873426,6.845918464883904,228.39515023661383,2.1614231382242513,98.3708243805238,0.9247764216379862,0.0
11.45867668520435,0.7395337955733567,2.1690157777140318,1.5250300858463723,Si1,Si1,combo_002,17.474826688923017,1.6040604707513542,hybrid,0.288274,0.711726,0.576548,0.08730883,0.2638806283526105,284.47226,0.2818709,0.6230421246379287,0.7448400656382244,0.030208001493094643,0.9999998219999998,0.5139796608934637,0.5945384575959759,0.2519465019640779,284.2613430611125,3.0241089841431967,1022.7223966665308,6.550514456064842,203.22685694078223,2.023536580336902,85.40087802959101,0.9292325494975594,0.0
14.404782507682913,0.6057534970165159,2.6856657059722213,1.5287031351958527,Si1,Si1,combo_002,22.020636181309246,1.626851393210003,hybrid,0.74038565,0.25961435,0.5192287,0.13661002,0.41288763457843525,283.68643,0.69543207,0.6133517682172115,0.0,0.1214615030326569,0.9999998219999998,0.5138605601958576,0.5891022067431585,0.3264351528013679,284.4751385702136,3.16003720736569,1220.8670562913296,7.404335748197315,230.79327478498064,2.3739244556217276,96.29687759023592,0.9589858243297747,0.0
12.556987898377269,0.7515081753913591,1.9037906169521492,1.6121032955438062,Si1,Si1,combo_002,20.24316157307769,1.4307142128728993,hybrid,0.70982456,0.29017544,0.5803509,0.06817509,0.20605116221129144,283.57483,0.276039,0.6119755494432091,0.0,0.07894643844259246,0.9999998219999998,0.5137821032082902,0.585808908362512,0.2388950007909621,284.26890292539775,3.09267434200999,1103.7644240729894,7.09089471501713,211.45589792254128,2.297257258759128,89.95690373060451,0.9458188136685559,0.0
14.27813890697315,1.1303085442304306,1.3697375943312984,1.6639222613427584,Si1,PU,combo_001,23.757713177856782,1.5482261062263019,hybrid,0.2678364,0.7321636,0.5356728,0.119549,0.3613227249582349,282.66147,0.38809916,0.6007125328484266,0.8810907204945883,0.1034742061411994,0.9999998089999999,0.5136166633908366,0.5763836238441896,0.2992625540329087,281.9374729162773,3.123868924701633,1208.5472792651865,7.7855868570611735,227.29305399540382,2.3860791695710004,98.02251393949976,0.9819693262195565,0.0
10.985352407510181,0.7285377851837741,2.359488009208315,1.5659891127525376,Si1,Si1,combo_002,17.20294226991082,1.718976168396298,hybrid,0.26369652,0.73630345,0.52739304,0.14130692,0.4270834768887684,285.19452,0.43750376,0.6319485970810013,0.9086896578470866,0.06395270729642585,0.9999998219999998,0.5135153436352324,0.6040237116166582,0.3173837171433844,284.763456360105,3.0404709268123704,990.8805266894594,6.904037920350274,199.645222170199,2.165165921792828,83.26724000266022,0.9341930509484212,0.0
13.385952883437078,1.1029302424696428,1.3661445417478806,1.2361057811279772,Si1,PU,combo_001,16.546453745123287,1.506762130678569,hybrid,0.28229266,0.71770734,0.5645853,0.09437828,0.28524719412739147,282.50418,0.6543598,0.5987729562661984,0.7847155729929607,0.05724835120537293,0.9999998089999999,0.513514510627676,0.5736896865394449,0.2712701426565046,281.92673895315,3.0835265774879868,1148.0845405827336,6.829795313219966,214.26757631391592,2.070270402856414,94.39684379250401,0.9196176345012365,0.0
13.02673342217626,1.1787534483450477,1.199740062391398,2.166872398247917,Si1,PU,combo_001,28.22726909184737,1.4141977356615631,hybrid,0.26109827,0.73890173,0.52219653,0.1211985,0.3663081406267691,282.812,0.4959664,0.6025689417114712,0.9260115623474121,0.15898499892308138,0.9999998089999999,0.5134237273777525,0.5799501863219345,0.31158973140419727,281.0503396460829,3.2094569508781245,1067.079440415632,7.282150442954345,210.43842383210145,2.2806098717756105,86.31591637054117,0.9178962287591671,0.0
14.075418141711602,0.9538567868157548,1.440150323050175,2.0469326251083246,Si1,Si1,combo_002,28.811432606311065,1.3736971596763112,hybrid,0.25166255,0.74833745,0.5033251,0.15436055,0.4665365187462456,283.49246,0.34796304,0.6109598495605094,0.9889163176218668,0.1284417615119207,0.9999998219999998,0.5133352211865286,0.5864882416605557,0.33899321151581696,283.0457205839313,3.0951613784288736,1194.861612631947,7.032650755170233,234.63067311286812,2.1844832905880667,98.60514173629687,0.9900218726475467,0.0
8.915445738051078,1.0521256394037253,2.4394254955303794,0.814823220990138,Si1,PU,combo_001,7.264512212841578,2.56658210926265,hybrid,0.74266565,0.25733435,0.5146687,0.159647,0.48251420489474717,286.68915,1.818783,0.6503794668309448,0.0,0.055586883601782884,0.9999998089999999,0.5131923266781921,0.6232049584320315,0.36441418196436337,284.858570247085,3.1551316496882413,834.5488928712964,8.620149456336048,171.63571748402174,2.5691563524874996,75.18209156428262,1.1658536080568223,0.0
12.44815586156313,0.6894299118518318,2.9500546688900933,2.355429850347665,Si1,PU,combo_001,29.320757898106056,2.033855930330982,hybrid,0.72622633,0.27377367,0.54754734,0.10010904,0.30256774848241075,283.88156,0.7741083,0.615757987205719,0.0,0.11355387835580906,0.9999998089999999,0.5131539309045663,0.5912197194222462,0.2882822827991691,285.53636614562004,3.1845666851262067,1134.1387423894275,7.777082249487551,211.6177301558398,2.2834742757731576,87.90121114017067,0.9271072553262937,0.0
12.050421113479622,0.9498049348509573,1.8204270432654204,2.358005682087387,Si1,PU,combo_001,28.414961457130765,1.7290505892296335,hybrid,0.27036452,0.7296355,0.54072905,0.13030544,0.39383279545645133,283.45584,0.2270347,0.610508260135078,0.8642365137736003,0.03772700039103831,0.9999998089999999,0.5131188900728166,0.5831345828980616,0.2974109026090982,284.16500021596977,3.094484693465089,1091.6132682825448,6.911423863574702,207.57450077979718,2.1546841128471037,87.33946702603298,0.9275433203745641,0.0
13.046729438665501,0.9681283328386076,1.601565699783659,1.3444615255535433,Si1,PU,combo_001,17.540825764592544,1.5505211308630515,hybrid,0.71610624,0.28389376,0.5677875,0.063437186,0.19173140059753288,283.07098,0.31772387,0.6057624315983142,0.0,0.1491195251221787,0.9999998089999999,0.5131060085451576,0.5822727487408142,0.24528073725562619,284.8453100562869,3.0911050377875022,1169.3081266952704,7.739682118929515,211.41640458199262,2.3596768223107456,92.37377392700883,1.0103073944100531,0.0
14.092735335001567,1.0404994454284184,1.3405193131870647,1.6579857086704133,Si1,PU,combo_001,23.36555378150715,1.3948096019572251,hybrid,0.7141945,0.28580552,0.57161105,0.07480406,0.22608643428836092,283.23862,0.33512402,0.6078295821932268,0.0,0.09021050491902684,0.9999998089999999,0.5130233834069895,0.5824384449122194,0.24883250870237927,284.9953784233132,3.0919751702470974,1214.9898590979765,7.2093715721747165,221.70460656700536,2.286706669805514,95.84489192500705,0.9606703086581382,0.0
11.032075245664332,0.8397252470020935,1.8401209861129377,0.6624946430683681,Si1,Si1,combo_002,7.308690752179771,1.5451960495774224,hybrid,0.26182348,0.7381765,0.52364695,0.13959794,0.42191827351924427,285.9752,0.83796835,0.6415753546576369,0.9211768309275309,0.08362867826070415,0.9999998219999998,0.5130203337363736,0.614188405272786,0.3269015964367936,286.516110024518,3.088460110965436,985.1339444572227,6.592220267391689,192.94601806606397,2.0689669757804596,84.4763550634934,0.9297647681577522,0.0
14.184266257481884,0.9111753402862025,1.4770317325064464,1.154727875695269,Si1,Si1,combo_002,16.37896764379814,1.3458348914800804,hybrid,0.7249728,0.27502722,0.55005443,0.09026762,0.27282321995989367,283.43423,0.43813795,0.6102418223740733,0.0,0.13561241866118343,0.9999998219999998,0.5129964426174176,0.5862044069631437,0.274154845842016,283.20767400677437,3.1262869040160073,1207.4786713561164,7.574244696241062,225.51725759383183,2.356833463514328,99.45317433091715,1.0065767088218636,0.0
9.372590915441773,1.021567786259271,1.508276060918556,1.5706429839823335,Si1,Si1,combo_002,14.720994163075177,1.5408062366204225,hybrid,0.27382812,0.72617185,0.54765624,0.09382071,0.2835620222081046,284.92953,1.389765,0.6286809712634832,0.841145674387614,0.13259935429196493,0.9999998219999998,0.512796162051651,0.6047837398292295,0.2973613915274015,285.6198458115398,3.1135016627574106,867.8788318371521,7.396088894468749,181.120262375431,2.273351119320451,78.2783673478656,0.9622514075340318,0.0
14.931523581072522,0.5580422926858888,2.9594734430377376,1.7020715714576866,Si1,Si1,combo_002,25.41452180589361,1.6515113452957801,hybrid,0.7376767,0.26232332,0.52464664,0.114463605,0.3459527230405595,283.68927,0.6759696,0.6133867663976824,0.0,0.16499984533699966,0.9999998219999998,0.5125951197170122,0.5904056705796921,0.3091316962580791,284.04264298835574,3.2454266165289076,1261.643483631627,7.471994222219364,242.8827438560115,2.4728402109491063,97.85100492587259,0.9314115461382152,0.0
11.639579568643304,1.0555769162279136,1.5215065110450783,1.2085934972215382,Si1,PU,combo_001,14.067520177054973,1.6060671509496558,hybrid,0.7438196,0.2561804,0.5123608,0.12785621,0.3864302890753841,284.0208,0.6621156,0.6174751559959222,0.0,0.17298062657649504,0.9999998089999999,0.5123742399259057,0.5943815800629615,0.32420625148940463,284.3048443030608,3.09717989996653,1030.8037137778645,7.433865945198904,199.10301194664814,2.2712184847736845,87.21602681908453,0.9839658011935519,0.0
11.564952631664141,0.8371812143155613,2.784077096996133,2.413734564581147,Si1,PU,combo_001,27.914725904791435,2.330777044811365,hybrid,0.26365456,0.7363454,0.5273091,0.14957441,0.4520709948844274,283.64642,0.5658792,0.6128584067699276,0.9089694023132324,0.025568568121126144,0.9999998089999999,0.5123195730422312,0.5855393138331942,0.32305624589203236,282.2104957499579,3.076963529355577,1045.0165625177417,6.563382311626668,206.37695416921608,2.047163107815682,84.73950830274082,0.9015586298844338,0.0
12.251495658693557,0.8362937317715851,1.6352658624812149,2.2584176093712633,Si1,Si1,combo_002,27.668993536729115,1.3675625905730948,hybrid,0.2632405,0.73675954,0.526481,0.1299201,0.39266813865595,283.52872,0.14359786,0.6114069230916865,0.9117302894592285,0.09807681564500209,0.9999998219999998,0.5121611962263957,0.5856222943278958,0.3043109595419321,283.3930044337666,3.1099695431370615,1087.954831516822,7.178352630302023,215.56281043680227,2.336000092997915,89.66349289791414,0.9691513165302356,0.0
9.252814599288254,1.0245709713773221,1.3437337076133513,1.9463793755685244,Si1,Si1,combo_002,18.009487502013997,1.376750550081862,hybrid,0.74537426,0.25462574,0.5092515,0.15257978,0.4611543721513535,286.2769,1.7884723,0.64529569887415,0.0,0.09581967942648209,0.9999998219999998,0.5118947945163135,0.6196805466935564,0.36233931937662645,285.5653031404363,3.15784910734634,865.0821758571743,8.110521091017985,175.89214252452507,2.403936957840804,76.77666746111288,1.0577465753277702,0.0
14.021787606820897,0.9687040855690152,1.7858698396827157,1.1628029073742474,Si1,PU,combo_001,16.30457539579553,1.729979409995129,hybrid,0.7114452,0.2885548,0.5771096,0.075086586,0.2269403357940649,282.90488,0.27901065,0.6037140972294612,0.0,0.05164810261524313,0.9999998089999999,0.5115063718838667,0.5773947484107658,0.24217360078425781,283.69545524381607,3.069604862488411,1238.972164855278,7.2347230291308895,217.62284337908875,2.1869220730857797,95.13155830596534,0.9489266817900506,0.0
8.483286756335133,1.115907193797974,1.7254893010363999,1.2917810865129025,Si1,PU,combo_001,10.958549383299115,1.9254859238479567,hybrid,0.24421525,0.75578475,0.4884305,0.15774007,0.4767507300272393,282.02878,1.0056252,0.5929105728750553,0.9614350001017252,0.17016745731715022,0.9999998089999999,0.5113250906302378,0.5723134793863554,0.36257972394465565,283.9664103276748,3.0949920305849403,799.4695898727659,7.566974664777233,163.87406269422394,2.255366410125113,73.89365045949191,1.1287569217989892,0.0
10.866752328260004,1.0069534310209605,2.3582953831407303,0.6707097422614053,Si1,PU,combo_001,7.288436653305793,2.374693627414449,hybrid,0.24518523,0.75481474,0.49037045,0.1710447,0.5169624201370152,283.38724,0.4527818,0.6096622826114363,0.9679017066955566,0.11242242236911482,0.9999998089999999,0.5111486259392275,0.5850017780419792,0.35643128895113874,283.07808467955203,3.096705927640793,963.5652575126284,8.243473059273292,190.4808583518309,2.54035691932496,82.42795975270211,1.0762487850945743,0.0
12.857661582122097,0.9634773160384986,2.149987226807122,1.4829852132230446,Si1,PU,combo_001,19.067722002913086,2.0714639228011804,hybrid,0.27303126,0.72696877,0.5460625,0.087110035,0.26327978974566973,283.12305,0.34768435,0.6064044412314693,0.8464584350585938,0.14872436678792988,0.9999998089999999,0.5108615143242896,0.582905244384016,0.27088991756581404,281.41654823455565,3.100940841048909,1128.4161125628516,7.406839223740041,211.54021546900634,2.401509149629723,90.72109817305311,0.9489824418950653,0.0
8.915812053653315,1.0602788724383894,1.3527430964870495,0.6563433659403117,Si1,Si1,combo_002,5.85183409338602,1.4342849250421041,hybrid,0.23285499,0.76714504,0.46570998,0.18567528,0.5611815925136978,282.6465,1.86864,0.6005281338330422,0.8856997489929199,0.17135938057075012,0.9999998219999998,0.5106230008126134,0.5809042713524842,0.41035622540330813,285.87834581673167,3.25544733286358,823.5586383865507,8.166130736892265,169.9829304842505,2.5365398210325534,76.23342103170918,1.0282247031942864,0.0
13.885806883179926,0.577228271022812,2.920007928261103,1.599530357114063,Si1,Si1,combo_002,22.210769642669703,1.68551112780306,hybrid,0.27331907,0.72668093,0.54663813,0.099236086,0.2999293459555829,283.06668,0.37002006,0.605709369840826,0.8445395628611247,0.09800306337835779,0.9999998219999998,0.5102344715174356,0.5807841746543173,0.2765761412509524,283.67350085608274,3.1894250529972785,1184.8451777190712,7.2010428490633425,227.28608681954108,2.30691414938256,94.12105157094206,0.907457920387583,0.0
12.846181839039154,1.0775043758956766,1.1366035153133611,2.069924526467193,Si1,Si1,combo_002,26.590626860084573,1.2246952614085553,hybrid,0.23876853,0.7612315,0.47753704,0.15814108,0.47796272071394813,283.05615,0.25385234,0.6055795378810145,0.9251234531402588,0.2093940760100137,0.9999998219999998,0.5100266670849516,0.5837982392039591,0.3531672360045133,280.3918161945682,3.1725276393672748,1059.3436171765775,7.590986749324811,212.11470278068617,2.5020535893545346,86.61744488637171,0.9404578515021571,0.0
14.306658252897655,0.5481554528082504,2.476789997356514,0.6259765745337524,Si1,Si1,combo_002,8.955632926173914,1.3576659425119053,hybrid,0.7354668,0.26453322,0.52906644,0.11849245,0.3581294215636972,282.7338,0.82159656,0.6016044219636538,0.0,0.10913038608948895,0.9999998219999998,0.5099280551712378,0.5781508534419337,0.30805839624207243,286.17699285453864,3.2115638615208217,1233.08772935705,7.215063296913947,211.37611746572287,2.143002425373101,95.69655638491109,0.9445659540786686,0.0
13.065236444377138,0.5812351791779873,2.6378274128511205,1.4791227632087371,Si1,Si1,combo_002,19.32508863158261,1.5331980889491277,hybrid,0.7292254,0.2707746,0.5415492,0.08472046,0.25605758899108383,283.30463,0.3442853,0.608643572132567,0.0,0.17026732738424358,0.9999998219999998,0.5098394856789213,0.5856054414030644,0.27152251431622837,284.815194377511,3.143585568628185,1138.0916181882403,7.38699712336619,213.4557611823328,2.410959767592885,90.91232431441564,0.958832207757719,0.0
14.394662034549523,0.9811812596122187,1.759808024305875,2.3758855480372305,Si1,PU,combo_001,34.20006949676641,1.7266906539641282,hybrid,0.7222156,0.2777844,0.5555688,0.10048683,0.30370957152429434,283.63644,0.378869,0.6127353486514975,0.0,0.04744838036289855,0.9999998089999999,0.5096695356924974,0.5857472953478773,0.27050106007675045,285.0780324776125,3.128669095799844,1266.348694613871,7.2120308026974795,235.11492256021353,2.1909224363404287,96.61744647779717,0.9570441894413589,0.0
14.002985062096524,1.064289280405589,1.1132284183932295,2.192019863189185,Si1,PU,combo_001,30.694821400057027,1.1847970723387822,hybrid,0.74878776,0.25121224,0.5024245,0.16157293,0.4883351019362937,283.4184,0.24879888,0.6100465099475743,0.0,0.07778576004878501,0.9999998089999999,0.5096104912621329,0.5839505458827862,0.33695064477982073,286.2268568620276,3.1868691334821855,1150.8979139221524,7.9788284279039825,212.32226963045795,2.3602128027426823,88.38189643109384,1.0697445393198828,0.0
14.055302661586024,0.9484217652411489,2.1402642309039495,1.8119187745813377,Si1,PU,combo_001,25.467066774950762,2.0298731799564136,hybrid,0.26540434,0.73459566,0.5308087,0.13097136,0.39584545391575543,282.68475,0.2973603,0.6009996684580968,0.89730437596639,0.050020564000566696,0.9999998089999999,0.5090856000321425,0.5748815379116426,0.30142997950599143,282.991213092136,3.041756346726532,1222.6569579981976,7.06490803493273,227.131571967638,2.1820346404413176,95.82175348643099,0.9584317477618377,0.0
12.943259262982869,0.5690624078696458,2.6726685939371775,1.590491521391199,Si1,Si1,combo_002,20.58614411694235,1.5209152255034708,hybrid,0.7253904,0.27460963,0.54921925,0.08356645,0.2525697211029777,283.3193,0.32970077,0.6088245842272608,0.0,0.1312959358125246,0.9999998219999998,0.5089111423021838,0.5845766892757095,0.264151067567549,284.8957853563773,3.1312448197661755,1132.4580149876635,7.249863299425875,213.42653126894078,2.3504499949398365,90.24491114830886,0.9483288986202324,0.0
14.807911225054436,0.9712251638777607,1.256011314917542,2.264551526537832,Si1,Si1,combo_002,33.53327796953372,1.2198697951631114,hybrid,0.7166304,0.2833696,0.5667392,0.06753404,0.2041136479852293,284.04257,0.54767036,0.6177434753795327,0.0,0.10581111274722942,0.9999998219999998,0.508817791927754,0.592408215770668,0.24792678399619478,285.2573049750279,3.2443208759189437,1230.7179216842856,7.834057781719025,239.39781640144975,2.4147501050708113,96.07592529449383,1.0591304222931597,0.0
10.457483464227378,0.7407698506594135,2.472111389316538,1.733589482376796,Si1,Si1,combo_002,18.128983345713845,1.831265584677447,hybrid,0.24185427,0.75814575,0.4837085,0.16164143,0.4885421370218275,285.40814,0.56678444,0.6345828687293515,0.9456950028737386,0.15852373874386697,0.9999998219999998,0.5087996450780549,0.6095160967341291,0.35578335257866694,285.335584930622,3.0431141831828423,957.5295271648768,6.8254816367392195,195.48934047119246,2.127903291004544,81.50361133282874,0.9590641225763663,0.0
12.51668873739157,0.8296351786115694,2.4759398133254127,1.609532867172631,Si1,PU,combo_001,20.14602191100123,2.0541267692597245,hybrid,0.7223375,0.27766252,0.55532503,0.08870843,0.2681107510252898,283.70532,0.64348376,0.61358471309583,0.0,0.08359425451223547,0.9999998089999999,0.5087932636686261,0.5880873855419627,0.2689968386340603,283.9952134346355,3.095302694954043,1119.8814179215415,7.453916952181007,207.31905647468554,2.394383476629967,88.78693723167278,0.9993509927923836,0.0
13.335151828976697,0.6042222561072949,2.5696711283103255,1.538008669906261,Si1,Si1,combo_002,20.509579127482493,1.5526524866014428,hybrid,0.7422763,0.2577237,0.5154474,0.11799601,0.35662899141531745,283.45453,0.3897799,0.6104920781806666,0.0,0.16505140017297945,0.9999998219999998,0.5087295790804445,0.5872311341946543,0.3068914749259105,284.7215460743262,3.1432710920952345,1153.30524511016,7.509235154961373,217.22266728308114,2.437624724031684,92.33462010317247,0.970872090964355,0.0
11.998439157155179,1.088510102845587,1.3424697275862447,1.3561122006776523,Si1,PU,combo_001,16.271229730106626,1.4612918612419905,hybrid,0.73039436,0.26960564,0.5392113,0.083148114,0.25130535238614576,283.71182,0.5974506,0.613664870218844,0.0,0.17758468026589044,0.9999998089999999,0.5086685578233225,0.5908983325066467,0.27625089209392584,283.75842445651654,3.1123157875158367,1038.5061092536198,7.343977385421857,200.5345885608803,2.249038121602269,87.39771528883736,0.9397101366704383,0.0
10.060692034167117,0.906655967300412,1.837264683636525,1.9788329570797811,Si1,Si1,combo_002,19.908428968239914,1.665766988929359,hybrid,0.26148313,0.73851687,0.52296627,0.1311171,0.3962859608053804,285.24796,0.70218,0.63260754131761,0.9234457810719808,0.08154618001755527,0.9999998219999998,0.5085049547420437,0.6056321534316288,0.31477837833836053,285.427838874402,3.0558894324051242,919.0058933975465,7.177901580150832,191.64532226753428,2.2396149134214154,80.94234539822641,0.9539219810240016,0.0
8.268423039353536,1.1161046733263822,1.360824664502726,1.3945394394943502,Si1,PU,combo_001,11.530642030802252,1.5188227676292987,hybrid,0.755525,0.244475,0.48895,0.15426233,0.4662396798842153,284.70108,2.9365175,0.6258638058978332,0.0,0.15538436581086695,0.9999998089999999,0.5081726986295383,0.6056479154829644,0.39706119471181023,284.8758823386525,3.176093878649897,786.7244452624271,7.7654917740523475,155.3347005943553,2.2319693580347693,72.56131859513161,1.0219288898533032,0.0
12.510095271363781,1.1372282761659434,1.1032836911673571,1.7592514303813525,Si1,PU,combo_001,22.008403000353724,1.2546854102282525,hybrid,0.6959299,0.30407012,0.60814023,0.015310659,0.04627465820745717,283.4174,0.51523966,0.6100340912383748,0.0,0.09272910220227995,0.9999998089999999,0.5081076016681373,0.5848649925925483,0.19004266013666116,283.2646425594947,3.178554098360195,1023.8749752132039,8.04289142005075,195.69008248122836,2.484949675319034,83.4382112983374,1.0954344974497867,0.0
10.216158945727802,0.8628468018656802,2.808352237801362,2.0644690589038577,Si1,PU,combo_001,21.0909440442989,2.4231777468992313,hybrid,0.7484438,0.25155622,0.50311244,0.16186304,0.48921192727461393,285.73648,1.2172182,0.638631744252866,0.0,0.060549115080844755,0.9999998089999999,0.5079536777274636,0.6114676684690797,0.35492311127178133,285.3647264329445,3.0806524820272667,950.7134566901078,6.69179083656782,189.09483704591324,2.066395081858953,79.78313336844798,0.9214541114984676,0.0
9.895035916708824,0.9556222632848138,1.6175069006540737,1.5048794168151876,Si1,Si1,combo_002,14.890835879702111,1.5457256052818504,hybrid,0.73291564,0.26708436,0.5341687,0.081607774,0.24664985525558814,288.2251,2.0180523,0.6693198799825837,0.0,0.19939347074736113,0.9999998219999998,0.5077505366935675,0.645301509087089,0.30759966422628987,287.00731939939703,3.0830126463910656,906.3701821868679,7.286059811265063,187.61970555153795,2.2683680176998036,80.18145596643126,0.9926072513851287,0.0
9.715447791827017,1.1699598204685053,1.2410486589986687,1.3788572695794064,Si1,PU,combo_001,13.396215814979874,1.4519770662747618,hybrid,0.7367774,0.26322258,0.52644515,0.13522606,0.4087047782364646,283.49014,1.1559006,0.6109312488968988,0.0,0.04348643157670942,0.9999998089999999,0.507585078074436,0.5853614258987667,0.3229039659763191,284.56685135252343,3.181507482626294,852.8823711122773,7.4828915419080255,169.79188756218355,2.4572529429733163,75.26026992714122,0.9454316231716434,0.0
12.107349822479765,0.9616136902763859,1.9337000043902421,1.9681527015830431,Si1,PU,combo_001,23.829113262124526,1.8594723971091642,hybrid,0.27234763,0.7276524,0.54469526,0.090259805,0.2727995980537891,283.40717,0.37990806,0.6099080225237753,0.8510158061981201,0.11788645270692963,0.9999998089999999,0.5075441375309631,0.5852611599006995,0.27027000844707944,283.200151828632,3.063741292090266,1087.5888673291015,6.7594769954123315,207.08949903430192,2.1087591938721117,87.33124735945222,0.9352986720135688,0.0
12.123162987261018,0.876263508344828,1.6808041850756765,1.6565722891936663,Si1,Si1,combo_002,20.08289586207491,1.472827372055082,hybrid,0.2522568,0.7477432,0.5045136,0.15011276,0.4536980915931865,283.37662,0.3506995,0.6095313216780611,0.9849545955657959,0.09248977959779887,0.9999998219999998,0.5075327587274568,0.584100341449239,0.3291641885346541,282.3898357212818,3.0576703518065864,1063.253834102207,6.77237311071961,211.24927595196255,2.184979115426493,89.24003592123921,0.9178082346894105,0.0
13.801114496484821,0.9056066413618926,2.0866704736120973,1.8597103030336826,Si1,PU,combo_001,25.666074822460338,1.8897026392368812,hybrid,0.71625173,0.28374827,0.56749654,0.068591975,0.2073111398206969,283.54303,0.42783576,0.611583419292126,0.0,0.08809495849781687,0.9999998089999999,0.507489215493276,0.5859946863007032,0.24388256292706573,284.6126896000728,3.0593793947967654,1219.831504369211,7.243464549539815,222.97585079004125,2.281839172640638,94.3965854766,0.9765013896369114,0.0
14.017428458532095,0.8766595590452568,1.3890266130721445,0.6154869511003328,Si1,Si1,combo_002,8.627544304208957,1.2177034581179527,hybrid,0.27260843,0.7273916,0.54521686,0.07897675,0.2386978974837198,282.74194,0.3946042,0.6017049006108123,0.8492773373921713,0.15500028808717561,0.9999998219999998,0.5074712594992795,0.5788540446200665,0.26420880867992574,284.02519584272005,3.1963302850837767,1197.4720280679794,7.852117243274702,212.53372455914734,2.42830444306957,98.29301578254804,0.9955733556820742,0.0
12.520794961890306,0.7979293770822925,2.945402935636821,0.8332389779541869,Si1,PU,combo_001,10.432814397219412,2.3502235296890444,hybrid,0.26778406,0.73221594,0.5355681,0.099048,0.2993608889511,282.9576,0.5432363,0.6043643860020825,0.8814396063486735,0.12784986486701524,0.9999998089999999,0.5073679976235177,0.5807526682040044,0.284476406700514,282.36208428364586,3.207672993911357,1103.0643470834414,7.210164883765988,201.09063981833816,2.266918456605849,88.81506061886793,0.9171538642201355,0.0
15.035690971212345,1.0512360541200074,1.1688037190645213,1.0800106578941775,Si1,Si1,combo_002,16.238706497712588,1.228688609670177,hybrid,0.25073868,0.7492613,0.50147736,0.13495433,0.407883528555214,282.3329,0.24602783,0.5966606467287426,0.9950754642486572,0.15877756675483312,0.9999998219999998,0.5073056801534631,0.5740603393197553,0.32088342031866657,281.2215198516065,3.2058377724467424,1205.7771050997123,7.514311907798755,225.11688435097966,2.3961168701930164,94.58348213033581,0.9812177975887265,0.0
9.124411337926347,1.1706902397394623,1.4469619181973337,0.6398216202301368,Si1,PU,combo_001,5.837995645878265,1.6939441949083087,hybrid,0.24859127,0.7514087,0.49718255,0.14913966,0.4507569953944264,281.1446,1.3434821,0.5820073225225334,0.9906086921691895,0.1281773321018432,0.9999998089999999,0.5072797684704559,0.5616283640575684,0.3542484834807873,283.76405159907625,3.2033217535967653,823.947807087664,7.514576552392366,167.736371205206,2.348461631121799,76.96371245491827,0.9832742190897275,0.0
13.982335417534903,0.87961201398834,1.6915915759529332,1.9399527342520548,Si1,Si1,combo_002,27.12506982447618,1.4879442729696695,hybrid,0.250786,0.749214,0.501572,0.15467627,0.46749076268626966,283.43863,0.36458647,0.6102960131051252,0.9947599569956461,0.08558777799010812,0.9999998219999998,0.5069713935949318,0.5846216886651388,0.33324671994044786,283.1680438563621,3.091126283323807,1186.4410757194864,6.806496577270535,232.4854846740494,2.111765042331358,96.95992506560054,0.9507248255264209,0.0
9.412913150164242,1.0961497804392044,1.7510831479893239,0.6833535024752514,Si1,PU,combo_001,6.432347169660087,1.9194494081992883,hybrid,0.7464655,0.2535345,0.507069,0.16195783,0.4894984076268177,284.2525,1.9281224,0.6203322117608187,0.0,0.03371555490216831,0.9999998089999999,0.506929545709884,0.5951013250843765,0.36586440069055787,286.0862412380621,3.1729492994514503,858.3627996019907,8.417735814193685,174.0487035105026,2.483241354362557,77.55400913199504,1.0661684731129284,0.0
13.437539044119262,0.8851938152404588,2.5827639052324116,1.7364422713587375,Si1,PU,combo_001,23.33351081924217,2.286246635138025,hybrid,0.2691826,0.73081744,0.5383652,0.10861834,0.32828610438333405,282.89386,0.24021673,0.6035782440773106,0.872116247812907,0.07639915148425895,0.9999998089999999,0.5068110948734699,0.5779427602853068,0.28054603905275904,281.8466956430842,3.08711547720705,1164.1920118397888,7.04343413329998,219.14529855862497,2.2243466979792323,92.85220018116586,0.9590920931427326,0.0
9.840627527078132,1.1330769820036592,1.4340224170439324,1.2218993740213684,Si1,PU,combo_001,12.024256615314215,1.6248577924297318,hybrid,0.7367986,0.26320142,0.52640283,0.10830937,0.327352284722468,283.57614,0.9940842,0.6119917313976203,0.0,0.1322923675327702,0.9999998089999999,0.506679807721639,0.588711206183464,0.30436766386892966,285.30580331938097,3.1588786430209135,879.2945197583808,7.596248818906164,177.18665415966703,2.415229291241454,79.78431266757975,0.9756210462365381,0.0
10.313822388727575,0.839547695145335,1.7413830127637264,2.495238958760379,Si1,Si1,combo_002,25.73545143808808,1.461974094731026,hybrid,0.73835534,0.26164466,0.5232893,0.1070977,0.32369014616577957,285.34448,0.4663256,0.6337978557781432,0.0,0.15024845051930322,0.9999998219999998,0.5065673470144771,0.6083655625557605,0.2947431203526308,285.87884238523446,3.1355602260164974,957.3724459716873,7.901452218359351,193.22849062659463,2.4636478934420363,81.66154273200256,1.0468670550702337,0.0
9.090593806417298,1.0130352724584577,2.6656127458910532,0.6763368185994417,Si1,PU,combo_001,6.148303294212064,2.7003597343024808,hybrid,0.74309146,0.25690854,0.5138171,0.13907993,0.4203526523144559,286.89505,1.073356,0.6529185283754334,0.0,0.08032933333018763,0.9999998089999999,0.5065160272439622,0.6249470561999115,0.3307810286633374,285.56118365141356,3.1976198434760144,848.4797511946942,8.026679475690571,173.50839327793963,2.669057281780304,76.18779506842553,1.0189275869106162,0.0
14.775532972221834,0.5887761654851678,2.580813595473196,0.8133800600630804,Si1,Si1,combo_002,12.01812389640982,1.5195215325746974,hybrid,0.25833005,0.74166995,0.5166601,0.12647472,0.3822549088752883,282.52542,0.322958,0.5990348781329486,0.9444663524627686,0.11182558210261836,0.9999998219999998,0.5065087487251199,0.5749739632258276,0.30647932886016827,284.02424761367024,3.108402884186852,1252.3777918976068,6.569364552733531,221.47943265960063,2.045131344922973,97.7400779964165,0.9066181507926788,0.0
13.274250450648706,0.7723718749469926,2.7992329074491433,2.1878271381184833,Si1,PU,combo_001,29.041765374110746,2.1620487691398163,hybrid,0.73847425,0.26152575,0.5230515,0.11359816,0.3433370191613516,283.81464,0.61242706,0.6149327075307429,0.0,0.12719552213775734,0.9999998089999999,0.506433626510969,0.5905799120443129,0.30121678121593026,284.2854230318175,3.1597846437502883,1173.5523525104081,7.139740850825107,220.18873885174398,2.2254236492574555,91.48818194690713,0.9212401342062319,0.0
14.543877463799273,0.7511322032487793,2.0471336993547737,0.9258394524827553,Si1,Si1,combo_002,13.465295548060203,1.5376680459411753,hybrid,0.2550639,0.7449361,0.5101278,0.10688566,0.32304926966650915,282.7989,0.25565094,0.6024071221673583,0.9662407239278158,0.21078799875984758,0.9999998219999998,0.5063588814887636,0.5809246582620937,0.29919422792609085,283.3958633732604,3.1016869711000266,1223.1191039848236,8.551952587111213,223.41832868882946,2.4492073441488618,97.96747580740885,1.1325492699604884,0.0
13.836638192230126,0.6136547523315565,2.742312429997055,1.8334878082398487,Si1,Si1,combo_002,25.369307432479797,1.6828330550455917,hybrid,0.27384442,0.7261556,0.54768884,0.055540774,0.167865427734847,283.28683,0.28366363,0.6084241749367116,0.8410371939341228,0.21718564790836833,0.9999998219999998,0.5062458266286283,0.5867024865721636,0.24642531731339318,283.86406025254576,3.1572429802274913,1179.194000639349,7.276269552717362,228.41877495833978,2.2997214907696617,94.03799184751698,0.9508592751056629,0.0
11.53154965944013,0.9020249486224762,2.6530416331860183,0.9250098973787685,Si1,PU,combo_001,10.666797567096886,2.3931097428679085,hybrid,0.2769445,0.7230555,0.553889,0.070954844,0.214452634272634,283.552,0.52324444,0.6116940587013567,0.8203698794047039,0.13162552693058696,0.9999998089999999,0.5060140710038901,0.5875734032725303,0.2549068073109281,282.5226946577772,3.1042069269292942,1021.8943856264652,7.50215516540969,196.4090856690839,2.4251330228680636,85.10243441129191,0.9616513842169234,0.0
12.11122529693425,0.8342040655025661,2.641761893181503,2.476254753085745,Si1,PU,combo_001,29.99047920722575,2.2037685113817655,hybrid,0.26013392,0.7398661,0.52026784,0.1367787,0.41339745340989986,283.56372,0.45300326,0.6118385673174949,0.9324405193328857,0.052612553647745613,0.9999998089999999,0.5057770692967563,0.585210060859376,0.31121670136552326,282.54012638661465,3.0782790611168958,1087.6510433970257,7.066567721909379,211.16776117805878,2.13804986511332,87.00917902045721,0.9658234108886166,0.0
12.093700245153187,1.0916864887592324,1.5661711502361289,1.6410678385967847,Si1,PU,combo_001,19.846582521950946,1.7097678837972876,hybrid,0.26635176,0.73364824,0.5327035,0.09755582,0.2948509514021054,283.02155,0.6597855,0.6051527858739817,0.890988270441691,0.1337515650081855,0.9999998089999999,0.5057395491394929,0.5818639512675952,0.2862203989803066,281.7509774618959,3.100032759578426,1059.7994642365775,7.715958291012826,208.21966944062552,2.3770411079065235,89.02164371539743,0.9974758011812308,0.0
11.442143661945519,0.8958900341199799,2.378733470280519,2.130130624306713,Si1,PU,combo_001,24.373260622027104,2.1310836098519523,hybrid,0.26324493,0.7367551,0.52648985,0.12160322,0.36753136804478986,283.62137,0.42406404,0.6125494443380283,0.9117004871368408,0.07685073469696156,0.9999998089999999,0.5056896286674091,0.5865393421484517,0.29819413696338426,283.3326759956099,3.0387849016583135,1036.8825671356444,6.921653677595385,202.4165952437598,2.117389986488823,84.56114103432327,0.9291115968838745,0.0
15.72966887135201,0.7649173865258114,2.8372304948279545,1.6560387654769262,Si1,PU,combo_001,26.048941419074616,2.170246935075134,hybrid,0.74729097,0.25270903,0.50541806,0.11012947,0.33285330647686995,282.7643,0.29144734,0.6019807464848467,0.0,0.21544557784912313,0.9999998089999999,0.5056210441149078,0.5807362816518303,0.30407283128107937,282.1034559523377,3.1402925321148967,1346.2963856639915,6.844218533355688,246.80243112406765,2.1628824729127327,101.32454752062912,0.9139041540701165,0.0
8.983285326096784,1.0558129160564351,1.7941733379159701,1.9128697665136218,Si1,PU,combo_001,17.183854904256,1.8943113838157681,hybrid,0.74995375,0.25004625,0.5000925,0.1358555,0.4106071861216145,284.93375,0.9788973,0.6287329040474079,0.0,0.1480861600483773,0.9999998089999999,0.505527098166475,0.6045596776039668,0.3355583676536566,286.09655978408097,3.0845790165351024,845.0137689630452,7.5522642435702645,169.87413546148912,2.282284635154819,75.72663010569423,1.0532351596567002,0.0
14.584016461334143,0.5381068149610431,2.7389748069652757,0.9493242325115357,Si1,Si1,combo_002,13.844960234091639,1.4738610096346223,hybrid,0.7256547,0.27434528,0.54869056,0.079519056,0.24033695151577875,282.91214,0.65750736,0.6038036624655052,0.0,0.12133922042898927,0.9999998219999998,0.505492182139901,0.5802463042725168,0.2652310098276657,285.01631712152664,3.1771226541690107,1244.511701728101,7.314669292615379,222.57643319187105,2.271081725718953,96.43838295248524,0.9580455397488551,0.0
12.497960839397294,0.934496288474421,2.2494254840335817,0.5421029026017605,Si1,PU,combo_001,6.775180847640408,2.10207976602916,hybrid,0.23639941,0.7636006,0.47279882,0.14745815,0.44567484025151183,282.5573,0.38182223,0.5994281372575953,0.9093294143676758,0.23388950720388973,0.9999998089999999,0.5054874405443965,0.5791031880780898,0.3482168295767757,281.88572519172277,3.1963853594573237,1097.5937995650593,8.707797838152548,198.1178215743187,2.930717416552955,88.84226159690878,1.0547606884722385,0.0
10.399778719280597,0.6441783869934579,2.728937702182837,2.267730471488707,Si1,Si1,combo_002,23.58389509845241,1.7579226871977731,hybrid,0.73856604,0.26143396,0.5228679,0.13267806,0.40100376662439496,285.7574,1.081744,0.6388895265498832,0.0,0.05222669553814701,0.9999998219999998,0.5054158595826019,0.6112123302611708,0.3199689287891557,285.12779055923056,3.122281052609017,973.9540897359291,7.103865231629398,195.23297610893,2.1921050700947697,80.55388401055681,0.9593413692659857,0.0
11.55056498979302,0.9133999839617643,2.6142556916571396,1.4063564225302976,Si1,PU,combo_001,16.244211257249017,2.3878611068315823,hybrid,0.27493516,0.7250649,0.5498703,0.060323987,0.18232212434481299,283.5712,0.42618313,0.6119307668251871,0.8337658246358236,0.18267564094394667,0.9999998089999999,0.5053122841216107,0.5891487043138657,0.249288950986653,281.8514653839685,3.0698977747913436,1024.7410781008393,7.415472365449058,200.95897700015277,2.3492533371211275,85.27737534139209,0.9606386729946433,0.0
9.371698107072115,0.7787621745196136,2.76358528546297,1.6006271178123275,Si1,Si1,combo_002,15.000594130130084,2.1521756863775496,hybrid,0.2726553,0.7273447,0.5453106,0.08684901,0.26249087662987775,287.6259,1.1982282,0.661930748008961,0.8489646116892497,0.10846954419175252,0.9999998219999998,0.5051632966697241,0.6343063272958452,0.28236170263745425,286.7367260099107,3.128607302379031,888.821448076351,7.45705242298389,185.07452529490416,2.316048238667734,77.46799128562098,1.0004016028301743,0.0
14.25981121377913,1.1428802692092161,1.2647164080013666,1.386215288574686,Si1,PU,combo_001,19.76716831672938,1.4454194288499147,hybrid,0.27334195,0.72665805,0.5466839,0.10434764,0.3153784103254347,282.25946,0.6638745,0.5957552099307525,0.8443869749704997,0.03889444075642308,0.9999998089999999,0.505042719453779,0.5703797968411939,0.27926194793646814,281.8406790460529,3.152751153167753,1186.789958349585,7.256902586424809,219.9892508658102,2.3392231997657373,93.52251190912101,0.9387028551704026,0.0
10.775507675713246,0.7610676231759719,2.178077359427928,1.9295442548477517,Si1,Si1,combo_002,20.791818928740344,1.6576641590332102,hybrid,0.2498076,0.7501924,0.4996152,0.16386972,0.49527687981507446,284.34457,0.34758246,0.6214675828412577,0.9987173080444336,0.04622775196694644,0.9999998219999998,0.5049565907152569,0.593688253844109,0.33671227806032544,284.98225947711205,3.0342647095229127,980.2620288876313,6.609499594646281,198.85919897802063,2.0720115468201326,82.81614670811058,0.9283463039609252,0.0
15.27076409621709,0.42818225697641277,2.9736903687328713,0.5769415471224958,Si1,Si1,combo_002,8.810338263414149,1.2732814536330619,hybrid,0.74758184,0.25241816,0.5048363,0.13610874,0.4113725899238001,282.43115,0.87215096,0.5978724116869838,0.0,0.11929886501122089,0.9999998219999998,0.504794108230404,0.5751130726603393,0.3292759439014198,284.58353148567005,3.432367724037307,1310.6100573796325,9.242687693490119,227.0329825783306,2.6573007381983924,97.69581032194819,1.0835310208238842,0.0
13.9832382754811,0.9404492222230545,1.228065835356682,1.967435124430311,Si1,Si1,combo_002,27.511114136459845,1.1549335596998973,hybrid,0.76041156,0.23958844,0.47917688,0.1444533,0.43659303927955934,283.7918,0.49247545,0.6146512167888906,0.0,0.20760657536826077,0.9999998219999998,0.5045690365729429,0.5925182697174257,0.3434096833434014,284.99399697777534,3.132058741608714,1178.7323472121543,7.375604732933253,223.75779954508133,2.193417096539937,91.47232052154786,0.958488474612805,0.0
