discrete_combination_id,group_min_distance
1,0.4502867373308285
2,0.4459670290216815
3,0.48353755512402935
4,0.5025369927009488
5,0.4589590353630413
6,0.488028294645246
7,0.47604549784519035
8,0.5434016855653119
9,0.4901760316241658
10,0.4604913811663159
11,0.4945960451383792
12,0.48787797431381047
13,0.46135838142671043
14,0.4802686989254741
