A_Cell_D,C_Barrier_Thx,E_Barrier_Outer_Thx,F_ThermalResin_Thx,B_Barrier_Type,D_Barrier_Outer_Type,discrete_combo_id,CellD_x_Resin,Barrier_x_Outer,selected_model_kind,p_tp,p_notp,boundary_score,clf_uncertainty_raw,clf_uncertainty_scaled,tmax_pred_given_notp,tmax_std_given_notp,tmax_scaled,notp_window_score,local_sparsity,combo_priority,acq_boundary,acq_notp_high_tmax,acq_uncertainty_sparse,MaxT_Adj_Y_pred_given_notp,MaxT_Adj_Y_std_given_notp,MaxT_Adj_Z_pred_given_notp,MaxT_Adj_Z_std_given_notp,Max_Power_pred_given_notp,Max_Power_std_given_notp
8.611426682028835,1.586287918428644,1.1421789565751588,1.9804638091098394,Si1,Si1,combo_002,17.05461888856093,1.8118246794986093,gp,0.4992565922968224,0.5007434077031776,0.9985131845936448,0.0,0.0,314.14923438855135,1.8230372326491098,0.2809581533964358,0.0,0.5613899631634126,0.9999999599999999,0.7969670350672933,0.369430795119044,0.2923823224627037,0.0014050216753102695,0.001009964267089773,0.055385724630269015,5.813641497788065e-05,772.6970275577277,11.706942392827232
12.654211665057122,0.9222135486662759,2.8852555838730742,0.5943494689205726,Si1,PU,combo_001,7.521023982735215,2.6608217908127756,gp,0.5032573767452293,0.4967426232547707,0.9934852465095414,0.0,0.0,387.2130843404128,3.231212042088701,0.6236044468034073,0.0,0.5231539725319546,0.9999999629999999,0.7890628890604449,0.6216850987621796,0.34343616389288956,0.0007054005387152156,0.0011303715447883134,0.05521039989433948,5.9823510069043175e-05,1134.2957856860864,14.187520925574315
8.033139198976539,1.0175091005188928,2.9245117001150946,1.657762946261657,Si1,Si1,combo_002,13.317040506225354,2.9757172694410876,gp,0.49534823377083903,0.504651766229161,0.9906964675416781,0.0,0.0,323.37895207349055,3.2003888505811053,0.32424260331278765,0.0,0.5040739833809642,0.9999999599999999,0.784951394334306,0.4098686531964085,0.3393311193949071,0.0012209522112032701,0.00102369322131525,0.05529169874577129,8.858895660967044e-05,829.1351913911969,22.06237203692655
13.535210444364967,0.9751580039741439,2.4583495201851524,0.8572101040009901,Si1,PU,combo_001,11.60251915268938,2.3972792111745473,gp,0.500400954257099,0.49959904574290104,0.9991980914858021,0.0,0.0,400.91952195731045,2.3435933705983496,0.6878832939807481,0.0,0.4427635213816413,0.9999999629999999,0.7821796499410321,0.6484137848434911,0.29558147982305766,0.00027953540503109983,0.0010474391580954736,0.05513532810216868,1.9022561004944565e-05,1211.844879212087,11.50350168854521
8.133329390121673,1.184250611468824,2.1595472552300925,1.8129002098051872,Si1,Si1,combo_002,14.744914557766277,2.5574451575020576,gp,0.49811405919035634,0.5018859408096437,0.9962281183807127,0.0,0.0,321.4941808885,2.0025012045111765,0.3154036239696135,0.0,0.43283455899850687,0.9999999599999999,0.7791321396989324,0.3827549325849302,0.2803364815220014,0.001597098866145823,0.0010553299906112938,0.05529331281025316,9.109982928263676e-05,812.0398393815001,15.165203357267567
11.080824129739867,0.9593307519543777,2.87624938269896,1.3190635448613617,Si1,Si1,combo_002,14.616311156559982,2.759274483112908,gp,0.4978318209903527,0.5021681790096473,0.9956636419807054,0.0,0.0,362.6538844810434,2.4619854061275657,0.5084295852761501,0.0,0.41208024516229963,0.9999999599999999,0.7761359109402144,0.521092016476458,0.2957535327085754,0.0005372200417121647,0.000964905981329816,0.055231813773766285,9.022831135917183e-05,990.9458582624096,14.400084342002662
9.264649102735271,1.0033010505331026,2.8509799967556093,1.5844546424357924,Si1,Si1,combo_002,14.6794162813675,2.860391225793764,gp,0.5018720776986978,0.4981279223013022,0.9962558446026044,0.0,0.0,339.3355711097573,2.251319510066854,0.3990740879893576,0.0,0.3996980116012794,0.9999999599999999,0.7749037009139952,0.44087757673682093,0.2854004086846912,0.0014196254828344516,0.0006672401225494346,0.055377312898711,2.2907637487311257e-05,890.7595902021278,12.337957912620684
10.002893772321524,1.3658638568871204,1.4912170762353574,2.2395274674367416,Si1,Si1,combo_002,22.401755356965978,2.0367995072027605,gp,0.4960100718272171,0.5039899281727829,0.9920201436544342,0.0,0.0,343.24678281197674,1.4750750559936072,0.4174164309315709,0.0,0.4193373067044725,0.9999999599999999,0.7748873917344152,0.4467369783006895,0.25704171492917016,0.00041499430651541203,0.0010483815290865076,0.05540357019560495,3.208375725833455e-05,893.8129003607163,12.478093068733136
8.797510651725215,1.0727116566297816,2.5481811662530056,2.460173911543312,Si1,PU,combo_001,21.643406191898777,2.7334636402440706,gp,0.506251114446874,0.493748885553126,0.987497771106252,0.0,0.0,343.7347451782059,2.123458297610685,0.4197048197342507,0.0,0.4342561870242884,0.9999999629999999,0.7740949848134169,0.45730164388748157,0.2854277152524135,-0.000502640741550839,0.0005758148011551491,0.055398679857948135,6.574920738541449e-05,886.6552898438413,13.64301114330261
9.259516765136283,1.3618979903725643,1.5458492388982397,2.4807630131246694,Si1,Si1,combo_002,22.970666710357875,2.1052889718744705,gp,0.4960833338198247,0.5039166661801753,0.9921666676396494,0.0,0.0,334.6708515772053,1.652592637150162,0.3771980322016442,0.0,0.4121109040256022,0.9999999599999999,0.7740492376250243,0.4199068803887016,0.2631167296613069,0.0002047890318581347,0.0009935937421360211,0.05535946545211586,7.055345825893715e-05,848.370541359632,13.728673571461053
15.362932941667674,1.0524826500893742,1.8928385619170616,2.216401087430804,Si1,Si1,combo_002,34.050421278038755,1.992179745837829,gp,0.5048423161009108,0.4951576838990892,0.9903153677981784,0.0,0.0,423.69913535482533,2.329782525886195,0.7947124591704399,0.0,0.41893296181395645,0.9999999599999999,0.7738164239704586,0.7206520106955736,0.29144992810413867,0.0004240068332857848,0.0011008279787037638,0.05514751607692199,6.416617326795379e-05,1309.5666247767663,15.484904212149097
12.094765655173335,0.9180640932486644,2.990903759802021,1.1795730005642746,Si1,Si1,combo_002,14.266659014994545,2.745841348236664,gp,0.49448182231977533,0.5055181776802247,0.9889636446395507,0.0,0.0,375.44985682145403,2.591622978103882,0.5684386389445316,0.0,0.42495883476881435,0.9999999599999999,0.7737802762956558,0.5658799437718268,0.30291337883352853,0.00028095248100449394,0.00104652051744686,0.05519651156894775,6.617085909762108e-05,1056.026965241438,15.477422880941566
15.976604258083,0.9904696127627182,2.0848735158716325,1.6534106204434063,Si1,Si1,combo_002,26.41588715893578,2.0650038639246224,gp,0.49762053063327283,0.5023794693667272,0.9952410612665457,0.0,0.0,428.76532368507367,2.4496037078869524,0.8184712763448012,0.0,0.3853185666001843,0.9999999599999999,0.7724549280829718,0.7353023659844299,0.2912399485807047,0.0011608726442213098,0.001052871366032301,0.055172847046058834,8.57327427796635e-05,1352.449472441414,19.135487079490726
13.770193739828747,1.0858754723768493,1.9462031320117585,0.8441575169599108,Si1,Si1,combo_002,11.624212555470743,2.113334245314572,gp,0.4942449369039501,0.5057550630960499,0.9884898738079002,0.0,0.0,396.28956048150184,1.975275777003379,0.6661702424600833,0.0,0.41663327953134455,0.9999999599999999,0.772430481664361,0.6263577364061114,0.276808335487917,1.7900943407569026e-05,0.0009192041620564968,0.0552153959301604,2.6038531308318004e-05,1191.465587244621,12.180792366673765
10.873358268300933,1.4852174104284472,1.2101993625531375,1.7208584705551628,Si1,Si1,combo_002,18.711510679386677,1.7974091633533285,gp,0.4963386380875425,0.5036613619124575,0.992677276175085,0.0,0.0,348.20154904296277,1.4037181018164606,0.4406527137836784,0.0,0.39645848652031723,0.9999999599999999,0.7723493155572594,0.4598922937680624,0.25073219011414294,0.0018002716176005527,0.0009829094106401399,0.0552473961678973,9.681770530248e-05,925.3099256091442,11.801426563976587
8.251085676247168,1.5385378911121401,1.2408933552191819,2.0373335778380435,Si1,Si1,combo_002,16.810213901836875,1.9091614458339878,gp,0.48106743643714367,0.5189325635628563,0.9621348728742873,0.0,0.0,311.72673564256434,1.859346004104487,0.269597402263798,0.0,0.5383071809718765,0.9999999599999999,0.772261880036939,0.35958835384095367,0.2903841747026573,0.0012569932736957517,0.0010188977271455271,0.05529888775428204,9.425115904662319e-05,759.6263366229043,12.18466961648055
8.41087065306299,1.196608792923826,2.0979365889000507,1.4578032088616577,Si1,Si1,combo_002,12.261394227355572,2.5104093692744187,gp,0.49300982081777,0.50699017918223,0.98601964163554,0.0,0.0,322.2658997865176,1.8923797474770114,0.3190227409492424,0.0,0.42190795170707496,0.9999999599999999,0.7716294203585141,0.38292679467579,0.2742564836982063,0.0011459868352172494,0.0011194408483448646,0.055319477716470375,7.786636281443801e-05,821.2892844220498,14.644311566398443
13.406232839694642,1.1387599529896786,1.8058807229825287,1.1783366791182228,Si1,PU,combo_001,15.797055883811446,2.0564646472085513,gp,0.49864481291145113,0.5013551870885489,0.9972896258229023,0.0,0.0,399.0415101809835,1.378905660033584,0.6790760141213231,0.0,0.3690870100159172,0.9999999629999999,0.7716002531294424,0.6237655587686096,0.24562582648970865,0.0003986817692487958,0.0009841041651074873,0.055202267173697285,5.2458828568089565e-05,1206.856477589536,7.509283300448831
9.63033134825044,1.5897394020960316,1.1097488459755167,0.6044466800290772,Si1,PU,combo_001,5.821021811029925,1.764211466877879,gp,0.5080079339307062,0.4919920660692938,0.9839841321385876,0.0,0.0,323.02071055272097,2.1907427675757214,0.3225625641509169,0.0,0.42796896140827045,0.9999999629999999,0.7711889854056558,0.38944861829926614,0.28719809699603105,0.0009485611315172972,0.0010716927636764176,0.05533715010796125,8.891892300465462e-05,841.5374485174602,16.92887943427501
12.523819573504074,0.9341358465006012,2.854412371125994,0.6917516885215098,Si1,PU,combo_001,8.663373336710178,2.6664089165635687,gp,0.482376050307451,0.517623949692549,0.964752100614902,0.0,0.0,385.98826699377355,3.0152194624036586,0.6178604417420396,0.0,0.5148725171091824,0.9999999629999999,0.7708244033222715,0.614347405428126,0.3334833407086075,0.0006245596349106134,0.0011040841085415648,0.05522707224362303,7.184855970189218e-05,1124.732243759216,13.251687156518026
8.454521629786457,1.27012711073424,1.8541197989836267,1.4964803067991772,Si1,Si1,combo_002,12.652025122383117,2.3549678232382236,gp,0.49328711112802637,0.5067128888719736,0.9865742222560527,0.0,0.0,320.6287359254425,1.548900277180471,0.311344961458197,0.0,0.40854178756713433,0.9999999599999999,0.770248670601194,0.37225803852720984,0.25839962975922504,0.0012357029735143123,0.0011198236051335577,0.055330287443161735,7.69855325763007e-05,809.544466636791,14.348851385352225
9.005581448298837,1.4089940273359987,1.455380111866682,1.926107129680966,Si1,Si1,combo_002,17.34571463449103,2.0506218851237525,gp,0.49352139351690916,0.5064786064830908,0.9870427870338183,0.0,0.0,325.9547274031991,1.3225504488265143,0.3363221730309896,0.0,0.40576080154543087,0.9999999599999999,0.770172530322095,0.3868559038299609,0.24885418716985241,0.0018015306835583375,0.0008078701563352021,0.05539185788236275,7.618409059064513e-05,821.9018863492893,10.793189928931382
9.482062001940934,1.0218671039014384,2.729824537134451,1.6630090713549939,Si1,Si1,combo_002,15.768755124378266,2.789517893920666,gp,0.49941637930752214,0.5005836206924779,0.9988327586150443,0.0,0.0,342.42875665518983,1.9614743625752205,0.41358014758874595,0.0,0.3504421770924802,0.9999999599999999,0.7701342575333656,0.4427665348874822,0.2663230830952642,0.0016927715741447964,0.0007291119257124595,0.055334274302456236,7.062987137307257e-05,902.1426594181072,9.760749128443992
14.96580489476916,1.0454320656198246,1.9702174849659135,1.4034719477148454,Si1,PU,combo_001,21.00408734478204,2.059728535028211,gp,0.5020110403734219,0.4979889596265781,0.9959779192531562,0.0,0.0,422.43760185016964,1.4634807294452887,0.7887962669678147,0.0,0.3615069758129189,0.9999999629999999,0.7698450204915586,0.7007862367330824,0.24789958673205867,-3.874074543981556e-05,0.0008465954599892666,0.05518853834545456,8.339488712599018e-05,1327.7189831177782,12.341534992452056
8.22162029820488,0.9933164703178865,2.997325959771962,1.7812476398303103,Si1,Si1,combo_002,14.644741751758414,2.977293242752857,gp,0.5161895275557313,0.48381047244426867,0.9676209448885373,0.0,0.0,327.2123538936938,3.054590070527795,0.34222004257581,0.0,0.4927561155739567,0.9999999599999999,0.7697062283552667,0.4196411278763461,0.33175362814168546,0.001305342196006341,0.0010916913438003323,0.055302303446246245,8.052052013685562e-05,840.6378188765699,22.241012052935215
8.289594149071256,1.4851359657169034,1.333566672354604,0.9002881988400504,Si1,PU,combo_001,7.463023785582381,1.9805278277952323,gp,0.5047355577582344,0.4952644422417656,0.9905288844835312,0.0,0.0,311.3108620069136,2.187788703693216,0.26764708675379845,0.0,0.37885360145324415,0.9999999629999999,0.7688096359406748,0.3460622103384226,0.2797116607470241,0.00029612567029804526,0.000441281824829362,0.05530379106262971,9.25058510903355e-05,775.5013877724941,15.146558307309359
15.098637216340228,0.9691416674399884,2.293758321404731,1.3375821909500047,Si1,Si1,combo_002,20.19566824819164,2.2229767643105296,gp,0.4892203490718039,0.5107796509281961,0.9784406981436078,0.0,0.0,416.1845626648138,1.7232044408648088,0.7594714955411466,0.0,0.43282341930195595,0.9999999599999999,0.7684968350211092,0.6903831708728325,0.2690712581187136,-0.000833297098992942,0.0009079128093442938,0.05520835912781632,8.012307496349295e-05,1283.1481082725531,14.18358243350514
8.55017405330507,1.2815077355345963,1.8130713668475733,1.73158871133053,Si1,Si1,combo_002,14.805384870614262,2.323464981691449,gp,0.491716146622835,0.508283853377165,0.98343229324567,0.0,0.0,323.16039714029165,1.4132912472535923,0.3232176499628649,0.0,0.40929866960342964,0.9999999599999999,0.7684672885869102,0.37908207262934723,0.2530442858730105,0.0017188017672564071,0.00102856907590718,0.05535633454911295,6.726505268643986e-05,814.244063910917,13.726355493114637
15.335424625663148,1.033807764712497,1.9721096167039183,0.832644460481849,Si1,Si1,combo_002,12.768956363695354,2.038782234612697,gp,0.5023110086117111,0.4976889913882889,0.9953779827765779,0.0,0.0,415.88501839040384,2.4020561687767197,0.7580667278563683,0.0,0.3532553507751736,0.9999999599999999,0.7684292706523921,0.6892650005998461,0.2845129566963244,0.00020541878966086157,0.001019044103528955,0.0551616695747917,6.773237242811334e-05,1308.9935366552156,16.53507305349319
14.92374270424863,1.337331521702579,1.167245143949032,0.8321408044395222,Si1,PU,combo_001,12.418655259161905,1.5609937245573047,gp,0.5078485780381552,0.4921514219618448,0.9843028439236896,0.0,0.0,409.7191080999781,1.37364299802505,0.7291505633251224,0.0,0.3975940081009145,0.9999999629999999,0.7674882856753765,0.6616078047338319,0.24968964220167866,-2.288449590792435e-05,0.000914451687175311,0.05519471253375938,8.851709410770333e-05,1234.712822487849,6.842349842904681
11.891344411833074,1.3103566431587856,1.474922557366271,1.8317678832700925,Si1,Si1,combo_002,21.782182782499113,1.9326745711896383,gp,0.4987393628013064,0.5012606371986936,0.9974787256026127,0.0,0.0,370.2308383116973,1.1492957453708486,0.5439630966788458,0.0,0.33592353093999555,0.9999999599999999,0.7674648380044975,0.5232245202673448,0.23139153588453537,0.0009744327061022347,0.0008867831839190894,0.0551688278997752,5.77493937919186e-05,1027.5461718395918,9.573411856030704
14.334999617473116,0.9702568926622361,2.381127054435224,1.392111121318178,Si1,PU,combo_001,19.955912391576152,2.310304936870304,gp,0.4956804570647986,0.5043195429352014,0.9913609141295971,0.0,0.0,414.6458356246821,1.4122910805405426,0.7522553535336614,0.0,0.36429889788067243,0.9999999629999999,0.7674424940232968,0.6748969639757552,0.24625398558153835,-0.0003879012133445396,0.0008384487720795158,0.0552796085104962,5.374447786958226e-05,1276.2035351295171,10.597417567696729
14.287611555045133,0.9919364669778976,2.2865564898420567,0.7380612889071841,Si1,PU,combo_001,10.545132999721789,2.2681187660793127,gp,0.493139429793624,0.506860570206376,0.986278859587248,0.0,0.0,409.70183203301923,2.4317720503172344,0.7290695440479832,0.0,0.3860724184828393,0.9999999629999999,0.7671936167523937,0.6725910760879688,0.290633907093764,0.00017362598512252723,0.0009219117025848959,0.05529586447206794,5.225955931342361e-05,1272.4793343451695,12.584094154823044
9.959897361275246,1.5167244032380858,1.2141406346636203,0.7181716693173853,Si1,PU,combo_001,7.152916114176865,1.8415167295572903,gp,0.4969536149446183,0.5030463850553817,0.9939072298892366,0.0,0.0,331.82238702381153,1.8951125277420446,0.36383963647291406,0.0,0.350407651421899,0.9999999629999999,0.7671851994168927,0.40718007989170996,0.2636416473779656,0.0007238191081594852,0.0010021077697605148,0.05539572839938608,4.740737411055364e-05,877.5187810027871,14.607227725449402
15.691824799614956,1.1753025155857724,1.4812460498923794,0.6371357365492606,Si1,PU,combo_001,9.99782235150463,1.740912208640002,gp,0.5068521709849865,0.49314782901501353,0.9862956580300271,0.0,0.0,423.1690841133828,2.4807317088919225,0.7922266868861199,0.0,0.38277134409146385,0.9999999629999999,0.7667807695764397,0.7170350994444628,0.29211320376633365,0.0002522940025278204,0.0010266596684216417,0.05509647595736418,5.6527699733443174e-05,1344.360865210055,13.50898776634424
9.245853202625828,1.350084753127419,1.568758240135748,2.4405807867813643,Si1,Si1,combo_002,22.56525168372954,2.1179565813502754,gp,0.5086883974188723,0.4913116025811277,0.9826232051622554,0.0,0.0,334.7097381426338,1.5854777064522156,0.3773803978655967,0.0,0.3993127488273456,0.9999999599999999,0.766704326804718,0.41798139844438303,0.2584903780191596,0.00012375558774040455,0.0009524841132503629,0.05536162028999717,7.023841022441547e-05,848.9743079879063,13.533528610685226
9.250640203569507,1.3193885847914926,1.6688203557877468,0.709866155409661,Si1,PU,combo_001,6.56671639638593,2.20182252749403,gp,0.49414309807156975,0.5058569019284302,0.9882861961431395,0.0,0.0,330.0663154530252,1.9385795008571407,0.3556042175197144,0.0,0.3725208550992737,0.9999999629999999,0.7666576191608189,0.40412744910220744,0.2687115753145712,0.000989129685982106,0.0009853184500100032,0.05536363033016235,6.667915868713565e-05,861.3098464863454,12.07603115825509
11.398543470696117,0.9598804519449098,2.857866172245637,0.5528390934062315,Si1,PU,combo_001,6.301560438491161,2.7432098730132113,gp,0.4858113164590492,0.5141886835409508,0.9716226329180984,0.0,0.0,369.66897300694063,3.211056680897733,0.5413281265233489,0.0,0.44643706299318064,0.9999999629999999,0.7661647814447575,0.5561877462857752,0.3311157968193721,0.0009670164480743001,0.0011197982846840118,0.055178834387074036,2.564334009087096e-05,1040.7208120860669,14.734090563640716
8.851897798919035,1.098109206231686,2.4481918340516975,2.0880643405398738,Si1,PU,combo_001,18.483332140026235,2.688381991593405,gp,0.49125353558405394,0.5087464644159461,0.9825070711681079,0.0,0.0,341.68803965484994,1.810239138804736,0.41010641968093364,0.0,0.3955571418075019,0.9999999629999999,0.7661537801496652,0.44310383543870246,0.26699127485567087,0.0009606277420108577,0.001049589854464806,0.0554037596153323,6.91462574732597e-05,884.1444162700709,13.710820136515654
8.501841672435626,1.0908888804827603,2.5257374207592598,2.2752685267075434,Si1,PU,combo_001,19.343972776343403,2.7552988673254837,gp,0.4839008815196948,0.5160991184803052,0.9678017630393896,0.0,0.0,338.2152347162779,2.2568200345859206,0.39382006547552106,0.0,0.45870187642718513,0.9999999629999999,0.7654517506307974,0.4431635267831269,0.29447281544048076,8.586391849471761e-05,0.0009977119217643039,0.05533102707816557,6.132498404914299e-05,866.8104862239945,15.29570566518756
12.214057734871147,0.9952282980656146,2.5210106226884346,0.7414990949384734,Si1,PU,combo_001,9.056712755933217,2.5089811114235463,gp,0.5126025703450878,0.4873974296549122,0.9747948593098243,0.0,0.0,382.33690202858384,2.6444773699957915,0.6007366976192943,0.0,0.4258285114889863,0.9999999629999999,0.765421143927234,0.5891845601442889,0.3051753564399432,0.0005236902071840818,0.0010611892932186164,0.05520342208426454,7.4022951272133e-05,1107.7947243391136,12.64632572042205
15.122482211389963,1.0172507393072348,2.067890507262317,2.2143468798056136,Si1,Si1,combo_002,33.48642129970726,2.1035631473190044,gp,0.491537274421038,0.508462725578962,0.983074548842076,0.0,0.0,420.8187980280729,2.116718483011132,0.7812045902390364,0.0,0.3859421719622002,0.9999999599999999,0.7652612934671263,0.7054424228648366,0.27790880754884906,0.0003810915876632485,0.001076869444999578,0.05520818180092128,8.166479793114668e-05,1292.220371097175,14.084341976960385
9.180956841447353,1.2978448426594351,1.7226951901467467,1.3611074416213542,Si1,PU,combo_001,12.496268678098476,2.23579106800617,gp,0.5021577318735257,0.49784226812647425,0.9956845362529485,0.0,0.0,334.6484086756818,1.3282672554382269,0.37709278210839847,0.0,0.3248288699349346,0.9999999629999999,0.764970915104428,0.40736800842661985,0.23694494674060645,0.0011998289209935885,0.0011013810777115852,0.05537336444754234,6.916787349069741e-05,863.9836230247863,9.27477576349794
15.99811928462369,0.9000680757418031,2.5504457275078423,1.4960067657868645,Si1,PU,combo_001,23.933294689662354,2.2955747782418867,gp,0.4946582959702468,0.5053417040297532,0.9893165919404936,0.0,0.0,435.5853538689108,2.8084883149908095,0.8504550558055757,0.0,0.3544170064513852,0.9999999629999999,0.76495439741578,0.7587360535142593,0.30107790668597023,0.00016718843878715128,0.0009222860274191468,0.05517598308624039,8.449647534403369e-05,1386.0849882575571,20.225102302810797
11.002418702769294,1.2459435454245262,1.7202431209579894,1.2297062736429947,Si1,PU,combo_001,13.52974330404242,2.1433258131185493,gp,0.5022104342986582,0.4977895657013418,0.9955791314026836,0.0,0.0,362.0120974609931,1.3854764526874193,0.5054198076128895,0.0,0.32122614618638307,0.9999999629999999,0.7644463676581048,0.4974958388678414,0.23871168554858901,0.0013450875784880882,0.0005950205432214352,0.05523894470791707,9.531916537808434e-05,1006.0125507697085,8.409055596711577
12.104637470486326,1.0655627921505402,2.21772165114152,0.5366255797843633,Si1,Si1,combo_002,6.495658100679254,2.363121674803064,gp,0.49323891225101235,0.5067610877489876,0.9864778245020247,0.0,0.0,371.6608674861218,2.6029333603528753,0.5506694801558075,0.0,0.36294463596077997,0.9999999599999999,0.7643497394801506,0.5473704350343175,0.29406737704622665,0.0007809515547816086,0.0010707684924758552,0.05517884941543393,5.141608557807832e-05,1059.540826506132,12.46726194068676
10.945194585233896,1.1690996178311432,1.938103295540084,2.364633337558984,Si1,Si1,combo_002,25.881372002314144,2.265835822133192,gp,0.5109507002795546,0.4890492997204454,0.9780985994408908,0.0,0.0,363.1761194769623,1.4357755233915932,0.510878701846888,0.0,0.40181486308679404,0.9999999599999999,0.7643199132689411,0.5099555002192896,0.252828466625279,0.00019796744564576292,0.0009925298136263482,0.055241593022158,9.51852205120043e-05,983.2018056685604,10.301476919771165
8.341068966041833,1.2845580397979939,1.8161367699449527,1.4632034151885216,Si1,PU,combo_001,12.2046805974354,2.3329330892055484,gp,0.5057963289678931,0.49420367103210694,0.9884073420642139,0.0,0.0,324.3755845732414,2.052657451847306,0.3289164937819258,0.0,0.3526808889201934,0.9999999629999999,0.764188411004894,0.38477649308107026,0.2703361456339891,0.0011579047681006208,0.001139830586203114,0.05531050887265273,8.625781376488238e-05,815.9469586476305,15.648065302194123
12.308847338832894,1.0004915486068549,2.4790872531547268,0.8151135426747462,Si1,PU,combo_001,10.033108160598703,2.4803058450402866,gp,0.5145695745147876,0.4854304254852124,0.9708608509704248,0.0,0.0,384.12495719501135,2.501755616312077,0.6091221094965391,0.0,0.43283365999218354,0.9999999629999999,0.7639666769724976,0.5941103718905969,0.3004704087521317,0.00043726634761250883,0.001065242250219581,0.05521625725212519,8.161031815269012e-05,1116.3663273223308,12.230125952388619
10.043224080497396,1.0110001730189468,2.7300889311519745,1.1011032596001689,Si1,PU,combo_001,11.05862677193059,2.760120381751758,gp,0.49963596154754075,0.5003640384524592,0.9992719230950815,0.0,0.0,354.0550728953269,2.2046957582987114,0.4681038849538715,0.0,0.3000158819595064,0.9999999629999999,0.7639368569584505,0.4786930062978929,0.26856783491373887,0.0008196615351168326,0.0011194256648149495,0.05538868256731643,3.470541663120723e-05,952.6779319375946,11.784964641984143
11.43543011453172,0.9525326704388073,2.878762001665449,1.4474261682043015,Si1,Si1,combo_002,16.55194079244472,2.7421148570041565,gp,0.4872723679334072,0.5127276320665928,0.9745447358668144,0.0,0.0,368.0596659220848,2.277246713161332,0.5337809864815534,0.0,0.41448051312125944,0.9999999599999999,0.7638178570588847,0.5369493983998063,0.28866338289526444,0.0007225461473006015,0.0009391048340153525,0.05517459540940979,7.630837386463417e-06,1013.5349605548564,13.849534318704908
15.904618254172018,1.017741869677516,1.9882206255939088,0.9054993956791118,Si1,PU,combo_001,14.401622217659732,2.0234953768233455,gp,0.4965635786351017,0.5034364213648983,0.9931271572702034,0.0,0.0,430.7602683280593,2.7420012992432663,0.8278269342785329,0.0,0.3273584084113978,0.9999999629999999,0.7637660846291229,0.7394244213141451,0.2943378113348226,0.0002928758105760208,0.0011151702575353055,0.05515136038528203,7.981327479686823e-05,1390.9119452769369,19.211238541696282
9.252445094075307,1.5322551804411837,1.2137611596897853,1.7151597769907903,Si1,Si1,combo_002,15.869421664173736,1.8597918247529723,gp,0.4815525618181624,0.5184474381818376,0.9631051236363248,0.0,0.0,323.00455558865855,1.4137158245589472,0.32248680249094747,0.0,0.46666120756469537,0.9999999599999999,0.7636635957340687,0.3843116253276688,0.2616657890310807,0.0017246830320972618,0.001041261503954035,0.05535227321221033,7.904359367472534e-05,817.0131451631746,9.093705018758532
9.533069896941091,0.9843432134303076,2.929026402516441,2.0014645126365336,Si1,PU,combo_001,19.080101095211212,2.883167261275247,gp,0.5004619338851677,0.4995380661148323,0.9990761322296646,0.0,0.0,352.7818513307249,1.8818576811058145,0.4621328794554736,0.0,0.29857534445825196,0.9999999629999999,0.7636352645054438,0.4706493921691638,0.2553322564345128,0.0010316030354039505,0.0010958865643725514,0.05532947281852932,7.33948624229127e-05,927.0195002390947,9.165559825375874
8.704526028503937,1.1335743815092147,2.310547563883514,1.1818382855882605,Si1,Si1,combo_002,10.287342118385483,2.619177525676877,gp,0.4941025046054346,0.5058974953945654,0.9882050092108692,0.0,0.0,326.17881913643055,2.2217702948736484,0.337373092217776,0.0,0.3485146421825544,0.9999999599999999,0.7635337254928571,0.39222806606126026,0.2765312348443488,0.0008680559668554627,0.001131853341875784,0.05538874032234853,5.731778715105359e-05,846.777038109153,13.16338597563134
13.360550620320833,0.959019679335403,2.555317164727511,0.7622291132996433,Si1,Si1,combo_002,10.183800652522148,2.4505994479172286,gp,0.5077236895107013,0.49227631048929865,0.9845526209785973,0.0,0.0,390.7459895575987,2.592994291607173,0.6401726522623924,0.0,0.3623342356220536,0.9999999599999999,0.7631205960568868,0.6098470939474371,0.293574991648758,0.00031937280532942435,0.0010160446810993228,0.05522137087661576,6.000900947887137e-05,1146.9518446645286,11.459805091242186
14.021436040683774,0.9697078139893707,2.4317748184378365,0.9138145040532231,Si1,PU,combo_001,12.812991621631431,2.3581110433017534,gp,0.49104290851622423,0.5089570914837758,0.9820858170324485,0.0,0.0,407.5401736941218,2.2063252212287736,0.7189320517323787,0.0,0.3734453743072388,0.9999999629999999,0.7630692752157646,0.6616344475360203,0.27964797217029524,0.00028210385534588735,0.001089107033394769,0.0552951853108825,5.740807907359229e-05,1249.127301128801,11.793746254820705
9.392960830587283,1.5829936990295403,1.1327774507207031,1.8559369087385904,Si1,Si1,combo_002,17.432742687822824,1.7931795668936188,gp,0.47703797094645495,0.522962029053545,0.9540759418929099,0.0,0.0,323.8477658912764,1.7074227316248052,0.32644119149378464,0.0,0.5037432733672792,0.9999999599999999,0.7630161295549338,0.3941721009117834,0.2790727873580138,0.0017605038357061615,0.0008828850900411657,0.05533560627415572,8.449594465602152e-05,818.4599832446578,11.565681215883618
8.317750709500434,1.1808716109386834,2.159341799392609,2.4833160633321545,Si1,PU,combo_001,20.655603947694853,2.5499054292159857,gp,0.4958886989347935,0.5041113010652065,0.991777397869587,0.0,0.0,334.3316465330606,2.3816580928717523,0.3756072680801572,0.0,0.3264269145440953,0.9999999629999999,0.7628398255089777,0.41862550146060545,0.27966607280691513,-0.0002233672909440138,0.0008732500092801615,0.055307071657434474,8.429977449540465e-05,843.1430440994528,16.69407003142761
14.249453596276329,1.0687811082077996,1.9413294986236551,1.22325502247736,Si1,Si1,combo_002,17.430715679203097,2.074856292935482,gp,0.514737545518507,0.48526245448149297,0.9705249089629859,0.0,0.0,404.94518609702396,1.5877129783935906,0.7067623825708376,0.0,0.4255100263944264,0.9999999599999999,0.7628276332448052,0.6511942711026457,0.2625101142818226,-0.00017938385129241186,0.0009692642417254624,0.05531273876000792,4.3970374168887233e-05,1229.811546335616,12.200168128932894
11.873391393530332,1.0736137361034273,2.2038012392269204,1.69834599142063,Si1,Si1,combo_002,20.16512667777045,2.366031282075777,gp,0.49155549874813786,0.5084445012518621,0.9831109974962757,0.0,0.0,374.93609963316345,1.41509950391931,0.5660292806039168,0.0,0.3655527564925641,0.9999999599999999,0.7626710624828046,0.5446964581511744,0.24655532275100134,0.00184111493322613,0.0009620293604803049,0.055176971827672575,6.622965296148861e-05,1048.1426151989574,9.066130876880093
13.595319928580189,1.0302860646510408,2.1727910055817024,1.2244414605868363,Si1,PU,combo_001,16.64667339049605,2.2385962944499496,gp,0.5146844568484603,0.4853155431515397,0.9706310863030794,0.0,0.0,403.95753953706793,1.5578884050140562,0.702130633310594,0.0,0.4237383808087404,0.9999999629999999,0.7626641500681296,0.6474312328921885,0.2610415947499566,-0.00012825632600575146,0.0009591228887504226,0.05513487752742491,1.4402642276023172e-05,1226.9623666383002,7.301974083712465
15.582868426034462,1.1605424357877991,1.5254525803063061,2.1061325903537886,Si1,Si1,combo_002,32.819587043266225,1.770352453227464,gp,0.5072626449686108,0.49273735503138916,0.9854747100627783,0.0,0.0,424.1259072436105,2.1875580418550378,0.7967138840326513,0.0,0.35208842447952143,0.9999999599999999,0.76235929257059,0.713729792667522,0.27568758156042705,0.00039524986051421086,0.001024771603818534,0.0550735742140605,1.9373842153932435e-05,1305.995662148994,14.590357653154927
11.45734834777571,1.0964883812164719,2.166901815083832,0.6067805414460612,Si1,Si1,combo_002,6.95209603399948,2.375982663476306,gp,0.4944297427191824,0.5055702572808176,0.9888594854383648,0.0,0.0,362.300295162756,2.44146546997211,0.506771363469069,0.0,0.3361866211019015,0.9999999599999999,0.7623456895639096,0.5121054607150072,0.2835419557829258,0.0008683665634617707,0.001024576765383784,0.05517702434823348,3.848242207348208e-05,1012.0884763231788,11.71401036928277
15.519548602518311,1.0432913505013341,1.9252406667238842,1.5768942766246845,Si1,Si1,combo_002,24.472687367109746,2.0085869352264503,gp,0.49093894015969397,0.509061059840306,0.9818778803193879,0.0,0.0,422.4501588112645,1.858064733662149,0.7888551551345133,0.0,0.36269500030497737,0.9999999599999999,0.7615677685945828,0.7054927995245395,0.2639906761953352,0.0009195818967249552,0.0010063921143833145,0.0550768663883934,2.575867925167932e-05,1322.0309171716297,15.782991520533434
15.199927944311538,0.9929686184718757,2.1716119300027987,1.4519267389939605,Si1,PU,combo_001,22.069181813127425,2.156342497991923,gp,0.49336063789731455,0.5066393621026855,0.9867212757946291,0.0,0.0,425.9610445150839,1.6689787615469178,0.8053200960564857,0.0,0.3390944869600837,0.9999999629999999,0.7614399183282349,0.7124794905039598,0.2528250914334529,-4.024380327666212e-06,0.0008370932773551689,0.0552066747664094,7.656051309447833e-05,1342.9492702108682,14.174441242199455
14.15624623557693,0.9090536715469144,2.7436378635542082,1.342282654243883,Si1,Si1,combo_002,19.00168377122018,2.494114073259085,gp,0.49649737090762525,0.5035026290923748,0.9929947418152505,0.0,0.0,403.6427611531243,1.5364129337230958,0.7006544224816549,0.0,0.3067378070690158,0.9999999599999999,0.7610452845368703,0.634450379527732,0.24262543985320442,-0.0008414523471405633,0.0008851328284117317,0.055304381695950144,5.232483474260338e-05,1202.6903142464569,8.71487655862768
9.660209809096848,1.0100178624028366,2.746820252439977,2.3897774763769952,Si1,PU,combo_001,23.085751818855762,2.7743375197742455,gp,0.5185345559664114,0.4814654440335886,0.9629308880671772,0.0,0.0,356.15088033960035,1.8539667248493226,0.4779325574498895,0.0,0.44685544010478434,0.9999999629999999,0.7610221807305656,0.49621580669267984,0.2764494770511933,-0.0005465109055339763,0.0006405027241153865,0.055341592912021655,7.262069584369472e-05,938.403891904855,10.474044201958407
12.566551979416275,1.1460425880238296,1.8516879287273367,2.4036469760311343,Si1,Si1,combo_002,30.205554664461992,2.1221132260511615,gp,0.5056325337678746,0.49436746623212535,0.9887349324642507,0.0,0.0,386.2948762575884,1.275360680107014,0.6192983419873677,0.0,0.3255410884093962,0.9999999599999999,0.7609074636172781,0.5763735132848625,0.2349181489460888,0.0006021063431708019,0.0010822378983065591,0.05521370214993249,7.83523334803754e-05,1103.096434175561,11.433949425296452
9.186844792013305,0.994637290715005,2.910349181897846,1.1697625045257882,Si1,Si1,combo_002,10.746426572595178,2.894741825317505,gp,0.5022694315063028,0.49773056849369723,0.9954611369873945,0.0,0.0,335.76143621002507,2.841810866506305,0.3823125283899575,0.0,0.2937218469130212,0.9999999599999999,0.7608523409541201,0.4253507225023744,0.29331747282031023,0.0008215330179254376,0.0011507255597214433,0.0553892180971085,4.385915985679403e-05,884.3233754430378,14.930776187300783
14.564233555183833,1.0351224617627253,2.0529037757788684,0.5859042405155217,Si1,PU,combo_001,8.53324619984066,2.125006810146216,gp,0.5067676932272231,0.49323230677277685,0.9864646135455537,0.0,0.0,411.7977794524192,2.5955820046971914,0.7388988729829693,0.0,0.33443465176080234,0.9999999629999999,0.7606895213853404,0.6761953069273763,0.2894944124853819,0.00035981231280533707,0.0010401666279588088,0.05517773377232337,3.0011611403850113e-05,1296.992960133353,13.255591705623752
8.087075887434853,1.436174640311385,1.4237858476891239,2.0645012377304317,Si1,Si1,combo_002,16.695778179229183,2.044805127685368,gp,0.5220591066189613,0.47794089338103873,0.9558817867620775,0.0,0.0,313.877086072668,1.8571105590433585,0.2796818640720187,0.0,0.4745655898218048,0.9999999599999999,0.760357862918658,0.3602475603890669,0.2807327844209273,0.0012089491859123033,0.001004764815096641,0.055285986639663665,9.653332095583178e-05,765.6411588137473,13.834731714685432
13.017876402479587,0.9348533662845244,2.7605034144525384,0.7662350834236584,Si1,Si1,combo_002,9.97475361125282,2.5806659096408793,gp,0.49100681595564666,0.5089931840443533,0.9820136319112933,0.0,0.0,385.7636976304838,2.793467339860779,0.6168072826216991,0.0,0.3523686011588289,0.9999999599999999,0.7603260440321022,0.5948046943741004,0.3001648756544228,0.0004496304184336901,0.001071739035479201,0.05532944330824297,1.7889583394444943e-05,1118.9407083883093,12.755531227042923
11.564622699235887,1.363665034059068,1.3871215613830947,1.6263068092231392,Si1,Si1,combo_002,18.807624641863804,1.8915691712475453,gp,0.4949605206887,0.5050394793113,0.9899210413774,0.0,0.0,362.60768141961796,1.0610486215763155,0.508212907565464,0.0,0.3153151373770794,0.9999999599999999,0.760306543677626,0.4951217334071168,0.22474142391410598,0.0019251606953725208,0.000997766643003293,0.05518819093965613,7.406322435214132e-05,993.7816544235827,9.40609761348017
12.564384264975946,1.1028979097021727,2.0179944129381404,0.8858621059922228,Si1,PU,combo_001,11.130311905467138,2.2256418198201384,gp,0.4964486688830396,0.5035513311169604,0.9928973377660792,0.0,0.0,386.5412293035046,1.958462792374149,0.620453659673314,0.0,0.3013300977854229,0.9999999629999999,0.7602942898286229,0.5826320853201145,0.25883482026369664,0.00024702115281024866,0.0009962956795860117,0.055214828778013675,7.723731221157054e-05,1142.799744142898,10.377472982318082
15.89403820733432,1.1142834578936278,1.6571964981437426,0.9888842844490645,Si1,PU,combo_001,15.717364599665892,1.8465866443608205,gp,0.48631719817722896,0.513682801822771,0.9726343963544579,0.0,0.0,429.7032548412398,2.250496987159579,0.8228698761221602,0.0,0.39309096144261024,0.9999999629999999,0.7599356512751917,0.7368644463089142,0.28437618069338544,0.0002440583460397085,0.0011324959816341022,0.05515309762831217,8.22008600860487e-05,1375.4712116185776,15.826394063913872
11.64513859306604,1.4950511153706216,1.1507132991922902,1.544856111122143,Si1,Si1,combo_002,17.990063520362387,1.7203752014292413,gp,0.4817574924734416,0.5182425075265584,0.9635149849468831,0.0,0.0,358.3404388971997,1.2512134056628534,0.4882008929462155,0.0,0.4338852987992549,0.9999999599999999,0.7597098095205119,0.4951614864071788,0.25019596294704705,0.0019640726640146747,0.0010258284408545492,0.055191136315286236,8.225558377824581e-05,967.2558682727387,10.160230469803457
11.72579839701987,1.0859798266711964,2.173590918832673,0.8904121082615497,Si1,Si1,combo_002,10.440792871740364,2.3604758892879927,gp,0.4964131927824127,0.5035868072175873,0.9928263855648254,0.0,0.0,368.3126463333132,2.1247492520819016,0.5349673844097914,0.0,0.29651900760522965,0.9999999599999999,0.7596355390121732,0.5242265957605456,0.26481919983687463,0.000469331688926448,0.0010632963526902945,0.05518446654928588,7.751641426285717e-05,1033.3664886890951,10.693017917999686
14.00132477877461,1.1121940007289177,1.833573349700123,0.5071152538584545,Si1,PU,combo_001,7.100285369542955,2.0392892794329027,gp,0.5023997303080847,0.4976002696919153,0.9952005393838306,0.0,0.0,402.65157981677737,2.357417574601162,0.6960060962407408,0.0,0.2852516334071741,0.9999999629999999,0.7596114566514858,0.6385078450825281,0.27251220271759835,0.0005071692786038713,0.001063569041795183,0.05531593747944307,5.2541409520248107e-05,1250.5161064879196,10.672555941303528
9.991117670942543,1.1768994067175087,2.029690252365263,1.3114745261390097,Si1,PU,combo_001,13.103096313098458,2.3887412538289885,gp,0.4915327384584849,0.5084672615415151,0.9830654769169698,0.0,0.0,350.3247309006807,1.43794608622185,0.45060976360045235,0.0,0.34149703559286765,0.9999999629999999,0.759562149742436,0.4617604710036078,0.24386832797294555,0.0012021336199694792,0.0009743965640075603,0.055411339024494695,4.006138156034618e-06,937.2085946630245,10.6191970841126
10.826288483916139,1.4758287094282116,1.2232681468055127,1.3842572700505062,Si1,Si1,combo_002,14.986368541524989,1.80533425038462,gp,0.5145372641940931,0.48546273580590693,0.9709254716118139,0.0,0.0,345.89766235222487,1.2315048084006017,0.4298482155874965,0.0,0.39616922033329377,0.9999999599999999,0.7593083477390159,0.45031591485779093,0.24374373774624317,0.0016180847422663553,0.0010256869738784718,0.05524893208395594,9.624752953174694e-05,922.2272565399196,10.894872048731973
13.843171963661977,0.8900835999675055,2.9231512868206098,1.1913354396474647,Si1,PU,combo_001,16.491861357444698,2.6018490206229345,gp,0.4938147946058393,0.5061852053941607,0.9876295892116786,0.0,0.0,406.1213149127608,2.160598451546013,0.7122780538576213,0.0,0.31816096285818923,0.9999999629999999,0.7593012114676276,0.6509213275793277,0.2695112294048368,-0.00047435712256407544,0.001056670053206524,0.05519245506909373,4.587157308954058e-05,1224.9104150590167,10.092504521613145
9.526839904019862,1.1444649237979552,2.182997680465177,1.805277804392092,Si1,Si1,combo_002,17.198592624723947,2.4983642740246914,gp,0.49243134583540815,0.5075686541645918,0.9848626916708163,0.0,0.0,341.24696897040906,1.3192288554429683,0.40803793800013366,0.0,0.33064812837920904,0.9999999599999999,0.7592467627805877,0.4295073993971797,0.23745333211395975,0.0020627346149995653,0.000811020697465101,0.0553353080145547,7.911495422672373e-05,892.329660614184,9.9890837651824
15.090323036050709,0.942298079766248,2.401148918767583,1.326999731580984,Si1,Si1,combo_002,20.024854618309632,2.2625980153874963,gp,0.5160243428201134,0.48397565717988655,0.9679513143597731,0.0,0.0,416.1712540943932,1.7648367778896588,0.7594090825649868,0.0,0.4087447794588219,0.9999999599999999,0.7591413168962793,0.6884113205778052,0.26713842184633607,-0.0009475088222110568,0.0009226758197074067,0.055207915478058596,7.95723419097231e-05,1279.6450596442496,14.15892201381735
8.268105556945805,1.2465248793973316,1.9379456962816728,2.381885018912704,Si1,Si1,combo_002,19.69367676087809,2.41569752533609,gp,0.49128600172143067,0.5087139982785693,0.9825720034428613,0.0,0.0,324.9725464079278,1.741991894811017,0.3317160555364116,0.0,0.34044654898911064,0.9999999599999999,0.7591325610476998,0.3819331516450726,0.2559723928957236,-0.00011688486673475107,0.0009278757518527863,0.055302264059742576,8.878702994571252e-05,810.264106485813,15.357594923684552
14.456343012206725,1.0807824502745846,1.8770073102818112,1.3220479699883976,Si1,Si1,combo_002,19.111978932743856,2.0286365599896836,gp,0.5142479234543593,0.4857520765456407,0.9715041530912814,0.0,0.0,407.90936113098775,1.5022893507643875,0.7206634237706423,0.0,0.3908979779736335,0.9999999599999999,0.7589790201065962,0.6564795133149839,0.25387332076964353,-3.9529227928299885e-05,0.0008707285314661663,0.0552304670979438,5.4263303084822876e-05,1244.9736260910768,12.637365460974884
9.24106841887672,1.3439896942860856,1.5955507815751322,1.3389254968190651,Si1,PU,combo_001,12.373102123883486,2.144403807147087,gp,0.5089629398221334,0.49103706017786664,0.9820741203557333,0.0,0.0,333.4588450063488,1.2480830121309314,0.3715141056173963,0.0,0.3410945219523491,0.9999999629999999,0.7589179210003626,0.4041655883712671,0.23615110354634403,0.0011995455372865562,0.0010938514292909039,0.05536305940276116,6.932249260730827e-05,860.4654131582088,8.96945527756701
9.162111725589678,1.0073474403837586,2.8291497679638717,2.1374082064489244,Si1,PU,combo_001,19.583172790677295,2.8499367772207105,gp,0.5114443420375103,0.4885556579624897,0.9771113159249794,0.0,0.0,348.29200459466796,1.9726229705543545,0.44107692164475176,0.0,0.3639925302760402,0.9999999629999999,0.7588843896190655,0.46349777061907593,0.26880524048191584,0.0005793284412147288,0.001098765387080672,0.05539114827630044,5.1949766100614763e-05,907.4801816861818,10.910863987792268
14.63716754680748,1.1939896218816894,1.5262857442364242,2.3277829722043117,Si1,Si1,combo_002,34.07214937676001,1.822369338644261,gp,0.4980161129763703,0.5019838870236297,0.9960322259527405,0.0,0.0,412.46131291092036,1.9051516807255986,0.7420106345484592,0.0,0.27372704104623424,0.9999999599999999,0.7586322868552084,0.6643473919412556,0.2525444169414227,0.0004739574481944452,0.0010942477814695013,0.05517108102313271,4.844231402364626e-05,1233.955232450513,13.94849832149151
8.03147608474315,1.4014704730985545,1.5373222854244601,1.5438630795265034,Si1,PU,combo_001,12.399499401335024,2.1545117906587694,gp,0.4878994184659575,0.5121005815340425,0.975798836931915,0.0,0.0,316.0260642612163,2.232137933984637,0.2897598905023756,0.0,0.367480713144827,0.9999999629999999,0.7585466081844943,0.36091489192633536,0.2797942547823882,0.0011936942959354711,0.0011533197871337777,0.05528349286812094,9.673157159416628e-05,777.6867686788266,16.258690757818083
14.444809746537675,1.142754485744487,1.697551479864385,0.5077495149585775,Si1,Si1,combo_002,7.3343451424734365,1.939884568397218,gp,0.4896824488385789,0.5103175511614211,0.9793648976771578,0.0,0.0,401.36708238507435,2.2516824870703664,0.6899822105003399,0.0,0.3472842016202117,0.9999999599999999,0.7580912018994868,0.6392760638480883,0.27755297541843427,0.00047357227735332554,0.0010715148771645187,0.05523768258778231,5.8050630137887956e-05,1236.5392088982608,13.68434314576287
9.036361495053221,1.25205228388712,1.8509590075676354,1.6954909682313095,Si1,Si1,combo_002,15.321069300535909,2.317497452806495,gp,0.5112664740215571,0.4887335259784429,0.9774670519568858,0.0,0.0,330.5549781505998,1.267248827317776,0.3578958906543838,0.0,0.3560840177375408,0.9999999599999999,0.7580839257908762,0.39635262259692083,0.23917245143847451,0.001847608051075274,0.0009672612027450836,0.05539225143401842,7.583315504483426e-05,846.2125308908314,12.306885371714117
12.944490912682962,1.1705718339858668,1.7493632682678284,1.6112411808527907,Si1,PU,combo_001,20.856696823689514,2.0477553692437818,gp,0.5030542161259239,0.49694578387407606,0.9938915677481521,0.0,0.0,394.3561066346921,0.9381214459133703,0.6571029568664648,0.0,0.2783713225769782,0.9999999629999999,0.7579474983089515,0.5942339755726606,0.2142424130660778,0.001750016740943639,0.0010143289880027656,0.05526651138792228,3.549143293889026e-05,1169.8638995394742,7.545083318582223
8.938313134582389,1.2793640636821464,1.7939803669896186,1.5091072101437994,Si1,Si1,combo_002,13.488872797921308,2.295154012477827,gp,0.4886387025778305,0.5113612974221695,0.977277405155661,0.0,0.0,326.8906915714971,1.2791184084610332,0.34071154825882577,0.0,0.35554837761981367,0.9999999599999999,0.7579019298875986,0.3844067844945996,0.23957078497301285,0.0013809055228675023,0.0010881340418933847,0.05540452157820506,7.083685187874633e-05,834.892577147171,12.425233416061522
13.192262147467844,1.0815446059527392,2.018766918336243,1.619400693632369,Si1,Si1,combo_002,21.36355847218947,2.183386471202397,gp,0.4944108269323788,0.5055891730676212,0.9888216538647576,0.0,0.0,392.89160171893195,1.1655595112374624,0.6502348930922165,0.0,0.3012525131407286,0.9999999599999999,0.7578477786856752,0.5943350729411718,0.2268467725900254,0.0016569126638060097,0.001000711822241026,0.05529771527687504,3.455783344824739e-05,1149.8152831519249,9.811611509051561
10.098810675170132,1.0441651446376161,2.554134994912519,1.399094764018358,Si1,PU,combo_001,14.12919313844323,2.666938736386827,gp,0.49904871974421994,0.5009512802557801,0.9980974394884399,0.0,0.0,356.0962970030434,1.7526024094287167,0.47767657890557036,0.0,0.25748860407906154,0.9999999629999999,0.7577866837603358,0.4759319819811174,0.24395660519945117,0.0010565666738583366,0.0010177117572412282,0.05537564690612228,4.421796125501487e-05,957.5782141535445,12.349692636682896
15.80276022115094,1.2929036919272798,1.1960416260461515,1.8662090654209378,Si1,Si1,combo_002,29.491254383385268,1.5463666340137763,gp,0.48672289941497127,0.5132771005850287,0.9734457988299425,0.0,0.0,421.8774416579048,1.6899636249121208,0.7861692932493459,0.0,0.371123113598986,0.9999999599999999,0.7576065038087176,0.7025185860519658,0.2584756680011862,0.00046985716895674623,0.001081127328567973,0.05513663448956948,7.82975535445103e-05,1282.7517058011651,9.481324105612694
13.266483540985195,1.1654279448912956,1.7307183385098268,1.333252779726581,Si1,PU,combo_001,17.687576058215445,2.0170275164351854,gp,0.5104864358727355,0.48951356412726454,0.9790271282545291,0.0,0.0,397.42343357522554,1.174121641855004,0.6714877478066301,0.0,0.3441126943219968,0.9999999629999999,0.7574829817344183,0.6135967456102691,0.23362109604529874,0.000884058268034816,0.0008531525695547377,0.05526111556918664,4.415760582337626e-05,1192.477918334917,7.631461969101632
9.225479167303048,1.0403095803378255,2.667296994056305,1.7515714286731923,Si1,PU,combo_001,16.159085725267772,2.774814616523058,gp,0.5025853946640124,0.4974146053359876,0.9948292106719752,0.0,0.0,346.2836886739618,1.7630690910719315,0.4316585566575036,0.0,0.2685518435130611,0.9999999629999999,0.7572501093998426,0.44494629122420504,0.24603819417122155,0.0017270295229786909,0.0009450648294851869,0.055382431461098974,3.7330921582909375e-05,907.6582074068907,11.655310155791993
9.140533740872698,1.2147690784450211,1.9667648492745613,1.394110607460028,Si1,PU,combo_001,12.74291504599692,2.3891651234713196,gp,0.5096921027294883,0.4903078972705117,0.9806157945410234,0.0,0.0,337.56366376064045,1.5243196347916765,0.39076440425608205,0.0,0.334280399002209,0.9999999629999999,0.7571731531582517,0.4201422829199267,0.2462691273919006,0.0011957786868811143,0.0011009012632985462,0.055382418047589345,6.8336003300383e-05,876.2007246523481,11.982707106079001
9.830071345506203,1.3446554836188798,1.554873173233045,0.6073541904691209,Si1,PU,combo_001,5.970335024303622,2.0907687387197025,gp,0.519782750163337,0.48021724983666303,0.9604344996733261,0.0,0.0,336.6344298555122,1.9375818542819268,0.3864065918288687,0.0,0.4276701812776382,0.9999999629999999,0.7570720008899773,0.4311925484935133,0.2769437408910407,0.0011019339187103628,0.0010043250888624644,0.05538303745999321,6.363532710455954e-05,897.1064638692864,11.60755971002351
8.695137194006863,1.6285069627151703,1.1009096491140389,0.6720186795682159,Si1,PU,combo_001,5.843294615780974,1.7928390289025273,gp,0.47774835641791924,0.5222516435820808,0.9554967128358385,0.0,0.0,308.74676219650917,2.386722974298745,0.2556222715197331,0.0,0.44980913363541764,0.9999999629999999,0.7569561856405782,0.347032585164327,0.29837766352471506,0.0008725638351224904,0.0010756180704624182,0.05541337073160817,2.9156768448299994e-05,776.881001744533,17.390541535867413
12.007306198105773,1.068477494448129,2.198669298480445,2.4421613830739113,Si1,Si1,combo_002,29.323779511757945,2.3492286631604116,gp,0.4997760176391126,0.5002239823608874,0.9995520352782252,0.0,0.0,379.82995496324514,1.2258821913222815,0.5889799106408947,0.0,0.24291308470667294,0.9999999599999999,0.7567890643783755,0.5463177020146921,0.2205285670398957,0.0004452325516450671,0.0010774224917217284,0.055169156548243364,4.133997684051712e-05,1062.2308411806061,9.83388309547501
11.849881646300554,1.013066995955899,2.4840801059284754,1.97051771341012,Si1,PU,combo_001,23.350401685848716,2.5165395706267724,gp,0.49579673519239975,0.5042032648076002,0.9915934703847995,0.0,0.0,383.55161295118324,1.3321672537449707,0.6064333067558766,0.0,0.27986242946030193,0.9999999629999999,0.7567646444514009,0.5634546688166708,0.23035726081438984,0.0002831844081908546,0.0009136434342294924,0.05518263986590556,7.162828980733475e-05,1085.9390400220946,10.415238612983709
13.243613506410867,1.200972951035001,1.639614744295725,1.4990707499909193,Si1,Si1,combo_002,19.853113631645208,1.9691329580173351,gp,0.4851726214830663,0.5148273785169337,0.9703452429661326,0.0,0.0,390.9026489252396,1.2012927333722845,0.6409073350321205,0.0,0.3787653108831429,0.9999999599999999,0.756731911109491,0.5959687931208176,0.239914750917538,0.0017974666129746664,0.0008706270531974344,0.055268114247199164,3.712238270384037e-05,1140.3574455246423,10.834553788453698
10.033234354525158,1.0428056153514915,2.5728918561513323,1.3294496501410191,Si1,PU,combo_001,13.338679902406325,2.6830260752867314,gp,0.4954735352850168,0.5045264647149832,0.9909470705700336,0.0,0.0,354.75958692970386,1.8187552168972245,0.4714078324284641,0.0,0.2823267741826273,0.9999999629999999,0.7566939054905177,0.47478991291659717,0.2503501583218275,0.0009636083537388571,0.0010365925922233349,0.055394961462504534,3.093247956004213e-05,952.9115765355458,12.388409349716579
15.834146255954265,0.9536700076150117,2.259541201177676,0.5640961539069876,Si1,Si1,combo_002,8.931981003384529,2.154856674533547,gp,0.5097638681231587,0.49023613187684134,0.9804722637536827,0.0,0.0,420.27866394412973,3.5001342501058406,0.7786715326198742,0.0,0.32866232553499175,0.9999999599999999,0.7563676326053022,0.713881512312285,0.3251075810673073,0.00048632181148198616,0.001127416102190518,0.055124887448261835,6.907026681792827e-05,1336.0734794156915,20.992401270927868
13.381572759426483,1.1322127318292945,1.8284290249258683,0.9155390129475117,Si1,PU,combo_001,12.251351915850632,2.0701706212672906,gp,0.5018332300408868,0.49816676995911324,0.9963335399182265,0.0,0.0,397.157187342163,1.716177490561852,0.670239137379551,0.0,0.2544338618002524,0.9999999629999999,0.7563408362707698,0.6100005976588312,0.24202944026595885,0.00015320345966959728,0.000986703811546326,0.055212608319035295,5.453807112629102e-05,1204.8757033247257,8.269057865315812
15.068010285839105,0.9879028079278214,2.2137073931374873,0.8770421064731426,Si1,PU,combo_001,13.215279481451308,2.1869277496111015,gp,0.49231588825149863,0.5076841117485014,0.9846317765029973,0.0,0.0,420.4918961043074,2.35573541122834,0.7796715238517649,0.0,0.30845796475806964,0.9999999629999999,0.756266005764878,0.6993748950534646,0.27592531369868833,0.0002520878808264927,0.0010618739026605536,0.05520435578115145,8.180817320845683e-05,1331.0337606067565,15.084761638632356
8.484854060609276,1.062892467971115,2.656362209701795,0.609258667155518,Si1,PU,combo_001,5.169470875975892,2.823427384895145,gp,0.4954941491092608,0.5045058508907392,0.9909882982185216,0.0,0.0,327.9043508437349,3.4806322212252603,0.3454652888930619,0.0,0.2787305677907984,0.9999999629999999,0.7562578544673423,0.4054192568326557,0.3168313349681334,0.0013116947901567956,0.001016283791303952,0.055325830643602185,6.047597837354344e-05,857.4773252536593,19.031714824627947
12.074669200496558,1.1479871185626784,1.9060414644388226,1.5367255894761096,Si1,Si1,combo_002,18.5554531448621,2.188111048622112,gp,0.4951545841589322,0.5048454158410678,0.9903091683178644,0.0,0.0,375.8914245045447,1.308705370619478,0.5705094513914396,0.0,0.28160081569209217,0.9999999599999999,0.7562195469752013,0.5382114721223585,0.22967184138080954,0.001705283216238768,0.0009492674140265752,0.055167818460147684,3.487430886955969e-05,1062.582422515301,8.647933968973875
8.20795635742146,1.4306650324251817,1.4479634610500294,2.0396355345330783,Si1,PU,combo_001,16.7412394524935,2.0715506919536186,gp,0.5034051353149946,0.49659486468500535,0.9931897293700107,0.0,0.0,320.57630774452315,2.1470076996050347,0.3110990899105859,0.0,0.2675467402981817,0.9999999629999999,0.7561412155897151,0.3648780330246,0.26137100464552804,0.001306317831413158,0.0009961613779814493,0.05529528884469853,9.417899939610436e-05,786.2192190589079,15.360461969804978
15.586498422383729,1.3149761945289107,1.1449380604155799,0.6477536550451377,Si1,PU,combo_001,10.096211322454334,1.5055662936565912,gp,0.5239254417183261,0.4760745582816739,0.9521491165633478,0.0,0.0,417.6171532764431,2.000079221645252,0.7661898913465662,0.0,0.45730844931610193,0.9999999629999999,0.755915600344651,0.7007248021221921,0.283909891165365,0.00019751484642902673,0.0009900778131320671,0.055088623608930305,2.987738622288306e-05,1284.4674315310704,9.141368340037381
12.702866882747449,1.4695556298518695,1.107513144367908,2.2256983234799037,Si1,PU,combo_001,28.272749524319387,1.6275521764408056,gp,0.5012778936064843,0.49872210639351566,0.9974442127870313,0.0,0.0,382.35264826912663,1.1196991792336584,0.6008105424955311,0.0,0.24497366043403265,0.9999999629999999,0.7557929159760822,0.5535817233002267,0.21655547774993597,0.00048494929324601355,0.0010819143250022645,0.05520715636692171,6.04930370298908e-05,1062.7647314964793,9.72919467978793
14.244274309227539,1.1785122178453897,1.6062821157462017,0.9308875258890212,Si1,PU,combo_001,13.25981726980137,1.893023098713441,gp,0.5055009851439145,0.4944990148560855,0.988998029712171,0.0,0.0,407.2063024420087,1.578235924545273,0.717366301404589,0.0,0.28425348438837605,0.9999999629999999,0.7557755322706361,0.6443821623599977,0.24093944034107373,0.00014519215485871964,0.0010263488292576199,0.05531962174143299,3.835330101555118e-05,1252.5788190910594,9.870564282434385
8.445276633988074,1.0984735930641696,2.47084089978991,1.414108094902152,Si1,PU,combo_001,11.942534051810535,2.7141534810821284,gp,0.5100758022550771,0.4899241977449229,0.9798483954898458,0.0,0.0,332.0672378920541,2.4707347946700504,0.36498790942179465,0.0,0.3260569270295567,0.9999999629999999,0.7556608959217229,0.41218132546922975,0.2832028830529959,0.0010342892398005345,0.001121549504562709,0.055321653118188735,6.899274110444677e-05,857.0179482680958,17.193374190055174
9.934088888233353,1.4513819168114304,1.323477807707805,1.5282846482002534,Si1,PU,combo_001,15.182115541743757,1.9208717574083438,gp,0.5034921735614812,0.49650782643851876,0.9930156528770375,0.0,0.0,339.97695689278,1.0491325143056471,0.4020819839781597,0.0,0.26433084048074107,0.9999999629999999,0.7556251688268516,0.41559435582924087,0.2166132239597036,0.0016304290209922965,0.0010804223324861516,0.055398115659409795,4.5921298716967364e-05,892.8615504925983,10.821744679834723
9.608762111941388,1.0947534919642259,2.3831546676382427,2.334696397327144,Si1,PU,combo_001,22.43354228552312,2.60896689428781,gp,0.48748440478045296,0.512515595219547,0.9749688095609059,0.0,0.0,353.27443202717865,1.5020356502612136,0.46444292676279314,0.0,0.34821303204498805,0.9999999629999999,0.7555820723712638,0.47285374788810886,0.2474603480305404,-0.0003753042293714097,0.0007687781753702633,0.05533770110959692,7.8427196182073e-05,930.1341317570415,11.966011968824754
8.21420638111821,1.1754276019526506,2.1630964024990256,1.5278717928543573,Si1,Si1,combo_002,12.550254230394781,2.542563217181835,gp,0.5222605682493366,0.47773943175066336,0.9554788635013267,0.0,0.0,320.9759823592477,2.113131175463796,0.31297343714789216,0.0,0.43915731596662183,0.9999999599999999,0.7555809449437705,0.38296079585268006,0.2857464092787201,0.001214587114817224,0.0010909899035113615,0.05529850602354498,8.900376642298836e-05,815.6784143293846,15.365056851678894
14.161690229294095,0.9356390266932223,2.621161847164281,0.6686954784605533,Si1,PU,combo_001,9.469858223687957,2.452461319486196,gp,0.47499633010755105,0.525003669892449,0.9499926602151021,0.0,0.0,407.28156665265203,2.8039184261075327,0.7177192666920758,0.0,0.4637706809593109,0.9999999629999999,0.7554542584139056,0.6767037126809752,0.3172966621959652,0.00039625041627157223,0.001030464529460565,0.05530690957402106,5.1065474484688295e-05,1251.8398109293219,13.4689383237924
14.0171592074302,0.8832120688004383,2.981055858645554,0.732307753501411,Si1,PU,combo_001,10.26487436966483,2.6329045121240067,gp,0.4688404067505303,0.5311595932494697,0.9376808135010606,0.0,0.0,405.08053386026313,3.0168772682262213,0.7073971206721748,0.0,0.5210797715134078,0.9999999629999999,0.7554355299658482,0.6776629079550515,0.33448128529317045,0.00047504461067589103,0.0010701388563154727,0.055272015430252765,6.060533391649582e-05,1233.1761076445748,13.340106471029495
8.13436192817321,1.5454323924962836,1.2249940479567594,2.3874559014138237,Si1,PU,combo_001,19.42043038965306,1.8931454823275218,gp,0.5043365226640208,0.49566347733597915,0.9913269546719583,0.0,0.0,317.0409409304058,2.585437110926396,0.2945193403423732,0.0,0.2703725398947095,0.9999999629999999,0.7553895943779474,0.35860652977470764,0.2794759697937205,0.0002317221562694347,0.001047515604393211,0.05528814346957582,9.666764893992284e-05,765.9633959733269,18.731140002388386
10.057391671914944,1.136032942531509,2.1637660209905567,1.1498339365659174,Si1,PU,combo_001,11.564330257703233,2.458109479775597,gp,0.5018924674443084,0.4981075325556916,0.9962150651113832,0.0,0.0,351.5631692935407,1.7300026708363,0.45641764705042026,0.0,0.24626930933788996,0.9999999629999999,0.7552240742821053,0.4596683978856454,0.24136230285865146,0.0009762411186994857,0.0010073768121474213,0.05539599750049075,3.262627867224989e-05,946.0281934769125,12.644822724220413
8.494177249544279,1.050486907768188,2.6750050512133736,2.0914644251579646,Si1,PU,combo_001,17.765269538407985,2.81005778451342,gp,0.5162358540138285,0.48376414598617146,0.9675282919723429,0.0,0.0,338.2854491896576,2.3912599932624135,0.3941493490961203,0.0,0.3786149296300698,0.9999999629999999,0.7550285850048081,0.436934396232845,0.2878815030034488,0.0009264076174872694,0.0010814627950792206,0.055327910134254074,5.993304495826394e-05,869.2621073292548,15.432151310511085
11.807407587700192,1.2483663601628276,1.6343581682519597,2.4562915989535403,Si1,Si1,combo_002,29.00243606308827,2.0402777577030853,gp,0.49394234495384737,0.5060576550461526,0.9878846899076947,0.0,0.0,373.4004110620809,1.5419601856156322,0.5588273880530098,0.0,0.28311814412303654,0.9999999599999999,0.7549644977211718,0.5328734065661,0.23930620142686884,0.0007596022435000422,0.0010874078465297912,0.055178683400042415,7.374100102553451e-05,1036.711887891122,11.630829348880523
9.169944715931145,1.0754678673819078,2.4808569583178297,2.225198214498074,Si1,PU,combo_001,20.404944608936034,2.668081942241643,gp,0.521617355538389,0.47838264446161105,0.9567652889232221,0.0,0.0,347.47892815993293,1.6906118002846484,0.4372638509291781,0.0,0.42700640601380807,0.9999999629999999,0.7547933975702638,0.4638805744792811,0.26688430209823616,0.00019089161798765687,0.001028420669512209,0.05538666198337331,5.523813963739067e-05,906.0585893370212,12.504041336831525
13.767028983164126,0.9034139919189702,2.8133402796236684,0.8985214370569925,Si1,PU,combo_001,12.369970665957897,2.54161097264125,gp,0.5239237014889255,0.47607629851107447,0.9521525970221489,0.0,0.0,403.9469622013216,2.601680276573842,0.7020810289591947,0.0,0.4456511418593772,0.9999999629999999,0.7544243016530386,0.6616147316042036,0.30642281869280996,0.00038811874256568474,0.0011172028864888032,0.055148955727282734,2.479732832643075e-05,1221.2277621511525,11.8594755284732
10.872063014913778,1.343216568406846,1.47234711712736,2.366469982087921,Si1,Si1,combo_002,25.72841076816176,1.9776810421715252,gp,0.5147236992284299,0.48527630077157013,0.9705526015431403,0.0,0.0,356.93580508619783,1.5976935920756878,0.48161360567281003,0.0,0.3596276153352086,0.9999999599999999,0.7544042091697087,0.48711688639143275,0.2530302534045884,0.0006287829290253513,0.0010472301531897423,0.05524609963343377,9.598398352471168e-05,956.6578944931964,12.596656447665067
15.523878832240722,0.9322043856365934,2.4272159872573176,2.102397582385418,Si1,Si1,combo_002,32.63736532614706,2.2626613882085254,gp,0.4910821776065326,0.5089178223934674,0.9821643552130652,0.0,0.0,425.12293089387197,2.4582324090756487,0.8013896088736808,0.0,0.3050239762486272,0.9999999599999999,0.7543509865548566,0.7154151627204535,0.27954374053134357,0.0003968494587720261,0.0010279861680545614,0.055087508760702994,4.1626319893575155e-05,1310.690728345502,16.87937384882005
15.257351697621754,1.1255322463413342,1.6785390875652475,0.9224688589682595,Si1,Si1,combo_002,14.074431811382576,1.8892498697990465,gp,0.48244607784089766,0.5175539221591023,0.9648921556817953,0.0,0.0,414.09248916261794,1.939022650363557,0.7496603340497296,0.0,0.38444007062368213,0.9999999599999999,0.7541988593848197,0.6811637580537817,0.27051732864166245,0.0002130215490614507,0.0010889343167645518,0.05518560211606515,7.794352797185936e-05,1297.6870647572423,14.40004600464547
8.636711061589054,1.3283113402954718,1.6952323850719,0.5964876779249844,Si1,PU,combo_001,5.151691726036281,2.251796401527145,gp,0.4812798832996421,0.5187201167003579,0.9625597665992842,0.0,0.0,320.29990108626487,2.358745506203822,0.3098028303104196,0.0,0.3948530847460159,0.9999999629999999,0.7541384615165517,0.37914100497109704,0.2890059735891084,0.0012002818819119234,0.0010253997204221557,0.05538631307738721,5.480913494617327e-05,820.4578059244384,15.85145714191814
8.8163510323351,1.5707638858051025,1.1573775460909403,2.0327677641767856,Si1,PU,combo_001,17.92159417619752,1.8179668516413796,gp,0.5132378414918932,0.4867621585081068,0.9735243170162136,0.0,0.0,322.58079142554277,1.915592688625503,0.3204994829086096,0.0,0.3435329149130924,0.9999999629999999,0.7541189549769972,0.3763904785312695,0.26343636615073135,0.001246709333333201,0.0010098046046879655,0.05542256453388092,3.273823069340664e-05,800.8827862182382,15.846670730736422
13.743376851369085,1.2938392014432234,1.3678675267698759,0.8024428917800304,Si1,PU,combo_001,11.028275063435338,1.7698006285160532,gp,0.4940961218560158,0.5059038781439842,0.9881922437120316,0.0,0.0,395.79082745542854,1.3420383613861495,0.6638313426772734,0.0,0.274524247710568,0.9999999629999999,0.7540474275352089,0.6032132142419836,0.2299546181455092,-0.00032741374455814477,0.0005476702506184358,0.055252118645763584,2.4293001308662647e-05,1180.7896765758367,8.16235144442043
13.523003956256304,1.0600397823086218,2.0659267376199884,0.8146631086102827,Si1,PU,combo_001,11.016692440752912,2.189964529212254,gp,0.5079342671944342,0.49206573280556576,0.9841314656111315,0.0,0.0,399.8583260588426,2.07919188598736,0.682906621639662,0.0,0.29296641322182015,0.9999999629999999,0.7539823323739765,0.6269038743127762,0.2624490618331809,3.8311495485751244e-05,0.000908330368019516,0.05515154871252228,2.0381332260027116e-05,1220.0871785280633,9.165232387630327
11.615361629978183,1.0165265682031586,2.5228170488229713,0.5506532755526861,Si1,PU,combo_001,6.396036928276473,2.5645105568444353,gp,0.4819651043690598,0.5180348956309402,0.9639302087381196,0.0,0.0,372.2121210032345,2.881491107370712,0.553254684391427,0.0,0.3871551190381714,0.9999999629999999,0.7539715936670758,0.5548107692339059,0.30893269915204025,0.0009149164599429715,0.0010963509179098704,0.05518168269502094,6.548947481996747e-05,1059.5017102225254,14.213799355553961
11.60891197734534,1.0644192105989112,2.2760553747924286,1.1089028831734793,Si1,Si1,combo_002,12.873155962185384,2.4226770653159657,gp,0.4960424751786663,0.5039575248213337,0.9920849503573326,0.0,0.0,368.24702291914934,2.021431422834506,0.5346596314014465,0.0,0.2556935233056113,0.9999999599999999,0.7539622669201744,0.5187381550073035,0.2545287489308963,0.0007686027451107996,0.0009891308076355164,0.05518122955880425,6.627117077385108e-05,1025.437602865495,10.529073565414803
8.449023831575657,1.1818328114682193,2.135774640835964,2.1061779609126323,Si1,PU,combo_001,17.795147785290254,2.5241285484416935,gp,0.5072573225933699,0.49274267740663014,0.9854853548132603,0.0,0.0,333.8676931779152,2.053920508859316,0.37343147392806914,0.0,0.2864094324918007,0.9999999629999999,0.7539517365026158,0.4093243869380562,0.26044636406106714,0.0010160352790662582,0.001010102973789647,0.05532607859646115,7.386565296381717e-05,847.3417699691435,15.856334484207766
9.433739229026632,1.0066868366742887,2.7881310872953806,2.215442935110901,Si1,PU,combo_001,20.89991092662561,2.806774864502632,gp,0.5210943993420827,0.4789056006579173,0.9578112013158346,0.0,0.0,352.3860567578369,1.8480821623193353,0.46027672838432115,0.0,0.4151465306022813,0.9999999629999999,0.7538993470617682,0.4806180313489358,0.2714558264592323,0.00015944626008654707,0.0010592345249398668,0.05534032134377803,6.29702440480677e-05,923.975778280607,10.224797389254743
13.417724105601401,1.2326048076483658,1.5290560560817608,1.1619192845477184,Si1,Si1,combo_002,15.590312393039055,1.8847218458902275,gp,0.5089651745630661,0.4910348254369339,0.9820696508738678,0.0,0.0,390.92744396804244,1.2560393643492136,0.6410236159222852,0.0,0.3018730148710978,0.9999999599999999,0.7538907100050471,0.5889917705306812,0.23058874287356596,0.000620339029304521,0.0010011384815014105,0.05520309095867287,5.343032969694404e-05,1143.9907944957422,10.277597780814455
8.434138603282502,1.2592121788281858,1.865310763395954,2.1979281782156863,Si1,Si1,combo_002,18.537630895131304,2.348822030567486,gp,0.5191988959555474,0.48080110404445264,0.9616022080889053,0.0,0.0,325.64371872096444,1.553200722125479,0.3348636409079861,0.0,0.3972686203933689,0.9999999599999999,0.7538754489750963,0.3876433486992704,0.256882084144207,0.0006014911615673936,0.0010182445878988548,0.05532601760239874,7.898885810300553e-05,815.0353219994186,14.672997069707776
9.397394599342661,1.109122425559772,2.3466971065140454,2.157668877870552,Si1,PU,combo_001,20.276465860070466,2.6027743868309567,gp,0.48674809943121033,0.5132519005687897,0.9734961988624207,0.0,0.0,349.1316288756369,1.4282621263387196,0.4450144933429042,0.0,0.34167954314593535,0.9999999629999999,0.7538647156854029,0.45775045050715374,0.24350516685573592,0.0005077787190644744,0.0010549284464365,0.05534790700506837,6.136080283605544e-05,914.5931754684409,12.256159373018289
8.012332980854827,1.058998282311356,2.688578269305195,2.1216295996735424,Si1,Si1,combo_002,16.999202814622148,2.84719976905384,gp,0.5078929338290283,0.49210706617097166,0.9842141323419433,0.0,0.0,325.3173492307854,2.589779886810068,0.33333307146544167,0.0,0.2916442917761979,0.9999999599999999,0.753862380112188,0.3879533554759013,0.2828418687200831,0.0008552741085821607,0.0010881968951172065,0.055288840211184374,9.131012564162372e-05,828.8982058161323,16.7950634371152
8.389812576190769,1.0794079151677605,2.5865148985713886,1.267862088338041,Si1,PU,combo_001,10.637125293613988,2.791904654217294,gp,0.49272845343756266,0.5072715465624373,0.9854569068751253,0.0,0.0,330.78305371554086,2.7269226330684178,0.3589654927489249,0.0,0.2855625584925712,0.9999999629999999,0.7538262391830529,0.4068680854323631,0.2874603374798904,0.0008792337206507096,0.0011577237420171322,0.05531295565113831,7.313137829386387e-05,855.0647524558423,17.616709935573983
14.866743149183225,1.1899143425897454,1.5142138539943815,1.5366727158841025,Si1,Si1,combo_002,22.84531857140676,1.8017847826160092,gp,0.5024709141847881,0.49752908581521194,0.9950581716304239,0.0,0.0,411.8317986951395,1.3243573729325304,0.7390584124464702,0.0,0.2403589991076278,0.9999999599999999,0.7537752962400948,0.6522519112069618,0.22411678690898879,0.0011579032647881604,0.0009228277066366136,0.055179923643124615,8.15699871450936e-05,1254.868010162372,12.187689995451946
14.283074927396537,1.0375019147675495,2.0893533660909767,0.7596085449565011,Si1,Si1,combo_002,10.849545763104366,2.167708117945413,gp,0.48089540894743266,0.5191045910525673,0.9617908178948653,0.0,0.0,402.4641659150596,2.2436667450254153,0.6951271844560643,0.0,0.39501030692787076,0.9999999599999999,0.7536989007014945,0.6475577958827843,0.2843886302868134,5.1678101300211806e-05,0.0008782745304189598,0.05530012917779737,5.083949969391138e-05,1227.933290012232,13.220057123825349
15.8330809351752,0.9775427040146538,2.181160554127003,2.098815691245098,Si1,Si1,combo_002,33.23071870749932,2.1321775859714114,gp,0.47746908988838754,0.5225309101116125,0.9549381797767751,0.0,0.0,429.0378816965593,2.7582912788264498,0.8197494870117105,0.0,0.4262107395636907,0.9999999599999999,0.7535991638235442,0.7438431400508707,0.309822607086619,0.00045160991429280906,0.0010382010569634204,0.05512525247504431,6.960868437101522e-05,1339.1155271605228,18.50723039781881
15.612907949642505,0.9610775321209697,2.2350048413604284,2.188736342549742,Si1,Si1,combo_002,34.17253904226633,2.1480129372131,gp,0.5190790647748074,0.48092093522519264,0.9618418704503853,0.0,0.0,427.1817986444289,2.68941617067776,0.8110450459168737,0.0,0.3919640660903873,0.9999999599999999,0.753339177598964,0.7335317601497385,0.30190799280966707,0.0004379415684135903,0.0011024159034459936,0.055074617024522404,4.1245689713913534e-05,1324.2343519085982,17.412057168634394
12.15560193539794,0.9232117945747211,2.936080058759884,2.455916583456811,Si1,Si1,combo_002,29.85314437504351,2.7106237400627653,gp,0.4972598363387517,0.5027401636612483,0.9945196726775034,0.0,0.0,381.79774949285655,1.5061235920777836,0.5982082431500918,0.0,0.23820597978141897,0.9999999599999999,0.7531775484360499,0.5555358665699104,0.23112414932067743,0.00029215815075920237,0.001110147418973441,0.05520291739893124,7.09667067872766e-05,1065.9589562925394,11.365638531045017
15.991301980613649,1.10292600023591,1.6421063592071312,2.0334167889485877,Si1,Si1,combo_002,32.5169819245266,1.8111217987222739,gp,0.5234430551675615,0.4765569448324385,0.953113889664877,0.0,0.0,430.0243497014267,2.6037283105079445,0.8243757092222165,0.0,0.4311267034478668,0.9999999599999999,0.7531383139947678,0.7457921618313383,0.30432674612568045,0.00045860155501144847,0.0009930487691250877,0.05518246755727673,8.99120827151039e-05,1345.4310149389564,17.239271757354796
8.115815621923927,1.131248457578173,2.3955005993435337,1.6005822114540802,Si1,Si1,combo_002,12.990030115892571,2.7099063581349614,gp,0.4771173330466425,0.5228826669533575,0.954234666093285,0.0,0.0,321.2647739700722,2.375077601498275,0.3143277782492882,0.0,0.4253973944083582,0.9999999599999999,0.7530743863024418,0.38555108347519607,0.29424626457075853,0.0012928524055444645,0.0010396770479930808,0.05529380941217862,8.946261537884396e-05,820.5336082228678,14.752947297750644
8.323144031036085,1.364008342098298,1.6113675952920055,2.110812706537874,Si1,Si1,combo_002,17.56859817905583,2.1979188421651696,gp,0.47700842166875645,0.5229915783312435,0.9540168433375129,0.0,0.0,319.7891918782743,1.651480353766484,0.30740776603113423,0.0,0.42519276592949623,0.9999999599999999,0.7529179507452184,0.37234906413022517,0.2650341524936102,0.0010583148582944061,0.000984104776724326,0.05530840549614597,8.896199194229655e-05,790.4801250198032,14.238648395569653
8.819205868767929,0.9858865817193421,2.982523013763088,1.1171340251057675,Si1,PU,combo_001,9.852234950413123,2.940429418938161,gp,0.5179448539808931,0.48205514601910693,0.9641102920382139,0.0,0.0,337.9595394573776,2.970562719150111,0.392620935772369,0.0,0.37770684597345106,0.9999999629999999,0.7528688658417253,0.4424486330659953,0.3111075612939892,0.0007929156783212905,0.0011678497777529143,0.05539378917150716,7.156131236448716e-05,882.5306755263869,15.344578281678395
10.38623380748963,1.1456104935010687,2.105415030173523,0.5290721574683988,Si1,Si1,combo_002,5.49506712849976,2.4119855517416573,gp,0.48566747682686895,0.514332523173131,0.9713349536537379,0.0,0.0,344.8280067345152,2.4342426562714925,0.4248318698450857,0.0,0.3429016357092068,0.9999999599999999,0.7527292134109984,0.4553360927796672,0.284257924466534,0.0011527404722465107,0.001037730693269446,0.05528203248705577,7.98204079588436e-05,935.3558041921613,12.458774531002966
14.605178511895158,0.8659861836907387,2.9543998304020636,1.276571102967822,Si1,PU,combo_001,18.644548841971933,2.5584694342264487,gp,0.5042075735703495,0.4957924264296505,0.991584852859301,0.0,0.0,416.16599515565247,2.10342294561943,0.7593844198094936,0.0,0.24798344035605513,0.9999999629999999,0.7526755799023498,0.6762192347360381,0.256678812371663,-0.0010169106534063965,0.0009972693908046851,0.05515661860128527,1.8108253311992876e-05,1280.0913484781697,9.74755483257739
9.738739027757733,1.1946971558062072,1.970833509274141,1.8543256862987794,Si1,Si1,combo_002,18.058793931331564,2.3545491880973826,gp,0.5118057551462947,0.48819424485370533,0.9763884897074107,0.0,0.0,343.118919850603,1.2253550752201707,0.4168167941781337,0.0,0.3165052124285131,0.9999999599999999,0.7523688165373463,0.4331566596414814,0.23154612852305506,0.0021446107497280083,0.0005483148033116673,0.055362059100087485,7.362473640234644e-05,897.5755491596047,10.595721568188083
13.372708669071702,0.9809116440303134,2.445318076428789,1.7175937750813781,Si1,PU,combo_001,22.968881165974338,2.3986409745268067,gp,0.4988216763379736,0.5011783236620264,0.9976433526759472,0.0,0.0,403.59533264662826,1.0325540443638936,0.7004319978220811,0.0,0.21696612456132322,0.9999999629999999,0.7523240144984015,0.6195118708300195,0.2088399357287049,0.0018649318157583695,0.0008737786726956252,0.055214594102313545,5.82721758481655e-05,1203.9129349191608,7.955296943925863
13.272253119053955,1.10765901723097,1.906717087401283,2.273048802510144,Si1,Si1,combo_002,30.168479058877114,2.1119923751684024,gp,0.5063214270404988,0.49367857295950124,0.9873571459190025,0.0,0.0,396.1819775492585,1.1287954252557508,0.6656657126140468,0.0,0.2647726037230541,0.9999999599999999,0.7522989283795487,0.6010650466329148,0.21989215456617628,0.00027863702391752034,0.0009642503371548541,0.05526159377371748,4.784763093256891e-05,1157.1383101536603,11.213032036547743
15.226339189291519,1.0868737571420617,1.7897777424153878,2.1243274008731,Si1,PU,combo_001,32.34572955479988,1.9452624593482497,gp,0.507251708438778,0.492748291561222,0.985496583122444,0.0,0.0,428.91133889839847,1.9604317780752945,0.8191560414052208,0.0,0.27331061475468216,0.9999999629999999,0.7522804025654634,0.7189444915913525,0.25471130357600624,0.00032172213146744824,0.0009939688070154293,0.055195366137787034,7.932370801508689e-05,1337.26976020361,14.265688476361584
9.216061192669667,1.3042307119308707,1.71729781533991,0.6897499685239421,Si1,PU,combo_001,6.3567779175586265,2.2397525522981,gp,0.4842317722183047,0.5157682277816953,0.9684635444366094,0.0,0.0,330.02442062122094,2.00421947173151,0.3554077440401469,0.0,0.3521378958705537,0.9999999629999999,0.7521958223134367,0.4027079491149046,0.26830127722969543,0.001072119145690947,0.0009848732125652044,0.05536924059829279,6.653712445187291e-05,861.3658628249141,12.512330205099003
11.278467352231024,0.992749785437305,2.6589133283463533,1.1102809232004565,Si1,PU,combo_001,12.522267144121269,2.639635636212233,gp,0.5095311855011389,0.49046881449886115,0.9809376289977223,0.0,0.0,371.6463068709669,2.2844985746905837,0.5506011954867703,0.0,0.2938653213946583,0.9999999629999999,0.7521881128693161,0.5367455843896174,0.27086355954214203,0.0007131460635569355,0.0010649932643441145,0.0552007229983417,6.705003869461465e-05,1037.2065407709183,12.452726096359353
10.327798351136703,1.089564323774051,2.309435855284237,1.8551880413350466,Si1,PU,combo_001,19.160007994348625,2.516278915962317,gp,0.5090499788240983,0.4909500211759017,0.9819000423518034,0.0,0.0,360.89750143984855,1.3882638176752575,0.5001927056254776,0.0,0.2893471893236815,0.9999999629999999,0.7521846706735364,0.49068108881307393,0.23404225159860242,0.0018168934305361887,0.0008168750280529152,0.05529602589390211,7.697991718378641e-05,973.4717392113511,11.955421715744807
9.317066979487066,1.0910046104297528,2.4092788271519536,1.1094409317499654,Si1,Si1,combo_002,10.336735470898967,2.628534308233569,gp,0.5122854337132061,0.4877145662867939,0.9754291325735878,0.0,0.0,335.26811595009417,2.254145586621234,0.37999901276438813,0.0,0.31906682336561,0.9999999599999999,0.7521234423329148,0.41949446832707016,0.27341970119887266,0.000835810774313703,0.0011121458590545598,0.055363792222852926,4.4785353996220424e-05,884.4871470925062,11.103841652308489
14.233149832504814,1.007623431178736,2.198309839866861,0.753267796155031,Si1,PU,combo_001,10.721373406675252,2.2150685036406244,gp,0.5163442293439502,0.4836557706560498,0.9673115413120996,0.0,0.0,409.24882558908695,2.3527097302796673,0.7269450874390702,0.0,0.35425124343851333,0.9999999629999999,0.7517778527448578,0.66701085444765,0.2826722850533505,0.00011440222245029266,0.0009055013738315642,0.05531144434402653,4.579332687508886e-05,1271.8700944065258,11.849052327556976
12.928071733427094,0.9999244918608117,2.434738177363175,0.8842972761761737,Si1,PU,combo_001,11.432258620079764,2.4345543348139915,gp,0.47426103051930824,0.5257389694806918,0.9485220610386165,0.0,0.0,392.7557982941303,2.292127742771257,0.649598018082606,0.0,0.44140691013960903,0.9999999629999999,0.7517101387899078,0.6208854251019124,0.2933024689263866,0.00034704344271841787,0.0010728479623024686,0.05526751581062933,3.457294865829263e-05,1164.9289130759355,11.103463437331351
8.913048729018959,1.5517802365068734,1.1826205673197894,0.5039604495840065,Si1,PU,combo_001,4.491824044640553,1.8351672236533956,gp,0.527350142379376,0.47264985762062395,0.9452997152412479,0.0,0.0,313.98983527762476,2.3013666088023954,0.2802106220992574,0.0,0.4560924744075692,0.9999999629999999,0.7516650388892934,0.36388925788026893,0.29587789095624684,0.0009892652167195314,0.0011307176370392471,0.055405660589244565,6.331598621446492e-05,801.2293307779784,16.002009401994016
14.55462805735998,0.9619629788928441,2.3696641839180623,1.5786997811816594,Si1,Si1,combo_002,22.977388129334642,2.2795292173374997,gp,0.5139703952235912,0.4860296047764088,0.9720592095528175,0.0,0.0,410.88765417521046,1.2503958777142012,0.7346306739628378,0.0,0.3306518158670204,0.9999999599999999,0.7515929120620601,0.6573295649743005,0.2346779710276956,0.0011696257143791917,0.0008576945625462866,0.055178051203406984,2.3919642051315718e-05,1242.7099375841851,11.244749320545745
8.235499662922832,1.3550529905511732,1.6093498165181868,1.7820423595403445,Si1,Si1,combo_002,14.676009251308715,2.180754281715951,gp,0.5265555054403706,0.47344449455962945,0.9468889891192589,0.0,0.0,316.82578358721213,1.5361539370982251,0.2935103206124634,0.0,0.4480272695441831,0.9999999599999999,0.7515819493278835,0.3635754702144781,0.2638084143413015,0.0016341811610993758,0.0010540708144123596,0.05529839076686978,9.25340065522659e-05,784.650580476229,13.843154384154278
12.894819562964198,0.9876430805084113,2.4688303519672514,1.7494373057145898,Si1,PU,combo_001,22.558678393907872,2.4383232140696016,gp,0.5044113235827936,0.4955886764172064,0.9911773528344128,0.0,0.0,397.21694174632466,1.1381831970828558,0.6705193665915925,0.0,0.24101871581891557,0.9999999629999999,0.7515397355946138,0.6021953852128668,0.21670766433184882,0.001697645600584156,0.0009380933925139311,0.05524605168375948,3.4317530728050914e-05,1166.7055684337931,8.134479182660439
15.655761591716132,1.1681507598714402,1.515352294363919,0.8978935802697411,Si1,Si1,combo_002,14.057207827435498,1.7701599341341425,gp,0.4854171557648179,0.5145828442351821,0.9708343115296358,0.0,0.0,417.6845906594845,1.9659223242449502,0.7665061512938784,0.0,0.3358276718422986,0.9999999599999999,0.7515236915433379,0.6884045379714419,0.2643102858615849,0.00023469410382894856,0.001093239030528031,0.055085581636636946,4.678952761169159e-05,1316.8882871023038,13.20076126312699
13.283932980995274,1.153755404261479,1.7551988191920658,2.4487069053867394,Si1,Si1,combo_002,32.52845842125778,2.0250701231962127,gp,0.5097578766424498,0.49024212335755024,0.9804842467151005,0.0,0.0,396.13077984805415,1.47349264904079,0.6654256116262097,0.0,0.2892199620389663,0.9999999599999999,0.7513219645900031,0.6073134372578944,0.2374602975106237,0.0006199595161579838,0.0010917257100012965,0.05525445357917608,4.7935764572358286e-05,1152.851007212676,12.673258973787629
14.71006419861985,0.8715400552347883,2.8797785571720675,0.8717966255658431,Si1,PU,combo_001,12.824184330213704,2.509842362781703,gp,0.5200170145262675,0.4799829854737325,0.959965970947465,0.0,0.0,415.3671870351526,2.793948935121423,0.7556382629643095,0.0,0.38432617324303436,0.9999999629999999,0.7512392410364652,0.6951876872362897,0.3049779338158488,0.000393260106165692,0.0011052368886427326,0.0551396065607668,4.00077648945749e-05,1287.8735088102628,12.441268781743998
13.384778408110531,1.1541521055560264,1.749935071553514,1.893687448132723,Si1,Si1,combo_002,25.346586867476802,2.019691247419824,gp,0.5029064234215594,0.49709357657844055,0.9941871531568811,0.0,0.0,395.5178420665881,1.1268409864484281,0.6625511277460584,0.0,0.22444409397944284,0.9999999599999999,0.751215767792021,0.5948294665035312,0.21376405898862744,-7.0232294677569605e-06,0.000666497318400823,0.05521210292342722,5.441975142684999e-05,1159.5009461131117,11.524204860882566
12.892662928288054,0.9772647825980461,2.5136811769659424,0.5068707268239346,Si1,Si1,combo_002,6.534913429157363,2.456532088928422,gp,0.5169806165585769,0.48301938344142314,0.9660387668828463,0.0,0.0,382.98685800857663,3.0067325646689724,0.603784785114943,0.0,0.3532576277015221,0.9999999599999999,0.750889659041472,0.5882351674578675,0.30889884503062154,0.0006948816012048442,0.0011318313748895153,0.0552447077747194,3.4231423370232926e-05,1113.3733277367492,13.133995999817037
8.686183703348277,1.1435995389571985,2.2477764523554127,2.0008768104625863,Si1,Si1,combo_002,17.379983543447597,2.570556114592497,gp,0.5128766070442374,0.48712339295576257,0.9742467859115251,0.0,0.0,331.2661048347435,1.4525221711579521,0.3612308493600249,0.0,0.3127094291362818,0.9999999599999999,0.7506021735008239,0.3964844209868888,0.24013801469479334,0.0014078885458664978,0.000997509458134881,0.05538673032383489,5.620682162462429e-05,849.4620489052097,11.342204836300233
15.020187465198228,1.166860810002794,1.5622461015576645,0.7689465314191647,Si1,PU,combo_001,11.549721052629794,1.8229237514872836,gp,0.5128871679195726,0.48711283208042744,0.9742256641608549,0.0,0.0,416.21866382471444,1.9841190205924906,0.7596314191702535,0.0,0.3111902345810018,0.9999999629999999,0.7503949276091526,0.681338150943921,0.26134851182040253,-3.005399108428901e-05,0.0008809749665907915,0.055199753464952976,8.785043673449404e-05,1305.2593478601439,12.193164536811581
11.363464925952266,1.522832318998815,1.1099449615057178,2.132123016836295,Si1,Si1,combo_002,24.228305119634772,1.6902600596908026,gp,0.5174459399859472,0.48255406001405277,0.9651081200281055,0.0,0.0,356.1081542699836,1.748677472775934,0.47773218572850223,0.0,0.3535116591542755,0.9999999599999999,0.7503658323039644,0.485527987431812,0.2582017771456567,0.00029805470222858986,0.000989965179343024,0.055204486612613,7.890841923140827e-05,947.1518111927347,13.912543213725199
10.09776406583675,1.161073592609159,2.0575038705812587,0.9719385521353632,Si1,Si1,combo_002,9.814406185953867,2.3889134108230325,gp,0.5110878034431892,0.48891219655681084,0.9778243931136217,0.0,0.0,343.4585830001606,1.9405300739102211,0.4184097066687777,0.0,0.2940867700409229,0.9999999599999999,0.7503552915061578,0.4402703579055354,0.25702512532268423,0.0006611554936991532,0.001040729717489885,0.055383041064008966,4.6251681083589505e-05,918.262772142061,11.255553237621717
11.581413928799218,1.1079945893908032,2.1193583473525264,0.50177510346417,Si1,Si1,combo_002,5.811265172384607,2.3482375818468335,gp,0.4800686586608478,0.5199313413391522,0.9601373173216956,0.0,0.0,363.08132344897416,2.492944420675486,0.5104341385280753,0.0,0.3764219795935111,0.9999999599999999,0.7503290965674001,0.5192860981051246,0.29165331605544964,0.0008950631150299178,0.0010838125799726142,0.055180218504106045,6.285056679952406e-05,1020.128745803666,11.771068209960859
10.120268777569994,1.0848479782292362,2.3644471628044847,0.7530814488571627,Si1,Si1,combo_002,7.621386673836317,2.565065724198299,gp,0.4987640259478505,0.5012359740521495,0.997528051895701,0.0,0.0,344.1292129412368,2.5305679996591954,0.4215547484878016,0.0,0.2019287442380603,0.9999999599999999,0.7503286942256027,0.440054713960899,0.2669966242204206,0.000988876129729211,0.00105209622745101,0.05537093724387522,5.00616871659904e-05,926.2436377744997,12.226560175644071
15.083419461921036,1.1057170651734438,1.730244237278455,1.51756867937774,Si1,Si1,combo_002,22.89012495332801,1.913160580076797,gp,0.5149870166594255,0.4850129833405745,0.970025966681149,0.0,0.0,416.23749306106595,1.5266191913470983,0.7597197223194548,0.0,0.3301883934316318,0.9999999599999999,0.7503180081855139,0.6780283010255779,0.245748063220532,0.0008306608302423789,0.0009148496038893157,0.05520442486423128,8.614458129438576e-05,1287.292027050163,13.930838694128306
14.597177977683621,1.171814396862313,1.6024172097935294,0.6759069467318684,Si1,PU,combo_001,9.866333997797806,1.877735556215995,gp,0.4916609579868414,0.5083390420131586,0.9833219159736828,0.0,0.0,409.90030090675316,1.9885943386333085,0.7300003001467433,0.0,0.2669459377738527,0.9999999629999999,0.7501649604591537,0.6562235041720887,0.2548923490880188,-1.3543017744029962e-05,0.0008243068755275886,0.0551769187691464,4.339932160306471e-05,1277.5431003135125,11.322551175859168
13.29579300316683,1.0265630457470794,2.2499894590722898,0.9245449387818732,Si1,Si1,combo_002,12.292558128169334,2.3097560320040733,gp,0.4786530966157443,0.5213469033842557,0.9573061932314886,0.0,0.0,390.8775427032761,2.090592748112283,0.6407895948103431,0.0,0.38832562965523515,0.9999999599999999,0.7501614993680268,0.6070892417126937,0.2772127207780406,0.0002898657631344309,0.0010719599580545182,0.055254931375760194,5.581732096684612e-05,1150.0227557403323,10.835626984738203
9.44269414354238,1.4472065513461667,1.3625042460142294,1.4026049745769622,Si1,PU,combo_001,13.244369779141289,1.971825071068762,gp,0.4892528212511671,0.5107471787488329,0.9785056425023342,0.0,0.0,332.302700465759,1.1958849421357718,0.3660921542455921,0.0,0.28878305078880845,0.9999999629999999,0.7500831220624409,0.39453763034367384,0.2261993255433961,0.0013192641311517643,0.0011151595107260202,0.05533568756663505,8.336342338259378e-05,858.3805600797082,10.600805818772027
8.250917657685275,1.5602684830849343,1.1889285093191804,0.6898105511432204,Si1,PU,combo_001,5.691570056885209,1.8550476817318697,gp,0.5274496118366727,0.4725503881633273,0.9451007763266546,0.0,0.0,306.10097222251596,2.4805784943053584,0.24321435531603736,0.0,0.444180395596785,0.9999999629999999,0.7500200896262139,0.3388656071023219,0.30131838261447796,0.0008497318398606334,0.0010702643511666722,0.05529863373466008,9.461192087809217e-05,760.5874898107855,17.18728162637303
9.763756422405496,1.1651365770787918,2.0799453111204684,2.2661822483202965,Si1,PU,combo_001,22.12645148137862,2.423420360309985,gp,0.5004058175070087,0.49959418249299126,0.9991883649859825,0.0,0.0,353.1005408905071,1.2343203902069688,0.46362743245916566,0.0,0.1917440450189795,0.9999999629999999,0.7500165534322556,0.4535512915835586,0.21319350941370338,1.9410025046425958e-05,0.0009798256350721343,0.05536795827569674,6.926748390173727e-05,930.3252289190882,10.350623620414742
10.198459668269985,1.061972308383921,2.458728725534019,1.905706192128691,Si1,Si1,combo_002,19.435267739996828,2.611101820345218,gp,0.48800194546023334,0.5119980545397667,0.9760038909204667,0.0,0.0,352.7948692985214,1.5336200710039591,0.4621939295974535,0.0,0.2984828161199671,0.9999999599999999,0.7498301012494519,0.4666703550443562,0.2412745599174923,0.0015351541862781283,0.0009099376819156759,0.055339114229230074,6.35716619358539e-05,939.3699887258686,8.360942930918908
8.748078864357208,1.0781364101396815,2.524416248093214,1.087240583104918,Si1,Si1,combo_002,9.511266365531538,2.7216650714175015,gp,0.5131082873873041,0.4868917126126959,0.9737834252253919,0.0,0.0,327.70396303882274,2.609394629228101,0.34452553361541977,0.0,0.3082451231741533,0.9999999599999999,0.7497532543596457,0.3976741702430723,0.28612302185814387,0.0007822072949874858,0.0011382002689932927,0.05539243958240999,6.177994057792074e-05,856.9456606567884,12.607605669998023
10.73538587328636,1.0381752502436625,2.5010670400741954,1.3584196426325525,Si1,PU,combo_001,14.583159041512209,2.596545900205204,gp,0.5043325601601971,0.4956674398398029,0.9913348796796058,0.0,0.0,364.89072699231457,1.8584101618329596,0.5189196675251307,0.0,0.22591685196108507,0.9999999629999999,0.7496992598420489,0.5028641238113021,0.24348788491077,0.0008941455367163393,0.0009557585737618386,0.05524202585222777,8.458339861720187e-05,1000.1127147737998,12.610445556634561
8.658510661955482,1.2221091022792228,1.976363415603849,1.3874143443421016,Si1,PU,combo_001,12.012941893036063,2.4153317196211184,gp,0.5174514956005467,0.4825485043994533,0.9650970087989066,0.0,0.0,330.60684402915064,1.90198913012248,0.3581391251821488,0.0,0.34815235384021725,0.9999999629999999,0.7496726270232842,0.4030434269178397,0.263580674148131,0.0011045683836405258,0.0011313632025367556,0.055386520152755005,5.4567880229783954e-05,845.9593135582332,14.876871458356604
13.615276178008717,1.1123435324241633,1.871264660854664,2.352828769401669,Si1,PU,combo_001,32.03441349496811,2.0814891429555806,gp,0.4910063948780419,0.5089936051219581,0.9820127897560837,0.0,0.0,408.0936299387845,1.0784109450484383,0.721527586061894,0.0,0.2685849520574415,0.9999999629999999,0.7495922924972387,0.6399690450632005,0.2184320888580731,0.0004907510273900199,0.0010790855832521842,0.0551537634840969,2.6409602606258344e-05,1227.5204754345057,7.712043481574128
11.228517654386948,1.1652842999957036,1.9291035139172286,1.081582795743631,Si1,PU,combo_001,12.144571516688554,2.24795403783429,gp,0.5215254147725261,0.4784745852274739,0.9569491704549478,0.0,0.0,367.192251855023,1.7424598477014175,0.5297130894966066,0.0,0.3855378429390463,0.9999999629999999,0.7495909261292817,0.5250455970338437,0.2627549591639575,0.0008553610821529017,0.0009876046324924098,0.055211979498360104,8.068048379978751e-05,1031.7237630461636,10.840529920904974
14.078667305000216,1.0662883762329283,1.9585698516099637,1.324965536430279,Si1,Si1,combo_002,18.653748977993043,2.0884002668119552,gp,0.5274989078681713,0.47250109213182867,0.9450021842636573,0.0,0.0,403.48193032831534,1.4802417682655455,0.6999001769002534,0.0,0.4396604722157123,0.9999999599999999,0.7493821152571902,0.6465674497484265,0.26029855427072945,2.6327058893939564e-05,0.0008853330295861601,0.05532533503266244,4.439844425335925e-05,1217.6296975699147,11.665842716767756
8.439409479426795,1.2135521589403677,2.0393995907236584,1.8947770097452716,Si1,PU,combo_001,15.990799057444201,2.474917776264798,gp,0.49315015114970073,0.5068498488502993,0.9863003022994015,0.0,0.0,331.252401565541,1.9829375067844535,0.36116658537170665,0.0,0.24634424317437795,0.9999999629999999,0.7493063176871726,0.3959145543168985,0.2515739647135877,0.0017250724682595416,0.0009612866665274786,0.055325103539513705,7.595305196872564e-05,838.9330078599999,15.657401845555004
15.109576033912498,0.86724157864005,2.8784671774478383,0.6214299157275563,Si1,Si1,combo_002,9.389542561433348,2.496326419033432,gp,0.49482069687268826,0.5051793031273117,0.9896413937453765,0.0,0.0,410.57220307344824,3.3421312438888666,0.7331513083005959,0.0,0.22980697008875214,0.9999999599999999,0.7491851907334068,0.6703112522339674,0.3039072914646759,0.0005200196908361276,0.0011054118237034819,0.05521465134316207,7.271376027969054e-05,1265.3118934493818,15.112055019111832
15.719576429499059,0.8969761978136432,2.6139193712307547,0.890605231474294,Si1,PU,combo_001,13.999937004671866,2.3446234589979915,gp,0.49158407233739254,0.5084159276626075,0.9831681446747851,0.0,0.0,428.1384285720703,3.1064769188322643,0.8155313370045247,0.0,0.259953277398365,0.9999999629999999,0.7491772243718007,0.7282766094015203,0.2989257091645624,0.000360999460606406,0.0011173093498968135,0.05509201390772037,5.33439546979555e-05,1363.252144222953,18.887239822823577
10.805969143551154,1.1434200486359245,2.0440581409825684,1.6840848174356415,Si1,Si1,combo_002,18.19816857233252,2.337217058976946,gp,0.5105325182119422,0.48946748178805777,0.9789349635761155,0.0,0.0,358.54652461502025,1.4527665507326477,0.4891673696290326,0.0,0.2794518538742941,0.9999999599999999,0.7491443942512093,0.4827170434784185,0.23515923380847611,0.0021058694993454285,0.0007853693893599708,0.05524466345345553,9.194122039956777e-05,970.6720273153045,8.849741162492453
15.595965524014538,1.1022699772707711,1.720279980123605,1.7560744852536827,Si1,Si1,combo_002,27.387677129618012,1.8962129745902088,gp,0.4807989266010608,0.5192010733989392,0.9615978532021217,0.0,0.0,423.46334574189495,1.8796890418369872,0.7936066806363538,0.0,0.3595627756655413,0.9999999599999999,0.7490424734049317,0.7087548079742602,0.2643929132177358,0.0009909687581142437,0.0010733945582991717,0.055071614793658734,2.7649587593143632e-05,1321.6932346922204,15.325094933489087
11.368881305088685,1.3289360613745038,1.4847984047385197,1.5529952218786252,Si1,PU,combo_001,17.655818344907956,1.9732021439283547,gp,0.4927341359680817,0.5072658640319183,0.9854682719361634,0.0,0.0,366.030754536858,0.9193575811562293,0.5242660352949242,0.0,0.24805936638188883,0.9999999629999999,0.7490286226526779,0.4980007308493614,0.20893890562382303,0.001932291224146298,0.0009808541422175088,0.0551957302029378,6.86142315134564e-05,1024.1252301107215,6.24337353955071
8.58922992306079,1.2502757877726254,1.9169456744290627,1.5364994140323949,Si1,Si1,combo_002,13.197346743772416,2.396710763214123,gp,0.47661196223101143,0.5233880377689886,0.9532239244620229,0.0,0.0,323.3405108900697,1.5181669602014514,0.3240623263492549,0.0,0.3953584253412407,0.9999999599999999,0.7486219394688438,0.379487737387791,0.25518270423334594,0.001346262484862716,0.001083392131977107,0.05536609931806013,6.194865387980193e-05,820.8473488407815,13.883917127834886
8.454430278195982,1.0541630873623298,2.669119462759916,1.298303479547656,Si1,PU,combo_001,10.976416247774901,2.813687213401876,gp,0.5149132731805643,0.48508672681943565,0.9701734536388713,0.0,0.0,332.68422935198294,2.748232457807715,0.36788140376883033,0.0,0.315250929720866,0.9999999629999999,0.748492591421263,0.416323599740161,0.29277298131275575,0.0008908460258292119,0.0011553919917789137,0.05532098092230636,6.45292819005949e-05,861.4186219077645,16.980534099521755
9.097738899988318,1.1478933070462771,2.2160134322926712,1.107978990639247,Si1,PU,combo_001,10.08010356350847,2.5437469872534058,gp,0.5001828023974478,0.49981719760255217,0.9996343952051043,0.0,0.0,337.3205768044999,2.001922638925766,0.3896244034957606,0.0,0.17762839697127036,0.9999999629999999,0.7484748949160803,0.4091821959095821,0.2420322251246696,0.0008177015688177539,0.0011011070871059677,0.05539040791354801,6.984857259804069e-05,883.8934647595031,15.12686787932882
15.409875376244017,1.1850600465362122,1.478772078458505,1.7044079025935304,Si1,PU,combo_001,26.264713369251755,1.7524337081144872,gp,0.5101993713989046,0.4898006286010954,0.9796012572021908,0.0,0.0,426.98437154671365,1.407576771437595,0.8101191754173749,0.0,0.27078042271736064,0.9999999629999999,0.7484318572585128,0.7059954718116421,0.2320360944247068,0.0009938585071717642,0.0010998329889987766,0.05512115990401269,5.5560336751762736e-05,1319.323879616938,12.01177645210402
14.579100729792504,1.0328659302371774,2.079997301701451,0.7386922256403621,Si1,Si1,combo_002,10.769468365925452,2.1483583479126884,gp,0.47736809422126925,0.5226319057787308,0.9547361884425385,0.0,0.0,405.9402087350655,2.3181518716020437,0.7114287232989212,0.0,0.3860904200501206,0.9999999599999999,0.7483387245428297,0.6589351288240561,0.2860545027918159,9.347100072793662e-05,0.0008868481757793299,0.05517116254406205,2.50367332216362e-05,1250.016705781659,14.045271119018144
10.213866787838498,1.1026760254069319,2.287334778255923,1.6639551027861443,Si1,PU,combo_001,16.995415760801794,2.522189222062287,gp,0.48687760746506115,0.5131223925349389,0.9737552149301223,0.0,0.0,357.84336369366235,1.3963742673073465,0.4858697678255326,0.0,0.2969757907023007,0.9999999629999999,0.7482927125284343,0.4815113440109601,0.2355136221253452,0.0020504547190815453,0.0007186465006567451,0.05533535053306096,6.761864514873938e-05,963.0438129892337,12.051803297851126
10.668503138472461,1.120241103125689,2.1451302985184215,1.3007031874927941,Si1,PU,combo_001,13.876556037988008,2.403063131960615,gp,0.5197751340060179,0.48022486599398206,0.9604497319879641,0.0,0.0,361.80936002869464,1.662825043131321,0.5044690333276898,0.0,0.35877341561401377,0.9999999629999999,0.7482549685969802,0.5037807341006042,0.25552876197647223,0.0011253274776612848,0.0008574736769902602,0.05524593368949841,8.359655105242142e-05,992.1339863825322,11.941940708720237
8.786997722823498,1.0675020726176894,2.5849255819236525,0.6093801011507163,Si1,Si1,combo_002,5.354621561145297,2.759413416265986,gp,0.5036135237761146,0.49638647622388543,0.9927729524477709,0.0,0.0,325.02778845397415,3.242798581238522,0.3319751232194105,0.0,0.20719837355764104,0.9999999599999999,0.7481610215882288,0.38608251633056423,0.29651008855789107,0.0013451398270041244,0.0009892273512397507,0.05539649632480419,6.555652167902892e-05,856.8041695751394,14.88285575709868
10.864407946393895,1.0543494383504792,2.415302638624877,1.6145326241545308,Si1,PU,combo_001,17.540941071576672,2.5465729804805695,gp,0.49509086529821644,0.5049091347017836,0.9901817305964329,0.0,0.0,367.77458734431644,1.6246009711350642,0.5324440583280765,0.0,0.21826738708748755,0.9999999629999999,0.7480299233063346,0.5088722172320757,0.23291134739097977,0.001883356966304586,0.0007745237956254449,0.05524247106308051,9.233457757369429e-05,1010.398511877259,12.218150871776118
11.970906222790862,1.067822650529887,2.205648365831828,1.1836191619358902,Si1,PU,combo_001,14.168993991032854,2.3552412841394563,gp,0.5193187308053382,0.4806812691946618,0.9613625383893236,0.0,0.0,380.90886957540886,1.853669062265781,0.5940396781319875,0.0,0.3511514501335477,0.9999999629999999,0.7478242478926136,0.5679169623975948,0.26208187434150265,0.0007324917257281136,0.0008314704609244659,0.05516986854992219,4.697552386603494e-05,1095.5224619564915,11.41413080430965
8.77721301777555,0.9935508733239287,2.9440742772416235,2.0063383539374122,Si1,PU,combo_001,17.61005911824182,2.9250875692839293,gp,0.5140350881213216,0.4859649118786784,0.9719298237573568,0.0,0.0,342.7241121821729,2.4004737556196156,0.4149652713760183,0.0,0.3004672765761837,0.9999999629999999,0.7476487192457346,0.44379694080972254,0.27653093004754736,0.0010930500964720401,0.0011098095179928385,0.05538846010611091,6.820930848950084e-05,885.52232718422,14.17526948207142
15.412218829175167,1.2985860861690672,1.2025995385421797,0.7852569239250495,Si1,Si1,combo_002,12.10255154865782,1.5616790279842154,gp,0.5050651868038187,0.49493481319618127,0.9898696263923625,0.0,0.0,410.64550810903205,1.4769274050247585,0.7334950856781556,0.0,0.21542477016352038,0.9999999599999999,0.7474791789120994,0.6476221264014863,0.22652953646101692,4.548889212477303e-05,0.0009459234528729593,0.055121638162746234,5.762116399337037e-05,1264.4806828602395,6.657134583753444
15.593984473204515,0.9104818210868719,2.5490843012779143,1.1228944395674614,Si1,PU,combo_001,17.510398455662678,2.320894916731472,gp,0.4923672360435347,0.5076327639564653,0.9847344720870694,0.0,0.0,428.36114487615305,2.5645631245319382,0.8165758058646453,0.0,0.23910621257954134,0.9999999629999999,0.7474429749271413,0.7206789053240342,0.27394420914983064,-0.0004249584954397564,0.0011053509987023979,0.05508047000756092,4.5447013532589166e-05,1357.7888548461463,17.51361530677593
11.496758943182497,1.0697280126243311,2.2620037909518826,2.450394076641908,Si1,Si1,combo_002,28.171590014954276,2.4197288198436606,gp,0.4900072834941547,0.5099927165058453,0.9800145669883094,0.0,0.0,372.8131063653517,1.4002657153042484,0.5560731152140156,0.0,0.26035527202554204,0.9999999599999999,0.7473434145674895,0.5270364736797541,0.2301774791996929,0.00030466744087189504,0.0010455793997076058,0.055175777177824264,4.119434876712501e-05,1024.8312232821306,9.965586743428915
12.747683961175937,1.0623563540861694,2.13989659810047,2.103747840531242,Si1,Si1,combo_002,26.81791260509863,2.273332748079412,gp,0.49676481813625806,0.5032351818637419,0.9935296362725161,0.0,0.0,388.8700541080083,0.8230777028398725,0.63137510971712,0.0,0.19688032793337717,0.9999999599999999,0.7472915799284447,0.5667498073865189,0.19737924945919724,-0.0004213002733832067,0.0006385049155438551,0.05520185044272903,4.965909530804914e-05,1116.5696375401349,8.927986647251617
9.434188669528066,1.0065466767002418,2.842127702632892,1.2971358239428894,Si1,PU,combo_001,12.237424093080959,2.8607341938428306,gp,0.48794375689651304,0.512056243103487,0.9758875137930261,0.0,0.0,346.89761469047244,2.1475602453710168,0.4345376750467216,0.0,0.2787411964227446,0.9999999629999999,0.7472314935962212,0.4524108548635536,0.2630724562734207,0.0008841129945240296,0.0011140167794402127,0.055339323087975276,6.199916935767418e-05,916.4917015586127,10.40068386785209
13.954979456733854,1.138598869126124,1.7525223804448444,2.3431654388351886,Si1,PU,combo_001,32.698825562673825,1.9954200004927227,gp,0.4950378274910747,0.5049621725089253,0.9900756549821494,0.0,0.0,412.0683067885879,1.301333321710744,0.7401675604264114,0.0,0.2122442680660245,0.9999999629999999,0.747194905957413,0.6499515505831652,0.21897105778316583,0.0004880095938073383,0.0010843847691123657,0.05530901753464926,5.138488601310174e-05,1244.7049198434613,10.16257875424587
11.42264144661634,1.3016674760480087,1.555274929971703,0.6415699220907822,Si1,PU,combo_001,7.328423182976586,2.02445079265701,gp,0.4796531930760679,0.5203468069239321,0.9593063861521358,0.0,0.0,361.9995493443936,1.8463496493040679,0.50536096092407,0.0,0.3541098373481477,0.9999999629999999,0.746974004888712,0.5060533621627734,0.26223045323610594,0.0006688140463982555,0.0008812714808802191,0.055188684562114704,6.196224692503606e-05,1026.3004045265436,10.93778812590241
9.633227243734382,1.0008900090992934,2.8108715790919834,1.1651921609681783,Si1,Si1,combo_002,11.224560869224392,2.8133732803743206,gp,0.5116344409910418,0.48836555900895817,0.9767311180179163,0.0,0.0,341.74444720579726,2.623107585109007,0.41037095321242695,0.0,0.2725967883364177,0.9999999599999999,0.7469486863073105,0.4403591360907886,0.2813287912800306,0.0008376573464912719,0.0011250543602237821,0.05533688501122149,7.367825331890522e-05,907.7685797517089,12.728403070295933
10.361440411403496,1.207787639326972,1.8880690223778742,1.9013134054190353,Si1,Si1,combo_002,19.700345553651992,2.2803864274241565,gp,0.48675578982616585,0.5132442101738341,0.9735115796523317,0.0,0.0,351.60844559311926,1.2569057934053292,0.45662997854184867,0.0,0.28737112284618377,0.9999999599999999,0.7469166368419404,0.45847601846933655,0.22844840064591201,0.0017544170261232818,0.0005524414460389319,0.055290901654008885,8.222429828477836e-05,935.9142392829403,9.567408438093201
15.616425451586547,0.9050177722875163,2.5484756787766347,1.9722250541293123,Si1,PU,combo_001,30.799105531561647,2.306415781535346,gp,0.5110211823327759,0.48897881766722406,0.9779576353344481,0.0,0.0,433.65741772731167,2.644137935670145,0.8414136465001597,0.0,0.2664185062768722,0.9999999629999999,0.7468904577572814,0.7417135127552051,0.2812501668624525,0.0005734040831728843,0.0009971818018860443,0.055079938514272044,4.6647358851281944e-05,1362.593256743419,17.49392269863417
15.420614523046156,0.8761653507438111,2.73649307699994,1.3184248944619337,Si1,Si1,combo_002,20.33092207508529,2.3976204166176633,gp,0.5166655928992654,0.4833344071007346,0.9666688142014692,0.0,0.0,419.3181426778345,2.1724207893164134,0.7741669923875777,0.0,0.3187686717740783,0.9999999599999999,0.7468480540756333,0.6944405763730809,0.2700791596014026,-0.0010933591675934612,0.0009606186825261815,0.05513999225096471,5.73704629221479e-05,1293.4412915008968,14.825118922844219
9.01434043136749,1.5168926435595944,1.2509363474262434,1.898898069831465,Si1,PU,combo_001,17.117313645927464,1.8975361429721775,gp,0.4879724857835086,0.5120275142164914,0.9759449715670172,0.0,0.0,326.67967016084845,1.570740998237769,0.33972192474136936,0.0,0.2742455013717044,0.9999999629999999,0.7466899149094717,0.3789439411553922,0.2391359855531769,0.0017480963625070675,0.0008763638386682983,0.05538703654287928,7.759335681940538e-05,821.5548954488867,13.246581214545632
15.62622644650737,1.0920202036556415,1.7175882393985762,1.0165242948349102,Si1,PU,combo_001,15.88443881946653,1.8756410589845678,gp,0.5261029835344999,0.4738970164655001,0.9477940329310002,0.0,0.0,427.46962640748484,2.1285125497915427,0.8123948668777964,0.0,0.4051256899804592,0.9999999629999999,0.7466270326552124,0.7293298640964668,0.281261969890941,0.00019291429229546006,0.001125542835126761,0.055077264606121785,3.752132969405297e-05,1363.635897389383,15.40434045195074
12.426150590958823,1.3009801390080629,1.458009659918246,1.8916362259443762,Si1,Si1,combo_002,23.50575660689783,1.896841610035538,gp,0.4834858279483498,0.5165141720516502,0.9669716558966996,0.0,0.0,378.43525414769715,1.1928626941968072,0.5824392059671872,0.0,0.3149724423095019,0.9999999599999999,0.7465427798337549,0.5485646819722606,0.23000585182140318,0.00013581181293053973,0.000706620890165813,0.05521538567117321,8.71669003836386e-05,1063.7041201717195,9.759768010799776
10.260605204829838,1.1795131551148639,1.9769556354604645,1.2491065386681006,Si1,PU,combo_001,12.816589052044897,2.331845179104083,gp,0.5197645458461935,0.48023545415380653,0.9604709083076131,0.0,0.0,353.78733005720665,1.5073580248358098,0.46684825592352885,0.0,0.34350761124521145,0.9999999629999999,0.7463119763433823,0.4741282625362627,0.24696917701523166,0.0012045514519623203,0.0008631530662019917,0.05532139130241289,7.636088117539713e-05,955.8953247337037,10.06382282330924
14.4953802783332,1.192819800112361,1.5397321570033153,0.8318917573420512,Si1,PU,combo_001,12.058587373083919,1.8366230037432691,gp,0.5130874888798083,0.48691251112019174,0.9738250222403835,0.0,0.0,409.30673181695425,1.696262509490849,0.7272166492902042,0.0,0.2804003163848689,0.9999999629999999,0.7462110158849963,0.6522520338745301,0.24512127192288144,-8.696287471393594e-05,0.0008763788042043159,0.055216714348129456,5.646079690640495e-05,1263.4740775091277,10.516127697299826
13.836638192230126,0.9156054312360646,2.742312429997055,1.8334878082398487,Si1,Si1,combo_002,25.369307432479797,2.510876155051474,gp,0.5001903567052771,0.4998096432947229,0.9996192865894458,0.0,0.0,401.8831302539729,0.9183716680157252,0.6924023114068095,0.0,0.15940251815538958,0.9999999599999999,0.7461310045784513,0.6068190789589507,0.19560061777856644,0.001437140253206209,0.00077056581260883,0.055198405371962266,4.334805058360914e-05,1181.8411633116455,6.670251090712298
11.200109721667065,0.9393637138876492,2.986241196707213,2.4430647808230592,Si1,Si1,combo_002,27.362593602358764,2.8051666211031856,gp,0.48529414298457496,0.514705857015425,0.9705882859691499,0.0,0.0,369.26504045578497,1.8978156265382127,0.5394338109140414,0.0,0.29481178151673015,0.9999999599999999,0.7461221985823159,0.5245675607872815,0.2554112777127379,-6.402587913358266e-06,0.001032043354278444,0.05521589473120989,8.013901744474808e-05,1003.8245845912894,14.115530407918175
8.628652756491697,1.2329725515764671,1.9570322821814923,0.6366552014510682,Si1,Si1,combo_002,5.493476658935537,2.4129670864788313,gp,0.4991683271613492,0.5008316728386508,0.9983366543226984,0.0,0.0,318.01816123932736,2.2015605171944013,0.29910219379061886,0.0,0.1650254502175169,0.9999999599999999,0.746084542169406,0.3468566536328955,0.24819283088461452,0.0012551205143991819,0.000986657167650666,0.05537773089762961,5.7588883973031965e-05,820.5565589944771,16.26642006779828
8.298074645453037,1.4751891476774883,1.3235295025365779,1.9421456555290217,Si1,Si1,combo_002,16.116069621922144,1.9524563587729444,gp,0.5374524684822859,0.4625475315177141,0.9250950630354282,0.0,0.0,314.28573022369005,1.6536329396754172,0.2815982755910174,0.0,0.5064863128542973,0.9999999599999999,0.7460418531624355,0.36243657838428117,0.27731499457613207,0.0015342622857362604,0.001003461390610274,0.05530485202963947,9.241588946208907e-05,770.6924533398118,11.274805605353103
11.405448820481277,1.2691303406832226,1.623724271580254,0.5230910816033556,Si1,Si1,combo_002,5.966088559677268,2.0607177379662653,gp,0.4995686880768122,0.5004313119231878,0.9991373761536244,0.0,0.0,356.48594460297664,1.6749960008300848,0.47950390262229237,0.0,0.16063917245127277,0.9999999599999999,0.7460013271331107,0.4666319561460459,0.22629945859628997,0.0008652546560444701,0.0010009677340559195,0.055189164320356955,6.114164477135323e-05,994.20525049757,10.084682889398938
8.614411245763202,1.2873408389660543,1.7992757859896318,1.604485342039764,Si1,PU,combo_001,13.821696574129561,2.3162811998671993,gp,0.48932819430371666,0.5106718056962833,0.9786563886074333,0.0,0.0,328.8885075498928,1.7021835034208335,0.35008067184535346,0.0,0.2546925834364103,0.9999999629999999,0.7458060248650962,0.3857543001915888,0.2415038953621626,0.0014967242004355476,0.0010663017692028808,0.05537687407329735,5.885083158594736e-05,832.3655989907118,13.171091780178484
13.997678706743702,0.9188337628648411,2.6953863982974893,1.3510749689504478,Si1,PU,combo_001,18.91191332409209,2.4766120267223934,gp,0.5132893622468551,0.48671063775314494,0.9734212755062899,0.0,0.0,409.7367791296104,1.7068783523843905,0.7292334348519881,0.0,0.2788351436645123,0.9999999629999999,0.7457691342833915,0.6536295860586938,0.24531461448515535,-0.0007354380366441348,0.0008671159567379088,0.055278567907796235,5.9732944211067884e-05,1242.704656608355,10.092168729763316
11.751142132055236,1.1943886533678065,1.7919490758003396,0.6781602894921864,Si1,PU,combo_001,7.969157950138408,2.140283643548853,gp,0.5172810374399788,0.4827189625600212,0.9654379251200425,0.0,0.0,371.0791747194705,2.0302694158997334,0.5479415254897717,0.0,0.31584949211289687,0.9999999629999999,0.7457382238373523,0.5341529125871585,0.2639085655825346,0.0005158763115750806,0.0009181817431562569,0.05518287032771896,7.797282225396054e-05,1069.0375476141155,11.51533076566119
8.364397153900212,1.3995082443566964,1.5207690576928692,1.437525623745696,Si1,Si1,combo_002,12.024035235917125,2.1283288340037347,gp,0.48297104874091445,0.5170289512590855,0.9659420974818289,0.0,0.0,314.2063411378591,1.1651056828687871,0.28122596594657817,0.0,0.3127473218504123,0.9999999599999999,0.7456422246447563,0.3371730756363758,0.22855269178811624,0.0011271879946672513,0.0011580467256193348,0.05531486379943829,8.749502139427318e-05,782.7426018908577,11.415452471863826
12.909903109378629,1.1970840914652285,1.6773311974227116,0.6461193425812455,Si1,PU,combo_001,8.341338109819297,2.0079064925530505,gp,0.5089344366230399,0.49106556337696006,0.9821311267539201,0.0,0.0,387.04641577399525,1.8700278944025306,0.6228228240645555,0.0,0.23659538447862194,0.9999999629999999,0.7455649594977151,0.5767980503370772,0.24555818772588517,0.0002130619773489946,0.0007473086300820947,0.05524763791552862,2.9765872370513874e-05,1157.0903548617453,9.658591903379236
12.450176177282955,0.9435949286630508,2.8086434495133386,1.1348881270365356,Si1,Si1,combo_002,14.129557123111548,2.6502217153834837,gp,0.4704803624074856,0.5295196375925144,0.9409607248149712,0.0,0.0,380.0840797537806,2.3624731997145485,0.5901716753452891,0.0,0.42796703679684883,0.9999999599999999,0.7454679964101683,0.5787535432269884,0.2941233973391311,0.0003076051590554089,0.0010675789363356273,0.0552295036785384,7.799915278964463e-05,1079.6011232174817,12.195166739062756
13.577868934072654,1.2665764026607782,1.4374714584683153,2.0267675098890896,Si1,PU,combo_001,27.51918360911086,1.820667428794341,gp,0.5066983708016952,0.4933016291983048,0.9866032583966096,0.0,0.0,401.7486559764472,0.923444987616672,0.691771669676554,0.0,0.21466781549576633,0.9999999629999999,0.7454294711000939,0.6119626163963733,0.20409501098059604,-0.0003921443036437516,0.0008045593059340885,0.05518045827081255,3.847258066561354e-05,1180.904367785548,8.977841593792348
14.432001355052051,1.032945171267247,2.0956558113706825,1.2393575272158333,Si1,Si1,combo_002,17.886409512172865,2.164697550993491,gp,0.47264931407411126,0.5273506859258887,0.9452986281482225,0.0,0.0,407.2228773506025,1.597969814735888,0.7174440324712791,0.0,0.40585903201712425,0.9999999599999999,0.7452291470818853,0.6568245095554688,0.2599761054860821,-0.0004785765440774415,0.0009618479985632619,0.05524042252580172,5.257017186607296e-05,1240.0823574683227,12.039820334632697
8.972875834723865,1.1522351154387698,2.1843287436200995,1.1688650713000852,Si1,Si1,combo_002,10.488081152321323,2.5168602820613284,gp,0.523659035698941,0.476340964301059,0.952681928602118,0.0,0.0,329.3221831865093,2.004812956831035,0.35211447309625193,0.0,0.369400479829309,0.9999999599999999,0.7449725300973609,0.402135755898993,0.2709145985947965,0.0008881809208357383,0.0011080631613749241,0.05540109271909361,7.47647436130806e-05,856.9605844605197,13.106068916341
9.743580110068972,1.0915952583153161,2.3913883136782292,1.283992293840722,Si1,PU,combo_001,12.510681775748294,2.6104281440018147,gp,0.4857283194769657,0.5142716805230343,0.9714566389539314,0.0,0.0,349.2097724250609,1.725210608845517,0.4453809618164577,0.0,0.28115082299336097,0.9999999629999999,0.7448912670267118,0.4553756537242769,0.24640127438597562,0.0010260923587144535,0.001040552576096762,0.05536109189380085,6.815893191450903e-05,931.3200190757686,13.29954224394082
15.596707599751163,1.1483357036319035,1.5830296443272238,1.963960861971541,Si1,Si1,combo_002,30.631323301525377,1.8178494604886646,gp,0.47610946457444214,0.5238905354255579,0.9522189291488843,0.0,0.0,423.62817436431504,1.9990757905894758,0.7943796746211607,0.0,0.37045376610472414,0.9999999599999999,0.7448306675548315,0.7117606198994648,0.2708412216053382,0.00037159111347432954,0.0009317666978606961,0.05507344946984203,2.5957010953466255e-05,1311.6513540852811,14.604131046547531
13.932073990888394,1.2085792589522526,1.5513232991725203,0.6789232392011448,Si1,PU,combo_001,9.45880880268397,1.8748971633092884,gp,0.5098017805624409,0.49019821943755915,0.9803964388751183,0.0,0.0,400.4285683786016,1.762547182805436,0.6855808773398195,0.0,0.23857151798307924,0.9999999629999999,0.7447810646672185,0.6196878695339226,0.24152009768955535,-0.00010608895488896386,0.0006942007620160007,0.05531416278472784,4.7185333028368984e-05,1222.4513757006457,9.555816414089028
11.375369360715792,1.0309617793713728,2.4481721886151084,0.8610554626132676,Si1,Si1,combo_002,9.794823927287927,2.52397195578214,gp,0.5100391162508835,0.4899608837491165,0.979921767498233,0.0,0.0,363.8183877825069,2.5030938284445963,0.5138907365865386,0.0,0.24032398649892264,0.9999999599999999,0.7447217938417003,0.5082128625661456,0.2716479250447056,0.000614896355562281,0.0011011603674737213,0.05518309496225875,4.1656081848485965e-05,1007.897169279634,12.330592382455434
10.404179195517916,1.2056292269100768,1.8775884903971432,1.7128077122964105,Si1,Si1,combo_002,17.82035836619695,2.263675560132766,gp,0.5113097311437933,0.4886902688562067,0.9773805377124134,0.0,0.0,351.3046063082272,1.3048830654043482,0.4552050686195236,0.0,0.25119515196802794,0.9999999599999999,0.7445952363338741,0.4544137958330983,0.2249568449044058,0.0021558057407985226,0.0007879490198883446,0.05528058875461247,8.2852293355939e-05,938.0558124540016,9.30244196424812
8.531326975461836,1.026623842284914,2.8637127458182494,1.7212488057419624,Si1,Si1,combo_002,14.684536367907873,2.9399557823122127,gp,0.468788333515306,0.531211666484694,0.937576667030612,0.0,0.0,329.8315819798495,2.4783298088134877,0.35450339194625785,0.0,0.43691446356024344,0.9999999599999999,0.7445911260396545,0.4160154290761791,0.30013780678624646,0.0014324025499399735,0.0009977046319262542,0.05533117826315938,5.0760184385181685e-05,852.7563166511793,15.832949112191235
8.572003989263587,1.1070455328970858,2.452709144353652,1.77298760769486,Si1,Si1,combo_002,15.198056846075245,2.7152607017525443,gp,0.47599676778487776,0.5240032322151222,0.9519935355697555,0.0,0.0,329.0478417886407,1.8669366497577315,0.35082789891257987,0.0,0.3688231462437157,0.9999999599999999,0.7444870268436814,0.39958876017372486,0.26526768702347325,0.001648338162089794,0.001018795519385656,0.05534911719907605,5.8115653513896103e-05,848.6832932243206,10.618369727608323
10.650080132385932,0.9706370048415336,2.879447014908869,1.82836510602838,Si1,Si1,combo_002,19.47223489046055,2.7948978261510393,gp,0.4854392703349184,0.5145607296650816,0.9708785406698368,0.0,0.0,359.35674257263383,2.0196709551132526,0.4929670349931076,0.0,0.2806767503491452,0.9999999599999999,0.7444849294683995,0.4920313754830619,0.2582052363877741,0.0015180352377892133,0.0010272967152810855,0.055238727746173145,7.103088494577e-05,967.1409935698554,12.99807410552088
8.732000285387151,1.3578586149388823,1.594806504962316,1.9314349054983,Si1,PU,combo_001,16.865290146017863,2.16552175192365,gp,0.4987115591444611,0.5012884408555389,0.9974231182889222,0.0,0.0,329.84810338338355,1.5197541260904368,0.3545808720911798,0.0,0.15646999990328175,0.9999999629999999,0.7444423913899787,0.37698016506000964,0.21941344850598685,0.001768716552391047,0.0008652978495480618,0.05541475574721922,3.6435585065599096e-05,829.3369343742968,11.53413685970506
9.791848017926336,1.204204413499002,1.963575626169844,1.1975078096036191,Si1,PU,combo_001,11.725814471918506,2.3645464352727927,gp,0.4833638932814708,0.5166361067185292,0.9667277865629416,0.0,0.0,345.7354018993889,1.4962359987620026,0.42908726550387205,0.0,0.2990909564581275,0.9999999629999999,0.7443624624262642,0.4431257517760422,0.23985814684003576,0.0010770754598614114,0.0009842690363931113,0.05537541355172734,6.602181129111022e-05,918.800150561607,10.283241780341205
15.990794977559112,0.8866340555106926,2.603409697093965,0.9779044056550463,Si1,Si1,combo_002,15.637468858481643,2.308271697890286,gp,0.5081047992535517,0.4918952007464483,0.9837904014928966,0.0,0.0,424.3669791293896,3.1871016732690363,0.7978444347517998,0.0,0.21896461725094488,0.9999999599999999,0.7442983058293771,0.7127258989510576,0.29602886573660336,0.00022157799345822436,0.0011498196998385557,0.05517344678117523,8.357409485935524e-05,1335.4446714191654,20.9775447829795
10.28019801254192,0.9845580361846732,2.8210608564217132,0.6439887357139661,Si1,PU,combo_001,6.620331720986098,2.777498136756014,gp,0.5205940873087371,0.47940591269126287,0.9588118253825257,0.0,0.0,354.7946607338935,2.985086497158987,0.4715723174509368,0.0,0.33464939131476445,0.9999999629999999,0.7441853270462763,0.49357620297311966,0.3052346617881708,0.0011828448722432544,0.0010528167507842397,0.055304569837807085,6.905874695273327e-05,966.006571114338,13.290466082002224
8.31218518835838,1.113246382712443,2.431745257772912,0.8750806795702603,Si1,PU,combo_001,7.273832663342503,2.707131611893832,gp,0.5033184738179308,0.4966815261820692,0.9933630523641384,0.0,0.0,326.03673504337996,3.0660860011082645,0.33670676286518986,0.0,0.1721437536394916,0.9999999629999999,0.7440230698386319,0.3838530564355291,0.28412538517673835,0.0007991538617282674,0.0010791273510922838,0.05530629935214307,8.180851578468676e-05,844.0043679089633,19.777538874571487
10.522177590358442,1.4989714963165628,1.208872459245255,0.716300999664716,Si1,PU,combo_001,7.537046326623425,1.8120653590907432,gp,0.5176387727110523,0.4823612272889477,0.9647224545778954,0.0,0.0,340.8861780668931,1.865669274468736,0.40634594304139343,0.0,0.3052381052876397,0.9999999629999999,0.7439511031531985,0.43207828411402016,0.2556788202901288,0.0006331219130562868,0.0009832153278892721,0.055266926080841224,9.098105418276785e-05,919.3678690925898,14.359386289285
15.974466834211714,1.1285661118688857,1.6193070633488493,0.7266528171808313,Si1,PU,combo_001,11.607891328041697,1.8274950764054343,gp,0.4724864270380067,0.5275135729619933,0.9449728540760134,0.0,0.0,428.16744023442146,2.6674266193507314,0.8156673925036086,0.0,0.39708877287909694,0.9999999629999999,0.7439108603807422,0.7370265022138807,0.30178989893892166,0.0002315192066610269,0.001015819106681248,0.05517749940180757,8.864710158016588e-05,1377.3422218068997,16.29209700706257
10.204290135239997,1.0204528694254145,2.6812182447923107,1.1449112494477216,Si1,PU,combo_001,11.683006568464686,2.736056851454087,gp,0.48180370292259767,0.5181962970774023,0.9636074058451953,0.0,0.0,356.3036947946174,2.0960948160188444,0.47864920879833467,0.0,0.3099897204080286,0.9999999629999999,0.7438932058807649,0.48582077768643456,0.2656842236649952,0.0008466705395608133,0.0010840775180681798,0.05533315617016594,6.149621618427368e-05,962.4896216110129,12.101120687371008
14.562149287897114,0.9340817666817127,2.5770339521555634,0.75248005690061,Si1,PU,combo_001,10.957726924751999,2.407160426828225,gp,0.4735937262537604,0.5264062737462396,0.9471874525075208,0.0,0.0,412.92812108532706,2.657309960167475,0.7441998168978415,0.0,0.386213473487103,0.9999999629999999,0.74384161783893,0.6857951015620826,0.29975061677015713,0.0003249008515439748,0.0009813523608477861,0.055173581762042914,1.921457934220037e-05,1282.4517584857467,13.860049671469577
12.357370928663933,0.9213520698225847,2.907439037141014,1.0494844252650086,Si1,PU,combo_001,12.968868326855393,2.678774974752856,gp,0.5226805558302914,0.4773194441697086,0.9546388883394172,0.0,0.0,386.27933447027755,2.5803611691764616,0.6192254559319724,0.0,0.3501050473511345,0.9999999629999999,0.7436705878200005,0.5938155746051614,0.2912311420145056,0.0004756347425752319,0.001136047532051187,0.055227053244179036,8.138998362534632e-05,1114.4730525223458,11.82938464659635
13.973740079494956,0.8834844503722947,2.9659877381474042,1.1938587963307343,Si1,Si1,combo_002,16.68267251154439,2.620404046648125,gp,0.47378208338751904,0.526217916612481,0.9475641667750381,0.0,0.0,399.64265657339877,1.9747422396769754,0.6818952001249594,0.0,0.3825917976932846,0.9999999599999999,0.743602868051167,0.6339549109785991,0.27168059658028976,-0.0005327263368069835,0.0010610552237620711,0.055258057147189205,6.08744180619812e-05,1186.0665305349253,9.210068737801498
10.601063774786414,1.118161510195345,2.188978274987721,1.4129694528154628,Si1,PU,combo_001,14.978979281121784,2.4476312537450715,gp,0.47990412708487895,0.520095872915121,0.9598082541697579,0.0,0.0,361.41262565640193,1.5554309353826485,0.5026084748952666,0.0,0.3230885023199197,0.9999999629999999,0.743299995855825,0.4976724183029276,0.24584500750285948,0.001226009102945365,0.0009777653805945216,0.0552481192388427,7.869775905778201e-05,987.1498848820787,11.904135344661963
9.01843298292258,1.0367853520486434,2.7318656390089284,1.1316480813192773,Si1,Si1,combo_002,10.205692381630824,2.832358278289464,gp,0.484316726573752,0.515683273426248,0.968633453147504,0.0,0.0,332.36506969862796,2.671618539947357,0.36638464617531197,0.0,0.28105891872301403,0.9999999599999999,0.7431917040813143,0.4109738948864445,0.2845544732284386,0.0008221982352952098,0.0011477545638799024,0.055400398655563246,7.413373415539025e-05,873.8302487363467,12.47382580458617
9.822791474878453,1.0028405825685138,2.7793693113448334,2.4187688758105175,Si1,Si1,combo_002,23.759062293012892,2.787264339362102,gp,0.5024310979711037,0.49756890202889625,0.9951378040577925,0.0,0.0,351.28624101473656,1.5606167628185157,0.4551189412152593,0.0,0.1569229909649842,0.9999999599999999,0.7431341896928176,0.4478729462617634,0.22112931574578976,-0.0005173161287556968,0.0006732996229418113,0.055376334235920144,5.3981606289096216e-05,925.3112742011009,9.936359017972226
9.614371304596563,0.9714071526384555,2.967066699113791,0.7232119356800708,Si1,PU,combo_001,6.953228081544208,2.8822298138745084,gp,0.5244734095749592,0.47552659042504075,0.9510531808500815,0.0,0.0,346.37685927839425,3.098066556028945,0.4320954972551355,0.0,0.36009593140420265,0.9999999629999999,0.7428068388229284,0.46978887975003447,0.3136079319691979,0.0011439781876475515,0.0010885016528495268,0.055333127552556156,7.333846762832142e-05,925.3978369568064,12.547184903018529
9.830323988759286,1.0613721836519807,2.4676456747533555,2.2380003008827445,Si1,PU,combo_001,22.000268044618142,2.619090478292334,gp,0.5283637604142228,0.47163623958577716,0.9432724791715543,0.0,0.0,356.78190279858376,1.5269326880061542,0.480891852734352,0.0,0.3959155477999823,0.9999999629999999,0.74274402492496,0.4894251202741885,0.255619779600501,6.009654210118766e-06,0.0010135394436303236,0.055382704181904885,5.544058101994296e-05,946.5035184264093,11.853283822800806
10.572185619673773,1.4035116431202108,1.3588408161964745,2.4944832381082556,Si1,Si1,combo_002,26.37213981844537,1.9071489066787222,gp,0.5277930242788997,0.47220697572110026,0.9444139514422005,0.0,0.0,351.2453753372408,1.8403296810341383,0.45492729414313376,0.0,0.3903935463796492,0.9999999599999999,0.7427190269708634,0.4743088017779979,0.26743023429638524,0.0007688286205583849,0.0010864616539805474,0.05526026517365673,9.008703147089583e-05,926.6725630208231,14.16019585013422
12.82567039566882,0.9234298338798816,2.8273303170330304,0.5624855577790544,Si1,Si1,combo_002,7.214254366398081,2.6108411649813643,gp,0.518917800017114,0.48108219998288604,0.9621643999657721,0.0,0.0,382.051522146629,3.253832558442885,0.5993983564447029,0.0,0.30736082755273075,0.9999999599999999,0.7426937524907771,0.5834221624447636,0.3119794377566048,0.0006963016919317995,0.0011363559846174667,0.055211111441143566,3.313333852118594e-05,1105.21966805899,15.089507206132375
13.697941603274174,1.0377676903587045,2.1140527423878366,1.0965073195698163,Si1,Si1,combo_002,15.019893231030036,2.1938956317643106,gp,0.5267838645010983,0.47321613549890174,0.9464322709978035,0.0,0.0,397.55014163951967,1.7944905056995335,0.6720819684588919,0.0,0.38071203672268317,0.9999999599999999,0.7426853752489757,0.6248207473554941,0.26412939367540755,0.0001923477304630948,0.0010840186602821007,0.055161821910511666,2.864837213800043e-05,1186.2738731383174,11.069469183677606
15.936201282223148,0.9822581892386016,2.0934032857098086,1.132003014542372,Si1,Si1,combo_002,18.03982789183062,2.0562625207674556,gp,0.524977253763339,0.47502274623666096,0.9500454924733219,0.0,0.0,425.5520515360413,2.6009960584426985,0.8034020486446567,0.0,0.3636758696146066,0.9999999599999999,0.7426630248681279,0.7243340340519612,0.294098934079534,-0.00033347018095739435,0.0010810459280349103,0.05516047827948657,8.223699278203597e-05,1350.7325886249757,19.696032992716983
10.763216892098752,1.2468390398189975,1.738842007264671,1.5295488250132154,Si1,Si1,combo_002,16.462865750672037,2.1680560987348207,gp,0.488569932511286,0.511430067488714,0.977139865022572,0.0,0.0,354.0738541095569,1.2212344170672325,0.46819196289454734,0.0,0.23671134139087613,0.9999999599999999,0.7425958811906508,0.4610924109327543,0.21941086889482397,0.001796745393776925,0.0009623360713297898,0.055247102355685994,9.197246795469032e-05,957.3005293573843,8.750151057122633
8.660677348361778,1.0275620114358959,2.776793737067501,1.464820545785861,Si1,PU,combo_001,12.686338120302542,2.8533277578036795,gp,0.5163332710206774,0.4836667289793226,0.9673334579586452,0.0,0.0,337.22575940581595,2.5144375559358108,0.38917973995515937,0.0,0.2820049881171873,0.9999999629999999,0.742535724422309,0.42521397189729093,0.27835754852694033,0.001075510617500271,0.0010488469752561252,0.05536670158439619,5.787689961814817e-05,875.1537092624028,14.832532828972983
9.393909168124162,1.44441270809748,1.3714016288482402,1.5460520513930385,Si1,Si1,combo_002,14.523472539978233,1.9808699406139818,gp,0.4730658021045784,0.5269341978954216,0.9461316042091568,0.0,0.0,327.23866005173375,1.095130094260732,0.3423434101173797,0.0,0.3801092879410646,0.9999999599999999,0.7424284110449806,0.3858851992456194,0.235834992983875,0.0015372066984167963,0.0010963136134330407,0.0553398336223157,8.020747609224367e-05,838.102854080641,8.906782116979446
9.31980906139086,1.2296338477223352,1.9149612479746851,0.5185533789153403,Si1,Si1,combo_002,4.832818479630036,2.354701167586277,gp,0.4950136983131532,0.5049863016868468,0.9900273966263065,0.0,0.0,326.7877742030827,2.1170831569929907,0.3402288984280595,0.0,0.17506264173570216,0.9999999599999999,0.7424028390316897,0.3756756874793849,0.24629158468196122,0.0012204715214071881,0.0010395669750058215,0.05535792557396785,6.085223281530896e-05,859.1680382609445,14.396425732011423
10.494769074450573,1.1590682452231054,2.0409305087275698,1.9565326074472662,Si1,Si1,combo_002,20.533357901791714,2.365577743373164,gp,0.4779575193272336,0.5220424806727664,0.9559150386544673,0.0,0.0,355.0704623036261,1.3233492920193457,0.4728657393777439,0.0,0.33414030570936415,0.9999999599999999,0.7423883194295382,0.47528355524789045,0.23814332875027144,0.0012146475163239804,0.0008112657070600344,0.05526126020618943,7.958686957857953e-05,949.6928188980476,9.313499360538259
12.61042350595934,1.2263468956432764,1.6218200542540528,0.5333105922273518,Si1,PU,combo_001,6.725272428200893,1.9889139888264677,gp,0.5167770621054046,0.48322293789459536,0.9664458757891907,0.0,0.0,381.146588453552,1.9483984373846372,0.5951545043083015,0.0,0.2848609768785367,0.9999999629999999,0.7423709713197681,0.5631597993531026,0.2559585742048128,0.0006144482819743473,0.0008963011435195904,0.05520960550030987,7.492061218547891e-05,1128.4196994055246,10.425674180251578
15.164984947745008,1.0965687006358467,1.7477861180922383,1.424842909267141,Si1,Si1,combo_002,21.6077212719374,1.9165675525057762,gp,0.5200379006664733,0.47996209933352674,0.9599241986670535,0.0,0.0,416.9068897188047,1.5966110551132224,0.7628589804306043,0.0,0.3152625835882382,0.9999999599999999,0.7423667579503588,0.6795396721666552,0.24633184181066514,0.00025849508287844176,0.0008042026070603305,0.05520347550922865,8.328980777490108e-05,1294.5157800633456,14.237133140719447
11.382944515366864,0.9993319460663985,2.611444348909391,1.592316960441525,Si1,PU,combo_001,18.125255611583494,2.6096997632397207,gp,0.5043867824981838,0.4956132175018162,0.9912264350036324,0.0,0.0,375.63257428845606,1.7772329693473208,0.5692955259392658,0.0,0.16872343014236088,0.9999999629999999,0.7423075665554197,0.5314725296880904,0.23163513672864303,0.0016330466362059564,0.0008936559041217133,0.0551812358912603,3.562722016739542e-05,1047.6201291027521,11.331791476722065
15.157667006092698,1.0403910080796952,1.9390650798655518,1.1956453056807468,Si1,Si1,combo_002,18.123193400906672,2.017385873173456,gp,0.5288237417023183,0.4711762582976817,0.9423525165953635,0.0,0.0,416.2974363210872,1.8568128355305602,0.7600008372056065,0.0,0.39670213398729626,0.9999999599999999,0.7422948090400092,0.6886810655216486,0.26904125937457496,-0.00043472750700251776,0.0009847409263399394,0.05520604692077147,8.181234011111545e-05,1297.8120301504057,14.94130127657492
9.043604355685934,1.3902300221026316,1.4903483039261365,1.177925062324975,Si1,PU,combo_001,10.65268822431377,2.0719269555078523,gp,0.5230637648314485,0.47693623516855155,0.9538724703371031,0.0,0.0,327.6482661429721,1.467849160514762,0.34426433283103636,0.0,0.3426014709081686,0.9999999629999999,0.7422511405400946,0.3877736669820448,0.2452399322194839,0.0009165101342634497,0.0010801914383958562,0.055386292830025836,7.775218974556657e-05,839.1602793749012,10.814348233166825
9.630267526847339,1.0828296339660421,2.4204964826610955,2.148494641768086,Si1,Si1,combo_002,20.690578180224705,2.6209853203360067,gp,0.4954670120366309,0.5045329879633691,0.9909340240732618,0.0,0.0,346.1035207105015,1.1875337793197192,0.4308136260261308,0.0,0.16943031935812095,0.9999999599999999,0.7422233110059369,0.4278111620430471,0.20795962751502017,0.00047146288932108647,0.0010643951417845412,0.055339918643752824,7.74666520326139e-05,908.7832476684329,6.860020505005592
11.608294917126937,1.0734882380454875,2.2175647099511666,2.1962179453134105,Si1,Si1,combo_002,25.49434561148463,2.3805296332373307,gp,0.5126300030479385,0.4873699969520615,0.974739993904123,0.0,0.0,373.45179514824883,1.308793499331192,0.5590683631272381,0.0,0.24442560582561687,0.9999999599999999,0.7421494120910137,0.5264862048015079,0.22409911397842108,-0.00010514039751556895,0.0009218023940114085,0.05518139292945189,6.693001450043846e-05,1032.1802748301104,9.529484865224465
10.405673165665709,1.179675306609067,1.9810534970795264,0.971758302509897,Si1,Si1,combo_002,10.111799291940097,2.3369998915762547,gp,0.4856554396002011,0.5143445603997989,0.9713108792004022,0.0,0.0,347.2939693646686,1.818911233789874,0.43639645281544476,0.0,0.2599696478161057,0.9999999599999999,0.7420906760191652,0.4480480319336262,0.24700288080663096,0.0006437536706147628,0.0010405735581383367,0.055278876655820035,8.133908347911208e-05,935.8133482565859,10.256572728346079
12.6343235429189,1.120943522080065,1.9236610636803748,0.738326270463092,Si1,Si1,combo_002,9.32825298126735,2.1563154080101636,gp,0.5247442296872507,0.47525577031274935,0.9505115406254987,0.0,0.0,380.0469685309297,2.0208088810841893,0.5899976354752022,0.0,0.3569660854102713,0.9999999599999999,0.7420820746237224,0.5675948409192699,0.26969452722114506,0.00011223763014803624,0.0008665288413836999,0.0552077577510148,7.0319153698334e-05,1103.335543485108,11.018154008212724
11.815829667667751,0.9285507828144288,2.977051027988668,0.8919783374941495,Si1,Si1,combo_002,10.539464103080329,2.7643430625173777,gp,0.4869340270211815,0.5130659729788185,0.973868054042363,0.0,0.0,370.0562692155231,3.002521954035761,0.5431444229600793,0.0,0.24763933833748827,0.9999999599999999,0.7420398398289136,0.5351765688417507,0.2928862950264358,0.0006522515230371746,0.00115058862759809,0.05519129104288952,7.651408641884537e-05,1036.0416620106585,16.919081671987627
12.212486421555163,1.4786920913242194,1.1353523988339937,1.733400340257138,Si1,PU,combo_001,21.1691281185094,1.6788366130218075,gp,0.49384632505000425,0.5061536749499957,0.9876926501000085,0.0,0.0,372.6912649672762,0.8620217652700822,0.5555017176834776,0.0,0.18306354770504546,0.9999999629999999,0.7420320245465151,0.5127054827452207,0.19687727914274317,0.0013304826863757336,0.0010631159463445215,0.055188657908610446,7.104675720716597e-05,1034.985963015727,8.844054222093398
15.896492169215385,1.3320110385291604,1.118459862955648,2.3200985319336107,Si1,Si1,combo_002,36.88142814469075,1.4898008836087349,gp,0.47226963855629833,0.5277303614437017,0.9445392771125967,0.0,0.0,424.0438264772746,2.556993379389787,0.7963289512599663,0.0,0.3835955916271836,0.9999999599999999,0.7419230869025439,0.7208678233772949,0.2953123409081785,0.000479605431217288,0.0011213705033072062,0.05516591552101751,8.750353937446551e-05,1271.296247233576,13.768958647579597
14.182832981426749,1.2307607003489092,1.470770270490212,1.1944376273396127,Si1,PU,combo_001,16.94050937528937,1.8101662481608878,gp,0.5113867646433086,0.48861323535669143,0.9772264707133829,0.0,0.0,406.5453867934846,1.1715812977765359,0.7142668165379876,0.0,0.2305880737066917,0.9999999629999999,0.7418632254358017,0.6321603609018297,0.21648995529699622,0.00042874371691260967,0.0009605565445017337,0.05533670227601653,1.393240973174903e-05,1230.173705616937,9.153292152126994
8.502968412985147,1.2717663489357949,1.8204246096604644,1.4394600581867691,Si1,Si1,combo_002,12.23968340651586,2.3151547593407584,gp,0.5296682261186731,0.47033177388132685,0.9406635477626537,0.0,0.0,320.9298407571305,1.521551346056188,0.31275704766187756,0.0,0.40105695099797106,0.9999999599999999,0.7418429718301847,0.3721828909843147,0.25617396947390725,0.0011555774862590411,0.0011375665124256813,0.05534297231742642,7.279498565647241e-05,811.2458359681518,14.171727640385887
12.038822149327784,1.1244734553802338,2.0155798146590223,0.5443728906201373,Si1,PU,combo_001,6.5536084130912995,2.266465998784282,gp,0.4752162546780454,0.5247837453219546,0.9504325093560908,0.0,0.0,376.08751762358327,2.381167553884567,0.5714290659538455,0.0,0.3551664933899587,0.9999999629999999,0.7418042878063208,0.5585690656899958,0.28395722705007187,0.0007640935891115373,0.0010239200106351017,0.055167042360362684,3.450203467453837e-05,1095.7107121580786,12.78666955031718
13.025811313849767,0.9930825472311035,2.468514143905952,0.6366866710405723,Si1,PU,combo_001,8.293360443017631,2.4514383139061295,gp,0.4647618417975963,0.5352381582024037,0.9295236835951926,0.0,0.0,392.2998885395318,2.686019655696398,0.6474599458670827,0.0,0.4525453411214052,0.9999999629999999,0.7417792208459902,0.625041182049809,0.31085820897569816,0.0004886516451769441,0.0010466179264468085,0.05532859570974436,2.215477230332473e-05,1169.9445391568397,12.378645343637919
12.961726015076529,0.8971211698135471,2.9766062464706105,1.9964887693185867,Si1,Si1,combo_002,25.877940420084848,2.6703764779080252,gp,0.5084017324751819,0.49159826752481806,0.9831965350496361,0.0,0.0,390.54857870336696,1.2511628721271535,0.6392468579396818,0.0,0.20181177201014994,0.9999999599999999,0.7417458791090952,0.5776857269581072,0.2153828959991244,0.0001367940372888805,0.0008316465396579661,0.055292923452805086,2.8325035299942884e-05,1119.2253619362368,9.7434867213286
14.253803671476065,0.9340769196783678,2.5900153346713597,1.5361836359785135,Si1,Si1,combo_002,21.896459950571987,2.4192735457295607,gp,0.4867012636358048,0.5132987363641952,0.9734025272716096,0.0,0.0,406.1893643230567,1.1713562523762573,0.7125971840187307,0.0,0.24678492579252803,0.9999999599999999,0.7416520773386295,0.6326087099928274,0.21891040697049988,0.0007312474050442505,0.0007546918807033111,0.05529898123291895,5.2401577725211754e-05,1213.016207460643,9.196842749193943
13.731822871825052,1.2437793362282088,1.4761543030903015,0.7273149474942238,Si1,Si1,combo_002,9.987360031021419,1.8360102192680694,gp,0.5050876727937013,0.49491232720629874,0.9898246544125975,0.0,0.0,392.0353312146787,1.478772745904952,0.6462192558840841,0.0,0.17005023528355875,0.9999999599999999,0.7416395104301277,0.5820128547394849,0.21979777561547967,-0.0002899459441897366,0.000565200855964355,0.05523618604534777,2.748461029938319e-05,1162.881116478927,10.189363517855117
8.547470248461934,1.39782863288353,1.4980297131032556,1.15910308354203,Si1,PU,combo_001,9.907399121475988,2.0939888258860306,gp,0.5243768589839064,0.4756231410160936,0.9512462820321872,0.0,0.0,320.3886124128824,1.820710446662189,0.31021885830879015,0.0,0.3493593633940069,0.9999999629999999,0.741546854256174,0.3686834188150926,0.2604838977174868,0.0007969991895470015,0.0011023043920922097,0.05536065485304895,6.981945841522359e-05,806.3623204949852,13.217923163646162
9.634752732234999,0.9758628466884777,2.9859998881687195,1.4397084675677174,Si1,PU,combo_001,13.871235091519928,2.9139263510798026,gp,0.4898711418982913,0.5101288581017087,0.9797422837965826,0.0,0.0,351.00341299839835,2.1260798296365424,0.45379256748141167,0.0,0.21586329822380554,0.9999999629999999,0.741480914703829,0.4593539846660581,0.25277450375698374,0.0010165642655564227,0.0010048494314156755,0.055334735600336284,7.146419208092425e-05,928.8481450069992,9.371845631631576
9.240224278457227,1.254575398044768,1.819160452176583,1.897662708650424,Si1,Si1,combo_002,17.53482903279455,2.2822739483967367,gp,0.5234442864037945,0.4765557135962055,0.953111427192411,0.0,0.0,334.6376076080745,1.1776221220012648,0.3770421285254992,0.0,0.3393854039504263,0.9999999599999999,0.7413841649102155,0.4070524165685498,0.2330531703123661,0.0020162052737987147,0.0006444330192499125,0.055367590329303815,6.324181370671468e-05,859.0534249266143,11.864321186607551
14.01134234213625,0.9085059258866085,2.758410762744023,2.248482547791183,Si1,Si1,combo_002,31.504258727421,2.5060325239823444,gp,0.5005824844988793,0.4994175155011207,0.9988350310022414,0.0,0.0,405.76681998400653,1.2911840485456854,0.7106155850245494,0.0,0.12528782486178666,0.9999999599999999,0.7412918305431646,0.6204525796028388,0.20551828832743313,0.0002007527767487504,0.0009770368547431507,0.05528032537435984,5.983767472726638e-05,1195.8671617986392,7.3484353267862765
15.240766125135796,0.9083713783106006,2.6049243262848742,2.258356482338521,Si1,Si1,combo_002,34.41908297450577,2.366238700662204,gp,0.4858927344253985,0.5141072655746015,0.971785468850797,0.0,0.0,421.814565072958,2.4480185463380235,0.7858744219992227,0.0,0.25145080725696,0.9999999599999999,0.7412830798748447,0.699079527206263,0.27109585787243284,0.0004344802081902515,0.001129519610932679,0.05520968073006365,6.835137783007973e-05,1285.7956089923925,14.990913349461817
15.878632214543785,1.0092344493691252,2.053948575448666,1.3980687001764396,Si1,PU,combo_001,22.19941870076697,2.072915659575434,gp,0.4694610335548717,0.5305389664451283,0.9389220671097434,0.0,0.0,433.6275339362065,2.2467898871000656,0.8412735009937036,0.0,0.4044042387201782,0.9999999629999999,0.7412306705196975,0.7508355969055095,0.2859236713906739,-0.000415346708364768,0.000909185143695736,0.05514168496194498,7.606048420476016e-05,1388.5882767947835,18.306989924474586
8.586898262328386,1.1212296709579397,2.3904484445967653,0.8211834330271806,Si1,Si1,combo_002,7.051418594113955,2.68024172297715,gp,0.48135887223300955,0.5186411277669905,0.9627177444660191,0.0,0.0,322.30003296612057,2.754554731718333,0.3191828147406024,0.0,0.29335029287466896,0.9999999599999999,0.7412297155460772,0.38011737095145764,0.28974285164069224,0.000906814692457282,0.0010633993298193433,0.055354547927312425,5.848456151553463e-05,840.6234109830714,14.815705709505666
15.302392866501647,0.9947201097834903,2.1667367045098462,0.7765639648491034,Si1,Si1,combo_002,11.883286876089155,2.1552965725819524,gp,0.47714184314904884,0.5228581568509512,0.9542836862980977,0.0,0.0,415.0270065969806,2.583241651504311,0.754042924554056,0.0,0.3326858605640145,0.9999999599999999,0.7412267216372561,0.6864790736161077,0.28873442838613717,0.0002430225746652612,0.0009684966636881832,0.055180417175488716,6.96013019104756e-05,1300.4703586837622,16.699108652065654
14.450890556103674,0.9831012397843064,2.327557050663084,0.8391319713099655,Si1,PU,combo_001,12.12620427952784,2.2882242221755815,gp,0.4743209671718134,0.5256790328281866,0.9486419343436268,0.0,0.0,412.33875792951727,2.28357019010184,0.7414358905383366,0.0,0.358936678827771,0.9999999629999999,0.7412168120029601,0.6768263094876251,0.28058682302220916,0.0002202722848787935,0.0010070999253777978,0.05523021286843478,4.6508719695351535e-05,1282.9136865990533,12.785132364835318
13.602317905332047,1.0255986262508874,2.221140593175878,1.2073329361562415,Si1,Si1,combo_002,16.422526415175156,2.2779987410712614,gp,0.4711729230776882,0.5288270769223118,0.9423458461553764,0.0,0.0,396.49581775990225,1.6621748539353267,0.6671375237076315,0.0,0.38792418985839205,0.9999999599999999,0.7411663076135862,0.6205562627770519,0.25987515666430633,-0.00013877672873745174,0.0009791936369680915,0.05513084853150095,1.5801135517697673e-05,1174.767540091657,10.031231838874492
14.219902253810062,0.8837936300384871,2.9161365382372963,0.7933277617552792,Si1,Si1,combo_002,11.281043227393987,2.5772628968166074,gp,0.484280241527383,0.515719758472617,0.968560483054766,0.0,0.0,400.6608508375021,2.7370331345782346,0.6866702084333514,0.0,0.2652015353780966,0.9999999599999999,0.7411166429079998,0.6343417806376458,0.2848139224944304,0.00042851904945022173,0.001064577164924891,0.05529712108807139,5.428552312618612e-05,1202.6278669777919,11.65878361436789
13.42736267085506,0.9833303999974667,2.397517396787131,0.7194973441918882,Si1,Si1,combo_002,9.660951781181515,2.3575517407835744,gp,0.5289725700018337,0.47102742999816627,0.9420548599963325,0.0,0.0,391.7233093323641,2.5482910785825723,0.6447559721739128,0.0,0.38855723260098046,0.9999999599999999,0.7410734439919608,0.6151626310721772,0.29570563840633796,0.0002636866497621757,0.0009763783737459665,0.0551857359549432,5.0329199733273586e-05,1156.4436803911208,11.788339822285996
11.350618675083398,1.3611113329798958,1.4142270888877086,1.150108421852596,Si1,PU,combo_001,13.054442131450772,1.9249205180922269,gp,0.5019626854929431,0.4980373145070569,0.9960746290141138,0.0,0.0,362.07178034111274,1.2900204739347623,0.5056997013998487,0.0,0.13606700233724578,0.9999999629999999,0.7410224611240476,0.47807597198760315,0.20708824045953278,0.00115731060909495,0.000840619145433584,0.055199312592127736,7.232257362690684e-05,1012.5058534489762,8.320689449741725
13.315881073142002,1.1772909862846737,1.6837048854236767,1.2025230176648123,Si1,PU,combo_001,16.01265349094048,1.9822105851727638,gp,0.5253867088466535,0.4746132911533465,0.949226582306693,0.0,0.0,397.00927728760604,1.2912284664050455,0.6695454861144594,0.0,0.35416642475018,0.9999999629999999,0.7409552312869699,0.6145918824531789,0.23985187005566466,0.0005692508229654502,0.0009526742740676386,0.055240662100288135,5.205667208058197e-05,1192.556441981501,7.941636113815459
14.796342488482855,0.8827368171027614,2.8204259812128787,1.5046315826010213,Si1,Si1,combo_002,22.263044215152693,2.4896938535297894,gp,0.493192579545223,0.506807420454777,0.986385159090446,0.0,0.0,412.16953390730174,1.4147882563165097,0.7406422835219287,0.0,0.18065228651803406,0.9999999599999999,0.7409414662744287,0.6484319268894179,0.21880770018063045,0.00021147852185191885,0.0006042190773506797,0.05514487734138788,5.6792049176509776e-05,1247.70430709097,9.218887725321366
9.372590915441773,1.381791755724881,1.508276060918556,1.5706429839823335,Si1,Si1,combo_002,14.720994163075177,2.0841234263344592,gp,0.47338889723896216,0.5266111027610378,0.9467777944779243,0.0,0.0,329.5174028633318,1.07055718404888,0.3530299914915654,0.0,0.36541133109078255,0.9999999599999999,0.7409318168126791,0.3916128726061369,0.2326393167489877,0.001615802416909467,0.0010615957586576968,0.05534438776623858,7.587311238617771e-05,846.142058161041,10.01755243529412
13.38652097310078,1.398989156297004,1.165345812723795,1.9307114419896707,Si1,Si1,combo_002,25.845509211200376,1.6303061553367084,gp,0.5109597127593339,0.48904028724066606,0.9780805744813321,0.0,0.0,388.573940085164,1.3468611681396894,0.6299864288247188,0.0,0.21909803603318115,0.9999999599999999,0.7409018840317414,0.5740347231928214,0.22183518134767793,-0.0002461497508642607,0.0008325037573688803,0.05522026565520471,5.9623072976537914e-05,1091.2250877662862,9.133043026055308
8.41750303048311,1.3942420638114192,1.5504990862556567,0.6371719744985497,Si1,PU,combo_001,5.363397026280448,2.1617710459588064,gp,0.4670350065602662,0.5329649934397338,0.9340700131205324,0.0,0.0,314.8573723903356,2.353712868407021,0.28427909612929025,0.0,0.42433294265334964,0.9999999629999999,0.740882961380029,0.3641643889708668,0.2932249947506026,0.0010958255414174637,0.0010448126497697658,0.055324693158620555,8.33585276691024e-05,796.4059375957986,15.985617209511682
13.543476752910795,1.2072507470244327,1.5755782268286416,1.5021880807145005,Si1,Si1,combo_002,20.344849349656524,1.9021179913343087,gp,0.5228326375560499,0.4771673624439501,0.9543347248879002,0.0,0.0,394.9183471553227,1.2198013567425177,0.6597396866654586,0.0,0.32950051419405646,0.9999999599999999,0.7408491698321218,0.6044382226158244,0.23327145198620058,0.001819454807321518,0.0008474730794026479,0.05517195663978933,3.4049749625375024e-05,1159.1291098927213,11.148733914493496
13.948654990236154,1.3595912011817952,1.2093114670052436,1.8086904713215686,Si1,Si1,combo_002,25.228799368592178,1.6441692300285782,gp,0.4825323443198357,0.5174676556801643,0.9650646886396714,0.0,0.0,396.62201081311224,1.2568243471445177,0.6677293291211787,0.0,0.2791464348658457,0.9999999599999999,0.7408131827133162,0.6054221566237005,0.22721141286289465,0.0004875160670233325,0.0010323848605430818,0.05533295082563461,4.860774410290395e-05,1140.4446738385923,8.822919822628414
8.30018959580457,1.5212469938590452,1.2494289176135882,1.4682799638821544,Si1,Si1,combo_002,12.187002079942967,1.9006899849602317,gp,0.5180258325437208,0.4819741674562792,0.9639483349125584,0.0,0.0,308.9929478429709,1.1897723291281068,0.2567768041553073,0.0,0.2841404017618178,0.9999999599999999,0.7407855521652875,0.31748218835048986,0.22525641669384805,0.0011245241056539363,0.0011697229445555507,0.055305023952046874,9.273860692564965e-05,761.2489140538848,7.905982517046932
13.910830319124353,1.0111613783114644,2.238253484597505,2.463408542062672,Si1,Si1,combo_002,34.26805823531534,2.263235478496051,gp,0.4784066694373834,0.5215933305626166,0.9568133388747668,0.0,0.0,405.95120078083687,1.536603709886456,0.7114802725088657,0.0,0.31694625097321905,0.9999999599999999,0.7407226775198457,0.6430515171288232,0.2441644001095167,0.0005290145163299329,0.0011297643557141594,0.05526748304871568,5.178220024787432e-05,1201.2799189465181,9.542858421560377
11.719033133036035,1.0972980613713945,2.137582499999242,2.464809725295387,Si1,PU,combo_001,28.88518683736609,2.345565133270587,gp,0.4776274487356318,0.5223725512643682,0.9552548974712636,0.0,0.0,382.3627054817515,1.3302394450328126,0.6008577076343815,0.0,0.32268519605472906,0.9999999629999999,0.7405261901915139,0.5638118131851781,0.23670293063294337,0.0004581403559160327,0.0010745559032427799,0.05518442598914464,7.746731482790128e-05,1081.0991353675115,11.101758192646853
9.098499518732448,1.3369565610997127,1.647818315974622,0.6703011614348373,Si1,PU,combo_001,6.098734794720668,2.2030615090425503,gp,0.4698729106216817,0.5301270893783183,0.9397458212433634,0.0,0.0,326.8439876729294,2.0033290708532165,0.34049252178071915,0.0,0.3933583460072559,0.9999999629999999,0.740308083490811,0.39637907902755937,0.27444843643224465,0.0010982693613640596,0.0009932896556144417,0.05538207239216598,7.55439998474271e-05,848.3270655306877,12.860676407028661
11.263920040873748,1.049042153775312,2.3612193194291695,2.0389743894935517,Si1,Si1,combo_002,22.966844488644732,2.4770186003898527,gp,0.519208781791761,0.480791218208239,0.961582436416478,0.0,0.0,368.38559294237194,1.4788242446341757,0.5353094808805777,0.0,0.29086795212116306,0.9999999599999999,0.7402329882611403,0.5164583773076858,0.2379225099952524,0.00021561451082360183,0.0009534652182553372,0.055203926477273894,7.193368865299424e-05,1006.9862133085994,9.412743574218334
13.314648167580678,1.0530849590699682,2.1446391596688636,0.5595334192649536,Si1,PU,combo_001,7.449990615516266,2.2584872416797364,gp,0.4758956782760677,0.5241043217239323,0.9517913565521354,0.0,0.0,395.11381680249156,2.501701937532286,0.6606563773424501,0.0,0.3363124310135594,0.9999999629999999,0.7402013171873759,0.62053161797865,0.2859900596335604,0.0005144368590344226,0.0010387119719256484,0.05524444797232833,5.6196604362085823e-05,1200.0342363628556,11.227893049867937
12.464840568714969,1.2679484244403798,1.5353750800807504,2.297850991715028,Si1,PU,combo_001,28.642346262391403,1.9467764137134094,gp,0.4884326783021109,0.5115673216978891,0.9768653566042218,0.0,0.0,387.38189636185496,0.8793140191279157,0.6243961216668015,0.0,0.21830016209923278,0.9999999629999999,0.7400731760490644,0.5646544745461956,0.20286013780817413,0.0005264866703108913,0.0010502066271952186,0.0552164669819815,8.614985763297197e-05,1117.7004158807254,6.621502206437648
8.788027430475374,1.1004678657281621,2.457434619348603,0.5783985360820028,Si1,Si1,combo_002,5.08298220083544,2.704327830721056,gp,0.48481828431241425,0.5151817156875858,0.9696365686248285,0.0,0.0,323.84179159810054,3.0560576106874975,0.3264131739527737,0.0,0.25142824704177597,0.9999999599999999,0.7399955098179134,0.384460442512958,0.29561363120270245,0.0013468839371083344,0.0009872536140364924,0.055398873812444224,6.418034374149069e-05,852.4228421368754,14.907434393207376
8.705750786819793,1.3336665820248719,1.6795043029002161,1.0418943381174517,Si1,PU,combo_001,9.070472453849092,2.2398987631449963,gp,0.4720341741956702,0.5279658258043298,0.9440683483913404,0.0,0.0,324.24892644484976,1.851375740775359,0.32832250731321594,0.0,0.3702827924018229,0.9999999629999999,0.7399360922905653,0.3838016525755974,0.26485909001684715,0.0005761286572365373,0.0009608756522162346,0.055406550473173166,4.336699541078581e-05,826.1820418988898,13.277572833360422
10.894850851836399,1.4057942287135314,1.3460237514110165,2.4412385233786966,Si1,PU,combo_001,26.596929605968224,1.8922324214449442,gp,0.5116996672791956,0.4883003327208044,0.9766006654416088,0.0,0.0,360.7073170323739,1.2322713985247578,0.4993008010471132,0.0,0.21844393804539786,0.9999999629999999,0.7399333540365253,0.48116902967807473,0.21711586109875458,0.0008496141230956159,0.001070549272987868,0.05524590355902641,9.658471830238239e-05,977.1687809653951,9.637605927124063
15.260590442177667,1.2053173140293174,1.4275310392775804,0.6700565086372112,Si1,PU,combo_001,10.225457951427963,1.7206278779555333,gp,0.5258798212600055,0.47412017873999446,0.9482403574799889,0.0,0.0,417.4136118852087,2.109587947180323,0.7652353467488299,0.0,0.3507362206173462,0.9999999629999999,0.7399262029594323,0.6906611969867554,0.27234035319554184,0.00010135464248123044,0.0009261682172273434,0.055181505631484995,8.016661451361701e-05,1306.1996614361667,11.491452455028648
10.805106706045976,1.2258280744664138,1.7777236579279203,1.8779883016236092,Si1,Si1,combo_002,20.291863991749153,2.1791835685311725,gp,0.516644478899039,0.483355521100961,0.966711042201922,0.0,0.0,357.36122726733754,1.2616437912996084,0.4836087008340515,0.0,0.26440532350494084,0.9999999599999999,0.7399089890788668,0.475119137056916,0.22519460595479177,0.0015789427381269132,0.000635916242922252,0.05524616560760934,9.32928369208135e-05,965.1676060843378,9.213500383921332
14.678490982124693,0.9540285638290877,2.4119619151089653,2.2876731802963803,Si1,PU,combo_001,33.57959014702894,2.301080561881862,gp,0.5020149132036873,0.4979850867963127,0.9959701735926254,0.0,0.0,423.31945466472064,1.9702681756782539,0.7929318771010815,0.0,0.1275839962759921,0.9999999629999999,0.7398732843176412,0.6861282532443402,0.23324899560234275,0.00039280814930245833,0.0011001607286581158,0.055145479495732425,3.338400800678858e-05,1302.412543723416,12.239641247784842
14.396734325833439,0.9151297163154151,2.6700073211226014,2.10278336973895,Si1,Si1,combo_002,30.273213518912453,2.4434030423390074,gp,0.49496511448274205,0.505034885517258,0.9899302289654841,0.0,0.0,410.382707962366,1.2776932675312576,0.7322626363037897,0.0,0.15518276849030968,0.9999999599999999,0.7397980038071215,0.6384395642263572,0.20945847014990343,6.871721955772577e-05,0.0008649015375152055,0.055254351604455076,4.705753008634354e-05,1224.1411597487024,9.198031556006121
11.383184352823282,1.1062728400835693,2.1396093573817385,2.2399031804709164,Si1,PU,combo_001,25.49723083577564,2.3669917204600766,gp,0.4818931944587348,0.5181068055412652,0.9637863889174696,0.0,0.0,376.7219526705828,1.296967439731798,0.5744043651942373,0.0,0.27669892948947367,0.9999999629999999,0.7397354335526473,0.5403124747993447,0.2284631885739305,-4.6727054998998725e-06,0.0009796138011098614,0.05518426553495099,4.7464095465200955e-05,1052.9777524133535,11.14519254981905
12.805451302665688,1.4633582833049825,1.1086534223221636,1.6105671742115129,Si1,PU,combo_001,20.624039519037414,1.622357168869555,gp,0.5058301179446882,0.49416988205531176,0.9883397641106235,0.0,0.0,381.0146545663673,0.8395389276917852,0.5945357762033852,0.0,0.16210676454887282,0.9999999629999999,0.739734184848724,0.5376745900463518,0.1928270679541629,0.0018350202886833213,0.0010430790039125714,0.055212074957242535,2.6353755786691288e-05,1068.7059897522045,8.049377659547831
9.332231514175698,1.0669955389566,2.5557307380874743,1.5089442304409268,Si1,PU,combo_001,14.081816900454413,2.7269532963135936,gp,0.4792141608437106,0.5207858391562894,0.9584283216874212,0.0,0.0,345.5116864060141,1.7204677808538595,0.42803811076273707,0.0,0.3007626640842865,0.9999999629999999,0.739614939043693,0.44514219352448264,0.24915178055012624,0.0013323342036114176,0.0009026350729712475,0.0553616792457574,4.169190776718842e-05,910.1674623918606,12.610896736011522
8.39571443914268,1.0676322499739324,2.6074195643951046,2.2735675302900242,Si1,Si1,combo_002,19.088223742421917,2.7837652161611963,gp,0.5074791317218708,0.49252086827812924,0.9850417365562585,0.0,0.0,330.97779225330396,1.922431423434677,0.35987875475458136,0.0,0.17649719879627626,0.9999999599999999,0.7396060314973529,0.3873311952758154,0.23865680255737434,0.00012166591347241096,0.001018122716781969,0.05531370217348937,7.268521141736385e-05,848.378504284447,11.599103160668001
9.520556010009178,1.598518756411142,1.1176872492633785,2.1077148527160934,Si1,Si1,combo_002,20.066617308411814,1.786644031749086,gp,0.45225020845829533,0.5477497915417047,0.9045004169165907,0.0,0.0,326.5723018791767,1.9577380090356011,0.3392184015384647,0.0,0.5515052964176536,0.9999999599999999,0.73949696220093,0.41077657297443326,0.29633187035774733,0.0008599691495020661,0.0010407905527930405,0.05533061966915599,8.910055211715623e-05,825.3312035584304,13.679847667121226
9.619677131819483,1.5887956712632607,1.1065007129049955,1.3691389474791447,Si1,PU,combo_001,13.170674623348523,1.7580035429131688,gp,0.5133724132960573,0.4866275867039427,0.9732551734078854,0.0,0.0,328.3389117659402,1.6929422583665283,0.3475032418527167,0.0,0.23051720250607044,0.9999999629999999,0.7394799802948823,0.38142608015184315,0.23750490489108106,0.0012984967753749458,0.0011179013112612738,0.055335907663650125,8.925301452196743e-05,845.2663184641582,15.4795858655496
8.161473415582213,1.150076509507497,2.3243455089149325,2.11845439789428,Si1,PU,combo_001,17.289709250537392,2.6731751697823123,gp,0.4696985231768238,0.5303014768231762,0.9393970463536476,0.0,0.0,330.9799993228877,2.47082163310283,0.35988910521123885,0.0,0.38812316828610316,0.9999999629999999,0.739428913479619,0.41481978723117496,0.2925163212843567,0.0009527662883823604,0.001031712355813594,0.05529617210269557,8.864241566624542e-05,838.2973281282984,17.845352477779123
12.006432042022073,0.9780058663116071,2.631880223452994,1.979896232440266,Si1,PU,combo_001,23.771489565049592,2.573994297966532,gp,0.5118820727245748,0.48811792727542525,0.9762358545508505,0.0,0.0,385.9803039692003,1.332283935777218,0.6178230976812471,0.0,0.21571503028024822,0.9999999629999999,0.7393656672238338,0.5650141269987996,0.22073985652069356,0.00022565713574928056,0.0009158694245622296,0.055179893547697006,5.514253439923919e-05,1096.2144021507042,9.303094233007608
12.14724204122582,1.031470454402883,2.3732791773467685,1.5533949680839851,Si1,Si1,combo_002,18.869464662938423,2.4479673514827716,gp,0.4703402055945958,0.5296597944054042,0.9406804111891915,0.0,0.0,378.3043850359888,1.5563567994463787,0.5818254713216974,0.0,0.3813595164823599,0.9999999599999999,0.7393296795927269,0.5589620850566765,0.25462299766373764,0.0014435790159155139,0.0009552962416846633,0.055189441851413626,6.274989984169383e-05,1064.5806151074942,8.804950369452923
9.567880856149445,1.264544206313908,1.7755613083178021,1.3585527659901275,Si1,PU,combo_001,12.998471001785818,2.245275765388419,gp,0.5214023404617976,0.47859765953820244,0.9571953190764049,0.0,0.0,341.4646223100918,1.2131275765876055,0.4090586631622907,0.0,0.3035999385847659,0.9999999629999999,0.7392412853466839,0.4262945512055318,0.22911722415479574,0.0012599296672390257,0.0010630870679633508,0.05533657450215731,8.40231795257514e-05,895.106031858787,7.471693763418899
13.215203511284699,1.058252571381235,2.1317431461393923,0.6712704416573475,Si1,Si1,combo_002,8.87097549761181,2.255922665926336,gp,0.47084539038939255,0.5291546096106075,0.9416907807787851,0.0,0.0,387.9599428870863,2.3267290178109867,0.6271069766165173,0.0,0.3758204748460418,0.9999999599999999,0.7392241217628366,0.5989817405918955,0.2848599123919584,0.00023821726885990834,0.000925959068208203,0.05529193394477411,4.197805057857876e-05,1145.3467963219343,12.046410803216766
8.369435677302901,1.1466141999750867,2.305394797173398,1.9824207017978945,Si1,Si1,combo_002,16.591742549051155,2.6433984109877033,gp,0.47553605770720253,0.5244639422927975,0.9510721154144051,0.0,0.0,326.6910471970841,1.7537391811300622,0.3397752794345409,0.0,0.33203285085289497,0.9999999599999999,0.7392230889203113,0.3868685950214995,0.25518408579004426,0.001428948148210157,0.0010230495870654757,0.05531217950418986,7.871098507065956e-05,833.023074349011,12.3973929715736
15.13122583660716,1.251880922322563,1.3522425251046621,2.055756771305111,Si1,PU,combo_001,31.106119971752012,1.6928466195318161,gp,0.48585543616657745,0.5141445638334226,0.9717108723331549,0.0,0.0,423.034490852994,1.5713014753309031,0.7915954871639569,0.0,0.23459665418054942,0.9999999629999999,0.7390793538574243,0.6912970081508967,0.2332112615403339,0.00023948345182355245,0.0009541808833170428,0.055203359815054344,8.791416195004959e-05,1275.4287184172117,10.863503889838155
10.751686571353883,0.9977892081035639,2.6855426598612437,1.8895380647756062,Si1,PU,combo_001,20.31572103710989,2.679605483911289,gp,0.5174603308079355,0.4825396691920645,0.965079338384129,0.0,0.0,368.5409266291465,1.6799888436436035,0.5360379466273131,0.0,0.2651371775634236,0.9999999629999999,0.7390272611755698,0.5167131170928272,0.2421755124752935,0.0013104932305234617,0.0010049919040995118,0.05524103645892403,8.455200261689275e-05,1004.5414729000635,11.292209917575866
12.521490102065513,1.481294591576662,1.1107767996624731,1.519656343459227,Si1,Si1,combo_002,19.02836186316578,1.6453876657888549,gp,0.46941753763485394,0.5305824623651461,0.9388350752697079,0.0,0.0,371.76380146873953,1.1187647816932744,0.5511522079019203,0.0,0.38632979842505566,0.9999999599999999,0.7388632064285057,0.5329457361190084,0.2377212153718137,0.002194656599048614,0.0009402503149943649,0.055215041384448146,8.595171867352745e-05,1018.5525911371619,8.034479051201496
15.597649822799294,0.9857564054499133,2.177204083098937,1.0991194896068366,Si1,Si1,combo_002,17.143680912301324,2.1461928708864826,gp,0.4735006592771285,0.5264993407228715,0.947001318554257,0.0,0.0,420.64226773915436,2.298174099646071,0.7803767191480407,0.0,0.34718172211555787,0.9999999599999999,0.7387301111073721,0.7030776650455858,0.2794125293237387,-0.00021020110386829887,0.0011016229882656328,0.055073274814596035,3.84932745438409e-05,1321.894941353913,17.421103210081053
10.979708440809162,1.0937665711897235,2.2101020308640322,0.9245963547136362,Si1,Si1,combo_002,10.151798400190694,2.417335720277597,gp,0.5212966377957926,0.4787033622042074,0.9574067244084148,0.0,0.0,357.65964762409976,2.1788153259208225,0.48500819770136866,0.0,0.2977611213275797,0.9999999599999999,0.7386196779733809,0.49000234520052943,0.26718590756798377,0.0006189622989352103,0.0010851721922112,0.05523933801672399,9.439810698820351e-05,980.8013551729996,10.934629012377425
9.799788266596524,1.1528388331248576,2.129390118951034,2.3464429433463994,Si1,PU,combo_001,22.994644024444256,2.4548436199991115,gp,0.488541727886318,0.511458272113682,0.977083455772636,0.0,0.0,354.32411741448504,1.323520057106815,0.4693656184556203,0.0,0.20543172357458472,0.9999999629999999,0.7385550291239588,0.4599645803057301,0.21884392853886872,-0.0002610015514119666,0.0008089042138212699,0.05537711035661507,6.321960286285895e-05,934.9572099652939,10.880358508139286
8.310696259518446,1.154956902702582,2.2903095955521175,0.9561766019694042,Si1,Si1,combo_002,7.946493309426185,2.645208876708877,gp,0.4707706180344786,0.5292293819655214,0.9415412360689572,0.0,0.0,318.5481136614513,2.6172145350932956,0.30158750264366246,0.0,0.37093534958780033,0.9999999599999999,0.7385089018735307,0.3739766749743303,0.29584191901562296,0.0006768987720350409,0.001056088329479687,0.055306262862652215,8.306746145366462e-05,821.5915391213161,16.01793626295629
10.183111190033017,1.29186017294079,1.6676045570160856,1.7413764457442569,Si1,Si1,combo_002,17.732629970718264,2.1543119114236498,gp,0.48245492179518124,0.5175450782048188,0.9649098435903625,0.0,0.0,345.4350284448718,1.1738707914290567,0.4276786092272602,0.0,0.261786449678644,0.9999999599999999,0.7384966807304152,0.4346948334514744,0.22126204253764442,0.002148083216424345,0.0007967195567903661,0.055350970562838775,6.972381837736797e-05,912.7452336236629,10.148911759420498
11.930953887555034,1.016669385959988,2.4457373486628855,1.465757921155787,Si1,PU,combo_001,17.487890167628223,2.486506288484505,gp,0.5120364330708043,0.48796356692919574,0.9759271338583915,0.0,0.0,382.51458657375053,1.7307424944283634,0.601569981806169,0.0,0.2099803663296194,0.9999999629999999,0.7384464553254063,0.5576546624275669,0.23594879720544618,0.0009230382956897277,0.0009096842893773305,0.055176913887187484,5.964359343268654e-05,1090.6597982487888,10.90590042518097
13.591995248114383,1.2420467145998626,1.510642952121212,1.1420462232943371,Si1,PU,combo_001,15.522686840143608,1.8762891156155888,gp,0.4795620830853409,0.5204379169146591,0.9591241661706817,0.0,0.0,397.9333079608384,1.182173277233145,0.6738788970336216,0.0,0.2880986242690537,0.9999999629999999,0.7384085880974449,0.6097619169048506,0.22554369398079335,0.0005479688597096275,0.0010272485282107728,0.05517560742322121,3.5429789040583084e-05,1191.5933150980138,8.16247548435215
9.828585281994052,1.036727528693267,2.6295879148799823,1.9765060283160742,Si1,Si1,combo_002,19.426258059679885,2.7261661804752046,gp,0.4832606979891594,0.5167393020108406,0.9665213959783188,0.0,0.0,348.53548532510285,1.5414159005822263,0.44221876908167856,0.0,0.25239459922762464,0.9999999599999999,0.7382569581307352,0.44816874734855877,0.23467571962431844,0.0011979414055709255,0.0010257633618566838,0.055379555426650365,5.423575729430045e-05,921.3279994938212,8.086994388205897
10.222791704596883,0.9976136512681508,2.756357099335705,1.3327866161973896,Si1,PU,combo_001,13.624799964060424,2.749779470067182,gp,0.5172698434862681,0.48273015651373186,0.9654603130274637,0.0,0.0,358.3337907310574,2.011697187036099,0.48816971515462465,0.0,0.2565063195368863,0.9999999629999999,0.7381493488540868,0.4861643321889862,0.2542581040252442,0.0008563035302746846,0.0010396951810146043,0.055325797869854046,6.368416429710279e-05,966.0502140526191,11.132896207945654
8.745473666047769,1.091217398762815,2.515003416587878,1.393955641535562,Si1,PU,combo_001,12.190802354687982,2.744415486128617,gp,0.47534195196190865,0.5246580480380914,0.9506839039238173,0.0,0.0,336.0335229564419,2.172757392513918,0.38358852897309564,0.0,0.3245078581960334,0.9999999629999999,0.7380270021765831,0.4216134493883398,0.27095361263589823,0.0010362740223637237,0.0011129382188368832,0.055390917410179326,6.217163022215713e-05,873.9153420109731,15.2394268690503
10.021511670841235,1.2575792306659561,1.7747018208945304,1.6694340600601103,Si1,Si1,combo_002,16.730252916592264,2.231828150582015,gp,0.4813150440848233,0.5186849559151767,0.9626300881696466,0.0,0.0,343.84041102313876,1.209704637943929,0.42020035904856023,0.0,0.2675687123232196,0.9999999599999999,0.7378745181497255,0.4304511750686399,0.22357449860662323,0.002073778533707654,0.0008388645378801167,0.05540622153569666,2.2070497825303554e-05,905.7589407863537,10.022867662308633
14.705213624836595,1.029150484732813,2.071025788789468,2.0306760956431766,Si1,Si1,combo_002,29.861525789282023,2.1313971944268375,gp,0.482188928740392,0.517811071259608,0.964377857480784,0.0,0.0,414.64138160186275,1.5092151453306237,0.752234465578663,0.0,0.25938703036256483,0.9999999599999999,0.7378712610139135,0.6655079493173964,0.23442598387065053,6.18319098817222e-05,0.0007934325794156837,0.055150811850426966,4.66493019740448e-05,1262.0677408774388,12.115864864280942
8.867698172961163,1.5951223193438613,1.110558554364972,2.1114370671331946,Si1,PU,combo_001,18.723586622539504,1.77147673700582,gp,0.5277555938957121,0.47224440610428786,0.9444888122085757,0.0,0.0,322.7449860591574,2.0178780880255154,0.3212695036869074,0.0,0.3521960586008611,0.9999999629999999,0.7378704266080452,0.37897437663397293,0.26886082986580995,0.0009381166473527196,0.0010351341494617284,0.05541366048042112,5.132582377464095e-05,800.4898565748296,17.162580622118597
13.081528689018395,1.294063241744762,1.4080643619663298,1.104945980599389,Si1,Si1,combo_002,14.454382545026471,1.8221243328314185,gp,0.5129734332698668,0.4870265667301332,0.9740531334602665,0.0,0.0,384.4733272121418,1.0520404724716075,0.6107558544358287,0.0,0.21422202733635032,0.9999999599999999,0.7378695040146284,0.5566886900758665,0.2092141744304824,0.0006834202249208723,0.001035418891222117,0.05529223459922695,3.278800291027728e-05,1103.9197240384312,8.270781976399654
15.31463908304232,0.9600285708345564,2.3316590133336534,1.5198676461440408,Si1,Si1,combo_002,23.27622445468906,2.238459270244219,gp,0.47240454674938803,0.527595453250612,0.9448090934987761,0.0,0.0,419.61251852622974,1.7424991191021066,0.7755475217928529,0.0,0.3505431375137247,0.9999999599999999,0.7378501501241808,0.6936306812978982,0.25750733664740943,0.000468980913883167,0.0008527513857194799,0.055180050812449886,6.71861582758674e-05,1297.0330800548766,15.06554742925378
9.25034011984135,0.9851790540845857,2.975131890689744,0.8884421170912425,Si1,Si1,combo_002,8.218391759885908,2.931037621846607,gp,0.4916669053293887,0.5083330946706113,0.9833338106587775,0.0,0.0,334.7508674992408,3.2552513503906235,0.3775732815091618,0.0,0.17067458134048497,0.9999999599999999,0.7378390634150946,0.4144923332001708,0.2915337182350546,0.0008882095421914623,0.0011468888036011175,0.055380478445645885,2.0899342433337268e-05,885.6440912625071,17.02222739304775
13.710408967870459,1.0954623373480579,1.9322314883471114,1.1331312661364632,Si1,Si1,combo_002,15.535693073011773,2.1166868225222433,gp,0.4714081073106726,0.5285918926893274,0.9428162146213452,0.0,0.0,396.99932716910195,1.617239076184909,0.6694988232130843,0.0,0.35901826990885083,0.9999999599999999,0.737744466047509,0.6188008142302163,0.25372708695193036,0.00021553230261914306,0.0010482589205931046,0.055180118668583876,2.967350433314637e-05,1186.9775337934925,11.365106346423238
8.275488606215442,1.566895596034326,1.2089413735008705,1.1292573659217413,Si1,PU,combo_001,9.345156465170232,1.8942849140022033,gp,0.47058792436902763,0.5294120756309724,0.9411758487380553,0.0,0.0,309.1498856979657,2.1571919394028845,0.2575127929424385,0.0,0.3664091556386236,0.9999999629999999,0.7377106263937347,0.33737121315766927,0.2766110796151433,0.0006808404147700081,0.0010911500488318604,0.05530173648934737,9.363476153147324e-05,763.4816706609275,15.622215917360442
14.970238718675041,1.2827766601951296,1.2844671150236795,2.3023955048660243,Si1,PU,combo_001,34.467410332648726,1.647684435940549,gp,0.5035679337738541,0.4964320662261459,0.9928641324522918,0.0,0.0,421.07196876381414,1.9166361745790275,0.7823918807289026,0.0,0.12453870372412489,0.9999999629999999,0.7376262730831842,0.6778277593073331,0.23062931644502946,0.0004743811937736069,0.0011036360904889825,0.055197419325744346,8.910902247392936e-05,1250.7468505537797,11.177748626639074
10.197066358705175,1.3098058234202574,1.6216419970141753,1.061571460577805,Si1,Si1,combo_002,10.824914628019453,2.1240361311920224,gp,0.48851395644894424,0.5114860435510558,0.9770279128978885,0.0,0.0,340.5743745034231,1.2817975840171223,0.4048836831773913,0.0,0.19835802414444548,0.9999999599999999,0.7376156350370962,0.4136391140151747,0.21610027843961385,0.0007770450915154627,0.0010051159778876673,0.055345678151792435,7.243813444483264e-05,906.9136828188956,10.127518039508875
14.815561654021604,1.265489247964518,1.321621910174694,0.7760295515408873,Si1,PU,combo_001,11.497313666196751,1.672498317200403,gp,0.5270327280007692,0.47296727199923083,0.9459345439984617,0.0,0.0,410.65873679813427,1.621981484335372,0.7335571240362561,0.0,0.3432092546439307,0.9999999629999999,0.7375834604326141,0.6621153673136654,0.2515469881802158,-0.00013285702300390608,0.0008005599792110172,0.05517909702993565,7.912164174692474e-05,1255.2916946559187,8.974885697363613
13.707743457975901,1.2093442084071513,1.5742761714708915,2.4465331968222355,Si1,Si1,combo_002,33.536449423460866,1.903841770401706,gp,0.48425694283458043,0.5157430571654196,0.9685138856691609,0.0,0.0,400.40151157994524,1.705404933090859,0.6854539895317288,0.0,0.23766838158132253,0.9999999599999999,0.7375616035132537,0.6188503205587418,0.23908017928659625,0.0005802203515706191,0.0010541760159422557,0.055212316596785355,3.244715024657726e-05,1169.0409937370464,13.443262567378403
13.436402588561418,0.9804258693251642,2.416096876384655,1.7355643230243578,Si1,Si1,combo_002,23.319740962499324,2.3688038804032394,gp,0.5176867940810084,0.4823132059189916,0.9646264118379833,0.0,0.0,397.0786270994855,0.9965640840747263,0.6698707147467396,0.0,0.2548798198375743,0.9999999599999999,0.7374424506475494,0.6014956526280077,0.21307557710100017,0.0018184221906580589,0.0008590964399406537,0.05518089136105627,4.8533496612137065e-05,1160.003874611755,6.621605815885452
10.394055120621871,1.257159762564143,1.7432381714202634,0.7298596691303529,Si1,Si1,combo_002,7.58620163125973,2.1915288856754493,gp,0.49522152366536076,0.5047784763346392,0.9904430473307215,0.0,0.0,343.0268389520793,1.6918162715835512,0.41638496395575264,0.0,0.13408972755334914,0.9999999599999999,0.7374024224238562,0.4199875638036882,0.2229953741106448,0.0007958084511109427,0.0009954491576001298,0.05528412501260818,8.419331065741334e-05,925.2201113229467,10.57887796953603
8.079290268022694,1.5545519858958563,1.2395692857502496,0.9243259586650991,Si1,PU,combo_001,7.467897722323682,1.9269748948185588,gp,0.46695295331296904,0.533047046687031,0.9339059066259381,0.0,0.0,305.64266598421193,2.412620388261363,0.24106504435167353,0.0,0.397897376868934,0.9999999629999999,0.7373982797548633,0.33194974979538755,0.2916352976484695,0.00029764307232226666,0.0005546418873917122,0.055284636198434545,9.723711258748543e-05,752.8425555448882,16.804016402798382
8.842786569837292,1.0136059997807716,2.904611856682011,0.7226219683577884,Si1,PU,combo_001,6.38999183686364,2.944132004967253,gp,0.4732660136921183,0.5267339863078817,0.9465320273842366,0.0,0.0,334.6114713325577,3.2880057927083435,0.37691955767910656,0.0,0.33861484707024,0.9999999629999999,0.7373520802536098,0.43120616186632643,0.31804568820428336,0.0011831497995830956,0.0010768151051793434,0.05539621549947803,7.309398025544816e-05,879.1272490088493,15.708932991738674
14.665600813994814,1.3289670394586643,1.2104316583073387,2.2468830451450343,Si1,PU,combo_001,32.951889815830164,1.6086237774077454,gp,0.5027309386635253,0.49726906133647475,0.9945381226729495,0.0,0.0,415.11605501965516,1.6483315926525623,0.7544605334260671,0.0,0.11452111055605346,0.9999999629999999,0.7373437159309923,0.6541825549103951,0.2183064205813076,0.00044999292786242917,0.0011070189133562977,0.05517947027475964,6.294517462477262e-05,1214.657006274239,9.637260875206637
15.766630028792786,0.8774241279794046,2.6670891054613657,2.2069477477054704,Si1,Si1,combo_002,34.796128630949674,2.340168332602809,gp,0.5214453521149451,0.47855464788505486,0.9571092957701097,0.0,0.0,428.31477723148237,3.1648829315593527,0.8163583563107156,0.0,0.2890877077149926,0.9999999599999999,0.7373307432397644,0.7324419407491749,0.3056512861178607,0.0004758021826659723,0.001139620493048829,0.055102069392957455,5.621392631993857e-05,1322.2403221717266,19.079680929847562
10.18663735394627,1.269457432033397,1.7195017011532416,2.0921614806626323,Si1,PU,combo_001,21.312090289405507,2.1828342139230514,gp,0.5029360954237658,0.4970639045762342,0.9941278091524683,0.0,0.0,354.4154754676731,0.758233902481131,0.46979405876253527,0.0,0.11588602106576679,0.9999999629999999,0.7372732718496646,0.4447964877235419,0.18261506625103185,0.0006282802168486249,0.0009932109962164327,0.05534968141853321,6.977413692114399e-05,944.1344836304847,4.538882603828624
13.20835290896796,1.224559260671,1.571080562364534,0.8683157214616402,Si1,PU,combo_001,11.469020485470468,1.923881251903693,gp,0.5160663376795824,0.48393366232041757,0.9678673246408351,0.0,0.0,391.79430087963465,1.5137298743163452,0.6450889000247104,0.0,0.2384054953196867,0.9999999629999999,0.7372694986626185,0.5884599205577745,0.23146082522773292,-6.127811041833193e-05,0.0007762580623391353,0.055277638697534756,2.4588716886336544e-05,1171.433447301255,8.540658877601453
11.507743181163839,1.156561673096423,1.929303514910739,1.7674851132578615,Si1,PU,combo_001,20.33976475990175,2.231358501115974,gp,0.514523246755676,0.48547675324432404,0.9709535064886481,0.0,0.0,375.2827126428699,1.2077300997597726,0.5676547857353983,0.0,0.22400140207920252,0.9999999629999999,0.7372692538142918,0.5292897916853396,0.21695977283112255,0.0017294794237262302,0.0009227409909369261,0.05517959278751326,5.391935608824667e-05,1059.5690188304197,9.566608780274121
8.98655195637781,1.0982989566717256,2.421677092568488,1.079215015311874,Si1,PU,combo_001,9.698421807203228,2.659725424163788,gp,0.5084806528127395,0.49151934718726054,0.9830386943745211,0.0,0.0,337.17566296840823,2.269056157534773,0.38894480354540323,0.0,0.1675372530798514,0.9999999629999999,0.7372607211980794,0.4107753701102726,0.2512915834837459,0.0007853307092539087,0.0011215979138999783,0.055400656725862085,7.533941036589451e-05,884.846685407474,15.6504223712577
9.68753761031104,0.9919723840913734,2.922493417400803,0.6679548212024267,Si1,PU,combo_001,6.470837452387094,2.8990327627504198,gp,0.4711572738731675,0.5288427261268325,0.942314547746335,0.0,0.0,346.21489778362985,3.016429078545556,0.43133594919009055,0.0,0.35592736919126583,0.9999999629999999,0.7370485890904308,0.4678996834825535,0.3096903502349625,0.0012413925309047915,0.0010466566898565438,0.05534336805628711,6.697164331709304e-05,927.0557062650141,12.244802174843405
15.345431589061068,1.166431756971026,1.555108357456106,2.0084403214830253,Si1,Si1,combo_002,30.820383554029583,1.813927773667852,gp,0.4739559809651155,0.5260440190348845,0.947911961930231,0.0,0.0,420.3812382053689,1.8477082067888906,0.7791525733867612,0.0,0.32940989004341226,0.9999999599999999,0.7369978311639642,0.6952531496445313,0.2585802489496123,0.0002779510668954776,0.0008965192848758753,0.05515115953777561,6.855624013746678e-05,1290.6120157677103,13.884309783313258
14.152857137380664,0.9470615282160528,2.5265054075874147,2.35641185349464,Si1,Si1,combo_002,33.34996031934001,2.3927560723558585,gp,0.4860858604484335,0.5139141395515665,0.972171720896867,0.0,0.0,408.4957673151385,1.5186104090497723,0.7234134828704921,0.0,0.21611595742637224,0.9999999599999999,0.7369873617568135,0.6411144097384183,0.2283142175664838,0.00042865265912016666,0.0011192045254699926,0.055310486500671295,4.926898863801736e-05,1210.4766508362613,9.20389189285118
12.57350920427946,1.1880777075237487,1.7222508213315035,2.479141713387238,Si1,PU,combo_001,31.171511151987588,2.046167807588426,gp,0.5183999589575734,0.4816000410424266,0.9632000820848532,0.0,0.0,392.28415725064707,1.174370904674331,0.647386171109382,0.0,0.25732096848174235,0.9999999629999999,0.7369024739227725,0.5880493414340955,0.2206123895049997,0.000712983911356595,0.001104549794751246,0.05521269385997731,7.851840767123769e-05,1142.425381929146,8.99978987375418
10.343990268069966,1.5613962748572259,1.1305140593833485,1.5823965356113014,Si1,PU,combo_001,16.36829436459093,1.765180440994881,gp,0.48368140912536006,0.5163185908746399,0.9673628182507201,0.0,0.0,341.2600750318235,1.4834538219806972,0.408099401273254,0.0,0.23773118154677847,0.9999999629999999,0.7368815047964431,0.4221509884817058,0.23013869765714207,0.0017316669034821296,0.0010721359972709257,0.055299623529316874,8.91654048938638e-05,899.9804575098133,14.537877984306299
8.779954936589393,1.3381212289676758,1.6649723017056974,1.2269903635034507,Si1,PU,combo_001,10.772920099189735,2.2279347825555678,gp,0.4666999471973696,0.5333000528026304,0.9333998943947392,0.0,0.0,326.4011872081273,1.6471055218660962,0.33841592797840375,0.0,0.3961188862507581,0.9999999629999999,0.7368679331760308,0.3910969814375801,0.26049664163428954,0.0009674359570524956,0.0011079510117641325,0.05541762503218276,4.2381461169687595e-05,831.0927072817029,12.044396199604831
9.29464133908041,1.5844801291647135,1.1413423815337804,1.9919600680709872,Si1,PU,combo_001,18.514554394490027,1.8084343241138061,gp,0.4739598540021248,0.5260401459978752,0.9479197080042496,0.0,0.0,328.0828506072912,1.7278833701222633,0.34630239619574155,0.0,0.32687132388343476,0.9999999629999999,0.7366772550106974,0.39062350439626364,0.25336713733066907,0.001349618038383587,0.0009646516764093006,0.05534572995762846,8.084737633724566e-05,829.0395067051161,15.474305126704309
15.351358951752719,0.869278107692018,2.8002593069114603,2.4475255103500615,Si1,PU,combo_001,37.57284265295556,2.434204111358956,gp,0.5135946804149576,0.4864053195850424,0.9728106391700848,0.0,0.0,431.6776715585004,3.4266436460845955,0.8321292645920509,0.0,0.21006806076914183,0.9999999629999999,0.7365945513185479,0.7385957133240342,0.30435469362976664,0.0005414165413559799,0.00118033273634972,0.05517711589148999,6.214740691772968e-05,1338.9308760614915,16.395317687561654
10.384115791517642,0.9766313971074947,2.880671298653125,2.234641951655368,Si1,Si1,combo_002,23.20478077857231,2.8133540350110624,gp,0.4827159721329721,0.5172840278670279,0.9654319442659443,0.0,0.0,357.74010985708185,1.8027327028043787,0.48538554006573525,0.0,0.2443391879265014,0.9999999599999999,0.7365736974155384,0.48059093216245496,0.244005859822241,-7.106249814179582e-05,0.0010324354456001427,0.05527236129599186,6.989081649552618e-05,954.0954919888388,12.345103441923342
10.384867945189942,1.446174495215235,1.3011085840525556,2.3925277866897297,Si1,PU,combo_001,24.846085119970414,1.8816300497624137,gp,0.512489937224732,0.487510062775268,0.975020125550536,0.0,0.0,351.66697883461416,1.3290566883002704,0.4569044808881189,0.0,0.19944584320103606,0.9999999629999999,0.7365546741145858,0.4507069910286241,0.21816932918408583,0.0007270667062267335,0.0010424339839580083,0.05528967600939525,8.880956553436358e-05,931.584169509644,11.900003718400146
11.832411003001766,1.046362790613136,2.36385808733458,0.5663115937500656,Si1,PU,combo_001,6.700831533015742,2.4734531448768413,gp,0.4668429270598864,0.5331570729401136,0.9336858541197728,0.0,0.0,374.88837975306484,2.6955987723093697,0.5658054894945187,0.0,0.3923171108947442,0.9999999629999999,0.7365518558970127,0.5619706135959286,0.30221028354523033,0.0008402472418037551,0.0010729241984449064,0.05518250275774188,7.299061104395578e-05,1077.3628184882891,13.916584372380665
15.617648426976734,1.0315577944807062,1.935503782826554,1.6476192025608356,Si1,PU,combo_001,25.731937447130896,1.9965840134216237,gp,0.5224298074932747,0.4775701925067253,0.9551403850134506,0.0,0.0,432.32891262887955,1.951060980762638,0.8351833787542096,0.0,0.2910466739176881,0.9999999629999999,0.7364046237655686,0.7318292599523268,0.2569938045017926,0.0011808802958505802,0.0010430653826351802,0.05507457015519427,3.746893472356172e-05,1372.2306875901274,16.15143457979405
13.483392026719288,1.0059529208545044,2.3128648644530676,2.3492275207578084,Si1,PU,combo_001,31.675555622335356,2.3266331659383206,gp,0.4871666932562597,0.5128333067437403,0.9743333865125194,0.0,0.0,407.49818749721726,1.0055029768656532,0.7187351497794557,0.0,0.2012233578991673,0.9999999629999999,0.736371831559655,0.6304381083973251,0.20538759825113762,0.00039032457858186037,0.0010694978117346083,0.055159378037356724,3.479499986491582e-05,1217.9426320479479,6.7419402262660615
15.111721184710774,0.9051824490968461,2.611064347443303,0.9386239943715589,Si1,Si1,combo_002,14.184224100222533,2.363489620768187,gp,0.5129659868375818,0.48703401316241823,0.9740680263248365,0.0,0.0,413.6330479175613,2.4718058779861596,0.7475057002635187,0.0,0.20221185622362714,0.9999999599999999,0.736339823811585,0.6675716130853441,0.26466931690835815,0.00028814138073303094,0.001127848766327994,0.055212240782838935,7.622376730808571e-05,1272.9571263968232,14.52053285796702
8.251785658098566,1.0612170117540543,2.655552100839466,0.7914596424720233,Si1,PU,combo_001,6.53095532671446,2.8181170650100587,gp,0.517490327819047,0.482509672180953,0.965019344361906,0.0,0.0,326.2747634864843,3.5023919238283328,0.3378230408030328,0.0,0.24343767386436851,0.9999999629999999,0.7362115426293547,0.3967911169027051,0.3124149318191638,0.0010017028936753626,0.001103576701855107,0.055302555131903554,8.286600897253523e-05,846.7337757596547,20.21562759023802
15.831670872941581,0.8949542241476754,2.618902561927774,2.1171063258059277,Si1,Si1,combo_002,33.51733055318208,2.3437979104284303,gp,0.47731650795813607,0.5226834920418639,0.9546330159162721,0.0,0.0,428.3486773456381,3.0052638746120564,0.8165173370990151,0.0,0.291613317966377,0.9999999599999999,0.7361738931348532,0.7309666000977184,0.2995929688561521,0.0004704692420840454,0.001089721424588181,0.055120355607010584,6.225971341123752e-05,1325.7860161755052,19.292915578999413
14.032639065708107,1.0942278695246945,1.9083529434964999,1.1222733549829087,Si1,Si1,combo_002,15.748456923536466,2.0881729756633547,gp,0.46587841247239226,0.5341215875276077,0.9317568249447845,0.0,0.0,400.99322189715417,1.6300800403037339,0.6882289233340932,0.0,0.39835881871529055,0.9999999599999999,0.7361726047504527,0.6359938974061986,0.2601460230101088,0.00013740567605451332,0.0010647810267765622,0.05531848219377724,5.1064169455563206e-05,1211.1606637835341,11.918343185043348
9.41918499389128,1.3671358676202434,1.5371875899633272,1.216401448411268,Si1,Si1,combo_002,11.457510269423032,2.1015442894995844,gp,0.48223752276281573,0.5177624772371843,0.9644750455256315,0.0,0.0,328.23247058501875,1.0107141755024014,0.3470040664584193,0.0,0.24543396361142658,0.9999999599999999,0.7361418814633167,0.3747074556502687,0.21222934723052794,0.001076180927352957,0.001040644177864943,0.05533974647398064,7.895859141438315e-05,848.9225049884344,9.927208577202155
9.383031560980962,1.3450049195451907,1.577340867374092,1.0962583198990385,Si1,Si1,combo_002,10.286226414600643,2.121531226417832,gp,0.5147037034492037,0.4852962965507963,0.9705925931015926,0.0,0.0,327.7774861214313,1.087371882990649,0.3448703335643998,0.0,0.2162569587918005,0.9999999599999999,0.736061372863829,0.37117941984081526,0.210944268451714,0.00077083069741364,0.001025250487751645,0.05534394611493903,7.554093997823529e-05,849.1298591896306,10.411331117311882
8.847512057795212,1.126905592056795,2.291866396187913,0.9622173231108575,Si1,Si1,combo_002,8.513229368442744,2.582717058111213,gp,0.5273583661817653,0.47264163381823465,0.9452832676364693,0.0,0.0,326.9160250660874,2.400343391055887,0.34083035431717246,0.0,0.33433670278158584,0.9999999599999999,0.7360574731013112,0.39528793908164317,0.2816060861523614,0.0006890601663543355,0.0010548394237742805,0.05540668118740364,6.613905684019294e-05,853.6405330503902,13.769831554792178
10.988326984901981,1.2155326503585258,1.8132347653922785,1.5548527343805298,Si1,PU,combo_001,17.085230258742207,2.204046060099496,gp,0.4878997838573653,0.5121002161426347,0.9757995677147306,0.0,0.0,364.7861654970679,1.1826360396188678,0.5184293072607459,0.0,0.19178278873192353,0.9999999629999999,0.7360389603115631,0.49132095262490233,0.21111498105194618,0.0018710990833771934,0.0009195076897091409,0.05523957257268287,9.524946465124433e-05,1010.3581286391957,8.065861868633053
8.939024144761866,1.0809461929061799,2.462618288082637,2.227849420876304,Si1,PU,combo_001,19.914799764107023,2.6619578630840603,gp,0.5370844103727137,0.4629155896272863,0.9258311792545726,0.0,0.0,344.34386323213255,1.847754332586339,0.4225613903031811,0.0,0.4249485596805156,0.9999999629999999,0.7360363928139196,0.4551937202277766,0.2729129100183213,0.0002317565480349089,0.001028864918590242,0.05540313291024651,7.447790745279868e-05,892.5987801057975,13.364794903776362
13.416203186892478,0.9792180603387408,2.431841707055665,2.32740812941739,Si1,Si1,combo_002,31.224980363089045,2.3813033194339006,gp,0.5063743629384927,0.4936256370615073,0.9872512741230146,0.0,0.0,398.9371049039586,0.9056389958214869,0.6785863864708738,0.0,0.1378075555881725,0.9999999599999999,0.7359705590644974,0.5948417248149762,0.19184788688114163,0.00031297696506288537,0.001036888256588107,0.05519129010819581,5.2689546853283234e-05,1160.0409161068587,5.916648231283499
13.38437844355959,1.3845208673804823,1.2092348025665334,1.9972258729802541,Si1,PU,combo_001,26.731626921236398,1.674210817716083,gp,0.4871586043869165,0.5128413956130835,0.974317208773833,0.0,0.0,394.22532877620034,0.9269926308989164,0.6564896501696316,0.0,0.19710292401139412,0.9999999629999999,0.7358343047309777,0.5855495908159487,0.20160334753794462,-0.0003801478933221782,0.0008230857283105655,0.05521966633483671,5.867476968756664e-05,1125.88472972666,6.853272075077076
14.630755434727693,1.329117628405597,1.2139356899567189,2.4078246208940914,Si1,PU,combo_001,35.22829315801737,1.6134633252721862,gp,0.5012471285936337,0.49875287140636626,0.9975057428127325,0.0,0.0,415.3365285086539,1.9279907037088697,0.7554944841944661,0.0,0.08878133462821984,0.9999999629999999,0.7358204140508247,0.6555546757952895,0.22572361948142775,0.000458669198199861,0.0009828968140598265,0.055183695792928804,6.0063088110403485e-05,1211.9854979304225,10.649371103826176
9.66108893689362,1.0190846489864738,2.6756036259542864,2.3121587630454097,Si1,PU,combo_001,22.337971445999646,2.72666658198256,gp,0.5396565353261167,0.4603434646738833,0.9206869293477666,0.0,0.0,355.78917912911726,1.761299534451508,0.4762362934400611,0.0,0.44630054190458385,0.9999999629999999,0.735696331304926,0.493905187342822,0.2726291357908106,-0.00032000946110466357,0.0008736824086214969,0.05534264774065928,7.358218144361313e-05,938.7408385412459,10.903688723399295
10.629325482913082,1.2254654825534648,1.811010743234685,2.0247756805487738,Si1,PU,combo_001,21.521999738439757,2.219331154367602,gp,0.49365596310246573,0.5063440368975343,0.9873119262049315,0.0,0.0,361.83840927624703,0.9516384250630835,0.5046052650894522,0.0,0.13444123772485803,0.9999999629999999,0.7355755712263593,0.4732483303426869,0.19319801658527425,0.0006579013989614288,0.0008719709544039197,0.05525087692864534,8.568955965074663e-05,983.6591526226839,6.764432905358606
12.024107046050428,1.3934882930818557,1.2841807763425308,1.194226348498264,Si1,Si1,combo_002,14.35950545155705,1.7894908780340857,gp,0.5186427926940311,0.48135720730596887,0.9627144146119377,0.0,0.0,366.2431394728935,0.8685534379900194,0.5252620533141771,0.0,0.24882584350509507,0.9999999599999999,0.7355238436988969,0.4981892072508445,0.20700503405720305,0.001260360714319793,0.0008419037611864367,0.05515819486917407,1.4657379432334643e-05,1011.6448046462931,7.328993165437149
10.115583815703433,1.2811423251598257,1.7125316592346662,1.3201410658428223,Si1,PU,combo_001,13.353997600085133,2.1939967918217147,gp,0.4752569726217786,0.5247430273782214,0.9505139452435571,0.0,0.0,348.2820085579713,1.1309470690170023,0.4410300434016107,0.0,0.30514499802389317,0.9999999629999999,0.7354448830468301,0.44788210992818633,0.2260347862099274,0.001337603280807907,0.0009544713086290132,0.05537676416004144,5.479394497601381e-05,931.6027613156207,6.00443149467119
8.08673984361241,1.6335875760918097,1.122996152050505,2.4905697611861184,Si1,Si1,combo_002,20.140589721080026,1.8345125619886138,gp,0.4495099446493498,0.5504900553506502,0.8990198892986996,0.0,0.0,308.8663435390886,2.60382463764863,0.2561830701064824,0.0,0.5446131464979359,0.9999999599999999,0.7353376002107983,0.35940706867131894,0.32135359728914725,0.000367216392660483,0.001109621687487793,0.05528446759583975,9.75500443166589e-05,740.1820766905964,18.400483694133836
13.470813102724147,0.939386389762348,2.627983307907997,0.724350486277684,Si1,Si1,combo_002,9.757590021514032,2.4686917519714062,gp,0.5292253396895532,0.4707746603104468,0.9415493206208936,0.0,0.0,391.99412763999607,2.7282150061147963,0.6460260241812731,0.0,0.345359429734131,0.9999999599999999,0.7352372878759728,0.6138050354465877,0.2964819868721119,0.0003717202734538042,0.0010290778407430503,0.05516124394255096,4.255276297602149e-05,1154.1315649825356,11.988861220775474
14.517575616555277,1.007127329883207,2.199081648343064,2.4434209084494993,Si1,Si1,combo_002,35.47254780148779,2.214755228690912,gp,0.46607186716282456,0.5339281328371754,0.9321437343256491,0.0,0.0,413.76654074621985,1.9827456338530263,0.7481317393097281,0.0,0.3892250057346064,0.9999999599999999,0.7352338084918286,0.6810760272005565,0.2729983407461926,0.0005045017210497319,0.0011290279503756682,0.05519688315680429,3.691312865808541e-05,1245.6682036464322,11.649050618849891
12.271881278218423,1.361629691405057,1.3271654830050934,1.1830787058301255,Si1,Si1,combo_002,14.518601420735598,1.8071079270676687,gp,0.5180018192497897,0.4819981807502103,0.9639963615004206,0.0,0.0,371.0697183116994,0.8761884063100802,0.5478971779352171,0.0,0.24044858550360487,0.9999999599999999,0.7352170487061969,0.5132840415385844,0.2060563503430425,0.0011610563109375374,0.0008726529252284435,0.05519920155960868,7.941111363007086e-05,1034.598593412718,7.111690447451721
11.954239381888822,1.0627488329426011,2.2171056534603175,0.7675623823618178,Si1,Si1,combo_002,9.175624459286048,2.3562264457253956,gp,0.5307661154866992,0.46923388451330084,0.9384677690266017,0.0,0.0,371.3582561778269,2.345316153655573,0.5492503290544271,0.0,0.35810910855714817,0.9999999599999999,0.735028359230977,0.5429251183391114,0.282952794292114,0.0004350154199297102,0.0010196820439848625,0.055170712834043165,5.035894236920749e-05,1050.6515705431045,11.557346590052317
13.661184305212519,1.2031882894949013,1.5804602622725699,0.8549185923702463,Si1,Si1,combo_002,11.679200456322787,1.9015912795783965,gp,0.5162653316651244,0.48373466833487555,0.9674693366697511,0.0,0.0,393.0297141656894,1.5488894829537672,0.6508825966827883,0.0,0.2222854969447332,0.9999999599999999,0.7349664884751288,0.5913086297472182,0.23046075085348589,-0.00011506718976911844,0.0007962651151814331,0.05519048613259494,3.6566831137379035e-05,1167.9916762617593,11.111087551519091
14.090617161082626,0.9559118716569006,2.526114690241366,0.8043137955248327,Si1,PU,combo_001,11.33327777011771,2.414743021568616,gp,0.4639666065619963,0.5360333934380037,0.9279332131239926,0.0,0.0,407.3529019947739,2.4481534251374875,0.7180538068317356,0.0,0.40611317491558463,0.9999999629999999,0.7348801152212122,0.6670728877769609,0.2943006528984944,0.0002758850213783599,0.0010025303221289682,0.05530457305537794,5.3601402514001314e-05,1249.683801292757,12.620525013303695
15.997818458160962,0.9888344053041428,2.067367009687088,1.0726009370949932,Si1,PU,combo_001,17.159275069699028,2.0442836275693357,gp,0.5228562267247412,0.4771437732752588,0.9542875465505176,0.0,0.0,433.6127921529435,2.722837106501275,0.8412043667036737,0.0,0.2818478957549335,0.9999999629999999,0.7347163448926902,0.7440167560192473,0.2867383758923788,-5.4730064103808754e-05,0.0011199222792540157,0.05517959317211969,8.771069708152092e-05,1398.5472245453316,20.083913551663212
10.57462231786786,0.9897958427860096,2.734082886633059,2.4591913517207544,Si1,PU,combo_001,26.00501975181392,2.7061838750217744,gp,0.5275741291127574,0.47242587088724264,0.9448517417744853,0.0,0.0,368.80108863054454,1.8430000329819893,0.5372580239367227,0.0,0.3257585539046441,0.9999999629999999,0.7347005752793756,0.5255075824423356,0.2578426765222752,-0.00018003666792431965,0.0009306705097915912,0.05524379123106247,6.786804042754753e-05,996.4050246630101,11.392166055825003
9.511306505307152,1.2704168404612854,1.7801506232727413,0.7684710380889741,Si1,Si1,combo_002,7.309163583715799,2.2615333303633443,gp,0.4892200965302038,0.5107799034697962,0.9784401930604076,0.0,0.0,329.89239499322974,1.634400512618409,0.35478858569993194,0.0,0.16858593512304842,0.9999999599999999,0.7346459357418118,0.37965815474020836,0.2258543276012865,0.0008237985314758329,0.0009688927975742165,0.05533573841410226,8.211034020274371e-05,865.8810064619161,12.341910978890187
9.202410674816164,1.1569364392709698,2.166723380959195,0.8383627620541545,Si1,PU,combo_001,7.714958430895515,2.506761233252088,gp,0.5081073430611944,0.4918926569388056,0.9837853138776111,0.0,0.0,336.58842811812167,2.24018074077909,0.38619085826408206,0.0,0.14239888825071925,0.9999999629999999,0.7344866802926951,0.4060010589849818,0.24635633345029134,0.0007928448976645126,0.0010118822994120498,0.05537893657972071,5.597967766291456e-05,886.8304088952816,15.589378463848412
13.225019435007425,0.9574036992590131,2.56600755927231,1.1416188806777743,Si1,PU,combo_001,15.097931884334988,2.4567051295739013,gp,0.5302017582401177,0.4697982417598823,0.9395964835197645,0.0,0.0,398.8035060921741,2.043102603739506,0.6779598503974025,0.0,0.34831205985229885,0.9999999629999999,0.7344480727618149,0.6285598654059861,0.2692954908768554,6.025632210985069e-05,0.0010592657603566845,0.05529516341737838,5.046396626807227e-05,1187.6488306571398,10.234840738071341
10.663107795971115,1.5718058660175156,1.101485134409098,2.247080223008511,Si1,Si1,combo_002,23.960858644134568,1.7313207955953116,gp,0.46041955637441845,0.5395804436255816,0.9208391127488369,0.0,0.0,344.48363572848814,1.9940925029058103,0.4232168790000953,0.0,0.43575256657504174,0.9999999599999999,0.7344360444109019,0.4584191237773445,0.28043507435546416,0.0007455730228594654,0.0010673072832313515,0.05525596654134124,9.384337685697274e-05,898.5798515216243,15.537175321059927
13.687197619994034,0.9079214882038278,2.828520699515514,1.5688074759866761,Si1,Si1,combo_002,21.47257795155368,2.5680747229194574,gp,0.4868670580730239,0.5131329419269761,0.9737341161460478,0.0,0.0,398.43390425336213,1.3175422477700405,0.6762265349453869,0.0,0.187924400584075,0.9999999599999999,0.7343098827606205,0.6029476107786482,0.215976754992256,0.001086688895482233,0.0008520376529888851,0.055109399976308406,1.336309658763092e-05,1168.738687726698,7.431870243365338
14.462592225848843,1.1787025096154526,1.5731907399598606,1.716159704062759,Si1,PU,combo_001,24.82011799429311,1.8543238732944787,gp,0.5246522569693113,0.4753477430306887,0.9506954860613774,0.0,0.0,415.0867552246786,0.9875212897538409,0.7543231266763144,0.0,0.2941244112925215,0.9999999629999999,0.7341416026250794,0.6644326060931208,0.21859758611044883,0.001172433675297305,0.001054947335842285,0.05523107687526821,5.906864443089729e-05,1264.5861147636106,10.865574464405958
12.988874668274814,1.202373608122158,1.6434400913581246,0.5422437781037212,Si1,Si1,combo_002,7.043136473441053,1.9760289923788774,gp,0.5207285408835389,0.4792714591164611,0.9585429182329221,0.0,0.0,381.95587121227703,1.835334239763288,0.5989497838860681,0.0,0.2573159905910709,0.9999999599999999,0.7341176372439915,0.5617592297467818,0.24726714347465523,0.0005316719019915122,0.0008873928721952267,0.05528341466138656,3.8845096913706225e-05,1119.0968210537103,11.095852086133807
13.441485129115849,1.0668038899709482,2.072498827631262,0.7866270577491973,Si1,PU,combo_001,10.573435898895989,2.2109498112772603,gp,0.47589610222067336,0.5241038977793266,0.9517922044413467,0.0,0.0,398.2657453487701,2.094063890704857,0.6754379229929672,0.0,0.287857926350404,0.9999999629999999,0.7339944764341731,0.6213362971644235,0.2622825508726316,1.964525606305454e-05,0.0008763976755294368,0.05518235635031126,4.598191450166205e-05,1212.3480983480658,9.30183289606341
12.528025080473556,0.9365885540798031,2.833389277810051,1.7507595623279533,Si1,PU,combo_001,21.933559706723504,2.653719966849333,gp,0.47827218433270247,0.5217278156672975,0.9565443686654049,0.0,0.0,391.69303783530586,1.4703433746789665,0.6446140084494482,0.0,0.26554768990697675,0.9999999629999999,0.733977378022031,0.5903418010481964,0.23378245238614434,0.001716827277317719,0.0009785718396438027,0.05522636802902421,7.181369903431089e-05,1130.0883323063977,7.057926400567422
15.725192692648939,1.040526712529898,1.881047822977062,1.019626302661065,Si1,PU,combo_001,16.033820083838435,1.957280507353844,gp,0.5314860819580005,0.4685139180419995,0.937027836083999,0.0,0.0,429.57390370673426,2.371150350860324,0.8222632603085188,0.0,0.35579535825088465,0.9999999629999999,0.7338711155858244,0.734100466405461,0.2836475804130658,0.00015465279745108154,0.0011296889092056246,0.055098310472709626,6.0612403595460487e-05,1378.7877950723769,17.266168094019008
9.859081424334287,1.0892921790100965,2.3686208142564364,2.449887846535235,Si1,Si1,combo_002,24.153643759477866,2.5801201280100625,gp,0.4911662410062547,0.5088337589937453,0.9823324820125094,0.0,0.0,350.55314262423354,1.1657265289392489,0.45168094217231297,0.0,0.14357626392709633,0.9999999599999999,0.7337689611962976,0.43958160681395353,0.2032020707412513,-0.0004065093925894721,0.0006539478731730159,0.055390676955549334,5.019556235498756e-05,922.2356958694841,7.655046353795587
15.591606931414045,1.165002312211393,1.537355591973366,1.6059443486778873,Si1,Si1,combo_002,25.03925303831136,1.7910228193400861,gp,0.4746475340864649,0.5253524659135351,0.9492950681729297,0.0,0.0,421.2959249332881,1.6184820728889504,0.7834421641646434,0.0,0.29718635851308123,0.9999999599999999,0.7336966445261583,0.6923922840121665,0.2445024281365902,0.0009647665632982283,0.001063353759687538,0.055073474543176695,2.3348350664995655e-05,1309.9071815112188,13.268602712986516
14.620906801563612,1.0023378535807743,2.1685820853059976,2.221514240801824,Si1,PU,combo_001,32.480552673109806,2.1736519126993334,gp,0.519427167149594,0.480572832850406,0.961145665700812,0.0,0.0,422.5677523301458,1.6693232929602668,0.7894066314583029,0.0,0.24023637955145472,0.9999999629999999,0.7334856287390064,0.6914582243593265,0.23801026967450928,0.00029450696047411755,0.0010216830487756062,0.05515753079424487,2.074654003136327e-05,1304.6740743296516,10.385800176723318
8.014680296886006,1.1962954580222231,2.1603424216959857,1.9053492121432776,Si1,PU,combo_001,15.270764789252,2.584407826847638,gp,0.4700591672656742,0.5299408327343258,0.9401183345313484,0.0,0.0,326.1683257662786,2.549654493339889,0.33732388163839533,0.0,0.3372094134075424,0.9999999629999999,0.7333377280448734,0.39484109583356086,0.28805845012188597,0.001536181824892068,0.0010466455026326438,0.05528627887786319,9.400485151864676e-05,819.7261094755114,18.957755602556947
9.084151790674001,1.5676751244966587,1.1491318866427405,0.9641131331130127,Si1,PU,combo_001,8.758150044580896,1.8014654734557385,gp,0.5307425337980192,0.46925746620198083,0.9385149324039617,0.0,0.0,318.9653663942476,1.8877985023436905,0.3035442856820705,0.0,0.34456061678988803,0.9999999629999999,0.7333209025238332,0.36430435604162353,0.26246963026663217,0.00030983134574845325,0.0005820563808936352,0.05537260758282654,8.161609718690586e-05,811.8873165874793,14.940346022431598
10.814055982632587,0.9721486840572949,2.809707694903899,1.9078525464943188,Si1,PU,combo_001,20.631624244397702,2.7314536381864807,gp,0.5238350546672663,0.4761649453327337,0.9523298906654674,0.0,0.0,369.7407416680968,1.771247001186754,0.5416646987919078,0.0,0.27992386319386736,0.9999999629999999,0.733299515315065,0.5231820215103185,0.24807379800716708,0.0011545202266570187,0.001039557454155446,0.05524124047196404,8.843352613394262e-05,1008.3805328344627,10.735501123399054
15.977446616760833,0.8982809698633779,2.5862710111325358,1.044559594778805,Si1,PU,combo_001,16.689395163603685,2.3231980322096732,gp,0.48144252176886226,0.5185574782311377,0.9628850435377245,0.0,0.0,432.22135045961966,3.1063294144493216,0.8346789462799833,0.0,0.23031015120970927,0.9999999629999999,0.7332538668024796,0.7387139236768818,0.2944732916411854,-1.1791872789365882e-05,0.001142613511132634,0.055169160527564855,8.186639097224749e-05,1381.5133494393099,20.54862500801106
10.069446688871855,1.4420568127406677,1.341582635410667,1.314796440314486,Si1,Si1,combo_002,13.239272662465202,1.9346383792485318,gp,0.4740622575418527,0.5259377424581473,0.9481245150837054,0.0,0.0,335.4180157340122,1.1261665371839886,0.38070199522939463,0.0,0.29905015306657295,0.9999999599999999,0.7332356157888913,0.4049879084033892,0.22492776848653107,0.0013723146002494271,0.0010058866640379035,0.05538608842399608,5.1704535690315936e-05,880.1127955403011,9.963344903842756
11.082023241898009,1.281920239371262,1.6091872205478686,0.9118862197855522,Si1,PU,combo_001,10.105544281630005,2.0628496669578995,gp,0.5267583416057846,0.4732416583942154,0.9464833167884308,0.0,0.0,359.7919725745448,1.640170894634738,0.4950081257244687,0.0,0.30666549590289294,0.9999999629999999,0.7332300329567667,0.49168627755398725,0.24679897163342857,0.00042504475121152795,0.000982450417424579,0.0552327965871418,9.358918922500792e-05,1005.2315337871643,9.724395105815603
9.516380722428792,1.1528392910439975,2.1327255951048576,0.7355809648357908,Si1,Si1,combo_002,7.000068513548891,2.4586898630520717,gp,0.5262199819913107,0.4737800180086893,0.9475600360173786,0.0,0.0,333.77204831700305,2.2846780110443494,0.3729829298519416,0.0,0.30115969792944985,0.9999999599999999,0.7331683993742018,0.41314430332897195,0.271964951928255,0.0010557083934464536,0.0010073977371092867,0.055335658027695966,7.919972040977864e-05,883.7071412488585,13.46001717865978
8.706708579944378,1.0749341923616704,2.599654824617456,1.2172152980284237,Si1,Si1,combo_002,10.597938878983628,2.794457859319285,gp,0.4685757589836186,0.5314242410163814,0.9371515179672372,0.0,0.0,327.8294960126261,2.5203055729696158,0.3451142434658099,0.0,0.34774600367701786,0.9999999599999999,0.7329138796994992,0.40100983901516274,0.28845534732643174,0.0008703103415137908,0.001146687073109888,0.05538071916501455,6.0655594539814876e-05,855.5617944554167,12.16569682151543
13.973148541726559,0.9216096597497601,2.674727454152119,2.2385459963605574,Si1,Si1,combo_002,31.279535724633348,2.465054658944476,gp,0.5090930720955953,0.4909069279044047,0.9818138558088094,0.0,0.0,405.5362238687474,1.2106111535568669,0.7095341623480871,0.0,0.13840235472535595,0.9999999599999999,0.7327960976523362,0.6200786468177113,0.2042361031641053,0.00016689856839625087,0.0009363878336032426,0.05527130278695218,5.952716097060354e-05,1194.621724419539,7.537614889388625
10.795205307357897,1.202556725933455,1.857083044990972,1.9073721888153243,Si1,PU,combo_001,20.59047437580604,2.2332477063708747,gp,0.507708607699815,0.49229139230018504,0.9845827846003701,0.0,0.0,364.40953752808036,1.0488884056284102,0.5166630414856466,0.0,0.12545036790207928,0.9999999629999999,0.7327922139524535,0.4819102361185704,0.1957713085947465,0.0013744588454482065,0.0006821407507114573,0.0552458241393374,9.249714323669496e-05,998.7280711853142,7.821427079982406
10.633915675274984,1.2573827781120865,1.7252899183406347,0.6169393080456392,Si1,Si1,combo_002,6.560480578519825,2.1693498305719223,gp,0.4910861199934793,0.5089138800065207,0.9821722399869586,0.0,0.0,345.7908038694748,1.7666755433210424,0.429347083179917,0.0,0.1365007622078317,0.9999999599999999,0.7327667441728296,0.4301647062003141,0.22637597346873656,0.0009928568853049807,0.000978966089452367,0.05525147743544527,8.686973958524206e-05,941.2167707029612,10.519265238798479
13.03630559791633,1.1648908157503939,1.7724549462263446,1.6220177172537704,Si1,PU,combo_001,21.145118647354796,2.064716488190427,gp,0.4755200890360669,0.5244799109639331,0.9510401780721338,0.0,0.0,395.72369481905196,0.9039596339586925,0.6635165118952078,0.0,0.2817013472809271,0.9999999629999999,0.7327561923388243,0.5986628418694226,0.21336423034353474,0.0017225744363647574,0.0010196964167081006,0.055305798722086894,3.5657765402361684e-05,1177.412949607118,7.357734458975957
12.45258295661407,0.9201839641450812,2.887317341850324,0.9881980078554832,Si1,PU,combo_001,12.305617670381165,2.6568631173686694,gp,0.5351298184900344,0.4648701815099656,0.9297403630199312,0.0,0.0,387.32135555383087,2.655745206052159,0.6241122044699526,0.0,0.3809886543680205,0.9999999629999999,0.7327418661870094,0.6011932612905084,0.29890379009179135,0.0005133239490146232,0.00114840334632853,0.05522968308377825,7.771503738452217e-05,1122.0499818460269,11.939525480131776
13.410810511085359,1.3102878337615742,1.3668948510775922,0.797953055036037,Si1,PU,combo_001,10.701197217829959,1.791025693398308,gp,0.4768080813936564,0.5231919186063436,0.9536161627873128,0.0,0.0,390.70023465252325,1.3033751472647932,0.6399580762629122,0.0,0.2686911562275953,0.9999999629999999,0.7326295038823021,0.5854731271338538,0.22752043427883464,-0.00034190208419974976,0.00044506830066024574,0.05520854534514808,5.585361839066126e-05,1155.6655764579684,8.02981053380926
12.81171759181504,1.248752855783902,1.5615172981063976,1.5126446968322267,Si1,PU,combo_001,19.379576672571165,1.9499491853663267,gp,0.47645991059714987,0.5235400894028501,0.9529198211942997,0.0,0.0,389.32971496998096,0.9378604624588254,0.6335307734370439,0.0,0.27191287850458606,0.9999999629999999,0.7326259333143905,0.5770845956195235,0.2132631214466576,0.0019433488868920322,0.0009049988591055087,0.05521160688408461,2.682278211110011e-05,1142.6157193089216,7.000438000122426
15.530137889349625,1.3277976902819644,1.1647891987679162,0.8674063377225856,Si1,PU,combo_001,13.470940030927522,1.546604407789419,gp,0.4650577613815585,0.5349422386184415,0.930115522763117,0.0,0.0,417.84621277633096,1.4928821281104125,0.7672641077840786,0.0,0.37808607493067253,0.9999999629999999,0.7325943085155621,0.687710408714581,0.2515721588439065,0.00017732655300148039,0.0010562643204291937,0.05508654728271823,2.1944958270725553e-05,1278.6325305389244,6.969318707796427
13.660745318538932,1.3735767126697804,1.194485966365498,1.093703324929183,Si1,PU,combo_001,14.940802575896802,1.6407181070105068,gp,0.5192430298629773,0.4807569701370227,0.9615139402740454,0.0,0.0,393.5081577529903,0.9178184380178446,0.6531263454299593,0.0,0.2295615401595752,0.9999999629999999,0.7323382761694803,0.5863354307604056,0.20610216072610432,0.0006070797763334885,0.0010730768364305165,0.055224019668665095,4.460127574475051e-05,1144.121198946721,5.686962461594991
8.360310601083453,1.2621343529854239,1.9059098949970181,2.1508804233616177,Si1,Si1,combo_002,17.982028405092997,2.4055143521705786,gp,0.4628861263015409,0.5371138736984591,0.9257722526030818,0.0,0.0,324.0609359824235,1.574946192895944,0.327440891641599,0.0,0.39623103777506186,0.9999999599999999,0.7323222566997358,0.3825942250923836,0.2576034037464128,0.0008538456158865768,0.0009989375693408241,0.05531279828075598,8.391275985137081e-05,810.7409869572707,14.670091291594673
9.89623358386732,1.2164626569905148,1.886289063868265,1.1117650324935162,Si1,Si1,combo_002,11.002286451931678,2.2946002064853404,gp,0.5220579606820834,0.47794203931791657,0.9558840786358331,0.0,0.0,339.8542534514582,1.6106513445470356,0.40150654373808353,0.0,0.25551201966450415,0.9999999599999999,0.7322969987572705,0.4207796873581211,0.23793547766221865,0.0009033342273309671,0.0010226844615059923,0.0554020685837102,4.163395730692163e-05,899.6220598522311,10.945796410219968
15.25334253867035,1.0380040940711994,1.9403921004674114,1.8502651629803228,Si1,Si1,combo_002,28.222728318307585,2.014134944388587,gp,0.5251578176254554,0.47484218237454456,0.9496843647490891,0.0,0.0,421.003240619664,1.7957023042921088,0.7820695675211904,0.0,0.2844087799603525,0.9999999599999999,0.7322924845528846,0.6921957038024358,0.24973277488953838,0.0007411878368366342,0.0009640332636295583,0.055190680980861655,7.611677884526846e-05,1304.1113923635205,14.684217595612392
13.376947736392605,1.174378972052988,1.7131580183035566,1.0672406707938011,Si1,Si1,combo_002,14.276422675361264,2.011896752499665,gp,0.46970920103320424,0.5302907989667958,0.9394184020664085,0.0,0.0,390.9803809047488,1.4775891634059692,0.6412718733732504,0.0,0.33194554435131196,0.9999999599999999,0.7322449490862315,0.5947255802250976,0.24403434015311548,0.00043957443662771324,0.0010695166113720341,0.0552154466061998,5.479629806136927e-05,1154.0213898557204,11.053784350399276
10.153350895978807,1.4286142143008655,1.369206835720244,0.9373572956522975,Si1,PU,combo_001,9.517317537663526,1.9560683478278507,gp,0.4775943440295194,0.5224056559704806,0.9551886880590388,0.0,0.0,340.0651630585712,1.5334584378685783,0.4024956429324021,0.0,0.2560468515414896,0.9999999629999999,0.7319497884056105,0.4206360958258074,0.2349026472976429,0.00041646784327973056,0.0008494512508051971,0.055359779353554815,6.862478360465963e-05,908.9282017914747,11.516275797374334
9.354023393499522,1.284218516069564,1.7324454772009972,0.5158753505403468,Si1,PU,combo_001,4.8255100970841704,2.2248385599024925,gp,0.5363347534946001,0.46366524650539986,0.9273304930107997,0.0,0.0,331.64632821222074,2.242038309014448,0.3630139764611166,0.0,0.3856274739615164,0.9999999629999999,0.7318954342866842,0.41412150386381796,0.2829155338013237,0.0011681069160801032,0.0010582228536503353,0.05534982995013498,6.957969687836555e-05,872.8075253515865,13.25033971767074
11.14447917892348,1.0036857563763888,2.607433474915017,1.2396519011028508,Si1,PU,combo_001,13.81527480095363,2.6170438394711946,gp,0.520229650779676,0.479770349220324,0.959540698440648,0.0,0.0,370.5083416659842,2.1071782394372436,0.545264499435709,0.0,0.2347761218444938,0.9999999629999999,0.7318266332775644,0.5250578284703049,0.25484915905968164,0.0007072438676370351,0.0009208475932854778,0.05522366829759235,8.685908408757524e-05,1028.8884018148312,12.39511723537708
9.21651329866043,1.2918226872231098,1.739365659042737,2.230267476234176,Si1,PU,combo_001,20.55528985428212,2.246952019728184,gp,0.4889988774927936,0.5110011225072064,0.9779977549855872,0.0,0.0,340.9028599874527,1.2125492935191802,0.4064241759602778,0.0,0.14799362048417464,0.9999999629999999,0.7317434188909393,0.4088831151683985,0.20575295528987908,0.00035863567219858406,0.0010202280584244825,0.05536948012907656,6.613853235493528e-05,873.357503475859,8.540071893338702
15.71790758155191,1.1055876153165207,1.7082237802842197,1.5055750504198322,Si1,Si1,combo_002,23.66448949958928,1.8885910556714027,gp,0.4699115244948189,0.5300884755051811,0.9398230489896378,0.0,0.0,423.3802114230614,1.8484228500816247,0.7932168070364545,0.0,0.3256499151831952,0.9999999599999999,0.7316803473048443,0.7047303500905467,0.2580450730409615,0.0004942984095459,0.0009355935798804093,0.05509778841965122,6.0342996961183204e-05,1330.4459004396913,15.509544055579452
13.481955118810575,1.276141152281627,1.4247905005559525,2.367347764939609,Si1,PU,combo_001,31.916476317532336,1.8182337911393893,gp,0.5018843279741212,0.4981156720258788,0.9962313440517576,0.0,0.0,401.5182455955113,1.33029838875125,0.6906911180351857,0.0,0.06239575333037161,0.9999999629999999,0.7316783682401229,0.6006669353640458,0.19766189132188114,0.0006254825573497202,0.001077425714732249,0.055188274819363725,4.714160189325983e-05,1171.8471052211726,9.838249833433585
12.846181839039154,1.445719286737916,1.1366035153133611,2.069924526467193,Si1,Si1,combo_002,26.590626860084573,1.6432096234626405,gp,0.48443101184391324,0.5155689881560868,0.9688620236878265,0.0,0.0,379.9525774759987,1.4737005885300622,0.5895549713516419,0.0,0.1899325543631993,0.9999999599999999,0.7316544511000189,0.5442776442517627,0.22257557219700705,-0.00023280989724055296,0.0008899783241470378,0.05521948698175038,1.1487636224135516e-05,1046.8208388604978,10.280026451813681
12.597398376927629,1.009286843814225,2.3840066241423843,1.523707109109088,Si1,PU,combo_001,19.194745463203912,2.4061465213128725,gp,0.5249305750599049,0.4750694249400951,0.9501388498801902,0.0,0.0,392.19706034818404,1.4906897812439908,0.6469777142484878,0.0,0.2767647689877466,0.9999999629999999,0.7315849412294432,0.5933525416356532,0.23628554941844188,0.0011598346730079291,0.0009489422004086094,0.05521383353595267,7.130388648690669e-05,1145.106941333313,9.195063180106445
15.635081155813872,0.8304418850898363,2.982571587104416,2.3332824554871063,Si1,Si1,combo_002,36.481060550977574,2.476852371210376,gp,0.5288599285497639,0.47114007145023606,0.9422801429004721,0.0,0.0,426.2188589847944,3.517931921543863,0.8065291641865004,0.0,0.3133845558265097,0.9999999599999999,0.7315780001426251,0.7320591486145864,0.32353366472882494,0.0005241978050254457,0.0011798859252055266,0.05508614684914089,5.0731083804343896e-05,1307.1379256755213,18.208298524017078
14.760945915138784,1.1364751905990382,1.6673785110398018,1.840758710969064,Si1,PU,combo_001,27.171339775434937,1.8949343111346995,gp,0.5215938047152591,0.47840619528474093,0.9568123905694819,0.0,0.0,420.73718032717926,1.1972459736465642,0.7808218290964738,0.0,0.24544816364164104,0.9999999629999999,0.7315627255433625,0.6805305963195396,0.2197539805036997,0.0005583900748940398,0.0009534254035278212,0.05516401386030756,6.635407658210578e-05,1296.3392281827123,11.970620770812229
15.697690687502991,1.2636713961095352,1.2502875531281286,2.1069974421254694,Si1,PU,combo_001,33.074994125845606,1.579952617799797,gp,0.5234125841005266,0.4765874158994734,0.9531748317989468,0.0,0.0,430.3647510437765,2.0626204680403966,0.8259720836030323,0.0,0.2607077503867878,0.9999999629999999,0.7313429344434536,0.7236328895612301,0.2569419659595181,0.00042203175090939024,0.0010653785929583813,0.05510579600379882,6.017123769444481e-05,1300.8375640366253,10.918225980380255
15.530466096150686,1.3326666975642447,1.1483113418726907,2.227757160368684,Si1,Si1,combo_002,34.59810704956278,1.5303162837490452,gp,0.467485459211062,0.532514540788938,0.934970918422124,0.0,0.0,419.0440882648282,2.057957316081803,0.7728817640719291,0.0,0.34562473732993215,0.9999999599999999,0.7313385004373241,0.6949076337684219,0.2694914567472637,0.0004776794927574317,0.0011314690590945463,0.055086848341121944,2.363194521677706e-05,1249.5325309309053,11.209932105587797
13.578449952103181,1.0378588326419702,2.1223462503841146,1.5403092109647711,Si1,Si1,combo_002,20.915011531848684,2.20269580188572,gp,0.5310797976383412,0.46892020236165877,0.9378404047233175,0.0,0.0,398.2987265392337,1.2496256603582732,0.6755925943204698,0.0,0.3315703984884388,0.9999999599999999,0.7312535140847025,0.6160858927651731,0.23478469689526726,0.0012409259550631249,0.0009316177101943789,0.05513945984433779,1.073909513353789e-05,1178.780245971753,9.69476462699315
12.465495460524822,0.9129761272656594,2.911310408128532,1.2170193942017304,Si1,Si1,combo_002,15.17074973379234,2.6579569016813935,gp,0.5441161383288602,0.4558838616711398,0.9117677233422796,0.0,0.0,381.128430168087,2.4098328823488457,0.5950693477060515,0.0,0.4526759191805113,0.9999999599999999,0.7311808785457434,0.5851984974281339,0.29973966328254037,2.4734703624021566e-05,0.0009827899007128589,0.05522955955518302,7.680293808133203e-05,1083.0707224094733,13.336851162576739
13.405679287274154,0.9687152488961309,2.497839291551133,2.0292409172647226,Si1,Si1,combo_002,27.203352933464895,2.419695011017491,gp,0.49757144590570057,0.5024285540942994,0.9951428918114011,0.0,0.0,397.54729940954826,0.6763405802267393,0.6720686393013763,0.0,0.06342198743911036,0.9999999599999999,0.7311591244594207,0.5801986861018674,0.17144284558034212,-0.00029686822096234493,0.0006129874932884717,0.055196513714667314,5.502656179787383e-05,1155.9979771882486,4.977924618129068
10.988545212232951,1.1468761363259632,2.033982423522722,2.141802958228743,Si1,PU,combo_001,23.535298642190824,2.3327259032446586,gp,0.4817604565600391,0.5182395434399609,0.9635209131200781,0.0,0.0,369.8377874451701,1.2403280712166493,0.5421198127207093,0.0,0.21076372418272582,0.9999999629999999,0.7311299809302083,0.5104671483460488,0.21628874060888756,9.238870441312386e-05,0.0009981107749786433,0.055239073257377994,9.470076319414198e-05,1019.6587528521286,10.302808959216813
9.766729115413776,1.1479580874810313,2.1686380726661763,0.6250084693501199,Si1,PU,combo_001,6.1042884149820145,2.4895056143364136,gp,0.48180124734103913,0.5181987526589609,0.9636024946820783,0.0,0.0,343.2188521506068,2.3803827668189346,0.4172854449843873,0.0,0.20971218401301955,0.9999999629999999,0.7310440435844695,0.43611405747462983,0.26210743154685157,0.0012933757148965166,0.0009514901127181836,0.05536818268711249,6.76878891006587e-05,921.9105939436338,15.015620567722324
15.976360343082163,0.8945728534725368,2.520712916844049,1.7153461011160445,Si1,PU,combo_001,27.40498742453098,2.2549613468062626,gp,0.5366676287066667,0.46333237129333327,0.9266647425866665,0.0,0.0,437.1350513264898,2.9016651001506624,0.8577226455930221,0.0,0.3817325678177329,0.9999999629999999,0.73099846415639,0.7676285389593394,0.308932898491237,0.0014776949951777617,0.000986202026702803,0.055169725852961066,8.283684048691649e-05,1388.039295581354,20.34787398143624
8.383968062286177,1.1858678272560774,2.162083832336409,1.2558652672098067,Si1,PU,combo_001,10.529134290821515,2.563945656598271,gp,0.47647688921230014,0.5235231107876999,0.9529537784246003,0.0,0.0,327.13302450761506,2.359736271895295,0.34184801290428257,0.0,0.25897746215162065,0.9999999629999999,0.7309891202543521,0.387996486486281,0.26866458605616705,0.0009166659662694689,0.001145508754055311,0.05531477929913275,7.913774416752041e-05,837.4064721446001,17.846156449585663
12.48701492377915,1.2124171565396775,1.6628012516325483,1.5609875635212627,Si1,PU,combo_001,19.49207500152366,2.016008765394951,gp,0.524752639989174,0.475247360010826,0.950494720021652,0.0,0.0,386.48544343440045,1.0060184980656588,0.620192041632578,0.0,0.26980052359227696,0.9999999629999999,0.730905524926703,0.5683215892846478,0.21569496317799614,0.001867472392736224,0.000972994495948959,0.055216827785270796,8.474304212469955e-05,1129.2074687988725,7.471305293163977
14.77861228232269,1.275819433996554,1.3262325252016747,2.1342336393000334,Si1,PU,combo_001,31.54101147510573,1.6920332296506213,gp,0.4859610664755394,0.5140389335244606,0.9719221329510788,0.0,0.0,417.9594787975906,1.5084302876609406,0.7677952895159355,0.0,0.16928159301886098,0.9999999629999999,0.7308383538460637,0.6673809392265402,0.22087851677507703,0.0002685240882174735,0.001028840828837483,0.05517497715212398,7.438290403504173e-05,1244.529620956904,10.515851555992306
13.641126361057367,1.1033459639666396,1.9092623547296264,1.58635649534434,Si1,Si1,combo_002,21.639689406676254,2.1065769132443757,gp,0.4708667400554205,0.5291332599445795,0.941733480110841,0.0,0.0,398.29642600852316,1.1986676517124009,0.6755818055607568,0.0,0.30665240102942076,0.9999999599999999,0.7303887537166682,0.6129993843697177,0.22899194946427384,0.0015455344688888868,0.0009819665260255334,0.055155315472383455,2.9193933737855346e-05,1182.637122756585,10.83533344857062
14.367833258899193,1.0881293473212774,1.8554720774342268,1.8944060169174088,Si1,Si1,combo_002,27.218509775724694,2.01899362059136,gp,0.5191843083916652,0.4808156916083348,0.9616313832166696,0.0,0.0,409.5186274583361,1.3115880557423627,0.7282103726726487,0.0,0.2137059315970404,0.9999999599999999,0.7303772768570367,0.6418458439452968,0.21960386244114183,0.00021898294612663472,0.000733935049324016,0.05527151525566988,5.792761695652691e-05,1238.05455123022,12.360422810024424
12.225787881273032,1.054759495059602,2.267248457824217,0.8499407747695116,Si1,Si1,combo_002,10.391195623976905,2.3914018385493327,gp,0.46618464537780824,0.5338153546221918,0.9323692907556165,0.0,0.0,375.41731048410526,2.2376626364573284,0.5682860069402795,0.0,0.3491615498357629,0.9999999599999999,0.7302362552830448,0.5541149144124472,0.2772691814727277,0.0003723761171526515,0.0010414873613307418,0.055201348284397746,7.419112387443902e-05,1068.5278206696562,11.186930966758666
11.081751538259368,1.5032266262216838,1.1639571251999745,1.0130246385430028,Si1,Si1,combo_002,11.226087346468562,1.7496913423810476,gp,0.517336732511481,0.48266326748851895,0.9653265349770379,0.0,0.0,346.2906009255905,1.19645540998745,0.43169097292630454,0.0,0.1952889119054709,0.9999999599999999,0.7302270104748123,0.43111396236776345,0.212198210236632,0.0006194208565013166,0.0010248328028323256,0.055235346810775875,9.513465091232588e-05,929.947733558026,10.549346005330644
15.055712979843939,1.0747016962787208,1.836129442815707,2.0067768374900616,Si1,PU,combo_001,30.21345607984929,1.9732914267813426,gp,0.5223468049582962,0.4776531950417038,0.9553063900834076,0.0,0.0,426.55464184768095,1.6474085278649044,0.8081038793627945,0.0,0.24197169174316355,0.9999999629999999,0.7302170318154874,0.7044673193000783,0.23738678216279469,0.00018971776386589968,0.0008314739728887595,0.05520252267178989,8.567636622359408e-05,1329.47514701629,13.163467156938555
10.392329663964643,0.986708973241166,2.8270414065064173,2.2245125161515573,Si1,Si1,combo_002,23.117867409462455,2.789467123524209,gp,0.47899193514949445,0.5210080648505055,0.9579838702989889,0.0,0.0,357.7192485465784,1.7391748805334395,0.485287707132974,0.0,0.2294644034163979,0.9999999599999999,0.7302154453861884,0.47830263455291544,0.23921146577613822,-4.372215396686709e-05,0.0010354585676923486,0.05527096720821242,7.020114332453737e-05,954.3555927167174,11.590199390170433
15.972967404771396,0.8389362846676454,2.8716213128643355,1.6705246445148996,Si1,PU,combo_001,26.683235695703814,2.409107315186832,gp,0.5336722117409636,0.4663277882590364,0.9326555765180728,0.0,0.0,435.74920902399066,3.216292599848313,0.8512234845371678,0.0,0.34749416141325923,0.9999999629999999,0.7301938026124034,0.7632805368802533,0.31648551708217415,0.0015204083422474053,0.0009489389894377802,0.055166849048906764,7.990759215997751e-05,1377.1977953507285,19.707549725576065
8.607847072691664,1.5829184314561775,1.1258724395678676,1.6594440597560491,Si1,Si1,combo_002,14.284240692066678,1.782164236060509,gp,0.5403046639921172,0.4596953360078828,0.9193906720157656,0.0,0.0,312.04181315716284,1.4906197772814547,0.2710750159206774,0.0,0.40906786115102106,0.9999999599999999,0.730151631040961,0.3434501551116594,0.25612818965494405,0.001417091269352163,0.001132070388936219,0.05538445497978343,5.924744085768443e-05,770.8545107549271,9.615951217977644
9.051727312308207,1.4597282258674895,1.3639790853029166,2.4102467702933197,Si1,Si1,combo_002,21.81689652006669,1.9910387703095875,gp,0.4559353682872427,0.5440646317127573,0.9118707365744854,0.0,0.0,327.7248223966718,1.876425709089533,0.34462335739085104,0.0,0.443534252888537,0.9999999599999999,0.7300713542048931,0.4028260281301678,0.27685703027029485,0.0002719607183700157,0.001001864258666388,0.05538309040305903,7.868859211175224e-05,820.5424774736975,13.293055257152032
10.481076045663135,1.128533045897155,2.127565200798709,1.3620939471520193,Si1,Si1,combo_002,14.276210241437777,2.401027636402159,gp,0.5200965294586624,0.47990347054133764,0.9598069410826753,0.0,0.0,352.4453831977225,1.71614723939138,0.4605549505795821,0.0,0.21963492663236822,0.9999999599999999,0.7300461122424304,0.45974142451718963,0.2368083795637138,0.0011824481456119563,0.0009626492795280444,0.05526262027510567,7.872674036791143e-05,948.1946297630924,9.75058423832136
13.627060732888483,1.2263233659855515,1.5377366918481687,2.3991915238798303,Si1,PU,combo_001,32.69392860574172,1.885762435946733,gp,0.49378797317767464,0.5062120268223254,0.9875759463553493,0.0,0.0,405.30542326925945,1.369907753589357,0.7084517807054175,0.0,0.08992495293905066,0.9999999629999999,0.7300305755336575,0.6163087125529773,0.20338864801933748,0.0005971668729661019,0.001070681899311759,0.05518127272835968,3.6734757855740536e-05,1198.1931340754986,10.703155257058944
15.065245751708254,1.0747606445995164,1.8253887565239506,1.3564969798338506,Si1,PU,combo_001,20.435960362646995,1.9618559966063909,gp,0.5346165979392197,0.4653834020607803,0.9307668041215607,0.0,0.0,423.2406691521764,1.5179451685626553,0.7925623980240107,0.0,0.354892618714694,0.9999999629999999,0.730012427340212,0.7033886516343701,0.24910388921853058,-0.00014335296597530617,0.0008337236182325163,0.05520337242097317,8.573294539931802e-05,1331.2821056824328,12.945838048879128
10.439749185419858,1.023884500136063,2.5728283471623294,1.705827102201877,Si1,Si1,combo_002,17.80840710067916,2.634279066170195,gp,0.5301728013659499,0.4698271986340501,0.9396543972681002,0.0,0.0,355.83833200284596,1.8493656968174847,0.4764668048352933,0.0,0.31286058720663634,0.9999999599999999,0.7299411231625372,0.4817372795715427,0.25616469721260376,0.0019391529883724975,0.0008281565106612387,0.05526445033857041,7.269179735460461e-05,954.7653545006394,9.966081980515195
11.576629325741418,1.0200018912975182,2.448456764901664,1.7179278349015026,Si1,Si1,combo_002,19.887813753028198,2.4974305309599,gp,0.534092416767507,0.46590758323249304,0.9318151664649861,0.0,0.0,371.6140906818276,1.6552429192095484,0.5504501117729562,0.0,0.3487480530051614,0.9999999599999999,0.7298520106829149,0.5348775884904229,0.25371918327170506,0.0018326064225846518,0.0009567478180077032,0.05517892089518971,5.830229606217665e-05,1026.540287058915,9.648316579776187
14.667629339277118,0.9811312795491274,2.2487995824800437,1.335221492979895,Si1,PU,combo_001,19.584533944865303,2.2063676118081887,gp,0.5340235768646977,0.4659764231353023,0.9319528462706046,0.0,0.0,418.97429940053405,1.5482059641195407,0.7725544764230134,0.0,0.34790050922791244,0.9999999629999999,0.7298257443193706,0.6890325713436557,0.24927543802083013,-0.000654966834621428,0.000904282089992322,0.055149390261159614,3.277288307188823e-05,1305.3366995436888,11.661947349946795
11.495622409953336,0.9843925269754528,2.7183827338454827,1.3051398566209664,Si1,Si1,combo_002,15.003394983895266,2.6759556486565943,gp,0.45909512678919384,0.5409048732108062,0.9181902535783877,0.0,0.0,367.95058415090625,2.231937496178796,0.5332694275560763,0.0,0.41168156315809945,0.9999999599999999,0.729768816046001,0.5357893430487074,0.28641629852646905,0.0004186010651084646,0.0008714920760839351,0.05517359564794702,2.732510281145029e-05,1015.8449880452662,12.37143760547681
14.94002792168709,1.0144471012957665,2.0706494847292474,0.940616720956821,Si1,PU,combo_001,14.05284007470066,2.1005643675831576,gp,0.5322775944005329,0.4677224055994671,0.9354448111989342,0.0,0.0,419.6094730066372,2.144497390082053,0.7755332392714614,0.0,0.3308911624321005,0.9999999629999999,0.7297343388343933,0.6962874551007048,0.2707714315509661,0.0002266950605379713,0.0011028400624725804,0.055182899488612804,8.161624309810768e-05,1326.429802879938,13.784951833368535
15.537908574771741,0.9326687016335018,2.4450235908067137,0.7305132591888414,Si1,Si1,combo_002,11.35064823393475,2.2803969779009803,gp,0.47935572888807343,0.5206442711119266,0.9587114577761469,0.0,0.0,417.3383603646963,3.0163433018320776,0.7648824409740343,0.0,0.22198425342024575,0.9999999599999999,0.7296921625172132,0.6879869275040444,0.28959542319372256,0.0003749185322611557,0.0010001704705752833,0.05508459814365133,4.176454177885105e-05,1306.6328230663219,18.158351938984264
8.304779375306433,1.149478066333335,2.237016908003453,1.4235685735945562,Si1,Si1,combo_002,11.82242292932247,2.571401869766785,gp,0.53890843298079,0.46109156701920995,0.9221831340384199,0.0,0.0,322.31866432462516,2.221228161587443,0.3192701899054335,0.0,0.39223848111370296,0.9999999599999999,0.7296650957345692,0.3839221716808729,0.2830679473920026,0.0010592958359063106,0.0011330816021489383,0.05530580790007968,8.470345824492389e-05,824.6331381098571,14.901804959531622
9.891638880561523,1.1333937250952588,2.165685533151395,0.7529512867039541,Si1,Si1,combo_002,7.447922222729658,2.4545743938033713,gp,0.5300929632693965,0.4699070367306035,0.939814073461207,0.0,0.0,339.8181602785239,2.3119310240749917,0.4013372781993612,0.0,0.30981728044986173,0.9999999599999999,0.7296467145523056,0.43417212444996184,0.27436265589645914,0.0009692545621528827,0.001027362328808457,0.055400445021772875,4.196978270994938e-05,908.0798432803023,12.62781541357906
10.279940748541726,1.0139860926670596,2.703288524242605,1.6742182159608185,Si1,PU,combo_001,17.21086406020645,2.741096968048461,gp,0.4796586178248603,0.5203413821751397,0.9593172356497206,0.0,0.0,360.5712517723373,1.6707754503011445,0.49866269811325853,0.0,0.2185788406143302,0.9999999629999999,0.7296180596469012,0.48578844940366284,0.23482020181247049,0.0018530866716009197,0.0007606919916090236,0.055305751992436175,6.982935988556284e-05,970.4517558348983,10.893857769481544
12.123162987261018,1.2157297238226605,1.6808041850756765,1.6565722891936663,Si1,Si1,combo_002,20.08289586207491,2.0434036077220243,gp,0.5267642278791485,0.47323577212085155,0.9464715442417031,0.0,0.0,375.7145804609585,1.1607973328460626,0.5696801088905195,0.0,0.27770144908758193,0.9999999599999999,0.7295125055475702,0.535536746061116,0.22312206261461692,0.0018304601169454485,0.0010028458097845383,0.05517242776110276,4.558969126840837e-05,1060.3033774354901,9.314521425884996
9.577433384480914,1.5477081290699652,1.1823205802526855,1.375553052959014,Si1,Si1,combo_002,13.174267731534304,1.8298871732237996,gp,0.47261341731552875,0.5273865826844713,0.9452268346310575,0.0,0.0,324.49043779597525,1.279743237094797,0.32945511898551877,0.0,0.28323829518848187,0.9999999599999999,0.7294776863014405,0.3693034752605744,0.22874947085979308,0.0013071668485257855,0.0011146415449065496,0.0553334490071477,8.9086786496202e-05,832.382730063202,9.07974878876657
8.925142442871238,1.1293778285302385,2.2780236647870784,2.344063038955725,Si1,Si1,combo_002,20.921096517749476,2.5727494198777263,gp,0.5137834741923122,0.4862165258076878,0.9724330516153756,0.0,0.0,336.88054423919226,1.098397921185332,0.38756079026458856,0.0,0.15606072920331496,0.9999999599999999,0.729450115165748,0.3951701625529575,0.2023594949464464,-0.0003135453359443996,0.0007792002897839992,0.055404456950159275,7.285192047805026e-05,866.8013177458192,9.595889737396528
9.097993095127872,1.1163921962043037,2.2991405914254406,1.553454811582616,Si1,Si1,combo_002,14.13332114937181,2.5667426142439096,gp,0.5352498208216616,0.4647501791783384,0.9295003583566768,0.0,0.0,334.7471274705068,1.7390431464413119,0.37755574196007174,0.0,0.35620502945588967,0.9999999599999999,0.7294234345985484,0.4155628036482063,0.25821724707536864,0.0014761460479076863,0.0009255259687312474,0.055390905209060044,6.94264356956078e-05,872.3581045981322,10.59810647138253
15.285519695757555,0.8889868480847074,2.66488747339156,1.1000601592265804,Si1,Si1,combo_002,16.814991230376087,2.3690499154707823,gp,0.525388501984331,0.47461149801566904,0.9492229960313381,0.0,0.0,416.7193818451549,2.335465837058653,0.7619796279473577,0.0,0.2638181189298629,0.9999999599999999,0.7293788618240538,0.6822930297080215,0.2684118997210764,-0.00027760783154124626,0.0011217245167727428,0.05519811128780613,6.611168910121276e-05,1285.1343483047954,14.836358030252844
8.580440023078829,1.418181917975161,1.4630401432273663,2.4224563241578085,Si1,PU,combo_001,20.785741197964082,2.0748570763968406,gp,0.4902985359720944,0.5097014640279056,0.9805970719441888,0.0,0.0,328.43871546306076,2.049781406820756,0.3479712895522178,0.0,0.11738551108355186,0.9999999629999999,0.7293762675878652,0.37455217351059344,0.23492585306743297,0.0001221148561612118,0.0010038787498015814,0.05537198679493915,6.442582543543191e-05,813.5470921148312,14.367147251148518
9.26092564931751,1.2102644672461733,1.9669180714032637,1.8598062058397198,Si1,PU,combo_001,17.223526994420943,2.3804910518037414,gp,0.5116746340406664,0.4883253659593336,0.9766507319186672,0.0,0.0,342.4187236450073,1.2036003426588084,0.4135330959516774,0.0,0.13526997289741935,0.9999999629999999,0.7293081415054751,0.41248388137074943,0.20348351253652955,0.0020706618006922674,0.0007004160523887766,0.05536771061449595,5.744631815256502e-05,887.658011040917,10.348406520083357
9.853112883587828,1.068787592727519,2.502864636327704,2.2407822025508635,Si1,PU,combo_001,22.078679989268224,2.675030669583524,gp,0.4583623306808704,0.5416376693191296,0.9167246613617408,0.0,0.0,356.54033644122995,1.4769103161429835,0.4797589831002766,0.0,0.4148385024134706,0.9999999629999999,0.7292970645765207,0.4899480312177191,0.25644090758364535,-1.5061879440322781e-05,0.0010081684498014427,0.05538688181557015,5.081430869678886e-05,945.6689844972719,11.55758159401997
13.296070121527926,0.9293839172944462,2.767016247285757,1.4838648755673587,Si1,Si1,combo_002,19.72957143641591,2.571620399119815,gp,0.4729753956547498,0.5270246043452502,0.9459507913094996,0.0,0.0,393.05913625078756,1.5461902038201265,0.6510205769344424,0.0,0.27804307462787825,0.9999999599999999,0.7292449476419114,0.5969498716259177,0.23871553027575276,0.00038206456997494896,0.000864448092189563,0.05525919921092702,6.194145142396392e-05,1140.623771236739,7.9942927030961215
13.396595831807161,0.9992800304161206,2.3934427759088144,0.6963068313539712,Si1,PU,combo_001,9.328141194575462,2.3917195699094043,gp,0.4587636716379677,0.5412363283620323,0.9175273432759354,0.0,0.0,397.57733446614424,2.509839558387881,0.6722094941950297,0.0,0.41036842109747335,0.9999999629999999,0.7292042855416095,0.6361181633804502,0.2974266342342583,0.00029313667652121627,0.0009789954235048847,0.05520157235997101,5.58238031537187e-05,1200.7729985232586,11.858044278857893
9.392355876194728,1.0946362883247955,2.3899196105594083,1.0508145231011525,Si1,PU,combo_001,9.86962396083987,2.6160927318973917,gp,0.5143270487889886,0.4856729512110114,0.9713459024220228,0.0,0.0,342.76141318569876,2.0944275556483656,0.41514020125730583,0.0,0.15904611574536498,0.9999999629999999,0.7291826317477059,0.42625090116733544,0.24297544525620182,0.0007791417394278854,0.0011063333277533823,0.055348777749074984,6.00037476501643e-05,908.6831912643756,14.673987961522078
13.624838218028401,1.397820876507437,1.15430793347915,0.8211082795719733,Si1,Si1,combo_002,11.187467468651771,1.6135157273353136,gp,0.4986611332915123,0.5013388667084877,0.9973222665830246,0.0,0.0,386.62566124436876,0.6468288241625805,0.6208496187091616,0.0,0.03699671257944536,0.9999999599999999,0.7290767677603021,0.5413627991253377,0.16628889658534723,-0.0002950443749314878,0.0004295738760779023,0.05521360331459901,4.8429948127469615e-05,1110.7566291794617,3.9439938700361177
12.73202504589839,1.4663958181867418,1.1090194983875736,0.967614077602206,Si1,Si1,combo_002,12.319686670795154,1.626261554723096,gp,0.4938760647845406,0.5061239352154594,0.9877521295690812,0.0,0.0,372.70694855635315,0.5929938379587614,0.5555752687442016,0.0,0.08088095562981173,0.9999999599999999,0.7289773061709541,0.49943887236616835,0.1707004617323331,0.000336225630902014,0.000971581297227261,0.05520701319103989,5.2369743641407316e-05,1033.1221416289902,4.824266678089974
12.701821110980784,1.2273748707583088,1.6201322277250232,2.1001899540749314,Si1,PU,combo_001,26.676237095738728,1.9885095836153712,gp,0.4857163723191178,0.5142836276808822,0.9714327446382356,0.0,0.0,391.30208933174885,0.7557009025199994,0.6427805839071462,0.0,0.1563020301771071,0.9999999629999999,0.7288830129470403,0.569899470098608,0.1885753161371982,-0.00034368494540023555,0.000823922698410674,0.05520354990501393,5.906317700549539e-05,1142.6182574323575,7.546993325927256
9.97745046461774,0.9549443404908304,2.9854739308459184,1.4284657633995725,Si1,Si1,combo_002,14.2524463947216,2.8509614339442226,gp,0.5400910924063567,0.45990890759364333,0.9198178151872867,0.0,0.0,348.77669914860974,2.568898325653209,0.443349985443773,0.0,0.3967111044109106,0.9999999599999999,0.7288240070512142,0.4752312716603186,0.2977597735916892,0.0009614071463807272,0.0010095353308552742,0.05539346120956268,3.596898725269378e-05,929.143205621999,15.134550460121485
12.90639381844239,1.1889108608912098,1.6866180736519467,2.320380506956276,Si1,PU,combo_001,29.947744631414704,2.00523854594021,gp,0.5238739478614605,0.47612605213853954,0.9522521042770791,0.0,0.0,396.37480943529414,0.9803611288697685,0.6665700330275527,0.0,0.24492174625062801,0.9999999629999999,0.7287690057880203,0.5980026720838201,0.21092842952574073,0.0004984297141238448,0.0010491503278910648,0.05524604133817711,2.9352105416901963e-05,1164.8169666756621,8.733246030036685
11.115838442127293,1.1737933940257266,1.9036217838469844,1.0509083872004754,Si1,PU,combo_001,11.681727849597038,2.23445867460306,gp,0.537577689536775,0.462422310463225,0.92484462092645,0.0,0.0,365.14230282694217,1.7571732914456775,0.5200994784343931,0.0,0.37263756633572903,0.9999999629999999,0.728745207545601,0.5171955752248306,0.2614132852554984,0.0007793810899446701,0.0010280304554108127,0.0552281246138711,9.104571529893862e-05,1021.9853537722315,10.71142655410858
8.237717680753782,1.0151009031053486,2.845509197999852,1.261788437055739,Si1,Si1,combo_002,10.394256917304743,2.8884789566842257,gp,0.5383067054537207,0.4616932945462793,0.9233865890925586,0.0,0.0,323.82008576619313,3.3060624618335757,0.32631138048235997,0.0,0.3786225757998656,0.9999999599999999,0.7286402699389525,0.399989265842655,0.3247750411075375,0.0008302403011072332,0.0011708883789580682,0.05530228944590424,8.196155276538705e-05,838.1952819522573,19.268311608927156
8.275792799855168,1.3984791017365743,1.5066461320108424,1.9828108605588832,Si1,PU,combo_001,16.409331843287834,2.107013129329407,gp,0.5234834837179534,0.4765165162820466,0.9530330325640932,0.0,0.0,322.4745004042159,2.0419438084598154,0.32000101171520706,0.0,0.2398249489024358,0.9999999629999999,0.7285829352175361,0.3671266151771465,0.2529756920372684,0.0014956691037498057,0.0009858341193850844,0.05530238346514927,9.190853755179125e-05,795.0909810325597,14.796748826671624
13.218913434920772,1.160456397941385,1.7362537403391107,1.3984260300764073,Si1,PU,combo_001,18.48567263671994,2.0148467614261816,gp,0.5343887398949789,0.4656112601050211,0.9312225202100421,0.0,0.0,397.41139547625966,1.1234868094779493,0.6714312929388255,0.0,0.34111214799469236,0.9999999629999999,0.7285194978084526,0.6126737398056162,0.23112899942059612,0.0012493273256996183,0.0008296497915806965,0.05527883540561256,3.215987892848743e-05,1190.3443215285,7.631274350516914
12.963530585592245,0.9012152535026534,2.959416083170845,2.432239553376304,Si1,PU,combo_001,31.530411841680937,2.6670709156146426,gp,0.5043527850824123,0.4956472149175877,0.9912944298351754,0.0,0.0,399.97129379014933,1.4010984248894698,0.6834364044862045,0.0,0.06051166563243264,0.9999999629999999,0.7284855618116708,0.596216010610547,0.20023452041922674,0.00039224383844368754,0.001135193561651465,0.05529424525533097,2.8200541251822757e-05,1164.0403188560563,6.236354261248605
10.662400133393598,1.3366392839520576,1.5122676173153378,1.0531867815961689,Si1,PU,combo_001,11.229498880579365,2.021356305152257,gp,0.5232628158098933,0.4767371841901067,0.9534743683802134,0.0,0.0,352.35794890568576,1.4190533943782788,0.4601449114685472,0.0,0.23573256323680167,0.9999999629999999,0.7283225175046777,0.45764093887989515,0.22724174773433198,0.0007725331144323933,0.001006206930880882,0.055252286768557896,9.030137143626475e-05,964.2050927146769,9.225582732035937
8.751362953166273,1.0014242216423956,2.9517141042351165,2.4737780193271424,Si1,Si1,combo_002,21.648929312696595,2.955917999344533,gp,0.479545247825115,0.520454752174885,0.95909049565023,0.0,0.0,337.5609009110688,2.0716007677874173,0.3907514473674759,0.0,0.2090006386621109,0.9999999599999999,0.728255474947721,0.41391120696998185,0.24954805861219836,-0.0003666871346872351,0.0008033332350879264,0.055382651902673226,6.651216520191931e-05,869.3614444208745,16.565560475026498
9.849331778759337,1.0430027340955288,2.5600768028103156,2.491291927373016,Si1,Si1,combo_002,24.537560750441646,2.670167104825699,gp,0.5121759510716046,0.48782404892839537,0.9756480978567907,0.0,0.0,351.5521509800988,1.3274769276920415,0.4563659746534286,0.0,0.1313562777717359,0.9999999599999999,0.7282073643931519,0.44350287725105414,0.20789218492344236,-0.00032136108927195554,0.0007839920790079812,0.05538609352621093,5.156357370819764e-05,926.3399538505782,7.144729009982509
15.364036719401915,1.0137304086121683,2.095035733143897,0.6588348330351166,Si1,Si1,combo_002,10.12236256677256,2.1238014298170564,gp,0.46097298047688184,0.5390270195231182,0.9219459609537637,0.0,0.0,414.69925374956154,2.753479585047112,0.752505867604611,0.0,0.38141745701660074,0.9999999599999999,0.7281370603260555,0.6922378361435162,0.3029095674676897,0.0003004166200550484,0.0010018355495355008,0.05515194416275515,6.325523834531606e-05,1306.2245768516184,17.278995872715516
11.844812843680684,1.0790523495076771,2.1639312898731458,1.3159920225588424,Si1,PU,combo_001,15.587679210986296,2.334995142510796,gp,0.5332562928364553,0.46674370716354474,0.9334874143270895,0.0,0.0,379.74110526246676,1.7137443737593114,0.5885632337115775,0.0,0.3268909392228986,0.9999999629999999,0.7280516901295426,0.5600451375859246,0.2527998785127915,0.0007273438948299386,0.0007621228212111492,0.05517856410988798,7.010615976753706e-05,1086.7328772210542,11.226710893487887
14.753662617295152,1.1807876463664522,1.5709405474078553,0.8653436388027853,Si1,Si1,combo_002,12.766988094918812,1.8549471915553475,gp,0.4710232619983046,0.5289767380016954,0.9420465239966092,0.0,0.0,406.5724724322904,1.698793261148089,0.7143938395972361,0.0,0.2867355091764752,0.9999999599999999,0.7280244134859639,0.643938746300142,0.2461736112019736,4.426705717562216e-05,0.0009753920074336759,0.05516545458165917,6.63466216298491e-05,1251.9844454521585,12.479866784843914
11.168319273420819,1.0658998393712746,2.289007004128428,2.365255219701626,Si1,Si1,combo_002,26.415925456752863,2.439852198020214,gp,0.5277987879291288,0.4722012120708712,0.9444024241417424,0.0,0.0,368.30546896022366,1.4536712280582842,0.5349337248053886,0.0,0.27533524289055533,0.9999999599999999,0.7279723937528517,0.5143522550212749,0.23457822622314903,1.783128959062573e-05,0.0009744554241463714,0.055220301219494526,8.573300138699665e-05,1002.8742173120885,9.814771110635379
13.577613294639546,0.9462281746315554,2.6415992450128716,1.3157247521385027,Si1,PU,combo_001,17.864401886722057,2.4995556317166243,gp,0.4670263926847156,0.5329736073152844,0.9340527853694311,0.0,0.0,403.8242841166409,1.722766935156959,0.7015057076337267,0.0,0.32351276353253416,0.9999999629999999,0.7279569196616227,0.6388710129624521,0.2526570163594452,-0.0006414521160638351,0.0008494251215036004,0.05511770271110547,1.990829798232583e-05,1211.0921649139932,9.644434077502831
15.674097648329344,1.2991185030837897,1.207785062593649,2.045943385585984,Si1,Si1,combo_002,32.06831640862825,1.5690559225636227,gp,0.465882811637627,0.534117188362373,0.931765623275254,0.0,0.0,420.9405468110032,1.8762951961894698,0.7817755534339045,0.0,0.3335475743126265,0.9999999599999999,0.7278751087470383,0.697832393686102,0.2603537651257658,0.0003771623757685666,0.0010170966859269085,0.055099647478758916,5.472366840943794e-05,1271.7670588924489,10.187510371593381
8.837351726450814,1.200054163434914,2.062247073512135,1.9766514390607257,Si1,PU,combo_001,17.46836400757479,2.474808186599705,gp,0.4793234003438869,0.5206765996561131,0.9586468006877737,0.0,0.0,337.58256382606817,1.5733347834516231,0.3908530395711965,0.0,0.20785748489888914,0.9999999629999999,0.7278437748910549,0.40812680641584653,0.2292823859262538,0.001581105132256502,0.0009282460478163621,0.05540984746180988,6.179228832867727e-05,865.0990533086643,13.253932127480835
14.909149999114563,1.0920092021223722,1.8384259317744513,1.0549467859342734,Si1,Si1,combo_002,15.728359872577883,2.0075780349180974,gp,0.45843182243896763,0.5415681775610324,0.9168636448779353,0.0,0.0,411.2031273963289,1.7901850248118891,0.736110143357848,0.0,0.4020912237820064,0.9999999599999999,0.7277471408457123,0.6717287791901672,0.2671626391824562,0.0001251342823674539,0.001106681736411079,0.05517973157622044,8.136533761482794e-05,1275.8848738770616,13.96386216786125
10.941769091580301,1.4429123692577828,1.2772373624911944,0.8491855615428693,Si1,Si1,combo_002,9.29159233030603,1.8429415888167309,gp,0.5096279193033766,0.4903720806966234,0.9807441613932468,0.0,0.0,345.42263191813,1.1321402223956913,0.4276204734468159,0.0,0.10362223255272804,0.9999999599999999,0.7277010334235734,0.4183568820554136,0.1958544887387032,0.0003276360155098622,0.0009174162501341544,0.055244195953957013,9.689345217309761e-05,932.9433628452692,10.177299417648914
15.103195625064366,1.0362777339608182,1.9710528084074026,1.637530161737549,Si1,PU,combo_001,24.731938374665493,2.04255813781353,gp,0.5241168587616372,0.47588314123836284,0.9517662824767257,0.0,0.0,425.8316482021604,1.482799290943993,0.8047132683703867,0.0,0.2380507456239094,0.9999999629999999,0.7275983449295665,0.6998051101152108,0.2301602361710089,0.0013198084511685088,0.0009980647869600877,0.05520654643789739,8.352185226584621e-05,1338.1910963865676,13.03688854016567
12.657664048703808,1.0017498601709702,2.4066585058384664,2.4499061220579565,Si1,PU,combo_001,31.010088643872358,2.41086982170296,gp,0.5260317207549576,0.47396827924504237,0.9479365584900847,0.0,0.0,396.6594453774544,1.052120312857393,0.667904885360353,0.0,0.25542228598330313,0.9999999629999999,0.727534226887139,0.600813957837392,0.21539743350134674,0.00047261006860447024,0.0011140067275744565,0.05520667307436112,6.432402867902625e-05,1153.2878670431946,8.8090590336528
13.950379393735401,1.277530080591073,1.3720632958603007,1.930615625500777,Si1,PU,combo_001,26.93282043920962,1.7528521329364632,gp,0.5252828683836555,0.47471713161634455,0.9494342632326891,0.0,0.0,405.9902661559478,0.9559550131716885,0.7116634767335421,0.0,0.24786913184368153,0.9999999629999999,0.7274619919479661,0.6295816051873584,0.21038628118984026,-0.00018591665037442212,0.000824116588057697,0.05532677510681401,4.857217453501228e-05,1196.2156482320822,9.038183272714713
10.7478667026348,1.4055237093289532,1.3572993177139052,1.920394252932644,Si1,PU,combo_001,20.640141447025997,1.9077163717029055,gp,0.5168918659854072,0.48310813401459285,0.9662162680291857,0.0,0.0,355.994209678869,0.8233720600585003,0.47719782171914743,0.0,0.16898974475054412,0.9999999629999999,0.7273898211430289,0.4560400394594807,0.19320753334616247,0.001186325001506085,0.0006820708318115479,0.0552503963286599,9.401334519676514e-05,963.5676926516621,8.799423283762168
12.59630844555565,0.9522343481209334,2.734000399856013,1.605317323068158,Si1,Si1,combo_002,20.22107215436023,2.6034090885192622,gp,0.46783986096792063,0.5321601390320794,0.9356797219358413,0.0,0.0,384.4125842030526,1.5855034468942457,0.6104709889800867,0.0,0.3114801957689666,0.9999999599999999,0.7273881001893165,0.5723618535093263,0.24531653312763657,0.0014731199953111835,0.0009849298851457504,0.05521765425436674,6.70775431178231e-05,1091.9143788695949,8.55879487483434
9.817923179702468,1.0486820483084311,2.5430949894055326,0.9240841332037824,Si1,Si1,combo_002,9.072587031376678,2.666898062532702,gp,0.517777179966636,0.48222282003336403,0.9644456400667281,0.0,0.0,341.91252850378004,2.5764390579556244,0.41115920121445226,0.0,0.17701111337858513,0.9999999599999999,0.727358875060776,0.43081461062840715,0.26510887954830015,0.0007791740557854096,0.0011094851284136988,0.05537844226234513,5.682944800860714e-05,914.0889168763017,11.719578305019219
13.450293709052787,1.0316841668449968,2.170533490663913,2.122617073998726,Si1,Si1,combo_002,28.549823077133095,2.2393050359247617,gp,0.51848776304886,0.48151223695114,0.96302447390228,0.0,0.0,398.85530813854075,0.8285398751413848,0.67820278557246,0.0,0.18288246405572942,0.9999999599999999,0.7272614168373313,0.5981923312128379,0.19549984978125995,-0.0002879057264601816,0.0005533330791649146,0.05517750563192572,4.383640191248409e-05,1169.4911086345408,8.714894973933326
15.07843211541183,0.8762418568198098,2.7834414262135034,1.5466337268633565,Si1,PU,combo_001,23.320811657915524,2.4389678836545,gp,0.5251273951075035,0.4748726048924965,0.949745209784993,0.0,0.0,424.3147788121507,1.9707181421060966,0.7975996318126121,0.0,0.2448398159138823,0.9999999629999999,0.7272598098210519,0.7011264481813458,0.25085551491103475,0.0006929561719788143,0.0007506215377864689,0.05520815125773161,7.588508496802687e-05,1319.0730957651908,12.058919898703666
13.321517196435485,1.1127269529162196,1.8728380371527824,1.190512764480789,Si1,PU,combo_001,15.859436264606778,2.0839573623866094,gp,0.5401548660817355,0.45984513391826454,0.9196902678365291,0.0,0.0,398.8549930238423,1.4450190610560425,0.6782013077844229,0.0,0.3850027108993853,0.9999999629999999,0.7272478317436043,0.6255066168249682,0.2506794200356758,0.0003687328912188167,0.0009681502230177057,0.055239230167839506,5.376816203616699e-05,1204.7938450685738,7.388996139286875
15.54662448157351,1.171954196579851,1.523435321461925,1.352043013773263,Si1,PU,combo_001,21.019705018067842,1.7853964182052773,gp,0.48089855573159923,0.5191014442684008,0.9617971114631985,0.0,0.0,426.69134647611844,1.4673464331864874,0.8087449807317552,0.0,0.18827685538145156,0.9999999629999999,0.727218719244711,0.6974718663546451,0.2220709657721674,-5.4021751519825446e-05,0.0006667426354452441,0.055073447410834184,3.89596911174024e-06,1335.6420888506914,12.32607017010993
12.793842913177103,1.0425369006108791,2.2005326194266357,2.4179961884316366,Si1,PU,combo_001,30.93546339945534,2.294136456750184,gp,0.5271836543857944,0.4728163456142056,0.9456326912284112,0.0,0.0,398.21704354115195,0.9931760677022088,0.6752095269547954,0.0,0.26363379088393923,0.9999999629999999,0.7272088517486337,0.6060691806341358,0.21425204040343887,0.0004957482813916403,0.0010970447705212012,0.05520670560916382,4.070082719041865e-05,1168.405540133247,7.601056126995639
9.06836938669714,0.9769062964699774,2.971819954773891,2.0755657886149863,Si1,PU,combo_001,18.821997257552052,2.9031896257937375,gp,0.5341061969414511,0.4658938030585489,0.9317876061170978,0.0,0.0,347.40031385408855,2.2467840140734303,0.4368951747572533,0.0,0.32807174770646186,0.9999999629999999,0.7271867609793049,0.4601374517674958,0.27447356088967234,0.0008183259256077773,0.0011163792792631849,0.05539906544152869,6.917369747622388e-05,902.7856839251498,12.291593882120223
12.823143543600318,1.0794147257578959,2.0985956215804418,0.5915175129719703,Si1,Si1,combo_002,7.585113977393038,2.2652550173449737,gp,0.46290142754945407,0.5370985724505459,0.9258028550989081,0.0,0.0,381.83092318263283,2.373877779321555,0.5983638172383443,0.0,0.35594023856313106,0.9999999599999999,0.727179029709534,0.5774167704000212,0.28377930445350424,0.0005175427518287478,0.000990862278268381,0.0552139432348467,3.5694305468870916e-05,1115.0227916246733,12.0537006826042
12.377073666679994,1.1347829227307535,1.9459806969355995,1.403279033394993,Si1,PU,combo_001,17.36848797123732,2.2082656628462085,gp,0.4586295934824278,0.5413704065175722,0.9172591869648556,0.0,0.0,386.14873486380975,1.3415026747000445,0.6186129851806216,0.0,0.39433497316310234,0.9999999629999999,0.7269899808691738,0.5835352641647651,0.2479046236515346,0.0010619664470987846,0.0008525714175487982,0.055216517093361506,8.478806851279333e-05,1128.631599016084,8.899236043786653
10.420707006045175,1.5196865320902941,1.1954533478051441,1.7178958846664107,Si1,PU,combo_001,17.90168968099944,1.8167143524017317,gp,0.4700608919570186,0.5299391080429814,0.9401217839140372,0.0,0.0,345.04998804162926,1.264072629579958,0.42587289180243365,0.0,0.28745704139137257,0.9999999629999999,0.7269661770168272,0.4370372287723438,0.22875031490896627,0.0018453477078144982,0.0009796308170769254,0.05528273036249921,9.015823718701273e-05,915.0035448578737,12.893886624649975
9.084327667950532,1.1945188631535588,2.033451583404635,0.6746159153243919,Si1,PU,combo_001,6.128432024821147,2.428996273686309,gp,0.5223102898113936,0.4776897101886064,0.9553794203772128,0.0,0.0,332.45378176845367,2.389891141193616,0.36680067765909313,0.0,0.21615114180296058,0.9999999629999999,0.7269529056611013,0.4015281750379654,0.2634567314075086,0.0012238360717084771,0.0009705258220783223,0.05538914826269832,7.283219925724529e-05,872.0369431147171,15.900466972295787
15.967140676006462,0.9491582269900256,2.225094706695288,1.5548533105689364,Si1,Si1,combo_002,24.826561540408573,2.1119669466917905,gp,0.5378658028890868,0.4621341971109132,0.9242683942218264,0.0,0.0,428.61004133147503,2.534238110357098,0.8177430513343872,0.0,0.3606562304320556,0.9999999599999999,0.7268658311270852,0.7333015629094117,0.2909537563272814,0.0006851187972578153,0.0010031350639721779,0.05516905547618923,8.419493658027738e-05,1349.8778263752831,19.8673660923283
15.917947233462888,0.9577798053850801,2.284616634526239,2.3972994510864805,Si1,PU,combo_001,38.16008616520414,2.188159675596058,gp,0.467495459961782,0.532504540038218,0.934990919923564,0.0,0.0,439.1532435097517,3.6220821868053727,0.8671873271206616,0.0,0.31049951714429846,0.9999999629999999,0.7268506816090685,0.7754314159451037,0.3273011083333824,0.000521499657551751,0.001167413788934186,0.055151991399796645,7.765712119339952e-05,1387.4671805561727,20.466576620847185
9.182719859335913,0.982229281249356,2.9409685820323217,2.362168345104254,Si1,Si1,combo_002,21.691130173683483,2.8887054565065453,gp,0.5211236217923982,0.47887637820760176,0.9577527564152035,0.0,0.0,343.13418319959584,1.889753914627579,0.4168883744460887,0.0,0.20379358535150488,0.9999999599999999,0.7267886739642608,0.429591045696776,0.24143343347549767,-0.0004027413766343821,0.0008049932186707839,0.05538965770610266,4.5180100685308314e-05,892.3514607957605,14.189161461893196
9.945703901425588,1.0472809817487199,2.5669446704848635,0.6778366824505786,Si1,Si1,combo_002,6.741562937178097,2.688312334600032,gp,0.4897958839559706,0.5102041160440294,0.9795917679119412,0.0,0.0,341.82348292660345,2.862288852574892,0.4107416056869247,0.0,0.10041924805345813,0.9999999599999999,0.7266017726253959,0.4261567714507487,0.26514792453396335,0.0012188057240296686,0.0010142315454986326,0.055401911503683114,3.250986146082172e-05,919.0521538153853,12.909259688366616
9.729608721501043,0.9689387734745494,2.9846222278111405,0.700630855300153,Si1,Si1,combo_002,6.816864080281103,2.8919162007002037,gp,0.5088774644999816,0.4911225355000184,0.9822450710000368,0.0,0.0,340.31244399245224,3.439334473384403,0.40365531211874217,0.0,0.08796301485747485,0.9999999599999999,0.7265922732407726,0.4265996699817136,0.28655073527358443,0.0011712767184139995,0.0010788326177328987,0.055351900624917655,6.22690794707562e-05,910.6912429712302,17.309910230679662
15.374817038393985,1.0804677190883043,1.836262357132819,2.2398652640444943,Si1,Si1,combo_002,34.437518625338136,1.98402220065901,gp,0.4532190382449528,0.5467809617550472,0.9064380764899056,0.0,0.0,423.1664644450014,2.3187858549946716,0.7922144014719044,0.0,0.4417003649192759,0.9999999599999999,0.7265886062731857,0.7210534030169097,0.29442156196916314,0.00044376007766982144,0.001115096716580866,0.0551414809846185,6.215988558338734e-05,1306.8905442765501,15.362028829512147
10.668026951960622,1.4272366081382561,1.3253294794869332,1.295468265618474,Si1,PU,combo_001,13.820090373027561,1.8915587509685712,gp,0.5135883860373944,0.48641161396260557,0.9728232279252111,0.0,0.0,350.17288132833687,1.218299280678777,0.4498976372458552,0.0,0.1315442199741994,0.9999999629999999,0.7265426456072233,0.4377358514390435,0.20351743218946705,0.0014757342685494529,0.0008964907315939318,0.055253767880000366,9.21822279625159e-05,948.9355445388686,10.35767606928166
10.524495252258697,1.4792507211142292,1.2505799406107023,2.148318148793471,Si1,PU,combo_001,22.60996415731808,1.8499212789593713,gp,0.47868921754519533,0.5213107824548047,0.9573784350903907,0.0,0.0,350.8166112477326,1.1868935794189874,0.4529165264911037,0.0,0.2020325523504139,0.9999999629999999,0.7263392931612984,0.4465360393540637,0.2128241447659362,0.000507973069433421,0.0010353468724202965,0.05526617277482145,9.045914819798062e-05,933.3530712540091,11.941987996305624
8.287697637048074,1.472058678910904,1.3774938908889087,1.8401903171644383,Si1,PU,combo_001,15.250940943282462,2.027751837229768,gp,0.4687961401260594,0.5312038598739406,0.9375922802521188,0.0,0.0,318.44579358173763,1.9985421232070024,0.30110765390754896,0.0,0.2931360609425323,0.9999999629999999,0.7261814809717392,0.358732286076045,0.2592220444041562,0.0016331158610852778,0.0010272373048312805,0.055303650662870914,9.217949573825977e-05,783.0868496654247,14.47095263903165
9.292386610875479,1.0186869207580767,2.828382207673304,1.5496649175749184,Si1,Si1,combo_002,14.400085531416623,2.8812359618616488,gp,0.45849009518852313,0.5415099048114769,0.9169801903770463,0.0,0.0,338.88335321756233,2.1811473976364444,0.3969533294381039,0.0,0.38910252047548455,0.9999999599999999,0.7261528752258042,0.43752494830076205,0.28098116583421584,0.0013492436537842823,0.0007367111468919973,0.05537166250487134,2.1810911920699133e-05,890.0691350161813,11.68750510121612
12.339889543568555,1.3977003184779175,1.2545061461202542,1.6281448195975043,Si1,PU,combo_001,20.091127234766557,1.7534236399647842,gp,0.5213031693958783,0.4786968306041217,0.9573936612082434,0.0,0.0,377.5525634774778,0.7140112498198331,0.5782996665564548,0.0,0.19973384811654551,0.9999999629999999,0.7260539163530189,0.5286256465626283,0.1934088176825759,0.0018249856211299395,0.0010440511175347199,0.05520829812064591,8.576418963934313e-05,1067.0280735225658,5.60891102292011
10.889252381408374,0.9704054356640418,2.8688442775713643,1.05774521773047,Si1,Si1,combo_002,11.51805463109484,2.783942081028933,gp,0.4745030979826126,0.5254969020173874,0.9490061959652252,0.0,0.0,358.2638171954254,2.7253305762080577,0.4878415614556796,0.0,0.23854205135270207,0.9999999599999999,0.7260112178412839,0.4923609382609046,0.280343056076211,0.0007336410873617118,0.0011320700403955075,0.055241298343630424,9.138762177124583e-05,977.0978751025258,15.004216322644563
8.024782158022624,1.4708066463173481,1.3520942107542315,0.8994259997676963,Si1,PU,combo_001,7.21769771539747,1.988669151624533,gp,0.5412773513589286,0.4587226486410714,0.9174452972821427,0.0,0.0,308.541372425659,2.4494581059834677,0.25465905860757637,0.0,0.3856856120406514,0.9999999629999999,0.7259932021719683,0.3406688407348784,0.29128913397538203,0.00033143168394069285,0.0005951945075722963,0.055281877758387374,9.761633795133611e-05,762.1318710307007,16.916427123809246
10.131946990793882,1.4679219500081238,1.2854296712463507,0.505457682179086,Si1,Si1,combo_002,5.121270441928041,1.8869104296142445,gp,0.49464126171305445,0.5053587382869456,0.9892825234261089,0.0,0.0,329.6036941630429,1.355200865545884,0.35343467033094705,0.0,0.05013809015427139,0.9999999599999999,0.7259538559590171,0.36364859065464605,0.1968275149495867,0.0009817172478045998,0.001086831808037582,0.05536541528137051,6.651661346978009e-05,874.9149423885729,10.73348939306035
13.122370595239408,1.005170668607669,2.3691710624826916,2.451964161538403,Si1,PU,combo_001,32.17558241395239,2.3814212609216683,gp,0.47747782223775914,0.5225221777622409,0.9549556444755183,0.0,0.0,402.7571963336667,1.0643681214684,0.6965014042221642,0.0,0.20967581920194736,0.9999999629999999,0.7258700268004814,0.6163979980218913,0.209029396291928,0.0005160794577459234,0.0011261386536310105,0.055332365373469736,2.8240066374442445e-05,1188.7321002075025,7.726738183729111
10.714954007887822,1.0357387643497948,2.5045303809832484,0.7261086970315532,Si1,Si1,combo_002,7.780221293420446,2.5940392020761105,gp,0.5145749462548714,0.48542505374512857,0.9708501074902571,0.0,0.0,353.4377441972973,2.7465559748754047,0.46520880906705553,0.0,0.1353256463074798,0.9999999599999999,0.7258474780758386,0.46644093776779033,0.2657165787114843,0.0009466145799516519,0.001070145772571744,0.05524206105549809,8.296599737849617e-05,964.755760512631,13.072200367184433
8.077066545615253,1.5482988539037676,1.2152638995322669,0.6231985529808539,Si1,Si1,combo_002,5.0336161835574895,1.8815917028364322,gp,0.5158344616525099,0.4841655383474901,0.9683310766949802,0.0,0.0,298.78279746993275,1.4169297860792203,0.20889443575076352,0.0,0.14564805939844644,0.9999999599999999,0.7256638929535892,0.2727326862144047,0.21364343028135668,0.0009549376323772305,0.0011088507749399403,0.05528418061665622,9.746562298313063e-05,740.6214452152328,9.732006525376436
9.435400409177825,1.4497824994891775,1.3672657494721485,1.2970245620214058,Si1,PU,combo_001,12.237946083210462,1.982237955735675,gp,0.4697456163359277,0.5302543836640723,0.9394912326718554,0.0,0.0,331.31392774393385,1.2696452831546021,0.36145512364320065,0.0,0.27926303949176023,0.9999999629999999,0.7255395070062702,0.39118960099126143,0.22774595004522144,0.0012016917573614088,0.00107265356301422,0.05533635798105838,8.273597183869544e-05,856.8288629444708,10.703753749152279
14.225017681807259,0.99485641291772,2.276879144020828,1.9858915544937963,Si1,PU,combo_001,28.249342476825955,2.2651678178677295,gp,0.48839075883459415,0.5116092411654058,0.9767815176691883,0.0,0.0,416.17467948936724,0.9897447916721296,0.7594251465814887,0.0,0.10519020895109482,0.9999999629999999,0.7255329094393475,0.6491362197820436,0.19034712572228665,-6.633745030558587e-05,0.0006247164086224841,0.05531086892146007,4.6625937806102694e-05,1273.056476654401,8.27034282047659
11.091767822361492,1.2819039432718693,1.6018396702951314,1.3945366453826633,Si1,Si1,combo_002,15.467876690359363,2.05340458984064,gp,0.5247478751193029,0.4752521248806971,0.9505042497613942,0.0,0.0,357.1337268869936,1.116337993473679,0.4825417961729245,0.0,0.22775670754888944,0.9999999599999999,0.7255251263618916,0.4690331764937156,0.21383738359456175,0.0015391600922623778,0.0009616744590957181,0.05523188017208658,9.324421909101821e-05,975.6614287045826,9.096736249151293
13.851949852822436,0.9682219476791218,2.457038439507974,1.8734566151185603,Si1,Si1,combo_002,25.95102708406076,2.378958543422881,gp,0.4816514437032069,0.5183485562967931,0.9633028874064138,0.0,0.0,402.7805145175126,0.8459801898797291,0.6966107591120181,0.0,0.16726532066156405,0.9999999599999999,0.7254272001491899,0.6097171519351006,0.19386061581609512,0.0007586012237308234,0.0007105511484031705,0.05522414019378453,4.436036801488638e-05,1188.5604887188879,7.4684667514670044
8.208097082515765,1.139141148855521,2.375100401824614,1.1426398184850375,Si1,Si1,combo_002,9.37889856047338,2.7055746003817003,gp,0.4618044390746263,0.5381955609253737,0.9236088781492526,0.0,0.0,318.954217993361,2.631717331812256,0.3034920032162036,0.0,0.35233796279672663,0.9999999599999999,0.725405925756845,0.3736171931400228,0.29363718355103563,0.0007863841525894866,0.0011503888966650244,0.05529927175914245,8.663928788637919e-05,820.7588165206629,15.607583530652166
8.569607156263231,1.1594735909976226,2.2531045542851595,2.359684337637195,Si1,PU,combo_001,20.22156778633797,2.6124152284501116,gp,0.461307600667169,0.538692399332831,0.922615201334338,0.0,0.0,337.5002992125842,2.0384316017354487,0.3904672446136708,0.0,0.35663981624120367,0.9999999629999999,0.7253629713142915,0.4280939960298647,0.27035628095279207,-0.0002721000132686949,0.0008153720431347086,0.05535238996071825,6.073085543373527e-05,860.6761475822334,15.079131296811337
10.024323339695933,1.145307436985147,2.111357017258321,1.2042054640012925,Si1,PU,combo_001,12.071344938577527,2.4181528939967323,gp,0.5298745969572636,0.4701254030427364,0.9402508060854728,0.0,0.0,351.2710797598489,1.656366919460679,0.4550478397362914,0.0,0.27398116451455395,0.9999999629999999,0.7253169601348627,0.4606322606511698,0.24254947942226962,0.0010747962787962782,0.0009582751052196284,0.0554056681011113,1.926030853120657e-05,943.315785483964,12.088184407610267
10.67184216941976,1.2961816002466886,1.6059305612495418,1.5029311000606136,Si1,PU,combo_001,16.039043491359283,2.0815776447654937,gp,0.5224503817349984,0.47754961826500164,0.9550992365300033,0.0,0.0,357.0070682785521,0.9874546598873118,0.4819478074529328,0.0,0.20419361254037594,0.9999999629999999,0.7252535631212799,0.464776035028234,0.20510527923105842,0.0017340409362517771,0.0010087681705495837,0.05525097935284758,8.970395607433299e-05,974.5966510098294,6.622704615194651
14.337117386031572,1.0088621266018327,2.155315894104066,1.5745445090568475,Si1,Si1,combo_002,22.574429455879475,2.1744165764245587,gp,0.5336371410043768,0.46636285899562324,0.9327257179912465,0.0,0.0,408.4235451064163,1.2715908475181243,0.7230747836076334,0.0,0.30850074330000005,0.9999999599999999,0.7252404161152048,0.6472695505400832,0.23221006639158925,0.0012245140368350301,0.0009171773963671699,0.05528139799779257,5.4967416637951255e-05,1234.6866212704163,11.069940973010052
15.305848961230701,1.0022701383052124,2.1417535314782894,2.061555143612916,Si1,Si1,combo_002,31.55385165338756,2.146615608210422,gp,0.4620335043494066,0.5379664956505934,0.9240670086988132,0.0,0.0,422.1902694178882,2.047182730380978,0.7876363562703028,0.0,0.3487883707582368,0.9999999599999999,0.7252250839733554,0.7054280629953988,0.26953148147000666,0.00031449317629095693,0.0009216855319172726,0.05517889174651796,6.945046814350116e-05,1302.734366874677,14.741958047447183
8.205592981902498,1.146821980045008,2.349234330881665,1.5111729028626075,Si1,Si1,combo_002,12.400069766170638,2.69415356693142,gp,0.45470306803998994,0.5452969319600101,0.9094061360799799,0.0,0.0,321.25119384712696,2.271934256513075,0.31426409177787634,0.0,0.41703986111390917,0.9999999599999999,0.7252038291214751,0.38348229486879803,0.28883304296221435,0.0011674415790730813,0.0010815729676800327,0.05529903050004016,8.691686153403027e-05,821.7617432794025,14.3685943545518
12.745060207828335,1.1474079460771067,1.8634045433636026,0.6869017614977567,Si1,PU,combo_001,8.754604307152249,2.13808517981158,gp,0.47266294089446603,0.527337059105534,0.9453258817889321,0.0,0.0,386.400832367027,2.008811738933296,0.6197952425501889,0.0,0.24889035573505605,0.9999999629999999,0.7251366983302727,0.5775073578140519,0.2529993443542076,0.00017221317859662973,0.0008359251016337246,0.055202521534966825,4.939377427806359e-05,1152.8081325261226,10.222805946849727
13.355254430474222,0.8769330819367214,2.9928867432355712,0.5091416039268485,Si1,PU,combo_001,6.799715661582795,2.624561395633126,gp,0.5642840245111955,0.4357159754888045,0.871431950977609,0.0,0.0,396.11919857627186,3.5840175770478977,0.6653712991330718,0.0,0.5936275648521196,0.9999999629999999,0.7251237422995631,0.6620344069897393,0.36823523601763775,0.0006806830682444033,0.001166485278696531,0.05522521015232584,6.388149204031494e-05,1186.5739921898983,16.034834664138145
8.272756721675867,1.016149985022924,2.9903680248767213,1.0398786484076283,Si1,PU,combo_001,8.602663078341422,3.038662423691511,gp,0.4573800160282815,0.5426199839717185,0.914760032056563,0.0,0.0,328.9375191716546,3.49724241668834,0.35031052081364117,0.0,0.3911780865795797,0.9999999629999999,0.7250914893100492,0.42024705970684006,0.3343683230646033,0.0007782227985520763,0.001170346262587294,0.055304723264246056,7.685626299038871e-05,849.8850851678646,20.806682938272267
12.968869388062242,0.8954479996003498,2.9943995247142565,2.4744227722899597,Si1,PU,combo_001,32.09046574467536,2.6813290644096193,gp,0.5056377536283616,0.4943622463716384,0.9887244927432768,0.0,0.0,400.12509768071095,1.5123393210965261,0.6841576959736806,0.0,0.04558800159820811,0.9999999629999999,0.7250373511826881,0.5965103058951827,0.20248212257798073,0.00044884388707558203,0.0011544619832130325,0.05529813782785799,2.732459651071934e-05,1164.0320177120805,7.05190800460324
8.914356201309026,1.2147221347681185,1.9544797802505425,2.1359726111340214,Si1,Si1,combo_002,19.040820691888797,2.374149851027062,gp,0.5383390214579151,0.4616609785420849,0.9233219570841698,0.0,0.0,333.1255617203841,1.2107875515582984,0.36995111266444436,0.0,0.3507405608932226,0.9999999599999999,0.7250297574287421,0.4036063651772143,0.23609394791371724,0.0008180881419450803,0.001017720368657148,0.05540699435228868,6.915947308135812e-05,848.8112984688323,12.78200795914397
10.375854563168868,1.0655910213410724,2.426019585798903,2.2821870225118372,Si1,Si1,combo_002,23.67964063153422,2.5851446882248985,gp,0.4795835238581603,0.5204164761418397,0.9591670477163206,0.0,0.0,356.9663467802275,1.3942510927775835,0.4817568365354123,0.0,0.18341888471974133,0.9999999599999999,0.7250240455912098,0.4672521372284596,0.21839446184390016,-0.00016760318121099543,0.0009644994255829331,0.055280752762112084,7.59432556519667e-05,951.4931611159628,8.43111674774797
12.725558718707317,1.0561064212426627,2.1477196290146416,1.3352672481908885,Si1,PU,combo_001,16.99202177201989,2.2682204912312725,gp,0.5403374813903525,0.45966251860964746,0.9193250372192949,0.0,0.0,392.6497702091119,1.5486677698191311,0.6491007799771337,0.0,0.3667488198218216,0.9999999629999999,0.724691039319432,0.6045051359824267,0.25212130843015196,0.00034637776941687617,0.0007838528975248646,0.05520155078429825,5.412075221149969e-05,1159.6890256430183,8.59581057978992
15.362849718213802,0.8751193047512393,2.835915821849918,1.7324648349312517,Si1,PU,combo_001,26.6155969011389,2.4817646823503394,gp,0.4653010678174212,0.5346989321825788,0.9306021356348424,0.0,0.0,428.0088144251056,2.2533113418862745,0.8149234877458306,0.0,0.3116903094751571,0.9999999629999999,0.7243794772341409,0.7231943372569152,0.272279580926887,0.0019537625199038773,0.0007509069626690808,0.05517502929206374,6.116211708951528e-05,1335.2494917321826,13.374704970484162
8.43031150007307,1.3261876338038778,1.6611758652916273,1.799934681995234,Si1,Si1,combo_002,15.174010049004787,2.2030308901232125,gp,0.5460309607922653,0.4539690392077347,0.9079380784154694,0.0,0.0,320.6206029731233,1.4397586746140094,0.3113068204901469,0.0,0.41742160919576876,0.9999999599999999,0.7243750827077993,0.3718617531825727,0.25533011209899076,0.0017460889761420633,0.001004046889561497,0.05532702914038468,8.170977890510536e-05,800.183470862019,13.552185373356682
10.738458707774194,1.443298117321719,1.2744986586863045,1.4294481689144445,Si1,Si1,combo_002,15.350070136791194,1.8394815146109995,gp,0.5420272200983902,0.4579727799016098,0.9159455598032196,0.0,0.0,346.2230751284293,1.1890209898649662,0.4313742983447995,0.0,0.3786635759684988,0.9999999599999999,0.724197041686008,0.4491440945023709,0.23940459261983976,0.001653471586354393,0.0010510683037125662,0.0552514412570482,9.437845536729686e-05,923.2264903933201,10.756358496110085
9.957504661147278,1.1946627316086431,1.973372012421439,1.7998618059590783,Si1,PU,combo_001,17.922132322258477,2.3575139988394413,gp,0.48659089647353326,0.5134091035264667,0.9731817929470665,0.0,0.0,352.2311804196537,1.0039663389920634,0.45955040745748954,0.0,0.1109973683972151,0.9999999629999999,0.7241248172653538,0.4399684841270671,0.19179172989444265,0.0021908926846699243,0.0006770234013176025,0.05541171507375734,1.568780358054008e-05,935.6334307017817,8.483058390041188
14.86948640085912,1.3426272016825025,1.1515838250606918,1.1966399241815933,Si1,Si1,combo_002,17.79342107934329,1.5461477685440692,gp,0.5134523298566869,0.4865476701433131,0.9730953402866263,0.0,0.0,405.5055673283672,0.8908299852015609,0.7093903928925097,0.0,0.11138660135817466,0.9999999599999999,0.7241229961274154,0.6135917991363131,0.18728752211881228,0.0005328486902187144,0.0008484664368775311,0.055189531844867905,8.57696193837343e-05,1210.9071788234587,6.196291686199014
9.12237706685189,1.3352989731574,1.644464513169893,1.687119541333412,Si1,Si1,combo_002,15.390540612897595,2.1958517758295417,gp,0.46034959419736765,0.5396504058026323,0.9206991883947353,0.0,0.0,328.55184660376165,1.1311518820842843,0.3485018387370144,0.0,0.3554233126384094,0.9999999599999999,0.7240616760249525,0.38814255775430345,0.2335847927066949,0.0018326060458876158,0.0009905250330821173,0.05537902872585122,7.442594994355209e-05,838.2357011678483,11.263492966134665
14.864109892598218,1.207633963155392,1.451789244260425,0.6070001910522049,Si1,Si1,combo_002,9.022517544628087,1.7532299987125886,gp,0.5265160205576223,0.47348397944237774,0.9469679588847555,0.0,0.0,405.8535458821804,1.936373864209265,0.7110223019929441,0.0,0.23260666888395998,0.9999999599999999,0.7240323334198027,0.6389032751725697,0.2476354974444891,0.00020710009103436976,0.0009542211483004519,0.05518137759887842,8.218975660669142e-05,1253.1135186595507,11.63786112802568
15.48616878822201,0.9941706067546934,2.0925774763305913,0.9392960135190919,Si1,PU,combo_001,14.546096607460719,2.080379019324789,gp,0.5329531811035082,0.4670468188964918,0.9340936377929836,0.0,0.0,426.51869036806266,2.4752656658407397,0.8079352783208041,0.0,0.2923565107055034,0.9999999629999999,0.7239900171731221,0.7189266483946293,0.2783305427541313,0.000252122487233757,0.0011192051338096336,0.055091504035406795,3.782662961769313e-05,1364.1928465263634,17.1297303498148
10.949517345166234,0.9884255196604492,2.6829923766723587,2.472903936558255,Si1,Si1,combo_002,27.077104546274473,2.6519381341573998,gp,0.5327128642692998,0.46728713573070024,0.9345742714614005,0.0,0.0,366.5480232267421,1.6853417317612467,0.5266918614647885,0.0,0.28890675876598915,0.9999999599999999,0.7238354182630087,0.5126094932029593,0.24595682186842785,8.002817906532767e-06,0.0010067612804925464,0.055240324404072276,9.324684904602206e-05,990.3020657555048,10.83679043442678
14.66378576341317,1.3725594873440004,1.102789400869264,1.902367637107216,Si1,PU,combo_001,27.895911473790747,1.5136440547055143,gp,0.5375217774402472,0.4624782225597528,0.9249564451195056,0.0,0.0,411.8605981432122,1.0948495509389853,0.7391934727278647,0.0,0.33375607959923037,0.9999999629999999,0.7238310798312938,0.6590416900176419,0.2288706983586321,0.00011854404222722318,0.0010010077747447134,0.05518494594090924,6.704816400358255e-05,1197.1808207639613,7.244869282141871
15.952826692959867,0.9475991731954818,2.258342131151547,1.0263374844532525,Si1,PU,combo_001,16.372984017971127,2.1400031362717282,gp,0.5262238348423125,0.4737761651576875,0.947552330315375,0.0,0.0,432.8446171972975,2.898180332388768,0.837601869690259,0.0,0.22674502433041452,0.9999999629999999,0.7236307733145584,0.7380050887301922,0.2855442323484553,8.262707025670653e-05,0.0011394197443424005,0.055164146126987335,8.234286170897725e-05,1392.298679703622,20.66919624587278
11.068209963461197,1.3205552122273914,1.5326620337704298,1.761171187377509,Si1,Si1,combo_002,19.49301248349253,2.0239648372785752,gp,0.46881090033839,0.53118909966161,0.93762180067678,0.0,0.0,357.3626266848752,1.1362717426017044,0.48361526365865654,0.0,0.2725316174494899,0.9999999599999999,0.7235595611554926,0.4744917785563165,0.22135751349350147,0.0018557185175040792,0.0008759456560983786,0.055234367234766636,9.426851124001031e-05,970.226483752302,9.947940768687092
8.15030343266484,1.1171923088612474,2.478341574760964,1.364175477397513,Si1,PU,combo_001,11.118444076190148,2.7687841460540215,gp,0.4640116871313751,0.5359883128686249,0.9280233742627502,0.0,0.0,326.9403948919195,2.7932680972543715,0.3409446410745475,0.0,0.31710831240723897,0.9999999629999999,0.7235318954023922,0.39817252097090766,0.29486779768408755,0.0009471763019317622,0.0011535610137068805,0.05529649802690056,8.738833273523136e-05,837.8957237285668,19.187470923260413
9.672791931764696,1.0889828565754744,2.360233715662262,2.055876040075507,Si1,Si1,combo_002,19.886061173150715,2.570254053867636,gp,0.5263607680488178,0.4736392319511822,0.9472784639023644,0.0,0.0,346.2186616641786,1.2618281767681765,0.43135360059663036,0.0,0.2267008857833476,0.9999999599999999,0.7234613925559721,0.43477224767429956,0.21954637624163464,0.0009262958897834433,0.0010354469443424003,0.05534693981185193,7.586392544730341e-05,909.9499674098602,7.803536972625695
8.29238765803262,1.27004280614543,1.8986294753697102,1.3005620313655428,Si1,Si1,combo_002,10.784764537401461,2.4113407067289723,gp,0.45430014534724705,0.545699854652753,0.9086002906944941,0.0,0.0,316.92286357250464,1.748864999749306,0.2939655949669684,0.0,0.4071298757433416,0.9999999599999999,0.7234525337615028,0.36225535631093175,0.2662520722705204,0.0009656428568935955,0.0011497210912567544,0.05530463041730606,8.777910725128704e-05,800.0772647392182,15.361948327222896
9.26037251274957,1.43286833320596,1.3979629496730015,0.6997216041094536,Si1,Si1,combo_002,6.47968270927222,2.003096841581641,gp,0.48987597576888575,0.5101240242311142,0.9797519515377715,0.0,0.0,319.6802363468861,0.8721257332478644,0.30689679913025286,0.0,0.07439817632335384,0.9999999599999999,0.7233640612771721,0.3279319238757181,0.18098494843122315,0.0009034508086562527,0.001005959642707088,0.05535599366191475,7.445246782990231e-05,826.4126638767037,8.548735358975291
15.474220602999935,1.2620368440694567,1.2658462978242793,1.0169022250013464,Si1,Si1,combo_002,15.735769361352311,1.597544666783159,gp,0.5237407295872174,0.4762592704127826,0.9525185408255652,0.0,0.0,414.12718095317894,1.3421938486424025,0.7498230275493907,0.0,0.20109570064658963,0.9999999599999999,0.7233138785869357,0.6560663302262014,0.21894660616637995,0.0003052570254044274,0.0011186343603225856,0.05509591310647733,3.752145689065231e-05,1277.5338207391,7.236960942495504
10.650738664058657,1.305465827707872,1.5844381290944691,2.394270984213652,Si1,PU,combo_001,25.50075454379812,2.068429833650223,gp,0.5110432451068014,0.48895675489319856,0.9779135097863971,0.0,0.0,361.05937528337944,1.0917186063712396,0.5009518426340247,0.0,0.08211721342400743,0.9999999629999999,0.723253844053753,0.46707258646415073,0.19099860288636564,0.0004925532770005222,0.0010220432819344385,0.055252183214830206,8.922120873647623e-05,977.5717378705051,7.225242454671003
8.63491939122314,1.1000072678570767,2.5020015386904606,1.3191207038768733,Si1,Si1,combo_002,11.390500945270329,2.7522198767490957,gp,0.45915112479384845,0.5408488752061515,0.9183022495876969,0.0,0.0,326.9011738342464,2.3134022462188346,0.34076070674800923,0.0,0.3602743596198527,0.9999999599999999,0.7232501625572483,0.39683118430211656,0.28199054960081493,0.0009528611861509754,0.0011397006868013055,0.05536460110174797,5.718472170825468e-05,849.6467068227034,11.845678071066311
15.373365764982738,0.9774971743317605,2.1528889222467136,1.37064378112083,Si1,Si1,combo_002,21.07140818066946,2.1044428381463116,gp,0.5503448401522064,0.4496551598477936,0.8993103196955872,0.0,0.0,420.494383835786,1.9345113119938975,0.7796831905237331,0.0,0.44741926186373493,0.9999999599999999,0.7230600388724264,0.7084256954450556,0.27978227290180174,-0.0005749133911076737,0.0008965966304815559,0.055146610494044034,6.19674696437086e-05,1310.5060929180172,15.926321396830955
14.234315244159003,1.166752430449487,1.616141628016071,0.5446525358779588,Si1,Si1,combo_002,7.752755894217487,1.8856371724383414,gp,0.5338493548796492,0.46615064512035076,0.9323012902407015,0.0,0.0,398.9377909824079,2.0739146888562727,0.6785896039612989,0.0,0.2928123823510889,0.9999999599999999,0.7229768954375149,0.6238057527859979,0.26221313657559286,0.00039212713658995883,0.000994028667482274,0.055322657160370964,3.530078811749565e-05,1216.9874774823174,12.799473687815405
8.281944415659911,0.9939144941652028,2.967522091911781,1.6851224158656357,Si1,PU,combo_001,13.95609018178174,2.9494632189065624,gp,0.5314504095923027,0.4685495904076973,0.9370991808153946,0.0,0.0,334.40372708705536,3.0995947944753364,0.375945303027252,0.0,0.26931359756774137,0.9999999629999999,0.7228348730269669,0.4214231193203326,0.3000522130908485,0.0012897976310178253,0.0010027101140813069,0.055304684712534656,7.851706344690136e-05,858.140417555848,19.737066662271594
10.192950835771722,1.2021496265238678,1.9340248772674349,1.5719377071006069,Si1,Si1,combo_002,16.022683765372214,2.324987283894916,gp,0.46970814888814516,0.5302918511118548,0.9394162977762903,0.0,0.0,347.3895170986051,1.3551589173212155,0.4368445413968478,0.0,0.2578471778128996,0.9999999599999999,0.7227511924019063,0.4428059258240957,0.22798218639947787,0.001853931777429417,0.0008803807368928235,0.05534655005180544,6.826232297822966e-05,922.9342423015909,9.578650996537254
14.325576758670884,0.9088501373066807,2.6897310501403378,1.7956497815087225,Si1,Si1,combo_002,25.723718776693804,2.4445624342380885,gp,0.5208204443540794,0.47917955564592063,0.9583591112918413,0.0,0.0,408.33310061886664,0.9996834878852162,0.7226506276339417,0.0,0.16902158567178938,0.9999999599999999,0.7226966451069992,0.6298917111259924,0.20032264210345846,0.0018323976628552728,0.0006730698142172371,0.05528000369618819,5.270645267613783e-05,1218.386042047571,8.532761686790097
12.727284799590574,0.9396454087921062,2.7131683796533532,0.7942081749398775,Si1,PU,combo_001,10.108113632622874,2.5494162112211916,gp,0.5542244507937681,0.44577554920623186,0.8915510984124637,0.0,0.0,390.1126098298908,2.778342468726057,0.6372023021349187,0.0,0.48048454349997655,0.9999999629999999,0.7226572182216976,0.6217185283581161,0.31877230772286036,0.0004613660527228299,0.001083619255424212,0.05520102375700811,5.163484727149054e-05,1145.5173288410415,12.124476172535555
9.770742435608467,1.3368811117814954,1.5941117545767025,1.3836095565604165,Si1,Si1,combo_002,13.518892608598275,2.1311378947624524,gp,0.4661008328257168,0.5338991671742832,0.9322016656514336,0.0,0.0,335.5278781953769,1.1185772225191524,0.38121721534434855,0.0,0.2890937886449662,0.9999999599999999,0.7224409598922987,0.40426547922638384,0.2231282499696963,0.0013595030296222037,0.0010658047625625828,0.055368652234918624,7.31572257933684e-05,876.7600604883926,10.180040615099008
10.78400655637685,1.2690936005217042,1.690243378898096,2.4970033737250423,Si1,Si1,combo_002,26.92770075354597,2.1450770554837555,gp,0.45213866432457905,0.547861335675421,0.9042773286491581,0.0,0.0,358.51526218352643,1.576544950594518,0.4890207587362135,0.0,0.4189794156633943,0.9999999599999999,0.7223861371777247,0.4979933913091166,0.26108013554550613,0.0005641999298027874,0.0010643001488090586,0.055246925796879204,9.292054324489008e-05,962.1500138786768,11.921717954966613
14.748370585353051,1.1675061360012757,1.5754123478816178,1.407438531795076,Si1,PU,combo_001,20.757425043018984,1.8393035828839652,gp,0.5278726383031795,0.47212736169682046,0.9442547233936409,0.0,0.0,417.359530908254,1.1907386253053884,0.7649817241117861,0.0,0.23235233088025067,0.9999999629999999,0.7223776941366842,0.6680579595442375,0.21752717555490514,0.0007639196631985412,0.0007123604363445714,0.05516588575456092,6.588844222335634e-05,1286.5090914079308,11.179934946826334
10.524325760561577,1.0373413526791515,2.497236200200211,2.145590855390761,Si1,Si1,combo_002,22.580897111014337,2.5904863778750316,gp,0.5267205791336949,0.47327942086630514,0.9465588417326103,0.0,0.0,359.01752152520737,1.5377764383806407,0.4913761958213026,0.0,0.2215322795135714,0.9999999599999999,0.7223690466617532,0.47945077890139337,0.22989959848997124,0.00018939457151548572,0.001047170266637633,0.05525172231172355,7.177249696755012e-05,961.7707680544945,9.048425605309978
13.297860970481644,0.9941585291001371,2.425950636274365,0.9306787569761572,Si1,Si1,combo_002,12.376036718449612,2.4117795162280644,gp,0.45499249403144404,0.545007505968556,0.9099849880628881,0.0,0.0,390.68337052080705,2.1901433758200564,0.6398789888314684,0.0,0.3918367594121685,0.9999999599999999,0.7223211983031628,0.6079499886684845,0.28175409382016453,0.00033699065590901824,0.001096801224641486,0.055255674054755274,5.8369987209237734e-05,1144.3542770959716,10.258536431517905
15.826560322875865,0.8706023980293129,2.846014449386344,0.5497004842409595,Si1,PU,combo_001,8.69986787335362,2.477747004461826,gp,0.44598625680515624,0.5540137431948438,0.8919725136103125,0.0,0.0,425.7554095108915,4.066975224038291,0.8043557330776983,0.0,0.47575470662913233,0.9999999629999999,0.7223032295556723,0.7531010367760265,0.3700311487499056,0.0005674402099996292,0.0011557083159773648,0.05511713654135357,5.582408277173596e-05,1359.651665571643,20.68481419426553
10.761714874395313,1.4840310537780133,1.218918036497995,1.3733593770418662,Si1,PU,combo_001,14.779702035801732,1.8089122181731463,gp,0.5153124795189328,0.4846875204810672,0.9693750409621344,0.0,0.0,349.5348396377824,1.3022309060018644,0.44690542399057714,0.0,0.11411160676138375,0.9999999629999999,0.722247976415281,0.43486513123690157,0.20428735659996464,0.0015907226441721689,0.001021580345589527,0.055250963370595076,9.51098641551602e-05,943.4058410379268,11.862972281073963
8.836877706037884,1.2303471493452847,1.9337044283755376,0.5334593087513985,Si1,Si1,combo_002,4.714114672583613,2.3791277311281958,gp,0.5201281058442788,0.4798718941557212,0.9597437883114424,0.0,0.0,320.26162266556616,2.222852352393326,0.30962331665245435,0.0,0.1586586695963217,0.9999999599999999,0.7221968892658241,0.3538300937631359,0.24809647645319832,0.001237289139425354,0.0010375617052917057,0.05541268755950789,5.837703504720873e-05,831.6590686501232,15.910104896064112
9.1662060663172,1.3855943080354882,1.5200969376743405,1.4804638175371703,Si1,Si1,combo_002,13.57023642527233,2.1062376645037424,gp,0.4584442508091655,0.5415557491908345,0.916888501618331,0.0,0.0,325.8140488874909,1.0066077731859209,0.3356624353905399,0.0,0.35841493316228357,0.9999999599999999,0.7221667746638487,0.3780190954122648,0.22901088860364743,0.001375754833146919,0.0011162640351703049,0.05537100729819682,7.412570679113626e-05,832.1854557639296,9.899173328912617
11.307623243057524,1.4372238025671396,1.2769875123290466,2.426703075030638,Si1,PU,combo_001,27.440244095215608,1.8353168483003044,gp,0.47038257318101273,0.5296174268189873,0.9407651463620255,0.0,0.0,365.0072944832549,1.1981526101217732,0.5194663321031507,0.0,0.24628214207806354,0.9999999629999999,0.7220760179774838,0.4976755928596634,0.21991564034048977,0.0009853428185709362,0.0010778130018970573,0.05520720318617092,7.935194811940302e-05,998.359711695508,9.281145594309969
11.363224009386677,0.9674457793015703,2.8518985056324646,0.9595198248311879,Si1,PU,combo_001,10.903238711004253,2.7590571722705834,gp,0.45477171780778747,0.5452282821922125,0.9095434356155749,0.0,0.0,371.60245640447204,2.5804094516008163,0.5503955507004836,0.0,0.3915381995695146,0.9999999629999999,0.7220189772658934,0.5497785124924297,0.2974480619934163,0.0006872058667679371,0.001148098246776131,0.05518466833927521,4.0487264233921934e-05,1038.9794692008988,12.721885671887325
14.206672661461798,0.9482113074123081,2.4661914443091035,0.6138004935610972,Si1,Si1,combo_002,8.720062691466199,2.3384706137373836,gp,0.5377428749874866,0.46225712501251337,0.9245142500250267,0.0,0.0,400.9890385205145,2.8115839050803824,0.6882093046238767,0.0,0.32070770038687063,0.9999999599999999,0.7218951362943047,0.6418287652838762,0.2961463500876948,0.0004224697099561436,0.0010603526778164426,0.05531025625413123,4.796350701549383e-05,1211.507252245489,13.342204014729312
8.994007838079108,1.578410345951308,1.131002536372888,1.0832025978660342,Si1,PU,combo_001,9.742332655434764,1.7851861047081368,gp,0.5384916002130495,0.46150839978695046,0.9230167995739009,0.0,0.0,318.1211433671223,1.8737435005633807,0.29958514732234953,0.0,0.3276336625782865,0.9999999629999999,0.7218871761380994,0.35967831697910285,0.25936377337144634,0.0006307438856747715,0.0010125399592342903,0.05538804484067745,7.64691286245659e-05,805.0291079738817,15.184195558395245
13.718570912558867,1.3263886892191907,1.3047435238158882,1.7757114204897795,Si1,Si1,combo_002,24.360223042229677,1.7305970523213838,gp,0.4643743545245087,0.5356256454754913,0.9287487090490174,0.0,0.0,394.6080161031511,1.2329949022310625,0.6582843324126272,0.0,0.30035559900659253,0.9999999599999999,0.7218193877387129,0.6006570039001803,0.22943178743837614,0.0007626594275537836,0.0010476688982938521,0.05524263611306707,3.207816774200173e-05,1136.5196985974735,9.349372193720027
9.716518448522326,1.109907676360998,2.3266068771940938,1.8327913272482448,Si1,Si1,combo_002,17.80835074349929,2.582318832872015,gp,0.46360152876189886,0.5363984712381011,0.9272030575237977,0.0,0.0,344.7152306799531,1.3745098014758594,0.4243029859017097,0.0,0.30754543703113624,0.9999999599999999,0.7218164153519671,0.4392196307518278,0.23621731276598154,0.0019717066112846533,0.0008254956833188573,0.05535536574649438,7.17594801744331e-05,907.5281147582039,8.379631224560056
10.276649617841828,0.9973397531688197,2.71512132927241,2.2862150690484553,Si1,PU,combo_001,23.494631215641036,2.7078984363599434,gp,0.5421887157853291,0.4578112842146709,0.9156225684293418,0.0,0.0,364.16892589715917,1.753945652871853,0.5155346492158706,0.0,0.3610164379732582,0.9999999629999999,0.7217432307374566,0.5128008919221942,0.2595399509541454,-0.0002251170663625546,0.0009674675175729127,0.05530782286142279,7.031981053933762e-05,976.5752490564804,11.01404474412735
15.0138274180848,0.9700550249231368,2.2523279032199914,0.7672556631046858,Si1,PU,combo_001,11.519444111401967,2.184882000293145,gp,0.5401272375384423,0.4598727624615577,0.9197455249231155,0.0,0.0,419.58330226705,2.623609148526645,0.7754105067995046,0.0,0.34172933381801834,0.9999999629999999,0.7217372557737372,0.7028058576441368,0.29171890073208906,0.00023568407848584283,0.0009575463711798491,0.05519550626892715,8.230254907517014e-05,1327.7268901276889,15.56783123177821
14.672746571198177,0.8891961199138882,2.8108412012973587,1.6187604618528535,Si1,Si1,combo_002,23.751662016242634,2.499389089887704,gp,0.4821840938233919,0.5178159061766081,0.9643681876467838,0.0,0.0,411.1381009287705,1.2117700293084175,0.735805189839837,0.0,0.13319142928674124,0.9999999599999999,0.7216989755872381,0.637960626501617,0.20350119979071074,0.0015976991059110399,0.0007357916858331928,0.055141997643120846,3.0311824836810217e-05,1239.1358876420516,8.4794837063873
11.339018927567409,1.2815595231996975,1.569229893205446,2.088048950641101,Si1,Si1,combo_002,23.67642657300671,2.0110615137270837,gp,0.543389375991552,0.456610624008448,0.913221248016896,0.0,0.0,364.43271460633383,1.3193009083265077,0.5167717346350055,0.0,0.3707190472833314,0.9999999599999999,0.7215506151597468,0.5096289791512616,0.24346687571698566,2.2348503020806808e-05,0.0008509706369468494,0.055198617852798164,7.06636954357307e-05,997.3868858014083,10.587868774815783
11.134006464598599,1.3550253861923793,1.4636901442407872,0.7203579324966216,Si1,PU,combo_001,8.020469877242267,1.983337302965852,gp,0.4610561433661644,0.5389438566338356,0.9221122867323288,0.0,0.0,356.10692542142874,1.727607903370693,0.4777264228183524,0.0,0.32900063401697677,0.9999999629999999,0.7215215482240338,0.4828300800183807,0.25367542475597366,0.0005242024106994119,0.0009320271667072975,0.05522783146033053,9.161057286878278e-05,994.5977209026744,10.882142122691526
8.850921699525898,1.286344066752096,1.757970744495878,0.986634539221833,Si1,PU,combo_001,8.732625052700257,2.261355236706038,gp,0.5375134779527571,0.46248652204724294,0.9249730440944859,0.0,0.0,327.95451694940306,1.905786352588865,0.34570055202487304,0.0,0.3150688676926837,0.9999999629999999,0.7214470458010345,0.3910718300570465,0.2587712866001869,0.000502895193444644,0.0008663430785566971,0.055414762537409464,5.663837921952705e-05,842.7643504993407,13.254796990336683
12.647899245153893,0.962503079651056,2.6167636500261566,2.37453384264822,Si1,Si1,combo_002,30.032864796022796,2.5186430718691137,gp,0.5152927434367847,0.48470725656321534,0.9694145131264307,0.0,0.0,388.6047902030518,0.9014076208921467,0.6301311060974382,0.0,0.10712505762181633,0.9999999599999999,0.7213765498361531,0.5578060233319329,0.18707486819867847,0.0002792898339897485,0.0010628773076416592,0.05520904730914228,6.37357712527985e-05,1101.5768925123225,5.277337584923778
10.679515642459272,1.0650991971511306,2.3478617758570897,1.560739804485255,Si1,Si1,combo_002,16.667945155809107,2.5007056924872137,gp,0.5372114930981411,0.4627885069018589,0.9255770138037178,0.0,0.0,357.8128336117585,1.79062663482414,0.4857265914201192,0.0,0.3108991401525514,0.9999999599999999,0.7212739473313041,0.48734617286032844,0.25350163600134734,0.0017094115506573761,0.000823318957813005,0.05524395099566424,8.213328657031887e-05,966.3526681973218,9.653449096166048
9.662193787381055,1.1368592776250246,2.177478972419644,1.2151773903610867,Si1,PU,combo_001,11.741279431712815,2.4754871716286777,gp,0.5301481738928118,0.46985182610718823,0.9397036522143765,0.0,0.0,346.4706159282321,1.7077580132514396,0.4325351862199296,0.0,0.24449673932648736,0.9999999629999999,0.721212701399079,0.4425171073515911,0.24019932902644386,0.0010315035678423712,0.0010263558164653637,0.05534604882336584,7.828116349148067e-05,920.7574305145424,13.133437782430056
13.786563129820138,1.1323118338202636,1.7586823254436255,0.7449337863095579,Si1,Si1,combo_002,10.270076672492664,1.9913768090303572,gp,0.5384963055348209,0.46150369446517914,0.9230073889303583,0.0,0.0,395.48534305733523,1.938630490742261,0.6623987176955719,0.0,0.32176766251349065,0.9999999599999999,0.7211300757497969,0.6138088671905393,0.2611006523100386,-0.00017815854022126495,0.0007331136054250864,0.05524514788171987,2.1208055652864235e-05,1190.0824084509436,12.397486270058609
14.404782507682913,0.9065754251617326,2.6856657059722213,1.5287031351958527,Si1,Si1,combo_002,22.020636181309246,2.4347585292340512,gp,0.5269487157280253,0.47305128427197474,0.9461025685439495,0.0,0.0,408.1557707957186,1.2378411325569345,0.7218190069808796,0.0,0.2135481461618739,0.9999999599999999,0.7210734511079671,0.6365063708236816,0.21660610954735585,0.0005842849893999938,0.0007022222371551408,0.055251042961232656,4.6450556416996426e-05,1223.3396096948604,9.240637021839074
11.771404930711869,1.4234827098623675,1.2705397305679977,1.7144773465566174,Si1,Si1,combo_002,20.181807090850366,1.8085913386567356,gp,0.4547265636024349,0.5452734363975651,0.9094531272048698,0.0,0.0,363.8140438031668,1.1724279534461577,0.5138703647005718,0.0,0.3836840861759957,0.9999999599999999,0.7209588229785631,0.5072022010339449,0.2394885008672071,0.0016191889202553191,0.0010289492051016287,0.05518296665711742,7.852231019370444e-05,992.9834060204308,9.41368066435902
9.74085779799264,1.1393401570717971,2.2042699660355036,0.8648626932634762,Si1,PU,combo_001,8.424504509868449,2.5114132893315357,gp,0.4794544801224703,0.5205455198775297,0.9589089602449405,0.0,0.0,344.865460380549,2.0832532307182166,0.4250075155713444,0.0,0.15268668413468262,0.9999999629999999,0.7209327517851851,0.4323933234320943,0.24157088943559976,0.0007439064988592936,0.0010354722139759075,0.05536166168655341,7.054036591343056e-05,922.8283381745042,14.261382239609876
8.76613568745564,1.0119937052914503,2.931376534965745,1.3377831679288963,Si1,PU,combo_001,11.727188770458959,2.9665346012243967,gp,0.4655357306512258,0.5344642693487742,0.9310714613024516,0.0,0.0,337.7503068086957,2.603164795247237,0.3916397009814593,0.0,0.2820576657961357,0.9999999629999999,0.7208639140573787,0.4279635595719662,0.2819436653380793,0.0008917405081576835,0.0011411751439147873,0.05538497417621174,6.792873540424362e-05,878.2231776459655,14.361511810359827
13.517722591671609,1.1785977314900382,1.65692543597879,0.9738875968482636,Si1,PU,combo_001,13.164742369664545,1.9528485600927443,gp,0.5332040605718902,0.4667959394281098,0.9335918788562196,0.0,0.0,398.20475429583183,1.5173310168512508,0.6751518942902085,0.0,0.27023195138382006,0.9999999629999999,0.7208557452263152,0.6127281558105409,0.23638002144911835,0.0002685076382228179,0.0010441783297868378,0.05517092364989715,3.418748788927941e-05,1204.7976767019632,8.455711757335946
10.549935372553644,1.2707363048815388,1.6790799794430562,1.4883300268394766,Si1,PU,combo_001,15.70178559618751,2.133667888678039,gp,0.5259554348063915,0.4740445651936085,0.948089130387217,0.0,0.0,356.1565530415778,1.0337059007785006,0.47795916062379096,0.0,0.20247597742353704,0.9999999629999999,0.7208426612409249,0.4623451421816531,0.20671286602279065,0.0016634447531369968,0.001013051818456171,0.05525885282797358,8.561177817061301e-05,968.3096937532691,6.232078666107847
8.666743771803421,1.4497897628085035,1.3905316829097942,0.9048879270209828,Si1,Si1,combo_002,7.842431805689211,2.0159785987434997,gp,0.4896025498350838,0.5103974501649162,0.9792050996701676,0.0,0.0,312.3352122124112,0.5554400707504491,0.27245096447575895,0.0,0.057048428713252636,0.9999999599999999,0.7208145168278965,0.2984358986634962,0.16561110461397677,0.0002827438531282596,0.0003059162380472039,0.0554027399549912,4.323326034161528e-05,789.4319318580095,7.345935927264435
15.158555731151358,1.1553219689236864,1.5651392182289081,1.6922420061700179,Si1,PU,combo_001,25.651944761123595,1.8082397232439014,gp,0.5355719748463628,0.46442802515363724,0.9288560503072745,0.0,0.0,424.68449283691626,1.3331038374452109,0.7993334733811848,0.0,0.29116121363525216,0.9999999629999999,0.7207056975435535,0.6996254555263954,0.23208984923143075,0.0011115327008472038,0.0010790321143874587,0.055202470503198015,8.53131996507237e-05,1314.1775639262835,12.51842249770648
9.606027232536684,1.553669984548187,1.175646586895491,2.3909844960762037,Si1,PU,combo_001,22.967862181881014,1.8265668144960463,gp,0.4716306507149781,0.5283693492850219,0.9432613014299562,0.0,0.0,336.1647407141496,1.8147519180704856,0.3842038986577939,0.0,0.22368110647982353,0.9999999629999999,0.7206729532205094,0.4078364650567941,0.24139186209121966,0.0006259451350651359,0.0010249189529582675,0.055335677300450095,8.882752772362169e-05,857.4028051789448,15.83661278345761
13.30359256728611,1.2771955698689657,1.4285097481233597,1.3990396866641874,Si1,PU,combo_001,18.61225397684397,1.824486321817787,gp,0.5238698929522272,0.4761301070477728,0.9522602140955456,0.0,0.0,394.50628384570473,0.9529900435612185,0.6578072403765944,0.0,0.18053868943904453,0.9999999629999999,0.7205259518782572,0.5851150320499503,0.20016714276436087,0.0019008864730920374,0.0007294728252260143,0.05524358899644424,4.932604067440051e-05,1160.986018935509,7.387060965941027
15.556250001788861,1.1269432397377153,1.5999263965020438,0.6546890719956144,Si1,PU,combo_001,10.184506877402924,1.8030262366159016,gp,0.543380190780951,0.456619809219049,0.913239618438098,0.0,0.0,423.20374778305387,2.554114275374073,0.7923892485077222,0.0,0.36225099660965027,0.9999999629999999,0.720476783763722,0.7159423981761794,0.29199454285077875,0.00021856440252313638,0.001002941368800416,0.05507228299629462,8.384960619883538e-06,1349.8329132374392,14.850513240452669
10.384325719463908,0.9738909744591853,2.9561255191428444,1.0234711331773991,Si1,PU,combo_001,10.628057611382935,2.8789439624616895,gp,0.4536052007095748,0.5463947992904252,0.9072104014191495,0.0,0.0,358.375808095454,2.480869549375717,0.48836676327320466,0.0,0.39008567703392283,0.9999999629999999,0.7204381383650358,0.5050661744573375,0.2932159125745455,0.0007768080661849019,0.0011512613216149892,0.055270347303842046,6.809521750582271e-05,971.3550986080246,11.283525556157647
10.875831099339823,0.9513846748021157,2.9902074801383494,1.0163654885750817,Si1,Si1,combo_002,11.053819388940587,2.8448375710822775,gp,0.47086406436411465,0.5291359356358853,0.9417281287282293,0.0,0.0,357.8056751765139,2.9144043819501393,0.48569302062820535,0.0,0.22860529659830062,0.9999999599999999,0.7203871959601642,0.49204186065237276,0.2864775604245417,0.0007335865758583412,0.001152552968609211,0.05524115021724778,9.048231109544111e-05,976.1603384806176,16.8178373779074
11.590055218228494,1.0722317758090023,2.264944603085065,1.4439891627709454,Si1,Si1,combo_002,16.73591413103879,2.428545573874915,gp,0.46591427352782944,0.5340857264721706,0.9318285470556589,0.0,0.0,369.54239442325877,1.6877444296376232,0.5407345130941104,0.0,0.2741216561788944,0.9999999599999999,0.7202998671178231,0.5209885238345484,0.24383595310457035,0.0010693968751264136,0.0009091955802467449,0.05518008395073725,6.26474995809878e-05,1024.877969500593,9.544589304583427
8.823531754790386,1.1135280884140935,2.397062047265166,2.1440931925919715,Si1,Si1,combo_002,18.91847437006516,2.6691959193011536,gp,0.47401601087014456,0.5259839891298554,0.9480320217402891,0.0,0.0,334.53282813261916,1.2893204022900355,0.3765507460030402,0.0,0.1984356013561986,0.9999999599999999,0.720290920192205,0.39390049633425395,0.21641529719120056,0.0007117253923658889,0.001048329233800247,0.05540318168486394,6.620476010684851e-05,863.0349703221555,8.415854209335212
15.966732306971593,0.8833810701543976,2.7161908834483954,1.7102756879952055,Si1,PU,combo_001,27.307514081341115,2.399431609364262,gp,0.4554304212514637,0.5445695787485363,0.9108608425029274,0.0,0.0,435.4888909626505,2.9281164195441165,0.8500026753561041,0.0,0.37187874089125833,0.9999999629999999,0.7202880556525947,0.7615439587239501,0.30852156013311854,0.0015685370501104274,0.0009547837731447355,0.055164886928187,7.927140815472571e-05,1377.7826956989384,19.327521855730776
15.977342924912232,1.0441193729227352,1.8134376179827407,2.028957012039022,Si1,Si1,combo_002,32.41734196125273,1.893445348522638,gp,0.5501547291623154,0.44984527083768455,0.8996905416753691,0.0,0.0,430.95078372831034,2.736465352672292,0.8287203911080866,0.0,0.4236179712932142,0.9999999599999999,0.7202382422351545,0.749612009913981,0.30855349022547895,0.0004682964223054846,0.0009867199527677456,0.05517669816034048,8.806124147152718e-05,1353.5132035883182,18.536102357460408
15.05552874619007,1.084359381549464,1.793216972553455,2.072324315004216,Si1,PU,combo_001,31.199938295974622,1.9444916473420668,gp,0.5346625435668813,0.46533745643311875,0.9306749128662375,0.0,0.0,426.7765154916627,1.7337151648129356,0.8091443964141833,0.0,0.27859062961186937,0.9999999629999999,0.7201826943342623,0.7098520311595741,0.24636021932138624,0.0002188747945021714,0.000903102255713757,0.055202544724993474,8.611147113799938e-05,1327.1728107452893,13.436034848829097
12.598208108322169,1.1356485695082825,1.923007813745055,0.5466811086783803,Si1,Si1,combo_002,6.887202376018523,2.1838610728328214,gp,0.4575409337471825,0.5424590662528175,0.915081867494365,0.0,0.0,377.5261063800997,2.1757970559816946,0.5781755911572404,0.0,0.3509317455561648,0.9999999599999999,0.7201280655136175,0.560501805449845,0.27503977962798554,0.000626804887744044,0.0009836999638751,0.05521137727323383,7.446804742550152e-05,1097.0938079833752,11.394037019031932
12.096198594157798,1.36247390789905,1.356149299368756,0.72360626527219,Si1,Si1,combo_002,8.752885088709238,1.8477180356055076,gp,0.48211586648815086,0.5178841335118491,0.9642317329763017,0.0,0.0,365.3462350490565,0.9451288474945401,0.521055855905054,0.0,0.12120005478046071,0.9999999599999999,0.720081223053274,0.48336461962332644,0.19094931875816817,0.00013646186738843836,0.0007427343253561436,0.05516569068248532,3.4775683886903506e-05,1022.3823114893127,7.54960331465796
12.952257579019093,1.2683353341569392,1.476980587253158,1.4545346453185566,Si1,PU,combo_001,18.839507383773125,1.8733066666770466,gp,0.5290092136897329,0.47099078631026714,0.9419815726205343,0.0,0.0,390.4079136580767,0.9539681412542389,0.638587183471222,0.0,0.22499631881775287,0.9999999629999999,0.7200763787459699,0.5761180251477418,0.20687523214905215,0.0020019529805696116,0.0008119906864160117,0.05526259591511024,3.604413693615491e-05,1143.8948448539418,6.9491523537227575
10.276304426333883,0.9521585906522236,2.9673411692550555,1.877720855415266,Si1,Si1,combo_002,19.296031137923343,2.825379385702215,gp,0.5367083391726482,0.46329166082735185,0.9265833216547037,0.0,0.0,355.2046737971876,2.1408265130185202,0.4734951487345156,0.0,0.2965195388164213,0.9999999599999999,0.7200334261630883,0.48138133189643084,0.26546764747466045,0.0013497878806363398,0.0010587976779699707,0.05530440040013905,6.759054171681848e-05,948.018894043815,14.15056971400533
14.390804815579605,1.0803680051362943,1.859088344745325,1.1084927901492616,Si1,Si1,combo_002,15.952103382515267,2.0084995663846423,gp,0.5486219673418589,0.45137803265814114,0.9027560653162823,0.0,0.0,406.1752242810057,1.7159455261873027,0.7125308717042198,0.0,0.4075772001537762,0.9999999599999999,0.7200159778260591,0.6549164724444335,0.2649915858494236,9.482566796401113e-05,0.0010793242187960956,0.05526162249739884,5.844917707468147e-05,1240.8890487592553,12.96459371237224
14.729133604861525,1.1634021258073184,1.6255309214889204,1.8477862558244376,Si1,Si1,combo_002,27.21629063526498,1.8911461296257392,gp,0.4617339401861784,0.5382660598138216,0.9234678803723568,0.0,0.0,412.0542708803515,1.4205975565049507,0.7401017364664781,0.0,0.30965252193518267,0.9999999599999999,0.719853341055819,0.6610205043401236,0.2383920144605244,0.00048471724783797477,0.0009483295684401773,0.055162423295375525,6.069049914642218e-05,1251.0508698908382,13.103929711641149
15.517415310242324,0.9791179770817442,2.2348830985571344,0.8853562215745718,Si1,PU,combo_001,13.738440187679556,2.188214218473442,gp,0.46484309312018013,0.5351569068798199,0.9296861862403603,0.0,0.0,425.7721656052789,2.595469876163444,0.80443431384832,0.0,0.28003184365091993,0.9999999629999999,0.7197762317551011,0.7166285427368074,0.28132946932025826,0.00029386552766027743,0.0010884002044666084,0.05508566784443341,3.8124813201123433e-05,1360.3533363472106,17.639647835467805
9.423193487246845,1.1597239264271542,2.102956378881662,2.331616558641477,Si1,Si1,combo_002,21.97127397014727,2.438848828821671,gp,0.5296425376323555,0.47035746236764453,0.9407149247352891,0.0,0.0,342.6817271162597,1.0194922414935539,0.41476649885389494,0.0,0.2277172786640969,0.9999999599999999,0.7196677097758386,0.4204706338683494,0.20992584861436103,-0.00023253549673813182,0.0008285610936611116,0.05534330446929947,7.042101557580781e-05,888.0057867161752,10.79416367304207
11.046556596367104,1.2729500250774315,1.6131432875240055,2.2521771782934765,Si1,Si1,combo_002,24.878802665065255,2.053450788307173,gp,0.5456740252524952,0.4543259747475048,0.9086519494950096,0.0,0.0,361.2893023498866,1.4322442687310888,0.5020301276839438,0.0,0.37694007177982847,0.9999999599999999,0.7196159002577049,0.5012333307872724,0.24895483857382522,0.00032282785536971736,0.0010494063128091056,0.0552360892564786,9.47819475796731e-05,979.2493809185978,11.235918429654973
9.055925116691892,1.480597409148872,1.2920135973162403,1.2893678412559093,Si1,Si1,combo_002,11.676418618284194,1.9129519847715395,gp,0.5264068670809579,0.47359313291904215,0.9471862658380843,0.0,0.0,319.39117193670137,0.8230096289335695,0.3055411786863408,0.0,0.19704584079201928,0.9999999599999999,0.7196072631250039,0.33868182257878643,0.1974013310858138,0.00109685005939876,0.0011134855448571971,0.0553803747695924,7.959275082906193e-05,810.1718342244728,5.911440831679667
14.443952367545325,0.8706391532348466,2.9907183126414485,1.6049926383857436,Si1,PU,combo_001,23.182437219104578,2.6038364592821,gp,0.4723093739254409,0.5276906260745591,0.9446187478508818,0.0,0.0,415.47530705438203,1.7094757693250329,0.756145311578042,0.0,0.20871863895864068,0.9999999629999999,0.7195676846256455,0.6654861776692645,0.23490188808449528,0.001447463268795303,0.000749083531010158,0.05523389275938295,3.351872259801374e-05,1267.9803050580579,8.3759436703685
11.033188445518684,1.4038467687391054,1.3237031262906018,2.2724757096860415,Si1,Si1,combo_002,25.072652742829906,1.8582763566129132,gp,0.5414480803504205,0.45855191964957953,0.9171038392991591,0.0,0.0,356.69172055232497,1.629496171281997,0.4804689265891783,0.0,0.3364383096537538,0.9999999599999999,0.7194801571339968,0.48436312122957464,0.25083440022927384,0.0005984254358376364,0.0010694752499933254,0.055238459468950486,9.589367654712092e-05,954.7179347795085,12.844501597113894
10.648073727859233,1.1776614060346102,1.9326617965505648,1.3003563772405609,Si1,PU,combo_001,13.846290577349425,2.276021208715114,gp,0.541652189121649,0.45834781087835097,0.9166956217567019,0.0,0.0,359.8320233190065,1.494741198989308,0.49519595101901637,0.0,0.3378411319109915,0.9999999629999999,0.7194158232279934,0.4932596255609013,0.24561039048436614,0.0012653699975590873,0.0008228176112448508,0.0552489270773503,8.526624932833781e-05,986.0106678133614,9.662500630601478
14.269458525417903,1.3666435800415822,1.14862806693662,1.500681892697133,Si1,Si1,combo_002,21.41391802768738,1.5697651735345044,gp,0.5240114357022989,0.4759885642977011,0.9519771285954022,0.0,0.0,399.1885279662503,1.0405843213840031,0.6797654809263132,0.0,0.172355417213993,0.9999999599999999,0.7193083819434507,0.6006767657105415,0.2024721762746296,0.0019768139273057526,0.0007034922127774361,0.05531614315446319,4.7626311883809856e-05,1160.1067304931503,7.411165321843255
13.480775392853143,1.0111980772590496,2.293759959150578,1.8159269253207764,Si1,PU,combo_001,24.48010301008379,2.3194456603868607,gp,0.4833254945461718,0.5166745054538282,0.9666509890923436,0.0,0.0,405.4112216490503,0.7345895613029827,0.7089479415661943,0.0,0.10369904783834578,0.9999999629999999,0.7192855340173354,0.6107130697536179,0.1798334851328177,0.001167960085322059,0.0008298671753709721,0.05516076357404984,3.55364929125459e-05,1216.6677545464731,6.155476499658675
8.148630290825778,1.5644642370693649,1.1734055241715198,0.980931667108642,Si1,PU,combo_001,7.993249495831709,1.8357509781459749,gp,0.5460313300967243,0.45396866990327567,0.9079373398065513,0.0,0.0,306.72445240782395,2.356739040192138,0.24613827972803076,0.0,0.3772362405154744,0.9999999629999999,0.7192266257662517,0.33279101591676447,0.2862825296719054,0.00033270389122898243,0.0007115148244095071,0.05528885362875558,9.674526455840471e-05,755.3826982864634,17.245240209299237
11.453275440703113,1.0943767936235043,2.145646731260001,0.61265995114606,Si1,PU,combo_001,7.016963171963537,2.3481459900050727,gp,0.5425879535554969,0.45741204644450306,0.9148240928890061,0.0,0.0,369.2885188589556,2.491731793735512,0.5395439171817352,0.0,0.3447411497827386,0.9999999629999999,0.7191809032377473,0.5364808881575267,0.2868522888995442,0.0008538317538975014,0.001021720420634255,0.055177820524186426,4.051123478642622e-05,1050.6835603591182,13.912806735277478
15.802418689892313,0.9432274224618489,2.3945845521230877,2.4706999843621102,Si1,Si1,combo_002,39.04303561000046,2.2586378149660207,gp,0.44428599186950635,0.5557140081304937,0.8885719837390127,0.0,0.0,429.6898598833819,3.5362753281001855,0.8228070580163066,0.0,0.4658578681749427,0.9999999599999999,0.7190024342681998,0.7589123648632737,0.3471444192465188,0.0005324376837324958,0.0011701382885251994,0.055113073481410035,6.22982402082431e-05,1329.49390364095,19.725260113332162
11.722656113655713,1.0808263746002598,2.231136556083477,0.9230603449652304,Si1,PU,combo_001,10.82071899617981,2.4114712351498135,gp,0.45552174496515363,0.5444782550348464,0.9110434899303073,0.0,0.0,375.16643427325323,2.1121114581979628,0.5671094770447282,0.0,0.36069979508953115,0.9999999629999999,0.7189651499356997,0.5529985224433761,0.27393665817432583,0.0005189691495854997,0.0010832653518346286,0.055184868819324426,7.729247734623542e-05,1071.356777375516,12.55211054406389
15.434651890718087,0.9354756591810975,2.354485468879382,1.1984012237731618,Si1,Si1,combo_002,18.4969057143493,2.2025638460322554,gp,0.5454312483742854,0.45456875162571464,0.9091375032514293,0.0,0.0,420.02939170547506,2.2060197368411623,0.7775025248454337,0.0,0.3690678173943834,0.9999999599999999,0.7188976908335141,0.7021925028228012,0.27897901852961504,-0.0007822213030978714,0.0010347700212573075,0.055120369780902206,5.228674517185324e-05,1307.1263256262012,16.666721148833545
10.472223731016046,1.157067145076386,2.026358348119894,0.8663390571090094,Si1,PU,combo_001,9.072496432963034,2.3446326687607875,gp,0.5321960793932803,0.4678039206067197,0.9356078412134394,0.0,0.0,355.04613237227284,2.0099620169617567,0.4727516397128272,0.0,0.2450747873504301,0.9999999629999999,0.718838148979661,0.4742085329069181,0.2524733978077008,0.0006177614953541556,0.0010333126773156085,0.05526536103749423,8.04125764875598e-05,971.8246374821141,12.294906222286611
14.14772037167171,1.042919760549602,2.0513698798489655,2.1002072724022978,Si1,PU,combo_001,29.713145212499064,2.1394141838907488,gp,0.5187803870900964,0.48121961290990356,0.9624392258198071,0.0,0.0,415.6066997648179,0.9663347670514449,0.7567615017355716,0.0,0.11956705273556167,0.9999999629999999,0.7188004079135106,0.6484396140383216,0.19155956673486318,-0.00010061173013173352,0.0007771994824276549,0.055325619357087165,3.696235498979075e-05,1271.8102181118659,6.580722860458088
13.518940094247007,0.9570964194062188,2.6072412118972537,0.5285996554173323,Si1,Si1,combo_002,7.146107075426526,2.495381228435192,gp,0.45025044249587154,0.5497495575041285,0.9005008849917431,0.0,0.0,390.65768232135724,2.9776193874167447,0.6397585193197801,0.0,0.40817302130031263,0.9999999599999999,0.7187440890011827,0.6185728682536575,0.31596207029427786,0.0006143845621066633,0.0011318043094948672,0.055137956181815134,3.016915553853425e-05,1154.4750389414476,12.931727015784823
9.737665572984662,1.4304000876974263,1.362182378112259,2.253644870194951,Si1,PU,combo_001,21.945240066230863,1.948465793111664,gp,0.5222935523477403,0.47770644765225967,0.9554128953045193,0.0,0.0,342.629885397991,1.1944876091917458,0.4145233776301938,0.0,0.1518809340754307,0.9999999629999999,0.7187394725348005,0.4147331744684116,0.20560765603037978,0.000469650482137464,0.0010440084663823916,0.055358178158704814,8.003063703546774e-05,887.3998390191986,11.380516721395669
12.842811150225234,1.1345307256948476,1.8459908068667756,1.4558982509838279,Si1,PU,combo_001,18.69782629132852,2.09433328974058,gp,0.5470065328889575,0.4529934671110425,0.905986934222085,0.0,0.0,393.34583470410837,1.1893853402706154,0.6523651017907237,0.0,0.3825010594019306,0.9999999629999999,0.7187350708231582,0.6042256037343815,0.23999490920267597,0.0013862637099954047,0.0008828808738088931,0.05522033197931304,2.8077661821938072e-05,1167.4726292727216,7.738247118779084
15.469016350785157,1.0006138260410968,2.0599522743653216,0.9053159013006182,Si1,PU,combo_001,14.004346479845065,2.061216726714744,gp,0.5392953527852598,0.46070464721474025,0.9214092944294805,0.0,0.0,426.09029620494215,2.502403406282167,0.8059262455062572,0.0,0.30994536124556576,0.9999999629999999,0.7186601688923983,0.7195919012919427,0.28206328818235604,0.00026266987505098457,0.0010995097591167161,0.05509802290529091,4.138931129387406e-05,1363.4877301295915,17.0247146555217
15.814913512056338,0.995822829592888,2.129709663202913,1.5613395729279465,Si1,PU,combo_001,24.692450308806453,2.1208135030220414,gp,0.45849793497740166,0.5415020650225983,0.9169958699548033,0.0,0.0,433.7857872229142,2.2023296692694885,0.8420156587385473,0.0,0.330485368366333,0.9999999629999999,0.7186529982774786,0.7434509336583894,0.2730428376216555,0.0007534835778133908,0.000997042620608185,0.05512006876984227,6.793766576006503e-05,1383.4815466205384,17.993286113261586
11.030647057266712,1.449069261509623,1.2401629868496666,2.3462864272425916,Si1,Si1,combo_002,25.881057474168323,1.7970820635058147,gp,0.5415887923462037,0.4584112076537963,0.9168224153075926,0.0,0.0,355.31157325672643,1.7906270666309967,0.4739964733102439,0.0,0.33079349964360805,0.9999999599999999,0.7185887749529205,0.4811245311079554,0.25648580733902493,0.0008518057278030782,0.001068429022888976,0.055239106772029194,9.617787571836502e-05,945.241819751132,13.84277653828272
14.357089490149153,1.3966970328321264,1.1149978071818338,1.6711955306765267,Si1,PU,combo_001,23.9935037894602,1.5573141289051948,gp,0.4766100475046571,0.5233899524953429,0.9532200950093142,0.0,0.0,405.0757866707692,0.7106679546554966,0.707374857858413,0.0,0.16058393919506456,0.9999999629999999,0.7185434611925605,0.6150247669315615,0.1874015020683403,0.0011680347695449303,0.0010976103726836085,0.055282671833894154,6.450971343186109e-05,1174.6233940136444,5.134086667801699
11.828771037195247,1.3588333517407722,1.3649710098017547,0.5453473048771811,Si1,PU,combo_001,6.450788405143686,1.8547681322779048,gp,0.5467286122191553,0.45327138778084475,0.9065427755616895,0.0,0.0,365.13646523902366,1.7887203933092801,0.5200721019977006,0.0,0.37773346576363015,0.9999999629999999,0.7184566094244755,0.5180494987248649,0.26344990988993466,0.0007233690507863419,0.0008559911342597573,0.0551767996180343,7.13426457625357e-05,1040.6045589133005,10.845769145795014
13.280816927285283,1.0596138279545522,2.13036218167166,0.865214815077396,Si1,PU,combo_001,11.490759561817885,2.2573612262507186,gp,0.45998308843584823,0.5400169115641518,0.9199661768716965,0.0,0.0,396.70782735318636,2.0212549047145214,0.6681317814883723,0.0,0.3148423848830823,0.9999999629999999,0.7184247695966711,0.6180815126205832,0.2633939599489128,0.0001602265041183533,0.0009873410365448814,0.05526129288112096,5.29197098988569e-05,1199.0975799599764,9.2440195424756
8.209027509218947,1.0972683364979128,2.576345635990683,1.4979024416979634,Si1,Si1,combo_002,12.29632235002481,2.826942490247154,gp,0.4495705804714163,0.5504294195285837,0.8991411609428326,0.0,0.0,322.4866088943941,2.55203567209571,0.32005779669548184,0.0,0.4097397755961342,0.9999999599999999,0.7181319150790286,0.3900353090911012,0.2990340327956968,0.0011112309741969704,0.0010718411552803734,0.05530033675598132,8.432373230804467e-05,829.7103053903236,14.482563551899709
11.809316400064937,0.9366794110868135,2.855045013289338,0.6231590030778444,Si1,PU,combo_001,7.359081834895305,2.6742618816742008,gp,0.5561286905750364,0.44387130942496356,0.8877426188499271,0.0,0.0,376.499638938747,3.205315167661943,0.5733617842703304,0.0,0.46287517643805437,0.9999999629999999,0.7181245114596898,0.5801889622710115,0.3333499685986198,0.0008434756754093845,0.001117796660134903,0.055188668391423175,7.627093192366852e-05,1073.6012624251102,14.504346330097931
13.261964292749642,1.0907961256352798,2.012694213689553,0.5960881160793068,Si1,Si1,combo_002,7.90529931077617,2.1954390503811103,gp,0.45439235090798036,0.5456076490920196,0.9087847018159607,0.0,0.0,387.632010857738,2.2848175844323086,0.6255690793606288,0.0,0.364612409151734,0.9999999599999999,0.7181160073370312,0.5963014873220963,0.28148848736345,0.00040333713377246146,0.0009594982800902636,0.05526853532070676,4.8397147363434075e-05,1149.5178594170177,12.270950250803322
12.833069786095065,1.1482159742043523,1.8408394562320078,2.168027229361762,Si1,PU,combo_001,27.822444732553823,2.113681269591245,gp,0.47647177959208165,0.5235282204079184,0.9529435591841633,0.0,0.0,395.7249278375576,0.7722923611685272,0.6635222943611048,0.0,0.1578030387095382,0.9999999629999999,0.7180218873654224,0.5847599410282013,0.18946957207209025,-0.0001402224704528379,0.0007907034614845796,0.05521726358303642,3.009716864161013e-05,1166.5071589628387,7.828120195738821
14.608822845859144,0.9187634916871416,2.5732339078414377,1.480165840847151,Si1,Si1,combo_002,21.62348055142817,2.3641933700961477,gp,0.5360731053213357,0.4639268946786643,0.9278537893573287,0.0,0.0,410.8702697254024,1.355365919250508,0.7345491464044956,0.0,0.273859627769523,0.9999999599999999,0.7178900647225914,0.6528027794758503,0.23039240192055732,8.223768731472237e-05,0.000666080278136717,0.05515574929444044,6.6425313750205265e-06,1240.7331835675732,10.976896262729268
12.64615383434819,0.9223830055988834,2.9001029861915324,2.3800948191886087,Si1,PU,combo_001,30.09904522379429,2.6750057089496426,gp,0.478547655908244,0.521452344091756,0.957095311816488,0.0,0.0,395.48733884609135,1.1898073537219374,0.6624080773121286,0.0,0.13720553815395367,0.9999999629999999,0.7178652570519592,0.5867309970654555,0.20321760008358822,0.0002493088493117592,0.0010808157025548693,0.055211885466223194,6.032387933104847e-05,1140.398416492163,5.578525833392813
13.141624331578463,1.445225912774327,1.1246537716502034,1.572251680569635,Si1,Si1,combo_002,20.661940940739044,1.6253787736882548,gp,0.45966254632318737,0.5403374536768126,0.9193250926463747,0.0,0.0,382.0436348196719,1.0801596183321496,0.5993613673817325,0.0,0.3129893377328954,0.9999999599999999,0.7178041211670023,0.5589132790976359,0.22516326720990187,0.0020120535298131263,0.0009765980499242002,0.05527537522825889,1.91562279288871e-05,1064.3791610333328,7.238928785087237
15.277090429859497,1.3403712595255932,1.1384280048379665,1.2801974583865339,Si1,Si1,combo_002,19.557692339847367,1.5259161787238733,gp,0.48770030416172006,0.51229969583828,0.9754006083234401,0.0,0.0,410.65833345313166,0.8031903834289533,0.7335552324760631,0.0,0.051147044816917245,0.9999999599999999,0.7177840656642225,0.6234734161535174,0.17471723600757302,0.0005533677017574552,0.000368965154554989,0.055174805590133255,8.108843066661257e-05,1239.3025662849313,5.675680519514893
13.916445433438454,1.1028022098453238,1.8342282436043909,0.6541409493176531,Si1,Si1,combo_002,9.10331682695675,2.022790960407629,gp,0.5472420758874961,0.45275792411250393,0.9055158482250079,0.0,0.0,397.04744924519787,2.1692004085354095,0.6697245004942045,0.0,0.3772321811956472,0.9999999599999999,0.7177784617535472,0.6271400766033544,0.2787188136618101,9.398497111133455e-05,0.0008599114050708458,0.05529612467306264,4.7276752432731545e-05,1202.7924190321437,13.032666941685807
14.766154548920838,1.09956089601972,1.7703928144157988,2.143777919642399,Si1,PU,combo_001,31.655356080003664,1.9466547093259097,gp,0.5369441238267569,0.46305587617324306,0.9261117523464861,0.0,0.0,423.0965689207148,1.5763030676261809,0.7918866136214376,0.0,0.28081410246146243,0.9999999629999999,0.7177395356939877,0.6961801716459541,0.24034558429602532,0.00022620447579807366,0.0009742931206405107,0.055162031519895204,6.580173029585081e-05,1305.3526835889593,12.416403394717355
15.779874372305699,0.9207214964583883,2.543056084481827,0.5074938910514781,Si1,PU,combo_001,8.008189845504921,2.3414464036817173,gp,0.4438163358137359,0.5561836641862641,0.8876326716274718,0.0,0.0,425.5516115237598,3.8002519892695243,0.8033999851265501,0.0,0.4595040583254742,0.9999999629999999,0.7176269186791209,0.7477336672628616,0.3568370675948733,0.0005607579010796101,0.001163626389048321,0.05510557875641869,5.712380402369742e-05,1365.535048262465,20.848154337710895
12.087623293293495,0.960977288890064,2.7465607071032796,2.0112108555392973,Si1,Si1,combo_002,24.31075918514155,2.6393824620840864,gp,0.4734893548980921,0.5265106451019079,0.9469787097961841,0.0,0.0,379.309969770451,1.3660426991966705,0.5865413449335741,0.0,0.18200429128180584,0.9999999599999999,0.717556256047241,0.5401348064990387,0.21704467740301742,8.380737226678378e-05,0.0008875485667938586,0.055189775416536094,6.136744048090372e-05,1058.9131480883518,9.293454709064699
12.667658583075237,1.3282977900097839,1.3814714127733319,0.6476854912886949,Si1,Si1,combo_002,8.204658672856537,1.8350054245485106,gp,0.482484610544752,0.517515389455248,0.964969221089504,0.0,0.0,374.51858405705775,1.0690919247398198,0.564071264913715,0.0,0.09788959405998762,0.9999999599999999,0.7175358899159863,0.5125727070533888,0.19245196483626165,0.00022922199689451636,0.0005092131880642491,0.05520619330716178,6.67531716104517e-05,1066.9307574449126,7.474819765834473
11.175656092219768,1.0950363974464046,2.1726663715855126,1.0600640011687432,Si1,PU,combo_001,11.846910712804329,2.379148756393951,gp,0.5417489364923682,0.4582510635076318,0.9165021270152636,0.0,0.0,368.3361499641857,1.985528674708671,0.5350776089874093,0.0,0.32360105285923785,0.9999999629999999,0.7174758961879745,0.52540780818588,0.26326698345957944,0.0007779658238615131,0.0010476048294468707,0.05521940833193874,8.54456173628405e-05,1031.2452824921907,12.697453709595075
11.924160914275454,1.3780309271850342,1.3442245666061223,1.9058732773501124,Si1,Si1,combo_002,22.725939641340272,1.8523830258651355,gp,0.45505164599191517,0.5449483540080848,0.9101032919838303,0.0,0.0,368.5979131605056,1.2351744118547248,0.5363051953933878,0.0,0.3526259210938304,0.9999999599999999,0.7173687522225984,0.5205237532898265,0.23736023158182623,0.00028369436439487254,0.0006328385903967238,0.055164713215538376,4.828508423067643e-05,1014.2004183455562,9.674644939662272
13.830459380900368,1.1116925891382103,1.874119153444937,1.4819694690404521,Si1,Si1,combo_002,20.496318545298458,2.083444374046713,gp,0.45340683861462594,0.5465931613853741,0.9068136772292519,0.0,0.0,400.02176460988085,1.2816452515399954,0.6836730966303717,0.0,0.3676541295891946,0.9999999599999999,0.7173273318579012,0.6257195587471029,0.24148855095261093,0.001197277855895587,0.0008641685409968502,0.05525453493064632,3.1231099482951146e-05,1195.579718718423,11.24908814924004
9.35197096182059,0.9982467107623487,2.90449369014068,2.4065727961248182,Si1,Si1,combo_002,22.506198906866686,2.8994012726129306,gp,0.47353240020742504,0.526467599792575,0.9470648004148501,0.0,0.0,344.91158712977017,1.6811118780061851,0.42522383540198516,0.0,0.17870547081721955,0.9999999599999999,0.7171851226501109,0.43051300826663474,0.22925604603491417,-0.0005305124039174945,0.0006594637779054755,0.0553568638467449,3.9177947759181216e-05,899.260666895581,12.534295299799588
10.715969806596512,1.0050754614662138,2.628898658447275,1.1605275785288822,Si1,Si1,combo_002,12.436178491238064,2.642241532286805,gp,0.539789269728459,0.460210730271541,0.920421460543082,0.0,0.0,356.8049738781912,2.4221455767897853,0.48100004878366504,0.0,0.3026227291213944,0.9999999599999999,0.717131532052488,0.49048654047380663,0.277728234314065,0.0008190131247389743,0.0010319081321957968,0.055241323780805755,8.209607005334332e-05,968.6928584023503,12.36756537491062
13.371015282596245,1.1530446011884183,1.7766097981502216,2.370177308726944,Si1,Si1,combo_002,31.691677017450807,2.0485103361755588,gp,0.4623507936241822,0.5376492063758178,0.9247015872483644,0.0,0.0,396.8001505027818,1.3787287348454473,0.6685647477914808,0.0,0.28258715714335814,0.9999999599999999,0.7171236346122665,0.6077556481547628,0.2326437130238704,0.000552391469243293,0.0010806993760883597,0.055217580728209356,5.497576976807172e-05,1158.6852691874035,12.338742570978592
11.546027180652946,1.1712414581933501,1.8676607163086822,2.1954787963628375,Si1,PU,combo_001,25.349057857352534,2.187481660779818,gp,0.5291712715648131,0.47082872843518686,0.9416574568703737,0.0,0.0,377.3381847611487,1.0936777291959776,0.5772942983396976,0.0,0.20262180632616444,0.9999999629999999,0.7170162867860915,0.5325853384667028,0.2091532998359676,2.8646336158026013e-05,0.0009787897439906303,0.055181242033158426,6.18761860740942e-05,1064.5416954655304,9.331632713761735
9.170817541663359,1.1303695048599793,2.315960917776576,1.0810916508316697,Si1,Si1,combo_002,9.914494275592876,2.617891595902172,gp,0.455212155178188,0.544787844821812,0.910424310356376,0.0,0.0,331.70173694188696,2.13062523556416,0.36327382583745016,0.0,0.3482498003041984,0.9999999599999999,0.7170000565929702,0.40928188922652353,0.2728157869302397,0.0007961393882266806,0.001104707418005162,0.05538533037875225,5.681817336075305e-05,870.7247773323559,11.855569470635759
9.931898330294045,1.3592655802521652,1.5441319120827721,0.8548649186414159,Si1,PU,combo_001,8.490431458081632,2.0988853594630745,gp,0.45318838060339317,0.5468116193966068,0.9063767612067863,0.0,0.0,339.15063303611,1.6028071788709024,0.3982067870534387,0.0,0.3671106288456322,0.9999999629999999,0.7169965040454577,0.4295393355965853,0.25435892793799736,0.00047392038091290405,0.0008487487651193218,0.055404849035631636,3.6236940032860075e-05,903.6281570073492,10.005341518005276
9.42534931546545,1.0442004861923806,2.6648517028737553,1.9644793979469908,Si1,Si1,combo_002,18.515904548685647,2.7826394437713686,gp,0.46431170367125674,0.5356882963287433,0.9286234073425135,0.0,0.0,342.8178939532381,1.523547243368496,0.41540507815140454,0.0,0.2626465566285881,0.9999999599999999,0.7169136967265115,0.4302184703372931,0.23549290138386736,0.001321003224976483,0.001031694079025482,0.05534205551725627,6.186226995182211e-05,899.3884641724833,7.62697674324707
11.900671964166747,1.396443312323461,1.3116546782933336,1.574892688458907,Si1,Si1,combo_002,18.74228126411411,1.8316514035805063,gp,0.4535925395243936,0.5464074604756064,0.9071850790487872,0.0,0.0,366.06885005103743,1.040993173651487,0.5244446911792995,0.0,0.3622201455914645,0.9999999599999999,0.716853237647342,0.5109433966683699,0.2309683738317179,0.001977061404048623,0.0010049067000291794,0.05516780596143946,5.5701257455171474e-05,1006.5879779698453,8.580726408055588
8.954867603926596,1.266331875685259,1.842441604954852,2.271686248236592,Si1,PU,combo_001,20.34264959061941,2.333142533443037,gp,0.47289914187763316,0.5271008581223668,0.9457982837552663,0.0,0.0,338.5197185731493,1.4818906244049759,0.39524799823608575,0.0,0.18173958870987633,0.9999999629999999,0.7168166505495018,0.4075378353468634,0.22167691769363657,0.00017246097796626866,0.0009840914326024492,0.055402451300291825,7.274744961598904e-05,861.6334268976327,10.896220077044742
15.044233802371819,0.9968214043263516,2.101303033564347,2.376137962953199,Si1,Si1,combo_002,35.747175061359435,2.0946238408328353,gp,0.5554208730120536,0.44457912698794644,0.8891582539758929,0.0,0.0,421.18109078997696,2.3909360547574825,0.7829036284374944,0.0,0.44479045445007065,0.9999999599999999,0.7166540477352328,0.7156762114177526,0.2977947674002591,0.0004827503702788603,0.0011362609061176426,0.055200923251638015,8.383011971538505e-05,1288.6587823744483,14.282733536027578
12.03853206528246,0.9614509975465574,2.75707427939368,2.016225932802501,Si1,PU,combo_001,24.272400542896946,2.6507918162330095,gp,0.474362792606307,0.525637207393693,0.948725585212614,0.0,0.0,386.23185032031927,1.3251604179668761,0.619002770322201,0.0,0.166175895692783,0.9999999629999999,0.7165728694979078,0.5608039046524276,0.2130217072555474,8.14713680025997e-05,0.0008912752596962462,0.05518566438561705,5.8824586574484194e-05,1095.6674975011595,8.342856847968031
15.720315795886519,1.1997720693599672,1.4583996742027905,0.6174114297320801,Si1,PU,combo_001,9.705902651378098,1.749747195072184,gp,0.4509282294268644,0.5490717705731356,0.9018564588537288,0.0,0.0,422.23228749428904,2.430141939848874,0.787833407727957,0.0,0.3828404753368572,0.9999999629999999,0.7163092245837248,0.7133838036297839,0.2900833761033774,0.00028656729372782944,0.0010442527831572516,0.05510388632306473,6.253286930664121e-05,1340.7102371162616,12.964281387027807
9.892298742788476,1.420002272704742,1.408942455263951,0.9409989858656524,Si1,PU,combo_001,9.308643084844025,2.0007014885850096,gp,0.46049128962009434,0.5395087103799057,0.9209825792401887,0.0,0.0,336.6228098390243,1.5117890414732562,0.3863520976353443,0.0,0.29349335239551716,0.9999999629999999,0.71629745228446,0.412830581618188,0.23964573337796097,0.00040745547550351247,0.0007887172363187703,0.05539500630520316,5.157322385174421e-05,891.6085638520267,11.066428153507854
10.034639580892417,1.0216157355782156,2.6890630009960153,2.250002792579566,Si1,Si1,combo_002,22.577967079537384,2.747189075778708,gp,0.47487476960433384,0.5251252303956662,0.9497495392086677,0.0,0.0,352.81218668393313,1.4924620067042031,0.4622751426450377,0.0,0.15750128057561946,0.9999999599999999,0.716073744434802,0.4521548125916836,0.21846749647542657,-9.277049168090871e-05,0.0010079403942650643,0.05539140992723778,3.323605765831963e-05,934.3087240705132,8.987946124001152
13.656696735732702,1.269600788493959,1.4402540102600834,1.5726902732123362,Si1,PU,combo_001,21.477754120497483,1.8285476270577885,gp,0.4725373907310839,0.5274626092689161,0.9450747814621678,0.0,0.0,400.2913294345527,0.8389771216532013,0.6849372702000313,0.0,0.178606660115662,0.9999999629999999,0.7159827689852916,0.6025991520692865,0.19527939562929367,0.001794333870844648,0.0009678488634336575,0.05519868563347421,3.885990205469467e-05,1185.7282532772476,8.097130073513249
15.854286991395021,1.1338219545554953,1.5547956688275968,2.0443869776139136,Si1,PU,combo_001,32.41229786456166,1.7628614641645244,gp,0.5397843209602797,0.46021567903972027,0.9204313580794405,0.0,0.0,435.72168310555236,2.3711695457435016,0.8510943967060212,0.0,0.2936071018613738,0.9999999629999999,0.7159824870599348,0.7480636574151147,0.27432011605087503,0.0004261802455344146,0.0009895315004933584,0.055143748286950935,8.009365721103616e-05,1359.914129036525,15.649620499085101
11.907253575183615,0.9533060396685641,2.7476517721025404,0.7726864272725462,Si1,PU,combo_001,9.20057322363688,2.6193530292513847,gp,0.5548211007752144,0.4451788992247856,0.8903577984495712,0.0,0.0,378.8069872684451,2.8669334194453056,0.5841825164558189,0.0,0.4329473832500467,0.9999999629999999,0.7158539964192316,0.5808717391799081,0.3152144525629129,0.0006418249132289688,0.0011089940126237222,0.055183401886769096,6.687635318806105e-05,1082.7578650410337,13.120893101252133
14.091102412566764,1.038851709946107,2.077306922352692,2.0059179908519598,Si1,PU,combo_001,28.265595840305128,2.158013848368979,gp,0.5146678271538505,0.4853321728461495,0.970664345692299,0.0,0.0,414.48986194653315,0.8022995354470861,0.7515238864302717,0.0,0.05785030725154391,0.9999999629999999,0.7158113126865908,0.6367115357938218,0.17568679947390187,-0.00023898259476457407,0.0005914058629791878,0.05532218979951462,4.4998293113046596e-05,1267.5859661302075,5.927471494261849
14.736502417660517,1.1997052673876187,1.48902669516012,2.1166199663769802,Si1,PU,combo_001,31.191575251782893,1.7863931694643742,gp,0.530136086687321,0.46986391331267896,0.9397278266253579,0.0,0.0,420.0217392723906,1.4877380472213513,0.7774666373602593,0.0,0.20205682119934662,0.9999999629999999,0.7157903149236691,0.6771899820931793,0.2249603189536228,0.00020061526820080755,0.000979031644641708,0.0551679654739563,6.556563850308382e-05,1271.0053515681016,12.248213556551221
11.094400046909191,1.458275216855641,1.2532473603116887,2.1846700160957466,Si1,PU,combo_001,24.237603129053756,1.8275795661322876,gp,0.47609991086483916,0.5239000891351608,0.9521998217296783,0.0,0.0,359.9543471206625,1.0571519578186421,0.4957696108694141,0.0,0.1430244624832533,0.9999999629999999,0.71568402287005,0.4691374597680944,0.19874067746161508,0.0004299344065679758,0.0010451082652739097,0.05523346699001987,9.433450598079609e-05,977.5867719387659,10.042180746479263
14.359344297488363,1.1709181368813097,1.593981726118951,0.9428667681417752,Si1,PU,combo_001,13.538948550407882,1.8664221129700562,gp,0.5409011755896671,0.4590988244103329,0.9181976488206658,0.0,0.0,409.2017545404151,1.6090579292839287,0.7267243391433696,0.0,0.30164945755342504,0.9999999629999999,0.7156773854253704,0.6530275283265083,0.24479183413083883,0.0001750653877281983,0.0010498195656352674,0.05527758192657853,5.969572435161292e-05,1261.2035297180505,10.313356640783244
10.601016129048382,0.995773391731769,2.684451017054765,1.2435185411680933,Si1,Si1,combo_002,13.182560111693672,2.6731048941904203,gp,0.5453596550088236,0.45464034499117645,0.9092806899823529,0.0,0.0,355.8398408150515,2.4016690188331267,0.4764738806862102,0.0,0.34287106821523566,0.9999999599999999,0.7156273127467894,0.4911071184437385,0.28293970122882256,0.000804154352833215,0.0010004937855102392,0.05524297570809428,7.082449842253408e-05,962.7536306442588,12.475020683491394
11.884919255985615,1.0214940535859443,2.4648075196451087,1.6437321176459694,Si1,PU,combo_001,19.535623496692594,2.517786224551399,gp,0.4666565400562206,0.5333434599437794,0.9333130801124412,0.0,0.0,382.38766856367556,1.543319576039491,0.6009747765747525,0.0,0.230587491045814,0.9999999629999999,0.7156103488256267,0.5571391769093688,0.23148142576548394,0.0017815128546069133,0.0009516179593266176,0.055180665787892415,6.7357070086075e-05,1086.2592821741314,10.562530420038476
10.25635637150976,0.9696447293721371,2.8727661244533866,0.611705177075421,Si1,PU,combo_001,6.273866290383,2.785562531295047,gp,0.5471910002486169,0.4528089997513831,0.9056179995027662,0.0,0.0,354.64577947737973,3.1343518737217084,0.4708741115565604,0.0,0.3594722576755066,0.9999999629999999,0.7155643658304316,0.497289634879377,0.3149777046291453,0.0011919982724087304,0.0010580682839120956,0.05531253155771768,6.675517663205571e-05,965.2765174381703,13.398215693240461
8.699361907652335,1.1642518120949097,2.137267433219771,1.4982332364428066,Si1,Si1,combo_002,13.033673145889226,2.488317482057555,gp,0.5516579698551141,0.44834203014488594,0.8966840602897719,0.0,0.0,327.6798753140517,1.7943670097536273,0.34441256982258867,0.0,0.4009624300540743,0.9999999599999999,0.7155385463119592,0.3974757846784803,0.26716197229852406,0.0012698497425809889,0.0010692377001687249,0.0553939142243405,5.378580354005382e-05,842.3141638487373,13.382406939559354
15.256802719558518,1.1080329540058997,1.7515868104252785,1.2702215481075076,Si1,Si1,combo_002,19.379519569608455,1.9408159077532934,gp,0.45899684042892375,0.5410031595710763,0.9179936808578475,0.0,0.0,416.3940451610107,1.656467749482774,0.7604539020376943,0.0,0.3014679180424667,0.9999999599999999,0.7155321901654623,0.6771663411147509,0.24667655830078436,-0.0003524613568078584,0.0008232691341515181,0.05518725397283809,7.714115254651066e-05,1299.1668597058472,14.327520796774202
14.857066944902567,1.11885103199833,1.698533233055557,1.4147297547772832,Si1,PU,combo_001,21.018734675671688,1.9004056606876698,gp,0.5398888375126205,0.4601111624873795,0.920222324974759,0.0,0.0,420.1270964783682,1.3053059297292011,0.7779607292557139,0.0,0.2909180173357416,0.9999999629999999,0.7155130307173296,0.6843199175101622,0.23093232854192047,0.0004960928071021449,0.0007791960374810499,0.05517497614981656,7.896684742582427e-05,1307.956034577812,11.902368068479596
9.045844772603438,1.0904133172909103,2.5032712775926873,0.5773287388581972,Si1,PU,combo_001,5.222426154474159,2.7296003378788973,gp,0.46610090711418195,0.533899092885818,0.9322018142283639,0.0,0.0,334.3863788487872,2.9227050809428756,0.3758639452895522,0.0,0.23490432766975894,0.9999999629999999,0.7154990150117415,0.41588705496406003,0.2877571682808555,0.0013622463880959422,0.0009764119830345082,0.05539771479450044,7.278996118277829e-05,885.3173252319302,16.830827788952227
8.576834564289701,1.433655052286803,1.4162290485436086,0.5232504890065699,Si1,Si1,combo_002,4.487832879893037,2.0303839306398763,gp,0.5178595381763884,0.4821404618236116,0.9642809236472232,0.0,0.0,309.0408471913637,1.098568570388819,0.2570014369141095,0.0,0.08431677744459522,0.9999999599999999,0.7153856351069554,0.29660618631329727,0.19160478416805327,0.0010657700814473035,0.0011079821497800015,0.05537158270741162,6.520757905434497e-05,784.5251504918567,9.591473769896382
15.45075698515787,0.9842580149526136,2.225938373934071,1.3493836647290576,Si1,PU,combo_001,20.84899908347041,2.190897685335197,gp,0.45439491597274184,0.5456050840272582,0.9087898319454837,0.0,0.0,428.0210996183716,1.9266902650996856,0.8149811014075683,0.0,0.3425195044714936,0.9999999629999999,0.7152888251260242,0.7225541407070456,0.2637319005318189,-0.000790690448816178,0.0009064463831132059,0.05511261462349441,4.9327375643626086e-05,1357.0433961449517,15.972663136665892
9.549909250664589,1.4704675595401038,1.3263258844778978,2.191637358170191,Si1,Si1,combo_002,20.929937880891607,1.950319186503084,gp,0.4413629033287805,0.5586370966712195,0.882725806657561,0.0,0.0,332.61586399750183,1.666698902037391,0.3675607919296535,0.0,0.4640427153298221,0.9999999599999999,0.7152748730037102,0.41851653079025586,0.27147538247228004,0.0005997898703377876,0.0010472436602289707,0.055333649727118135,8.760116529109013e-05,848.228772216416,12.313500916710309
11.417766694242623,0.954187906932372,2.899298161885193,1.6382170360460144,Si1,PU,combo_001,18.70477991210705,2.766475244662106,gp,0.4686859943369299,0.5313140056630701,0.9373719886738598,0.0,0.0,376.2041954461191,1.9015487532297368,0.5719762479520709,0.0,0.2089758975251668,0.9999999629999999,0.7152683012918645,0.53880669304421,0.24268644606712797,0.0016258912309171903,0.0009427538229998501,0.055176472975208876,1.6181590769588397e-05,1046.341323983542,10.698341789066728
9.180936275316187,1.3428501261602974,1.6354485009183026,1.2190037399951388,Si1,PU,combo_001,11.19159565626747,2.196162225786812,gp,0.44941858342674834,0.5505814165732517,0.8988371668534967,0.0,0.0,331.67946747208964,1.3780533937663264,0.3631693890840185,0.0,0.3883973792531368,0.9999999629999999,0.7152160738774642,0.4045521380475171,0.24848801145983715,0.0010333557596365602,0.0010671542556439908,0.05537210559094318,7.050223664933397e-05,855.8733900364957,9.562698454705025
14.189180925268623,0.9596653963375703,2.4185878877727913,2.118974504506797,Si1,PU,combo_001,30.066512620478374,2.321035103896723,gp,0.5301787899606296,0.4698212100393704,0.9396424200787408,0.0,0.0,416.50581146655503,1.2440093810557462,0.7609780505782898,0.0,0.19784573182737708,0.9999999629999999,0.7151997873659816,0.6624185329878594,0.2144995025752225,-3.544184451723554e-05,0.0007713304983903393,0.05531303227069302,4.64680990770996e-05,1267.9889396659912,9.676695038303736
13.49019880002846,1.2510800556274253,1.4712922853165475,1.3320295165771168,Si1,PU,combo_001,17.96934298613111,1.840704434158028,gp,0.5308975772266606,0.46910242277333936,0.9382048455466787,0.0,0.0,397.6268655881748,1.0289159972721074,0.6724417794548844,0.0,0.20373080297421106,0.9999999629999999,0.7150942773901973,0.5985532669261782,0.20670792138231453,0.0013205940224040738,0.0008178015369129672,0.05518495229223218,4.488958780638865e-05,1180.859348261954,7.972366615859267
13.788341061470199,1.053638675146211,2.043022813077884,2.2035683710070684,Si1,PU,combo_001,30.38355225171376,2.1526078500648667,gp,0.5254132786641321,0.4745867213358679,0.9491734426717358,0.0,0.0,411.12102308913006,0.8407903248319218,0.7357251001859788,0.0,0.15132785208875466,0.9999999629999999,0.7149384785708481,0.6354436446364398,0.1912606977541398,8.399458869506697e-05,0.0008329766504063115,0.055219879637154745,2.817933876172225e-05,1245.8697107077276,4.673462437155844
10.236113417641658,1.1261391930116664,2.1491506350062455,0.5063172960668342,Si1,Si1,combo_002,5.182721267853765,2.4202427617664437,gp,0.5440934119845053,0.45590658801549466,0.9118131760309893,0.0,0.0,343.281800976293,2.5835847870487596,0.4175806550206765,0.0,0.3254154681209502,0.9999999599999999,0.7149051326533054,0.4502323994296891,0.2876577075790645,0.0011469083909358235,0.0010597926277486809,0.055328868697256714,7.235921543873076e-05,928.5175146390723,13.138260740710836
15.385921505615423,0.9435155938084412,2.430931125873622,1.1030874036419052,Si1,Si1,combo_002,16.97201620626747,2.293621424736073,gp,0.4569193782658658,0.5430806217341342,0.9138387565317316,0.0,0.0,417.7220906000382,2.2121809708426166,0.7666820141267591,0.0,0.31336654493697924,0.9999999599999999,0.7145725401709548,0.6891190100298655,0.27087229950657365,-0.0002897315969422078,0.0011078036305254674,0.05515046678828948,6.0191568431502545e-05,1296.5267724854407,15.992416225327407
8.672467487629113,0.9895254026486089,2.942357917350696,1.4493619900341392,Si1,PU,combo_001,12.569544736376503,2.91153790290277,gp,0.5382549692639884,0.4617450307360116,0.9234900614720232,0.0,0.0,338.2589004922485,2.766876756459835,0.3940248441217998,0.0,0.26832545918705847,0.9999999629999999,0.7145723275528437,0.43014628725387116,0.2864860528527281,0.0010098346920617944,0.0010670178842481124,0.055367000550593175,5.8726549333149634e-05,877.4857679620104,15.592629575819961
12.086089845992984,1.4104038630656475,1.254195152510592,1.1202692435591886,Si1,PU,combo_001,13.53967472935895,1.768921688139148,gp,0.517595614317564,0.48240438568243604,0.9648087713648721,0.0,0.0,370.5334535369732,1.1960852033471099,0.5453822661496253,0.0,0.07515333509482115,0.9999999629999999,0.7145273008687406,0.4986800445888586,0.194162944375459,0.00097788897207507,0.0009710787306370396,0.055164317420024124,3.274944169169778e-05,1046.251792102711,7.756217781915133
14.754963155784782,1.346941442758281,1.1433765812303105,0.907585549219114,Si1,Si1,combo_002,13.391391339450724,1.5400613019383853,gp,0.5280927559360649,0.47190724406393514,0.9438144881278703,0.0,0.0,402.44211393384353,1.0156324263772836,0.69502376765513,0.0,0.17295322767516935,0.9999999599999999,0.7145050830394881,0.6111298427512261,0.20155558133918908,0.00013199187763589422,0.0010173439140411375,0.05518114987493619,7.556522007346207e-05,1203.3174650074793,6.05706403157786
9.160822043137344,1.0258695523946724,2.8179051088227536,0.8327757527981844,Si1,PU,combo_001,7.628910473223903,2.890803052678659,gp,0.4599387396958292,0.5400612603041708,0.9198774793916584,0.0,0.0,339.38901959319145,2.79331472507666,0.39932474443230437,0.0,0.28367702302187187,0.9999999629999999,0.7143792511848011,0.4356960016453526,0.2898549846952142,0.0009657643280429138,0.0011193067651855463,0.055391882709879825,5.1545238528253906e-05,896.6968726443548,13.222280424563873
9.894208876524194,1.272589429019905,1.7174524007288978,0.6223462631084397,Si1,PU,combo_001,6.157623920719185,2.185611770012453,gp,0.5493224436457211,0.45067755635427886,0.9013551127085577,0.0,0.0,340.6952644761993,2.043537428155275,0.4054506188248988,0.0,0.3688990470791056,0.9999999629999999,0.7142235134943004,0.439867112231346,0.2724010746728879,0.0011348011938420877,0.0009848257095968996,0.0554003064676269,4.4750824152658564e-05,912.7100219512206,11.147350638310497
9.031629436571526,1.413890969311538,1.4316779699652442,2.2953195125053414,Si1,PU,combo_001,20.730475275480245,2.0242365526961343,gp,0.5232195984830454,0.47678040151695456,0.9535608030339091,0.0,0.0,333.9395789013294,1.568144357519166,0.3737685951815068,0.0,0.12502816119308022,0.9999999629999999,0.7141922130469599,0.3878249570166155,0.21664866652484666,0.0002923112746649706,0.0010092333155562873,0.05538705618144521,7.774117668233837e-05,842.0755305377781,12.155228933997865
8.148943684682159,1.521004223113094,1.2415263338561815,1.7394351528999703,Si1,PU,combo_001,14.174559104138359,1.888366796901369,gp,0.5507907980521765,0.44920920194782354,0.8984184038956471,0.0,0.0,314.0248505161084,2.187000715659781,0.2803748324671355,0.0,0.3821024032679979,0.9999999629999999,0.7141592955252459,0.35528743303747945,0.2801672028330965,0.001436230199858328,0.0011190544212236558,0.05528921849183959,9.647464720214786e-05,766.2635787714871,16.343335131519737
8.597394298218076,1.5959005122558447,1.1692348559486203,1.9961600137751017,Si1,Si1,combo_002,17.161774720760974,1.865982505555792,gp,0.4296394125766483,0.5703605874233517,0.8592788251532966,0.0,0.0,313.4837731265114,1.8221231899449195,0.27783735104350543,0.0,0.5644787195064868,0.9999999599999999,0.7141240592306324,0.3675445771772563,0.2928087741625115,0.0013714114597981122,0.0010084539713144747,0.05538055331806187,6.140055904612031e-05,770.9530206579008,11.368420438161982
15.54960282713202,0.9009047342527741,2.6412482354502202,1.7377654457945353,Si1,Si1,combo_002,27.02156248881904,2.3795130396538893,gp,0.4636811021164675,0.5363188978835325,0.927362204232935,0.0,0.0,422.8565120586961,2.0955619602435323,0.7907608230419405,0.0,0.24643832595304038,0.9999999599999999,0.7140833266936566,0.6979376281554173,0.2561300249005982,0.0017412391652045483,0.0008631532250084085,0.05508853718040896,4.665932418007445e-05,1303.9268925715544,16.029707883208108
8.762540699441708,1.095563534926408,2.5198669112798875,0.5098245356839523,Si1,PU,combo_001,4.467358243504603,2.7606743008658827,gp,0.4605007286494356,0.5394992713505644,0.9210014572988712,0.0,0.0,329.7999766248753,3.1992783264477316,0.3543551728510301,0.0,0.27606348033809136,0.9999999629999999,0.7140758544455486,0.4081336060100973,0.3050847588826987,0.0012433602494732643,0.0010567497305437996,0.055393017423746624,6.37582854583666e-05,868.314979554203,18.185645944154814
11.13589542829235,1.0556419727603492,2.40327027705912,1.2583247550585588,Si1,Si1,combo_002,14.012572887163696,2.5369929763510006,gp,0.45907868007259367,0.5409213199274063,0.9181573601451873,0.0,0.0,362.19812358992647,2.0086335235647,0.506292211183162,0.0,0.2885050800555537,0.9999999599999999,0.7139694161234607,0.502014654527558,0.25893436543659515,0.0008446441057035416,0.0008304196974805812,0.05522476129431788,8.79648669876879e-05,991.9971944036766,10.528473288927787
15.262500126790163,1.1195689647656892,1.6540017842759742,1.8921259976690288,Si1,PU,combo_001,28.878573279326517,1.8517690653424552,gp,0.5424865595231125,0.45751344047688747,0.9150268809537749,0.0,0.0,427.9405638363556,1.6306579396887815,0.8146034141215494,0.0,0.3029250725359391,0.9999999629999999,0.7139452158144671,0.71491932540421,0.2458542672097511,0.00042451184862169313,0.0009543168432539558,0.05518358950331694,7.81179814018847e-05,1330.991353445735,13.790260468655282
10.603815888868771,1.3069081814592625,1.5721750762358708,1.6930173758001863,Si1,Si1,combo_002,17.952444549640926,2.0546884698189993,gp,0.5369623993132251,0.4630376006867749,0.9260752013735498,0.0,0.0,350.86749762501506,1.1717428610382024,0.4531551674684437,0.0,0.25087023214651355,0.9999999599999999,0.7138816729901438,0.45141228368718617,0.21953879417816197,0.002058499913947384,0.0008759509814686161,0.055255343494521464,8.816399451089807e-05,939.7047508676111,10.176943673487111
13.26403919318096,0.8846978601298258,2.984754716244297,1.37246091186344,Si1,PU,combo_001,18.20437532606555,2.6406061104737346,gp,0.5416128753285676,0.4583871246714324,0.9167742493428648,0.0,0.0,399.8901070010959,2.0775629091816374,0.6830556641835637,0.0,0.2935226641811395,0.9999999629999999,0.7137853357408556,0.62704505953234,0.2624668056772309,-0.0004431635279604915,0.0008579694824225422,0.05527833465733154,6.081260637319444e-05,1183.095376054172,9.958380934026067
11.756617308305923,1.1284371147156653,2.026163736417544,2.257455833494908,Si1,Si1,combo_002,26.54004432480241,2.2863983606645255,gp,0.4571610576631855,0.5428389423368145,0.914322115326371,0.0,0.0,374.59075736419527,1.2650419453370925,0.5644097348436445,0.0,0.3049446321626725,0.9999999599999999,0.7137826035966179,0.5357729464833765,0.23141254389235424,8.667411955866789e-05,0.0009676109427713873,0.055183233064917785,7.739642448031765e-05,1041.9166774991065,9.724043522076247
9.223908603937607,1.5945312959540965,1.122756998858738,0.7992796526253949,Si1,Si1,combo_002,7.372482464803642,1.7902711724317555,gp,0.4818153448729845,0.5181846551270155,0.963630689745969,0.0,0.0,313.4166908421007,1.1377218268241778,0.27752275639619717,0.0,0.07472935348123616,0.9999999599999999,0.7137686914558132,0.31046350546813317,0.1917456532715357,0.0005078649707476049,0.0008575691245099462,0.05535331171830713,8.111906793392093e-05,800.5837743453551,7.857556509425503
9.142923004100062,1.1111960870715993,2.304307238122079,1.6110691546760894,Si1,Si1,combo_002,14.729881235484058,2.5605371864120183,gp,0.5472819326282945,0.4527180673717055,0.905436134743411,0.0,0.0,335.93482967010203,1.686679625177976,0.38312568874813085,0.0,0.34629440030233355,0.9999999599999999,0.713767468908939,0.4178673521444505,0.2546189230121893,0.0016457130951150118,0.0008636786361284625,0.05538667540394443,6.34080933928237e-05,875.9361786499519,10.272106805530166
10.294216141889091,1.280639479359534,1.6745470539990697,1.6488106362460526,Si1,PU,combo_001,16.973213066562536,2.1444910673964097,gp,0.5217381523713911,0.4782618476286089,0.9565236952572178,0.0,0.0,353.05085587122187,0.8011466602519611,0.4633944254699754,0.0,0.10683962320657893,0.9999999629999999,0.7136334489925374,0.4399065608741467,0.18298870341675805,0.002045649331413276,0.000864020396108432,0.055312136986697076,8.186886428289982e-05,947.8883769861492,4.903408790757962
13.178422543705913,1.1045262692829696,1.9739179237840445,0.6017499103031555,Si1,Si1,combo_002,7.930114583612116,2.1802442002279756,gp,0.45088995285094313,0.5491100471490569,0.9017799057018863,0.0,0.0,386.3625865581023,2.220379230115635,0.6196158818311049,0.0,0.3618848530524689,0.9999999599999999,0.7135789022941226,0.5911190115287318,0.2784806672538604,0.00039059446327321175,0.000937033254897579,0.05530243207719139,3.20569100094162e-05,1142.9960366665935,12.090524818286202
15.59693303320931,1.0240329421250816,2.0317765196486866,1.6291387928893923,Si1,Si1,combo_002,25.409568654499306,2.080606087156503,gp,0.45164587177414717,0.5483541282258528,0.9032917435482943,0.0,0.0,423.4094136593495,1.93739201189712,0.7933537562668868,0.0,0.3545118448738815,0.9999999599999999,0.713538194475738,0.7087375422274594,0.2659623339674595,0.0011707281398609685,0.0010213031608115558,0.05507201577515321,3.550124253100411e-05,1325.0333418489906,16.171103067049973
9.602148306392781,1.463185571127118,1.336165148164273,1.5642300021034543,Si1,PU,combo_001,15.01996846550646,1.9550575654368918,gp,0.46047976892775466,0.5395202310722453,0.9209595378555093,0.0,0.0,334.8933277060644,1.1040867407078891,0.37824137471610675,0.0,0.2716557827168324,0.9999999629999999,0.7134861380039995,0.4002716259465794,0.21992817361519967,0.0016191739218174282,0.0010795513525093036,0.05533702516028109,8.74964827186376e-05,867.859876031255,10.778890356083348
8.23825058485522,1.1742307519795872,2.2339017034770485,1.2159966867448273,Si1,PU,combo_001,10.017685415757583,2.623116077122335,gp,0.4635663846988223,0.5364336153011777,0.9271327693976446,0.0,0.0,325.2379190679285,2.5891039337450956,0.33296056918277295,0.0,0.24277889692883853,0.9999999629999999,0.7134773662903339,0.38279827611877604,0.2754847999321547,0.0008581641934257834,0.001152000075542698,0.055300654691800656,8.694817709075064e-05,831.6748723361044,18.998467194392063
8.23553682111761,1.2686295670655117,1.9135348865622042,1.5334869865218197,Si1,PU,combo_001,12.629088542205128,2.427566934704162,gp,0.4527359442787997,0.5472640557212003,0.9054718885575994,0.0,0.0,323.9064033046052,2.1742298421595656,0.32671618237293093,0.0,0.3433198016719937,0.9999999629999999,0.713407777971563,0.3837009672106402,0.27383478548916107,0.0012482929864566373,0.0011135615302038007,0.05529947985483161,8.98451079726562e-05,814.215661316649,16.770363233290837
14.337791413791766,0.9387801074838333,2.598373073416461,0.5339391862714967,Si1,Si1,combo_002,7.655508680410429,2.4393009531450036,gp,0.45416884644119193,0.5458311535588081,0.9083376928823839,0.0,0.0,400.99428867782336,2.997060938575406,0.6882339261972386,0.0,0.32953030555795976,0.9999999599999999,0.7133545181667182,0.644865394044004,0.30494970685918743,0.0005534935064672547,0.001133996729976479,0.05527627202031054,5.2258113616836154e-05,1213.7191521408135,13.535216998898537
14.901981878141825,0.8795262275445487,2.770889726840133,0.6570939285778696,Si1,Si1,combo_002,9.792001815904433,2.437070188389647,gp,0.5333778326277496,0.4666221673722504,0.9332443347445007,0.0,0.0,409.0734225074757,3.11643118207417,0.7261225025929957,0.0,0.21321620517547102,0.9999999599999999,0.7133438718544525,0.661131414395232,0.29231658599537863,0.00046738985683760143,0.0010663627048212705,0.05516594482360067,7.194361979792075e-05,1254.3020690036074,14.264496865133426
10.544261510958824,1.5096518905345604,1.20347795038527,1.3079049159329719,Si1,PU,combo_001,13.790891465065872,1.8168327630157806,gp,0.4779434222708474,0.5220565777291526,0.9558868445416948,0.0,0.0,344.7161003727936,1.4118185407633643,0.42430706448541977,0.0,0.10651047186519656,0.9999999629999999,0.7132105531653619,0.41954887426703696,0.20756666497231172,0.0014646490337434023,0.0009737682950440651,0.05526431379736783,9.109855567887931e-05,922.9192993593872,12.785503213851207
13.785359490978369,1.1129630932496255,1.8340414884559075,2.0158467236955,Si1,PU,combo_001,27.789171764853414,2.041220488140034,gp,0.522175927140367,0.477824072859633,0.955648145719266,0.0,0.0,409.3004342392685,0.631109224487445,0.7271871156473304,0.0,0.10749609752191087,0.9999999629999999,0.7131941167937845,0.6226678588906369,0.1762298606768875,-0.0004075669326597443,0.0006081804261411436,0.05523629743807962,2.4002899359581577e-05,1239.4298075444062,7.6268322256635015
15.158014187920024,1.033820831601468,1.9497659989639446,0.5184583915623968,Si1,PU,combo_001,7.8587996551490065,2.0157087064771724,gp,0.5505831027357573,0.4494168972642427,0.8988337945284854,0.0,0.0,419.0569934737946,2.945016594185189,0.772942285410743,0.0,0.3725683609097847,0.9999999629999999,0.7131862541794964,0.7078653776594165,0.3093065577696802,0.000478520237168219,0.0011229328775593257,0.05520610275727012,8.185639598346325e-05,1340.742700428483,16.23356940254954
11.52014066417812,1.2754466718062876,1.608782154753798,1.3805566555516409,Si1,Si1,combo_002,15.904206866822204,2.0519158449420796,gp,0.46520319150918965,0.5347968084908103,0.9304063830183793,0.0,0.0,363.46779963498443,1.0574560406404148,0.5122465893189072,0.0,0.2248505840770976,0.9999999599999999,0.7131376974351891,0.48885746029384985,0.21102685838173235,0.0015258684099687335,0.0009136851638904853,0.05518405372831048,6.409712565021227e-05,1006.6602830630361,8.592928555838487
13.87513887979404,1.3661946794520807,1.2166868453763384,1.8586383260650259,Si1,PU,combo_001,25.78886490146015,1.66223109471249,gp,0.46306022121527235,0.5369397787847277,0.9261204424305447,0.0,0.0,400.8452602743698,0.8616020715710102,0.6875350302303636,0.0,0.2442280951658486,0.9999999629999999,0.7130578175165243,0.6112404204122533,0.20603503574532628,0.00016173567759054187,0.0009635217359597203,0.05531903294144562,3.304632583374856e-05,1159.2686413346628,6.303518699063592
12.955588727574066,1.0198963587092245,2.2750461749757043,1.5769246396939192,Si1,PU,combo_001,20.429987086252336,2.32031130975307,gp,0.5411266968995676,0.4588733031004324,0.9177466062008648,0.0,0.0,397.4669818155483,1.2593219047784558,0.6716919752479821,0.0,0.2828103853649178,0.9999999629999999,0.7129943262625481,0.6085911820204144,0.2278617280409108,0.0014605021393197244,0.0009738041414114396,0.055283363143482436,3.5048287595643874e-05,1177.019834255545,7.642148981641603
10.677966005851607,1.1896066090897608,1.9402076202342653,0.6002890236365667,Si1,Si1,combo_002,6.40986578807711,2.3080838080369985,gp,0.4616003610926782,0.5383996389073218,0.9232007221853564,0.0,0.0,348.32084567036816,2.0908431512809917,0.44121217714652256,0.0,0.25653849056803985,0.9999999599999999,0.7128893611844522,0.45420922067474134,0.2574547482390066,0.0010629592736102192,0.0009911288201569413,0.05524724804746567,8.608728531110356e-05,950.9661417498578,10.735159666999351
15.904482497152584,1.017362036912691,2.033341055623046,0.955703657915162,Si1,Si1,combo_002,15.199972099776394,2.068643998086863,gp,0.4517239123348844,0.5482760876651156,0.9034478246697688,0.0,0.0,422.9752236258746,2.6253856011518626,0.7913175426577975,0.0,0.34839419213026557,0.9999999599999999,0.7128477922392948,0.7146277372027416,0.2927902702719385,0.00025436696851267876,0.0011325346361023957,0.055149974553518576,7.887051996542259e-05,1346.3861137279778,19.2021766461467
9.964555086103822,1.407243450337666,1.39481981507845,2.0585242889741657,Si1,PU,combo_001,20.512278673565778,1.9628510491703435,gp,0.5304740016918714,0.4695259983081286,0.9390519966162572,0.0,0.0,345.6477313312171,0.8550722871325059,0.42867611833266844,0.0,0.18219881735822538,0.9999999629999999,0.7128423388188533,0.42376101577643355,0.19646730923083455,0.0008955812123446784,0.0009641446791710963,0.055402019164406145,3.836154514719297e-05,906.3381227602351,9.80537058168556
9.006737575213275,1.0179705838530153,2.7538461330770483,1.3687607667570556,Si1,PU,combo_001,12.328069029428507,2.8033343559298114,gp,0.5426614398485157,0.45733856015148433,0.9146771203029687,0.0,0.0,341.6878663946028,2.314680714838189,0.41010560714530186,0.0,0.2954419526510841,0.9999999629999999,0.7127774799876753,0.4389041051589566,0.27231724742014163,0.0009619672068822703,0.0011130351772832769,0.05540060399678599,7.4804967538484e-05,894.7961270115192,12.937729785748536
11.546178886870543,0.9868627486406528,2.69033592371773,2.4679014972890876,Si1,PU,combo_001,28.49483216287546,2.6549923044467687,gp,0.4636176152971103,0.5363823847028897,0.9272352305942206,0.0,0.0,381.1901422245291,1.5274385064728893,0.595358757686669,0.0,0.23647885240485195,0.9999999629999999,0.7127315427686496,0.5536141124237385,0.23172467406977532,0.0001992607778162747,0.0010631774815390046,0.05517665765137909,4.6891953510606344e-05,1062.093065124116,10.557225365340983
8.262088642920732,1.3650011044653247,1.5617109743430813,2.3858814390208547,Si1,Si1,combo_002,19.712363940689578,2.1317372048339243,gp,0.5542527356559077,0.4457472643440923,0.8914945286881846,0.0,0.0,321.0374503151428,1.9636212900733603,0.3132617023743294,0.0,0.40181124760467446,0.9999999599999999,0.712544820815693,0.3777052679600218,0.2741150255220345,6.542179904042884e-05,0.0010072053057565164,0.055300911793581056,9.215503893850525e-05,788.5456235874144,15.544161593516861
10.119149788166746,1.128601712560899,2.21988354459027,0.9374301761165167,Si1,Si1,combo_002,9.485996368070566,2.505364370110337,gp,0.4546230502802331,0.5453769497197669,0.9092461005604662,0.0,0.0,344.1250961531363,2.114625107139092,0.4215354420567239,0.0,0.3179627176240994,0.9999999599999999,0.712415707017888,0.44685195307310766,0.26762746719208347,0.0006906206505875644,0.0010632490682040711,0.05537288967882233,5.05342246532038e-05,922.2205695195111,11.2893374633243
14.755923671798477,1.2066914655907888,1.5044804791065618,1.5519416151662075,Si1,Si1,combo_002,22.900332016480206,1.815443754285829,gp,0.46275503097128023,0.5372449690287198,0.9255100619425605,0.0,0.0,409.89764442207854,1.277703102746776,0.7299878420757842,0.0,0.24194718552364425,0.9999999599999999,0.7124007126835219,0.6455237632949801,0.22247352934203035,0.0012553402898713188,0.0009477583822871785,0.05516746224131477,6.782006396302933e-05,1243.6003518413713,11.898578592456147
15.559881903615263,1.323099093295133,1.181117732531591,1.9117805670459131,Si1,PU,combo_001,29.74707984886103,1.5627358009873513,gp,0.45140426729933836,0.5485957327006616,0.9028085345986767,0.0,0.0,425.23694321383505,1.449907764188463,0.8019242905098637,0.0,0.34749914233415896,0.9999999629999999,0.712350943078457,0.7084186772734156,0.24525103764095674,0.00034597836846701876,0.0010334770027977537,0.055084350139581365,1.9137814835982193e-05,1275.2687654323283,7.886008081202125
9.056414207062558,0.9904181630828068,2.9142110246437447,0.604103761439144,Si1,Si1,combo_002,5.471013887637394,2.886287529863322,gp,0.5273735554554335,0.4726264445445665,0.945252889089133,0.0,0.0,330.4194701502039,3.6850885017498585,0.3572604010915802,0.0,0.14936382906486498,0.9999999599999999,0.712343043764404,0.40309498005647143,0.3056716897103055,0.001287104374197877,0.00103622523769803,0.05539935260645204,7.073165176407203e-05,875.5018419755721,17.72623384737553
8.783992224767822,1.2841023258773077,1.7676033925832526,1.6740044822634703,Si1,PU,combo_001,14.704442356428807,2.2697836276447743,gp,0.5331658168586273,0.4668341831413727,0.9336683662827454,0.0,0.0,331.9149108078333,1.5234042879964607,0.3642735436878764,0.0,0.20295654897720775,0.9999999629999999,0.7122830406884115,0.3884557485644326,0.22653363554477543,0.0016990939046855435,0.0010260008140162758,0.055416272372307465,4.542674410772639e-05,843.3691125549238,11.70478881958557
12.888439560886836,1.3571504424198153,1.3058370994359336,1.9337047412127484,Si1,PU,combo_001,24.922436685720825,1.7722173972276856,gp,0.47886900998787496,0.521130990012125,0.9577380199757499,0.0,0.0,388.255760815258,0.7227156931851663,0.6284942689187727,0.0,0.09058188533015517,0.9999999629999999,0.7122766849195163,0.5529469676671976,0.17738705831816787,-0.0003021662451334467,0.0006584915996670886,0.05523325526384668,1.7937543071767004e-05,1111.8185929911328,6.007520987316449
14.081792252636664,1.244269592767639,1.4652107758092492,0.6142179236384895,Si1,Si1,combo_002,8.649289198523059,1.8231172153349309,gp,0.4684441243684674,0.5315558756315326,0.9368882487369348,0.0,0.0,395.34009463988184,1.6129112666285055,0.6617175486646979,0.0,0.18770040227447693,0.9999999599999999,0.7122535720968588,0.5961722687034214,0.22785487377856953,0.00014654932660251884,0.0007999028724752621,0.05533985701245829,3.575084793895034e-05,1188.7225069378553,10.56729897899104
14.043872388365216,0.882241603831996,2.9840059930428207,1.3420925482790467,Si1,Si1,combo_002,18.848176481406814,2.632614233146386,gp,0.4582724143912458,0.5417275856087542,0.9165448287824915,0.0,0.0,401.08068217113487,1.6691170314878192,0.6886390842922084,0.0,0.2813386705773473,0.9999999599999999,0.7120873290975693,0.6250287935267209,0.24416729471214318,-0.0008371508796577303,0.0009032373702540264,0.055279522342010834,5.958861624221954e-05,1190.9111253595267,7.996665018043707
10.917350783465016,0.9318657544128202,2.993596486680487,2.4663527204143976,Si1,Si1,combo_002,26.926037804517197,2.78963004846808,gp,0.5436425980222168,0.4563574019777832,0.9127148039555664,0.0,0.0,366.2971965507661,2.0163999529206316,0.5255155638721022,0.0,0.2987539165540469,0.9999999599999999,0.7120286301866523,0.5165853726542005,0.26078489749224176,-3.896986093059073e-05,0.001026155840105818,0.05524101442775954,9.202923678685208e-05,988.9046280468705,14.625605738736233
8.245049089752726,1.0672779045472314,2.7282684730811746,2.1701945998483483,Si1,PU,combo_001,17.893361010065906,2.9118206589923505,gp,0.4458533735345327,0.5541466264654673,0.8917067470690654,0.0,0.0,334.524229554767,2.6512765316729663,0.3765104213988541,0.0,0.3967797388024926,0.9999999629999999,0.7120271219151129,0.4293996319095076,0.3010922388955857,0.0006352482816132037,0.0010823375051408457,0.0553027961256687,8.113745804147128e-05,853.2317313221274,17.3886093217227
13.36469042939056,1.0097469904506309,2.262201525508085,0.5051345352164889,Si1,PU,combo_001,6.750966688362458,2.284251182174615,gp,0.5545709231224123,0.4454290768775877,0.8908581537551754,0.0,0.0,396.44648873934665,2.7989197429794195,0.6669061862396235,0.0,0.40028662855524244,0.9999999629999999,0.7119690623639373,0.634728554497593,0.3075724661434497,0.0006120565593513574,0.0011103428492872445,0.055219000264854365,5.706246050724544e-05,1204.1240927144222,12.529587137848385
14.399173619629355,1.303036175253368,1.2977386958864086,2.400842310664265,Si1,PU,combo_001,34.570145264606865,1.6910004667661194,gp,0.4841222961644718,0.5158777038355282,0.9682445923289436,0.0,0.0,413.0696964408282,1.7933669186110113,0.7448637604326018,0.0,0.038738111646665,0.9999999629999999,0.7119163075601432,0.6415576631546245,0.2127879930519782,0.000493431903921775,0.0010102659355548586,0.0552629544828859,6.490849245178136e-05,1210.6928545482015,10.96423031336606
11.124604999687218,1.1441404709446297,2.0418353525567325,1.9087386258362646,Si1,PU,combo_001,21.23396326007422,2.336146461865654,gp,0.46430700873374064,0.5356929912662594,0.9286140174674813,0.0,0.0,370.68421869077235,1.237272769406483,0.5460893069250327,0.0,0.22317006548995041,0.9999999629999999,0.7118508797633321,0.5144512241325968,0.2180264767997687,0.0010927213394035223,0.0008119548168625864,0.05522660975745885,8.991080315981402e-05,1028.659869543915,10.290553117237337
15.116780562073416,1.1104114637760072,1.6879219516220911,1.8229732044919353,Si1,Si1,combo_002,27.557485902844373,1.874287885040341,gp,0.5452543304838997,0.4547456695161003,0.9094913390322006,0.0,0.0,418.3767326878726,1.6387375903709596,0.7697520779825846,0.0,0.3119227878299106,0.9999999599999999,0.7117885626733855,0.6845162579797306,0.2475297623057428,0.0007144868691296764,0.0010064524755864228,0.05520500310865323,8.586371355672631e-05,1287.780739115751,14.198093940651018
15.827456056418784,1.2993050356695526,1.1277375751006868,2.415421513493069,Si1,Si1,combo_002,38.2299778625401,1.4652751102420927,gp,0.5541396516111945,0.4458603483888055,0.891720696777611,0.0,0.0,425.2554534839862,2.7995157745442865,0.8020110978087046,0.0,0.3944115603816878,0.9999999599999999,0.7117320815348094,0.728721353168824,0.30671524238322023,0.00043360267002822225,0.0010626200161116032,0.05514751178249,8.212807641433329e-05,1271.8778973126164,14.669946549519802
11.674953951501585,0.9198803673624751,2.975036364890066,2.3482684898598754,Si1,Si1,combo_002,27.415926484876213,2.7366775442517963,gp,0.5389480458467091,0.4610519541532909,0.9221039083065818,0.0,0.0,375.50104600454006,1.760954262682378,0.5686786999850943,0.0,0.25249490794824325,0.9999999599999999,0.7117156413477492,0.539230329883108,0.2435443660377485,-3.595805420994252e-05,0.0010171286875065232,0.05518738338440279,7.323182710881884e-05,1035.2195218606148,13.388848706383875
8.662238782586913,1.1428775972278287,2.327056745871478,0.5009109134049271,Si1,Si1,combo_002,4.339009940717195,2.659541022334405,gp,0.4530140190547911,0.5469859809452089,0.9060280381095822,0.0,0.0,320.18479529990594,2.951532332464484,0.3092630206634934,0.0,0.3273893179863038,0.9999999599999999,0.7116994592210402,0.3788470644257622,0.3027924692673483,0.0012228280926427277,0.001064132307991683,0.055376293638993525,5.761038486397616e-05,838.8049990278131,16.088752366509166
12.092312975983962,1.1994615283342354,1.7240123780348506,1.3972003867328877,Si1,PU,combo_001,16.895384366539908,2.0678865218248217,gp,0.5494429465405091,0.45055705345949093,0.9011141069189819,0.0,0.0,380.5446681937755,1.257645740709711,0.5923316891120745,0.0,0.35017378791884723,0.9999999629999999,0.7116806011487755,0.5597560086149432,0.23789864164394936,0.001400108433899611,0.0008896930266005525,0.05516726013500576,3.4916909765608065e-05,1101.1749894220538,8.414458248177027
8.634619997181222,1.0749668732283502,2.6456310190311667,2.4860788737916195,Si1,PU,combo_001,21.466346358210888,2.843965704243867,gp,0.4411434118546538,0.5588565881453462,0.8822868237093076,0.0,0.0,341.2243295099874,2.2832976430359153,0.4079317661079691,0.0,0.43787730067423225,0.9999999629999999,0.7116604701740455,0.4512643441856182,0.2924169249502929,-0.00039672086016637415,0.0007329315222604881,0.05536028538831484,5.621101249759159e-05,876.0086472469063,14.227908921990151
8.661575502154362,1.2366169115192558,1.8933686293539964,1.9717463652245928,Si1,Si1,combo_002,17.07843001349124,2.3413716667991857,gp,0.5556115126827024,0.44438848731729763,0.8887769746345953,0.0,0.0,328.04701680689146,1.3905358508686876,0.34613434703197926,0.0,0.40756084774708096,0.9999999599999999,0.7116567441974719,0.39468778252422926,0.25186592705703703,0.0016116917080898822,0.000927603654444204,0.05539054617829353,5.271511393492329e-05,829.6610301570915,13.670821048718278
15.97894887987671,1.1980430178337635,1.3715809074924383,1.6136636699993825,Si1,PU,combo_001,25.784649292234374,1.643212929615413,gp,0.5356004808084833,0.4643995191915167,0.9287990383830333,0.0,0.0,433.37496209381544,1.7391506100761807,0.8400890191237874,0.0,0.22010252205460631,0.9999999629999999,0.711568518141567,0.7257270854573611,0.23780620523656343,0.0008414808416855842,0.001097162936179356,0.055183401075572985,9.087019740527259e-05,1346.2066051747363,11.75358062754491
9.077716147482343,1.101052020713427,2.461780610458982,1.4675131429553185,Si1,PU,combo_001,13.32166775444806,2.7105485156989957,gp,0.45065357191859334,0.5493464280814067,0.9013071438371867,0.0,0.0,340.67748055887523,1.7818589802520393,0.4053672178905466,0.0,0.347105401625564,0.9999999629999999,0.7114029237690016,0.43461421376506604,0.2585789914207792,0.0012186180557307012,0.0010227432145639749,0.055395327015804297,6.98563124190115e-05,891.6881792542632,13.80705023392118
11.462182966774957,0.9397642167432215,2.979647603732059,2.4041681493269706,Si1,PU,combo_001,27.557015210478475,2.8001661964920754,gp,0.4658077725315053,0.5341922274684947,0.9316155450630106,0.0,0.0,379.8601133087546,1.7199727813524845,0.589121343720467,0.0,0.2052673157615759,0.9999999629999999,0.7113518245422602,0.5483452182001946,0.2348075158332217,-4.7350817684492855e-06,0.001028957761673773,0.05517391496261108,1.091228398819359e-05,1052.5828788987471,10.713172192704453
15.269144870703183,0.9787420511793133,2.2717320301864445,1.1015758644442006,Si1,Si1,combo_002,16.82012146026859,2.2234396669544263,gp,0.45049462948470875,0.5495053705152912,0.9009892589694175,0.0,0.0,416.4312373537273,2.072520407412746,0.7606283216307819,0.0,0.3477114974530789,0.9999999599999999,0.7112905267905756,0.6867067012521766,0.27039177489658667,-0.00023353830798816182,0.0011007044409405212,0.05519503079741028,7.064498078002505e-05,1293.9627343858647,15.419045253800457
13.762634230220769,1.1406664071331383,1.7338384439747976,1.7991900122866216,Si1,Si1,combo_002,24.761594049767183,1.9777312684380435,gp,0.5380381656207476,0.4619618343792524,0.9239236687585048,0.0,0.0,400.5976223070703,1.1897167737806456,0.6863736866704783,0.0,0.2392161797625134,0.9999999599999999,0.7111024569013005,0.6137069437824687,0.21851554294346606,0.0008374522812483467,0.0009475236960878741,0.055233081799933394,2.300214517087921e-05,1188.4117524560424,11.985021131589008
12.300058645038487,1.4746468387200238,1.145600124630431,2.2532628604101808,Si1,PU,combo_001,27.715265325732393,1.6893556022235303,gp,0.4646640321078195,0.5353359678921805,0.929328064215639,0.0,0.0,376.5383189174067,1.050815860101815,0.5735431811078298,0.0,0.21331884037385626,0.9999999629999999,0.7110157511661201,0.5305353899254985,0.2090293103502911,0.0006274339136144845,0.0010838749368471904,0.055203230040677294,8.31310001810632e-05,1043.150361149012,9.429605290629507
14.103695853439447,1.003663996240316,2.1865965364323285,1.4002466936124887,Si1,Si1,combo_002,19.748653486494753,2.1946082179209045,gp,0.5566768546940466,0.4433231453059534,0.8866462906119068,0.0,0.0,404.78368264253857,1.4344229624034643,0.7060049825694922,0.0,0.41220471766065647,0.9999999599999999,0.7109778654146865,0.6475672974879444,0.2543323983804184,3.358805493379252e-05,0.000858896029959428,0.05532100878984637,4.471541160124486e-05,1216.8988919061815,10.744575519853365
8.269325449431548,1.0282969009261653,2.7683731390409383,1.5286375419009086,Si1,PU,combo_001,12.640801328197668,2.846709519483037,gp,0.5455622916842913,0.45443770831570873,0.9088754166314175,0.0,0.0,332.5835583961582,2.961192960767387,0.3674092889009468,0.0,0.3083358492931208,0.9999999629999999,0.7109608344022228,0.4177554188592729,0.3003240457415114,0.0011264898654653834,0.0010231851783100683,0.055303654699226004,8.145359928007308e-05,855.5721908936711,18.311457710261138
8.225656228474016,1.179040278882492,2.2264205333012597,1.8591369834505513,Si1,PU,combo_001,15.29262170750642,2.625039486493224,gp,0.4507810843676765,0.5492189156323235,0.901562168735353,0.0,0.0,329.1838101423374,2.3032634792054263,0.3514655473864218,0.0,0.3420369086952683,0.9999999629999999,0.7109060776471563,0.40238400543360875,0.27884605358184367,0.0016230491417238827,0.0010330276723006838,0.05529980960604422,8.737284816556666e-05,834.5702521423191,17.551149218753284
11.008891070778901,1.050769626408273,2.454863673202343,1.0127227082807488,Si1,PU,combo_001,11.148953980366962,2.5794961847740674,gp,0.455315748466262,0.544684251533738,0.910631496932524,0.0,0.0,366.120749623422,2.1574119509070733,0.524688083720463,0.0,0.2975621920591606,0.9999999629999999,0.7106304963869826,0.5175117553960836,0.2662929077593263,0.0007254967018797274,0.0011080593749354447,0.05523738220052798,9.329205695504408e-05,1015.9459638062484,13.223016339661992
8.850824045146865,1.1911284124201673,2.033197252876325,2.4277793211521512,Si1,Si1,combo_002,21.487847591963792,2.4217990159556226,gp,0.5408432256389233,0.4591567743610767,0.9183135487221534,0.0,0.0,334.79393582881755,1.226116511743457,0.37777525832125725,0.0,0.26124177778270413,0.9999999599999999,0.7105701783297818,0.4003100146227845,0.22328732073612467,-0.0003366432943906365,0.000719320614539351,0.05541098265143367,6.189574917599696e-05,851.7944098419124,12.832297378453257
8.45310572849487,1.2891335534549215,1.8345486512592033,1.3341368541034584,Si1,Si1,combo_002,11.27759988401807,2.3649782217837103,gp,0.4449754519681477,0.5550245480318523,0.8899509039362954,0.0,0.0,318.58319362618766,1.5243099462794787,0.30175201655714623,0.0,0.39331158535618915,0.9999999599999999,0.7105331296836073,0.36373661823154474,0.2551234141741605,0.001029205203043546,0.0011441606558727155,0.055329809908403776,7.693104669178556e-05,805.3673240542585,14.334193104577405
13.471087580644086,1.0058720897652424,2.3329232902370256,1.7685379364574938,Si1,Si1,combo_002,23.824129431710464,2.3466224252127224,gp,0.46063688584442275,0.5393631141555773,0.9212737716888455,0.0,0.0,397.3066155734482,0.9220218549521663,0.670939908412202,0.0,0.24701390580130494,0.9999999599999999,0.7105172064398622,0.6005985943950692,0.20888953161258658,0.0015937438642681808,0.0008616335115370111,0.055164317243212344,3.910692221713001e-05,1163.3827513812948,7.300215049220741
12.593449413837115,1.2128725225751524,1.644844125009545,0.5374510162248621,Si1,PU,combo_001,6.768362185243152,1.9949862431432461,gp,0.5435576696861659,0.4564423303138341,0.9128846606276682,0.0,0.0,381.5071165184948,1.999293863102744,0.5968452666374592,0.0,0.2860952824459709,0.9999999629999999,0.7105085201243394,0.5650531989549906,0.258196243991498,0.0006116115881878621,0.0008989404203029259,0.05521097191933065,7.68991828143509e-05,1130.0174118421758,10.594150236348685
9.300689207223593,0.9941286197050079,2.960448572454906,1.5823252660369278,Si1,PU,combo_001,14.716715524146855,2.9430666530422567,gp,0.4662701542078338,0.5337298457921662,0.9325403084156676,0.0,0.0,346.8589676469702,2.0539411463843122,0.4343564326646694,0.0,0.19317533986234328,0.9999999629999999,0.7103556137064798,0.442648686583722,0.24646208244211842,0.001378800801668062,0.0006445275025514016,0.05536974689345841,1.9176589018963552e-05,909.3686932883759,10.031688456955754
13.633541208983146,1.4321746986562993,1.1083751118059681,1.275551098117523,Si1,Si1,combo_002,17.390278460348956,1.5873867917488544,gp,0.46130470118416156,0.5386952988158384,0.9226094023683231,0.0,0.0,387.7178714571777,0.8166248788904688,0.6259717383522792,0.0,0.2393768720244919,0.9999999599999999,0.710337332998151,0.567142750080028,0.20349349991211588,0.0014076727283222012,0.000878894254742033,0.055219346989915465,4.892307478262824e-05,1100.7386234083754,5.6963268242369764
13.23878225524629,1.2059738490619698,1.5987566672620337,2.072333550530317,Si1,Si1,combo_002,27.435172635712302,1.9280587317314817,gp,0.5351671026283924,0.4648328973716076,0.9296657947432152,0.0,0.0,393.2072156345659,1.2649363856738627,0.651715022299901,0.0,0.20636135093914298,0.9999999599999999,0.7103263555330157,0.5870271032839676,0.21662079467130047,-0.00039894726331918056,0.000801676828204098,0.05526824220773549,3.457412889712991e-05,1139.1078070396052,11.916641858174424
9.910582847316341,1.327070958702878,1.6072290927869488,0.6021540292614231,Si1,Si1,combo_002,5.967697393840682,2.1329070530199328,gp,0.4781374428188343,0.5218625571811657,0.9562748856376686,0.0,0.0,332.38491265173957,1.5281279023780407,0.36647770333474744,0.0,0.08184362713819782,0.9999999599999999,0.7102825473529017,0.37794179501849245,0.20855719196695302,0.0011191626790240587,0.000997731619425784,0.055402400650019806,4.133911920469767e-05,882.600161429637,11.467253323966723
14.23330985946065,1.2480093229409583,1.4428771946855965,1.962050670543056,Si1,Si1,combo_002,27.92647515380186,1.8007241908265206,gp,0.46380330572955586,0.5361966942704441,0.9276066114591117,0.0,0.0,404.2624246508695,1.3858360390436968,0.7035604478389538,0.0,0.21426051908845467,0.9999999599999999,0.7101072477126096,0.6255018672997223,0.22268134252590033,-0.00017295618543631717,0.0008140176363870749,0.05532495235788556,3.3457526916351204e-05,1194.2786227308454,11.919934764828282
8.247943429624579,1.1680754960785502,2.273658813215606,0.9308687396698614,Si1,Si1,combo_002,7.677752705202946,2.655805146160187,gp,0.4455159631630323,0.5544840368369677,0.8910319263260646,0.0,0.0,316.9931940140651,2.6258887430268967,0.29429542244157114,0.0,0.3841456914805583,0.9999999599999999,0.7100051861699599,0.3702932003682005,0.2981732860107408,0.000684598355711653,0.0010433663393742362,0.05530148995483927,8.6033017191944e-05,816.0492445970269,16.405861694438304
14.123675614816197,1.2659717740545622,1.3875598805348068,2.4924125528622056,Si1,PU,combo_001,35.20202639492172,1.7566116435675858,gp,0.5175297218478292,0.4824702781521708,0.9649405563043416,0.0,0.0,411.1629800648215,1.821293083079127,0.7359218651006763,0.0,0.03797073457556201,0.9999999629999999,0.7098427450550472,0.635543374034082,0.21379910010751796,0.00048778973622424284,0.0009670856603844875,0.055343521251233305,1.9719617861763928e-05,1209.0156881850087,11.8086680657491
15.325107077332166,1.1197452396943965,1.7150628381053135,2.012251452624468,Si1,PU,combo_001,30.83796897798717,1.9204334487451862,gp,0.45457154994500115,0.5454284500549988,0.9091430998900023,0.0,0.0,428.6462611866531,1.8039272844973253,0.8179129109726717,0.0,0.2983422418626543,0.9999999629999999,0.7098406155823322,0.7187741618911769,0.252154493763543,0.00028280716009459816,0.0008691152738210821,0.05516283647499206,7.046455014797306e-05,1336.6476575472648,14.141240657008755
8.861329375526136,1.081261537948143,2.5754219940934338,1.5171889530023912,Si1,PU,combo_001,13.444311037463832,2.784704746198939,gp,0.4537218806304111,0.5462781193695889,0.9074437612608222,0.0,0.0,338.5670511721491,1.992489879207208,0.39546997311990695,0.0,0.3058343181437501,0.9999999629999999,0.7097844829770334,0.42598599911097007,0.2608827065158733,0.0012716611499659428,0.0009522503457368686,0.05540160232179194,7.17400504646429e-05,881.7462305418194,13.975023723633711
9.75344777386108,0.9625597531213523,2.9757632539379486,1.406265210238347,Si1,PU,combo_001,13.71593428425749,2.864349943058104,gp,0.538726835214419,0.461273164785581,0.922546329571162,0.0,0.0,353.0019799846276,2.2193193088415297,0.46316521305659264,0.0,0.23516888932321536,0.9999999629999999,0.7097605556259573,0.468919734519213,0.25943052836395064,0.000938561362054861,0.0010476278982740176,0.05535791640796302,6.023563902059685e-05,937.8522603462799,9.61765352034903
10.25582281273621,1.3928907354852718,1.432143091862517,2.2356934308991026,Si1,PU,combo_001,22.9288756908995,1.9948188445445325,gp,0.47170456955850426,0.5282954304414957,0.9434091391170085,0.0,0.0,351.18359328713615,0.9518122525479175,0.45463755591442856,0.0,0.1372932983559594,0.9999999629999999,0.7096944765034403,0.4385581428861291,0.1936328358399102,0.0004604967964283199,0.0010553324938688794,0.05532489776871301,8.123950092657776e-05,931.6637706103564,9.098137569487484
13.914567883142412,0.9643465797134549,2.4265806495851656,2.1061677912189385,Si1,Si1,combo_002,29.306414704204034,2.340064749826308,gp,0.5264748893941373,0.47352511060586266,0.9470502212117253,0.0,0.0,404.94410369003884,0.9682348000402582,0.7067573064252245,0.0,0.11986780982893065,0.9999999599999999,0.7096389070002034,0.6134886455944222,0.19168130487289153,-0.00016052808955010947,0.000669251138619079,0.05526046514391657,5.3658962348344914e-05,1196.4454387900819,7.956093423916844
8.628835755907392,1.0412815744532156,2.7702463670538666,2.2990361819819785,Si1,Si1,combo_002,19.83800561121091,2.8846064987091506,gp,0.4681153706723009,0.5318846293276991,0.9362307413446018,0.0,0.0,334.32980759709454,1.8319957943335623,0.37559864405345994,0.0,0.17022865113586835,0.9999999599999999,0.7096222448330574,0.3966662311485341,0.23406940886171881,-6.22732701822306e-05,0.0009727762568839295,0.055356961139826764,5.522560403376238e-05,861.0376576690367,12.338057880995292
8.24071770160719,1.5761927851357092,1.124562304516196,2.1378139816145296,Si1,Si1,combo_002,17.617121521034203,1.7725269908140147,gp,0.5732946233247276,0.4267053766752724,0.8534107533505448,0.0,0.0,311.0751741926392,2.1198189531921,0.2665417856231364,0.0,0.5567103071858586,0.9999999599999999,0.7096207560721222,0.36229099788949976,0.3036490643993933,0.000873249794345594,0.0010370123134630313,0.05529708548485238,9.535470238322741e-05,753.8845321999597,14.830322817018002
9.712746528363493,1.2817712462096353,1.7447058981963282,0.61991339427476,Si1,Si1,combo_002,6.021061668128204,2.2363138534004086,gp,0.47022885182374097,0.529771148176259,0.9404577036474819,0.0,0.0,331.24015495368,1.7079547142204312,0.36110915264452736,0.0,0.1496253357386456,0.9999999599999999,0.7095098322988405,0.3830340096493918,0.22597655064605024,0.0011825510141452058,0.0009771534164431696,0.05535603467623057,7.825201277092719e-05,876.0382240628655,12.231531052291054
15.183235083758344,0.9966805661434934,2.1084226302481723,1.6073352868985629,Si1,PU,combo_001,24.404549519401044,2.101423860785502,gp,0.5409373914476703,0.4590626085523297,0.9181252171046594,0.0,0.0,427.13126135033673,1.6334776053195537,0.8108080420290288,0.0,0.25270473738514204,0.9999999629999999,0.7093639359258996,0.7072730206266912,0.2384349291452705,0.001211864721846534,0.000968333692032906,0.05520663317710392,7.877353256626608e-05,1344.8339565037936,13.883336154790046
10.473370978624676,1.393590658148306,1.4357617784459118,0.6741748220922544,Si1,PU,combo_001,7.060883016220472,2.0008642017686205,gp,0.445842932724247,0.554157067275753,0.891685865448494,0.0,0.0,344.3232553711185,1.8010159637894463,0.4224647459681759,0.0,0.3758650749438679,0.9999999629999999,0.7093353292465802,0.4496791844110366,0.2636655102278235,0.0008241867820852093,0.0009799549395739507,0.05527132909442825,8.779458536066559e-05,937.153420850647,11.924948568330045
9.216666498914405,1.4091272886640154,1.4838856113899102,0.6935270516641924,Si1,PU,combo_001,6.392007543164241,2.090983708265409,gp,0.4390036268209059,0.5609963731790941,0.8780072536418118,0.0,0.0,325.56401821180265,1.8540064309147106,0.33448987078685327,0.0,0.4394266886487269,0.9999999629999999,0.7093004959969925,0.3950635083905262,0.27533676560930576,0.0009654692091238999,0.0010005299546447554,0.05536431502952765,7.220995022427761e-05,844.9046705035273,12.369654356424327
14.626093273433874,0.9983666367416353,2.2346677775835646,2.347491438102787,Si1,PU,combo_001,34.33462873227879,2.2310177533410083,gp,0.4645336515610552,0.5354663484389448,0.9290673031221104,0.0,0.0,422.6240091681191,1.9174296298078208,0.7896704581937273,0.0,0.20100828715359653,0.9999999629999999,0.7092827954163213,0.6905788643524048,0.2421317526280657,0.0004578220493541165,0.001124250250136297,0.05515442936705528,1.7554205318139062e-05,1301.9306675979785,10.941154386051927
12.90391484595616,1.4716177499068008,1.1028957823640413,1.6559571851632213,Si1,PU,combo_001,21.368330505895468,1.6230410096242711,gp,0.46813540311030266,0.5318645968896973,0.9362708062206053,0.0,0.0,382.11653896616394,0.8313806661375909,0.5997032647165423,0.0,0.16709037573509386,0.9999999629999999,0.7092441630894689,0.541696190698022,0.1932456011405294,0.001580651546574691,0.0010785886811172246,0.055236253925421835,2.602804716752217e-05,1072.258584468914,7.981672655132645
12.921319562052197,1.309908746478107,1.4049592316509518,0.9818623260833752,Si1,Si1,combo_002,12.686956881263189,1.8403683859847426,gp,0.47066187685458516,0.5293381231454148,0.9413237537091703,0.0,0.0,380.9064697078195,1.0027525273069475,0.5940284235138049,0.0,0.14348962304407653,0.9999999599999999,0.7092415581574745,0.5373383345560314,0.19661661672847244,0.0003539500501770663,0.0010067175684779386,0.055247978050572806,2.9151831761376577e-05,1089.5358870998577,7.822228206944019
10.669158379260113,1.1429762556507428,2.0436619640174656,1.4265219684312962,Si1,PU,combo_001,15.219788812687394,2.3358570994485257,gp,0.5456693442826008,0.45433065571739917,0.9086613114347983,0.0,0.0,362.0188346228537,1.4955044171055505,0.5054514027661854,0.0,0.295584467808367,0.9999999629999999,0.7091992979477408,0.4962215694475099,0.23930267012745704,0.0013339000739690634,0.0009841605944062419,0.05524707049497688,8.506605915913094e-05,991.7675237157964,10.737178131773222
10.684286974062722,1.3841418889900425,1.3899473829525095,1.410825071630112,Si1,Si1,combo_002,15.073659935498712,1.9238843962366525,gp,0.5484927582031531,0.45150724179684687,0.9030144835936937,0.0,0.0,347.5843384068458,1.1080781739813415,0.4377581915698041,0.0,0.3219363302143773,0.9999999599999999,0.7091992974542125,0.44700744292479955,0.22763122284790294,0.0015961958719415245,0.001030949432652088,0.05525258015391678,9.220017370494102e-05,930.7410028610951,10.373875014194024
11.694962618017934,1.434722522443823,1.2555032550521423,2.1040400505835213,Si1,Si1,combo_002,24.606669738386845,1.80129879702484,gp,0.4544107978858136,0.5455892021141864,0.9088215957716272,0.0,0.0,364.03968579546097,1.4814420364591308,0.5149285541108959,0.0,0.2939694657872033,0.9999999599999999,0.7090882279550135,0.5025320430751837,0.2384933080340073,2.2518954488930402e-05,0.0008813743755616475,0.05518798419884146,8.177651002508728e-05,987.6898063139819,11.25651580953156
15.77303058117408,0.904193793517927,2.5981066014925434,2.1991141400993817,Si1,PU,combo_001,34.68669458327989,2.3491918639675116,gp,0.4638958131976807,0.5361041868023193,0.9277916263953614,0.0,0.0,435.965261503376,3.2315744601592407,0.8522367021720384,0.0,0.2051128367104966,0.9999999629999999,0.7090459762451817,0.7499277398495352,0.29574460920977985,0.00047221772697409446,0.0011321318047612897,0.055103938823481656,5.628878595997295e-05,1369.8357842188393,18.99136182839968
9.569973718264555,1.2064751177540967,1.9392957285513073,2.3491523776790335,Si1,PU,combo_001,22.48132651458704,2.339712042463955,gp,0.527096345234483,0.472903654765517,0.945807309531034,0.0,0.0,349.62085222790785,1.2520930727785553,0.44730879577035926,0.0,0.12062451114563581,0.9999999629999999,0.7089927943292205,0.43522107575985747,0.20324232069299375,-0.00015460492946388425,0.0008477403518989478,0.0553367494735222,8.27346312402182e-05,911.765687406808,9.026470212592633
13.734424770804267,0.8866839070905341,2.9081632424725914,1.665504118988279,Si1,Si1,combo_002,22.87474102770916,2.578621546292674,gp,0.5286081655770545,0.4713918344229455,0.942783668845891,0.0,0.0,399.57083097854223,1.266270058103713,0.6815583608553951,0.0,0.1341053664521846,0.9999999599999999,0.708912154878244,0.6007072088779045,0.20583618168651097,0.00197519398162086,0.0007531657817908248,0.05512595198156459,1.4184256888220489e-05,1173.2865914313816,7.23558751897479
14.595647408935509,1.0091025349568539,2.2038132194894953,1.45420073601567,Si1,PU,combo_001,21.225001204699222,2.223873506358275,gp,0.4519949720136651,0.5480050279863349,0.9039899440273302,0.0,0.0,417.9320470070865,1.2768659963663462,0.7676666431149598,0.0,0.3146688675603056,0.9999999629999999,0.7088514478736296,0.6791614470850407,0.23334802305392985,0.00018299732551254542,0.0008061589795094249,0.0551629327315296,1.579817284923083e-05,1298.663784800679,10.418268381451787
8.596945604150086,1.1106923630510477,2.476672726632872,1.5775490029525712,Si1,PU,combo_001,13.562102966264458,2.750821483247946,gp,0.44821824363141616,0.5517817563685838,0.8964364872628323,0.0,0.0,334.5055952125684,2.1259290597508214,0.3764230322414441,0.0,0.3495896064383653,0.9999999629999999,0.7088093358611459,0.41856620359464447,0.2728273697020446,0.0013736019315892893,0.0009442064955507773,0.055354326879595746,5.675128116405209e-05,864.3678643706977,15.608594610711153
14.553035601468164,0.9125499547601347,2.69700215959442,2.3097972703585032,Si1,Si1,combo_002,33.61456190770128,2.4611491987258733,gp,0.46613616407556435,0.5338638359244356,0.9322723281511287,0.0,0.0,412.88267532816593,1.807720088750814,0.7439866907040728,0.0,0.18232838195272777,0.9999999599999999,0.7088058381197886,0.6554681234679788,0.23490537152240235,0.0004026908585501699,0.0011178857012263436,0.05517766047392887,2.0992049787628672e-05,1234.5494131969992,10.333908424442745
9.237824035943607,1.0933667151705184,2.363204990607578,2.239810525470996,Si1,PU,combo_001,20.690975508155447,2.5838496778551834,gp,0.5538243854216205,0.4461756145783795,0.892351229156759,0.0,0.0,348.167718018523,1.615881620744882,0.44049405700424377,0.0,0.3674300329978535,0.9999999629999999,0.7086525189819232,0.4593230134027374,0.25493410804961303,0.0001184814926821372,0.0010076326642801021,0.05537654019097151,4.679737292043209e-05,908.4642445815022,12.727993863879746
14.488209128358736,0.9284246452046774,2.6055349039886835,2.3202327369831535,Si1,PU,combo_001,33.6160171198761,2.4190428188040967,gp,0.4767942166659367,0.5232057833340633,0.9535884333318734,0.0,0.0,420.39230924787114,1.9532365640564724,0.7792044930663297,0.0,0.07811227615242543,0.9999999629999999,0.7081984911703032,0.6713756680480889,0.22514138232531822,0.00040949537595672675,0.0011171209590311502,0.055210854836558035,3.5881682515411224e-05,1282.6109020183933,11.662762335020059
8.076134380053691,1.2562339640384756,1.973168063137692,1.354796166823745,Si1,PU,combo_001,10.941515900850202,2.478760737669584,gp,0.4470518795226184,0.5529481204773816,0.8941037590452368,0.0,0.0,320.9857852945786,2.465883101717652,0.3130194098068452,0.0,0.35524809152651066,0.9999999629999999,0.7081396477445954,0.378666589235915,0.28738589739362974,0.0009796866220478778,0.0011603327469687798,0.05528897864524708,9.344719185376196e-05,806.9741493543419,18.673702681165057
9.51268937767976,1.2613306869412688,1.7694134074046697,1.4387359741754506,Si1,Si1,combo_002,13.68624841882455,2.2318154286448233,gp,0.5459616687631978,0.45403833123680215,0.9080766624736043,0.0,0.0,335.19311679110183,1.2878640153898666,0.37964729048511736,0.0,0.2890365713492162,0.9999999599999999,0.7080109465441611,0.40511139345692515,0.22994670914085732,0.001360864262866847,0.0010835726222027911,0.05533560780226155,8.263660972150671e-05,871.4611890145006,11.079696831236726
14.599216789752024,1.2738766796758854,1.3531493334289715,1.3845983025805846,Si1,PU,combo_001,20.214050786096625,1.7237453799741358,gp,0.4715863078694795,0.5284136921305205,0.943172615738959,0.0,0.0,411.5036437962084,0.9514157797576598,0.7375194700028928,0.0,0.12451043915140723,0.9999999629999999,0.707915505249667,0.6352926285254007,0.19169941790153372,0.0012531807758207982,0.0005465169122534586,0.05518420481131337,5.3108789327217297e-05,1239.1952583523969,8.409460944600356
12.036827908463703,1.0021457097773143,2.473879604444967,1.922985720174079,Si1,PU,combo_001,23.146648184168527,2.479187832100123,gp,0.5442674854251521,0.45573251457484787,0.9114650291496957,0.0,0.0,386.3286925405758,1.3186070416018727,0.619456929634064,0.0,0.2718879836876328,0.9999999629999999,0.7078397694690464,0.5716175146088767,0.22861423419008534,0.0005260936432077655,0.0009186435551693345,0.05517644769466863,4.928122539808657e-05,1101.8394748559608,10.058187654618983
11.106471223345144,1.0759577782095255,2.239659382532187,2.170270415399332,Si1,Si1,combo_002,24.104045915509996,2.4097789331754496,gp,0.5481076964609031,0.45189230353909693,0.9037846070781939,0.0,0.0,366.6230317691934,1.4432274261430267,0.5270436277495071,0.0,0.3072722655288209,0.9999999599999999,0.7077811361987054,0.5119025521011109,0.2389475992618319,-1.2303923912257105e-05,0.0009924715271532815,0.05522858925830503,9.061715538728944e-05,997.9530557302375,9.591297714788325
15.849865080742536,0.9647987228963562,2.2792190208644074,1.5518886191559982,Si1,Si1,combo_002,24.59722523396241,2.198987600531064,gp,0.44634023316216087,0.5536597668378391,0.8926804663243217,0.0,0.0,426.00230892284026,2.2854927397085403,0.8055136130471269,0.0,0.3578239635391436,0.9999999599999999,0.7076187448530769,0.7215915957234982,0.2804974483589543,0.0006765074569115029,0.0009747231233798884,0.05512895833691781,6.944765892105218e-05,1335.6549221096552,18.54429025513522
12.79050723507044,1.2969533235593969,1.4421972729179093,2.2067382341680704,Si1,Si1,combo_002,28.22530135003327,1.870462546339181,gp,0.4700815445375639,0.5299184554624361,0.9401630890751278,0.0,0.0,384.7441779335665,1.4177294800367044,0.6120260584536013,0.0,0.1358305324161616,0.9999999599999999,0.7075664954659622,0.5539522837697876,0.21220305149970095,0.00021190979685658786,0.0010022704639552136,0.05520834637336343,3.1799044826831705e-05,1087.954682545529,11.076829646290557
14.558192141983954,0.9316130508033318,2.608775629970266,0.6175399959850365,Si1,Si1,combo_002,8.990265916910161,2.430369423497983,gp,0.45516137898329134,0.5448386210167087,0.9103227579665827,0.0,0.0,404.24069328763267,2.869661703010649,0.7034585346346991,0.0,0.2747862027614792,0.9999999599999999,0.7075281648899145,0.6485802698215424,0.29160030196809006,0.0004535054785539165,0.0010722541584504666,0.05517539106682396,2.0380082131944673e-05,1229.656701173432,13.51633093106977
12.070530466295475,1.0789076443390258,2.1219484571137337,0.6113958875343093,Si1,Si1,combo_002,7.379872687450642,2.2893864112734086,gp,0.552547617352019,0.44745238264798104,0.8949047652959621,0.0,0.0,371.92078005373895,2.4400227792376867,0.5518883876998609,0.0,0.3465802432043898,0.9999999599999999,0.7075081043999001,0.5447101166848775,0.28504281789153374,0.0006660466547233847,0.0010065092154363032,0.05517102118299825,4.0458724578186857e-05,1060.102111726502,11.795176625810834
15.58801914591097,1.068731950712157,1.8645040634548637,1.70058147308623,Si1,Si1,combo_002,26.508696561649636,1.9926550648468602,gp,0.4475206648487102,0.5524793351512898,0.8950413296974205,0.0,0.0,423.2535494891324,1.8858402160114516,0.7926228027209808,0.0,0.34473807264049267,0.9999999599999999,0.7073537524534697,0.7066544991739236,0.26241727391423125,0.0011938763132220735,0.001055245448181867,0.055070488254016614,2.9255209398017253e-05,1324.2582383412573,15.688639043861757
10.983055459312359,1.0359180664152885,2.52781823705393,2.040623460399968,Si1,PU,combo_001,22.412280637146747,2.6186125803782105,gp,0.44836421245535973,0.5516357875446403,0.8967284249107195,0.0,0.0,371.4452857174423,1.499866268621523,0.5496584700049215,0.0,0.33660590282989467,0.9999999629999999,0.7073205656627602,0.5313189188399765,0.24563179126188095,0.0003843256436836127,0.0010039393725731285,0.055238890561425315,9.33933509455521e-05,1019.7708546580913,11.636783037688902
12.152556639893225,1.0716460474221992,2.2113643071257303,1.6830811031039525,Si1,PU,combo_001,20.45373843500475,2.369799819141819,gp,0.4531352147994028,0.5468647852005972,0.9062704295988055,0.0,0.0,385.6409483206783,1.3003278034528796,0.6162316272729756,0.0,0.2919072313719687,0.9999999629999999,0.7072988751137804,0.5711511077630553,0.23087995147750923,0.001810520505497579,0.0009805367971364048,0.055187299188271324,6.154717671088316e-05,1110.9764843665093,9.796247126748714
8.823108586089578,1.4294336201962374,1.4546801027255853,1.2599468782836603,Si1,PU,combo_001,11.116648119801324,2.079368645466468,gp,0.4463218662022683,0.5536781337977317,0.8926437324045366,0.0,0.0,323.3415208512946,1.5418281989942397,0.32406706274721947,0.0,0.3543566195587947,0.9999999629999999,0.7071525944847654,0.37566350589826286,0.24998665040147344,0.0010208469200186073,0.001115735730749713,0.05542063063032854,4.320045515108346e-05,819.294650631233,11.487552889925789
9.360337164753137,0.9919718016436463,2.8734553443696593,0.6234211123461382,Si1,Si1,combo_002,5.835431807185298,2.850386674896935,gp,0.5266722058310975,0.47332779416890247,0.9466555883378049,0.0,0.0,334.6072559342745,3.4893886379947108,0.37689978879753355,0.0,0.10218684766427649,0.9999999599999999,0.7071379330286325,0.40986992903898933,0.29070290754965017,0.001293438413098225,0.0010256633839152395,0.0553550336517144,4.380194874271801e-05,891.137778747242,16.1253033915432
9.718562612909004,0.9961106679713745,2.7922981478118136,0.9023107711658902,Si1,PU,combo_001,8.769163725877911,2.7814379731920575,gp,0.544679595372159,0.45532040462784096,0.9106408092556819,0.0,0.0,348.79356254870385,2.6264215218237013,0.44342906944414107,0.0,0.2701934521070744,0.9999999629999999,0.7071299440877092,0.46329766850171944,0.28110193659645766,0.000839511135098133,0.001135519617391068,0.05535229532892958,6.679723465275224e-05,933.4070410607004,12.141191972757609
8.434333253291216,1.2282025291098138,1.9356241049200504,2.4102262633434286,Si1,Si1,combo_002,20.32865152087331,2.3773384210687256,gp,0.5511431973912266,0.44885680260877336,0.8977136052175467,0.0,0.0,328.1319850607437,1.6181172392948684,0.346532821205718,0.0,0.3303005641468583,0.9999999599999999,0.7071017807044244,0.38986296076030497,0.2494548458776867,-0.00019051309992845658,0.0008776069187636159,0.05532564077192551,7.844148674334598e-05,822.1661839158858,14.897082295243182
11.39279927255436,1.158167803032112,1.9626998273976901,1.180540113289294,Si1,Si1,combo_002,13.449656543903512,2.273135747108688,gp,0.46737718636254755,0.5326228136374525,0.9347543727250951,0.0,0.0,363.66320014499735,1.5802360134097566,0.5131629557645554,0.0,0.1559508633331765,0.9999999599999999,0.7069105448151045,0.48863260375027495,0.2217747068361665,0.0010876908952460811,0.0006977801680919942,0.05518493060471955,5.082530737071321e-05,1008.0404587294522,8.049067603058795
15.489508184052536,1.1545610910079742,1.5179114411034549,0.9825789378722067,Si1,Si1,combo_002,15.219664499649195,1.7525214894938912,gp,0.5472408415771781,0.4527591584228219,0.9055183168456438,0.0,0.0,417.15155219675273,1.8603624012360394,0.7640063698887276,0.0,0.29237141308658054,0.9999999599999999,0.7069087029371657,0.6810927656834727,0.2535347990474557,0.0002551447165395333,0.0011223648256403753,0.05508554977284504,2.776675591749977e-05,1307.391049116432,13.079026391264653
8.641486334822714,1.155029656857958,2.2799726475412636,1.8309461376812846,Si1,PU,combo_001,15.822096028569248,2.633436024735116,gp,0.44888875095548997,0.55111124904451,0.8977775019109799,0.0,0.0,335.3932055944882,1.863583600247685,0.38058564354039376,0.0,0.3277804349112036,0.9999999629999999,0.7068171350461498,0.4162762755365715,0.2589760581217949,0.001762085530656416,0.0009813060666781577,0.05537183132574814,5.7629248273196516e-05,861.7539922439364,15.141804318058936
9.392516685981658,1.5261497152305046,1.1802663369354682,1.7699875358346953,Si1,Si1,combo_002,16.624637464306932,1.8012631340102156,gp,0.5655280451466496,0.43447195485335044,0.8689439097067009,0.0,0.0,325.78281697635134,1.4997677254966848,0.33551596762850655,0.0,0.46079356145418426,0.9999999599999999,0.7066193843794615,0.39383679728956034,0.2642559655327833,0.0018081647969189333,0.0009695045425937028,0.055335835847877844,8.430631281941687e-05,826.3743137717856,10.25733677885172
9.392910053544865,1.2340421022568306,1.9049275913990364,2.4463501233109106,Si1,PU,combo_001,22.97834666773777,2.350760849537108,gp,0.47084217734241207,0.5291578226575879,0.9416843546848241,0.0,0.0,346.58822830527936,1.3686937155460996,0.4330867509825389,0.0,0.12101003138967707,0.9999999629999999,0.7065773503655653,0.4266477110087022,0.20800244974530208,-0.00018141097389396245,0.0007831419441977426,0.055346628567613125,6.915720963946866e-05,896.3100376515945,9.33128804045585
10.089718555364026,1.0897834711191248,2.364892234119945,2.2599129394091504,Si1,Si1,combo_002,22.801885518263763,2.5772204677218955,gp,0.46594045332155076,0.5340595466784492,0.9318809066431015,0.0,0.0,352.5258493664407,1.2508114461326696,0.46093231140130336,0.0,0.16628083275274935,0.9999999599999999,0.7065160351803024,0.44930840119869925,0.21003908271170432,-8.27739098424212e-05,0.0009854272244284505,0.05538200303126683,4.252645042768362e-05,933.0760229968688,7.962425042556201
15.910460806875612,1.2705345976910905,1.181896873629098,2.0174310675032228,Si1,Si1,combo_002,32.09825793008325,1.5016408688487035,gp,0.5553259465150262,0.4446740534849738,0.8893481069699476,0.0,0.0,425.19947086928676,2.131366706846601,0.8017485570934998,0.0,0.3638796450971061,0.9999999599999999,0.7064023294326747,0.717785729084055,0.27519016589569684,0.00041353018247501216,0.0010362810677350433,0.05516928394828467,8.830441181241704e-05,1291.0807712395488,11.696476945981068
14.675856228599919,1.112081200118239,1.7243671577968174,1.6570329134245874,Si1,Si1,combo_002,24.3183768034773,1.9176362982871613,gp,0.5491408003348681,0.4508591996651319,0.9017183993302638,0.0,0.0,412.13267269499033,1.4002954890595312,0.7404694161220133,0.0,0.3052047694194816,0.9999999599999999,0.7062810322688386,0.6605991771186718,0.23690610453252245,0.001344344341908147,0.0010349918173635964,0.055161733940359156,4.88679665149593e-05,1257.6285263639827,13.269637295380804
8.205401931033432,1.1554854325973607,2.3312558352704427,2.010584171279282,Si1,PU,combo_001,16.497651241520273,2.693732157312589,gp,0.4428189916568499,0.5571810083431501,0.8856379833136998,0.0,0.0,330.5941144834242,2.3773856887991993,0.3580794276482413,0.0,0.37989244570761815,0.9999999629999999,0.7062356489104055,0.4116533380970575,0.2875136038599865,0.0013301643396856264,0.001034250191339222,0.05529900896418261,8.692958876730575e-05,839.1196770965356,17.523470623754143
12.12510459926005,1.2175807263713443,1.711620316210376,1.3843053247950325,Si1,Si1,combo_002,16.784846860452426,2.0840359078833797,gp,0.45833832295691934,0.5416616770430807,0.9166766459138387,0.0,0.0,374.09129755466057,1.1880114348035495,0.5620674266768073,0.0,0.23482443139889356,0.9999999599999999,0.706207346910966,0.5262337374210129,0.21778800733558829,0.00138339581451561,0.0008747527526821456,0.0551735960590396,4.702033910674617e-05,1058.3596453837056,8.77440140536457
14.58158931833788,1.199720760966648,1.546881524917776,2.4854935665936297,Si1,Si1,combo_002,36.24244644143919,1.8558258801996033,gp,0.4464971528427668,0.5535028471572332,0.8929943056855336,0.0,0.0,411.9151409371087,2.0994329566478727,0.7394492611399591,0.0,0.34510396281457956,0.9999999599999999,0.7061768502971633,0.6719307015241051,0.2710859809785522,0.0004506895941160544,0.0010002183194956988,0.05518230067553864,4.5197731971374166e-05,1228.894193811974,14.31209513220541
8.58991074378428,1.09617339627331,2.532399668457831,0.8164127472379519,Si1,Si1,combo_002,7.012912628861723,2.775949145294825,gp,0.4567261058258083,0.5432738941741917,0.9134522116516166,0.0,0.0,322.82727411583784,2.932566230739925,0.3216554085855925,0.0,0.24925973459654768,0.9999999599999999,0.7061289383357807,0.37949024338141113,0.290308161880928,0.0009537602805364913,0.0010839154348465832,0.055351418726196706,5.620557822483155e-05,844.4184527166694,14.445443407946662
15.153642274569865,1.1550549442987263,1.5486990249842059,0.9745415457324843,Si1,PU,combo_001,14.767853965736435,1.7888324660386237,gp,0.5574435656313455,0.44255643436865455,0.8851128687373091,0.0,0.0,420.10874900532644,1.77971679637636,0.7778746854237056,0.0,0.3811565686329916,0.9999999629999999,0.7060836615910268,0.6987498747253338,0.26360027592399127,0.0002400601551435697,0.0011102402114428177,0.05520258358311339,8.580917625898459e-05,1315.2449311659755,12.273771672949204
9.914363869481031,1.035770664741452,2.5522369617353844,1.3972764145488918,Si1,Si1,combo_002,13.853106800081532,2.643532174434363,gp,0.5549566923709506,0.4450433076290494,0.8900866152580988,0.0,0.0,346.8324146638273,2.1078158065409576,0.4342319075916161,0.0,0.3578135559822921,0.9999999599999999,0.7060667260679634,0.45964610357087854,0.2733304857021571,0.0010622411334824668,0.0010342203214167454,0.05540023422674695,3.7734551770808285e-05,923.8757695627716,9.962266478876861
8.66959129283545,1.222726484184114,2.0153603177192827,2.0635385595590003,Si1,PU,combo_001,17.89003592838292,2.464234435649077,gp,0.460469782216407,0.539530217783593,0.920939564432814,0.0,0.0,334.97196924275016,1.7138992398359834,0.37861017859204493,0.0,0.21369232099292562,0.9999999629999999,0.706048688320617,0.4017599216019333,0.23582633125767155,0.0012179982940610345,0.0009826814080767332,0.05538741121718165,5.4645596775031636e-05,851.6893921358961,13.798443882446165
12.912240483724727,1.4244237244767262,1.1898842247733825,0.7023185131852759,Si1,PU,combo_001,9.068505538420279,1.6948993191478035,gp,0.4505614855422948,0.5494385144577052,0.9011229710845896,0.0,0.0,378.5747352742719,1.2586263251771863,0.5830933282322001,0.0,0.3050973231157493,0.9999999629999999,0.7059113023825314,0.5487928081659131,0.231176717188656,-8.542045030850457e-05,0.0004889973709470758,0.05524045644471787,2.674470620422392e-05,1087.6604485046125,8.647960135518273
12.416634154896123,0.9936819903728726,2.5359342315177136,1.8053977720007368,Si1,Si1,combo_002,22.41696363899771,2.519912174629223,gp,0.4566508136683325,0.5433491863316675,0.913301627336665,0.0,0.0,383.0044698299288,1.238924806478756,0.6038673789737451,0.0,0.2478364028616472,0.9999999599999999,0.7058565759505477,0.5573815433696562,0.22179305073579186,0.001384579321705921,0.00097264650796489,0.05522544640019599,8.164084946948711e-05,1081.9863449648574,6.843885631240936
9.714960327639925,1.2117010586332921,1.9099588355575126,0.8337453709685793,Si1,PU,combo_001,8.09980320231318,2.314299142991048,gp,0.5427421002332977,0.4572578997667023,0.9145157995334046,0.0,0.0,341.9875695155131,1.9416832965918347,0.4115111197698087,0.0,0.24205433696723505,0.9999999629999999,0.7058417250539946,0.4302513919157239,0.24926676827555552,0.0006764946020663917,0.0009659458540749556,0.05535669592121319,7.681077272994683e-05,910.4452845898061,11.704296292639832
13.799481077829169,1.1615173687154123,1.672135100059714,0.5660495372955259,Si1,PU,combo_001,7.811189879023566,1.9422139615580418,gp,0.5441908852831574,0.4558091147168426,0.9116182294336852,0.0,0.0,399.488110120146,2.0789323972282974,0.6811704262538708,0.0,0.2550634980340869,0.9999999629999999,0.7057760277349546,0.6218952561010651,0.2567531598249273,0.0003640869066079146,0.0009238807154719775,0.0552598667473362,1.864175099641457e-05,1226.3835008602732,9.916131216280352
8.417598207285659,1.1261082508090288,2.439187884987515,2.197898306182093,Si1,PU,combo_001,18.50102484191457,2.7467896025578646,gp,0.43712718213014057,0.5628728178698594,0.8742543642602811,0.0,0.0,335.40557499906305,2.2082537320234796,0.380643652126473,0.0,0.42939063508643516,0.9999999629999999,0.7057712151382594,0.4304493148853424,0.28811753477155266,0.0005173257555227791,0.0010440308265842783,0.055316935258696805,7.120672010462363e-05,856.7466156485252,15.814947331659312
12.310733785006438,1.124128124491048,1.98996803530764,0.9701750764229263,Si1,Si1,combo_002,11.943567090690921,2.2369790353275127,gp,0.456345043793732,0.543654956206268,0.912690087587464,0.0,0.0,376.45491711181955,1.7840054172355584,0.5731520530798555,0.0,0.2496962874115787,0.9999999599999999,0.7057292420201393,0.5423474186957095,0.2440541859070215,0.0004499481878204082,0.001062258149965329,0.055210373600976144,8.206560842810841e-05,1077.409407270118,9.793651281797626
8.268423039353536,1.4898339123730082,1.360824664502726,1.3945394394943502,Si1,PU,combo_001,11.530642030802252,2.0274027339697827,gp,0.44247746890424366,0.5575225310957563,0.8849549378084873,0.0,0.0,314.2359299959874,1.9825592162508117,0.28136472831087306,0.0,0.3788278636900006,0.9999999629999999,0.7056909227778332,0.3532972576261844,0.27143125199200624,0.0010545466220863136,0.0011675064336416413,0.05530131276111359,9.285130098444739e-05,776.4706922032022,14.21448322080459
12.252167240170234,1.4650820131487317,1.1644921107651172,1.9500279236046316,Si1,Si1,combo_002,23.892068243005852,1.7060764459355737,gp,0.4501650332953062,0.5498349667046938,0.9003300665906124,0.0,0.0,370.2693070014545,1.4039867025433435,0.5441435026383757,0.0,0.3066606466714614,0.9999999599999999,0.7056375510798503,0.5233591568957219,0.23727334633671382,-0.00017518086396206578,0.0005165137704673625,0.05519576188865219,7.74068327371172e-05,1009.8867235363588,10.159425790562064
14.952061620240425,1.2549265997009393,1.3723136651832208,2.1624926285210204,Si1,PU,combo_001,32.333723034961984,1.7221529215715128,gp,0.464896660743392,0.535103339256608,0.929793321486784,0.0,0.0,420.97103241152547,1.646210527910982,0.7819185212357399,0.0,0.1685976947254236,0.9999999629999999,0.7055648172816107,0.6787863651226814,0.2263323693567379,0.000343898222379223,0.0010579409542530742,0.05519373097325257,8.767825844345245e-05,1264.2550793140174,11.374765267748126
15.227704557355015,0.9087305650612219,2.6433123522088784,2.0799781043128425,Si1,PU,combo_001,31.673292058243316,2.4020587274560814,gp,0.46235911389688056,0.5376408861031194,0.9247182277937611,0.0,0.0,428.58297941903874,2.3240841646843466,0.8176161395442898,0.0,0.19195400285835013,0.9999999629999999,0.7055228671432943,0.7139210327928373,0.25717327971975057,0.00034361305044738503,0.0010009669729611754,0.05521405088919995,6.790716468497189e-05,1331.9258600480475,14.450033726514999
10.625750292466027,1.1746833055866064,1.9275487867305443,2.0444249101820686,Si1,Si1,combo_002,21.723548587291944,2.2642593804760884,gp,0.553036165431223,0.446963834568777,0.893927669137554,0.0,0.0,357.2760808103678,1.3374535228672801,0.483209390944186,0.0,0.3353326636902626,0.9999999599999999,0.7054830751596304,0.4828058611670827,0.23889098153348123,0.0005584281281221348,0.0009302588120197181,0.055250271720245,8.456983027748336e-05,959.0512201853037,9.622280308475336
8.231518410725371,1.5727519366950486,1.1505017118392864,2.4917254738710106,Si1,PU,combo_001,20.510684112642625,1.8094537954662064,gp,0.5468488444529669,0.4531511555470331,0.9063023110940662,0.0,0.0,317.89092425522733,2.6772017039654243,0.29850549267214677,0.0,0.2775076393384235,0.9999999629999999,0.7054732503707127,0.36316769102122415,0.2842469410598401,0.00035705181351971193,0.001105796614865913,0.05529626063869648,9.536275059733271e-05,767.8697720421286,20.14776158333264
13.803621330139348,0.968897406209681,2.478429551169466,2.2498616389618045,Si1,PU,combo_001,31.056238109435437,2.4013439636015192,gp,0.46653440468558927,0.5334655953144107,0.9330688093711785,0.0,0.0,411.25707255509843,1.1292256234105467,0.7363631290506606,0.0,0.15214747256053845,0.9999999629999999,0.7054156226537155,0.6392956822202805,0.2030157344847559,0.00016566262269895768,0.0009103372453637839,0.055191170659198076,3.4747221439808586e-05,1236.0682482017332,8.8037341030664
15.363170241541532,1.3272976379019585,1.116643524807008,2.077987432995854,Si1,Si1,combo_002,31.924474692899185,1.4821183128548587,gp,0.549026354321299,0.450973645678701,0.901947291357402,0.0,0.0,416.94700114407334,1.7567704824145993,0.7630470902988994,0.0,0.29698927429498545,0.9999999599999999,0.7053654109691554,0.679689432715265,0.25004979641212716,0.00033705242922297293,0.0010415252012019925,0.0551440281615995,6.982697393584636e-05,1237.979552662851,10.556827820269516
10.323793542416011,1.4409576479174242,1.2960795127652447,1.5060418045614532,Si1,Si1,combo_002,15.548064656540086,1.8675956862281682,gp,0.5572616477497547,0.44273835225024527,0.8854767045004905,0.0,0.0,340.6864113723969,1.2317530345226906,0.4054091005746964,0.0,0.3730798735008789,0.9999999599999999,0.7052664947158094,0.43090245981631614,0.24029034624892454,0.0016755709654788752,0.0010728836080970213,0.05530467985056845,8.719218019557233e-05,897.5525779450101,10.796856928557894
12.260267225498133,1.1153022577736436,1.9652330563631568,2.034811668938049,Si1,Si1,combo_002,24.94733481474232,2.191828864813227,gp,0.543282201181654,0.45671779881834595,0.9134355976366919,0.0,0.0,381.48534902413036,1.1195032266736245,0.5967431839896704,0.0,0.24238513391278413,0.9999999599999999,0.7052383234136963,0.5504734615580703,0.21615929589599692,-0.0003965368981234807,0.000713731026557735,0.05520196978731287,7.739811079943889e-05,1081.5248224618686,9.717450547208049
13.382322831557882,0.9661734773099924,2.5756954827493965,1.2396391319496942,Si1,Si1,combo_002,16.589251058382988,2.488568661059624,gp,0.43935653122922247,0.5606434687707775,0.8787130624584449,0.0,0.0,393.1712771519498,1.7810111729932874,0.6515464822097308,0.0,0.40381370355791896,0.9999999599999999,0.7051601875571387,0.6126007599413301,0.26705104566923155,-0.0004038453546805111,0.0009298297300761435,0.055209159160528216,5.916618527956624e-05,1147.5117157540217,8.287429202595936
12.074315265365376,1.1861965023790562,1.764404877233273,1.2658042357843668,Si1,Si1,combo_002,15.283719407095335,2.0929308941546565,gp,0.53926276547557,0.46073723452443005,0.9214744690488601,0.0,0.0,373.8753200340658,1.350719455349348,0.5610545605749007,0.0,0.20405899295063445,0.9999999599999999,0.705134376634208,0.5243229676836992,0.21973492289431393,0.001101909823538251,0.000706692254093564,0.05516507813571801,2.9385520971336367e-05,1058.7779841883996,8.824755877217699
15.439255983773421,1.0978599894615302,1.7789408043000283,1.4889945269893512,Si1,Si1,combo_002,22.988967660626216,1.9530279326615152,gp,0.4457087880169439,0.5542912119830561,0.8914175760338878,0.0,0.0,419.88952842018256,1.6762161539040228,0.7768466103771875,0.0,0.3439718849805318,0.9999999599999999,0.7050892050894562,0.6931191818703056,0.2538485721258542,0.000470830990032566,0.0008895709386494804,0.05510805949448541,4.7080866990351036e-05,1312.2610051225474,14.81039697161938
15.984129668415655,1.0758954933972658,1.7036389423928442,1.2453896507176325,Si1,Si1,combo_002,19.90646966477352,1.8329374604965452,gp,0.5491450019878243,0.45085499801217566,0.9017099960243513,0.0,0.0,426.2400627704671,2.2578812223785025,0.8066286032192332,0.0,0.2954970813738473,0.9999999599999999,0.7050323884374747,0.7158212507861083,0.270034891589488,-0.000414529733524961,0.0008766267461277642,0.05517995406716604,8.922509183073253e-05,1353.745353544167,17.294001646652564
14.505172562485082,0.9518676581952576,2.5043545291566063,0.6394354526130619,Si1,Si1,combo_002,9.275121582723216,2.383814080958986,gp,0.451512539317136,0.548487460682864,0.903025078634272,0.0,0.0,403.92088813549015,2.7363912951374303,0.7019587498565046,0.0,0.28855313946273614,0.9999999599999999,0.7049290204408005,0.6473715245372526,0.28829077883940035,0.0003934463651444091,0.0010359553907312291,0.055202125847675795,3.424217080371533e-05,1228.6544349757462,13.46884667055822
9.232564756126802,1.351536543235861,1.563939645431609,1.8140533606397606,Si1,PU,combo_001,16.748365123176036,2.113721582216155,gp,0.5303287741304956,0.4696712258695044,0.9393424517390088,0.0,0.0,336.26710983455837,1.0178367357666516,0.38468397737922044,0.0,0.11838909330361459,0.9999999629999999,0.7048415275647718,0.38846097526715084,0.19345985759521495,0.0020638600530654616,0.0007734687974033682,0.055363144159297155,7.076738900657673e-05,861.8876688374376,8.568749529228407
14.754454810254042,0.9185668918421955,2.6523865143560847,2.0025857257476263,Si1,PU,combo_001,29.547060594203145,2.4363944364562236,gp,0.45739554317346176,0.5426044568265382,0.9147910863469235,0.0,0.0,422.22656052151854,1.6998979287375438,0.7878065500412412,0.0,0.23196068146426466,0.9999999629999999,0.7047132350472985,0.6898628895173111,0.23800193681669474,0.0002903570744776261,0.0009000403617157906,0.05514235443825895,5.077875068852478e-05,1298.664988730352,11.696069962184742
8.52787056045529,1.2747043883730294,1.8602270799040208,2.0169800965269893,Si1,PU,combo_001,17.20054518619678,2.3712396221240013,gp,0.46259077814310956,0.5374092218568904,0.9251815562862191,0.0,0.0,330.85254277529003,1.7965003620569544,0.3592913744095694,0.0,0.1834428383274138,0.9999999629999999,0.7047095220764183,0.3861635702698316,0.23462006837548274,0.0014425290292217783,0.0009588593641391895,0.05534848606473667,6.913015544178483e-05,832.7794491667296,13.815015197930476
14.048149026294073,1.0202341916552924,2.227931544312921,0.6449631835921936,Si1,Si1,combo_002,9.060538919576201,2.27301193817542,gp,0.4391105313626156,0.5608894686373844,0.8782210627252311,0.0,0.0,398.4281338363404,2.4627031367576593,0.6761994735189056,0.0,0.4025257654941896,0.9999999599999999,0.7047010611676148,0.6375837602302402,0.2943493055856839,0.00027552114851073803,0.0009745251478711593,0.05530781123839376,5.387891889075089e-05,1204.305549887258,12.888756638090301
13.911845909413875,1.3664296717076456,1.1684158736360994,0.6712525774750179,Si1,PU,combo_001,9.338362424129349,1.5965581186305773,gp,0.556092417425532,0.44390758257446805,0.8878151651489361,0.0,0.0,394.4701228691775,1.332421622704082,0.6576376568605163,0.0,0.357538844172464,0.9999999629999999,0.7046735899185139,0.6070682862918408,0.24201898127868512,-9.977249981122575e-05,0.0005168143686746035,0.05533015792792108,4.333505377576679e-05,1160.6358452825573,7.2921641475732315
12.753304850820271,1.3221925405323807,1.3627475700869627,2.2773472819274105,Si1,Si1,combo_002,29.043704137607204,1.8018146717976096,gp,0.5292034538191714,0.47079654618082856,0.9415930923616571,0.0,0.0,383.9106025882461,1.5225625792559636,0.6081168543459932,0.0,0.10655904673474471,0.9999999599999999,0.7046715222617497,0.5494966170297902,0.2120400651096337,0.0005300461653279351,0.0010652637953958417,0.055205590346874354,4.445215514572002e-05,1077.3720981925271,11.144775160371495
8.984309277935404,1.1221727159806636,2.3762416844278813,1.664404271644469,Si1,Si1,combo_002,14.95352273997072,2.6665535848409023,gp,0.4464765875434722,0.5535234124565278,0.8929531750869444,0.0,0.0,333.2937268343776,1.6279161999777645,0.3707397537369884,0.0,0.33291481408249385,0.9999999599999999,0.7045907492753016,0.4071821456778439,0.25024215840033326,0.0017066683709614917,0.000884512133590041,0.05540084087875237,7.534649569535768e-05,866.4714370975339,9.395112180733607
12.219816108719211,1.4610680692496731,1.1770634756544844,1.8183820299605684,Si1,Si1,combo_002,22.22029402151769,1.7197698597588071,gp,0.44109314775316477,0.5589068522468352,0.8821862955063295,0.0,0.0,369.38704928364746,1.30000956015321,0.5400059936372015,0.0,0.38175624595042,0.9999999599999999,0.7044108866497656,0.5267743984620092,0.24434446901580462,0.0007962738351291927,0.0009674726090177743,0.055189914108370555,7.200699798869306e-05,1008.9191307887015,9.408763808416603
11.67118325010689,0.9406306073185795,2.8658465317719086,1.5611343145064962,Si1,PU,combo_001,18.220284662635322,2.695702963662455,gp,0.537872900629992,0.46212709937000795,0.9242541987400159,0.0,0.0,379.86714650093023,1.989503519318302,0.5891543271620923,0.0,0.1851354733230077,0.9999999629999999,0.704371956571551,0.5494607525448569,0.24265744509527193,0.0012934264246080057,0.0009608753940114321,0.055186519722506246,7.291833334845277e-05,1067.0745859806193,10.595300322056463
11.69380995056174,1.029957028820739,2.377084667745164,0.9147889450797716,Si1,Si1,combo_002,10.69736806863771,2.4482950616461423,gp,0.5514671872482779,0.4485328127517221,0.8970656255034442,0.0,0.0,369.0210031551368,2.3845764859725485,0.5382893533392594,0.0,0.3115246702579308,0.9999999599999999,0.7043090799356571,0.5310463631891322,0.27754842942919106,0.0005495977256756969,0.0011028955816585436,0.05518484915860255,7.59408520656094e-05,1031.813778987391,11.786874025758479
11.535965422244628,1.2667557822808302,1.6326602363583036,1.2414726706655501,Si1,Si1,combo_002,14.321585801459479,2.068181794906868,gp,0.46079894659374077,0.5392010534062592,0.9215978931874815,0.0,0.0,363.1623550991567,1.103986764205623,0.510814151278594,0.0,0.19670007516823101,0.9999999599999999,0.7042654366369157,0.4855758465202149,0.20868078515455105,0.001361074336540567,0.0005600403826935379,0.0551837052522165,6.517182514786417e-05,1008.2410929278499,8.435515753484832
14.621719669585904,1.0906047490205864,1.884645337866182,1.1609440882102429,Si1,Si1,combo_002,16.97499900987318,2.0554031556963657,gp,0.43853266243866074,0.5614673375613393,0.8770653248773215,0.0,0.0,408.2710357237854,1.6284296869036452,0.7223595629519645,0.0,0.4044797514743119,0.9999999599999999,0.7042604435740045,0.6604784224486965,0.26099760704326264,-0.0001361371348778573,0.0010255914953035516,0.0551622821177466,3.0606661272500636e-05,1254.3946716337528,12.98784951098949
13.208054552246123,0.9210256710162723,2.753540880800907,1.169107744007104,Si1,PU,combo_001,15.441638860299227,2.536081837410393,gp,0.5538321020748356,0.4461678979251644,0.8923357958503289,0.0,0.0,398.6902711455971,2.1872998159603108,0.6774288143959557,0.0,0.33280911149234194,0.9999999629999999,0.7042081197796823,0.6282993375514107,0.2727852712613775,-9.260055470170457e-05,0.001047393721131109,0.0553060130545516,4.962806137771641e-05,1182.8972615647435,10.093412672284087
14.905176944458784,0.8931339543611716,2.773029187626163,1.711567614858238,Si1,Si1,combo_002,25.51121815186732,2.476686523903502,gp,0.4664079391123437,0.5335920608876563,0.9328158782246874,0.0,0.0,414.44950594605086,1.337183462587131,0.7513346295817604,0.0,0.14282269052562094,0.9999999599999999,0.7040698448598552,0.6512394191651656,0.21000359449764242,0.002192347279937422,0.0005441135553609983,0.0551655756490072,7.119828039553763e-05,1255.884734391672,10.17142248072179
12.418346969326436,1.0132128095911102,2.4539237823747846,1.0707608964861501,Si1,Si1,combo_002,13.29708033375204,2.4863470100623997,gp,0.44346441237668444,0.5565355876233156,0.8869288247533689,0.0,0.0,379.4473238432383,2.113760243053898,0.5871854919906472,0.0,0.3565816265552395,0.9999999599999999,0.7040210814422558,0.5666589136446739,0.2733854250682253,0.0005036740662847424,0.0010814956997159738,0.05522463598269345,8.199494078833444e-05,1079.8328541639091,10.094818709220807
9.55866054888125,1.5291461828889061,1.1848627402971335,0.8155263377067965,Si1,PU,combo_001,7.795339430811563,1.8118283365726509,gp,0.5549392242133706,0.4450607757866294,0.8901215515732588,0.0,0.0,326.3204840916527,1.8512543824657628,0.33803745594682283,0.0,0.341515944752342,0.9999999629999999,0.7039997789631333,0.38772403352004847,0.2605391686999854,0.0004550355956369789,0.0008246100083191906,0.05533211414445356,8.927524641285739e-05,848.3589833656889,14.644847363100627
12.6235596090162,1.2682295110887951,1.5354570257757896,2.289123221384722,Si1,PU,combo_001,28.896883437533226,1.9473119130974852,gp,0.45707099353695924,0.5429290064630408,0.9141419870739185,0.0,0.0,389.45647876225615,0.9090029466531246,0.63412525543587,0.0,0.22842510396113272,0.9999999629999999,0.7038722519107616,0.5728194488800927,0.20557618187021665,0.0004971745544311447,0.0010446315885023808,0.05520861116654333,7.351878619938161e-05,1127.834084740014,7.098342303666757
8.628100227220266,1.4905224296245485,1.34092409525399,1.198960881124991,Si1,PU,combo_001,10.344754650862745,1.9986774404000767,gp,0.4443407692667307,0.5556592307332693,0.8886815385334614,0.0,0.0,317.6132261677502,1.7531769628993488,0.29720317667835594,0.0,0.346674131231946,0.9999999629999999,0.7037996923606242,0.3585257733492526,0.25735760501402305,0.0008782375634622359,0.0011188858294888574,0.0553900350490657,5.379252128781497e-05,797.0576854982342,12.745936700784217
10.441054232471227,1.3041413457162416,1.6264897118975725,0.692430897592518,Si1,Si1,combo_002,7.229708554002211,2.121172481667722,gp,0.4740745421795083,0.5259254578204917,0.9481490843590166,0.0,0.0,341.764835660239,1.531259956436295,0.41046656860016467,0.0,0.06849370113284002,0.9999999599999999,0.7037144733050598,0.4074350967579786,0.20668101335595387,0.0008479708491042024,0.0009846182629756847,0.055275216795171125,8.559331534417184e-05,922.0803906348626,10.66961258440251
10.37863657828433,1.3264565522056966,1.5467593344505033,2.0323122668032623,Si1,PU,combo_001,21.092630430740282,2.0517090538671927,gp,0.5326500128137042,0.46734998718629583,0.9346999743725917,0.0,0.0,354.65050036638604,0.6740756110243004,0.47089625102937305,0.0,0.13108725121958567,0.9999999629999999,0.7036928283702223,0.4461184431990953,0.18150129333095272,0.000788352315919834,0.0008815685624565906,0.05528962683161507,8.631249916128377e-05,950.6600083821413,6.428961156513649
15.299293770718574,1.2093331975860444,1.4614625440087208,2.1709534175812215,Si1,Si1,combo_002,33.214054098120585,1.7673951714983014,gp,0.44818005059610755,0.5518199494038925,0.8963601011922151,0.0,0.0,419.37644179118996,1.9794018692446784,0.7744403967470979,0.0,0.3091976798868467,0.9999999599999999,0.703589192274835,0.6914508267625469,0.2608593936611552,0.0004014046481621138,0.0010762191861251088,0.055169257946549435,7.55497695229888e-05,1275.3558461507278,13.287983585142866
8.751272432995972,1.3733905069249972,1.5766302956287477,2.154369099014321,Si1,PU,combo_001,18.8534709067024,2.165329080946874,gp,0.4609544316301708,0.5390455683698292,0.9219088632603416,0.0,0.0,330.81416167403944,1.601334379281602,0.35911137921236774,0.0,0.18974231635230165,0.9999999629999999,0.7035600090239056,0.3844187487315062,0.22769428561951038,0.0008069358480054084,0.0010066276394814866,0.05541752760281754,3.595165356236705e-05,829.6528168913482,11.806678418164596
15.242079835534543,1.1868529055954955,1.5254533945760966,1.2500478028635986,Si1,PU,combo_001,19.053328409481516,1.8104887937031522,gp,0.4581006594895314,0.5418993405104686,0.9162013189790628,0.0,0.0,421.63953939501266,1.3616699021716465,0.7850536070566962,0.0,0.2162275901928961,0.9999999629999999,0.7035408016240311,0.6824653352350395,0.22200182539515342,-2.1074501217175886e-05,0.0007285900706119069,0.055188244397037484,8.040188138699078e-05,1313.3938161255708,11.511911007266905
14.242955836748092,1.1040163258109001,1.8688009888350385,1.4925788425868223,Si1,PU,combo_001,21.25873453782869,2.063186801365436,gp,0.44917099874055566,0.5508290012594443,0.8983419974811113,0.0,0.0,412.454092572068,1.0147151256648286,0.74197677344825,0.0,0.2994928172793385,0.9999999629999999,0.7035307742963549,0.6566403365978394,0.22049952708835743,0.0010526739006386876,0.0008646170361878068,0.05531486664447995,4.23465222448261e-05,1271.5650598506277,8.390240391138944
9.280199757386178,1.0453521531877095,2.5681237198827223,2.0228309645608933,Si1,PU,combo_001,18.77227542655125,2.6845936602318337,gp,0.5593127262139888,0.44068727378601125,0.8813745475720225,0.0,0.0,348.79992845776565,1.7005635505758643,0.443458923539506,0.0,0.3785260095382232,0.9999999629999999,0.7035117836729293,0.46348375330790137,0.26001357939822045,0.0011248333279569732,0.0010524295951539972,0.05537190998245909,3.7034938183446314e-05,914.1166743555843,12.084126495188062
11.287366131862726,1.0379760708547936,2.475309673517998,2.1210353632231875,Si1,PU,combo_001,23.940902723328563,2.5693122090670735,gp,0.44937558211145756,0.5506244178885424,0.8987511642229151,0.0,0.0,375.91222014739895,1.4297398460918118,0.5706069763637441,0.0,0.2974247448811823,0.9999999629999999,0.7035104530344686,0.5412567356141611,0.23692654098215407,-2.0839366798822254e-05,0.0009540046986596135,0.055199085183479234,6.577111451062698e-05,1042.7342726172333,11.492517316846834
15.856365831537538,1.1986234349015148,1.4473874740662576,2.3354123119550385,Si1,PU,combo_001,37.031151985835955,1.7348725457987249,gp,0.4517753302477132,0.5482246697522868,0.9035506604954264,0.0,0.0,434.74433807970587,2.790339967250407,0.8465109583749357,0.0,0.2747767354986764,0.9999999629999999,0.7034783802219275,0.7478020464224484,0.2883999747602419,0.0004795930725657385,0.0011266058322945214,0.0551454403976752,8.077036077660323e-05,1339.006044705696,15.23020948696605
13.586751645241655,1.1788336805787063,1.6423687535183935,2.1995735245586028,Si1,PU,combo_001,29.885059203626582,1.93607960257755,gp,0.5427010053160615,0.45729899468393853,0.9145979893678771,0.0,0.0,405.70153832081775,0.9589952568239525,0.7103094347199347,0.0,0.22290796946202146,0.9999999629999999,0.7034380823787973,0.6261726903213526,0.2067647145684896,0.00014357535594398322,0.0009465865365271147,0.05516816452068956,3.127162069786486e-05,1210.3054484030606,9.749950412210607
10.50795372119488,1.4320976780678467,1.345650965881946,1.1411146019405578,Si1,PU,combo_001,11.990779427771098,1.92710362372929,gp,0.46498979039925814,0.5350102096007419,0.9299795807985163,0.0,0.0,346.4952214271455,1.3464625380395163,0.4326505782093424,0.0,0.15058894647518656,0.9999999629999999,0.7033691272744445,0.429044125946759,0.21154274230573034,0.001067056493304087,0.0009529257874777634,0.05526726051839667,8.916330027267599e-05,935.5953854011246,10.816595891205019
8.368896264908173,1.6168829220235297,1.1262424572696614,0.753718919956968,Si1,Si1,combo_002,6.307795454018492,1.8210021952171305,gp,0.4701285125955721,0.5298714874044279,0.9402570251911442,0.0,0.0,300.61529868215734,1.2767421224537983,0.21748828549241056,0.0,0.10246517698518197,0.9999999599999999,0.7033483271853385,0.27281480007193554,0.2015124733983322,0.0006726803632897716,0.0009931229695645902,0.05531609695969587,9.023328547047267e-05,748.0102350647635,8.63780831193243
15.832016877956221,1.2708120288558455,1.1949997215886423,1.6393984955163263,Si1,Si1,combo_002,25.954984650710514,1.518620020674233,gp,0.5475558438630799,0.45244415613692013,0.9048883122738403,0.0,0.0,422.0871388138264,1.4834464968782717,0.7871527064319508,0.0,0.2663208783705009,0.9999999599999999,0.7031948178986478,0.6903471870726988,0.23442685632206667,0.0008645891067749724,0.0011154773227575398,0.05514638074738019,8.182474837228287e-05,1290.7646354656722,8.745320940433437
10.805616706849008,1.2602472644106473,1.682107737263687,1.7581709361257667,Si1,PU,combo_001,18.998121240896946,2.1198716743305455,gp,0.5300444473437622,0.4699555526562378,0.9399111053124756,0.0,0.0,361.7924446884628,0.9066599978358579,0.504389705744542,0.0,0.10197174639331316,0.9999999629999999,0.7030783140440655,0.46933223203977337,0.18651369118641623,0.0020190157722677275,0.0008171009579303929,0.055246714300826574,9.378649153063935e-05,992.1841972172706,6.293881182030544
13.385044673966165,1.3678637810774017,1.251830939475581,1.9109274000525365,Si1,PU,combo_001,25.577848618409217,1.7123342021407444,gp,0.46251220997878306,0.5374877900212169,0.9250244199575661,0.0,0.0,394.42854154057227,0.8415315480190751,0.657442653611565,0.0,0.17086756031144423,0.9999999629999999,0.7030046034353922,0.5826084434969817,0.194221546228813,-0.00017865744614248074,0.0008255077151766871,0.05521852323103751,5.7949893443899644e-05,1133.2456076655449,6.619666503531656
11.787298083885183,1.2606786971839012,1.6310155995882676,2.0142996030264886,Si1,Si1,combo_002,23.743149851124812,2.0561866211755566,gp,0.44193770884403705,0.558062291155963,0.8838754176880741,0.0,0.0,370.815977907496,1.2178120738323719,0.5467072158808612,0.0,0.36244871252920474,0.9999999599999999,0.7029472720862227,0.5285873916663958,0.23813345741843414,-0.00021930026508349939,0.0005098582668812311,0.05518043634842264,7.585066300414193e-05,1031.1954779199677,9.813821787724306
9.219454045749533,1.1303453637696976,2.317631334119535,2.4388502975610944,Si1,PU,combo_001,22.484868242827083,2.6197238334493957,gp,0.4453390663520622,0.5546609336479378,0.8906781327041244,0.0,0.0,347.40906062517274,1.619376523822756,0.43693619434071695,0.0,0.3293811907176782,0.9999999629999999,0.7027779770828501,0.4530678948414911,0.24936772506692678,-0.000548543577456146,0.0004091578563115396,0.055379899884189426,4.739633313412841e-05,903.0008389082847,12.469287012663822
9.537428578448004,1.2125423223049805,1.9153794805329005,1.1670793202799248,Si1,PU,combo_001,11.130935662553426,2.3224786834206705,gp,0.550307575309688,0.449692424690312,0.899384849380624,0.0,0.0,341.8012066183405,1.5803371403600948,0.4106371368632571,0.0,0.28826874735033536,0.9999999629999999,0.702716345083856,0.4300974844422041,0.24162646816266753,0.000979945525670344,0.0010364723245280256,0.05533575809091029,8.227553024601093e-05,900.3796897105083,10.565773703152981
8.675442701522547,1.2947104915425358,1.8088167199492156,0.7348808911032959,Si1,PU,combo_001,6.375417063210474,2.341893984595806,gp,0.44692408486436364,0.5530759151356364,0.8938481697287273,0.0,0.0,323.1080087371622,2.2540601823225033,0.3229719649604781,0.0,0.313659394716236,0.9999999629999999,0.7026590569105267,0.3790338082403248,0.27260514314471834,0.0009780242058643818,0.0009891388447137166,0.055394490847781655,5.1034596624378374e-05,829.6666016785949,15.66056642141648
15.576517222174616,0.824381447050748,2.9999521652776417,1.9575086003100879,Si1,PU,combo_001,30.49116642528501,2.473104907094607,gp,0.554254318424654,0.445745681575346,0.891491363150692,0.0,0.0,432.1094757157027,3.0947425291775423,0.8341542891977974,0.0,0.3235058957500687,0.9999999629999999,0.7025114869799685,0.747532729910632,0.30798537440259455,0.000722705564511312,0.0010687070470833562,0.05509063707052648,5.055617219943406e-05,1349.3413934246164,16.779154295185965
8.0517001225499,1.043115923884054,2.9020448990594323,1.2346939037586127,Si1,PU,combo_001,9.941385056204835,3.0271692460353856,gp,0.4399782601468587,0.5600217398531413,0.8799565202937174,0.0,0.0,326.55203986488755,3.427029010439394,0.3391233791149584,0.0,0.37728617807464293,0.9999999629999999,0.7025052117566861,0.4102178455274259,0.3294529522994141,0.0008091147354151978,0.0011772437526826232,0.05529359112602532,8.675347575784022e-05,837.8748562611003,21.5716569017809
15.429043800051293,0.9534213212232072,2.399268592892324,1.2896018685811188,Si1,Si1,combo_002,19.897323714966074,2.2875138318047448,gp,0.4344653135534884,0.5655346864465116,0.8689306271069768,0.0,0.0,419.1713262423628,1.9747683158258567,0.7734784698492945,0.0,0.4283094476601274,0.9999999599999999,0.7024500103637157,0.7026352652410914,0.27853929568102315,-0.001086030249027457,0.0009536343068747223,0.0551282807455794,5.474179750674244e-05,1300.4088022830917,15.846044812182294
10.924968308490236,1.2940168798099392,1.5647273851306618,2.1259521193444018,Si1,Si1,combo_002,23.22595952920524,2.024783648659944,gp,0.5605096111397785,0.4394903888602215,0.878980777720443,0.0,0.0,358.333284149104,1.3662274801475753,0.48816733944586094,0.0,0.38049381340036226,0.9999999599999999,0.7023328015036887,0.49112408398212254,0.24682555761499714,0.00023307751759270588,0.0009757936548872258,0.05524379266147932,9.61853312685735e-05,966.8990751243314,11.16221969540753
8.172428321421418,1.1025980455421074,2.5460618948321425,2.1302237749173605,Si1,Si1,combo_002,17.40910110909988,2.807282869071155,gp,0.4529340925535479,0.5470659074464521,0.9058681851070958,0.0,0.0,326.0351623649136,2.10182193444458,0.3366993875017568,0.0,0.2548546311806671,0.9999999599999999,0.7023117132909245,0.38100838347604915,0.2576449245507345,0.0008510012891378181,0.001061209924665021,0.05529816648169139,8.594643240546649e-05,831.5193918671561,13.141796569596654
14.521319260956957,1.3440612958118492,1.2044428867036663,0.9047607527503256,Si1,Si1,combo_002,13.13831974547122,1.618845067034294,gp,0.46432820483035186,0.5356717951696481,0.9286564096607037,0.0,0.0,399.47200928555765,0.9928013653282484,0.6810949184439744,0.0,0.14840695147251692,0.9999999599999999,0.7022985654688005,0.5986619529797934,0.1969529029470365,8.816613338364699e-05,0.0009802839771738134,0.0552137392791593,6.269783656048415e-05,1190.5437042591566,6.1610470517532505
8.224598312103307,1.6472867198035137,1.10765124882988,1.6117165361872554,Si1,Si1,combo_002,13.25572110311469,1.8246191923712385,gp,0.4391318334058809,0.5608681665941191,0.8782636668117618,0.0,0.0,303.81546488793947,1.6865436292230687,0.23249605047358726,0.0,0.3831421937672444,0.9999999599999999,0.7022433654361915,0.3161098177044174,0.2601406075517231,0.0012414617202674066,0.001162507754864729,0.05529562095264968,9.543202547566318e-05,740.5548249204066,12.155196475955883
15.794352098672048,1.1332410116117075,1.642943232272723,1.907705698601991,Si1,Si1,combo_002,30.130975504362983,1.8618506505613492,gp,0.4361021770614002,0.5638978229385998,0.8722043541228004,0.0,0.0,425.70115314574315,2.1088998753321357,0.8041012879256282,0.0,0.4111435458964035,0.9999999599999999,0.7022080796675936,0.7239001598269164,0.28137370279713786,0.0005041424550816041,0.00099489197594295,0.05512128641133748,7.189661207871085e-05,1328.5876584232878,15.488540268840316
10.300593761160913,1.4875587317899592,1.2220827776378316,1.8210166697491244,Si1,PU,combo_001,18.757552947387854,1.8179199068452836,gp,0.5475616457332961,0.45243835426670387,0.9048767085334077,0.0,0.0,345.5459633009831,1.1436095588898887,0.4281988585336026,0.0,0.2576825095497081,0.9999999629999999,0.7020812481097125,0.43429993343929146,0.21942606912025223,0.0018260710836877415,0.0007847574374785988,0.05531094979090261,8.670263104030719e-05,913.2107786656015,12.498566171237918
15.556633650163661,1.2509540978117106,1.337030400596503,0.8623532500904927,Si1,Si1,combo_002,13.415313588685757,1.6725636585250285,gp,0.45016190611711693,0.5498380938828831,0.9003238122342339,0.0,0.0,413.8616444888915,1.5997925369123933,0.7485777457128542,0.0,0.2787769938958414,0.9999999599999999,0.7020617287386357,0.6659309070734425,0.2409873069813877,0.0001722514441781315,0.0010531796341532555,0.055076184127034064,1.0361692205120022e-05,1290.0947638795542,8.849256104959197
8.134064746789804,1.092205456762168,2.4604002611478757,1.7613011601806572,Si1,PU,combo_001,14.326537675505465,2.6872625910447727,gp,0.5625933353293391,0.4374066646706609,0.8748133293413218,0.0,0.0,330.6316322845338,2.7381639370466955,0.3582553742414669,0.0,0.39776837136874155,0.9999999629999999,0.7020543575171809,0.41772111011546076,0.30474455163877057,0.0014755867126355596,0.0010706939017800057,0.05529466333779926,8.92474964400894e-05,843.6885914514847,18.896899244248868
9.612248953516659,1.0594246328582506,2.4768167197797166,1.8549573814108133,Si1,PU,combo_001,17.830312148284094,2.624000644009803,gp,0.554386201496655,0.44561379850334504,0.8912275970066901,0.0,0.0,352.0124703742932,1.5228799474337864,0.45852472668070277,0.0,0.32005046895516215,0.9999999629999999,0.7019111359158033,0.46613492701650905,0.24407657779902742,0.0018000693096857628,0.0009103428260140597,0.05533784067800775,7.807800135966067e-05,931.3168754522542,12.226483135794808
15.419445219088104,1.333546796018536,1.1619042393700554,0.5437363415240877,Si1,Si1,combo_002,8.38411273175805,1.5494536756922916,gp,0.4561005113057348,0.5438994886942652,0.9122010226114696,0.0,0.0,407.60824350757724,1.7694805139390966,0.7192512775778382,0.0,0.22170163786040767,0.9999999599999999,0.7018505609173977,0.641650049725216,0.2392692244004711,0.0003923559029242129,0.0010789951785464508,0.055118872947691966,5.599857542773376e-05,1257.8195518323269,7.692750286014497
11.632776220596377,1.0848048041361151,2.2253046954188562,1.4324332069931462,Si1,PU,combo_001,16.66317494790248,2.41402122425703,gp,0.44896991884361626,0.5510300811563837,0.8979398376872325,0.0,0.0,376.8239126816808,1.60615873240939,0.574882525322693,0.0,0.28697389308672766,0.9999999629999999,0.7016865922476573,0.545237296615422,0.24247357989603352,0.0010422154350876562,0.0008977959474112115,0.05518252811919401,7.013307642642048e-05,1067.0098818035683,11.363075180665247
9.781245027066653,1.2006780435796411,1.9339553248377368,0.6532484982553507,Si1,Si1,combo_002,6.389583624998909,2.322057695796603,gp,0.5440233749577175,0.45597662504228254,0.9119532500845651,0.0,0.0,335.5320126833638,2.081838697346767,0.3812366047822824,0.0,0.22030747258974934,0.9999999599999999,0.7015238327914248,0.40849946566259593,0.2516569615845441,0.001176854091895694,0.0009707298846909484,0.055372591158728224,6.84606961235842e-05,892.0394980048352,12.877316769772904
15.374568219138366,1.0519655389631049,1.8443502381500991,2.0644719500782425,Si1,Si1,combo_002,31.740364832975555,1.9401928923122997,gp,0.5581036704399196,0.4418963295600804,0.8837926591201608,0.0,0.0,423.68602935264397,2.143774759173506,0.7946509961751038,0.0,0.3517106284914294,0.9999999599999999,0.7015221756969876,0.7117435048257509,0.2738652085628378,0.0003190773763204591,0.0009334676943398138,0.055140262685317035,6.23880600449053e-05,1312.33387748709,15.585613684827534
15.459462896446755,1.073448263132769,1.8804725899494092,2.4583790556959375,Si1,Si1,combo_002,38.005219796933154,2.0185900355499733,gp,0.42200353295021387,0.5779964670497861,0.8440070659004277,0.0,0.0,424.93065553290444,2.8125103698280385,0.8004878983863137,0.0,0.5363327939528154,0.9999999599999999,0.7013884404508777,0.7419969653344765,0.32852747683363603,0.000476229978101945,0.001112829458379733,0.055100538908293785,4.2659639500303325e-05,1311.558781729776,16.11532330792123
10.284722642863484,1.1394545917542853,2.0906332062621487,2.4408560195639835,Si1,PU,combo_001,25.103527172379334,2.382181606549389,gp,0.5408324669956812,0.4591675330043188,0.9183350660086376,0.0,0.0,361.94929161066534,1.440588734104583,0.5051252680857052,0.0,0.18887225787367054,0.9999999629999999,0.7013120206195963,0.4846892959114808,0.2210811847054708,-7.467144636828793e-05,0.0008710241275097917,0.05531238414696065,7.737159405663e-05,970.783686235931,10.809648874875569
11.018799220147086,1.0059722387343422,2.597398128736306,0.568494378261668,Si1,Si1,combo_002,6.264125411847671,2.612910410449253,gp,0.5331520064982271,0.46684799350177286,0.9336959870035457,0.0,0.0,357.17557454011313,3.0782328601505156,0.48273804839941725,0.0,0.1168142405961673,0.9999999599999999,0.7012641442814957,0.4806819651872552,0.27631581945758765,0.0010530195915459438,0.0010773799504296998,0.0552367267365608,9.295089814930769e-05,984.3153398745579,14.58479210950821
8.225703748858033,1.157879572326086,2.1981068866706437,2.42730135205454,Si1,Si1,combo_002,19.9662618312032,2.5451430618652293,gp,0.5452946293359275,0.45470537066407246,0.9094107413281449,0.0,0.0,327.657521694551,1.8414038841070495,0.3443077384337256,0.0,0.22967832254163456,0.9999999599999999,0.7012043101754133,0.380815967752072,0.2433662714612976,-0.00025619414722186454,0.0008548833237539697,0.05529933430974331,8.858577487288024e-05,825.728191891019,14.117039928761109
8.179065286600665,1.458987455974014,1.4068213032967283,0.9562166708165973,Si1,Si1,combo_002,7.820958578744886,2.0525346343069404,gp,0.46924439115194616,0.5307556088480538,0.9384887823038923,0.0,0.0,305.8811188614291,1.0305543874811154,0.2421833127509507,0.0,0.09290913472237267,0.9999999599999999,0.7010670229097928,0.2863090512299611,0.19015074412056004,0.0003284844494771115,0.0006146797193158431,0.055292687519766244,9.494658291689471e-05,760.7530692030973,10.028852486126386
9.14075924212375,1.4317068187524926,1.4295121525107728,1.6518139828088623,Si1,Si1,combo_002,15.098833929629349,2.0466422962392268,gp,0.4359507667378324,0.5640492332621676,0.8719015334756648,0.0,0.0,324.8588383233067,1.1134662032948708,0.3311828006675334,0.0,0.40246248934367485,0.9999999599999999,0.7009149423100216,0.3805193680192904,0.23992743656332485,0.0016951012790186065,0.0010508491757971225,0.055372267261611076,7.681668181604273e-05,825.0222027142092,9.335271301341885
10.457483464227378,1.060879829325044,2.472111389316538,1.733589482376796,Si1,Si1,combo_002,18.128983345713845,2.6226131087706266,gp,0.4477598715810842,0.5522401284189158,0.8955197431621684,0.0,0.0,355.17176138126945,1.6696989642635123,0.47334079993782824,0.0,0.29220766853571195,0.9999999599999999,0.7009102652697836,0.47541359951339723,0.2458211127420688,0.001995302991468128,0.0008435485352277101,0.05526126790330798,7.232302779264586e-05,952.0802300015688,9.040065312356989
12.059487004202701,1.2863330092422909,1.4949224191988935,1.4090573780266469,Si1,Si1,combo_002,16.99250913848828,1.922968054071878,gp,0.5535621124161736,0.4464378875838264,0.8928757751676528,0.0,0.0,371.6801736738363,1.0501581869485241,0.5507600200556972,0.0,0.3044561615454536,0.9999999599999999,0.7008987325522722,0.5236933310593664,0.22267338526223382,0.0017198927893932788,0.0009160970662183179,0.05516044723827607,1.6990580363163097e-05,1041.1295444784137,8.839471846274552
11.626668122149281,1.2221057445454084,1.75143676625704,2.053304648604443,Si1,Si1,combo_002,23.87309170299021,2.1404409332507623,gp,0.44083870407035874,0.5591612959296413,0.8816774081407175,0.0,0.0,369.74872350260233,1.2412448462712804,0.5417021310653195,0.0,0.3559787392528175,0.9999999599999999,0.7008043859990234,0.524706835806454,0.23810796436199305,-0.00014884819131345155,0.0007449594538732936,0.05518418711899257,7.38367229298565e-05,1025.0955020948409,9.382988414081105
8.611166737875864,0.9886093457293935,2.9068774410412344,1.3815425038759566,Si1,Si1,combo_002,11.896692856338374,2.8737662051033084,gp,0.5646547753496236,0.4353452246503764,0.8706904493007528,0.0,0.0,330.2005163377647,3.0062900781306032,0.35623357712447423,0.0,0.40720227478711235,0.9999999599999999,0.7007981165775792,0.420338688083932,0.31697269738137773,0.0009224457745853997,0.0011300679606929456,0.05535283362822709,5.432583656330693e-05,859.2097991507976,17.506850081285656
8.484087534388099,1.5243456991651863,1.2029903518367122,2.2436875460692534,Si1,Si1,combo_002,19.035641540667974,1.8337731689595065,gp,0.5746847410998441,0.42531525890015587,0.8506305178003117,0.0,0.0,316.9929895663372,2.0434187038796963,0.29429446364654166,0.0,0.5004403569110681,0.9999999599999999,0.7007500853272599,0.3752105663058547,0.29212748275425077,0.00048066158399297026,0.0010331865005534652,0.055343416547528626,8.07675386430955e-05,775.8136817008485,13.308081076472162
13.644811082773812,0.9873600118330872,2.4074560194608363,2.2780663997943496,Si1,PU,combo_001,31.083785659208576,2.3770258038624883,gp,0.4600252106385483,0.5399747893614517,0.9200504212770966,0.0,0.0,409.23188793530494,1.0096182412431554,0.7268656552124458,0.0,0.17509955052250972,0.9999999629999999,0.7005731374299712,0.6335644990201832,0.20163498859564735,0.00022274703645858905,0.000957449983673523,0.055122304325496675,2.2159223600143696e-05,1226.2764492891642,7.893233252757233
13.521023876143012,1.233161645039418,1.5041636891670982,1.2431511709782546,Si1,PU,combo_001,16.808676664452122,1.8548769693418588,gp,0.5477486679080812,0.4522513320919188,0.9045026641838376,0.0,0.0,398.2259909095749,1.1349562490259566,0.675251487276184,0.0,0.2476387081333627,0.9999999629999999,0.7005709542150528,0.6061326868664865,0.21757052597937948,0.0007794859835344912,0.0009254063186101902,0.055178576453679344,3.9637815524760515e-05,1188.3464146658641,8.216838004294786
11.797007473993329,0.9268102578551646,2.9248288518582637,1.578379038972732,Si1,PU,combo_001,18.620149319555725,2.7107613823729824,gp,0.543428477897308,0.45657152210269203,0.9131430442053841,0.0,0.0,381.65652645837406,2.008666925136589,0.5975459518892153,0.0,0.2071873461638176,0.9999999629999999,0.700554353052836,0.5577608847975557,0.24673805283010397,0.0013295803055707938,0.0009798470701059474,0.055189842876959674,7.695106219528782e-05,1075.8747003765882,10.630971304514587
15.752346013533462,0.923238097443611,2.3746991278144893,2.4234129969108706,Si1,PU,combo_001,38.17444006103413,2.1924127047644513,gp,0.5502849375797467,0.4497150624202533,0.8994301248405066,0.0,0.0,438.05106731465565,3.6099716560410324,0.8620184701800558,0.0,0.2698769296188404,0.9999999629999999,0.7003872967343179,0.7676114154395288,0.3207193235734458,0.0005248438288093021,0.0011692026709186915,0.05510084430464598,5.957675862688716e-05,1378.4140380215135,19.862244617487974
14.99617457032268,0.9781665910506208,2.313141085932944,2.4730033023135483,Si1,Si1,combo_002,37.08558923447844,2.262637330646159,gp,0.43556653953010027,0.5644334604698997,0.8711330790602005,0.0,0.0,419.6768128888084,2.497805048712245,0.7758490419706023,0.0,0.401876200485842,0.9999999599999999,0.7003804286203532,0.7076779585099303,0.2956674698596121,0.0005129744791813988,0.001147039612762788,0.05519122212691006,8.06461792752009e-05,1275.4823851842261,13.942980469361
13.499546540416674,0.9093843873008443,2.9053875797827016,1.28662619074478,Si1,Si1,combo_002,17.36887014207818,2.6421141041121747,gp,0.4402421415804838,0.5597578584195162,0.8804842831609676,0.0,0.0,394.0453719526627,1.8747511987921888,0.6556457097175601,0.0,0.35787117788961487,0.9999999599999999,0.7003335325773272,0.6119560729485924,0.26394003893412843,-0.0006819606691970929,0.000907255731125489,0.055144133846210516,4.296479741184477e-05,1152.1557258942719,9.640175494704113
11.775330010573379,1.2703527150280618,1.605798791674421,1.113828129630571,Si1,Si1,combo_002,13.115693801459678,2.039930854792382,gp,0.45477609223020465,0.5452239077697953,0.9095521844604093,0.0,0.0,365.8861985158867,1.1193948753439888,0.5235881133840461,0.0,0.22197037350112714,0.9999999599999999,0.7003014292480181,0.49722218762994685,0.21309271221367593,0.0009561732807086181,0.0009070160985921602,0.05518136159208568,7.691712346172318e-05,1023.7767976392668,8.576718900872015
14.766737828859073,0.9612698365201449,2.421204526595573,1.4888728529897324,Si1,Si1,combo_002,21.985795080604813,2.327430879462361,gp,0.4434466482372983,0.5565533517627017,0.8868932964745966,0.0,0.0,412.31889190045223,1.3407630237549282,0.7413427251599951,0.0,0.32765722958103805,0.9999999599999999,0.7002944319068967,0.662769784967696,0.23787313282874056,0.00022287669903757815,0.0007249684552637404,0.05514674573144229,5.597445883822913e-05,1253.2433095662861,11.93264907687262
15.847717889051324,1.3151322540978154,1.1619715330812799,1.4398066729549215,Si1,PU,combo_001,22.817649967763177,1.528146241498678,gp,0.4712311486389993,0.5287688513610007,0.9424622972779986,0.0,0.0,426.55629085152503,1.056441467026723,0.8081116126680522,0.0,0.06760497479019147,0.9999999629999999,0.7002008822257021,0.6802267257271919,0.18739910145040573,0.000309697086968076,0.0005669514785886253,0.055150794766822095,8.311933145932909e-05,1298.3087700584374,6.761112866738482
9.48210392996721,1.5286993900545183,1.230992682967394,1.8899302147601171,Si1,PU,combo_001,17.92051471674068,1.8818177636138302,gp,0.4504626095959736,0.5495373904040264,0.9009252191919472,0.0,0.0,332.43855512522487,1.397686406505414,0.366729269529535,0.0,0.2607439836957886,0.9999999629999999,0.7001111192782362,0.39450493344325005,0.23013176736485674,0.0017999507463254427,0.0007810648951918177,0.05533241836758816,8.675288497782611e-05,850.5687548649847,13.133634723248013
9.897828620650657,1.2948054092022216,1.6912040563847959,1.7690678033708276,Si1,PU,combo_001,17.509929936075366,2.1897801602717726,gp,0.47388985229053304,0.526110147709467,0.9477797045810661,0.0,0.0,347.46476541008604,0.6202850742769309,0.4371974321223032,0.0,0.04170508400740985,0.9999999629999999,0.7000618450091345,0.4129712593168315,0.16592468950778544,0.002181504986171213,0.0007424033018184612,0.05540123078063196,4.337912601445452e-05,916.4622739143391,3.9845077200751633
13.461779069657275,1.2373906034722788,1.4962046007683627,0.9301423606438161,Si1,Si1,combo_002,12.521370962316531,1.8513895138627643,gp,0.541674156807531,0.45832584319246905,0.9166516863849381,0.0,0.0,390.2388563621243,1.3518912855625007,0.6377943583481321,0.0,0.18676555679670864,0.9999999599999999,0.7000357605432621,0.5763249847590803,0.21718816534451588,0.0001313793433915753,0.0009453472043448318,0.05519110989805566,4.8875659973766076e-05,1144.9690653904195,10.057441896703427
10.999052119230226,0.9814055264394297,2.8311885360478057,1.4607459553572282,Si1,Si1,combo_002,16.066820895928903,2.778544075669275,gp,0.43756337141876145,0.5624366285812386,0.8751267428375229,0.0,0.0,361.71390941022537,2.2155236898011963,0.5040214001870402,0.0,0.38036767025195434,0.9999999599999999,0.7000125788082581,0.5119952088145993,0.281057274342458,0.0009511305833118393,0.00093788374546922,0.055238217725813624,9.23820047066512e-05,984.3228022115057,13.237611692365412
13.429632549222731,1.0519439664367822,2.1618927152053304,0.5610978210586797,Si1,Si1,combo_002,7.535337560987596,2.27418999784388,gp,0.4369503689832186,0.5630496310167814,0.8739007379664372,0.0,0.0,389.7944813201289,2.492123079757914,0.6357103802779565,0.0,0.38585025903166864,0.9999999599999999,0.6999819911145555,0.6079128314881664,0.2930344347212557,0.0004995830119265902,0.0010415596087701303,0.05518628903768006,4.890113150818507e-05,1159.3209761075711,12.602316758205175
13.799547391920429,1.4008016503591123,1.1110131686331404,1.5487901573627936,Si1,Si1,combo_002,21.37260317666777,1.5563090801920099,gp,0.5470245767135964,0.4529754232864036,0.9059508465728072,0.0,0.0,392.5029694025961,1.0696895234670591,0.6484123307336986,0.0,0.2362807660172665,0.9999999599999999,0.699981693968712,0.5854574560707438,0.2132347407465885,0.0019992578253604444,0.000896010302576272,0.055303825881929614,1.6613658353367016e-05,1117.2204412850115,7.510955482686933
13.902743396451514,1.1408905864162966,1.722466676623907,1.746766411790507,Si1,PU,combo_001,24.284845196663778,1.9651460167759787,gp,0.5433674180287653,0.4566325819712347,0.9132651639424694,0.0,0.0,409.05207364955527,0.7411941407783978,0.7260223832174122,0.0,0.20184287162550088,0.9999999629999999,0.6999426969594593,0.6325556616301944,0.19482140989792032,0.0011915646140980111,0.0010080727881095913,0.0552980094082645,4.3676654873982516e-05,1241.05483022917,8.82317580720029
13.272061867614532,0.9011137539436717,2.8496649926509487,0.7316447898945515,Si1,Si1,combo_002,9.710434916598324,2.567872319009562,gp,0.5608062308818234,0.43919376911817665,0.8783875382363533,0.0,0.0,389.25562244403204,2.973417739495328,0.6331833029793239,0.0,0.3639167257523238,0.9999999599999999,0.6998545080158207,0.6094961743608219,0.3091541808130688,0.00047680860598858083,0.0010794514963508156,0.05527265606693855,5.9911156512368315e-05,1138.5217292947436,13.602591289864995
13.547053933109343,0.9503338986492977,2.5319773645308494,1.3687979898989828,Si1,PU,combo_001,18.54318019269318,2.406223920126376,gp,0.5584314013194387,0.4415685986805613,0.8831371973611226,0.0,0.0,404.6159090131107,1.64331362207479,0.7052181774354516,0.0,0.3401727017927415,0.9999999629999999,0.6996522345456196,0.6422202459774369,0.25195179324562456,-0.00036548611043020235,0.0008298287334315645,0.05513092529379013,1.5813016079737337e-05,1215.0654452517858,9.653047637311568
9.931136080816525,1.4829730995181092,1.2483517176559709,1.5070685178179568,Si1,PU,combo_001,14.966902533564593,1.8512720160210305,gp,0.5478616571722768,0.45213834282772325,0.9042766856554465,0.0,0.0,338.492734678658,1.20534471267069,0.39512145232541684,0.0,0.24144964946662514,0.9999999629999999,0.6996429971604526,0.4102337977484437,0.21948081142895673,0.0015748252642893137,0.0010993623255964662,0.055394438576895445,5.046961080576984e-05,886.4156236842592,12.23713528540931
12.26467225467806,1.0852629035043628,2.076507581811801,0.7593239379445875,Si1,PU,combo_001,9.312859234021868,2.2535566473858983,gp,0.5574369408355295,0.4425630591644705,0.885126118328941,0.0,0.0,382.18313557583963,2.2407410713842157,0.6000155817033133,0.0,0.3306327522469376,0.9999999629999999,0.6996191422275374,0.5745082081229865,0.27461401020794785,0.0002811242642524801,0.0009603102894733157,0.05520407071698419,7.80673980713188e-05,1119.2082306395403,11.962947811774178
15.849356403791537,1.2941269577749022,1.1440772315020176,2.0737325150098167,Si1,PU,combo_001,32.86732571652157,1.4805811870632384,gp,0.5540904309174834,0.44590956908251655,0.8918191381650331,0.0,0.0,431.3354096570193,2.1055457573153493,0.8305241647787481,0.0,0.2991193480524721,0.9999999629999999,0.699583360531347,0.7311551067846161,0.2644348078277292,0.00042783141036171996,0.0010656253102387671,0.05515331014751373,8.390803504690999e-05,1295.2223354640428,11.149751799873437
15.244853297457864,1.020140313448054,2.106217098797323,2.4650688714713835,Si1,Si1,combo_002,37.579613313711256,2.148636971356752,gp,0.42454332082073165,0.5754566791792683,0.8490866416414633,0.0,0.0,422.7070234289142,2.680965656442792,0.7900597687594875,0.0,0.49835013771902426,0.9999999599999999,0.6995593366213904,0.7293833034356869,0.31752510902035513,0.000495961302366076,0.0011319507284558482,0.05519819146146589,7.396100712698316e-05,1297.304220248226,14.92112501377896
11.45499053254267,0.9611057741833868,2.7473835616258526,1.5525511842117907,Si1,Si1,combo_002,17.784459116433972,2.6405262049751257,gp,0.5603045396133979,0.4396954603866021,0.8793909207732042,0.0,0.0,369.5217672435864,2.1007976941445907,0.5406377781607222,0.0,0.3567914354857133,0.9999999599999999,0.6995415639980118,0.5339471357024218,0.27289413936756424,0.0013508492208818218,0.0009301658933174822,0.05517351111267616,1.509493844330494e-05,1017.7079817942595,12.24026890894391
8.479680195749246,1.1764191132363266,2.1123607326107727,2.1084296613938096,Si1,PU,combo_001,17.878809243851375,2.4850215398932027,gp,0.5517393922148983,0.4482606077851017,0.8965212155702034,0.0,0.0,334.645988346416,2.0461077313857894,0.3770814315314401,0.0,0.27683684355260507,0.9999999629999999,0.6995398712965376,0.4108320767322675,0.258695400000387,0.0010006231721188474,0.0010133571478378705,0.05533336169702338,7.17445749649148e-05,849.6870261292199,15.751277571445645
9.831562118029334,1.1081118517005346,2.3468438433527194,1.6131275300482921,Si1,PU,combo_001,15.859563515973015,2.600565476909581,gp,0.4446378600225387,0.5553621399774613,0.8892757200450774,0.0,0.0,351.85805845258494,1.3714556623301755,0.45780058371990845,0.0,0.3105764413986942,0.9999999629999999,0.6995305560670797,0.46293585907076074,0.23654879575414803,0.0018495676121696113,0.0007188638279525053,0.05538340945481982,5.5442446774804695e-05,936.6823635563057,12.32916739610635
15.984949747042474,1.1256141328574558,1.6452771634183956,1.4387561049905462,Si1,PU,combo_001,22.998444036524447,1.851947227611372,gp,0.44976133839382726,0.5502386616061727,0.8995226767876545,0.0,0.0,433.4075522840251,1.9319485790528803,0.8402418567840546,0.0,0.26262166277953974,0.9999999629999999,0.6995131787551679,0.7323074734874689,0.25195928292930003,3.146007151323194e-05,0.0008353815520291204,0.05517987760017711,8.90519303157377e-05,1377.5263437049812,15.55850835171311
10.71819649490914,1.5401501915369187,1.115819265916977,1.1022058442442715,Si1,Si1,combo_002,11.81365881644732,1.7185292561226162,gp,0.5451625348644598,0.45483746513554024,0.9096749302710805,0.0,0.0,339.8957629539552,1.37658766559424,0.4017012101453581,0.0,0.21396886445404453,0.9999999599999999,0.699349763465968,0.41406467236296357,0.22226462352343657,0.0009148895858137754,0.001022950369203353,0.05525348834753573,9.49646941644692e-05,900.9572948914522,11.783561272776574
11.396933637594719,1.0199876938801609,2.470606627682821,0.5717005589658783,Si1,Si1,combo_002,6.515633331109922,2.519988356655242,gp,0.5432482663471205,0.45675173365287947,0.9135034673057589,0.0,0.0,362.54374969227626,2.9241473974005796,0.5079130880320125,0.0,0.19528386985487706,0.9999999599999999,0.6992449095971338,0.5043760276916759,0.2818722652714597,0.0009523994311047257,0.0010788365253199996,0.05517992719967696,3.5143311748869475e-05,1009.2378533059925,13.808521144258016
10.674526174898823,1.3050462107616156,1.5731729124113285,2.4324554899512387,Si1,PU,combo_001,25.965309796760838,2.053063348215219,gp,0.5329391200896225,0.4670608799103775,0.934121759820755,0.0,0.0,361.642497465911,1.1472138541578925,0.5036865008073822,0.0,0.09903057420640031,0.9999999629999999,0.699240477841865,0.4713176194840364,0.19577363377476098,0.0005508375321932636,0.0010348535134655382,0.05525127505402678,9.021945386660052e-05,979.8305401635346,7.490531598744423
10.850060837402733,1.1922334545308628,1.9194084389450523,2.288941051075459,Si1,Si1,combo_002,24.835149657397285,2.2883829538191502,gp,0.4354450663233962,0.5645549336766038,0.8708901326467924,0.0,0.0,360.60165482291416,1.3670061444506816,0.4988052787820201,0.0,0.3932453177536696,0.9999999599999999,0.699129513560848,0.4998547640031422,0.24876968544431477,0.00014131091050191352,0.001012282416563059,0.055244391614879235,9.375846896836507e-05,972.840772382427,9.908572437050859
8.806952324560752,1.3172212609442158,1.6712560537055163,1.7647162409934682,Si1,PU,combo_001,15.541771800807538,2.201414006422634,gp,0.5403865487292023,0.45961345127079767,0.9192269025415953,0.0,0.0,331.5219100291129,1.4461776887076696,0.3624304946256752,0.0,0.1671495469138891,0.9999999629999999,0.699062363221377,0.3826950813401408,0.2180481708748108,0.001861991023487471,0.0009679975286974935,0.05541871780569979,4.534279025928522e-05,839.5749516387605,11.0458373223835
13.16144392266108,1.1849258725465375,1.6501253544353298,1.4840946090235807,Si1,Si1,combo_002,19.532827972587476,1.9552762254154477,gp,0.562013539522539,0.43798646047746104,0.8759729209549221,0.0,0.0,390.50095088469755,1.2347155094484101,0.6390234985692013,0.0,0.36895489153060607,0.9999999599999999,0.6990563969770114,0.5940541749178677,0.23979107041187267,0.0017553342776497455,0.0008646474640883368,0.055292648489561246,1.755554685934681e-05,1137.6349173693357,10.904007770608045
11.033387955693861,1.4356438527278734,1.2804989160785467,1.2466348147086341,Si1,PU,combo_001,13.754605549754892,1.8383403972928707,gp,0.530596180939007,0.46940381906099304,0.9388076381219861,0.0,0.0,354.88825821837685,1.2818483774854128,0.472011259980677,0.0,0.07512411023915844,0.9999999629999999,0.6989792641544178,0.44830561194757057,0.19761724021600674,0.0014478610103810536,0.0008085708540732961,0.055238588605122485,9.596660297420336e-05,972.4630451939787,10.270690513915744
10.759474169820034,1.0756145634976515,2.276918830256876,2.477866223795584,Si1,PU,combo_001,26.660537631198096,2.4490870537263327,gp,0.5564842944324369,0.44351570556756315,0.8870314111351263,0.0,0.0,370.1776841218752,1.6061900414926928,0.5437138203796417,0.0,0.31632278488833954,0.9999999629999999,0.6989249830369678,0.5263544530899746,0.2468771763071212,9.158554951802238e-05,0.00098597318714211,0.0552438776718268,8.845788394704841e-05,1009.882751599469,12.282012066644933
12.561042004713244,1.3806391547557197,1.2536740153491206,2.4334944881986598,Si1,Si1,combo_002,30.56722648450152,1.730871432890819,gp,0.5380951604145139,0.4619048395854861,0.9238096791709722,0.0,0.0,379.86432428330625,1.7311069489130575,0.5891410918561415,0.0,0.14436795560283863,0.9999999599999999,0.6988836154831275,0.5423973974656262,0.2261216329615772,0.000888254169625798,0.0010867306227610755,0.055213272455283895,8.239376150607858e-05,1049.4357821184212,11.913164964501924
12.462933426200955,0.9902577269181034,2.5712657271514003,0.8588469732013666,Si1,Si1,combo_002,10.703752650302828,2.54621575427137,gp,0.44255511180961093,0.5574448881903891,0.8851102236192219,0.0,0.0,378.7561481477493,2.496748866993834,0.5839440970968888,0.0,0.32431774176461514,0.9999999599999999,0.6988006442094343,0.5655764815202802,0.28399110708068,0.00045066567907117337,0.0010901292092509824,0.05522650279270898,7.906565389207215e-05,1080.4447764245238,11.489413916614026
8.241891440006961,1.0592256316719222,2.785585878129178,1.1515581805325579,Si1,PU,combo_001,9.49101751080128,2.9505639613377648,gp,0.4421113560644159,0.5578886439355841,0.8842227121288317,0.0,0.0,328.17048716136884,3.127321456373041,0.34671338385162664,0.0,0.326632738333694,0.9999999629999999,0.6985666290102299,0.4070121665524795,0.309768252230454,0.000793455947464716,0.0011697341372068426,0.05530293707479368,8.038642972108132e-05,846.6135906076112,18.926121953283957
13.177805508992996,1.182677813499555,1.7155604956552424,2.4064264917191487,Si1,PU,combo_001,31.71142027956329,2.028955335927755,gp,0.454623954114183,0.545376045885817,0.909247908228366,0.0,0.0,400.3394951008602,1.1393292120849805,0.6851631519054245,0.0,0.20981367190933733,0.9999999629999999,0.6985621685956045,0.6093387353389494,0.2120731245361655,0.0006283387137528347,0.0010857293073809693,0.055293212519173233,2.42244922937615e-05,1184.4735541673376,9.206787474928166
8.329754826547635,1.5851568884476972,1.1722850089681591,0.8880340634682742,Si1,Si1,combo_002,7.3971060263135655,1.8582556571898479,gp,0.4720035666725195,0.5279964333274805,0.944007133345039,0.0,0.0,302.3696314000754,1.0613515786402803,0.22571554977691294,0.0,0.047378346708832765,0.9999999599999999,0.6985332663118247,0.27058339466864556,0.18456312304505626,0.00029747827554895973,0.000496876534677914,0.055309340267672015,9.186882694442289e-05,750.8626720927741,7.199981580289619
12.359298802595234,0.9237113916511669,2.9846137867998856,1.2480607852992485,Si1,PU,combo_001,15.425156169315068,2.7569217545461817,gp,0.44568099439671016,0.5543190056032898,0.8913619887934203,0.0,0.0,386.60920123489683,2.288938146016797,0.6207724264829277,0.0,0.2926043605573678,0.9999999629999999,0.6984754486243917,0.5857905043420256,0.27085345560244306,-4.327103146506493e-05,0.0009392787722104644,0.05522981593460711,8.06562929209958e-05,1111.6944947717504,11.337706952605705
13.782636595049112,1.350012729632868,1.2578524703591891,1.6839831629274928,Si1,PU,combo_001,23.209727966811016,1.698116846985055,gp,0.45981874012325363,0.5401812598767464,0.9196374802465073,0.0,0.0,399.323574176362,0.7464787019763943,0.6803988048390814,0.0,0.16049524262922873,0.9999999629999999,0.6984553583546361,0.5965452844820163,0.18883238270546138,0.0012871793695981698,0.001085280907534215,0.05528318567021312,1.004443275058999e-05,1161.184601479258,6.215918158172325
10.827326672006828,0.9594304872473775,2.8390713572508908,1.214349058679798,Si1,Si1,combo_002,13.148153952170162,2.7238916156172954,gp,0.558480464733762,0.441519535266238,0.883039070532476,0.0,0.0,359.13548001226724,2.6118985313870446,0.4919293837301465,0.0,0.33044059636484474,0.9999999599999999,0.6983468227636878,0.5031052635043953,0.28955332085355573,0.0006972826862830156,0.001033910936867727,0.055241420012069206,8.927250144631386e-05,977.0379942298055,14.398282455082272
9.231194517860395,1.0271749601436189,2.687143136014325,0.8626419677916495,Si1,Si1,combo_002,7.963215803954578,2.7601661436357134,gp,0.539082162173429,0.46091783782657103,0.9218356756531421,0.0,0.0,333.98551799413843,2.9544005830164526,0.3739840349630658,0.0,0.14937886863603866,0.9999999599999999,0.6983454259094912,0.4063837785157118,0.2762065734182724,0.0008853231368831248,0.0011145606991375203,0.05538128291256166,3.696709695798049e-05,884.9915927716738,13.022309579812923
13.839246763559807,1.3157250002952936,1.3301027700707198,2.0404594339315363,Si1,PU,combo_001,28.23842161721209,1.7500494675440685,gp,0.450532421361288,0.549467578638712,0.901064842722576,0.0,0.0,403.28120490866456,1.0403143049839432,0.6989588383165186,0.0,0.2450069423044582,0.9999999629999999,0.6981785698525451,0.621374157466579,0.21335901619666445,-0.00024373465919095086,0.0008899837897339997,0.05530154169300327,1.990522288863072e-05,1177.721348353792,8.497161051385312
14.772123201348592,1.1956680191299034,1.5509554855007166,0.7850178059903505,Si1,PU,combo_001,11.596379745341824,1.8544278731072994,gp,0.4462791476312731,0.5537208523687269,0.8925582952625462,0.0,0.0,411.96908315059164,1.782830438329139,0.7397022330203115,0.0,0.2832030715607842,0.9999999629999999,0.697986269851758,0.6622696848390605,0.24903281912479136,-0.00010010246294990858,0.000840130067555303,0.05516686018814898,6.935325008526842e-05,1282.62326987629,11.092447361298182
10.634433202488804,0.9381744159713667,2.9802130552226096,0.6672021972899767,Si1,PU,combo_001,7.095317199634013,2.795959642553714,gp,0.5674981919271715,0.43250180807282845,0.8650036161456569,0.0,0.0,360.7560144618543,3.2231042867733666,0.4995291765532069,0.0,0.411775820299739,0.9999999629999999,0.6979842516832806,0.5236011738887194,0.3264024693952134,0.0010665752934710824,0.001098635921238668,0.05523894523659829,6.917237874784967e-05,990.6987166749375,14.29483914566515
9.532278679540894,1.0301302759173647,2.634278847971097,2.3910113329060634,Si1,Si1,combo_002,22.791786351201125,2.713650396503744,gp,0.5342489997452731,0.46575100025472693,0.9315020005094539,0.0,0.0,347.2756881119395,1.340273795875576,0.43631071953570927,0.0,0.10117803218451404,0.9999999599999999,0.6979494069863521,0.42659382423132197,0.2038815235102365,-0.0005773670103757991,0.0005489438426441312,0.05533288346047406,7.599636598735037e-05,910.4218395424203,6.936801742933866
15.235907394175907,0.9158801013208238,2.626788794113014,1.0221881008656664,Si1,PU,combo_001,15.573963244217834,2.4058235869006315,gp,0.4475258943629825,0.5524741056370175,0.895051788725965,0.0,0.0,422.68346735910757,2.413929859353081,0.7899492982598929,0.0,0.2695703173832125,0.9999999629999999,0.6977305110184526,0.7033511097798267,0.27243904741601355,8.07345576956124e-05,0.0011389875842187276,0.05521279811726978,6.736384208862204e-05,1328.6052141499326,14.947918253544788
9.895035916708824,1.306425443754073,1.6175069006540737,1.5048794168151876,Si1,Si1,combo_002,14.890835879702111,2.1131521704622735,gp,0.5555157807518754,0.44448421924812465,0.8889684384962493,0.0,0.0,339.50149191386504,1.1791427519580069,0.39985220396003357,0.0,0.2976294343031925,0.9999999599999999,0.6976882545277534,0.4188613936537069,0.22685109922525346,0.0015967659767393274,0.0010510296832420716,0.055398959122140275,4.66844792270234e-05,890.219837808848,10.313430697977902
13.5774866184043,1.0295538605632726,2.235487855888654,1.2845614773856968,Si1,Si1,combo_002,17.441116269721956,2.301555152272477,gp,0.43387291475153233,0.5661270852484677,0.8677458295030647,0.0,0.0,396.2680975493309,1.5433484284412047,0.6660695881124289,0.0,0.3960759087711991,0.9999999599999999,0.6976123682704365,0.6192547189060384,0.2563058515414442,-0.000266745077623493,0.0008821141313105756,0.055130797687119634,7.323220725404558e-06,1171.5243321905107,9.577866794966404
12.27764436791572,1.2820079222538847,1.5400206887645962,1.4765792259961634,Si1,PU,combo_001,18.12891461783315,1.9743187234310964,gp,0.4441666657471046,0.5558333342528954,0.8883333314942092,0.0,0.0,380.35039630301776,0.9432279189879331,0.5914206155329356,0.0,0.2991137359489098,0.9999999629999999,0.697498717045039,0.5503894165972035,0.21755971024473825,0.001898400022984548,0.0009117000400455447,0.05520135044954409,7.947857022205137e-05,1099.5486103982394,6.04944031647515
10.182854902155656,1.1117593230277483,2.1912755546429628,1.7296125908901512,Si1,Si1,combo_002,17.612394049975922,2.4361710271971138,gp,0.5582991588574231,0.4417008411425769,0.8834016822851538,0.0,0.0,351.0050998676143,1.5275664599957155,0.4538004783632595,0.0,0.3219685480069485,0.9999999599999999,0.697478277116043,0.4630737604841078,0.2445532881030021,0.0021098501414001936,0.0007982996050504943,0.05534905391152706,6.461088298652883e-05,934.1163439678073,9.55338661303549
14.304641830506727,1.082685964127553,1.8586753319287432,1.7146980728630166,Si1,Si1,combo_002,24.528141779765576,2.012361693749371,gp,0.5497184907026309,0.4502815092973691,0.9005630185947382,0.0,0.0,408.2298978851555,1.2802977215845324,0.7221666395304009,0.0,0.24181529442655242,0.9999999599999999,0.6974696917279253,0.6400656285356743,0.2225583821400671,0.0014162238222272402,0.0009901926731326093,0.05529675256652139,5.2582568585032774e-05,1234.7077631614254,12.259374505095032
12.970382011388988,1.35119030221653,1.2856304733085713,1.1387588504725192,Si1,PU,combo_001,14.770137309478766,1.7371314277685888,gp,0.5448148707131537,0.4551851292868463,0.9103702585736926,0.0,0.0,385.60330143052767,1.0525258143680745,0.6160550752930715,0.0,0.19534213141973492,0.9999999629999999,0.6973792432460805,0.5585157476683029,0.20640176348708816,0.000851267268013368,0.0010098898076260983,0.055263403300092225,3.97047238700447e-05,1114.1062257534156,6.7486367245701775
10.775789086237276,0.9625908746558562,2.8320762655525242,0.6954203799278313,Si1,PU,combo_001,7.4937033403733055,2.7261307695502954,gp,0.5622711420338078,0.4377288579661922,0.8754577159323844,0.0,0.0,362.63204591806533,3.010246982314251,0.5083271693390936,0.0,0.3580600556501677,0.9999999629999999,0.6973526899561969,0.5219355738947473,0.30976094002080284,0.0010096560213743206,0.0010956100746452454,0.05524079969213116,8.583831263044046e-05,1000.6660883770334,13.889891084605203
13.105402259925736,1.3431065071855792,1.2811596963890883,1.8762120227189762,Si1,Si1,combo_002,24.588513282641106,1.7207339249640856,gp,0.5510517118458012,0.44894828815419885,0.8978965763083977,0.0,0.0,386.7173539453119,1.276451518880461,0.6212796284079571,0.0,0.253220485944896,0.9999999599999999,0.6973366905862004,0.5705409225698159,0.22411405020588165,6.352634488544415e-05,0.0008550571359835512,0.05528460021052206,2.7997040147662663e-05,1090.3587444937207,9.177381211815169
14.138830349411899,0.9599216623698821,2.3831685247304626,1.2030383124755684,Si1,Si1,combo_002,17.00955460393484,2.2876550919668452,gp,0.5660567049120289,0.43394329508797114,0.8678865901759423,0.0,0.0,404.13899743836157,1.7475904728534026,0.7029816133414662,0.0,0.3927240629220321,0.9999999599999999,0.697267125438015,0.6471113023332936,0.26403980089552936,-0.0004818721354839683,0.0010193868764051036,0.055316868327026085,4.549017063177246e-05,1212.4926711921398,10.828015104893053
10.516707264966488,0.9634676200472387,2.8587538217675386,0.9034969006784703,Si1,PU,combo_001,9.501812419239974,2.7543167409593186,gp,0.5606288980777947,0.4393711019222053,0.8787422038444106,0.0,0.0,360.4288808769892,2.715586593884933,0.4979950237488197,0.0,0.34183573166387915,0.9999999629999999,0.6972378149016991,0.509685456525585,0.2954441507221632,0.0007934011617856266,0.0011467722469753066,0.05524820762079388,6.476486009854022e-05,984.1464104386592,12.591611423756781
14.98531969356726,1.0970331681012473,1.7401064124111798,1.5195713565820328,Si1,PU,combo_001,22.77126257556945,1.908954450440732,gp,0.5580672443935555,0.4419327556064445,0.883865511212889,0.0,0.0,423.00383595524795,1.3472658940408189,0.7914517254118131,0.0,0.3177518966559383,0.9999999629999999,0.6972153876056554,0.6969304805635754,0.23664958278238465,0.000882315611051533,0.0009164669265689817,0.05519435268721906,8.62093077970059e-05,1321.1004914103382,12.545434853072546
13.225534415436378,1.0589520802009809,2.1546019594473123,0.8168133256628253,Si1,Si1,combo_002,10.802792749540737,2.2816202269618406,gp,0.43363768971775585,0.5663623102822442,0.8672753794355117,0.0,0.0,388.77672880588153,2.122593782766448,0.6309374436363443,0.0,0.3946654105854801,0.9999999599999999,0.6971504241716175,0.6011954414238522,0.27945423395734315,0.00011034498602319567,0.0009371158761689849,0.055288460451751544,4.4858638261154496e-05,1145.0528925466003,11.340945522347091
10.102020393881185,0.9900955923014271,2.9263601674663855,0.8836422991372339,Si1,PU,combo_001,8.926572526780395,2.8973763032949345,gp,0.43772359093824775,0.5622764090617522,0.8754471818764955,0.0,0.0,353.2088274079792,2.5928184813948447,0.4641352618968727,0.0,0.3560177599195359,0.9999999629999999,0.6970847605605068,0.4859872476727729,0.2926204306234601,0.0008646205374924794,0.0011441075333042245,0.05536393392142885,4.189499082948477e-05,951.9912440417545,11.10026852217623
8.846320623914915,1.1658556187560791,2.225717744591281,0.7418457433717727,Si1,Si1,combo_002,6.562605299353204,2.594865538296853,gp,0.441149103712533,0.558850896287467,0.882298207425066,0.0,0.0,323.6869380358406,2.4198320794364387,0.3256869598378019,0.0,0.3240406158524947,0.9999999599999999,0.6970840310558888,0.3838825099355728,0.2808476180013914,0.0011004575993933156,0.0010132430386500988,0.0554063199035728,6.634164338066398e-05,845.6763541001329,14.694526113531651
8.486228638421007,1.010431374263458,2.821018913754074,2.211813974166783,Si1,Si1,combo_002,18.769959090433936,2.850446017847737,gp,0.549518733676635,0.45048126632336505,0.9009625326467301,0.0,0.0,333.21678555618877,2.2529312674973325,0.3703789235343812,0.0,0.2367386523558592,0.9999999599999999,0.6970581817935817,0.4045135969430551,0.2610215041702874,0.00038675564363608407,0.0010845701289125828,0.055325318422530155,5.9140744320442384e-05,857.1907549118945,15.14664446549173
14.671621499735751,1.1388530510668344,1.7144957722831653,2.012709118171016,Si1,Si1,combo_002,29.529706370872066,1.9525587413058714,gp,0.44420609821800383,0.5557939017819962,0.8884121964360077,0.0,0.0,412.4703818201489,1.516437593347196,0.7420531648576948,0.0,0.29472568212700734,0.9999999599999999,0.6969837254149562,0.661998123634902,0.24001805039540333,6.298445418679221e-06,0.000793184675085332,0.0551602111347818,4.610931964829574e-05,1251.4933030990478,13.28560151464132
10.542025914658048,1.3245342746874917,1.5700610258748127,0.6631438532606788,Si1,Si1,combo_002,6.99087968622027,2.079599642122194,gp,0.47113658508224177,0.5288634149177582,0.9422731701644835,0.0,0.0,342.3407943877717,1.4749679863200997,0.4131676324405524,0.0,0.04318354473122496,0.9999999599999999,0.6969592664264661,0.40614620946433433,0.20061433269957188,0.0008776209500753032,0.0009764130643196081,0.05526066937733556,8.665724311701885e-05,926.0148601464662,10.709481873988691
11.373973038627934,0.9873909408021242,2.621238403685574,2.4801648805874983,Si1,PU,combo_001,28.209328483154074,2.588187053481757,gp,0.5535941577727925,0.44640584222720747,0.8928116844544149,0.0,0.0,379.6227581397901,1.6319758111553553,0.588008223224897,0.0,0.27228968280357246,0.9999999629999999,0.6967396754219142,0.5532543377927172,0.24131210621279808,0.00018849712871987415,0.0010602788586355882,0.055182860185900316,3.979866248526152e-05,1053.5090474880117,11.454273268755893
15.474960382532382,1.1544921076715147,1.5103165045548694,0.6030778330684505,Si1,PU,combo_001,9.33260557431775,1.743648484594626,gp,0.5641991530128365,0.4358008469871635,0.871601693974327,0.0,0.0,421.27229130734025,2.5180084783641896,0.7833313299513335,0.0,0.36954145875839467,0.9999999629999999,0.6965182839998505,0.7099148774122929,0.2916320282105793,0.00029235097960674395,0.0010425801539560313,0.055092186874981776,3.4206917285345965e-05,1335.248266848321,13.716406016591783
14.85121298834785,1.1526013914442217,1.5854898285955845,1.4091950222146,Si1,Si1,combo_002,20.928255417028602,1.8274377825599313,gp,0.5500762031281994,0.4499237968718006,0.8998475937436012,0.0,0.0,412.1824121204781,1.423056134240706,0.7407026782590455,0.0,0.2376667973694499,0.9999999599999999,0.6965105379673879,0.6542709197559742,0.22769330593735848,0.0006496879150196379,0.0007247828105387973,0.055176870537028314,7.973249626172852e-05,1262.6325080552283,12.8985340339735
13.18951356375166,1.40324280850483,1.1580952651106557,0.669394115206918,Si1,PU,combo_001,8.828982762017187,1.6250888523300224,gp,0.5614707283729103,0.43852927162708966,0.8770585432541793,0.0,0.0,383.3790449776029,1.2926946442535432,0.6056240176676748,0.0,0.34353356863512274,0.9999999629999999,0.6964487741284798,0.5688004627578394,0.23831607003960997,-1.1832258990114976e-06,0.00041035779343094467,0.055267789224540426,1.6047994474479214e-05,1106.1127293527213,8.532020209426056
9.093542353248491,1.621408865896217,1.1170461027781937,1.8322657271129748,Si1,PU,combo_001,16.66178599190748,1.81118845465938,gp,0.437081773976999,0.562918226023001,0.874163547953998,0.0,0.0,322.5455100679625,1.8381440193093754,0.320334024526534,0.0,0.357043310250719,0.9999999629999999,0.6964487438374004,0.37673330575237196,0.26233955539314974,0.001702200484832361,0.0009693853537979649,0.055371467360837374,8.16312901271396e-05,809.3355274236774,15.798773954941066
13.252206698232316,1.3032091451734158,1.3525157608805225,1.3227234198672844,Si1,Si1,combo_002,17.52900416467398,1.7626109085706778,gp,0.5568497040336382,0.4431502959663618,0.8863005919327236,0.0,0.0,387.78285442214906,1.0509809282438183,0.626276487856948,0.0,0.29884641105013277,0.9999999599999999,0.6962492350909428,0.5760033633920568,0.22186510241264984,0.0015096903898806657,0.0008428158623141745,0.05525833305398068,3.603464602078615e-05,1111.4233780896227,8.145463189438395
9.268994065365687,1.073705736015358,2.455595930732789,2.2788418576880494,Si1,Si1,combo_002,21.12257165481745,2.636587436163767,gp,0.5373541132923663,0.46264588670763374,0.9252917734152675,0.0,0.0,342.46866895856243,1.1505989409023178,0.4137673236384746,0.0,0.1166705672752883,0.9999999599999999,0.6962214363354924,0.410177198660608,0.19855614694280738,-0.00010507250118389094,0.0009418946554397841,0.055372971844875496,4.0650953902344963e-05,892.599304718535,6.185245842356645
12.736665116296832,0.9093047516306957,2.877643414399811,1.5023062302215964,Si1,Si1,combo_002,19.134371356458804,2.616654830212527,gp,0.5592534308369608,0.4407465691630392,0.8814931383260785,0.0,0.0,386.2451908663066,1.8874436231078007,0.6190653332536313,0.0,0.3171302353501281,0.9999999599999999,0.6957174693244441,0.5824219618514468,0.25834076093864156,0.0006510879538970365,0.0009473273723524606,0.05520070312255753,4.8792899424177954e-05,1103.462563361947,10.777124876114067
11.627801630776363,1.141003053827348,1.944505395579779,0.735452079930281,Si1,PU,combo_001,8.55169089437119,2.218686594540283,gp,0.562438695120349,0.43756130487965095,0.8751226097593019,0.0,0.0,371.53999002928856,2.161942021846007,0.550102603204105,0.0,0.34674855582109065,0.9999999629999999,0.6957032738392447,0.5402727525187658,0.27385355220140506,0.00047389376109671644,0.0009803013079826223,0.05518338567856843,7.254312595999828e-05,1064.6862866684007,12.283280454372951
8.040164669549442,1.0640751688363534,2.797140961659878,1.2203838921683197,Si1,Si1,combo_002,9.812087453098961,2.976368241037315,gp,0.43229491849839974,0.5677050815016003,0.8645898369967995,0.0,0.0,318.9920527273196,3.2724160050454745,0.3036694361240164,0.0,0.39571215458550274,0.9999999599999999,0.695679017626905,0.38546117608435465,0.3259815748743006,0.0008110431376543254,0.0011752294694869652,0.05529218336681099,8.822563795810131e-05,822.1614659268572,19.624700190600702
11.63087206346075,1.0808364148143221,2.1550094662274875,1.6163760701646543,Si1,Si1,combo_002,18.79986327852455,2.3292127053682434,gp,0.5602735944395647,0.4397264055604353,0.8794528111208706,0.0,0.0,371.43981514429606,1.5384381164584877,0.5496328147511592,0.0,0.3246715078065783,0.9999999599999999,0.6954637854160903,0.5305519590745751,0.24539716705935716,0.0018616371810745791,0.0009104581304079989,0.05518269551536867,7.107847928440826e-05,1032.3361102833544,9.226175971438668
15.197885225828838,0.9118899433185279,2.5142689746213636,0.784185691401553,Si1,Si1,combo_002,11.917964133658035,2.2927365927550083,gp,0.5463350691854885,0.45366493081451154,0.9073298616290231,0.0,0.0,414.28866581009447,2.8175116735946157,0.7505803403340293,0.0,0.19457851279326827,0.9999999599999999,0.6954637735480362,0.672943873404121,0.2774660285373981,0.00034833927261632,0.0010110635073328482,0.05521199050644301,7.308927021774422e-05,1282.9992439827333,16.10501187474108
9.543540705624805,1.3807586859923022,1.4692478732712415,2.120629288751391,Si1,PU,combo_001,20.238311938739077,2.028676762894984,gp,0.5435925737030374,0.4564074262969626,0.9128148525939253,0.0,0.0,341.2955032407563,0.974571050124709,0.40826554834161793,0.0,0.16847390710877164,0.9999999629999999,0.6953986981295005,0.4094780335180633,0.19922774985450326,0.0007933762764426308,0.0010254605869263588,0.05533430583036148,8.652311762893738e-05,880.933040104733,9.34214210774404
11.932956729838658,1.175743940380604,1.8079282938286092,1.9917619816033887,Si1,PU,combo_001,23.767609542610938,2.1256607361116315,gp,0.5456075664433087,0.45439243355669134,0.9087848671133827,0.0,0.0,381.8724115161939,0.9564241206736372,0.5985583843700202,0.0,0.1867758183834996,0.9999999629999999,0.6953340442521663,0.5443041144123658,0.20124120246003102,-0.00018617231314626626,0.0006030440447271067,0.055165803479628024,4.7392643867024126e-05,1094.690051957621,8.614519221018794
11.396725771272083,1.0350141826916957,2.4778963433705665,1.4138293716640264,Si1,PU,combo_001,16.113025636224826,2.5646578586284283,gp,0.4527393089800569,0.5472606910199431,0.9054786179601138,0.0,0.0,374.2048366661746,1.7976296468443607,0.5625998891153816,0.0,0.20204378035824427,0.9999999629999999,0.6953133933540834,0.5303526367927853,0.23745575177041486,0.0008205773513941532,0.0008966231996659859,0.055179487093273784,3.270657952315869e-05,1046.955066843838,11.83004434829162
10.033351551119825,1.438212286511152,1.3672141008881393,2.02963675413939,Si1,Si1,combo_002,20.364059075354255,1.9663441181886196,gp,0.4310330519301715,0.5689669480698285,0.862066103860343,0.0,0.0,339.55916177409915,1.4623824735007291,0.4001226573219018,0.0,0.4043639167670902,0.9999999599999999,0.6952785996898443,0.4329877492760543,0.2542838366741128,0.0010005867677951486,0.0009189824722573773,0.05539589154886351,4.21136406675458e-05,883.1683699721115,11.94130527132067
9.571022786242732,1.4318031204950674,1.360211691525421,1.0949503221250976,Si1,Si1,combo_002,10.479794482863129,1.9475553444599718,gp,0.5411426672433777,0.4588573327566223,0.9177146655132447,0.0,0.0,327.1879125956248,0.936609221576644,0.34210542063630234,0.0,0.14462809562414047,0.9999999599999999,0.6952731508717245,0.3603439528231361,0.19411994319720755,0.0007661621899753422,0.0010167860815925303,0.05533459586299993,8.77876782299807e-05,848.2368105348878,8.501711547768101
12.872400518004142,1.2884049713710968,1.4278900780874881,1.4101464758055418,Si1,PU,combo_001,18.15197022562097,1.8397006751793832,gp,0.5489006796332347,0.45109932036676526,0.9021986407335305,0.0,0.0,388.36857653730505,0.9665425009205215,0.6290233388900776,0.0,0.21701858576737532,0.9999999629999999,0.6952708933116416,0.5687704469340698,0.20618567423507897,0.0019234424630899028,0.0008096743891149767,0.05522834289007524,1.387117374389994e-05,1131.88049756603,6.585037917785189
15.378584212561005,1.0931531438991895,1.8201214720515106,2.4849160573102917,Si1,Si1,combo_002,38.214490848491394,1.9896715094515296,gp,0.4196875683150836,0.5803124316849164,0.8393751366301672,0.0,0.0,423.77350189265184,2.7572682947126768,0.7950612146569979,0.0,0.5100286963887453,0.9999999599999999,0.6952495962278298,0.7349313578938994,0.32235404544125407,0.0004686831715485029,0.0010993630255521504,0.055139883324525525,6.147902360580289e-05,1303.9917212232315,15.89124343766067
14.454375533353428,1.3576974041592296,1.1515932511076064,2.4192360276161793,Si1,PU,combo_001,34.96854604698244,1.563515167676085,gp,0.535099405570449,0.464900594429551,0.929801188859102,0.0,0.0,412.0817470186048,1.8818581755206716,0.7402305908443385,0.0,0.0880027910646106,0.9999999629999999,0.6952447719095103,0.6442605404988312,0.2237463933643574,0.00047066970277834035,0.0009596990216703162,0.0552419653604373,6.800931216189164e-05,1188.8843269720442,10.290230892656266
14.382271291816052,0.9297433531476893,2.525336743373593,1.743262076837479,Si1,Si1,combo_002,25.072068121811302,2.3479150516112304,gp,0.5515541520164078,0.4484458479835922,0.8968916959671844,0.0,0.0,409.53298575221703,1.0769220737238092,0.7282777085190514,0.0,0.2409024502379997,0.9999999599999999,0.6951579184587167,0.6419087249899507,0.2142196695455515,0.00203939229548258,0.0006417236116782671,0.055261074484746896,5.12146985892216e-05,1227.183535642456,9.92714232735047
14.451305780677515,0.9153201621802151,2.5893030330425617,1.3995637215191525,Si1,Si1,combo_002,20.225523299216267,2.3700412721382405,gp,0.5589759777305119,0.4410240222694881,0.8820480445389762,0.0,0.0,408.65618568936173,1.459565142038162,0.7241657941894026,0.0,0.3101363382178137,0.9999999599999999,0.6951532444399768,0.6503627249211781,0.24003608181652414,-0.0005489349218596027,0.0008024544306750709,0.05522967268248683,4.331094137749078e-05,1229.508863284451,10.502865428411724
12.454858026488266,1.2112422075748306,1.65036588050381,1.2036658185094473,Si1,Si1,combo_002,14.991486880871959,1.9989928124076137,gp,0.5529008343692254,0.44709916563077456,0.8941983312615491,0.0,0.0,378.54601883843156,1.2917938517359284,0.5829586572518585,0.0,0.2533900447544102,0.9999999599999999,0.6951474853479811,0.543909978523072,0.22475821361281656,0.000977082728062876,0.0008135707644992006,0.05521685364051104,8.598252686130317e-05,1082.3079968169845,9.593586611556177
13.880850436247403,0.9950508898558068,2.2547724732241248,1.6780966891675255,Si1,Si1,combo_002,23.29340915989637,2.243613355904044,gp,0.5549828518937261,0.4450171481062739,0.8900342962125478,0.0,0.0,403.1730929294705,1.0978242825905737,0.698451827408003,0.0,0.272767678061199,0.9999999599999999,0.6951404996558597,0.6244579737687682,0.21984240342884176,0.0017914174417815606,0.000892838966590565,0.05525671907923615,4.6583329556727344e-05,1199.0479889708915,9.223610697772898
10.45037307809117,1.063396809860615,2.4619475182009065,1.9780690845398021,Si1,Si1,combo_002,20.671559907679196,2.6180271368991024,gp,0.4451011183670488,0.5548988816329512,0.8902022367340976,0.0,0.0,356.2966653632394,1.504403435996474,0.4786162429936582,0.0,0.27158401088621603,0.9999999599999999,0.695089264047011,0.47513944931335417,0.23606148308503383,0.0010077463696012447,0.0009833566752696686,0.05526275527592757,7.277298829535971e-05,953.0273703916278,8.597026939971242
9.4883591899781,1.0537062711219405,2.644218764551724,1.8665892680323874,Si1,PU,combo_001,17.7108694352496,2.7862298944264614,gp,0.44288475945695893,0.5571152405430411,0.8857695189139179,0.0,0.0,349.84727353485476,1.507699473426699,0.44837063991934456,0.0,0.2914941247273843,0.9999999629999999,0.6949898660876344,0.45599651697511834,0.23918092406504318,0.001668050399221984,0.00097385818074548,0.05533378468879321,7.139561384192842e-05,921.1960028382049,10.916782287231444
12.963691740058282,1.0278391876367081,2.32316646221859,1.191744731057871,Si1,PU,combo_001,15.449411326272902,2.3878415292716006,gp,0.43538012560910033,0.5646198743908997,0.8707602512182007,0.0,0.0,394.73055365710866,1.7367065585283037,0.6588589946935551,0.0,0.3605729898868954,0.9999999629999999,0.6948663220056787,0.612884953897766,0.2587782110655916,0.0001478419401002818,0.0009504381414092177,0.05529064893326165,3.3561367265993163e-05,1171.0240120762126,9.182336220201353
14.170898946764769,1.0649065543200318,1.92890175200202,1.5467171753117874,Si1,Si1,combo_002,21.91837279056879,2.0541001183463434,gp,0.5594354961246921,0.4405645038753079,0.8811290077506158,0.0,0.0,406.0399005233405,1.314747310714251,0.7118962461814144,0.0,0.3121553812554168,0.9999999599999999,0.6948624684086273,0.6403073024402182,0.23449868714521496,0.001237944895467504,0.000934644191504492,0.0553286864874108,3.070226712286692e-05,1226.0301285116234,11.772080307712006
11.282886713994799,1.13412488945116,2.066751298437571,1.4482732281812938,Si1,Si1,combo_002,16.340702764481076,2.3439540878635516,gp,0.45158818567372805,0.548411814326272,0.9031763713474561,0.0,0.0,364.0372696695669,1.5208390723158185,0.5149172232464184,0.0,0.208968000406426,0.9999999599999999,0.6948240768662701,0.49447791175992206,0.22733190212471702,0.0013310436516065218,0.0009409619709859952,0.055201544090861546,7.049877403631055e-05,1001.991259554208,8.446023593063105
8.499313274863258,1.0234626118067005,2.932501496628327,2.1118362164733835,Si1,Si1,combo_002,17.949157589009225,3.0013056408662857,gp,0.4420763731578603,0.5579236268421397,0.8841527463157206,0.0,0.0,331.5801332733128,2.273003975514218,0.36270354318290793,0.0,0.29767602034978546,0.9999999599999999,0.6948152507140755,0.4054658524632801,0.27097160675339904,0.0007892223846289424,0.0011077285519788432,0.05532326288252849,5.028507135226619e-05,852.4720869616907,17.42277433261905
12.443462735296738,1.1524842660259116,1.8774126024152267,2.0575504748658933,Si1,PU,combo_001,25.60305265998585,2.163688485122309,gp,0.4574585192181502,0.5425414807818498,0.9149170384363003,0.0,0.0,389.6402310013451,0.8411607779644591,0.634986995183646,0.0,0.15400283330797793,0.9999999629999999,0.6948016089524368,0.5651987377510652,0.1916768846672002,-0.000466602685745088,0.0007176261449206849,0.05521868176273837,8.480192219776343e-05,1135.8384870075515,8.275894305110379
13.07560663472864,1.0818861776768658,2.058652014263583,2.307479618792901,Si1,Si1,combo_002,30.171695812989572,2.2272271588784087,gp,0.4467826623459388,0.5532173376540612,0.8935653246918775,0.0,0.0,393.5672195554938,0.9607112602406163,0.6534033265597942,0.0,0.2531455240444525,0.9999999599999999,0.6947377294243222,0.5893819421765328,0.21136955073747868,0.00032386501599401026,0.0009937630217024482,0.05532541754585428,2.7823495980535628e-05,1141.2629702714341,9.854444979670125
14.786098180086258,1.1000483141901263,1.8467535100211174,0.748118085362518,Si1,Si1,combo_002,11.061747460468343,2.0315180854234285,gp,0.4304768291798666,0.5695231708201334,0.8609536583597333,0.0,0.0,407.37830517386925,2.117398133494837,0.7181729396883193,0.0,0.4049465748852003,0.9999999599999999,0.6946881873049806,0.6632285389491455,0.28078687710858685,6.508725228246068e-06,0.0008591600240086742,0.055160299236357395,6.7063739129513e-05,1265.3174798990804,14.252613216197409
8.02511417770188,1.1321542150760902,2.4609822525346843,0.7685605511419518,Si1,Si1,combo_002,6.167786175391648,2.786211430434594,gp,0.43806966990722174,0.5619303300927783,0.8761393398144435,0.0,0.0,313.92250806710547,3.2659934202521677,0.2798948788261468,0.0,0.3315157122935365,0.9999999599999999,0.6943596769489111,0.3623253384128764,0.3160930968623006,0.0010259819949751255,0.0010807841182289633,0.055289001909664154,9.155677822434074e-05,810.6249437360924,18.287130814796058
10.399656709606576,1.5859610204154675,1.1065649691254262,0.9617564865747099,Si1,PU,combo_001,10.00193729861433,1.7549689075901713,gp,0.4542391214789916,0.5457608785210084,0.9084782429579832,0.0,0.0,336.7564069390464,1.8769450288826748,0.3869786256811928,0.0,0.18059140581575764,0.9999999629999999,0.6943584699093015,0.4061864153157128,0.237436546922921,0.0004583211011697591,0.0009343107914833104,0.0552872735068438,9.061245944485596e-05,895.2566465984451,15.850750503202187
9.379654008853484,1.0503334484287512,2.529663546672461,1.3054256444625034,Si1,Si1,combo_002,12.244440879342863,2.656990236340991,gp,0.5645901714941886,0.43540982850581145,0.8708196570116229,0.0,0.0,338.7048943337496,2.2287372422605114,0.396116413848462,0.0,0.35631461014787524,0.9999999599999999,0.694356309207874,0.43420866367478955,0.2779821949034565,0.0009744319085386514,0.0010952736736200045,0.05535128944973363,5.5898863124681684e-05,894.3131197923672,10.002418729772529
8.846769461064879,0.985568061661005,2.8791157854589358,2.473231379488965,Si1,PU,combo_001,21.880107838210336,2.8375645639723652,gp,0.5768901668841977,0.4231098331158023,0.8462196662316046,0.0,0.0,346.7641383926976,2.5501502851682423,0.43391171352511587,0.0,0.4710648387038425,0.9999999629999999,0.6943499390477577,0.47584383337579983,0.30815675833799716,-0.0004014045782255673,0.0007600698242744725,0.05539938438532368,7.171102203152644e-05,895.3323189468925,14.055658152795276
14.37001029394111,1.2692956292550044,1.3921970475699665,1.7965863076181396,Si1,Si1,combo_002,25.816963734426317,1.76710962754228,gp,0.4416520119354601,0.5583479880645399,0.8833040238709202,0.0,0.0,404.5251245325115,1.2824374383174058,0.7047924270021431,0.0,0.29724488190915316,0.9999999599999999,0.6942526260903807,0.6334712931005326,0.23095911131478325,0.0006364174205533649,0.0010321265219457626,0.05527445973126487,6.199146998459468e-05,1198.3396754668997,10.96893331445356
13.411985310841239,1.0635133830941685,2.1186355928737033,1.1484554728502698,Si1,PU,combo_001,15.403067932023047,2.2531973069208315,gp,0.42996077238225894,0.5700392276177411,0.8599215447645179,0.0,0.0,400.08775375116693,1.5842812315084716,0.6839825647829763,0.0,0.4058016308238466,0.9999999629999999,0.6941806962278321,0.6332380175712305,0.25941545901624563,0.00018469271407557008,0.0010254604352198098,0.05519535669646608,5.182866723381062e-05,1210.3060538197512,7.186314706622597
9.24911915898022,1.1108735662899072,2.313569350442728,0.8366520022011024,Si1,PU,combo_001,7.738294062957377,2.570083035185337,gp,0.5393015215639991,0.46069847843600087,0.9213969568720017,0.0,0.0,338.87016468231855,2.3867325100663592,0.39689147938886987,0.0,0.11877441762822037,0.9999999629999999,0.6941625106214172,0.41281766894654986,0.24872284068454928,0.0008445848800536035,0.0010497265216690155,0.05537448230416383,4.6664572401506774e-05,896.9330424230317,15.95078123841117
9.001006518824209,1.0704579048679674,2.581418885256383,2.4674751952419043,Si1,Si1,combo_002,22.20976031740942,2.7633002514981517,gp,0.4656066277334219,0.5343933722665781,0.9312132554668437,0.0,0.0,339.5647688401921,1.2105570104990853,0.4001489526843128,0.0,0.07171663145977085,0.9999999599999999,0.694002582740068,0.39683980387071044,0.19423106117896632,-0.0005288437888651656,0.0005296358798433588,0.055400546999067254,7.507634243761228e-05,879.5511613751455,6.162120322302941
10.810469813814894,1.0636776944241708,2.4218325262267193,1.5195702139909735,Si1,Si1,combo_002,16.42726792832166,2.576049237778302,gp,0.440769029622615,0.559230970377385,0.88153805924523,0.0,0.0,358.83761793039787,1.8012743038187384,0.49053250499509127,0.0,0.3028858830875043,0.9999999599999999,0.6939195272157002,0.49003167293104694,0.25272904940318985,0.0014898276071004515,0.0008804280539105797,0.05524248110432081,8.982441005403535e-05,971.7374904769438,9.687140201500563
8.927454736368162,1.0125385648517733,2.9742863627968648,0.7322557348666174,Si1,PU,combo_001,6.537179928467733,3.011579645244538,gp,0.43315987280888635,0.5668401271911137,0.8663197456177727,0.0,0.0,335.48099363187134,3.2188279575217686,0.3809973416049581,0.0,0.373316198872419,0.9999999629999999,0.6938441392111465,0.4367336538773283,0.32046106926401796,0.0011691923482540982,0.0010866371022815776,0.05540092982796142,7.641508149945345e-05,881.8853466836242,15.219665294173376
9.307158970284412,0.9902253801742998,2.8667149819015156,0.8618916631137894,Si1,Si1,combo_002,8.021762723762855,2.8386939328047895,gp,0.5412015785259996,0.4587984214740004,0.9175968429480008,0.0,0.0,335.7000215363973,3.193352432109399,0.3820245130404622,0.0,0.13381499734146568,0.9999999599999999,0.6938174822964782,0.4132090152554684,0.2835085049767138,0.000907567814625359,0.001134318366456634,0.055367983308655055,2.859785908055108e-05,890.2720838940568,15.177640307165408
11.792265000831636,1.005023068217274,2.572383021784889,2.375920833556491,Si1,PU,combo_001,28.017488090294936,2.585304277184272,gp,0.4490780594918107,0.5509219405081893,0.8981561189836214,0.0,0.0,383.98676751699713,1.3113349667643939,0.6084740437158573,0.0,0.222881303362805,0.9999999629999999,0.6936052005611661,0.5589450349698168,0.2209699620179476,0.00010517152423033876,0.001013458603648938,0.05518671097358634,7.656214389597144e-05,1080.8362487339452,10.363087117726913
13.244373919257782,1.2572934665548536,1.5110303025085248,1.919281660830335,Si1,Si1,combo_002,25.419683972411047,1.8998085271103722,gp,0.4458408772014053,0.5541591227985947,0.8916817544028106,0.0,0.0,390.9604279670027,1.236399850723305,0.6411783004207467,0.0,0.2528668784114672,0.9999999599999999,0.6935759756612263,0.5839731424884771,0.22244579499654682,-0.0002532351061214871,0.0006871314051462465,0.05526528720885307,3.5452252385270695e-05,1127.3499533594932,11.020378806984619
10.97668195103661,0.9622270832623205,2.7958509472943645,1.60336446346931,Si1,Si1,combo_002,17.599621767097073,2.6902435022512523,gp,0.5648087881219368,0.4351912118780632,0.8703824237561264,0.0,0.0,363.33044082955837,2.176856200588801,0.5116024200672588,0.0,0.35210224590206135,0.9999999599999999,0.6935552852908895,0.5140298395668456,0.2752580681387632,0.001608172836749495,0.0008436908770322572,0.05523921197572921,9.304580439846812e-05,988.1503378133674,12.907560531138248
9.416320764011548,1.166288593076513,2.0759081184927837,1.188264997154726,Si1,PU,combo_001,11.189084365856171,2.4211079588730597,gp,0.5528257259122995,0.4471742740877005,0.894348548175401,0.0,0.0,341.9157638544292,1.7314461919048791,0.41117437398331863,0.0,0.23955072527844617,0.9999999629999999,0.6934643802928102,0.4273428811020719,0.2404127299424317,0.0009817963955163623,0.0010572404465017471,0.05534406004122297,7.004084046942667e-05,900.5229888370593,12.983395282542729
15.572140439150852,1.064582616805849,1.7800353402046607,1.4918897235939441,Si1,PU,combo_001,23.231916295530844,1.8949946804819673,gp,0.5634184915911646,0.43658150840883536,0.8731630168176707,0.0,0.0,430.8404426000849,1.821369692363489,0.8282029261973036,0.0,0.3374106199810425,0.9999999629999999,0.6933355153990741,0.7300849880620188,0.25871817243746376,0.00043329917724505734,0.0009160256572415934,0.055071049908988465,1.9385129230638867e-05,1364.949860744628,15.400022107992612
8.95734560601485,1.0539236489866772,2.559741609568447,1.709679316061662,Si1,PU,combo_001,15.314188509419402,2.6977722176194083,gp,0.5612505518749913,0.4387494481250087,0.8774988962500174,0.0,0.0,342.42042045646224,1.9579350237246673,0.4135410534594742,0.0,0.31539041802185414,0.9999999629999999,0.6931067042506843,0.43919321185372207,0.26092258430794474,0.0016739391405920703,0.0009254510879271933,0.05540223729629585,7.52428488196001e-05,892.9865702357392,13.62322175464112
9.056573829420671,1.435928771695123,1.3707929713875773,1.0732567668478712,Si1,PU,combo_001,9.720029146883073,1.9683610676528718,gp,0.5623597799471156,0.4376402200528844,0.8752804401057688,0.0,0.0,325.2091258353652,1.5637107835843183,0.3328255380501471,0.0,0.3251649842697529,0.9999999629999999,0.6930326292184719,0.379127414097606,0.24649039166481013,0.0006294943793891028,0.000985737705006198,0.05538174352954028,7.904207299062658e-05,832.086480005275,11.763556731042586
8.743113640795134,1.0483608619451386,2.792090849715785,1.3922315311009417,Si1,Si1,combo_002,12.172438490713738,2.9271187698371746,gp,0.4279013820214743,0.5720986179785257,0.8558027640429486,0.0,0.0,329.7203969372163,2.4895913965379433,0.3539819693444424,0.0,0.4155652914586953,0.9999999599999999,0.6929691501049839,0.4136452761120793,0.29738959120665465,0.0009780396361193033,0.0011125612807736836,0.05538231157017303,6.536982903411797e-05,859.0940098352584,13.378392467375363
12.351653683522933,1.2101128466572373,1.7194824184885844,1.841380517689081,Si1,Si1,combo_002,22.7440944540817,2.0807677642142917,gp,0.43794719394020376,0.5620528060597962,0.8758943878804075,0.0,0.0,379.5196147909971,1.1332446796359432,0.5875245136177959,0.0,0.3216801310833342,0.9999999599999999,0.692953232956014,0.5521082259820275,0.22860771435682953,0.0007290079600065051,0.0008839516154118423,0.05521230766514253,8.476667420327338e-05,1077.5806695676367,9.81047829470706
15.876330610222068,1.3026316542304575,1.1165309131228238,0.9885392235437549,Si1,Si1,combo_002,15.694375534152872,1.4544285103606271,gp,0.5506024369795739,0.4493975630204261,0.8987951260408522,0.0,0.0,417.6208437556438,1.4364523025910403,0.7662071985240535,0.0,0.2146100295201815,0.9999999599999999,0.6929276128742106,0.6699727626301841,0.22477503491767734,0.0003423539495231195,0.0011345091786446,0.055161569635252164,8.647517353418493e-05,1288.4916783983783,8.41670391057117
10.391420933590279,1.0576821057833086,2.4015531453957704,1.2552477641987885,Si1,PU,combo_001,13.043807893737684,2.5400797879727266,gp,0.559859210507824,0.44014078949217605,0.8802815789843521,0.0,0.0,359.3524373127482,1.8916638973684767,0.49294684468910716,0.0,0.3006169975422438,0.9999999629999999,0.6928777048138804,0.4925363238945943,0.25603397203431866,0.0009841722774048985,0.000949274958186708,0.05527786797656696,7.682549441594284e-05,976.9722584346459,13.2152591388954
15.9033782360045,1.0926333397650572,1.6385839964955093,0.537046798559885,Si1,PU,combo_001,8.540858367933168,1.790371504576463,gp,0.5722807602345767,0.42771923976542325,0.8554384795308465,0.0,0.0,427.50319477031724,3.159023475201741,0.8125522918575618,0.0,0.4163452844073131,0.9999999629999999,0.6928512921225372,0.7424359388359585,0.32450362139336564,0.0004537008962140829,0.0011314722440207306,0.05515770184720052,8.392800533610275e-05,1379.3513259676497,17.573584999060202
11.384510933480295,0.9178358870022152,2.997631920370326,0.5892588125592251,Si1,PU,combo_001,6.708423394230113,2.751334152539252,gp,0.5761527471810837,0.42384725281891633,0.8476945056378327,0.0,0.0,370.6685403535076,3.4310691235033435,0.5460157804936429,0.0,0.45211366965358135,0.9999999629999999,0.6928038721919724,0.5625718272873448,0.34084000676556514,0.0009529107625125862,0.0011260918660756184,0.05518101810003798,3.1853685193862594e-05,1042.1760787645458,16.091859606129866
10.117458497485579,1.056002367468309,2.5633988461019217,2.4821049873584626,Si1,PU,combo_001,25.112594196001215,2.7069552502491607,gp,0.42815140249015826,0.5718485975098417,0.8563028049803165,0.0,0.0,361.23035850314903,1.670154660481424,0.5017536997292564,0.0,0.41162969439298663,0.9999999629999999,0.6927639142120686,0.5072500829489732,0.263752794506131,-0.0002661379293856102,0.0008292089227572508,0.055367288008261836,4.74818467597676e-05,963.2887886857166,11.588420802176346
9.690408251539216,1.2149377592975674,1.9597636222957586,1.1602512092873845,Si1,Si1,combo_002,11.243307892336825,2.3809908240248934,gp,0.44416916466852285,0.5558308353314771,0.8883383293370457,0.0,0.0,336.98578451121267,1.5918788143281266,0.3880543337768548,0.0,0.2617904598432549,0.9999999599999999,0.692720342056864,0.4117746805528547,0.23812018021304632,0.0009924560270556633,0.0010202848850465976,0.05535158241091053,7.787374707582257e-05,886.9317451249719,11.31703044773771
10.952643142107352,1.0652067282350384,2.2985241228774447,1.951574471914359,Si1,PU,combo_001,21.37489875612458,2.448403360699594,gp,0.5631686751524114,0.4368313248475886,0.8736626496951772,0.0,0.0,370.80484160068306,1.4772652396503527,0.5466549901323657,0.0,0.3289557361323353,0.9999999629999999,0.6925510841656219,0.5281910490684733,0.24357280608889342,0.0008992824303587731,0.0009256223102720928,0.05524058628572156,9.433006433301259e-05,1021.0211267437566,11.973080868277542
13.563726221378353,1.0974986656926204,1.9423484527597745,1.964493622593416,Si1,PU,combo_001,26.645853660500865,2.131724835213978,gp,0.46849213935021083,0.5315078606497892,0.9369842787004217,0.0,0.0,406.13010990810585,0.4403545807579391,0.7123192995975803,0.0,0.03341446134453052,0.9999999629999999,0.6925459164135697,0.6026542803716314,0.15742481241773185,-0.0004121346080087695,0.00024674253269473315,0.05514769648002951,1.4231816538020814e-05,1225.4282407043545,5.131522742677053
15.750408715114423,0.9286575646434392,2.4982653710437797,0.513160818387665,Si1,Si1,combo_002,8.082492626188328,2.3200330353065546,gp,0.4409599538297755,0.5590400461702245,0.881919907659551,0.0,0.0,417.7509824324749,3.630788784640078,0.7668175076615332,0.0,0.29035827466007197,0.9999999599999999,0.6925429373504941,0.7032587383294486,0.3246310434502995,0.0005524141541132437,0.0011595568048763244,0.05509810708138521,5.581362154450276e-05,1317.257131957137,20.236702549104816
13.584629562261178,1.1586256800443655,1.6949654524906936,0.8874945533456885,Si1,PU,combo_001,12.05628474572562,1.9638305000437355,gp,0.5543571844941084,0.4456428155058916,0.8912856310117832,0.0,0.0,399.1967579250863,1.6757767752646837,0.6798040768241737,0.0,0.24595084212404372,0.9999999629999999,0.6924531703382486,0.6153822417187121,0.2391276967714582,2.8622183296121836e-05,0.0009131563353150372,0.05516482571420259,2.9401170889597766e-05,1213.7507701567536,8.730196546618748
13.620216193392775,1.1252521224301093,1.782493704450696,1.6351810352648017,Si1,Si1,combo_002,22.271519215642414,2.005754824151454,gp,0.5593593051112862,0.4406406948887138,0.8812813897774276,0.0,0.0,398.46852882635426,1.2095695631742212,0.6763889132159594,0.0,0.292391931930751,0.9999999599999999,0.6924217364994574,0.6122639285664562,0.22729253421734621,0.0016002094420665513,0.0010232269150704121,0.05516416286050019,3.071450553833717e-05,1180.6912897029206,11.56192118516129
10.203969924248305,1.5041226301012733,1.1805721301741385,1.9526159585776424,Si1,Si1,combo_002,19.924434514933537,1.775725257461788,gp,0.5757389405198694,0.4242610594801306,0.8485221189602612,0.0,0.0,339.30288457714664,1.6518761508859272,0.39892079851377216,0.0,0.4448381015070357,0.9999999599999999,0.6923665958353256,0.43837728094270156,0.2679969146393065,0.001269576291313177,0.0008231403272760242,0.0553394856808355,7.946270879155104e-05,881.0839705656797,13.083970796189218
9.245773945844158,1.0439645760938223,2.7402702641224987,1.232001242977288,Si1,PU,combo_001,11.390804993567027,2.8607450846671507,gp,0.4374989326503709,0.5625010673496291,0.8749978653007418,0.0,0.0,342.76073573833844,2.1009591793766442,0.4151370242439518,0.0,0.32102011988051415,0.9999999629999999,0.6923327121582709,0.4425213373911323,0.2675349548951783,0.000884515494721115,0.001125192820000903,0.05538063300522012,2.6834265837562125e-05,902.7860073048241,11.830270323089502
11.056689437012775,1.0509440224000028,2.441265514402497,2.2639990956823683,Si1,Si1,combo_002,25.032334886637717,2.5656333994525724,gp,0.443904497029493,0.556095502970507,0.887808994058986,0.0,0.0,365.9949621045164,1.4558573676679825,0.52409818013424,0.0,0.2609694803046164,0.9999999599999999,0.6922987158327312,0.5053559869803523,0.23251152504142203,-0.0001108117076371373,0.0009795591567787218,0.055233670004686895,9.214728335129926e-05,992.2279076586946,9.331996263581525
9.68677696637048,1.3446903702128916,1.6037883126468286,1.1213922370184708,Si1,PU,combo_001,10.86267649181719,2.156598699876173,gp,0.43485070429790085,0.5651492957020992,0.8697014085958017,0.0,0.0,338.06719079077226,1.3066136448432,0.3931257863981203,0.0,0.34528121930308653,0.9999999629999999,0.6922743341139235,0.4203868456708316,0.2391395467118988,0.0008966135011478356,0.0010194833349449484,0.055350503038160206,8.152119523218562e-05,889.6194147622534,8.17169126127747
11.320666099950937,1.1938759726961714,1.8104239219687985,1.3337476433380697,Si1,Si1,combo_002,15.098911731826739,2.161421620832917,gp,0.5466610444718611,0.45333895552813885,0.9066779110562777,0.0,0.0,362.9421148703168,1.3730196881686343,0.5097812944263912,0.0,0.17222438589085712,0.9999999599999999,0.6922103031817068,0.48550517198319065,0.21585906141833752,0.0012928964044232136,0.0008170917778815602,0.05519795179155103,6.834705523605205e-05,1002.70227683633,7.914720648640836
10.562406655219457,1.183801510518609,1.987370931371092,1.0923740689833978,Si1,PU,combo_001,11.5380991362194,2.352652710517874,gp,0.4382573202398845,0.5617426797601155,0.876514640479769,0.0,0.0,356.68740797924664,1.6535164227747716,0.48044870198862266,0.0,0.3126124530651594,0.9999999629999999,0.6921624093081697,0.482243148634022,0.24822921713391974,0.0009038785392735862,0.001000430309256841,0.05525325218453231,8.030097485779017e-05,975.8513804434579,10.711435227249002
11.393738654630042,1.1865196560382336,1.8785113796334396,2.3559642137572356,Si1,PU,combo_001,26.84324053121089,2.2288906760265763,gp,0.4507371038395718,0.5492628961604282,0.9014742076791435,0.0,0.0,375.11435333131124,1.1810997294719427,0.5668652339378386,0.0,0.19606716711168767,0.9999999629999999,0.6921537869970409,0.525636837218342,0.21169568109415476,0.00036155288859478994,0.001023738114122917,0.055185919548703444,5.330594409586121e-05,1050.3014581605241,9.550431347585608
8.92575668629122,1.0376366756660031,2.8208806738676273,1.2022312864300462,Si1,PU,combo_001,10.730823943321479,2.9270492448824794,gp,0.4359660716368694,0.5640339283631306,0.8719321432737388,0.0,0.0,338.2625626721959,2.4147864503168197,0.39404201858476057,0.0,0.33388049982378565,0.9999999629999999,0.6921474284823798,0.4326569022007022,0.28212011960503725,0.0008460589749550135,0.001150100241581793,0.0554014578074891,7.602348029189206e-05,884.4688559607519,13.02269777966422
11.597899805199614,0.9887025794321294,2.7071373757765103,1.494398948106515,Si1,Si1,combo_002,17.331889269135058,2.6765537063073612,gp,0.43148411723828417,0.5685158827617158,0.8629682344765683,0.0,0.0,370.10010877990356,1.9830547617994343,0.5433500166189055,0.0,0.37536793374582045,0.9999999599999999,0.6921033413919968,0.5363466760015699,0.2709322465400124,0.001026502979657224,0.0009328732091479614,0.05518095933143781,6.0819948233414865e-05,1022.4957996525625,11.435456476067944
8.09571423175804,1.0761755895346288,2.5180597663998885,1.5662831236265247,Si1,Si1,combo_002,12.680180574905693,2.7098744535888297,gp,0.5717024287971526,0.4282975712028474,0.8565951424056948,0.0,0.0,322.8320417995839,2.7134918323810466,0.3216777675108997,0.0,0.404112362810204,0.9999999599999999,0.691975661617853,0.39246690337762435,0.30470116685794035,0.0012004256522188399,0.0010434520631766907,0.055292582915815666,9.010553279304852e-05,827.9113110330239,15.648016345961576
10.098585925708397,0.9566834323005846,2.934569701653876,1.2209377839708795,Si1,Si1,combo_002,12.329745121373923,2.8074542145035326,gp,0.5619092279550841,0.43809077204491587,0.8761815440898317,0.0,0.0,349.3295343162516,2.7509998716398916,0.445942607118956,0.0,0.3125615498069805,0.9999999599999999,0.6919567524070522,0.4707293909321545,0.2924811788597025,0.000785394250519623,0.0010991072008195617,0.05536959390934219,4.289268472804534e-05,935.4451609954061,14.955790850900293
12.834847441654553,0.9649311832599365,2.5282195256857998,0.5160956766138207,Si1,PU,combo_001,6.624009274635872,2.439557858460874,gp,0.583357494839646,0.41664250516035395,0.8332850103207079,0.0,0.0,389.9264891737739,3.0690320996861353,0.6363294552621226,0.0,0.5127241784045838,0.9999999629999999,0.6919540374851143,0.6276809295981421,0.3353312599203805,0.0006962751619962067,0.0011295664505739755,0.055216476029575697,3.565309605376216e-05,1157.2116620136642,13.558509142176955
12.098817157045715,1.3603237633219396,1.3399979556530472,1.19392038800395,Si1,PU,combo_001,14.445024474528868,1.8228310618776589,gp,0.5420199304643774,0.45798006953562265,0.9159601390712453,0.0,0.0,373.3589114909355,1.1458688262561882,0.558632768220626,0.0,0.12440093753555492,0.9999999629999999,0.6916330054574285,0.5123015451106016,0.19952494563946072,0.0012314143714814273,0.0008279556418456681,0.055166108267662335,3.6145497354574626e-05,1062.5265407200127,6.54741456667659
15.974277253385296,1.2465734186599517,1.2222065097600856,0.644879911289139,Si1,Si1,combo_002,10.301490498071221,1.5235701471800775,gp,0.5598554492835888,0.44014455071641123,0.8802891014328225,0.0,0.0,418.2323745106629,2.2916529109230117,0.7690750838962275,0.0,0.2907143349226599,0.9999999599999999,0.6916136039604801,0.6894446421662831,0.2706794330517015,0.0002738079211519358,0.0010519361757244897,0.055185284622970024,9.173617627903673e-05,1314.0786028717935,10.420540198302298
15.416015286568463,1.2960645336793553,1.2459543947237055,0.6661754646468335,Si1,Si1,combo_002,10.269771146532435,1.6148373015833226,gp,0.44887471051819716,0.5511252894818028,0.8977494210363943,0.0,0.0,409.5691247834725,1.665067272641439,0.7284471891187619,0.0,0.20815667453872505,0.9999999599999999,0.6914757394927615,0.6455296045223232,0.23302667557941964,0.00012484721862493053,0.0009373496672575092,0.05511879509230273,5.560447509837666e-05,1268.6445547744734,7.478453597940544
12.863560297734912,1.1780393477391313,1.7002789267684593,1.0925758265193974,Si1,Si1,combo_002,14.054415024279828,2.002995477864906,gp,0.5594929656173093,0.4405070343826907,0.8810140687653814,0.0,0.0,384.5741573898539,1.4607239864413626,0.6112287160038871,0.0,0.2861923114604972,0.9999999599999999,0.6914677105736795,0.5689257201379208,0.2364912119810999,0.0006074134760110006,0.0010277842791914663,0.05522716708109652,2.258387912630519e-05,1116.688398736043,10.46438098538571
13.543802043752986,0.8945616054667622,2.8458747253647765,0.755199439066609,Si1,Si1,combo_002,10.228271706271448,2.5458102632795954,gp,0.5638427617053026,0.43615723829469744,0.8723144765893949,0.0,0.0,392.91987845371875,2.8932106506119464,0.6503675020140121,0.0,0.3263009086451253,0.9999999599999999,0.6914050023809262,0.6168393570260402,0.3002771959277864,0.00043910141699267586,0.0010690344578821024,0.05512647099873875,2.7627616236688798e-05,1158.0281138529972,12.947764138661086
13.674557959689597,0.9127403721006871,2.838032590236545,2.2347115151230987,Si1,PU,combo_001,30.55869213673657,2.590386922446381,gp,0.45647691085214603,0.543523089147854,0.9129538217042921,0.0,0.0,408.61516014480776,1.331763422081552,0.7239733973914556,0.0,0.1364538148291175,0.9999999629999999,0.6913797892345492,0.6313872177046741,0.20882968279146977,9.079822618100156e-05,0.0008836991756474283,0.05510539023195108,1.5861629376913378e-05,1216.9924243812316,7.282985024781073
8.143573773671912,1.08196037362333,2.689474426598484,1.4708617082446396,Si1,PU,combo_001,11.978070831959315,2.909904755452887,gp,0.4356901356991898,0.5643098643008102,0.8713802713983796,0.0,0.0,328.37591312780756,2.8828390138342534,0.34767676650961893,0.0,0.3292816142733782,0.9999999629999999,0.6912283540270924,0.40513440730360756,0.30030603215938445,0.0010415232695797168,0.0010956649589322967,0.05529774370659494,8.488246498955725e-05,841.7914482871577,18.864069578420008
12.012427875856954,1.1790980905278134,1.8419821500332438,2.0330179841607947,Si1,PU,combo_001,24.421481905051643,2.1718776358905143,gp,0.4489394260984909,0.5510605739015091,0.8978788521969818,0.0,0.0,382.69982573282067,0.9164809989800324,0.6024386947372701,0.0,0.20550531491439136,0.9999999629999999,0.6912134608994056,0.5484330422970052,0.202439790350328,-0.000325731023513422,0.0006846227005630187,0.055162507266550434,2.703117066020359e-05,1099.2677887330826,8.692397467866327
11.926605257770685,0.9940561409149485,2.5128667779445393,2.461851073391424,Si1,PU,combo_001,29.36152595575856,2.4979306519169295,gp,0.5581462346285093,0.4418537653714907,0.8837075307429814,0.0,0.0,386.94714673459015,1.3506601534441742,0.6223572837402414,0.0,0.2715758904645348,0.9999999629999999,0.6912054852438219,0.5739858806529309,0.22986006642875983,0.0003362328443646581,0.0010875388504126486,0.05517759288654705,6.07106727848255e-05,1095.8869629985043,10.610154217751619
12.553125177192458,1.0145000018045285,2.4556060976773173,0.9018256114950411,Si1,PU,combo_001,11.320729789095385,2.4912123905248493,gp,0.4241926351581071,0.5758073648418929,0.8483852703162142,0.0,0.0,387.3144563722579,2.2624999007763593,0.6240798494955695,0.0,0.4362351103364843,0.9999999629999999,0.691182682830218,0.6021641444507827,0.2913318596462975,0.0004212062379019034,0.0010909348445045767,0.05522013226632077,7.360530846224415e-05,1133.4217311279274,11.245959719865679
9.825220875549764,1.483361133968942,1.2458880776591514,2.4469613601288644,Si1,PU,combo_001,24.041935837201763,1.8481019516748642,gp,0.5482285708724106,0.4517714291275894,0.9035428582551788,0.0,0.0,342.7250574563548,1.6188283992199715,0.41496970441225844,0.0,0.17841967771925252,0.9999999629999999,0.6911297292042307,0.422588884902759,0.22670139320577284,0.0006338491073709193,0.0010490452196449383,0.05537531253954744,7.014905364868071e-05,884.972460403121,14.315480991981062
14.650238840497149,1.1147586407253796,1.7225875895579645,1.9500232990037594,Si1,PU,combo_001,28.568307074939263,1.9202693998660445,gp,0.552436843864271,0.44756315613572895,0.8951263122714579,0.0,0.0,420.5384114203019,1.2277803294409453,0.7798896659373882,0.0,0.21745297536657535,0.9999999629999999,0.6910984818047313,0.6774303911188584,0.21678609969608842,4.655956470563181e-05,0.0007748642771327432,0.05516402650079677,4.401040895956117e-05,1294.6559867853912,11.75994773315005
8.006585717645716,1.1530789718523835,2.2232343647360047,2.458151319128164,Si1,Si1,combo_002,19.681399243543535,2.563564795476679,gp,0.5550822889865827,0.44491771101341726,0.8898354220268345,0.0,0.0,325.2236674261549,2.16906493882023,0.33289373350094265,0.0,0.24180123117080815,0.9999999599999999,0.6910545964987549,0.3778138837747671,0.2583987079002139,-0.00017648214467703624,0.0009280622539980669,0.05528559447217537,9.440168610874448e-05,815.7019064915809,15.483745861431325
9.22643791695979,1.2981439156414285,1.735609375711949,2.4691713735984457,Si1,PU,combo_001,22.78165638484039,2.253070751010685,gp,0.4634914391294416,0.5365085608705584,0.9269828782588831,0.0,0.0,342.080739357456,1.4544506710415133,0.4119480567916067,0.0,0.06795441053565994,0.9999999629999999,0.6909915651889629,0.40753318549874823,0.20350253539905053,-4.919591610814305e-07,0.0009053984938897138,0.055368439327926455,6.528355389035736e-05,874.8332148418137,9.308951969979633
13.614237889232957,1.1954918787434434,1.6500604428459351,1.082711568113778,Si1,Si1,combo_002,14.740292853725427,1.9726338588581251,gp,0.4366288142624484,0.5633711857375516,0.8732576285248967,0.0,0.0,393.5173661774826,1.4060599959736162,0.6531695300215524,0.0,0.31833688070955124,0.9999999599999999,0.6909486026894034,0.600868888700932,0.23910839375854853,0.000417711035928383,0.0010699161822609678,0.05516728721091177,3.1736942405254924e-05,1167.2134501782791,11.111671583222249
12.586957840498673,1.3302954764164934,1.354704109642641,0.7499001927469944,Si1,PU,combo_001,9.438962110688248,1.8021567489404386,gp,0.5609609443985022,0.4390390556014978,0.8780781112029956,0.0,0.0,378.68513262603966,1.4588965225079868,0.5836110568135723,0.0,0.2947542559312225,0.9999999629999999,0.6908093460799919,0.5504284967545441,0.23770180566140764,-0.00012381218668358206,0.0006200625517558029,0.05521156127767762,7.921630984761985e-05,1097.6422758000629,8.621618954934004
15.533927757458851,1.2832659164878668,1.2850804053077396,0.7181024109772476,Si1,PU,combo_001,11.15495097457759,1.6490998840778357,gp,0.4279460912754871,0.5720539087245129,0.8558921825509742,0.0,0.0,418.0290006394109,1.8694973170498053,0.7681213249141011,0.0,0.3982505552889518,0.9999999629999999,0.6908044736239586,0.6946664045095547,0.2697850660861039,8.071730823678842e-05,0.0009294145561274091,0.05508019104881204,1.2710326968805682e-05,1299.1684102082202,8.855401742477413
8.514791441180277,1.2084595124110127,2.1035795142352827,1.646556484419048,Si1,PU,combo_001,14.020085060951194,2.5420906740905647,gp,0.43699273606858924,0.5630072639314108,0.8739854721371785,0.0,0.0,330.6202288964971,1.9343753623837425,0.35820189596670277,0.0,0.31326126622189077,0.9999999629999999,0.690733510486796,0.3999714235306073,0.2596530913943256,0.0015517733931833715,0.001017527341197597,0.05534028100436327,6.68650657837862e-05,843.1535714893805,15.681782427836588
15.462435718351248,1.2818453831615533,1.288475692992222,1.8920581359345288,Si1,PU,combo_001,29.25582730227114,1.6516266183779629,gp,0.43319202016959935,0.5668079798304007,0.8663840403391987,0.0,0.0,425.22963326634994,1.42014523811653,0.8018900091735746,0.0,0.3476594396041566,0.9999999629999999,0.690595773343359,0.7080677755267067,0.24407481134738482,0.00036889500422058536,0.0010251115634401305,0.05509968212296792,4.042836769358459e-05,1287.06438846107,8.938644869596047
14.892111046783626,0.9897476456529091,2.1406350034882458,2.1793919135301003,Si1,Si1,combo_002,32.45574639075251,2.118688454904698,gp,0.5660062227315734,0.4339937772684266,0.8679875545368532,0.0,0.0,418.56435783541826,1.9023330336911357,0.7706319804432242,0.0,0.3401648595337386,0.9999999599999999,0.6905942979620066,0.6909936384506493,0.26239641858462603,0.000288545988403096,0.0010129689982628976,0.05517331852381298,7.805190016201565e-05,1277.562529019843,13.21821239679675
8.368544875363435,1.243912896795151,1.9846466395308955,0.7796031060209683,Si1,Si1,combo_002,6.524143577709191,2.468727550493638,gp,0.4484409077022349,0.5515590922977651,0.8968818154044698,0.0,0.0,314.9975062287828,2.1851527598515372,0.2849362794060606,0.0,0.20407849149337737,0.9999999599999999,0.6904346149866765,0.3406567616052779,0.25338909077494864,0.0008895618536049284,0.0010023584441050224,0.05531351713088985,8.224873298846283e-05,806.0422460174178,16.69715725661424
8.736950659004767,1.4868388253760632,1.277874286249571,1.3801282244133835,Si1,PU,combo_001,12.05811219979959,1.899993102745587,gp,0.5669999203043403,0.4330000796956597,0.8660001593913194,0.0,0.0,320.82006888000967,1.651244780538402,0.31224225235831016,0.0,0.3476736250038941,0.9999999629999999,0.6903680945197435,0.36797857640716053,0.25339678154642314,0.001125750894526084,0.0011525065768140646,0.055422290305230194,1.538332336804108e-05,805.1544188778256,12.896384960719242
8.386751102250027,1.1253836300977902,2.4523517829996404,1.7399896564073913,Si1,Si1,combo_002,14.592860168778335,2.7598365518289234,gp,0.42969661181368224,0.5703033881863178,0.8593932236273645,0.0,0.0,325.61011543840897,1.9946265675484465,0.3347060521657897,0.0,0.37839398873487834,0.9999999599999999,0.6903537457770406,0.3907318408943612,0.27185282557710394,0.001567077416583752,0.0010294702068867556,0.055312994210331486,7.429575339875405e-05,836.2974129701996,11.840896816001154
8.113280514169155,1.1701678335455465,2.307357754102374,1.6392363286984615,Si1,PU,combo_001,13.299584163747411,2.699995824332493,gp,0.42425002046925897,0.575749979530741,0.8485000409385179,0.0,0.0,326.40172358027945,2.516064558548006,0.33841844339375554,0.0,0.42836639781987135,0.9999999629999999,0.6902432613583788,0.4043359521843076,0.3003773741664013,0.0013748765827617223,0.0010472529814114409,0.05529354306035866,8.969354585567919e-05,829.0457868446124,18.687053757573374
10.474248237170885,1.1275513251785831,2.110835588256294,1.9547177111205964,Si1,PU,combo_001,20.474198539871615,2.3800754647724984,gp,0.5520823310142049,0.4479176689857951,0.8958353379715902,0.0,0.0,362.62910167089854,1.2807652116919908,0.5083133617532732,0.0,0.2070001361788867,0.9999999629999999,0.690183280662308,0.4868922051562077,0.21735496191543008,0.0012228914312729185,0.0008407271846584873,0.055264238456935955,7.942160926217887e-05,982.2551916288878,10.745920436071886
12.927496669038794,1.4148754958504726,1.2089234336324752,0.7864659768509905,Si1,PU,combo_001,10.16703629605352,1.7104761426060042,gp,0.4419109378280268,0.5580890621719732,0.8838218756560536,0.0,0.0,379.75012256781247,1.1944667817599335,0.5886055220149623,0.0,0.2616760678092988,0.9999999629999999,0.6900056104124093,0.5475699489299704,0.22207608615637867,-0.00028493865442338103,0.0003054244105725995,0.055246532582943875,3.120732553676974e-05,1092.124205280716,8.116850091522487
10.027141674152062,1.0246357100229522,2.741674950526341,2.1126455815317673,Si1,PU,combo_001,21.183796553290403,2.8092180595846994,gp,0.4283090732598964,0.5716909267401036,0.8566181465197928,0.0,0.0,358.82626731598873,1.5577024602446472,0.4904792742119099,0.0,0.38832954153505334,0.9999999629999999,0.6899675291215034,0.49573225507317775,0.2557227700299322,0.0004692249556437086,0.0010830776755331292,0.05538965485976642,3.436225222762967e-05,954.9907293078206,9.97856476418177
11.22219778583501,0.996505353092259,2.592741485370751,1.8934299944863913,Si1,PU,combo_001,21.248445891758777,2.583680769356328,gp,0.559418682425175,0.440581317574825,0.88116263514965,0.0,0.0,375.2264513220443,1.6389207367778245,0.5673909379768175,0.0,0.27356722326609106,0.9999999629999999,0.6899391699666249,0.5390300140981344,0.24178381404704946,0.0011202794946923594,0.000996977381986183,0.05521126684138425,7.806422095050715e-05,1039.5902670334128,11.489195991366007
15.694724478212805,0.9915562376135616,2.017384410883598,1.3519277925206357,Si1,Si1,combo_002,21.218134218049823,2.000350096275992,gp,0.5788501126364736,0.42114988736352643,0.8422997747270529,0.0,0.0,424.644254263045,2.2163807201425825,0.7991447672262525,0.0,0.45488291253988417,0.9999999599999999,0.6899334911197907,0.726042964982919,0.2922691232279211,-0.000580095257142333,0.0009119841612471324,0.055088861560422926,5.5061146906825294e-05,1337.985004977123,17.781907921259027
8.297806565487758,1.058490174914624,2.5751841131222353,2.137118567320776,Si1,PU,combo_001,17.733396479140126,2.725807082336116,gp,0.5765150982461194,0.42348490175388065,0.8469698035077613,0.0,0.0,336.1235085614664,2.6246760891200953,0.3840105329332201,0.0,0.43282332429248127,0.9999999629999999,0.6898993996664706,0.4379475686587428,0.30542602716071443,0.0007852191589423996,0.00107540286304725,0.05530518049572331,8.232685643754772e-05,859.5396286334553,17.19422621272963
8.470864170107607,1.2225654363569758,2.0635078627163375,1.49516477305892,Si1,Si1,combo_002,12.665337704511876,2.5227733906078496,gp,0.42594279393881607,0.5740572060611839,0.8518855878776321,0.0,0.0,322.18014862952214,1.721168683543708,0.31862059520795977,0.0,0.4096067660667473,0.9999999599999999,0.6898640122135471,0.37944241858746425,0.2655066615832741,0.0012304322622238863,0.0010983017949157577,0.0553305948460497,7.170992708334492e-05,820.2480811257894,14.145560340942998
10.942199024674968,0.9765692106335748,2.8600328100633217,1.5716200377189344,Si1,PU,combo_001,17.19697924388776,2.7930199837096628,gp,0.4488938586111999,0.5511061413888001,0.8977877172223998,0.0,0.0,369.1943772070847,1.9033835109822121,0.5391024226794604,0.0,0.19536638082389943,0.9999999629999999,0.6898601119659566,0.5144552044224938,0.2407190111492706,0.0014712627254776312,0.0008348360147376554,0.0552405010764335,9.235502070113263e-05,1012.0488465073716,10.775533548016217
9.177437525456298,1.0489546954786664,2.551335459661534,1.3350478158775718,Si1,Si1,combo_002,12.2523179237133,2.6762353101531877,gp,0.5682865790490439,0.4317134209509561,0.8634268419019122,0.0,0.0,336.21357586388945,2.2696392782055272,0.3844329200282439,0.0,0.3543481124577522,0.9999999599999999,0.6896847309379179,0.42630485621231157,0.27933672818234256,0.0009842467979740747,0.0011084837123770603,0.055386053473779874,5.338103260320518e-05,884.3422579033677,10.158373127487478
13.900014747145981,1.018915703648914,2.233096010998092,1.68917311310566,Si1,PU,combo_001,23.47953118265116,2.275336593361704,gp,0.4533462509620989,0.5466537490379011,0.9066925019241978,0.0,0.0,410.19358116582697,0.8246690958765426,0.7313756915854273,0.0,0.1519998593317029,0.9999999629999999,0.6896281286890754,0.6322805047375509,0.19071135773079095,0.0017907690374438794,0.0008887222575798513,0.05526145803042591,5.041148062747704e-05,1248.4987779130329,6.347677884643583
13.379869680257874,1.024402655464406,2.182530267152339,1.7195573461826665,Si1,Si1,combo_002,23.007453199654154,2.2357898013022957,gp,0.5572424190267924,0.4427575809732076,0.8855151619464152,0.0,0.0,396.67742857829296,1.051012061814393,0.6679892208712107,0.0,0.25033041558829205,0.9999999599999999,0.6895644553826024,0.6003510356880633,0.21458895865609676,0.001684047821254126,0.0009424837121121154,0.055211612705045786,5.547855170597191e-05,1163.9407263699823,8.790754325536556
11.825824149305978,1.3480444113788728,1.4186496529108976,2.2824523216573596,Si1,PU,combo_001,26.991879785095097,1.9124027363111131,gp,0.4536134903674025,0.5463865096325975,0.907226980734805,0.0,0.0,375.23654577773186,0.7163381019401406,0.567438277773825,0.0,0.14800423141965954,0.9999999629999999,0.6894357900975828,0.5158765235727705,0.18574321307489342,0.0005758013405091344,0.0010627391531179363,0.05517684556974266,7.148947423787618e-05,1056.4944154094408,4.072449815354498
15.847833021377145,1.0829734177927284,1.8210671247041315,0.9052458694678103,Si1,PU,combo_001,14.346185382617229,1.9721672880708099,gp,0.4259438656125667,0.5740561343874333,0.8518877312251334,0.0,0.0,428.525465807195,2.426194906371006,0.8173464189378383,0.0,0.40624369533079613,0.9999999629999999,0.6894344619980535,0.7363377543356433,0.29343468211088863,0.0002743236146940601,0.0011079844160070667,0.05513461153523927,7.527821165403366e-05,1380.0289129201458,17.155138035000178
9.213693757925585,1.0507616389801564,2.699049354394462,1.858775678018832,Si1,PU,combo_001,17.12618986194601,2.8360575233118577,gp,0.44037400575828656,0.5596259942417134,0.8807480115165731,0.0,0.0,346.0944828414045,1.6613091790701617,0.4307712412852715,0.0,0.2712348664439913,0.9999999629999999,0.6893925043750286,0.4434209584225672,0.24233684744127168,0.0016270460929250293,0.001006419543893242,0.055385078075506834,3.7457368627610415e-05,905.1140582000636,11.053380046988774
13.327035202868428,1.15215874973096,1.72780588420071,0.6509822267935712,Si1,Si1,combo_002,8.675663052919603,1.990706667318486,gp,0.5636574212878429,0.4363425787121571,0.8726851574243142,0.0,0.0,388.667293954128,1.958164113585715,0.6304242288749049,0.0,0.3081732151031505,0.9999999599999999,0.6893043276523871,0.5902923537084922,0.25984924221557565,0.00012222470262276454,0.0007887848094765914,0.055236195192090394,5.331392350344478e-05,1153.0693798775044,11.884290198473655
15.861167906846935,1.2741640727443246,1.280531295246804,0.8646964460242421,Si1,PU,combo_001,13.715095518844313,1.631606970428233,gp,0.4284172111489113,0.5715827888510887,0.8568344222978226,0.0,0.0,423.5401700648524,1.8070476828993518,0.7939669623560034,0.0,0.38074448089964585,0.9999999629999999,0.6891251283268686,0.7102881761167718,0.26464066985656365,0.0002314851212080084,0.0010831093278723654,0.05515058111444087,8.284037580181031e-05,1322.0201752472415,8.997824674110406
13.566519314626765,1.3751115180330522,1.2295387951320769,1.8509350967275258,Si1,PU,combo_001,25.11074673987454,1.6907529590546002,gp,0.44781926312180076,0.5521807368781992,0.8956385262436015,0.0,0.0,396.22206726919836,0.817779368604295,0.665853720691231,0.0,0.19908149307701292,0.9999999629999999,0.6890511890471601,0.5910439025685833,0.19749575208112277,0.00020582702929023463,0.0009536665961904299,0.05519320397062271,4.642548335636128e-05,1140.3189220467686,6.285766614667973
8.733057029658928,1.0341521922089059,2.6626594105708703,1.9908525875722625,Si1,PU,combo_001,17.386229184912615,2.753595066547539,gp,0.5681148972955725,0.4318851027044275,0.863770205408855,0.0,0.0,341.6036293810194,2.2007828923883497,0.4097105622566047,0.0,0.3476965119296369,0.9999999629999999,0.6890378900695844,0.4425406579573792,0.2755621303362183,0.0012566318504589244,0.0010710810865023905,0.055388157501320055,6.159812305871753e-05,884.0221315323527,14.020525935700261
12.778645859868574,1.4140942858102816,1.2177823769158942,1.350883434933714,Si1,Si1,combo_002,17.262461012980744,1.7220591005572286,gp,0.43317810129299517,0.5668218987070048,0.8663562025859903,0.0,0.0,377.19356425105514,0.8875775796582813,0.5766160739952806,0.0,0.3355103327607492,0.9999999599999999,0.689022748452002,0.5430246736611498,0.22077491797343712,0.0018963088545877454,0.0008596056241874194,0.0552080758377039,3.5156765680976576e-05,1051.6288255042668,5.857075900239314
15.73513481906172,1.056524268095962,1.9271676960608561,0.6651663470867305,Si1,PU,combo_001,10.466482148512506,2.036099439578877,gp,0.42819364342085464,0.5718063565791454,0.8563872868417093,0.0,0.0,425.6989958864872,2.8498824531270595,0.8040911710636169,0.0,0.3816988705514748,0.9999999629999999,0.688980080457253,0.7294864787641618,0.30683953985841006,0.0002988598869944378,0.001015825807136063,0.05509899979837642,6.0888267541715606e-05,1375.287627592184,18.09089942813678
13.126750859784252,1.122630583932895,1.927389533262704,1.0997193213919156,Si1,PU,combo_001,14.435741547602683,2.1637464371928594,gp,0.4332002859044337,0.5667997140955663,0.8664005718088674,0.0,0.0,394.8649907371137,1.53377276932657,0.6594894619792311,0.0,0.33442139013429373,0.9999999629999999,0.6889097732812821,0.6083728448580695,0.2466715045272683,0.0004499610884650116,0.0010430845033010607,0.055315924138139294,2.7137245507457034e-05,1186.740371293848,7.6627058286622445
14.459002669790745,1.0490003706946591,2.072043130193329,0.5820586146512678,Si1,PU,combo_001,8.415987063217385,2.1735740116681237,gp,0.4341589162628736,0.5658410837371264,0.8683178325257472,0.0,0.0,409.6637892701407,2.5053618778350444,0.7288911355504858,0.0,0.3252754864416371,0.9999999629999999,0.6888843201396828,0.6672344254166324,0.28448211697119574,0.0003689543385486825,0.0010375649992351566,0.055227147352203694,4.941775520819912e-05,1286.3140231046318,12.637445346138142
13.561215976427754,1.3451805989013685,1.2863844186838085,1.5640461487948303,Si1,PU,combo_001,21.21036762090675,1.7304193627424742,gp,0.45732256381270986,0.5426774361872901,0.9146451276254197,0.0,0.0,395.9068858998086,0.7501224493477773,0.6643756199883047,0.0,0.10900285597425825,0.9999999629999999,0.6888742526593156,0.5802218009897413,0.18125547069789594,0.0019384596277532617,0.0009430272505028381,0.05518878550607113,4.431559948834078e-05,1151.5283407742004,6.256160952249537
8.399011092284834,1.0176289074658027,2.7905069786293764,0.9266504136428413,Si1,Si1,combo_002,7.782947102856554,2.8397005679383103,gp,0.5576174295354406,0.4423825704645594,0.8847651409291188,0.0,0.0,323.7102604719131,3.496002558807456,0.32579633466925023,0.0,0.24815748777144067,0.9999999599999999,0.6888377026439891,0.38877078313616686,0.312865231482633,0.0008070532427684961,0.0011406041159999817,0.05531335839279621,7.076415852263969e-05,844.4521028129507,18.094591426851938
9.550588299898823,1.244513009204109,1.8074645057536525,1.2934454875649544,Si1,PU,combo_001,12.353165340094781,2.2494130910850956,gp,0.5682897318740743,0.4317102681259257,0.8634205362518514,0.0,0.0,341.683664694413,1.352738483894893,0.4100859025034442,0.0,0.34752154031474153,0.9999999629999999,0.6888064318427348,0.43301442604373364,0.2413357293566813,0.0011853892158966263,0.0010295748367889358,0.05533590232438892,8.369514026227737e-05,896.8050357094806,8.398765806759988
9.208573492993027,1.095106368474367,2.353001048362686,1.0114467728768646,Si1,Si1,combo_002,9.313981942287233,2.5767864330888397,gp,0.5634645080497762,0.4365354919502238,0.8730709839004476,0.0,0.0,333.2723270660219,2.373664425545518,0.3706393956076032,0.0,0.3023672306922643,0.9999999599999999,0.6887912012012172,0.4126499161324123,0.2757347490863625,0.0007310919454611255,0.0010928474783499817,0.05538010195235034,5.1595485447989386e-05,877.826905731376,12.285558758985987
14.666368300828417,0.880545194820548,2.961736327639114,1.0131090222489647,Si1,PU,combo_001,14.858630049195487,2.6079426916280783,gp,0.4281323243827444,0.5718676756172556,0.8562646487654888,0.0,0.0,414.5384812721609,2.449318120598139,0.751751895654057,0.0,0.38058676653830814,0.9999999629999999,0.6887642955724076,0.6881223291551836,0.2905186617830412,0.00016695217692619271,0.0011491607298442555,0.05514224655176499,3.0619067904464894e-05,1279.9596491441048,10.9007288900966
12.77523214736506,1.0163491398760442,2.409008206097429,1.0904028203923888,Si1,PU,combo_001,13.930149164654374,2.448393418221454,gp,0.4297411737350103,0.5702588262649897,0.8594823474700206,0.0,0.0,391.5807956450332,1.9575720708635445,0.6440876281603429,0.0,0.3654114123228044,0.9999999629999999,0.6887438719116666,0.6055737315009159,0.2684110961958046,0.0003956392068363313,0.0010709158840590649,0.0552026059296405,4.3985548097563964e-05,1153.2194198963352,10.147406094332155
12.98848134776479,0.984157136976339,2.554561437471248,0.9447903818922199,Si1,PU,combo_001,12.27139225275467,2.5140898705318646,gp,0.42519148868248635,0.5748085113175136,0.8503829773649727,0.0,0.0,393.58128415220824,2.256041139843393,0.6534692850595946,0.0,0.40657215188313217,0.9999999629999999,0.6885769504448377,0.6196960333319896,0.2866219452893305,0.000406149310661459,0.0011159072092940768,0.05531035443894761,2.728682927083692e-05,1165.3052030140493,10.746506496921542
8.964346536299653,1.0841927651144068,2.408069784267206,2.1914509906202224,Si1,PU,combo_001,19.644926097236834,2.6108118379931153,gp,0.573282077713344,0.42671792228665595,0.8534358445733119,0.0,0.0,344.58183788495955,1.8190866238048633,0.42367741598167613,0.0,0.3917411161008831,0.9999999629999999,0.6885020948517966,0.4523238741853496,0.2667756746734404,0.00042553163874464457,0.0010505371380576769,0.05540189660079833,7.495624735060562e-05,893.7511935014521,13.558907980493744
15.600396900517241,0.9167483997123744,2.4042413947194046,1.4451006181643935,Si1,PU,combo_001,22.544143204547353,2.204084451131261,gp,0.5702752804980378,0.4297247195019622,0.8594494390039245,0.0,0.0,431.6479630112159,2.3112395184511665,0.8319899409235577,0.0,0.3630625465088959,0.9999999629999999,0.6884232927041904,0.7409455474861002,0.28232155903685563,-0.00024254173188452107,0.0008539863774630211,0.05507604768670281,4.149740296621251e-05,1367.4345733579967,17.703181486622707
8.766715047656026,1.1206898153616802,2.435962573091821,1.5138405208949586,Si1,PU,combo_001,13.271408474281271,2.7299584462662363,gp,0.4298428240102794,0.5701571759897206,0.8596856480205588,0.0,0.0,336.01629066040454,1.945825072854306,0.38350771496770186,0.0,0.36134852268122175,0.9999999629999999,0.6883449278914564,0.4226261501625603,0.267327926761847,0.0012804827204622427,0.0009959251907189855,0.05539501410588504,6.326894754437188e-05,871.8700250128246,14.937050413908246
15.18641295742796,1.3232257311076028,1.1299184367036208,1.746729706667316,Si1,Si1,combo_002,26.526558650456867,1.4951371494991081,gp,0.5649361504229091,0.4350638495770909,0.8701276991541818,0.0,0.0,413.2964064388526,1.2342405588319425,0.7459269584512191,0.0,0.3109863215376081,0.9999999599999999,0.6881357767375111,0.6630842672840209,0.2310766309810645,0.0007487757971679737,0.0011185979763395427,0.05519626710946408,8.798576887015147e-05,1230.6489291136954,8.38498471280653
12.95048198110928,1.2814692172018882,1.4313227980416676,0.6076224266206522,Si1,PU,combo_001,7.8690032872686535,1.834196105569672,gp,0.5617502933610439,0.4382497066389561,0.8764994132779123,0.0,0.0,384.5861206404118,1.6481493950700716,0.6112848198563869,0.0,0.28102776847471334,0.9999999629999999,0.6881070956731822,0.5706081218573582,0.24327507155766287,0.0003255061728073608,0.0005701879305738487,0.05526005794369481,3.578368586966761e-05,1134.758102315895,9.343660362777687
8.850284639781732,1.3501247903351519,1.629261060371682,0.6023986287433061,Si1,Si1,combo_002,5.331399330992459,2.1997057475355444,gp,0.4634536745473383,0.5365463254526617,0.9269073490946766,0.0,0.0,316.35529465277517,1.3744541423448342,0.2913038766654221,0.0,0.04572270202645144,0.9999999599999999,0.6880983798509412,0.3199373394614161,0.19694165787938195,0.0011855778812503793,0.0010201776821434098,0.0554160109915245,5.442535967511346e-05,813.3639422399717,12.866199645138733
11.527968486572203,1.2867153928351924,1.5364129072851656,1.483316330794668,Si1,Si1,combo_002,17.099623917018842,1.976926137554492,gp,0.5607468819769252,0.43925311802307476,0.8785062360461495,0.0,0.0,364.1300982021859,1.0693873009596395,0.5153525596356896,0.0,0.27088296929758077,0.9999999599999999,0.6880072199262548,0.4957723543136546,0.21841288313083557,0.0018075835866551656,0.0009778765039775482,0.0551860331631769,6.795948845483824e-05,1005.9485315405943,9.130116079357075
12.695946646913395,1.2751587328057732,1.5183883648837933,2.289376134129717,Si1,PU,combo_001,29.065797253627732,1.9361861832722478,gp,0.443847027255714,0.556152972744286,0.887694054511428,0.0,0.0,390.1782406647053,0.9312523820643945,0.6375100899437628,0.0,0.22771059207231545,0.9999999629999999,0.6879693146782575,0.5753737478501423,0.20636628609881602,0.0005069796541386313,0.0010474545240943842,0.05520412893363505,6.0456841690395216e-05,1130.4490553769654,7.195852538201656
9.10432833747491,1.0239827678800186,2.878873263703076,0.8454760317478578,Si1,PU,combo_001,7.697491394497859,2.9479166129424583,gp,0.43439753663520264,0.5656024633647974,0.8687950732704053,0.0,0.0,338.516802399907,2.823518458810949,0.39523432230807126,0.0,0.3151730918409251,0.9999999629999999,0.6878754449888863,0.4363303313320976,0.29579745903938204,0.0009532077794825355,0.0011277663218822013,0.05539754516707769,6.33568064886476e-05,892.3668100808943,13.098601011252622
11.32616394212943,1.4039695315971605,1.3077857435665878,1.536689285996871,Si1,PU,combo_001,17.40479478131438,1.8360913378246266,gp,0.5556215472871884,0.4443784527128116,0.8887569054256232,0.0,0.0,362.3438086443443,0.9700894992558554,0.5069754279029756,0.0,0.22192697551411364,0.9999999629999999,0.6878638001389914,0.4838686180093201,0.20706497696750753,0.0019167335933426891,0.0010150522612769996,0.05520476195694514,7.754566252267762e-05,1002.2143954949921,7.873870387584715
8.664011714587563,1.1200258497365008,2.291514497186705,1.591289910312937,Si1,PU,combo_001,13.786954424256278,2.5665554718950494,gp,0.573646652333224,0.426353347666776,0.852706695333552,0.0,0.0,335.8369907942455,2.074099601856422,0.38266685543746576,0.0,0.3898097222958431,0.9999999629999999,0.6878187620462598,0.4263616937479366,0.27677019523681856,0.0014467489107343387,0.000970310487208499,0.055381151176601175,5.662954800582569e-05,867.0190026471416,15.973366754783177
10.826581711269743,1.030699364809788,2.5970439422346896,1.2584891210449807,Si1,Si1,combo_002,13.62513530173752,2.6767715416444022,gp,0.4277775549735452,0.5722224450264548,0.8555551099470904,0.0,0.0,357.84762313968184,2.1753941036490225,0.4858897432770248,0.0,0.3763953854903155,0.9999999599999999,0.6878031665550981,0.4984434329652909,0.27884307525174457,0.000804267225458109,0.0009361691167881725,0.05524174160940391,8.968031670441194e-05,971.8213007458517,11.466651314458748
10.724568620595072,1.373493035857988,1.4557129259432011,2.4199676224808866,Si1,Si1,combo_002,25.953108826914576,1.9994115659914418,gp,0.4272830549181208,0.5727169450818792,0.8545661098362416,0.0,0.0,353.7859122379754,1.66214666429513,0.46684160680081466,0.0,0.38098090699316556,0.9999999599999999,0.6877993473930171,0.47965446784457644,0.25883252739538853,0.0007003615434730825,0.0010452425937845682,0.05525010215204617,9.248241812208008e-05,942.0590941865792,12.9758301024015
15.15863707237147,1.2709758633479495,1.2508255322557817,0.887595092008076,Si1,Si1,combo_002,13.454731866968585,1.5897690607564507,gp,0.556504582125271,0.443495417874729,0.886990835749458,0.0,0.0,409.6064993310803,1.387833792755942,0.7286224638984787,0.0,0.22937274081352751,0.9999999599999999,0.6877618404889367,0.6445795195512531,0.22502874171540782,0.00014236689617238044,0.0010411978340246469,0.05520030544553193,8.816433992300556e-05,1253.2738886873838,7.400332915216671
15.655960355002629,1.2608737311316986,1.211099678770754,0.721502484627638,Si1,PU,combo_001,11.295814295366194,1.5270437707440823,gp,0.5801528305257193,0.4198471694742807,0.8396943389485614,0.0,0.0,421.4108736658563,2.0609344561667124,0.7839812372790804,0.0,0.44879137411717185,0.9999999629999999,0.6875955132873198,0.71302823267182,0.28508651559418874,0.00011744442105851214,0.0009661753603550368,0.055098251375736214,5.048743283580954e-05,1304.5237208076346,9.292121575788116
13.311850135607283,1.4500232898647143,1.1027420579705656,0.5929310176327183,Si1,Si1,combo_002,7.893008847479865,1.599001666770665,gp,0.4646430589504291,0.5353569410495709,0.9292861179008582,0.0,0.0,378.8770051156101,0.5111724909719967,0.5845108779618061,0.0,0.030325609124629904,0.9999999599999999,0.6875480113734898,0.5136954891567167,0.15981744721715743,0.0003214443851215984,0.0004441120841717582,0.05523977415756056,5.28234556762267e-05,1075.9285332640407,3.909052766630841
8.248603540507444,1.1454137235927746,2.2328557658741706,2.3872240736790378,Si1,Si1,combo_002,19.691264946133515,2.5575436370355304,gp,0.5560111934667304,0.44398880653326955,0.8879776130665391,0.0,0.0,328.1161371840778,1.8284736229450078,0.34645849968828457,0.0,0.2216398449570865,0.9999999599999999,0.6873611309910359,0.38136866574850237,0.24163904489204374,-0.00022596429246527015,0.0008716154249965252,0.05530108901461616,8.756917730776328e-05,828.9992819595224,13.722337694416401
8.159370646686881,1.5766607505713708,1.1338615263432228,0.6523444589583418,Si1,PU,combo_001,5.322720229953529,1.7877149651683057,gp,0.5811226710863764,0.4188773289136236,0.8377546578272472,0.0,0.0,304.0778141416822,2.6385556992789727,0.23372638530308587,0.0,0.45590841141463906,0.9999999629999999,0.6873476513894399,0.33521709989402687,0.3094485307536059,0.0008932956798673826,0.0011024280639727912,0.055289403872441696,9.681476989579398e-05,752.4344470471541,18.80367082885476
9.523116942648734,1.0152704924685552,2.828235569673316,0.5794193004453353,Si1,Si1,combo_002,5.51787775696865,2.871424119639312,gp,0.45719363656391465,0.5428063634360853,0.9143872731278293,0.0,0.0,335.5306695616024,3.3347652487593007,0.3812303059670209,0.0,0.09804987444284784,0.9999999599999999,0.6873169482352361,0.4107059673886304,0.28384666935243585,0.001304475197125102,0.0010193400161922458,0.05532991716464063,7.304266962699603e-05,896.3535037763621,15.09549527460189
9.605441721945933,1.0303066248170727,2.755806501783648,1.1472632686396196,Si1,Si1,combo_002,11.019970466647067,2.8393256955016546,gp,0.43896483146255605,0.561035168537444,0.8779296629251121,0.0,0.0,340.2003277132033,2.4745663296564744,0.4031295223124215,0.0,0.26775070448935906,0.9999999599999999,0.6872612622640544,0.43309398026390844,0.2746114683603751,0.0008468046999717945,0.0011237021196206787,0.05533327627301953,7.450889672697046e-05,902.9902501736739,11.697772277779618
8.437562880766473,1.5532165180941162,1.1471116163576411,1.9954832662587003,Si1,Si1,combo_002,16.83701553657505,1.781712710624329,gp,0.5920647928226117,0.4079352071773883,0.8158704143547766,0.0,0.0,313.56946572899005,1.8465579193094974,0.2782392221826674,0.0,0.5572494632622234,0.9999999599999999,0.6872470337211669,0.3673845070971677,0.2927097958401072,0.001352033845961576,0.0010257665430683505,0.055331016645432364,8.584366614375222e-05,767.2692726126458,12.253694833861248
12.346890128170973,1.0921438172993538,2.04260868209709,2.08778411140005,Si1,PU,combo_001,25.777641034797487,2.230822443314318,gp,0.5466044861396853,0.45339551386031474,0.9067910277206295,0.0,0.0,390.19028861842366,0.9627597806853027,0.6375665910272323,0.0,0.13251811835368457,0.9999999629999999,0.68719128856873,0.5662570908245834,0.1933580535985857,-0.0003957633173167992,0.000759345221556498,0.055214338342405626,8.390512761848393e-05,1133.1132072553487,8.756052868867558
9.67284539425169,1.052885456359393,2.5121296063767113,0.8027054598418004,Si1,PU,combo_001,7.764445810171444,2.644984727043886,gp,0.5500055171263938,0.4499944828736062,0.8999889657472124,0.0,0.0,346.2568474845361,2.5094399140341355,0.43153267998835154,0.0,0.16401069534522456,0.9999999629999999,0.6871592133511621,0.4430040160144564,0.260456858410091,0.0009498689432501117,0.0010824710760723632,0.055345924088293384,7.439203131609407e-05,928.3906633570404,14.762072789281005
11.155805320223354,1.3967861479970682,1.3707166788006744,1.9049909267637866,Si1,PU,combo_001,21.25170791576867,1.9145980697773286,gp,0.45561060370469875,0.5443893962953013,0.9112212074093975,0.0,0.0,361.9731715648436,0.7476597948480699,0.505237257500324,0.0,0.11145767446169329,0.9999999629999999,0.6871418045284726,0.4690420535053297,0.18152437890052137,0.0009411048853977273,0.0006942015841614813,0.05522596238956229,9.08571766922754e-05,995.8435318287885,7.0824904895746466
15.450256991711116,1.2448707403220949,1.2855454166042426,1.0168165290054918,Si1,PU,combo_001,15.71007668655453,1.6003378744857994,gp,0.5626691423764925,0.43733085762350754,0.8746617152470151,0.0,0.0,421.54557806725234,1.5120619933158912,0.7846129582173333,0.0,0.28202384881886466,0.9999999629999999,0.6871360667479841,0.6904693787172939,0.23793631551428884,0.0002996450581722937,0.0011188522429092648,0.055105712255267794,4.574845220109293e-05,1298.3825689099322,8.321412083454032
15.038000313323927,1.2232525037987747,1.3712930830351706,0.8280700029578936,Si1,PU,combo_001,12.452516963934949,1.6774376972647136,gp,0.5711893156695851,0.4288106843304149,0.8576213686608298,0.0,0.0,415.60980624296394,1.745118603569769,0.7567760701332537,0.0,0.3614828289341672,0.9999999629999999,0.6871280424906279,0.6816148172211327,0.25925393006065955,8.477270094031457e-06,0.0009486109462772084,0.05520261133044091,8.96332327533749e-05,1282.5656312056392,10.050713268154903
15.16731617301771,1.2436196806161512,1.3137008701995718,2.0575396680465694,Si1,Si1,combo_002,31.20735468378822,1.6337442566227516,gp,0.5603000204127113,0.4396999795872887,0.8793999591745774,0.0,0.0,417.0292514055712,1.750793885525124,0.76343281795016,0.0,0.25971720473504445,0.9999999599999999,0.6871111061671595,0.6761633706145401,0.24421796022598943,0.00025370265930207807,0.0009730478648498099,0.05519962427228262,8.727562302092252e-05,1253.2299779531672,11.435575230648105
14.274522028182144,0.9145762719833219,2.768870427394141,0.7468251117874709,Si1,Si1,combo_002,10.660571509409845,2.532343193091001,gp,0.43975877320963264,0.5602412267903674,0.8795175464192653,0.0,0.0,401.06343757806485,2.6646929604052527,0.6885582126176301,0.0,0.25862962312196947,0.9999999599999999,0.6870420769965384,0.6341726628156431,0.2809107823171636,0.00039220613565042045,0.0010203859805911054,0.055290697006619406,5.392520272309735e-05,1206.2779404527193,11.843748852769911
9.747755161192355,1.0446443041808597,2.668123306309841,1.0710987502629505,Si1,PU,combo_001,10.440808371022358,2.7872398147887787,gp,0.4394460019886992,0.5605539980113008,0.8788920039773984,0.0,0.0,348.68048783691984,2.1005610558127197,0.4428987848930754,0.0,0.26006540457793254,0.9999999629999999,0.6868520417454781,0.4558545109922541,0.25837569196926813,0.0008172656483637413,0.0011277808084787296,0.055358601523070566,6.325200357387127e-05,931.5831624118822,12.197564103022353
9.15269132081581,1.3336857746473019,1.6650818863682275,1.6572029394626242,Si1,Si1,combo_002,15.16786696085001,2.2206960254722,gp,0.42901508004771927,0.5709849199522807,0.8580301600954385,0.0,0.0,328.7227323932817,1.1183606964681692,0.3493032389152633,0.0,0.3570428111258827,0.9999999599999999,0.6868036343281692,0.3887181030830187,0.2333118712229938,0.0017860630530923192,0.0009990846334348793,0.05537620023992836,7.179686267306923e-05,840.0882523917581,11.233731012507784
8.901686204580288,0.9910822176332321,2.875717003974107,1.809755843990556,Si1,PU,combo_001,16.10987863010929,2.8500719855842522,gp,0.559913465625911,0.44008653437408896,0.8801730687481779,0.0,0.0,343.66262665540137,2.308409478465931,0.41936660672547493,0.0,0.2532074309198222,0.9999999629999999,0.6867393499287023,0.4410910932491633,0.26572916111069345,0.001503367994421774,0.0010505487258494902,0.055401657274819334,7.480525410631112e-05,893.0191209890861,12.824180904631241
15.135011176442228,0.8793688432581159,2.705725663471209,0.9618576396140459,Si1,Si1,combo_002,14.557726125704926,2.379330846860475,gp,0.5534230852424002,0.44657691475759975,0.8931538295151995,0.0,0.0,414.2530079734565,2.5551794697073116,0.7504131163845253,0.0,0.19255189937949013,0.9999999599999999,0.6867292742120992,0.6696014692194457,0.2665826352500752,0.00025976544870741103,0.0011405554977533918,0.05521507820894943,7.446583514819497e-05,1274.2141581015044,14.271908743642092
15.611058237823627,1.02626228242097,2.0427667415409028,1.674642041869149,Si1,Si1,combo_002,26.142934443127157,2.0964144586274145,gp,0.42995180033182123,0.5700481996681788,0.8599036006636425,0.0,0.0,423.5859037159124,1.9489860057218398,0.7941814386808891,0.0,0.34706766290657176,0.9999999599999999,0.6866457523313954,0.7087060918905915,0.2653132722675777,0.0012968599150332484,0.0010222462235831788,0.055073359803607766,3.9037741738924654e-05,1324.9146304527173,16.132608441714915
10.177660118735853,1.2130672214481963,1.9196488783317291,1.152957617493473,Si1,Si1,combo_002,11.734410762156026,2.3286631309940176,gp,0.4444433091488662,0.5555566908511338,0.8888866182977324,0.0,0.0,344.02114185514955,1.5638675334806782,0.42104792935499297,0.0,0.21154395575912854,0.9999999599999999,0.6866112115756637,0.42952279098866303,0.22945355838876225,0.0010451546946506972,0.0009504790617929521,0.05535247027644743,6.567280541326316e-05,917.7740402231103,10.032607487587635
14.250934319199814,1.018294263596124,2.117874521086418,2.1133558913016337,Si1,PU,combo_001,30.117296000033562,2.156619475838688,gp,0.5481337840959952,0.4518662159040048,0.9037324318080096,0.0,0.0,417.45776555494484,1.1214602325714058,0.765442413462196,0.0,0.14181331164935193,0.9999999629999999,0.6865535407408755,0.6585282895888658,0.2011524456487802,-3.28774087963253e-05,0.0008022051166353055,0.05530950408649505,4.638929824568331e-05,1280.137385528099,7.384929598835286
12.629841239012293,0.936455366101109,2.8666881645132163,1.5875297151707797,Si1,PU,combo_001,20.050248264821352,2.68452551459694,gp,0.43771594179351325,0.5622840582064867,0.8754318835870265,0.0,0.0,391.9668073089653,1.6537431877981144,0.6458979004898922,0.0,0.27380636658636537,0.9999999629999999,0.6865437828399616,0.5941795918052535,0.24241744920087813,0.001313930472620338,0.0009853030748825124,0.05521462463187927,6.165878920402717e-05,1135.10749107111,7.551214569033675
15.742153613495432,1.085135799101245,1.686448798525313,1.653020339385464,Si1,PU,combo_001,26.02210010883833,1.8300259646311,gp,0.5703107994405059,0.4296892005594941,0.8593784011189882,0.0,0.0,433.60631609290124,1.946454979936524,0.8411739960351308,0.0,0.3474891136976126,0.9999999629999999,0.6863857626367172,0.7416138640275334,0.2652744184707744,0.0010428832179463611,0.0010862810479682987,0.055107218984254296,6.519772727343934e-05,1369.577657078904,15.71774627132825
11.397565656429933,1.1660224167429334,1.9577013302950859,0.8509479890508065,Si1,Si1,combo_002,9.698735575413586,2.2827236364115318,gp,0.43737862705300756,0.5626213729469924,0.8747572541060151,0.0,0.0,361.3142002524416,1.8201684882877598,0.5021468909537372,0.0,0.2754862829988295,0.9999999599999999,0.6863556763774012,0.4956394886875718,0.24938107897007927,0.000440968231387386,0.001014784321923611,0.05518412922374304,4.950230150271897e-05,1005.3585485034796,8.755079179211934
14.716868618848167,1.1866953077232294,1.5009481773585676,1.8557780240542243,Si1,PU,combo_001,27.311241365751673,1.7811681592071456,gp,0.5675714676475536,0.4324285323524464,0.8648570647048928,0.0,0.0,419.148813873476,1.1808517120566935,0.7733728939761376,0.0,0.3213374720530038,0.9999999629999999,0.6863108785057196,0.6827163719933514,0.23047622472459228,0.00038998261348515285,0.0009644889483378493,0.05516782595624655,6.251038057993766e-05,1274.2734378657915,11.611415274009193
14.880643556824346,1.2951567390541885,1.2944618328440272,2.1563101173501225,Si1,PU,combo_001,32.08728225426125,1.6765309662563783,gp,0.44928600470299784,0.5507139952970022,0.8985720094059957,0.0,0.0,418.5595986158372,1.5758026222796262,0.7706096612121677,0.0,0.16334805586792572,0.9999999629999999,0.6862272238467035,0.6695339339886952,0.22270549521703759,0.000332534811555839,0.0010587428768429631,0.05518619599303278,8.460528609427074e-05,1244.310919400682,10.14349316588644
9.749596100987626,1.4518391490297047,1.3560270902842428,2.1366262167581915,Si1,PU,combo_001,20.831242632173606,1.9687332168195018,gp,0.4442573849429152,0.5557426150570848,0.8885147698858304,0.0,0.0,341.0259865301871,1.1119794238940857,0.4070016004118465,0.0,0.2102651305400832,0.9999999629999999,0.6862250832147673,0.4143556610525342,0.21103787396682905,0.0007043390568535617,0.001037059820838931,0.05536115509518448,7.844329013336585e-05,884.0133648013054,11.073843087487
15.55727294446421,1.1230536759270477,1.5957831876802462,1.6107422869179042,Si1,PU,combo_001,25.05875740077232,1.7921501749068824,gp,0.5633667310214321,0.4366332689785679,0.8732665379571358,0.0,0.0,430.24410969380784,1.650490503949104,0.8254063139176734,0.0,0.28115424692345203,0.9999999629999999,0.6861905841668879,0.7205327906443098,0.24338845617209398,0.0009942300892959884,0.001063776241926632,0.055072995621806266,7.6770184945131e-06,1347.8049630311307,13.986611089999176
11.231095314138214,1.0536649393016577,2.3082948045558647,2.354762737701422,Si1,Si1,combo_002,26.446564749305715,2.432169305132687,gp,0.5614777064875369,0.4385222935124631,0.8770445870249262,0.0,0.0,369.47929187539444,1.461918256710061,0.5404385821495393,0.0,0.2620513841310857,0.9999999599999999,0.6860020149003865,0.5169722945188451,0.23291823572336923,1.0522698795625428e-05,0.00097961048443653,0.05521011592255049,7.808283399976885e-05,1008.1883985868152,9.857701787988653
14.241836843049935,1.0789280596104152,1.8724528031811327,0.930745903837037,Si1,PU,combo_001,13.255531304784126,2.020241869648302,gp,0.5664524213352706,0.43354757866472937,0.8670951573294587,0.0,0.0,410.07425075283084,1.8651912114501175,0.7308160697788733,0.0,0.3070320233332199,0.9999999629999999,0.6858162563507385,0.6593812562206366,0.25592862854734477,0.00017981605933354368,0.0010575166453022137,0.055316600079831135,4.086435828805569e-05,1274.6703461245552,10.044835429336436
12.72730534479388,0.9778325866843078,2.476233965457216,1.5937456859392398,Si1,Si1,combo_002,20.284087986896676,2.4213422636785706,gp,0.573800674346586,0.426199325653414,0.852398651306828,0.0,0.0,387.30450178006333,1.4496285722281164,0.6240331656140045,0.0,0.37552086578169913,0.9999999599999999,0.685804104746359,0.5866938449408069,0.24944303638217363,0.0014860283231799836,0.0009810826297742764,0.055201082351196716,5.3133936484954865e-05,1107.972619601415,6.996910137039762
14.52927279718969,0.9521623635801975,2.5042839177993708,1.7988215951016417,Si1,PU,combo_001,26.13556966870765,2.3844848942477257,gp,0.4424387396295515,0.5575612603704485,0.884877479259103,0.0,0.0,418.6384190912568,1.2255942166249703,0.7709793042540399,0.0,0.22327419951061334,0.9999999629999999,0.6857171459698617,0.67175007117617,0.21757112119207453,0.00162101908267897,0.0007506576994166893,0.055189523662874385,2.843938188228058e-05,1285.7793144450595,11.026460255584793
9.900176245346543,1.151306174995976,2.1763797648676784,0.646762779565056,Si1,Si1,combo_002,6.40306550662427,2.5056794624284486,gp,0.4335898925394872,0.5664101074605128,0.8671797850789744,0.0,0.0,338.1929276886097,2.3328885098789645,0.3937154525875816,0.0,0.3052706095871454,0.9999999599999999,0.6856412001518177,0.42862365913044326,0.27452583419954735,0.0012527950650029966,0.0009579307730001367,0.05540142711788837,3.956918614499628e-05,904.8656936490968,12.70730233726167
8.594288454747568,1.039485270518763,2.8667445394836557,0.9578330797360688,Si1,PU,combo_001,8.231893778751003,2.9799387231333543,gp,0.43185215723747206,0.5681478427625279,0.8637043144749441,0.0,0.0,331.9682101990063,3.036532060431766,0.36452350093538416,0.0,0.32104545735375145,0.9999999629999999,0.685584319224295,0.41787441231379063,0.3052687817358257,0.000812446450625791,0.001147322103189174,0.05534406169034142,4.9965765126099e-05,864.5612697445445,16.428801883458828
13.66031632657065,0.9055133098181307,2.7748349815781346,1.7928991430227303,Si1,Si1,combo_002,24.49156943532793,2.5126500083679484,gp,0.5507025279864024,0.4492974720135976,0.8985949440271952,0.0,0.0,399.7461805389439,1.0517743516306965,0.682380694703964,0.0,0.15772869864267852,0.9999999599999999,0.6855210570770853,0.6011736790540758,0.2007294429360182,0.0018138457585496473,0.0007374297700109721,0.055110292227909176,1.9381390040460368e-05,1170.3322109540272,6.699798853145396
8.934216198023783,1.4476884772002108,1.3563300033736914,0.6825986825569907,Si1,Si1,combo_002,6.098484206450361,1.963543317165016,gp,0.5442055445298877,0.4557944554701123,0.9115889109402247,0.0,0.0,314.5708708772785,0.6976867810399094,0.28293549486041103,0.0,0.09681240025407017,0.9999999599999999,0.6854854708074694,0.31139048488393894,0.17731226263496527,0.0009366963729101193,0.001029271941253774,0.05540333417840803,6.777541393471647e-05,804.2396065246234,6.984898227997508
14.30350264114043,1.0056815422149294,2.1439789358010257,1.3212947410401477,Si1,PU,combo_001,18.89914281819271,2.1561600426326986,gp,0.5745938035932738,0.42540619640672617,0.8508123928134523,0.0,0.0,414.5000695847923,1.4562317073625648,0.7515717570176585,0.0,0.38043546590163035,0.9999999629999999,0.6854853833604503,0.6765384029351499,0.25044651979943494,-0.0004021459035726049,0.000907307589086949,0.05529385307747939,5.2828712529296575e-05,1283.0240289498513,9.20012836492645
8.047377726176002,1.268559180376111,1.952972484084524,0.6881130866198979,Si1,PU,combo_001,5.537505926355184,2.477461173707361,gp,0.43398339708929257,0.5660166029107074,0.8679667941785851,0.0,0.0,315.2910466392116,2.970810483523105,0.2863128908721254,0.0,0.30036810051951396,0.9999999629999999,0.6854836549004127,0.3603019819207185,0.29951674138190476,0.0011137516095113007,0.0010334165000806736,0.05528721299556821,9.414641709344117e-05,799.0746324269567,20.87661756023452
9.944598231868447,1.0803848531522346,2.4696290978172613,1.238829346058222,Si1,PU,combo_001,12.31966012439734,2.6681498701857875,gp,0.4355543562519557,0.5644456437480443,0.8711087125039114,0.0,0.0,351.7582544008167,1.7548165586437874,0.45733253435722215,0.0,0.28508142765853123,0.9999999629999999,0.685403666686094,0.464475945379451,0.24818482152117813,0.0009794070522595112,0.0010239633830723509,0.055402824634593034,3.16781559818479e-05,943.3057081365894,12.933155745843925
14.03991072904344,1.1908921871699008,1.5523028907257146,0.8078129000659382,Si1,Si1,combo_002,11.341621002695462,1.8486253846865057,gp,0.5587641587492982,0.4412358412507018,0.8824716825014036,0.0,0.0,398.0138199433193,1.6636095417984285,0.6742564727073657,0.0,0.23023706020655785,0.9999999599999999,0.6851708740847791,0.6097873451016513,0.2362799456814226,-0.00021518793589272403,0.0007526962018285724,0.05533450165541709,4.5678539240358514e-05,1197.4726778122397,11.648339122562795
8.314752185036099,1.3200045130975446,1.7710768000135029,2.1343203719199133,Si1,Si1,combo_002,17.74634497598816,2.3378293690601812,gp,0.42038974947999463,0.5796102505200054,0.8407794989599893,0.0,0.0,321.2165692287999,1.6116219662582456,0.3141017132946975,0.0,0.42475263741765973,0.9999999599999999,0.6851647318822802,0.37653155167579455,0.26336071380974024,0.0009567390183152138,0.0009826536273200512,0.055307142183204795,8.765858468437635e-05,797.9471019515072,14.757224520713011
8.5504403074359,1.5344108096439837,1.196946548633739,1.3788574857976112,Si1,Si1,combo_002,11.78983862477362,1.8366077227896673,gp,0.5590366888654188,0.4409633111345812,0.8819266222691624,0.0,0.0,311.19054418785083,1.0241844222741456,0.2670828343258216,0.0,0.23248188978057246,0.9999999599999999,0.6851325977386264,0.3176225948062318,0.21082976776743395,0.001078140723092182,0.0011629885196855496,0.05536430178190908,7.123547864382113e-05,772.8966138272218,6.066392340142556
9.404660377398068,1.2765311557214574,1.8022352237574495,2.3052671186728735,Si1,Si1,combo_002,21.680254330301384,2.300609413065016,gp,0.4251931965516178,0.5748068034483822,0.8503863931032356,0.0,0.0,338.3105025244276,1.1935347929182158,0.3942668412937267,0.0,0.37916198868378376,0.9999999599999999,0.6850675660015579,0.42327072550165384,0.23966138834940132,5.777435905993567e-05,0.000947612501178767,0.055344385707930106,7.213844749573762e-05,868.4095873439135,12.173958662120123
12.1369380512714,0.9313995578176882,2.83147370290529,1.1488431460750088,Si1,PU,combo_001,13.943438094540122,2.6372333548583993,gp,0.5642420855075727,0.4357579144924273,0.8715158289848546,0.0,0.0,384.2887173832063,2.4296724390352273,0.6098900928635475,0.0,0.28043273367916927,0.9999999629999999,0.6850515247483698,0.5785772993015585,0.27470328070392985,0.00038050278551513857,0.0010555246765509606,0.055196448167374276,6.688949899283012e-05,1100.9055308549644,11.231037974746206
9.565548170609143,1.1967808514575318,1.9593368048997948,0.718586006698371,Si1,PU,combo_001,6.873669061798932,2.344896769660056,gp,0.5588652992565812,0.44113470074341876,0.8822694014868375,0.0,0.0,339.6167018571503,2.165552876781552,0.40039250206992416,0.0,0.23010111210057688,0.9999999629999999,0.6850325286694159,0.42385254292306834,0.2565020551393098,0.0010434734975277385,0.0009927584721990588,0.05533648573815587,8.262339801245082e-05,902.2100230456446,13.364354309519497
13.565018211320163,1.1724761034513658,1.645964507347565,0.6743775490970954,Si1,Si1,combo_002,9.147943734807557,1.92985405199412,gp,0.5626492100867466,0.4373507899132534,0.8747015798265068,0.0,0.0,391.5451848930456,1.8473276871286164,0.6439206250229222,0.0,0.26495423760965,0.9999999599999999,0.6849731667605092,0.5941408360619755,0.24889655538882505,-3.3610220917427796e-05,0.0007304012893763011,0.05516820196992065,3.126650985481122e-05,1167.0229951411463,11.781612776226071
13.136134180865016,0.9460826834135713,2.5922262085904837,0.9348028998049556,Si1,PU,combo_001,12.27969632449961,2.452460327438273,gp,0.5802292728538987,0.4197707271461013,0.8395414542922026,0.0,0.0,396.7705019676162,2.443470386558204,0.6684257055608,0.0,0.4283946646787241,0.9999999629999999,0.6848911585062843,0.634507406207468,0.2974540175664333,0.00039197444217394233,0.0011190798338820743,0.055332427486838275,3.16043559060946e-05,1180.8981231518105,11.378439037325743
14.36872014699615,0.9727454400986049,2.4359303284208993,0.5526482417272306,Si1,Si1,combo_002,7.940847925108057,2.3695401193693266,gp,0.42825842595738095,0.571741574042619,0.8565168519147619,0.0,0.0,401.5252494797725,2.809873196325307,0.6907239640319837,0.0,0.34910089732839683,0.9999999599999999,0.6848815187175272,0.6464086351616648,0.30033633972178747,0.000502049793666753,0.0011072048109821077,0.0552662771992947,5.1694329944673434e-05,1219.710166988149,13.57921747882107
13.682717928673792,1.3760597239591181,1.1742498133067336,2.2533448680757395,Si1,PU,combo_001,30.831882225905,1.6158378739579098,gp,0.5474430604136415,0.45255693958635845,0.9051138791727169,0.0,0.0,400.09149050608926,1.3344784142139055,0.6840000889789275,0.0,0.12189690409689934,0.9999999629999999,0.684827987655756,0.6019814938592825,0.2067556370897364,0.00047698423556673703,0.0010926581898569186,0.055237020462352064,4.2534810580803437e-05,1141.0639224513575,8.361055498789456
11.234214986655033,1.3343222418530858,1.4580925325735494,1.3875167148856122,Si1,PU,combo_001,15.587661072602303,1.945565296892782,gp,0.5565404693424227,0.44345953065757726,0.8869190613151545,0.0,0.0,363.0577958977797,1.095307739330103,0.510323801771731,0.0,0.20660489651952238,0.9999999629999999,0.6848022180181211,0.4861230814519431,0.20981649883715547,0.0016192640087947735,0.0009624097260249945,0.05521517548083107,8.44047337427317e-05,1011.2045359131803,7.335092198175161
11.062362054872331,1.083066883099197,2.309063197943976,1.6134797292348162,Si1,Si1,combo_002,17.848896932992915,2.500869880676246,gp,0.4323367909365743,0.5676632090634257,0.8646735818731486,0.0,0.0,362.56474708323464,1.630348365597948,0.5080115591389668,0.0,0.30983797348552417,0.9999999599999999,0.6847280232909196,0.500992749687256,0.24687871731782285,0.0019164953293600174,0.0007986654802667788,0.05523313448562025,9.224688128054779e-05,987.8611560859383,9.276948922867644
13.538799083529385,0.8956506777985853,2.9967799763234275,1.5623390126183574,Si1,PU,combo_001,21.15219399219962,2.684068017007306,gp,0.44091917181553697,0.559080828184463,0.8818383436310739,0.0,0.0,403.4459521896192,1.6634256276017687,0.6997314508356396,0.0,0.22965793505081394,0.9999999629999999,0.6847180548077337,0.6275597984502957,0.23618566041855513,0.0009877545498474614,0.0008771368388228566,0.05512563811918656,3.778834597666614e-05,1200.6578061013372,8.558048333146886
15.714252648985045,1.2977188232040122,1.2330644566041367,2.0832491142751453,Si1,PU,combo_001,32.73670291249395,1.6001709555590151,gp,0.436413763715791,0.563586236284209,0.872827527431582,0.0,0.0,428.80553801773283,1.9372966698647447,0.8186598688161338,0.0,0.27130824025358685,0.9999999629999999,0.6846667902911204,0.718130362284688,0.2534779487461627,0.0004104178931683001,0.001043422574129276,0.0551091935969667,6.34632399095193e-05,1294.3287269031953,10.016530509943873
8.424733711725926,1.1605231641423848,2.1512004583382556,1.3664413449912383,Si1,Si1,combo_002,11.511904464243802,2.4965179626152607,gp,0.576612455035189,0.423387544964811,0.846775089929622,0.0,0.0,323.33128835819286,2.107479824721937,0.32401907559850046,0.0,0.39163961823419646,0.9999999599999999,0.6845070839102161,0.3858758560974339,0.2783908454778534,0.0010189752517211692,0.0011433370544887311,0.05532205110995954,7.688193208305104e-05,827.6827776293194,14.959078295620108
12.677528659494055,0.966073637098285,2.564973153833485,1.3692231153340138,Si1,PU,combo_001,17.35836528588869,2.4779529437833734,gp,0.5606972406157809,0.43930275938421914,0.8786055187684383,0.0,0.0,392.8835155778042,1.829553751570158,0.6501969716538141,0.0,0.24302275261909365,0.9999999629999999,0.6844974936660184,0.5961363328213808,0.24489004119916957,-3.634101648516291e-05,0.0007509725798638554,0.05520491910820746,6.056135346491239e-05,1147.6164569266034,9.47665106563718
15.014380182298446,1.3117482531857414,1.174797942328469,1.8906486891113126,Si1,PU,combo_001,28.386918209481426,1.5410391486955723,gp,0.5703404990274521,0.4296595009725479,0.8593190019450958,0.0,0.0,419.0867289906429,1.2292222701219309,0.7730817355579405,0.0,0.3328236041764079,0.9999999629999999,0.6844715016301284,0.6842185172937755,0.23414984497597868,0.00024925362520458944,0.0010195200451351162,0.0552028775927765,9.094946190831166e-05,1239.4945905923291,7.877863224406189
13.90964028264284,0.8759800820289534,2.9064054506078074,1.3675532052414694,Si1,Si1,combo_002,19.022173152284076,2.5459532850328244,gp,0.565050174680124,0.434949825319876,0.869899650639752,0.0,0.0,400.74797673938644,1.720067399046598,0.6870788012923382,0.0,0.2831807520746397,0.9999999599999999,0.6844373618904893,0.6247078720509396,0.2464983465971322,-0.0006766660265645901,0.0008706293206911176,0.055236340585409,5.6125102962536455e-05,1185.8885203084044,8.380022887945014
10.154661581437523,1.2131184125689964,1.8587587691223693,2.0630987220807633,Si1,PU,combo_001,20.950069331826377,2.2548944873464305,gp,0.5475932185406975,0.45240678145930247,0.9048135629186049,0.0,0.0,355.99016373347536,0.9442226342369626,0.4771788475179059,0.0,0.12004060947073468,0.9999999629999999,0.684410645366137,0.45252432780600843,0.1907388564080132,0.0007582041544401572,0.0009725659510872797,0.05536193628653954,6.262183842377337e-05,949.5307289552734,6.451074816061381
8.357199993412511,1.5849520689904437,1.1311521404062486,1.040019501176085,Si1,Si1,combo_002,8.691650968377662,1.7928219252798525,gp,0.5422486379892177,0.45775136201078226,0.9155027240215645,0.0,0.0,304.0791037631459,1.058762548440969,0.23373243321891185,0.0,0.06870542407020304,0.9999999599999999,0.6842245784794136,0.27829808907631404,0.1876577735667245,0.0004631104532474312,0.0009157203932188033,0.05531388765570589,9.107420106729957e-05,752.9731139458573,7.880879938708276
12.952232773706317,1.101110487095482,2.0273373111931097,0.6547846054622997,Si1,Si1,combo_002,8.480922626587159,2.23232237423469,gp,0.4261088396199,0.5738911603801,0.8522176792398,0.0,0.0,383.54398272389767,2.1789973142569745,0.6063975234088592,0.0,0.36314046834972674,0.9999999599999999,0.6841099018658274,0.5815149048331026,0.27700014889420876,0.00028863830248949306,0.0009064265662334826,0.05527812558414998,3.594262130156843e-05,1124.661709000328,11.676496865347888
8.666546687074526,1.3723994492890066,1.5249535240069372,1.3081819806666726,Si1,PU,combo_001,11.337420210637342,2.0928453765384503,gp,0.5731127829971001,0.4268872170028999,0.8537744340057998,0.0,0.0,324.2514182618984,1.6686443804355318,0.32833419314521245,0.0,0.35553426102550517,0.9999999629999999,0.684066172797242,0.3802294830130862,0.2552775725349301,0.0010455653871027312,0.0011342015360059463,0.05540079452119849,4.5266747311054025e-05,818.6354466759095,12.35111343149031
12.858464350271973,0.9833342045211704,2.430752148629902,0.833210943510695,Si1,PU,combo_001,10.713813213388747,2.3902417304611108,gp,0.5827428050352523,0.41725719496474767,0.8345143899294953,0.0,0.0,392.3850526896763,2.473193630021216,0.6478593387323284,0.0,0.4445876939090494,0.9999999629999999,0.683960257645129,0.6220727342605169,0.30108165863579506,0.00032196476549687015,0.0010460163367439568,0.05522663932050991,3.4526699224975623e-05,1162.9892888970926,11.72232804560975
13.433220663659718,1.2390774528653843,1.550387775104837,1.3834663851331923,Si1,Si1,combo_002,18.58440923224981,1.9210505353305316,gp,0.4304113556870277,0.5695886443129723,0.8608227113740554,0.0,0.0,391.6746582981757,1.1787400124838991,0.6445278142470302,0.0,0.3200655545572515,0.9999999599999999,0.6837360740100789,0.5923732923708253,0.2302002754812142,0.0015498417175026885,0.0007625188508965452,0.05519643945662113,5.091903243420039e-05,1144.7212150825144,10.453484721996809
10.193375511838628,1.2802261369410717,1.7218783285209227,1.699544346750376,Si1,Si1,combo_002,17.32409372544906,2.2043936408048905,gp,0.4365220078248626,0.5634779921751374,0.8730440156497252,0.0,0.0,345.57170772543316,1.1663006519048504,0.42831959172271766,0.0,0.26252791912228457,0.9999999599999999,0.6836713952141895,0.43513044227021863,0.22106797240065,0.0021287372540396074,0.0008234959630146081,0.0553470898644056,7.04565206138035e-05,914.3173531321219,9.80961989598078
12.306709742902607,1.09302891856864,2.034119941700631,0.778470661937719,Si1,PU,combo_001,9.580412479832768,2.2233519201159453,gp,0.5693503366200048,0.4306496633799952,0.8612993267599904,0.0,0.0,382.8020588288156,2.184604694222397,0.6029181355473184,0.0,0.3171209240028363,0.9999999629999999,0.6836437830570348,0.5745419894456512,0.27032335356828185,0.0002302145443678967,0.0009480731285596767,0.05520956946563414,8.181288743057439e-05,1123.2352021503998,11.660181106660124
14.888296197024184,0.9728341492802381,2.3750529919859042,0.8478898498118065,Si1,PU,combo_001,12.623635226448526,2.3105326569540914,gp,0.43005552260146374,0.5699444773985363,0.8601110452029275,0.0,0.0,417.39216182981403,2.362117406733607,0.765134752789174,0.0,0.3211815074526833,0.9999999629999999,0.6834535791051777,0.6905450452284985,0.2780912198757318,0.0002723052077822502,0.001030711304148984,0.05516669024523121,7.369544140757072e-05,1310.833145294357,14.454546170678082
13.36671761388268,0.9291769757461736,2.649592372422079,1.2638860653521227,Si1,Si1,combo_002,16.894008131683094,2.461940227567277,gp,0.5777986808462288,0.42220131915377124,0.8444026383075425,0.0,0.0,394.06421159479964,1.8935834596863572,0.6557340616665962,0.0,0.39434695457902685,0.9999999599999999,0.683435585911885,0.6158824890704805,0.27017087774771575,-0.00048207691943931246,0.0009068502945257787,0.055217958848080125,5.9859085651153586e-05,1149.7644082357467,8.767924172645005
15.576571994078932,0.9626731864248699,2.1714481903203104,0.8471802214723876,Si1,Si1,combo_002,13.19616371172438,2.0903949485321704,gp,0.5687010606492606,0.4312989393507394,0.8625978787014787,0.0,0.0,419.9707299271539,2.776990875816341,0.7772274197021973,0.0,0.30872680657879503,0.9999999599999999,0.6833447548960945,0.7025447631230867,0.2929541393446609,0.00029440835975393066,0.0010640617388769124,0.055071469697391656,3.2247583429733986e-05,1324.4872605237092,18.54489514318348
8.72078741479794,1.1813212074465471,2.1891394988495083,1.6429823794122054,Si1,Si1,combo_002,14.328100057112733,2.58607691604983,gp,0.42465813378265693,0.5753418662173431,0.8493162675653139,0.0,0.0,327.83744442140807,1.5880838234089991,0.34515151898317464,0.0,0.3699482051594636,0.9999999599999999,0.683247463813766,0.3925147574775371,0.25419079663070926,0.0016119320292563423,0.0009675709557075098,0.05539384365872768,5.673772063788335e-05,842.3098306317163,12.178009869813145
10.73162816791275,0.9590980927909227,2.8435705698975284,0.7667737388378746,Si1,PU,combo_001,8.22873065412831,2.727263110305117,gp,0.5733031273657332,0.4266968726342668,0.8533937452685336,0.0,0.0,362.6281341276473,2.928702915536917,0.5083088242821576,0.0,0.3508223993268158,0.9999999629999999,0.6832349639862219,0.5202593866336793,0.3053867612612281,0.000911632688115858,0.001120142114605465,0.055240194781163876,8.19394201721822e-05,998.3704648260137,13.567171649301509
12.054946647607514,1.0665032729366644,2.2519163017740658,2.2948144260384122,Si1,PU,combo_001,27.663865472053118,2.4016761062214704,gp,0.4390243897642705,0.5609756102357295,0.878048779528541,0.0,0.0,386.6949280810344,1.1069783091528325,0.6211744582139939,0.0,0.2342679994854109,0.9999999629999999,0.6830431147839,0.5666193237643896,0.2144366180539965,9.84593935211284e-05,0.00095216417024768,0.055174124900963566,4.539688236781846e-05,1105.1358109550308,10.198092530951687
8.496095428406589,1.3793091764899736,1.590169038664675,2.0624680880519923,Si1,PU,combo_001,17.52292569413301,2.193334747200426,gp,0.44322672047802314,0.5567732795219769,0.8864534409560463,0.0,0.0,326.51617871991647,1.8054589596885127,0.3389552017138254,0.0,0.19498999178157697,0.9999999629999999,0.683035908220388,0.3731861889147502,0.2367134260464382,0.001259229955598645,0.0009693521296539108,0.05534339856093042,7.54026640773896e-05,812.3774629229933,13.207760312919758
8.219232279920758,1.4412991623873952,1.386779877988586,1.8821770040860253,Si1,PU,combo_001,15.470049988508404,1.9987646765606433,gp,0.5672343003520268,0.4327656996479732,0.8655313992959464,0.0,0.0,319.3651489375231,2.097525647902666,0.3054191390700648,0.0,0.29175033213615337,0.9999999629999999,0.6829237054299091,0.36275227660944587,0.2630060183841711,0.001607769555621215,0.001015711947386443,0.055295966353138735,9.444681092992903e-05,783.8625784940305,15.25061360519115
13.207104031242864,1.2310492831675892,1.535025362522548,2.4781641900853497,Si1,PU,combo_001,32.72937226495793,1.8896918721774516,gp,0.5477723729639337,0.45222762703606634,0.9044552540721327,0.0,0.0,399.8835339638342,1.3649775910122683,0.6830248387226057,0.0,0.10878612859796437,0.9999999629999999,0.6827546624748813,0.6003391636230943,0.20601899949085342,0.0006658771773835752,0.0010735712387169136,0.05527643402206585,2.3125749477488073e-05,1171.164523655275,9.908320092291538
10.157433825030024,1.283741591531571,1.6669372304771688,1.871439014869504,Si1,PU,combo_001,19.009017951116366,2.13991665323599,gp,0.5394743219654572,0.4605256780345428,0.9210513560690856,0.0,0.0,352.33012380752217,0.640015227272245,0.46001442057933567,0.0,0.029990632680071183,0.9999999629999999,0.6825821001699834,0.42799904402862415,0.16496320454479774,0.0020617385516661633,0.0002620508800667032,0.055360637931810695,6.540113166257336e-05,938.5837304730849,4.329195274717671
11.03720598184928,1.1498119151005897,2.0507215568086505,0.958467223950926,Si1,Si1,combo_002,10.578800177597634,2.357944080572217,gp,0.4381592714943139,0.5618407285056861,0.8763185429886278,0.0,0.0,357.0686296503167,1.8595621771402113,0.48223651077018337,0.0,0.2384272974897451,0.9999999599999999,0.6825415587617432,0.47845023227073846,0.2454109100626865,0.0006129705979346834,0.0010674354560948817,0.05523555448491986,9.370346444353915e-05,980.5134389658259,9.374577063585132
13.632238480604165,1.2041345848648655,1.6225338299251004,1.8702042515612336,Si1,Si1,combo_002,25.49507036472256,1.953749099726061,gp,0.43374695181128686,0.5662530481887131,0.8674939036225737,0.0,0.0,397.2145180676314,1.2112113615413496,0.6705080003068812,0.0,0.278471131278341,0.9999999599999999,0.6823957968112286,0.6067741268566055,0.22527062499059214,0.00015111427788791444,0.0008035136066288224,0.055173727858650566,3.4113474408435e-05,1166.8329254772825,11.796393035964723
10.20827036667392,1.1000462368384152,2.3463073878638543,2.3235677777421033,Si1,PU,combo_001,23.71960809048309,2.581046612485805,gp,0.42911818881736963,0.5708818111826304,0.8582363776347393,0.0,0.0,360.87956523890864,1.4287885677565884,0.5001085905292444,0.0,0.3207803289087473,0.9999999629999999,0.6822814503785211,0.49423246296138035,0.240391515186433,-0.00025704505256358826,0.0008805496895737774,0.05533612295530896,6.563262079890857e-05,966.1445357479627,11.783743980331469
10.852352693855833,1.177110602649351,1.901245905979934,1.3645554757280198,Si1,Si1,combo_002,14.808637292932703,2.2379767141726514,gp,0.5554801455225942,0.44451985447740583,0.8890397089548117,0.0,0.0,356.72921289961016,1.4964763523461775,0.480644753812037,0.0,0.17648834236877248,0.9999999599999999,0.6822118743320433,0.4669585013233333,0.2214774473184217,0.0012981544639802097,0.000921256135705317,0.05524471622846873,9.415326798524996e-05,970.3575392891178,8.51050671270948
11.661458703888147,1.0254156216377872,2.389693105561804,2.0383635580268855,Si1,PU,combo_001,23.770292455441037,2.4504286413631915,gp,0.5663120036278713,0.43368799637212874,0.8673759927442575,0.0,0.0,381.57410930050577,1.3814363979966537,0.5971594415468872,0.0,0.2765456915197083,0.9999999629999999,0.682078644603468,0.5571989861906232,0.23184668897336647,1.1131843440764224e-05,0.0009031354166196147,0.05518386211142431,7.325227344142655e-05,1075.28336733849,11.199546099533276
9.983217143102184,1.1851950261695472,2.0442380600763577,0.6530890235495369,Si1,Si1,combo_002,6.5199295358716025,2.422820781108983,gp,0.4327047374030144,0.5672952625969856,0.8654094748060288,0.0,0.0,338.463043616111,2.142780010054745,0.3949822106547994,0.0,0.28549655992285977,0.9999999599999999,0.6820496645180154,0.4253424862472784,0.2638929817766439,0.0011934036583638738,0.0009642747605720922,0.05541128349019591,8.183759555101521e-06,905.7166523219963,12.3781413974346
11.99133116347008,0.9169477543488103,2.9063008388505587,1.2649579563552762,Si1,Si1,combo_002,15.16852976252245,2.664926027646083,gp,0.585243106546443,0.41475689345355704,0.8295137869071141,0.0,0.0,375.42588893984856,2.4963907867413666,0.5683262371781541,0.0,0.4519643829935997,0.9999999599999999,0.6819157434026992,0.5674045177705058,0.30312366251157286,0.00013234416405609776,0.0009224187240748519,0.05518435554504628,6.0348562507253144e-05,1052.4675922448575,14.286832574409614
12.245710235511693,1.5031332588281443,1.1097376356062512,2.3829600449600283,Si1,Si1,combo_002,29.181038213382422,1.668083548653064,gp,0.44047257436113796,0.559527425638862,0.8809451487222759,0.0,0.0,370.3615770419525,1.8129365316519404,0.5445762198766542,0.0,0.2112488110159337,0.9999999599999999,0.6818257420045248,0.5188329425278516,0.23945380594649104,0.0010283831964800916,0.0010874863355606096,0.05519473489922076,7.678287265283011e-05,1001.3359433642642,13.252301928492617
8.372715759981906,1.6104278445052815,1.1711766424236754,1.6949849088416389,Si1,PU,combo_001,14.191626859189885,1.8860954757932924,gp,0.4194133102684532,0.5805866897315468,0.8388266205369064,0.0,0.0,312.4039732477556,2.0836258384889423,0.27277343193274484,0.0,0.4074521176610683,0.9999999629999999,0.6817809274701482,0.3513103015585662,0.2798007310875432,0.0014110347495341314,0.0011305843224002075,0.0553168409177566,8.946384507048719e-05,766.0969298276106,15.843872467860939
13.273623198571993,1.210757067191679,1.5747360678792994,1.3723248076752381,Si1,PU,combo_001,18.21572240313389,1.9066228231464972,gp,0.5648874524750909,0.43511254752490913,0.8702250950498183,0.0,0.0,396.5328819084983,1.0822861699946702,0.6673113428143866,0.0,0.26061145093557514,0.9999999629999999,0.6817406440134003,0.6012649764144613,0.21739234476825228,0.0014237002146092299,0.000810548517866581,0.055255413654603604,4.3551562363262e-05,1180.4251806894379,7.9921901853047155
8.673419475936699,1.092997570973311,2.4092899575725966,0.7437397163236341,Si1,Si1,combo_002,6.4507665405890435,2.63334807139724,gp,0.5655095092192539,0.4344904907807461,0.8689809815614922,0.0,0.0,324.18160638763015,2.9499444769036653,0.32800679758681306,0.0,0.26619379993054665,0.9999999599999999,0.6817120099900638,0.38582986062319613,0.29354910610738516,0.0011034776695326024,0.001047188544139593,0.05538047873385009,5.735679002424332e-05,848.8935247110636,15.112417780426178
12.965027870188457,0.9697177484855348,2.498591102102788,2.438634211426974,Si1,Si1,combo_002,31.61696051634577,2.4229281379171064,gp,0.5545902048732501,0.44540979512674994,0.8908195902534999,0.0,0.0,393.5378034647086,0.93638479634396,0.6532653744195672,0.0,0.16392410307918026,0.9999999599999999,0.6816663797059921,0.5800829353086135,0.19700529363637162,0.00046188109658643967,0.0011222948286043813,0.05529272011224572,3.2735601784180766e-05,1127.667608778698,4.665766886240629
12.885784206868358,1.121255467854668,1.861819854413096,1.574592555393758,Si1,Si1,combo_002,20.28985988254538,2.087575691921066,gp,0.574027639044516,0.42597236095548396,0.8519447219109679,0.0,0.0,388.46315920850543,1.244776507447212,0.6294669016331946,0.0,0.34500363088079916,0.9999999599999999,0.6816232686608643,0.5850853574380416,0.236604123855659,0.001693822644084585,0.0009882799130799828,0.05523791260681021,2.8813934493515983e-05,1127.3377600946405,10.353251819164466
12.53890896896299,1.1303010969928609,1.874200048321574,1.3826801771152168,Si1,Si1,combo_002,17.337300874037325,2.1184103706019477,gp,0.565950574576064,0.434049425423936,0.868098850847872,0.0,0.0,382.5112932271057,1.4038299855187333,0.6015545370544688,0.0,0.26926300609785453,0.9999999599999999,0.6815778305212354,0.5598053111796591,0.23165738012578746,0.001035390460850856,0.000851261778512444,0.055215623951053665,8.063423810006283e-05,1099.6475867392792,9.76175878730861
11.165637207464538,1.528362754269418,1.1565249484369735,1.672541353011318,Si1,Si1,combo_002,18.674989962206254,1.7675896555744295,gp,0.4162156455574575,0.5837843544425425,0.832431291114915,0.0,0.0,350.3000081993549,1.4457274014295411,0.45049382196888116,0.0,0.4343744171356242,0.9999999599999999,0.6814065260811979,0.4710567088304607,0.2581137416557289,0.001788574369308404,0.001031482246423055,0.055226607684322734,9.150782697348327e-05,934.3372520446835,11.75471047484238
10.218682575786143,1.1129625847817275,2.273142177446913,2.46071157881748,Si1,Si1,combo_002,25.145230534497394,2.5299221933876805,gp,0.44043262173407527,0.5595673782659247,0.8808652434681505,0.0,0.0,354.62507800918354,1.2783352882008792,0.4707770282335466,0.0,0.2080383680645505,0.9999999599999999,0.6813666928225413,0.4606925961278593,0.21741270166240834,-0.0001773395891642095,0.0008317969188660609,0.05533332580402934,6.809670340978914e-05,939.3075144667517,8.93860865967289
13.93760941049453,0.9192766501431394,2.7608184172307615,2.209381382781051,Si1,Si1,combo_002,30.79349475202059,2.5379559062453785,gp,0.4485861203554151,0.5514138796445849,0.8971722407108302,0.0,0.0,404.2174020679329,1.1313496638265506,0.7033493061981423,0.0,0.1312826483644453,0.9999999599999999,0.6812826036698139,0.6141239974621218,0.19997166925908838,9.079480091059896e-05,0.0008666693592905276,0.055250347500318396,5.8666554026245816e-05,1188.6370899786596,6.881901225323906
9.795695426434722,1.0099239013239072,2.823402619784608,0.5973475368730451,Si1,Si1,combo_002,5.851434534939335,2.8514217887810114,gp,0.4557740965083923,0.5442259034916077,0.9115481930167846,0.0,0.0,339.48943813318914,3.2629398610449045,0.39979567554998047,0.0,0.06416570727848135,0.9999999599999999,0.6812788676092298,0.4194857114097516,0.2758674513809824,0.0012894615733090448,0.0010200366490843223,0.05536794589523731,5.5716854400140014e-05,911.0693768146239,14.967542915879719
8.542235944385627,1.514226714446902,1.2865279797615672,0.8686934280373173,Si1,Si1,combo_002,7.420584225631941,1.9480950358383682,gp,0.4601266336750598,0.5398733663249402,0.9202532673501196,0.0,0.0,307.7914385883549,0.596422065247269,0.25114210665634434,0.0,0.02347309636768495,0.9999999599999999,0.6812700371248297,0.2806343742472509,0.16222753728379746,0.0003293499861317711,0.00048096539463560455,0.05536087497908873,7.175684582971486e-05,772.7785661838636,5.066793784554079
10.666600791800999,1.3911922255230613,1.371649317654396,0.5456907633326145,Si1,PU,combo_001,5.820665528242157,1.9082278668648076,gp,0.5826064551237664,0.4173935448762336,0.8347870897524672,0.0,0.0,346.66119180822045,1.9674773802768857,0.4334289266802776,0.0,0.42139741402621134,0.9999999629999999,0.6811524554656745,0.463825373175649,0.27720846034284885,0.0009407013102982074,0.0010194816202617053,0.05525362589594682,9.194651564483254e-05,950.3135035038342,13.015925408496196
8.831423548255518,1.2838889157008215,1.8317955607208316,2.263440881853793,Si1,Si1,combo_002,19.989405104087826,2.351822016239447,gp,0.4217932416277108,0.5782067583722892,0.8435864832554216,0.0,0.0,330.1130363463595,1.2918790663333335,0.3558233236978887,0.0,0.379098171811981,0.9999999599999999,0.6809941912881983,0.3974870396143142,0.24361786922787607,0.0002285034968476204,0.0009908506110156083,0.05541361418286862,5.654661066072952e-05,833.544256113829,13.274960353388915
11.806036531068386,0.9763111190576166,2.7496927942486638,0.9137571017242634,Si1,Si1,combo_002,10.787849723479825,2.6845556490175775,gp,0.43615091302825704,0.563849086971743,0.8723018260565141,0.0,0.0,369.81498451572446,2.667056694014395,0.5420128742106457,0.0,0.2442846497324657,0.9999999599999999,0.6808906056028152,0.530183664381265,0.2788543615718524,0.0006148837581999567,0.0011360306481609382,0.05518900613014414,7.647602103427261e-05,1033.887519850471,13.738461478861922
12.097397926684131,1.4557837129455038,1.1563220136409667,0.8930707117402962,Si1,Si1,combo_002,10.80383177658938,1.6833547543788678,gp,0.5488500620337788,0.45114993796622116,0.9022998759324423,0.0,0.0,363.2401523137396,0.773409247462934,0.5111789955515386,0.0,0.1042304242975992,0.9999999599999999,0.6808824931149058,0.47277523928621407,0.18147872154096,0.00015276622772364846,0.0008144855075328156,0.055167091869551,4.038771957645578e-05,998.2333910686971,6.499091470487349
13.011277843208735,0.9292304170239751,2.700070545230986,0.8866926577655059,Si1,Si1,combo_002,11.537004531720193,2.5089876787391407,gp,0.5783896697087982,0.42161033029120176,0.8432206605824035,0.0,0.0,387.25662393499795,2.6232093629787956,0.6238086336989906,0.0,0.37920316537226373,0.9999999599999999,0.6807889414031498,0.600427322856218,0.29732385235978337,0.0004233605267912083,0.0011115924200105131,0.05532396372032159,2.2415958793694905e-05,1122.40704438364,11.751992107980874
9.718581420463515,1.2262382196938764,1.9299529898917576,1.0583627571079766,Si1,Si1,combo_002,10.28578462734012,2.3665821184177425,gp,0.4319689094645014,0.5680310905354986,0.8639378189290028,0.0,0.0,336.25702429056184,1.6167912221177416,0.3846366793752188,0.0,0.28214267269519755,0.9999999599999999,0.6807402069944968,0.41170459348657984,0.2421776861947041,0.0007649510576503036,0.0010365868647343648,0.05535743090338942,7.559703427964293e-05,886.3853926982845,11.409885680960736
9.824421648587299,1.280642118280219,1.7538958649379968,0.5223100140211909,Si1,Si1,combo_002,5.131393809023724,2.246112915717113,gp,0.44585794560109093,0.5541420543989091,0.8917158912021819,0.0,0.0,332.10352096198125,1.8112569849378368,0.36515806551721197,0.0,0.15223364311783572,0.9999999599999999,0.6807045900422892,0.387319365344646,0.23053379756552464,0.0011617796707417737,0.0010421168502915492,0.05538369036494539,6.187381696668874e-05,882.7129319219761,12.382942522995387
12.350185313978827,1.4727712355633575,1.14887867804132,2.1609567449874065,Si1,Si1,combo_002,26.688216256086957,1.6920354701713118,gp,0.4397463309512233,0.5602536690487767,0.8794926619024466,0.0,0.0,372.1649286306918,1.573239110522225,0.5530333671252348,0.0,0.20915224861101284,0.9999999599999999,0.6806888161031763,0.521781409396956,0.22947274171031867,0.00019980197002596964,0.00102290807081829,0.05520927073087419,8.667523507332732e-05,1014.0103801957665,11.278160784676308
11.279363606770344,1.0452506999732682,2.4456608909828716,2.4685860860998297,Si1,Si1,combo_002,27.84408005973406,2.5563287581970933,gp,0.43549114425736946,0.5645088557426305,0.8709822885147389,0.0,0.0,369.8134348182886,1.4615179977902288,0.5420056066209602,0.0,0.2484704664556214,0.9999999599999999,0.6806379759311254,0.5167065079539472,0.2308649563263388,0.0001922161024373713,0.0010328238469274364,0.05520067532398764,6.775227208647219e-05,1007.7214462753587,9.609447338321136
15.221559968900745,1.1817812811102528,1.5480084756694683,1.207064736489086,Si1,Si1,combo_002,18.373408272814,1.829407439546194,gp,0.4402297288984869,0.5597702711015131,0.8804594577969738,0.0,0.0,413.9390026600836,1.4570338734780224,0.7489405310114824,0.0,0.2033945671371442,0.9999999599999999,0.680529199319573,0.6570016974010968,0.22392273449827807,-4.055263685518514e-05,0.0008522327824946141,0.0551931927646886,8.155350787622003e-05,1283.8901151650552,12.400209240911744
12.285071122124371,0.9321083692417822,2.932584357159336,2.4497061490360714,Si1,PU,combo_001,30.094814269213543,2.733486422815749,gp,0.44413238958549073,0.5558676104145093,0.8882647791709815,0.0,0.0,390.6190704625739,1.3262549836325574,0.6395774419429052,0.0,0.1664930320934881,0.9999999629999999,0.6804681309788799,0.5752505004065757,0.21311341964419936,0.0003103040697687072,0.0011115288109807447,0.05522206864900611,8.056927552296471e-05,1112.2261541991777,7.266826795666451
9.77354312536045,1.1840767403995942,1.9703228587129333,1.104476461838318,Si1,Si1,combo_002,10.794648330722326,2.33301346807962,gp,0.5676745752189447,0.4323254247810553,0.8646508495621106,0.0,0.0,339.2580212937232,1.7632008283838394,0.3987104039371759,0.0,0.27658955715189176,0.9999999599999999,0.6804550876502027,0.42268787330858476,0.2472491635035876,0.000868914264069829,0.0010434881214007499,0.055370637077209794,6.943156980211644e-05,896.5705895089638,11.598579995165617
14.193142875242422,1.3152845371681958,1.3002811029335488,0.8926320787382979,Si1,Si1,combo_002,12.669254628557306,1.710239628660504,gp,0.4470629012560181,0.5529370987439819,0.8941258025120362,0.0,0.0,396.412274844668,1.0835887145954648,0.666745733920147,0.0,0.1378367810471694,0.9999999599999999,0.6803009758208616,0.5886065912873891,0.19902867319206816,6.323613955942645e-06,0.0009066062829703883,0.05533694406110675,1.6436086071523914e-05,1176.543355748106,7.574179688577459
9.399792142229002,1.14452820684015,2.146061835929829,1.2324276240845184,Si1,PU,combo_001,11.584563496735614,2.4562283048448474,gp,0.5641735699414596,0.4358264300585404,0.8716528601170808,0.0,0.0,342.76904625598905,1.7599271488567594,0.41517599793711407,0.0,0.24232780296463002,0.9999999629999999,0.6802519485774058,0.43074989347595616,0.24197787902699114,0.0010239396708474349,0.0010583109626625365,0.05534670946943117,6.663114083407271e-05,903.4173271216637,13.552042941201146
8.940876751434702,1.3359883361024847,1.679329342995573,2.131987519695067,Si1,Si1,combo_002,19.061837649190558,2.2435644147167344,gp,0.4189351000886177,0.5810648999113823,0.8378702001772353,0.0,0.0,328.92246667759986,1.310576757280747,0.35023992938850007,0.0,0.39996490456644473,0.9999999599999999,0.6802499866933498,0.39588077839844565,0.24750192447944558,0.000879835831167109,0.0010004775510252513,0.0554041087354988,7.065154455676147e-05,830.4508608873565,12.67688023819016
10.022094086431524,1.2784607622212796,1.7429817874319729,1.7798565399875597,Si1,Si1,combo_002,17.837889704105795,2.228333824498088,gp,0.43215265228235467,0.5678473477176453,0.8643053045647093,0.0,0.0,343.6674039455887,1.1585339043271135,0.41938901070194623,0.0,0.2764444382906143,0.9999999599999999,0.6802299193136323,0.43018119621131035,0.22284223086169516,0.002206203537132155,0.0006902849447940651,0.05540605282308236,2.2474687391528425e-05,903.564088518421,10.119071069296211
12.566848640272822,1.3021101657223253,1.4142106625017796,0.6676536206027879,Si1,PU,combo_001,8.390301994245371,1.8414580801164717,gp,0.5694678348099274,0.43053216519007265,0.8610643303801453,0.0,0.0,378.95997515141835,1.6036231889780932,0.5848999811263982,0.0,0.29067357081083084,0.9999999629999999,0.6801152111893323,0.5525902680063515,0.24292627750038864,0.00017715121683681956,0.0006083609351811512,0.05521273343664086,8.095587604427239e-05,1104.717238957975,9.22168595232716
11.349364164299981,0.9573811416870073,2.7981176925194324,0.6331345083267337,Si1,Si1,combo_002,7.185674099985119,2.678865111038869,gp,0.5494906634486512,0.45050933655134884,0.9010186731026977,0.0,0.0,362.682051323591,3.2472924952066164,0.508561678838182,0.0,0.1039501089913297,0.9999999599999999,0.6800806396120764,0.49942005930138045,0.2812040806030196,0.0009416733917401757,0.0011010345311849652,0.05518693778901267,4.632649021235112e-05,1006.673513219035,16.20820247858595
8.444111575305453,1.636686375211285,1.1323310855914552,1.930296285244786,Si1,PU,combo_001,16.299637206004615,1.8532708600157382,gp,0.4196829240394493,0.5803170759605507,0.8393658480788986,0.0,0.0,313.8020746165826,2.160388512935062,0.2793300841232799,0.0,0.39063640358683765,0.9999999629999999,0.6799490886344504,0.35510287384991157,0.2803740790552872,0.0014759693631454865,0.0010287418068743036,0.05533259147643213,8.461718993801789e-05,767.7911067652316,16.973578959882577
8.23276706387153,1.2190154520330843,1.9841103643270737,0.7880176216504344,Si1,PU,combo_001,6.487565521274073,2.4186611926536954,gp,0.5640553625350009,0.4359446374649991,0.8718892749299982,0.0,0.0,320.8523295700966,2.8399079157462377,0.3123935447674607,0.0,0.23844943976924834,0.9999999629999999,0.6798964403793897,0.3708582670686321,0.28494986950608403,0.0008474646505775656,0.0010117278584090407,0.05529921130551463,9.005507968720256e-05,818.2525905304567,19.875165539684772
10.070253526635835,1.018420893690247,2.7797801692800244,1.3613271336488806,Si1,Si1,combo_002,13.708909368532693,2.8309862042605887,gp,0.42043031617902216,0.5795696838209778,0.8408606323580443,0.0,0.0,347.9632611194086,2.222984961442828,0.4395352189647869,0.0,0.38298583303485667,0.9999999599999999,0.6798626276692858,0.4672026696948227,0.2817508988611802,0.0009098993572673584,0.0010442179771184864,0.055377481672077615,3.8872133976353764e-05,928.7743164565402,11.722516583635661
13.555538975901165,1.008578677710053,2.3641463979034514,0.6926955938278774,Si1,PU,combo_001,9.389862120568793,2.3844276479104476,gp,0.4191825142784751,0.5808174857215249,0.8383650285569502,0.0,0.0,399.25987811747757,2.4492754643390855,0.6801000905159824,0.0,0.39448931696154343,0.9999999629999999,0.6798443514336376,0.6393558291000841,0.2926023240938288,0.00026603096226643396,0.0009634875630112913,0.05512963184105569,1.2648189735932406e-05,1212.3637044581976,11.703647141330345
15.047643825218252,1.1304476157475039,1.6074284215949044,0.5278094132365436,Si1,Si1,combo_002,7.942288057980944,1.8171136266767332,gp,0.5748165689471705,0.4251834310528295,0.850366862105659,0.0,0.0,409.61694374301993,2.448623491890113,0.7286714448793645,0.0,0.3372364894085327,0.9999999599999999,0.6796849515740446,0.6676229818379185,0.28398810659656515,0.00042803462170773183,0.0010885618292431753,0.055202154859218755,8.794006461785969e-05,1282.4392556383673,14.541562858457008
12.207470397519874,1.4197979845338362,1.2121693254813302,1.7815490904266467,Si1,PU,combo_001,21.748207783111745,1.7210355652321323,gp,0.5519695480688682,0.4480304519311318,0.8960609038622636,0.0,0.0,375.5885054403896,0.6463619424924307,0.5690888570126402,0.0,0.12393904690730018,0.9999999629999999,0.6796774473424074,0.5138191200919027,0.1793114186592305,0.0010770834236860146,0.00101589694173788,0.055187549151829225,6.960495808131789e-05,1052.195156097974,6.606301018380229
8.635852317995568,1.3631535701505963,1.5564189539402689,0.9147478673505711,Si1,Si1,combo_002,7.899627490640931,2.1216380537137343,gp,0.5534365834259489,0.4465634165740511,0.8931268331481022,0.0,0.0,315.5208581471138,1.074010347367893,0.28739063398882203,0.0,0.13758757086641266,0.9999999599999999,0.6796718351099598,0.32292273492249396,0.19860501278283244,0.0003509620192899303,0.000543588404816647,0.05539004976759517,5.3154320275289043e-05,800.4966181766895,11.443435558838717
14.164772273102995,1.2512640745915236,1.3884936029831263,0.8301327480244245,Si1,PU,combo_001,11.758641332211164,1.7373721632129318,gp,0.5704818258011812,0.42951817419881877,0.8590363483976375,0.0,0.0,403.39708134259536,1.4974390798761814,0.6995022620562443,0.0,0.29656637600072644,0.9999999629999999,0.6796577279081575,0.6321776536506046,0.23952797793917235,-0.0001868370006643848,0.0007680458602756684,0.055341352894292206,3.288933514486961e-06,1218.8839312551281,9.024828844807617
11.59502265566637,1.024136964104588,2.5459485150274546,0.6266001153241036,Si1,PU,combo_001,7.265442533226142,2.6073999829468018,gp,0.4211733448634618,0.5788266551365382,0.8423466897269236,0.0,0.0,371.9546143853683,2.7274444023831284,0.5520470599889661,0.0,0.3742586027371007,0.9999999629999999,0.6796330229038563,0.5509007989386978,0.30078578616505514,0.0008717170939837598,0.0010732922721215015,0.05518033298133771,6.082760301793733e-05,1055.948688848474,13.68730040564577
10.164077541844465,1.0074611281710726,2.65349321540333,1.205980660851457,Si1,PU,combo_001,12.25768095085904,2.6732912683845256,gp,0.5713019264345576,0.42869807356544243,0.8573961471308849,0.0,0.0,356.9393857300458,2.1252544837165863,0.48163039775731314,0.0,0.30322278380860107,0.9999999629999999,0.6795298947257115,0.4875669044848989,0.26584514183000885,0.000872753474158117,0.0010530678375256142,0.05535065277648141,5.668321470861388e-05,963.6619510723123,12.442826711585422
8.999155577775944,1.174678237067364,2.065312749086055,2.4608619232676507,Si1,PU,combo_001,22.145679302910516,2.4260779390891583,gp,0.5626313255017976,0.4373686744982024,0.8747373489964048,0.0,0.0,343.7190425771263,1.7388176894819138,0.4196311795132615,0.0,0.22220053935842915,0.9999999629999999,0.6795175150374874,0.43161256342945464,0.2381074817239147,-0.0003338452903848217,0.0007036650779122884,0.055397952221729656,7.525519305684563e-05,882.5452328456272,12.811245135148738
13.225131450359966,0.9117625350163585,2.968993150111891,0.5233199467730172,Si1,Si1,combo_002,6.920975086668533,2.707016720992222,gp,0.42109337408115266,0.5789066259188473,0.8421867481623053,0.0,0.0,385.7254017641625,3.334948121801254,0.6166276871492944,0.0,0.3738398467174315,0.9999999599999999,0.6794837589766083,0.6030652385726941,0.32522254014517177,0.0006874887650700547,0.0011588565884834154,0.055300434410900316,5.713431787895201e-05,1128.7893570486194,15.980367522654774
9.113149664366514,1.1833568121378024,2.132608752933435,1.836506053275362,Si1,PU,combo_001,16.736354523013436,2.523637095408484,gp,0.4374764976379737,0.5625235023620263,0.8749529952759474,0.0,0.0,340.9107030472541,1.3589589744071315,0.40646095742432187,0.0,0.22060691083701683,0.9999999629999999,0.6794422806234541,0.41785717627129887,0.2225493964925543,0.0019882422614587512,0.0008373129194192627,0.05538857454423177,6.840607058498273e-05,883.6751525621905,12.501589385763644
12.726765955549073,1.0799166038511316,2.0305400779243605,2.084181016429232,Si1,Si1,combo_002,26.52488400509321,2.1928139449356876,gp,0.5604634853919492,0.43953651460805077,0.8790730292161015,0.0,0.0,388.76091100549456,0.9326876085829806,0.6308632631671244,0.0,0.20079973690377276,0.9999999599999999,0.6793679336479288,0.5680464204861925,0.2023875375614643,-0.0004564143878470322,0.0006936847438843066,0.05520192674044712,5.3852729054100245e-05,1118.0349645377992,9.790484419405459
14.983739337016509,0.9514306323726768,2.32355904313794,1.7844648639789438,Si1,PU,combo_001,26.737956377925112,2.2107052497679818,gp,0.5610324262987803,0.43896757370121975,0.8779351474024395,0.0,0.0,425.7370059950347,1.6196664579439197,0.804269426422654,0.0,0.20600273222306578,0.9999999629999999,0.6793542112646282,0.6978666521746905,0.2308726488313014,0.0014840317703115843,0.0008686906514295521,0.055189371626643946,8.13447144675209e-05,1327.7426552516458,13.266126259305283
10.465098184695542,1.2916215355929377,1.6143631516720656,1.4317536585591246,Si1,PU,combo_001,14.983442613118296,2.0851462129673277,gp,0.5648448959991583,0.4351551040008417,0.8703102080016833,0.0,0.0,353.85817276871427,1.0398004681673532,0.4671804857817827,0.0,0.24126997819718993,0.9999999629999999,0.6793137545780239,0.45874969366878277,0.21277774943593414,0.0015349195465172152,0.0010327197237725797,0.05527143620703811,8.626133144893567e-05,958.5381141295024,6.551221663447374
9.395678463312898,1.0910866213161494,2.4544352466893304,2.4881545596441477,Si1,Si1,combo_002,23.377900209442306,2.6780014605495315,gp,0.4518457504297828,0.5481542495702172,0.9036915008595656,0.0,0.0,344.34804673313914,0.9805850212391515,0.422581009596639,0.0,0.0853888792269932,0.9999999599999999,0.6793007216024511,0.4112596484482862,0.18700752821183775,-0.0004300122381891803,0.0006324179895382726,0.05534823771349181,5.8554718194097694e-05,897.5970756535766,5.563328151953097
15.090687233534997,1.1854089155973617,1.4575249467430618,0.6531813794025126,Si1,PU,combo_001,9.856955903332276,1.7277630665747952,gp,0.575378112824211,0.42462188717578897,0.8492437743515779,0.0,0.0,416.112010181695,2.158703158274231,0.7591312473960717,0.0,0.33847872866120016,0.9999999629999999,0.6791726740761849,0.6857285013852632,0.27248246039580526,0.00011349597243762958,0.0009268040092664374,0.0552042984130281,8.853201768542104e-05,1300.2883720541597,11.894831525091558
12.235904888724695,1.0271885256355304,2.4124683026893425,1.937991222189147,Si1,PU,combo_001,23.713076269889733,2.4780597589819164,gp,0.4369263180404914,0.5630736819595086,0.8738526360809828,0.0,0.0,388.25548834201595,1.1273113798324133,0.6284929911056476,0.0,0.22330319749017524,0.9999999629999999,0.6791298638294434,0.5708801015482033,0.2136118951118402,0.00028988036719510533,0.0008529278139793143,0.05520586165428038,7.614518641761794e-05,1115.103248741795,9.432863458658929
12.363105218689416,0.9966754767490952,2.4276762861725727,1.0368552156331634,Si1,Si1,combo_002,12.818750127419703,2.4196054199135215,gp,0.5778612040365658,0.4221387959634342,0.8442775919268684,0.0,0.0,379.5740951109284,2.2509067565753207,0.5877800090467993,0.0,0.36062766048483047,0.9999999599999999,0.6790411611066107,0.5690599304710867,0.27952321038717926,0.0005202398767292286,0.0011031056575651257,0.05521999154027423,8.327484561155691e-05,1080.5256171478459,10.681099129192173
15.915184842203475,0.8602017172364598,2.911588321264459,2.0940608424442106,Si1,Si1,combo_002,33.32736537831994,2.504553273837309,gp,0.42997680046772757,0.5700231995322724,0.8599536009354551,0.0,0.0,427.71091409496313,3.260226965018087,0.8135264296385002,0.0,0.2870446811658835,0.9999999599999999,0.6789862967633291,0.7313538776959383,0.309189891088282,0.0005123455921044771,0.0011102724520918954,0.05514628033797062,6.920830937669609e-05,1322.2228787240267,19.552530153705593
10.580949993293395,1.3746709622721984,1.4672590608303349,1.533591285034942,Si1,PU,combo_001,16.22685269710528,2.0169984250542385,gp,0.4375192833352628,0.5624807166647372,0.8750385666705256,0.0,0.0,352.4845376180707,0.8859073001192284,0.46073857239819216,0.0,0.2165749182738263,0.9999999629999999,0.6789769125453413,0.44999763583243607,0.20286724678319018,0.0018065745285788981,0.001015469399464394,0.05525781158714475,8.83875026202147e-05,954.8268269986245,7.813992020937879
10.54788827500618,1.0052705681047944,2.632261626197808,1.483255604560888,Si1,PU,combo_001,15.645214400184994,2.6461351403683206,gp,0.5590358048447115,0.4409641951552885,0.881928390310577,0.0,0.0,363.8550872304135,1.881278953085542,0.5140628453626787,0.0,0.1840966717500565,0.9999999629999999,0.6789351835488138,0.49554583272082736,0.2381371164343218,0.0012257904532129646,0.0009135378539903764,0.05524764576678385,6.9618722217571e-05,989.9819730034484,12.074266520963075
14.8969550858771,1.156418058329395,1.5647068225093261,1.6217276466488297,Si1,PU,combo_001,24.158803913652783,1.8094552255409924,gp,0.5673797456837804,0.43262025431621964,0.8652405086324393,0.0,0.0,421.1164579105852,1.1965714174684157,0.7826005207232088,0.0,0.2613319863700245,0.9999999629999999,0.6788530073739666,0.6833562902520041,0.22210935023614747,0.00122284296694595,0.001046749743811683,0.05518391660774583,8.371859786132928e-05,1297.0393384293284,11.8985516310426
13.748304671968732,1.001804977419874,2.3693011222474976,1.026962517277246,Si1,PU,combo_001,14.118993574219532,2.3735776572740366,gp,0.41844785636479287,0.5815521436352071,0.8368957127295857,0.0,0.0,404.1118961278876,1.9102827390473978,0.702854516787062,0.0,0.39317248147636724,0.9999999629999999,0.6787972528818135,0.648941775752179,0.2706681601090515,0.00024443843751307685,0.001118207333730669,0.055159877049542214,2.4295702083059045e-05,1228.7952078901083,10.188902225853386
12.79767244039337,1.2615516772131037,1.4883239490952418,0.531147613699578,Si1,Si1,combo_002,6.797453177623793,1.8775975742175322,gp,0.558002332630295,0.441997667369705,0.88399533473941,0.0,0.0,377.85126882986947,1.5366740202180063,0.579700499962924,0.0,0.17335886291436584,0.9999999599999999,0.6787952818938077,0.5364477476817269,0.22262912739400692,0.0005755682978369931,0.0008463969981355124,0.05520925910908844,2.894408681860193e-05,1091.7632189127783,9.64117736315129
9.043463698963894,1.3379275656642173,1.5903775464308865,1.142482776120514,Si1,Si1,combo_002,10.332001512537362,2.1278099591833066,gp,0.5631634826235512,0.4368365173764488,0.8736730347528976,0.0,0.0,323.7544601720446,1.0724116405902113,0.32600361725057797,0.0,0.22145293361970833,0.9999999599999999,0.6787854609040742,0.35831993860611194,0.21112034413353425,0.0008400423342888384,0.0010685295989588017,0.055387572984071445,7.72759052912995e-05,829.6266450350638,10.865211760077397
13.001781654052166,1.1533698552752096,1.8333753855400483,2.421916383932526,Si1,PU,combo_001,31.48922800826228,2.1145599030854574,gp,0.4305840798984093,0.5694159201015907,0.8611681597968186,0.0,0.0,398.62810883718385,1.0801426751329843,0.6771372928763335,0.0,0.2796696522653935,0.9999999629999999,0.6787676077616724,0.610024263471467,0.22016463155003865,0.0006257867271070579,0.001091948720695405,0.05529784170030148,3.681240707556622e-05,1177.8612807616992,8.401816013056656
15.983628628633932,0.9029391345983975,2.6353789425067475,2.2860111494236603,Si1,Si1,combo_002,36.53875325330438,2.3795867816858824,gp,0.42211144419499647,0.5778885558050035,0.8442228883899929,0.0,0.0,430.28591556128754,3.5189125724186825,0.8256023701827624,0.0,0.3582196640614872,0.9999999599999999,0.6786999770939484,0.7499052030478287,0.3302984789073355,0.0005212453321075904,0.0011715417498270669,0.05517050353135729,8.17145718888998e-05,1333.5862913147234,20.96204576548715
8.971601609488552,1.1031198880923707,2.3233110956275733,1.6947551220060137,Si1,Si1,combo_002,15.20466778027812,2.5628906758124517,gp,0.5775797046258901,0.42242029537410986,0.8448405907482197,0.0,0.0,334.53934528374083,1.7052821479202638,0.3765813093757189,0.0,0.35531384613746536,0.9999999599999999,0.6786970041316851,0.41440257613021747,0.25672204725775694,0.0017477793762020813,0.0009263793497784754,0.05540133128192306,7.491345174416063e-05,868.9581582844423,10.408137115315055
13.244558298381868,1.2997201279403248,1.4186957946301788,1.789613851871004,Si1,Si1,combo_002,23.70264499269725,1.8439074797051367,gp,0.42652779648051364,0.5734722035194864,0.8530555929610273,0.0,0.0,389.16403839536815,1.19907884511437,0.6327538028252729,0.0,0.3166391630072378,0.9999999599999999,0.6786537032742133,0.5840231965710457,0.23050654647529373,0.0007731282669701112,0.0010106812012819599,0.055263218218145733,3.4315221098747315e-05,1115.3546787190214,9.901821027646998
10.029861681494335,0.9975398209136137,2.908316911770879,2.3971803877133993,Si1,PU,combo_001,24.043387714356356,2.9011619313279566,gp,0.419413960241684,0.580586039758316,0.838827920483368,0.0,0.0,360.374807858372,1.8486966116659953,0.49774143843385593,0.0,0.382561567716803,0.9999999629999999,0.6785930579135684,0.5035919120016032,0.2665928616993036,-0.00045481558008009075,0.0007906721691470285,0.05538360363964536,3.675825372795878e-05,955.6821569274341,9.454992236786175
15.970207441994756,1.136196506011783,1.4918116449186105,0.9011914103761163,Si1,PU,combo_001,14.392213768650402,1.6949911785842158,gp,0.5829739513777099,0.4170260486222901,0.8340520972445802,0.0,0.0,430.3711090251179,2.393963220280008,0.8260019005199019,0.0,0.4047587260004544,0.9999999629999999,0.678581526152669,0.7418767094212434,0.29191208890050113,0.00027975250494748533,0.001117224116847277,0.05517968910065002,8.985536749437961e-05,1368.9615275296371,14.586112444035583
8.675862828526402,1.0642313064901197,2.7143331425587363,1.7769443459787415,Si1,PU,combo_001,15.416525399637122,2.888678306554716,gp,0.4319538113757915,0.5680461886242085,0.863907622751583,0.0,0.0,337.931259714862,2.117297970401887,0.3924883127452788,0.0,0.2648372419966946,0.9999999629999999,0.6785052131969489,0.4212372129849563,0.259766438222075,0.001568518211316682,0.0010251185378882712,0.05536890104892185,5.903240010474358e-05,873.578271168546,13.89220032253937
14.742825729318236,1.0213822007966025,2.158802650204438,1.4507617614489992,Si1,Si1,combo_002,21.38832782380135,2.2049626019513466,gp,0.41812232334683586,0.5818776766531641,0.8362446466936717,0.0,0.0,411.7578940402082,1.40908904178582,0.7387118230442634,0.0,0.3938688879243407,0.9999999599999999,0.6784972391502899,0.6683365962944501,0.25056035098726204,0.00015049632745455074,0.0008139012968750329,0.05514922714241721,5.399565704216699e-05,1259.5991379292743,12.223696699019087
8.160086141304385,1.4860084551545378,1.3005858670367023,1.2122211084355219,Si1,Si1,combo_002,9.891828667141342,1.9326815950710352,gp,0.5555683456612712,0.4444316543387288,0.8888633086774576,0.0,0.0,306.7543542763076,1.053215848255528,0.24627851001166098,0.0,0.14497486232373694,0.9999999599999999,0.6780693281590893,0.29464337558054204,0.19887450053858036,0.0008231455755644331,0.001145338188978896,0.05529038599918828,9.605402989012668e-05,756.9424083812328,8.456404237678768
10.08349494237154,1.5949319285228345,1.121748262101041,1.646266119663053,Si1,Si1,combo_002,16.600116091420016,1.7891121189899515,gp,0.4082043760757017,0.5917956239242983,0.8164087521514034,0.0,0.0,331.47788702166497,1.6612770400341004,0.3622240406770179,0.0,0.48236691616415334,0.9999999599999999,0.6779759114646862,0.41655075235126404,0.27400535833789963,0.0017341359889168424,0.0010584416351695262,0.055376533740153035,6.082392819753407e-05,857.4108676155532,12.472236932274612
9.044024565785264,1.473299868893648,1.3617479734518307,1.7851234220335894,Si1,Si1,combo_002,16.14470008183044,2.0062631107527733,gp,0.4135892678852713,0.5864107321147287,0.8271785357705426,0.0,0.0,322.7986751769187,1.2842154326308852,0.3215212886285623,0.0,0.4316517797058254,0.9999999599999999,0.6779174760667215,0.37864267270915536,0.2511918494009012,0.0018609673286322458,0.0009449033868964533,0.055384686556325446,7.832405132227147e-05,813.9121800368521,9.17381733126683
8.944564002050264,1.1095131499880229,2.4642051720276794,1.2656490476964066,Si1,PU,combo_001,11.320678911254475,2.7340680426332082,gp,0.43186323570486707,0.5681367642951329,0.8637264714097341,0.0,0.0,337.1429071350046,2.024703360923831,0.38879118907106863,0.0,0.26094561306137215,0.9999999629999999,0.6778983714268598,0.41719315510000177,0.2554485144136134,0.0009487909079654265,0.0011223064060944872,0.055402592165222184,7.518309518273631e-05,881.5317504091153,14.769943682020731
15.333737168803093,1.216131071995884,1.3551719813754974,1.9676859275119107,Si1,Si1,combo_002,30.171978843220174,1.6480667544489698,gp,0.5717038955667988,0.4282961044332012,0.8565922088664024,0.0,0.0,419.5093554071286,1.7530852615233763,0.7750637194692744,0.0,0.29385329148959277,0.9999999599999999,0.6778489799100254,0.6877450124123988,0.24943078044575473,0.0002633546258470647,0.0009529395417317182,0.05515464057121736,7.239194553680179e-05,1272.9553567202543,11.73539101084684
11.311287475596796,1.3048038570287857,1.5738446788647904,1.1838630786251678,Si1,PU,combo_001,13.391015614074325,2.053558607347009,gp,0.4352105550997436,0.5647894449002564,0.8704211101994872,0.0,0.0,363.81737259148593,1.2983216191510767,0.5138859756624886,0.0,0.22872406017984534,0.9999999629999999,0.6777728389865638,0.4931677185388584,0.22132156987693813,0.0012731105337244826,0.00067318446691206,0.0552016630672989,7.302704127574217e-05,1021.5735407145495,8.126006407843285
11.005898286111087,0.9809794641779053,2.6814613811597754,1.7177966245005034,Si1,Si1,combo_002,18.9058949254775,2.6304585489038623,gp,0.5734742226617016,0.42652577733829844,0.8530515546765969,0.0,0.0,364.2908985454621,1.974882864909903,0.5161066622683659,0.0,0.30973737852106936,0.9999999599999999,0.6777671240904213,0.5106191128963136,0.260758104875387,0.0018240188057837862,0.0009315692319555056,0.05523759008772158,9.308368150385573e-05,990.6335963326321,11.551837968413984
14.595537439967542,0.8903315643626424,2.7072730369261278,1.2548430345353607,Si1,PU,combo_001,18.31510849184334,2.410370638123241,gp,0.5723256063440942,0.42767439365590576,0.8553487873118115,0.0,0.0,417.32068257823573,1.9902497850984755,0.7647995377597862,0.0,0.29899469796370215,0.9999999629999999,0.6777642726150825,0.6838069211702468,0.25976642439164727,-0.0009602129934307826,0.0009996347981969123,0.055159710515708976,8.984736479593606e-06,1287.679973245014,11.653599892047197
10.783440145822912,1.4500699237452328,1.2546356134440448,2.130924431439732,Si1,PU,combo_001,22.97869606170207,1.8193093683148596,gp,0.5577315100721165,0.4422684899278835,0.884536979855767,0.0,0.0,355.81518442673547,1.0741205678046155,0.4763582500416321,0.0,0.1627363484729616,0.9999999629999999,0.677758279233718,0.45771621421966124,0.20238177487222345,0.0004063233560945784,0.0010043593332662863,0.055250161684075906,9.545774726555783e-05,956.755214137575,11.007004599408743
9.584441252288556,1.1509407028270777,2.212232311849476,1.5421953217907236,Si1,Si1,combo_002,14.781080461257435,2.5461482118168073,gp,0.425116140762583,0.574883859237417,0.850232281525166,0.0,0.0,339.86695555731075,1.5145517619593056,0.4015661125876816,0.0,0.3225492722825115,0.9999999599999999,0.6777229638749538,0.4264178168333942,0.24411553662055768,0.0015898222659200844,0.0008998135695044904,0.05533641918464032,7.976586331219003e-05,892.4936350738092,10.027357587607082
11.62721670974681,1.1573231575172758,1.9837635001579024,0.5396332663772818,Si1,PU,combo_001,6.2744329319571825,2.2958554377702662,gp,0.41918867573178886,0.5808113242682111,0.8383773514635777,0.0,0.0,369.00377896557137,2.312476913583369,0.5382085773506493,0.0,0.37721552298506145,0.9999999629999999,0.6776388293702363,0.5367281483447899,0.28449440750066124,0.0008649419439027937,0.001028055419308934,0.05518276091248291,7.115990130748995e-05,1058.731027374582,12.93787327130279
10.456491716775801,1.3044128007379525,1.5867587618614936,1.9428672275018664,Si1,PU,combo_001,20.315575071168432,2.0697884406552367,gp,0.5504585218720024,0.4495414781279976,0.8990829562559952,0.0,0.0,356.1793548861771,0.682163868718739,0.47806609404626926,0.0,0.09350643563979555,0.9999999629999999,0.6775855030290316,0.44747244756943594,0.17619035635170682,0.001345302321684255,0.000644969181361089,0.05527317253947197,8.654147169381973e-05,959.5168306163463,5.821287271511793
14.569089697341926,1.2809564315816462,1.2831945915620606,0.8651819903158007,Si1,Si1,combo_002,12.604914021435714,1.643716365032205,gp,0.5579459709151564,0.4420540290848436,0.8841080581696872,0.0,0.0,402.30673654299886,1.2930305987394668,0.6943888906097156,0.0,0.1621746658253219,0.9999999599999999,0.6774299006935278,0.6128038542248001,0.21112578262793297,-1.9573870790094922e-05,0.0009207078709812861,0.055196546726070904,5.851889359507129e-05,1210.0452478590805,8.127656925238258
15.343413188151445,1.2654718539228842,1.2302638639197747,2.398893738419114,Si1,Si1,combo_002,36.80721782303375,1.5568642926888883,gp,0.5802143840531357,0.41978561594686425,0.8395712318937285,0.0,0.0,420.29815070207474,2.410985425777624,0.7787629193369001,0.0,0.3695429098561637,0.9999999599999999,0.6773696548459709,0.7054839766575332,0.2873161919547279,0.0004339382036132722,0.0010421851959338724,0.05515107639930163,7.2107798666671e-05,1252.6647343573466,12.997152529928847
11.448512945304095,1.3673599864679828,1.3714969939161878,0.9295098138387676,Si1,PU,combo_001,10.641505136520331,1.8753301110421177,gp,0.559964671751672,0.44003532824832803,0.8800706564966561,0.0,0.0,361.94419745891395,1.4937255327294992,0.5051013781289507,0.0,0.17931006595215412,0.9999999629999999,0.6772113756514104,0.48432861506974095,0.22178977053773333,0.0003685313459007975,0.0009623959488879814,0.055191519576526786,6.863414041907426e-05,1015.4636402071059,9.476325323925852
11.419089591901965,1.2743309415188637,1.6340828168900348,1.357765168488879,Si1,Si1,combo_002,15.504442103738375,2.082362294567275,gp,0.4370935952449315,0.5629064047550685,0.874187190489863,0.0,0.0,361.75425105848007,1.0630850532251104,0.504210589728154,0.0,0.2059008733984482,0.9999999599999999,0.6771005159070755,0.48140214902159967,0.208411410061932,0.001473263705341922,0.0008777780511064586,0.055187240321168174,5.9005132415614676e-05,999.4155881832428,8.42436031330115
13.49104792928108,0.8993104742314255,2.8109378330394907,0.844979649309056,Si1,Si1,combo_002,11.399660948095594,2.5279058356658,gp,0.5752805790674245,0.42471942093257553,0.8494388418651511,0.0,0.0,392.9768247466057,2.7134573637587684,0.650634562074409,0.0,0.32108986817833507,0.9999999599999999,0.677061661292444,0.6144340129490212,0.2922464026036054,0.00041112379700269247,0.0010959035230817967,0.0551499663831165,3.9404638493104854e-05,1155.2723815725478,12.233587048636215
11.738561347785781,0.9747931504163694,2.615297113134186,1.4360215549976743,Si1,Si1,combo_002,16.856827120082933,2.549373712186909,gp,0.5834185015351068,0.41658149846489323,0.8331629969297865,0.0,0.0,373.02542125464265,2.0575801285459665,0.5570688047362429,0.0,0.3970404880624336,0.9999999599999999,0.6770612355749053,0.5489757912161365,0.27718860804019607,0.0006850613350256042,0.0009000736315397796,0.055186538641538864,7.731737812233026e-05,1036.8392994262092,11.02537630884528
10.829689675311688,0.9845934024056753,2.8566148165200973,1.1759906474557038,Si1,Si1,combo_002,12.735613773014142,2.8126041015599865,gp,0.4257773786769121,0.5742226213230879,0.8515547573538242,0.0,0.0,357.6337379157706,2.5229644603544554,0.4848866893832594,0.0,0.31024629396531556,0.9999999599999999,0.6769374872014491,0.4951312168437114,0.2829376191709414,0.0007233803511673166,0.0010566977983717176,0.05524087556626681,8.85580224605472e-05,972.1346545669556,14.236638625927172
13.797765236985967,0.881913485546546,2.898621448400627,1.922382251230815,Si1,PU,combo_001,26.524578998231362,2.5563333448389747,gp,0.5605749553862012,0.43942504461379883,0.8788500892275977,0.0,0.0,409.7037966633244,1.4189340787546232,0.7290787575412829,0.0,0.1814706423192361,0.9999999629999999,0.6767584666136708,0.6404670642414906,0.2190976478052268,0.0006493292769755363,0.0008533636837713542,0.055167550401991214,3.411728012934116e-05,1227.2726799982267,7.552997808774183
13.984457221334758,0.8987647851734948,2.8917694478789997,2.2014157152057128,Si1,Si1,combo_002,30.78560389566835,2.599020546594245,gp,0.4447974290235521,0.5552025709764479,0.8895948580471043,0.0,0.0,404.3400421688272,1.2385126218268827,0.7039244493916941,0.0,0.1303573763910812,0.9999999599999999,0.6766340731393319,0.6156688406752407,0.20415457407547594,0.0001008344121340779,0.0008929446348092947,0.05526383050929228,6.088545907918195e-05,1190.4289242016796,6.315016789344156
10.302757666221861,1.1869019843541833,2.0107885415826074,0.773370881117902,Si1,PU,combo_001,7.96785277427022,2.386608910121051,gp,0.431999486525001,0.568000513474999,0.863998973050002,0.0,0.0,350.5587745311328,2.0123088229874098,0.4517073540302307,0.0,0.24850389402139944,0.9999999629999999,0.6764674136388399,0.4598474843399488,0.2530824064114756,0.0008043944636697633,0.0010209532006305105,0.05530639551233226,7.839747764639068e-05,954.117244375122,12.280430363149588
12.682417120314788,1.3363672549955532,1.3324245565676625,1.4785513676876896,Si1,PU,combo_001,18.7516051788272,1.7806085471489943,gp,0.5625058704338244,0.4374941295661756,0.8749882591323512,0.0,0.0,384.24210795384,0.8603244111567737,0.6096715094160464,0.0,0.1969212320102787,0.9999999629999999,0.6764290678438508,0.5519905478634926,0.19888748045085475,0.002162108141705572,0.0008618086315002656,0.05520595482975505,6.399693934503367e-05,1104.5902685142785,5.641327718019949
9.289089736502202,1.1416470661271572,2.2837865883797672,1.8719454729370493,Si1,PU,combo_001,17.388669479951304,2.607278258284311,gp,0.4284599146293715,0.5715400853706285,0.856919829258743,0.0,0.0,344.8332594968096,1.3308961938706205,0.42485650363500377,0.0,0.28099020816258524,0.9999999629999999,0.6763969946281478,0.4364490388929029,0.23047516798688372,0.0018949322889975275,0.0008434756767494756,0.0553688215789623,4.317614532622672e-05,901.250014404022,12.545887955671631
10.200073957902159,0.9829380486251058,2.979610163486681,1.456693674372218,Si1,Si1,combo_002,14.858383212604869,2.9287721997611307,gp,0.4140882941340749,0.5859117058659251,0.8281765882681498,0.0,0.0,350.4779420414695,2.3463653431460516,0.4513282752794086,0.0,0.41506580434910284,0.9999999599999999,0.6763893682511295,0.4800874394147549,0.2915386106472706,0.0010312085077917245,0.0009475302796502993,0.05532760736851447,5.524261199490198e-05,936.2958352585582,14.475619081055513
8.3841620128995,1.0601493716197616,2.8125498313851884,0.547063030391987,Si1,PU,combo_001,4.586665078074182,2.981722936392274,gp,0.41894553486304176,0.5810544651369582,0.8378910697260835,0.0,0.0,325.5799059023539,3.7122206876748858,0.33456437901878705,0.0,0.3689205358015076,0.9999999629999999,0.6762854713002181,0.4094760623915333,0.33969939001403676,0.001247925120512122,0.001061508601788846,0.05531035214349459,6.85291230197718e-05,849.5258873106992,19.596354597547435
11.178827004782324,1.5497869737399976,1.114944267311249,1.2176710143452607,Si1,PU,combo_001,13.612133618103485,1.7279261019250596,gp,0.45815863822322456,0.5418413617767754,0.9163172764464491,0.0,0.0,351.56253498969414,1.5491498824408296,0.45641467236646843,0.0,0.0029000122318342575,0.9999999629999999,0.6762814283963108,0.43324553497112417,0.19756343005472005,0.0013647166043884878,0.0009037687909988177,0.055225642876893334,9.112835810667527e-05,954.6795165299496,13.446372926231486
8.527656047288303,1.07468214058244,2.6694713029376347,2.095686624266687,Si1,Si1,combo_002,17.871294714649025,2.8688331340644124,gp,0.432673705556482,0.567326294443518,0.865347411112964,0.0,0.0,330.8961545307975,1.8210127404698597,0.35949589971700185,0.0,0.24018600667675957,0.9999999599999999,0.6762079745510956,0.3922634949671775,0.24412008474311483,0.0009193053533976781,0.0010737675539778677,0.055332829283098586,5.4412564726109754e-05,851.745598120639,11.075453703213276
9.03002178566955,1.5779664746564477,1.105302508481268,1.886262729009987,Si1,PU,combo_001,17.032993536456683,1.744130302737115,gp,0.5799038186704877,0.4200961813295123,0.8401923626590246,0.0,0.0,324.32057301958525,1.8151655319426918,0.3286585070351659,0.0,0.3571199334206536,0.9999999629999999,0.6761495199193405,0.3823033394229518,0.2614243664600441,0.0016567378990359708,0.0009408421450980432,0.05538008057945117,7.990647393175733e-05,811.7257103103246,16.3696387520859
15.518369345251234,0.9250823273560244,2.5499610401209014,1.747645585084622,Si1,Si1,combo_002,27.120609673940855,2.358923893662232,gp,0.42861055993347463,0.5713894400665254,0.8572211198669493,0.0,0.0,422.40048370110776,1.984462482284735,0.7886221946159943,0.0,0.2764967153413881,0.9999999599999999,0.6760014685920901,0.698166299021224,0.2561583346968206,0.0016732964195424922,0.0008832512965388077,0.0550952169994755,4.681860787103755e-05,1302.8313179143643,15.976591688598294
15.38649092527588,1.1271132896266958,1.584023419519313,0.798206123214058,Si1,PU,combo_001,12.281591271332744,1.7853738472201406,gp,0.5805352711061005,0.4194647288938995,0.838929457787799,0.0,0.0,422.5805771738186,2.235030192918655,0.7894667759093673,0.0,0.36026944514102227,0.9999999629999999,0.6757979893994965,0.7100219105593443,0.2788292043515503,9.832180721706073e-05,0.0009804753357898943,0.05513215565426269,6.097922323517979e-05,1337.7434063944675,13.858745400880695
15.359775019109389,1.0912761365196504,1.7037802912553797,1.5702802026529077,Si1,PU,combo_001,24.11915062971016,1.8592947737194954,gp,0.5755431791582453,0.42445682084175473,0.8489136416835095,0.0,0.0,428.29880012579355,1.5900696508041798,0.8162834287501333,0.0,0.31335084544653186,0.9999999629999999,0.6757562597225969,0.716670240061153,0.2457812780869029,0.0009452399751896705,0.0010091838417118258,0.05514589396314732,6.573366882318538e-05,1345.2042002662724,14.087895587430395
14.704346574869849,1.1073286701544505,1.7209940083221529,0.5522454966127219,Si1,PU,combo_001,8.120409176604577,1.905706006579147,gp,0.5749019692821378,0.42509803071786223,0.8501960614357245,0.0,0.0,412.53831364869416,2.464249164558304,0.74237174359767,0.0,0.3071558168669705,0.9999999629999999,0.67572930567558,0.6743851686114591,0.28010616235242103,0.0003812826064735829,0.0010483210422016765,0.05516151350473389,5.544943922534908e-05,1299.7339586782514,12.994339336203014
12.593901317836838,1.037306464437789,2.328284299887005,1.29060319622843,Si1,Si1,combo_002,16.25372929378566,2.415144355321802,gp,0.42358817248822334,0.5764118275117767,0.8471763449764467,0.0,0.0,382.8986096010874,1.702864565171522,0.6033709280605287,0.0,0.32104216531465246,0.9999999599999999,0.675702958646063,0.5697002848686726,0.25148379822912825,0.00013215129006934696,0.0007576628313022394,0.05521438641303441,7.14847265436579e-05,1095.3667863118687,8.988939547389162
13.903543446688108,1.4048840531112678,1.1013642602796183,1.3648636310758446,Si1,PU,combo_001,18.976440793467496,1.5472890859335235,gp,0.5468863775373336,0.4531136224626664,0.9062272449253328,0.0,0.0,397.0936342163129,0.6417530149215472,0.66994109336707,0.0,0.043570938634040816,0.9999999629999999,0.6754595101121557,0.5763257689902402,0.16707033238971122,0.002102324530268161,0.0005559900608098566,0.05533140788930374,4.244897218676372e-05,1143.951141823571,4.850689160929825
9.812158126915808,1.3426817894829268,1.5240051805229173,1.798215437561769,Si1,Si1,combo_002,17.644374219617177,2.0462540029657617,gp,0.5745856462527001,0.42541435374729986,0.8508287074945997,0.0,0.0,338.9663311733525,1.2053368006944476,0.3973424697449003,0.0,0.30195888981819025,0.9999999599999999,0.6754417596673701,0.41783934251260046,0.22855687795545798,0.0021438219855476354,0.0006846586412076006,0.055377645925170936,6.80066053345088e-05,881.6730859749083,10.888897010833023
9.276414521393285,1.0215583540662205,2.8883491778905745,1.0559719299275332,Si1,PU,combo_001,9.795633344963461,2.9506172321344164,gp,0.42176396593811205,0.578236034061888,0.8435279318762241,0.0,0.0,342.28887135236573,2.420470721471468,0.4129241298652566,0.0,0.3360019201090422,0.9999999629999999,0.6754382683841312,0.44615201834385015,0.28266756941178867,0.0008061487593190837,0.0011539047690369464,0.05537539824031745,1.433800320805031e-05,902.7133415137307,11.179856173397583
13.147163059704983,1.0562866018336017,2.164016798620747,2.416822630885247,Si1,Si1,combo_002,31.77436121463353,2.2858219505259383,gp,0.43097234850253585,0.5690276514974641,0.8619446970050717,0.0,0.0,394.9986391341215,1.0173999125331217,0.66011623059168,0.0,0.24920952786531325,0.9999999599999999,0.6753296990525319,0.5943405624375129,0.21306530600861628,0.0005229211857800671,0.0011032005455937834,0.05531974780445486,3.125730568114159e-05,1145.0450205878349,9.035427552892497
11.581631444072835,1.0380360440115108,2.4660483360796457,1.1431719991222402,Si1,PU,combo_001,13.23979677101774,2.559847059125284,gp,0.42544640913615694,0.5745535908638431,0.8508928182723139,0.0,0.0,375.057057739671,2.0262762463323196,0.5665965357770241,0.0,0.300421018038961,0.9999999629999999,0.6752830757760533,0.54562256164376,0.26143325689165875,0.000721417301157624,0.0009692984737366718,0.0551791895267115,5.833567334770312e-05,1058.6520495477773,12.093746171630293
14.205744938215311,1.0649865392125915,2.016537677597496,2.051751968675168,Si1,Si1,combo_002,29.146665143480565,2.147585482456354,gp,0.4338182588368227,0.5661817411631773,0.8676365176736454,0.0,0.0,407.7249515228998,1.2333704366806122,0.7197986011706616,0.0,0.22221434936830303,0.9999999599999999,0.675274184170757,0.6359071941100753,0.21772574464348227,-0.00016785680313299845,0.000732028611691194,0.05531952170359731,3.9643470604112e-05,1224.561933134428,10.902507351530467
13.082790480331532,1.4307903201823544,1.1665328256089085,2.4355420634925977,Si1,PU,combo_001,31.863686522707972,1.6690638750561968,gp,0.4448733517757404,0.5551266482242596,0.8897467035514808,0.0,0.0,390.054228848089,1.440714893950496,0.6369285138383394,0.0,0.11842435641657,0.9999999629999999,0.6751961514825785,0.5699082314517699,0.21051908729394944,0.0008042162185285537,0.0010543933286569324,0.05528154207528559,3.5460713623223003e-05,1096.2237925586128,9.19427339551502
11.663720286971767,0.9639344008519637,2.892410322221752,0.7558897804253122,Si1,PU,combo_001,8.816486966661348,2.7880938109688596,gp,0.4083452386344959,0.5916547613655041,0.8166904772689918,0.0,0.0,373.993246129625,2.859284168729041,0.5616075965778754,0.0,0.45898916293097897,0.9999999629999999,0.6751494886777486,0.5675853358133701,0.318812238544805,0.0007537174449438134,0.0011206925505609516,0.05518752032052343,7.186302957619208e-05,1057.626058474872,13.575818610990831
15.798518470748217,0.8163021703460542,2.9747646338370366,1.96813270476899,Si1,Si1,combo_002,31.093580889176536,2.4283068268698584,gp,0.5714716350028652,0.42852836499713476,0.8570567299942695,0.0,0.0,427.113378662773,3.155243438287494,0.8107241778935651,0.0,0.2705386274647196,0.9999999599999999,0.6751399200774799,0.7265320381209659,0.30248018009120226,0.000699962714056966,0.0010857388244864341,0.05510943219114239,5.505224851998066e-05,1319.2400786027374,18.807147240240884
12.050713335977074,1.1327450608366267,2.011302383948955,1.4940289003180047,Si1,PU,combo_001,18.004113993397343,2.2782928412671115,gp,0.4205428302464611,0.5794571697535389,0.8410856604929222,0.0,0.0,381.8928639982215,1.3342505243223914,0.5986543000268375,0.0,0.344672140629341,0.9999999629999999,0.6750889154748637,0.5645143394167055,0.2401627321668493,0.0014692083570261574,0.0009250165884830332,0.055168372519953844,3.630466882874773e-05,1101.233278327547,9.622685747431314
12.328340825293402,1.470678126003203,1.104209073707845,2.452364462252289,Si1,PU,combo_001,30.233584918483597,1.623936131236386,gp,0.5682669060568912,0.43173309394310877,0.8634661878862175,0.0,0.0,378.3154897303027,1.3588085357680209,0.5818775488175943,0.0,0.23957241172866378,0.9999999629999999,0.6750047150617451,0.5425436069276047,0.22538815469777762,0.0009928690738497644,0.0010914562469996403,0.05520690681085291,8.579968692689817e-05,1042.2214600748969,11.346600855187006
15.070509685855718,0.9629899927908432,2.3986005754275435,1.6453416994858492,Si1,PU,combo_001,24.7961380186438,2.3098283508390822,gp,0.4286409501798971,0.5713590498201029,0.8572819003597942,0.0,0.0,424.6891742559702,1.5411729255633753,0.7993554277524337,0.0,0.2684268132235362,0.9999999629999999,0.6750039967722652,0.6997648304720534,0.2370707534140173,0.0016012672855096918,0.0008588951979908677,0.05520555412447914,7.91983412522173e-05,1325.911586018134,13.5114289918874
10.032135020063542,1.1517367368325464,2.160412735036018,1.0901004503653913,Si1,Si1,combo_002,10.936034903497681,2.48822671366186,gp,0.42805012938228515,0.5719498706177149,0.8561002587645703,0.0,0.0,343.1860264463202,1.8754952306702926,0.41713150283776257,0.0,0.27315251838580357,0.9999999599999999,0.6749029685742871,0.43653283518546393,0.25126224551944487,0.0008667230636678936,0.0010531391465128086,0.05540237908008,2.403266925041708e-05,915.0711898653003,10.805737790991444
8.579607767953245,1.0603045464368765,2.5537901538564647,2.2145291766176487,Si1,Si1,combo_002,18.999791726067883,2.70779531077974,gp,0.5625518184412073,0.4374481815587927,0.8748963631175855,0.0,0.0,333.5442518346881,1.759715602780868,0.37191463656644147,0.0,0.18419818562628515,0.9999999599999999,0.674744221403091,0.3946515409726193,0.23324990469112877,0.00037390033159626546,0.0010557151905929187,0.055351419116694896,5.8068774206483564e-05,858.8044081306542,9.823859178519172
8.733473581722178,1.212381262489447,2.0823481220820828,1.3699800770892654,Si1,Si1,combo_002,11.964684810744812,2.5245998451924048,gp,0.41726986408596645,0.5827301359140336,0.8345397281719329,0.0,0.0,325.1103815093057,1.6772338052656306,0.3323624584650778,0.0,0.37056239643876066,0.9999999599999999,0.6744922672216371,0.38465105242293984,0.2578781889530969,0.001089266528939997,0.0011255489260344055,0.05539926467700291,5.495002206316707e-05,835.1819997230198,13.3515848175293
9.270065167697997,1.0716319864256452,2.615871889703785,1.2937444829254336,Si1,Si1,combo_002,11.993095667068518,2.8032519893982735,gp,0.4169071357785299,0.5830928642214701,0.8338142715570598,0.0,0.0,335.6669767678581,2.1634556337205404,0.3818695435519408,0.0,0.3727250447105053,0.9999999599999999,0.6743356162838983,0.4251246997320294,0.277811066417747,0.0009522725759861557,0.0011069207343761326,0.05537560155874452,2.7456154830995924e-05,884.0195542966849,9.660706670426029
11.396565585478095,0.9856527880897528,2.754618434155721,2.0841668305900156,Si1,PU,combo_001,23.752343975897126,2.7150973397490152,gp,0.4332561856235486,0.5667438143764514,0.8665123712470972,0.0,0.0,377.5000424143125,1.5177634266425204,0.5780533594205558,0.0,0.21956327944142187,0.9999999629999999,0.6742625146974577,0.5396972965888034,0.22879715899216593,6.688102933868401e-05,0.0009479745449064769,0.05517902326320602,2.6996205078614742e-05,1047.3537978219554,10.20820891442395
9.471946194099395,0.9585358317949872,2.952155514089629,2.220541200705522,Si1,PU,combo_001,21.032846774863568,2.8297468412860605,gp,0.5876898516760889,0.4123101483239111,0.8246202966478222,0.0,0.0,354.1524542751824,2.1512442186619016,0.4685605727533282,0.0,0.41445990561682805,0.9999999629999999,0.6741856862851182,0.48984120224387595,0.28357883088454616,0.00013483033559846022,0.0010727984172373617,0.055334602242655,6.86881854548725e-05,928.7432759521934,10.515603372210256
11.68143196363862,1.403781574906988,1.3342321182037,0.7423625906782605,Si1,PU,combo_001,8.671858095358605,1.8729704641834766,gp,0.42821211130319625,0.5717878886968037,0.8564242226063925,0.0,0.0,362.2088226393205,1.5746346731476333,0.5063423863329831,0.0,0.2657348921942251,0.9999999629999999,0.6741463969428304,0.49477206767559845,0.238016419309941,0.00024894945503308965,0.0008324454365362313,0.0551874366928586,8.086595423746574e-05,1022.4927520924007,10.10315581331894
10.985352407510181,1.0469003259243133,2.359488009208315,1.5659891127525376,Si1,Si1,combo_002,17.20294226991082,2.470148765854694,gp,0.5783078179091774,0.4216921820908226,0.8433843641816452,0.0,0.0,362.6513461524366,1.8261200004986322,0.5084176813196908,0.0,0.32637178943313255,0.9999999599999999,0.6741187542785503,0.5051861680530869,0.2572539190659353,0.0016983346029028103,0.0008522488926252044,0.05523891025184069,9.410586731804932e-05,987.5892594143801,9.97465653796587
12.86324249045137,0.9724433060640406,2.4999413951435847,2.0098142102929533,Si1,PU,combo_001,25.852727547753283,2.4310512752597777,gp,0.5640593672008549,0.4359406327991451,0.8718812655982902,0.0,0.0,398.25647401108574,0.9175138556295697,0.675394443358448,0.0,0.1929996953997585,0.9999999629999999,0.6740692344865312,0.5982634053264551,0.2006056007344435,-0.0002487912489339177,0.0006738591425573149,0.05522869347119233,3.428017354077441e-05,1166.3990448800757,7.985443743841932
11.245206278776243,0.9976469603474527,2.5607560745814126,1.519788199798708,Si1,Si1,combo_002,17.090331806786473,2.5547305139974212,gp,0.5810239558703358,0.41897604412966416,0.8379520882593283,0.0,0.0,366.5354864716797,2.0137046231369213,0.5266330680579763,0.0,0.3509399985109297,0.9999999599999999,0.6740185220574677,0.5225551772200592,0.2685041118259794,0.0013248631002572972,0.0009166360317804617,0.05520711525932975,7.45053329773253e-05,1004.7490274371838,11.044360290361194
9.286299257114921,0.990501478915995,2.8087198544008007,2.105091835444915,Si1,PU,combo_001,19.548512747650797,2.7820411696447116,gp,0.5823907372326005,0.4176092627673995,0.835218525534799,0.0,0.0,350.58684010851,1.9948845566256819,0.4518389726907167,0.0,0.3636907352583205,0.9999999629999999,0.6740177679828306,0.47125753285716443,0.2696577422561555,0.000690138333436218,0.0011022974831543426,0.05537218324052789,2.9451598462108005e-05,917.3444000429477,10.756323058340755
15.645494412741739,0.9645082139103114,2.3406651472284525,1.344598553095386,Si1,PU,combo_001,21.036909149834486,2.2575907605154306,gp,0.42110212280752535,0.5788978771924747,0.8422042456150507,0.0,0.0,429.92600526768575,2.142966305083625,0.8239145050053467,0.0,0.3303464208504929,0.9999999629999999,0.6739224197697611,0.7300822252438036,0.2706279743201151,-0.0009139251712596644,0.0009245025564681802,0.05508029990800171,4.8327909242013013e-05,1365.540520662922,17.36251316510374
10.761255116764142,1.2401923796922674,1.7166522844580303,0.7472824475202194,Si1,PU,combo_001,8.041697062044992,2.128979081766172,gp,0.5851236955898287,0.4148763044101713,0.8297526088203426,0.0,0.0,355.6693684695171,1.9375808014931888,0.47567441942918315,0.0,0.3882472336041205,0.9999999629999999,0.6738959240178145,0.48973772091577084,0.2710302562828753,0.0006415207613927624,0.0009926618607351903,0.0552475874220098,9.231051458567472e-05,984.6230631969447,10.691445732818583
8.824472150490015,1.418804910127648,1.475667412911807,0.5100222839754214,Si1,Si1,combo_002,4.500677441070416,2.0936841711546355,gp,0.4468919174507846,0.5531080825492154,0.8937838349015692,0.0,0.0,312.6443433844007,1.1020805772842392,0.27390069167092523,0.0,0.0894313139273425,0.9999999599999999,0.673895471250527,0.3089875848989253,0.1925135977670032,0.0010879122215086611,0.0011003531654251854,0.055420284663713584,4.415790193792415e-05,801.1704766526955,10.529695939553402
8.833742145187003,1.227657979242783,1.9106862239502758,0.8001204863610855,Si1,Si1,combo_002,7.068058061595443,2.345669188661819,gp,0.562675017151463,0.43732498284853705,0.8746499656970741,0.0,0.0,322.4261030152464,1.961288966097978,0.31977404330398984,0.0,0.17791771731905415,0.9999999599999999,0.6737923471052776,0.3598476797058668,0.24043693741194797,0.000789898952326975,0.0009632200865448208,0.055413751239300396,5.663216823583975e-05,833.2248441169781,14.961486521429682
14.879076140498068,0.9160493056569317,2.6695598940477474,2.185902501262027,Si1,PU,combo_001,32.52420975198287,2.445448487352031,gp,0.44189382616724515,0.5581061738327548,0.8837876523344903,0.0,0.0,424.3930732568201,2.1129579086415675,0.7979668079370295,0.0,0.13263256198257475,0.9999999629999999,0.6734538104051961,0.6918016838639791,0.2397607090816895,0.00029895356630305135,0.001035249960164402,0.055160680846321364,6.939796604097483e-05,1306.7833364479552,12.593963002381296
9.545696847693211,1.5685294109358183,1.178805023423271,2.1793769743152254,Si1,PU,combo_001,20.803671913656014,1.8489903489982868,gp,0.42652354684406646,0.5734764531559335,0.8530470936881329,0.0,0.0,333.30406382848525,1.677151617454373,0.370788230962296,0.0,0.2760048494957626,0.9999999629999999,0.6734430939147196,0.40209239177914835,0.24369124287024146,0.0006740705211954009,0.0010487429425863678,0.05533216360294448,8.875122831438068e-05,849.8399755457646,15.014830256393669
12.960663193522798,1.3620696296358015,1.3059929479665975,1.7184132287265805,Si1,PU,combo_001,22.271775084819264,1.778853330943832,gp,0.43982506919279274,0.5601749308072073,0.8796501383855855,0.0,0.0,387.8853806729391,0.7160901469054178,0.626757303470049,0.0,0.15165963460618495,0.9999999629999999,0.6734177706791952,0.5577625248516193,0.1862815239578104,0.0012826859111506924,0.0010718496974268018,0.055261818584192914,3.791045456643221e-05,1114.6466907914066,5.816213970743577
14.023551013199246,0.9717665906696047,2.485667167026448,1.130566945583053,Si1,Si1,combo_002,15.854563235220798,2.415488308440666,gp,0.4170190815320325,0.5829809184679675,0.834038163064065,0.0,0.0,400.7683758025639,1.7859482279212122,0.6871744664316833,0.0,0.36367656171195123,0.9999999599999999,0.6733102941723592,0.6335835212360534,0.26122957722617274,-0.00017296465465894864,0.0010827934041437934,0.05529110614391717,5.822807958820258e-05,1195.019632153495,10.030238143917796
13.452992577327338,1.1004842102697006,1.8902192461432423,2.0473552814528153,Si1,PU,combo_001,27.54305540453665,2.0801564343285346,gp,0.5524724232643621,0.4475275767356379,0.8950551534712758,0.0,0.0,405.36278708334254,0.5270475189001859,0.7087207988078609,0.0,0.07867200064358268,0.9999999629999999,0.6732771654114938,0.6056599909867934,0.1677096186458011,-0.00046712125085861267,0.000650781590646891,0.05518241518851746,4.420804016307562e-05,1218.4015003711406,6.307317555275229
12.039601371458144,1.0060847499758307,2.561204118534559,1.226511960800876,Si1,PU,combo_001,14.766715085368045,2.57678840523291,gp,0.42872232997362403,0.571277670026376,0.8574446599472481,0.0,0.0,382.2511041219334,1.9834089584180372,0.6003343326369505,0.0,0.253925453948394,0.9999999629999999,0.6732435779893795,0.5640955307153901,0.25273015915365776,0.0003710573980833787,0.0008707015738676286,0.0551817176712188,5.505974086888428e-05,1093.3522676566643,10.720131526245034
15.035123275287688,0.9534852274029524,2.2719324779782872,2.3530205694875743,Si1,Si1,combo_002,35.37795433153332,2.16625405540928,gp,0.5829499411377697,0.41705005886223034,0.8341001177244607,0.0,0.0,421.23225281268697,2.391674458582699,0.7831435621045039,0.0,0.36281160779475374,0.9999999599999999,0.6732365262021209,0.7076547884737874,0.28552771894327067,0.00047713786923157895,0.0011444804495060433,0.05519934926744092,8.264055317333763e-05,1285.2353181414026,14.393411923442546
12.302043485776679,0.9147268321503437,2.9131865614856336,2.1533493297575492,Si1,PU,combo_001,26.490597094745436,2.664769914850706,gp,0.5547176391318089,0.44528236086819106,0.8905647217363821,0.0,0.0,390.74545260409826,1.3362464685614845,0.6401701341207016,0.0,0.09924834060579465,0.9999999629999999,0.6732286119227059,0.5690560412680109,0.2034296551211605,-0.00024056910283738481,0.0005667925764434683,0.05522145304457963,8.110193451878357e-05,1116.1947595845495,7.32713250694595
13.553902610950734,1.3103705433106554,1.3064048583416645,0.8480946094694988,Si1,PU,combo_001,11.494991741621883,1.7118744440088467,gp,0.576874098313084,0.423125901686916,0.846251803373832,0.0,0.0,393.32530562173446,1.2860569381742915,0.6522688269025663,0.0,0.30568087457629467,0.9999999629999999,0.6731823545008048,0.597590077777719,0.23237047879547018,-0.00020521611603590791,0.0006108311053121937,0.05519028413959705,4.578931379052068e-05,1159.866320236634,7.751180043397806
15.539671370873847,1.1279900222369041,1.6970707802201235,1.72729455791395,Si1,PU,combo_001,26.84158979068161,1.9142789071180975,gp,0.4215921190626659,0.5784078809373341,0.8431842381253318,0.0,0.0,429.4552245934124,1.634394031414609,0.8217066928909609,0.0,0.31871560914923797,0.9999999629999999,0.6730183048889765,0.7215137227977846,0.2483735177795442,0.0010521180034389274,0.00107739868924503,0.05507264269618989,1.6141810971036788e-05,1349.635937886555,14.201215137423556
9.022971702640081,1.2774680916369447,1.7511537148109588,2.1295815545604784,Si1,PU,combo_001,19.21515410526347,2.2370429942225023,gp,0.5596822943237783,0.44031770567622175,0.8806354113524435,0.0,0.0,338.41046891353744,1.3479547779057344,0.3947356519670807,0.0,0.14315053890327645,0.9999999629999999,0.6729167254173801,0.4017770309448493,0.21048716060696956,0.0008553210763800989,0.001013101086212593,0.05539255871932411,7.6185633919928e-05,862.5216964097342,9.929854572155115
9.535849398035698,1.3815363074335154,1.4613267885979238,2.0157708068722444,Si1,PU,combo_001,19.222086835290625,2.018876015473253,gp,0.5592760836855462,0.44072391631445385,0.8814478326289077,0.0,0.0,340.5566159944504,0.903665708848285,0.40480040140015217,0.0,0.13906348886904818,0.9999999629999999,0.6728788377597041,0.40329439197077654,0.19195669809353533,0.001303802981004653,0.0009060394752468669,0.05533402290426182,8.64947953094949e-05,879.5254512422736,9.217233979632162
11.5124910958238,1.3683277042542317,1.4118023354676363,1.133414680168471,Si1,Si1,combo_002,13.048426413315502,1.9318082485511934,gp,0.4259750138510583,0.5740249861489417,0.8519500277021166,0.0,0.0,358.6596750379131,0.8959379882956953,0.48969800924119655,0.0,0.27623484283917527,0.9999999599999999,0.6728166967741944,0.4763508109787504,0.2122207552168599,0.0010871844838834263,0.000881342993868822,0.05518743733202657,6.850497246113169e-05,987.209661526474,8.78254303352078
8.266966151431623,1.3935051534840528,1.4884020650185468,1.2615570296736638,Si1,PU,combo_001,10.429249262412798,2.074095948059651,gp,0.5820419934526342,0.4179580065473658,0.8359160130947316,0.0,0.0,317.68487770870934,2.050750802121392,0.2975391996903204,0.0,0.3510351028671292,0.9999999629999999,0.6728134763668572,0.36262583950720695,0.2700123858605135,0.000917315141860728,0.00114942076134296,0.05530128587808972,9.250743176507431e-05,790.5895627943044,14.874888364199787
11.705900195062807,1.0130047697563613,2.575024152183427,1.4266309631519762,Si1,Si1,combo_002,16.699999669843358,2.6085117483996423,gp,0.4159772393340404,0.5840227606659596,0.8319544786680808,0.0,0.0,371.13433330322215,1.903931560675349,0.5482002017610679,0.0,0.3692004173391371,0.9999999599999999,0.6727722453234337,0.5382133679569755,0.26681621806697065,0.0006833254908524609,0.0008756260870241794,0.05518683235854589,7.605228639146483e-05,1029.3099740009916,10.394586303155304
10.717367965570265,1.1474184214280791,2.1009615722063244,0.9852538210266611,Si1,Si1,combo_002,10.559327739426838,2.410682010662036,gp,0.42889036419950344,0.5711096358004966,0.8577807283990069,0.0,0.0,352.5467860408935,1.9001440197903074,0.46103049776709504,0.0,0.24774654120858386,0.9999999599999999,0.6726529296216639,0.4650055461387511,0.24844539171452948,0.0006825152292294012,0.0010699226098401572,0.05524477720600913,8.648670598461273e-05,958.3838323143137,9.97376385297807
15.606030813110515,1.1443392577362261,1.6375768627801408,1.3133162308337853,Si1,PU,combo_001,20.495653565750214,1.873943491639844,gp,0.4287999458548768,0.5712000541451232,0.8575998917097536,0.0,0.0,427.43399769646396,1.6036937588419569,0.8122277795182031,0.0,0.24841103296778108,0.9999999629999999,0.6726299460218983,0.7074942862276828,0.23658974278373593,-0.0002850600643709459,0.0007355018059275601,0.0550742306504189,3.0506977877014913e-05,1350.520558057579,13.680650199219748
8.501064838385085,0.9741935913264137,2.967417505971226,1.1818479288274997,Si1,PU,combo_001,10.046965872073697,2.8908391171069785,gp,0.5855100641293802,0.4144899358706198,0.8289798717412395,0.0,0.0,334.92007488427066,3.3241817331447368,0.37836681050244314,0.0,0.38171791733324567,0.9999999629999999,0.6725975082704447,0.43694637807605957,0.3259700614685737,0.0007947766809101888,0.001172730045369849,0.05532684822797079,5.570651585431324e-05,869.1375606609809,18.471322963079505
15.056191978033919,0.9042849471637123,2.5478687018660073,1.7554861544574258,Si1,PU,combo_001,26.430936556291506,2.303999314446979,gp,0.5762196573288918,0.4237803426711082,0.8475606853422164,0.0,0.0,426.3004281881839,1.8442991563227717,0.8069116978911436,0.0,0.2931811698710951,0.9999999629999999,0.6723635490190937,0.7110223847738223,0.253008460300857,0.0018434018384646009,0.0007677994188152369,0.055203020551607376,7.96884996743018e-05,1326.6124478856082,13.86531538394394
14.992702666476301,1.0885874044739308,1.7332305534278933,2.411376521799166,Si1,Si1,combo_002,36.153051208256706,1.886772949510985,gp,0.5892905054951711,0.41070949450482885,0.8214189890096577,0.0,0.0,420.10270857431215,2.369415942513874,0.7778463577171998,0.0,0.41496029928515793,0.9999999599999999,0.6723359475973247,0.7089051439177038,0.2924523754477922,0.0004679735811613344,0.001093136171638346,0.05519569116581638,8.666428587114224e-05,1280.3680336286259,15.341054243804466
15.319622944014267,1.0562155526988644,1.824048227383587,2.3648997967220726,Si1,PU,combo_001,36.22937318615814,1.9265881066353392,gp,0.5776385985132606,0.4223614014867394,0.8447228029734788,0.0,0.0,432.12251483875275,2.596304918433276,0.8342154385512099,0.0,0.3059865266779085,0.9999999629999999,0.6723074262021452,0.7400804199891324,0.2852563475759178,0.00047663733803390417,0.001126739230995832,0.055165370009830184,7.111282768835913e-05,1347.6312805366513,15.715536607216954
13.450654847420079,1.1399007449421918,1.7427746137274442,0.7150954690846275,Si1,Si1,combo_002,9.61850233761128,1.9865900804542544,gp,0.5779104738027172,0.4220895261972828,0.8441790523945656,0.0,0.0,391.0751676160941,1.9417152233615942,0.641716392999962,0.0,0.30813260025921757,0.9999999599999999,0.6722572811172232,0.5980032770777626,0.2591797948704187,-0.00011386321546852851,0.0007372436255910845,0.05518753587366829,4.671840363817808e-05,1164.3671268994067,12.031374887354385
11.76137572998463,1.331469115113188,1.403088037304848,1.9856243047842963,Si1,Si1,combo_002,23.353673507157627,1.8681683874561859,gp,0.580129763620107,0.41987023637989296,0.8397404727597859,0.0,0.0,368.5886496006732,1.2806559918653824,0.5362617522345287,0.0,0.32880129208595543,0.9999999599999999,0.6722515573343213,0.5186349353136379,0.23562073020594637,-0.00013877747367210239,0.00025884173473718624,0.055183232694639005,7.885200779117337e-05,1014.4175508075413,10.309395263117164
14.20492180554432,0.8811935863798028,2.9850865824312076,2.4840670443539885,Si1,PU,combo_001,35.285978124778,2.630439151226785,gp,0.4457619924047407,0.5542380075952593,0.8915239848094814,0.0,0.0,415.922103557015,2.3383739555148284,0.7582406455309512,0.0,0.08546784910146321,0.9999999629999999,0.6720367159063096,0.6618742237213149,0.24177663905347935,0.0005334603529150904,0.0011768271522723435,0.0552956245360347,5.491764537833819e-05,1252.701358190341,10.122688904661743
9.432481532551359,1.6170277356701104,1.1212056623448305,1.7199129557134756,Si1,PU,combo_001,16.223047192363182,1.8130206534019677,gp,0.4168713487106004,0.5831286512893996,0.8337426974212008,0.0,0.0,326.59535623937444,1.7229299675784633,0.3393265191790467,0.0,0.3534568467419505,0.9999999629999999,0.6718244417687007,0.3883418678833612,0.2571552036547098,0.0016944190370713273,0.0010491022033436187,0.05533328497885778,8.584132135566088e-05,831.2113891678719,15.360818185350764
15.369080871162513,1.1565606487923439,1.4972759482581948,0.6252334532320188,Si1,Si1,combo_002,9.609263506079103,1.7316904421386696,gp,0.5773069357281884,0.42269306427181164,0.8453861285436233,0.0,0.0,413.5478319376272,2.3106407883197724,0.7471060643329908,0.0,0.2988038483724608,0.9999999599999999,0.6717838332881734,0.6750940649749755,0.27265860812209464,0.00023100507807926782,0.0010073298010162136,0.05513932170394608,6.510772646072031e-05,1299.2309421777509,13.405334842376144
12.104059745351854,1.1390094442479017,1.889415866591802,0.977147121376687,Si1,Si1,combo_002,11.827447137142,2.152062516159896,gp,0.5712971344969446,0.42870286550305536,0.8574057310061107,0.0,0.0,373.8667876061729,1.7486235256163973,0.5610145461930528,0.0,0.24253965187469254,0.9999999599999999,0.6717617069082658,0.532727817430449,0.24155380045865335,0.000482364471704961,0.0010558892806919325,0.055171366493642626,4.2134465409099104e-05,1064.1095029285384,9.454104810777848
10.67150321250758,1.4207443792233458,1.3587877034249967,0.7773577764468793,Si1,Si1,combo_002,8.295576008620623,1.9304899921988627,gp,0.45147809881697754,0.5485219011830225,0.9029561976339551,0.0,0.0,341.478953410978,1.1907735194261866,0.4091258714821691,0.0,0.02986506660398453,0.9999999599999999,0.6717481607746636,0.39871053803849876,0.18715549268263465,0.0004858045680458406,0.000952272077567542,0.05525308910180799,9.178850434342093e-05,919.7645574728688,10.4431344689042
10.685832193163419,1.305694285969119,1.564391249903561,1.7502234805662726,Si1,PU,combo_001,18.702594413865604,2.0426167160191677,gp,0.5576179807085566,0.4423820192914434,0.8847640385828868,0.0,0.0,358.35067144631654,0.7875070852323939,0.48824888035762753,0.0,0.11450227045211192,0.9999999629999999,0.6717149125471755,0.4579137839271692,0.18358804017848224,0.0020250419943073517,0.0008331142573719747,0.055250944097640586,9.073205931187506e-05,976.1640368377613,6.326766213831851
9.900714243783266,0.9710759943489262,2.8388560211807845,2.3645678719922314,Si1,PU,combo_001,23.410910810625772,2.7567449335815666,gp,0.5891236908207986,0.41087630917920137,0.8217526183584027,0.0,0.0,360.26825462996896,1.9909562075719915,0.4972417375723917,0.0,0.4078166462914395,0.9999999629999999,0.6716202521166725,0.5074067955258583,0.27611820542985643,-0.000441960445736739,0.0008068427752230712,0.055393608399791315,4.257747218305782e-05,955.2298919254561,10.24751676214818
10.313923766162914,1.0374268055451092,2.492499876651579,0.5370858656520505,Si1,PU,combo_001,5.539462674218865,2.5857861848562265,gp,0.574309980406241,0.42569001959375896,0.8513800391875179,0.0,0.0,353.87972476515375,2.8916842717807087,0.4672815578126211,0.0,0.2692744178102131,0.9999999629999999,0.6715842629320935,0.4829589598152677,0.2916616665504729,0.001181651053717442,0.0010519307164632084,0.05529870783694951,7.511141032560339e-05,968.9210204848505,15.47073321205498
11.64955733472732,1.304584973286055,1.5414522718808277,0.7679051303972818,Si1,Si1,combo_002,8.945754844194393,2.0109554709333786,gp,0.43949388704828607,0.5605061129517139,0.8789877740965721,0.0,0.0,360.59874792927025,1.2206372454445154,0.4987916463723801,0.0,0.1403160476379568,0.9999999599999999,0.6715685984356936,0.4728657791655588,0.2049274919395332,0.00025655909791890677,0.0008767345623139353,0.0551860464100542,7.782272309127619e-05,1006.8500216293359,9.122632053479357
11.919683937241878,0.9900072965813103,2.5270346408151694,2.083987642129186,Si1,Si1,combo_002,24.840474023297833,2.501782733120748,gp,0.5624231086051452,0.4375768913948548,0.8751537827897096,0.0,0.0,378.1630321507522,1.3128052824769663,0.5811625711019497,0.0,0.15795939159760003,0.9999999599999999,0.6715367491230555,0.5333517541704358,0.2112909700772282,-0.00018442466177327407,0.0008240699466891297,0.05517811169138345,6.19071285410699e-05,1052.2145800664514,8.570828157158953
12.998694362080576,1.3893876557843892,1.1996497845998146,1.649023052688672,Si1,PU,combo_001,21.43514665792514,1.6667786019873838,gp,0.562914408955919,0.43708559104408096,0.8741711820881619,0.0,0.0,387.25805378249606,0.7542859911097032,0.6238153392304634,0.0,0.16238761940134827,0.9999999629999999,0.6715166057330278,0.5572160546287928,0.18943109360586988,0.001625489757717777,0.0010688814218932263,0.0552687384508087,4.3281380028900656e-05,1101.878842249765,6.282920643055223
10.444863019391642,1.3714338101278287,1.4278666139712677,0.7870100394663886,Si1,PU,combo_001,8.22021205711244,1.9582245507529372,gp,0.5797320167857549,0.4202679832142451,0.8405359664284902,0.0,0.0,345.96111754403404,1.7062457742656671,0.43014580032037275,0.0,0.31879464540708363,0.9999999629999999,0.6714452100980195,0.44825690326804235,0.2512830289718182,0.0005188192232463462,0.0009540285086658959,0.0552767887069314,8.838419408780879e-05,939.4229938043221,11.420658553462005
8.742545348841334,1.014486429862607,2.977587088949447,2.2633072891712622,Si1,Si1,combo_002,19.78706661394291,3.0207216954733176,gp,0.4282077335396366,0.5717922664603634,0.8564154670792732,0.0,0.0,335.56897146791664,2.0398601552487796,0.3814099297650776,0.0,0.24440759396294495,0.9999999599999999,0.6714089920129778,0.41054711341580635,0.2535790582382933,9.552225142099233e-05,0.0010449345324979147,0.05537825565471306,6.643528962961625e-05,864.9213448839316,16.921468664628495
9.511667108827215,1.514939149755824,1.2027272314900268,1.0532989269492865,Si1,Si1,combo_002,10.018628759226528,1.8220585694616773,gp,0.5566270267604665,0.4433729732395335,0.886745946479067,0.0,0.0,322.7670517449715,1.0019357082431415,0.321372984758062,0.0,0.1002051734232577,0.9999999599999999,0.6710682046513583,0.3421416707816654,0.19009100839392556,0.0006072534481104579,0.0009633355603899264,0.05533110399996162,8.848217471021447e-05,831.2361991047667,7.712879601917896
11.320605415906984,0.9993512945537311,2.547060260211441,2.392592220888303,Si1,PU,combo_001,27.085592453845038,2.5454079683486666,gp,0.575430142004592,0.42456985799540803,0.8491397159908161,0.0,0.0,378.6453513581855,1.583111917529203,0.583424495278884,0.0,0.27541628790557,0.9999999629999999,0.6710317423023677,0.5497953613699791,0.23981050118054714,-2.8886835519609548e-06,0.0009911425807410511,0.05519277825419236,5.773356376679146e-05,1050.5432810412624,11.740612068662818
8.21208417786557,1.0862327470636772,2.6977999207990595,1.6683202496730019,Si1,Si1,combo_002,13.700386325952396,2.930438618997733,gp,0.4089373240036309,0.5910626759963691,0.8178746480072618,0.0,0.0,323.5807961563543,2.4875766594207303,0.32518918807235025,0.0,0.4212466743837504,0.9999999599999999,0.6710223562930195,0.394035252987859,0.2981605478034983,0.0013608279026487446,0.000999052071459151,0.05530143895616764,8.197471668768618e-05,831.4229932060501,15.060548878234371
12.105352556925787,1.1959976606557423,1.713253682880206,1.568856080110411,Si1,Si1,combo_002,18.99155596081313,2.0490473968345615,gp,0.5743348749363406,0.4256651250636594,0.8513302501273188,0.0,0.0,375.774131624164,1.2161043954642314,0.5699593849669087,0.0,0.264918266032662,0.9999999599999999,0.6709964447714505,0.5350911888921448,0.2234350227470481,0.0018666642119375336,0.0009725338892622325,0.0551691738021012,3.9319436151468004e-05,1061.7612634754719,9.226771610462263
15.922578001398941,1.1216473712033252,1.6918744362507996,1.692480482449745,Si1,PU,combo_001,26.948652497651377,1.8976865138268173,gp,0.4149656769697003,0.5850343230302997,0.8299313539394007,0.0,0.0,433.9761921658139,1.9718337197714284,0.8429085975581406,0.0,0.36472705500237634,0.9999999629999999,0.670989690527346,0.7448443021994731,0.2688835900802361,0.001013827405186225,0.0011015258366821265,0.05516043204222491,8.37548172694291e-05,1374.7521046804552,15.802356728553354
9.994208073261557,1.0451036977053785,2.6546026055289142,1.1775470694177887,Si1,PU,combo_001,11.768650427820752,2.7743349989766006,gp,0.4213221155378619,0.5786778844621381,0.8426442310757238,0.0,0.0,352.70932268065707,1.9271760977212868,0.46179274307985235,0.0,0.3053196900306649,0.9999999629999999,0.6709793644849208,0.4716079063719013,0.25817152114988334,0.0008838810511767984,0.0010743964972666242,0.055396710280495136,3.195012612025303e-05,946.7630300940081,11.903997985442182
15.731435827388378,1.1900926939567724,1.4920446068705413,1.361356832339346,Si1,PU,combo_001,21.416097646123138,1.7756713856942359,gp,0.4358638518811233,0.5641361481188767,0.8717277037622466,0.0,0.0,428.23040775264366,1.4880389341162203,0.8159626902019654,0.0,0.16897882350306076,0.9999999629999999,0.6709001953019927,0.7008328862398506,0.22001075354405003,-0.00010970166003800269,0.000643663312675959,0.05510611521734243,6.419029771027311e-05,1342.5014955957154,12.077994479911762
12.441899126963195,1.1830143889221145,1.7983602246150814,1.1508673751407794,Si1,Si1,combo_002,14.318975790014488,2.127486022184847,gp,0.430844987830568,0.569155012169432,0.861689975661136,0.0,0.0,378.13238678541046,1.3967302968046316,0.5810188540537601,0.0,0.2153769278696323,0.9999999599999999,0.6708432352404199,0.5399599200874716,0.22328815030051197,0.0008061572535659315,0.0008879014034967217,0.055218157590109396,8.516996972085144e-05,1084.292792100358,9.343707644552778
9.67164042539954,1.514966200768113,1.196253927580692,1.3023720639843939,Si1,PU,combo_001,12.5960743029425,1.8122842678208544,gp,0.5692451561101279,0.43075484388987206,0.8615096877797441,0.0,0.0,332.0307881407587,1.4583656515381616,0.36481697164360205,0.0,0.2153363296593662,0.9999999629999999,0.6707302529721095,0.38932472762198,0.22576770761823176,0.00124666740419985,0.001072034406537409,0.05534353136125814,8.675646868610643e-05,861.264467674443,13.443056347442296
9.975396144998827,1.4711058232357654,1.306356337995597,0.5275186464183667,Si1,Si1,combo_002,5.262207471896774,1.9217884160462724,gp,0.44853951041815776,0.5514604895818422,0.8970790208363155,0.0,0.0,327.17914000411156,1.2921998226270546,0.342064279963212,0.0,0.04927332598841988,0.9999999599999999,0.67072092862968,0.35487692028715556,0.1941570778974912,0.0010150034200256956,0.0010736870608851808,0.055399939380228184,4.074291982771664e-05,864.728641092177,10.370794016952555
15.858763538273017,0.968762693598789,2.3060514609394414,1.4933143610452988,Si1,PU,combo_001,23.682119340124654,2.234016624877116,gp,0.41322627115951605,0.586773728840484,0.8264525423190321,0.0,0.0,433.34550707819255,2.3090544609476193,0.8399508844384118,0.0,0.37797903247409,0.9999999629999999,0.6706076152134132,0.7479846795239589,0.28447091236492894,0.000177173710440101,0.0009184385864776089,0.055131322377030036,6.93622041923322e-05,1380.690139576696,18.67594938514957
10.777266954554191,1.2865473685065334,1.6004697058930581,1.5017557606654066,Si1,PU,combo_001,16.18482273323068,2.0590800884911395,gp,0.5689294645239897,0.43107053547601026,0.8621410709520205,0.0,0.0,359.0201608316017,1.0325023203364907,0.49138857333157304,0.0,0.21112338957521531,0.9999999629999999,0.6705680076972926,0.47259660420519145,0.20796143954077312,0.0017412350765823158,0.001006249450925962,0.055247964695191894,9.347853736416417e-05,984.6781112404526,6.860910199230115
10.805155945298175,1.0855897848840619,2.3395731234214727,1.5911247683960261,Si1,Si1,combo_002,17.192351250945503,2.5398166837756495,gp,0.42206764561251475,0.5779323543874852,0.8441352912250295,0.0,0.0,358.70831545575675,1.6654530131797638,0.4899261173807879,0.0,0.29502303730391066,0.9999999599999999,0.6705516962106395,0.48725593522358834,0.24607218623884683,0.0018551278859577467,0.0007764903283472444,0.05524279896051487,8.991884783007214e-05,970.5263353015948,9.213373753430114
15.67328975578007,0.8893804548475119,2.7553275884937767,0.6714797141667623,Si1,Si1,combo_002,10.524296125264046,2.4505345039084934,gp,0.4329651278409301,0.5670348721590699,0.8659302556818602,0.0,0.0,417.2324172268189,3.429205433061993,0.7643856012437228,0.0,0.19304673787456977,0.9999999599999999,0.6705175602154625,0.689502534222406,0.3019048071563867,0.0004873042388418599,0.0010669388392412751,0.05508648482144332,5.0639400293327484e-05,1304.3506899983954,18.5711360826769
15.627751590340125,1.0570778661585751,1.936937515054915,2.0951467275206306,Si1,Si1,combo_002,32.74243260300644,2.0474937752967426,gp,0.41051168608208854,0.5894883139179115,0.8210233721641771,0.0,0.0,425.48095645769934,2.3369717598917497,0.8030686352659557,0.0,0.4019437722237124,0.9999999599999999,0.670431930857109,0.7248852519453591,0.2891914789624228,0.00040213346872509513,0.00099056102815929,0.05507515695466354,4.1341061917150595e-05,1324.9998309031955,16.121740484443908
11.532779906196343,1.3518591864275264,1.4454161429971568,1.3794984927143115,Si1,Si1,combo_002,15.909452497403754,1.9539990911213496,gp,0.4230326708289738,0.5769673291710262,0.8460653416579476,0.0,0.0,360.99015569391423,0.927886262637268,0.500627224703584,0.0,0.284856450904923,0.9999999599999999,0.6704031328489755,0.4852315421256169,0.21480241473489387,0.0016567464682730715,0.000933319491515345,0.05518663214359275,6.926714248538344e-05,993.5029622211274,8.898106820001253
8.252623445992551,1.3559642465126078,1.5832273599029074,1.9103202526204295,Si1,PU,combo_001,15.76515370612977,2.1467996941288914,gp,0.5711221549625805,0.42887784503741955,0.8577556900748391,0.0,0.0,323.5432569376266,2.061563531727673,0.3250131410372854,0.0,0.2301460263497936,0.9999999629999999,0.6703832170867186,0.3698932789608724,0.2523150829517454,0.001650712214890776,0.0009814502160753946,0.05529995705246635,9.232453706789465e-05,800.2533112689352,15.100223931010976
11.01074910019146,1.4366967301330424,1.3105615134665065,0.5624656266907911,Si1,Si1,combo_002,6.1931678929742535,1.8828794410355412,gp,0.4431044482938944,0.5568955517061056,0.8862088965877888,0.0,0.0,344.5047420426311,1.2647247891789424,0.4233158609222543,0.0,0.09603475846471342,0.9999999599999999,0.6702128812049717,0.41611259298119413,0.20006327248171374,0.0008608116209163156,0.000962725493239714,0.055239905162941076,9.619761248013078e-05,937.4577786294687,10.43938803023507
8.731107624863006,1.0041280905932044,2.8034041724843117,1.4929720459012685,Si1,PU,combo_001,13.035299613675887,2.8149768788776943,gp,0.5764903937887027,0.4235096062112973,0.8470192124225946,0.0,0.0,339.2987708147796,2.5665367501616743,0.3989015062724249,0.0,0.277394103939114,0.9999999629999999,0.6700174102973459,0.43215842557034195,0.27976698574093295,0.0011240237664543475,0.0009992150216707595,0.05538492281525619,6.265530777203636e-05,882.0784681963075,14.525971763695004
8.386939368049864,1.4337440393145742,1.4919777334631694,1.2728769843068641,Si1,PU,combo_001,10.675542090367829,2.1391141821428876,gp,0.4129542350255804,0.5870457649744196,0.8259084700511607,0.0,0.0,317.25253053966406,1.8802686536376636,0.2955116285311772,0.0,0.37542929656539953,0.9999999629999999,0.6699557134468794,0.36168160238641883,0.2667962665380019,0.0009576356240039402,0.001145176502957029,0.055318810178137834,8.591197959001663e-05,791.8185709694949,13.655729353756897
9.434302825643883,1.480325219311919,1.2628085511308056,1.0613081163512295,Si1,PU,combo_001,10.012702160971191,1.8693673454016764,gp,0.5767280271895459,0.42327197281045414,0.8465439456209083,0.0,0.0,328.51990384359885,1.5462755215352182,0.34835203731841713,0.0,0.2791175940460104,0.9999999629999999,0.6699540715636173,0.3851903291979364,0.23888014935345334,0.00062753454345255,0.0009717826427912439,0.055334301126613375,8.489715922166092e-05,849.8342460616168,12.656681290263583
9.123957043859567,1.0082111048814615,2.7620891461630657,0.8800287282375855,Si1,Si1,combo_002,8.029344313802095,2.784768949834157,gp,0.5634331511795807,0.4365668488204193,0.8731336976408386,0.0,0.0,333.21436896126147,3.1103792255539284,0.3703675904702865,0.0,0.15500915372882754,0.9999999599999999,0.6699511335780912,0.40621253794326684,0.2833414634034667,0.0008688819854389243,0.0011270421768095735,0.05539321550965402,6.185115739098882e-05,881.193425672815,14.10670146222905
11.825336881540911,0.9107444568506109,2.978378768111889,1.7811573845066127,Si1,PU,combo_001,21.062786110834992,2.712541953459454,gp,0.5770761007549083,0.42292389924509166,0.8458477984901833,0.0,0.0,383.17160897632715,1.884599022546271,0.6046512085835226,0.0,0.2815884775874772,0.9999999629999999,0.6698544297639144,0.5687451225945328,0.252894779933739,0.0015261806051747795,0.0010461894518599662,0.05518948596680465,7.566755485525265e-05,1079.4615777164338,10.624719041184754
11.998246218496195,1.4262414749045318,1.262887000860865,1.9174613992514182,Si1,Si1,combo_002,23.006173982680753,1.8011818187455608,gp,0.4162394958976847,0.5837605041023153,0.8324789917953694,0.0,0.0,367.8430250392997,1.3038426382559591,0.5327650094212747,0.0,0.34226383800194027,0.9999999599999999,0.669635058899654,0.517800634821614,0.23857518919313758,0.00014106242077653553,0.0005939821891786624,0.055158264853318796,2.0769391329567218e-05,1006.7842557519955,9.738472881908883
9.376996109496089,1.0002545360300732,2.962531367834293,0.6757777411036752,Si1,Si1,combo_002,6.336765249213217,2.963285438807629,gp,0.4395379779719093,0.5604620220280907,0.8790759559438186,0.0,0.0,334.2484055467118,3.393042406791326,0.3752168942434274,0.0,0.12472635369213518,0.9999999599999999,0.669624171756436,0.40983571749852477,0.29019835761001267,0.0012542543446465355,0.0010483374115760528,0.05534952627593494,4.572407451147506e-05,888.6408734396305,16.942937612541623
10.269029298778882,0.9573316573796176,2.9022696149481124,1.070127461674121,Si1,Si1,combo_002,10.989170257359424,2.778434580640781,gp,0.5704968092801153,0.42950319071988474,0.8590063814397695,0.0,0.0,350.76558642669534,2.8867325568528575,0.4526772362564432,0.0,0.21780732026893676,0.9999999599999999,0.6695502480588054,0.46753216923006635,0.2837419074231592,0.0007758446788844324,0.001141739415957998,0.055308343767970704,6.809747243400734e-05,944.4306390394064,15.157486472496679
12.497815408064884,1.377122124260393,1.3118371358007137,1.1218061582628454,Si1,Si1,combo_002,14.020126289599462,1.8065599431375485,gp,0.43214047780986675,0.5678595221901332,0.8642809556197335,0.0,0.0,373.27344232737914,0.7995779677442575,0.5582319449391746,0.0,0.1926855890012993,0.9999999599999999,0.6694852913209586,0.5148593457423397,0.19580233519695128,0.0009059069603039529,0.0009856087246957977,0.05521551424511746,8.601210686744778e-05,1045.1046848410738,6.315928778364455
9.37928767171338,1.294986191386179,1.6731813041460362,0.6247537666831461,Si1,PU,combo_001,5.859745301707729,2.1667466845546355,gp,0.5880661199077792,0.41193388009222076,0.8238677601844415,0.0,0.0,332.50564425469224,2.0750757403118367,0.36704389627798917,0.0,0.3797889150502804,0.9999999629999999,0.6692942095178983,0.4144347890303873,0.275306440115226,0.0011655086080990524,0.0009947415684164285,0.055345281296123115,7.38460236609058e-05,873.3862706445204,12.301486675963945
8.964757387984651,1.5951537509783382,1.1705729445052904,1.4895175727237748,Si1,PU,combo_001,13.353163664608426,1.8672438232213722,gp,0.41618067957941207,0.5838193204205879,0.8323613591588241,0.0,0.0,319.5636197712874,1.7552153795196688,0.306349904360746,0.0,0.3395054007611977,0.9999999629999999,0.6692113604585829,0.3642350970498703,0.25636450123847887,0.0012890144437881254,0.001152787271017808,0.05539574239533892,7.252643259851294e-05,803.5547031305596,14.12584578800912
13.787917021568415,1.3106315832249424,1.294581003477195,1.5976290956153114,Si1,PU,combo_001,22.027977401587304,1.6967187502002508,gp,0.5614092173225913,0.4385907826774087,0.8771815653548174,0.0,0.0,400.904827253211,0.8014280820800733,0.6878143804770701,0.0,0.12989292520358833,0.9999999629999999,0.6691535185695757,0.5993091022224142,0.18645804796891013,0.0016956707342681045,0.0010112085078999222,0.055286072499316274,7.875700838116948e-06,1172.8967515821416,6.977435815534914
14.332130825578446,1.3281359140685494,1.2852266898051046,0.5082207800569976,Si1,PU,combo_001,7.2838867080544185,1.7069557244495985,gp,0.41555119281838415,0.5844488071816158,0.8311023856367683,0.0,0.0,399.5575096343173,1.655507054612926,0.6814958879741428,0.0,0.34475188666631973,0.9999999629999999,0.6691308167066969,0.6262130589605616,0.2531304108920517,0.00045771449195253526,0.0010084884739294283,0.05529118201079564,5.8809862310485934e-05,1207.8137211411881,8.666264127433623
8.70149396113492,1.0656652447271098,2.697686188658566,2.12393316717612,Si1,Si1,combo_002,18.481391628037173,2.874830412433775,gp,0.42943991300506923,0.5705600869949308,0.8588798260101385,0.0,0.0,333.4910661656888,1.6695099632938173,0.3716652126398759,0.0,0.2146990618582225,0.9999999599999999,0.6690764004653273,0.3964876499998786,0.2341871996602349,0.0007676355682545636,0.001078178185566717,0.0553757189245581,6.11594263282006e-05,861.2432938018749,10.131186922272514
10.296477794270599,0.9804778466573356,2.985065170501482,1.6300945740608404,Si1,Si1,combo_002,16.784232584378433,2.9267902705051054,gp,0.40994070295798224,0.5900592970420178,0.8198814059159645,0.0,0.0,352.7290034588995,2.1886176172220373,0.46188503969056455,0.0,0.3965901248660001,0.9999999599999999,0.6690633894218443,0.48381198047547774,0.28240556744908896,0.0016104637668512174,0.0006880215025880067,0.055294451538820025,6.665552267961007e-05,942.5000075998006,14.279878755854984
9.489459424079755,1.1458012362582952,2.113138687126222,1.49854030083537,Si1,Si1,combo_002,14.220337380125512,2.421236920094456,gp,0.5818541073709866,0.41814589262901336,0.8362917852580267,0.0,0.0,339.1482454375932,1.616018742947832,0.3981955899733168,0.0,0.3177186579560039,0.9999999599999999,0.6687700638952425,0.42474452864828255,0.24748293124316206,0.0014338490633861128,0.0010037346767118882,0.0553368826978038,7.796235383974125e-05,888.1382495189291,11.302429261617315
14.024859728421488,1.3694998556768558,1.1368951126622888,1.6330521114746763,Si1,Si1,combo_002,22.903326792634868,1.5569776927107273,gp,0.5748039974449455,0.4251960025550545,0.850392005110109,0.0,0.0,396.931243461306,1.148703913459553,0.6691795322075725,0.0,0.25172883914280214,0.9999999599999999,0.6687458782642117,0.6024497366574246,0.21873846456387297,0.0014489935669450378,0.001065391958736933,0.05534448843807202,4.8619829950851307e-05,1140.250495993195,8.138932013627585
10.023614577709909,1.4900925957151299,1.2695280949821335,0.835968252793226,Si1,Si1,combo_002,8.379423565200861,1.8917144143852112,gp,0.4469361707953823,0.5530638292046177,0.8938723415907646,0.0,0.0,329.37333904774084,1.1615503988884026,0.35235437786788093,0.0,0.048784866254698,0.9999999599999999,0.6687413002452456,0.36052575315998364,0.18881494503269497,0.00042347277699347915,0.0008488310432502886,0.05539419838793399,4.535800176617247e-05,866.4594398033478,9.805697764205709
10.525406716887098,0.9762212292353953,2.9622173326119485,1.762468004584736,Si1,Si1,combo_002,18.55069257375478,2.8917794457048305,gp,0.41683698024928617,0.5831630197507138,0.8336739604985723,0.0,0.0,356.62029572733485,2.0760512228060812,0.4801339668032345,0.0,0.32905133499456185,0.9999999599999999,0.6686568382435345,0.48853531995290694,0.2677351421683375,0.0016600496721034114,0.0009870952458137382,0.05524313107297146,5.738574415068047e-05,956.7309853816346,13.912552706492733
8.083441540731416,1.4555588041568237,1.459114081651735,1.6705954575702462,Si1,Si1,combo_002,13.504160719480536,2.1238263478173813,gp,0.40651193036777045,0.5934880696322296,0.8130238607355409,0.0,0.0,309.90401908345245,1.4789460852846588,0.2610494394432967,0.0,0.42441898262408756,0.9999999599999999,0.6685287975502818,0.33783285524371254,0.2579600781920993,0.0013856482729603006,0.0011299831940850126,0.05528635985132786,9.612312636846025e-05,760.4099938297128,12.275848965739431
9.502257373998997,1.1283498934992466,2.181113232454398,0.5323625591277911,Si1,Si1,combo_002,5.05864605311303,2.4610588835497174,gp,0.5814677232970098,0.4185322767029902,0.8370645534059804,0.0,0.0,333.08777979564803,2.651068663913178,0.3697739274151436,0.0,0.31196436246883485,0.9999999599999999,0.668494885007932,0.41620015306039504,0.2883615490505139,0.00126311999399241,0.001019084025612725,0.0553361187824405,7.82525010076309e-05,885.606054463543,14.479774709197228
15.913934936539551,1.1679343192271907,1.4170414029876812,1.0669873997237649,Si1,PU,combo_001,16.979968057311513,1.6550112863151607,gp,0.5777060206179385,0.4222939793820615,0.844587958764123,0.0,0.0,430.09221127390174,1.9922056974193512,0.824693958483495,0.0,0.2759721148212481,0.9999999629999999,0.6683817642580306,0.7234532940883817,0.25639191546052365,0.00020407752172874277,0.0011021293600358296,0.05516517951893742,8.666634185364987e-05,1354.0885173167092,12.504875468356845
13.793503075170866,0.928396713130812,2.58455012103014,0.6710042768779723,Si1,Si1,combo_002,9.255499556569113,2.399487837286224,gp,0.5823824324641009,0.41761756753589907,0.8352351350717981,0.0,0.0,396.3688316583511,2.8253491556647514,0.6665419991487782,0.0,0.3193076156832189,0.9999999599999999,0.6683419214409596,0.6266802511529236,0.2964914659840821,0.00039391534915688477,0.001037863390414039,0.05518484808455121,3.2251601132945024e-05,1180.1464823854253,12.56571825878734
15.312794244493405,1.027326123644443,1.9206903337656058,1.949148202661215,Si1,Si1,combo_002,29.84690537937532,1.9731753553087714,gp,0.5803145302959365,0.4196854697040635,0.839370939408127,0.0,0.0,422.8616403668788,1.9870809901307631,0.7907848731815293,0.0,0.2997272767935492,0.9999999599999999,0.6683060619804759,0.7020334015522383,0.25974851877937744,0.00037141330271940403,0.0008885305644860496,0.055169080477495934,7.126513822654776e-05,1310.4831178183836,15.305301340285892
10.576884994072474,1.569780434332475,1.1265197808940914,1.0945426586783584,Si1,PU,combo_001,11.576851821947319,1.7683887109360514,gp,0.4406759086891867,0.5593240913108133,0.8813518173783734,0.0,0.0,340.97051601651793,1.7297749868030114,0.4067414612881261,0.0,0.10328789164109772,0.9999999629999999,0.6682383424251943,0.4105943026249748,0.21990590810328325,0.0008805774262077321,0.0010285499707129429,0.0552616679921487,9.209498417516776e-05,911.2627457754794,14.874642240560528
12.06001511235285,1.451337670037221,1.1623823909127138,0.8989082849053525,Si1,Si1,combo_002,10.840847500577732,1.687009350919552,gp,0.5600337106968141,0.43996628930318593,0.8799325786063719,0.0,0.0,362.91337776042883,0.7894011886044194,0.5096465264913204,0.0,0.1098155426655245,0.9999999599999999,0.6682261125577145,0.472445287682923,0.18296141645339073,0.00017633323228943826,0.0008364271108283449,0.055162070577429174,2.8809969929477228e-05,997.0325431654252,6.6547576606263235
9.616515693857426,1.2409807591721442,1.8990176487788464,1.1290852846316082,Si1,Si1,combo_002,10.857866359363339,2.3566443634628733,gp,0.42224954036228723,0.5777504596377128,0.8444990807245745,0.0,0.0,334.7706908993155,1.5127348513736456,0.37766624697105294,0.0,0.27330181496832834,0.9999999599999999,0.6679865464397488,0.4047422300725779,0.2366551451812777,0.0009174044248966888,0.0010367669991522127,0.055340398253693586,8.212738185229293e-05,878.4588734156863,11.396585207269073
15.293315531307883,1.2736333526175079,1.3209338715586567,0.8865046093495126,Si1,Si1,combo_002,13.557594710740927,1.6823854354192764,gp,0.4247734674906951,0.5752265325093049,0.8495469349813902,0.0,0.0,410.1645021807437,1.3800275802887894,0.7312393203640724,0.0,0.24957992769776294,0.9999999599999999,0.6679653788447875,0.6483420917757299,0.22774500878352505,0.00015964148817263987,0.001049938315936224,0.05517011035328528,7.733824716074727e-05,1266.6128916942102,8.069537151884886
14.784259266200209,0.9155002411752653,2.7349077426083133,0.8962446465906218,Si1,PU,combo_001,13.25031322113973,2.5038086979500114,gp,0.4139774607260165,0.5860225392739835,0.827954921452033,0.0,0.0,415.73036888649193,2.4742010292457612,0.7573414707103575,0.0,0.3495840398888139,0.9999999629999999,0.6678681952152349,0.6892214688595885,0.2868717371904209,0.00034686980666332433,0.0011040612055010415,0.05514311602404329,5.442873683688737e-05,1292.3581029731777,12.676357325200449
10.275388056960184,1.0626697489426218,2.3623048479765876,2.1227643965331895,Si1,PU,combo_001,21.812227927877426,2.5103498997252185,gp,0.5866282057701255,0.41337179422987447,0.8267435884597489,0.0,0.0,362.5136354516312,1.4934271560362382,0.507771861790272,0.0,0.3545691917457443,0.9999999629999999,0.6677826538183265,0.5037204282083656,0.24806660639396438,0.00037217328817307715,0.0010550083463505612,0.055313159148375944,7.432641311133161e-05,975.3304208743028,12.147339458547815
10.712706185297835,0.9859490735002729,2.9114002791027733,0.6001289679480426,Si1,PU,combo_001,6.429005306913402,2.8704924077698153,gp,0.4070712920763242,0.5929287079236758,0.8141425841526484,0.0,0.0,359.51677648627236,3.0143112244435475,0.49371754331375844,0.0,0.41255028350295714,0.9999999629999999,0.6676771457633144,0.5172046881230136,0.31809837801124785,0.001125125836238895,0.0010783131213637752,0.05523780274344534,7.695788952583917e-05,989.2307637282629,13.638725200279284
11.248979955195757,1.2861008646728196,1.5604451076428485,1.5084244506572286,Si1,PU,combo_001,16.968236409370338,2.0068898022139385,gp,0.5746970381520384,0.42530296184796157,0.8506059236959231,0.0,0.0,365.9379920021129,1.0497712710079787,0.5238310084147585,0.0,0.24199777069395698,0.9999999629999999,0.6676271506290031,0.4985927259408239,0.21328902343793388,0.0018205468263579531,0.0009880351660468427,0.055212017585890984,8.190324291235438e-05,1022.4890415015103,6.926711184014864
10.535803448150773,1.3535054011145107,1.5393577168060035,0.6078961655732054,Si1,PU,combo_001,6.40467451736381,2.0835289839442273,gp,0.40547025642518975,0.5945297435748103,0.8109405128503795,0.0,0.0,346.3397286961741,1.886651745563604,0.4319213665957444,0.0,0.42502220905800814,0.9999999629999999,0.6673605845975004,0.46220125856361655,0.2744926224014824,0.0009792787634493197,0.0009790402584336875,0.055261321460207256,8.65239219885271e-05,948.338393339408,11.505441545155417
8.553247342362639,1.18767483882668,2.043310689913752,2.256984162954259,Si1,PU,combo_001,19.30454379354308,2.4267886943161474,gp,0.5794773919260479,0.42052260807395214,0.8410452161479043,0.0,0.0,336.2295143865514,2.005332281561788,0.38450766664666186,0.0,0.2839126894012338,0.9999999629999999,0.6672810425884262,0.4162681964879491,0.25811237394325354,0.00024201781906436258,0.0010077383689227378,0.05535417552162403,6.551610050752394e-05,852.3426411828126,15.081874448429595
9.437707465968305,1.2232758602796943,1.8658179061973235,1.124017622130054,Si1,Si1,combo_002,10.608149504256751,2.282410004328789,gp,0.5820186831935814,0.4179813168064186,0.8359626336128372,0.0,0.0,333.381097791051,1.6049103679688739,0.371149495825248,0.0,0.30720447367000375,0.9999999599999999,0.6672263490605947,0.4046328496211105,0.2454578221680285,0.000870380938644124,0.0010528353116816592,0.05534037599994827,7.615902421783313e-05,870.640407327992,12.129991324279866
12.655218482618068,0.9869452302446233,2.427795169995231,1.6399638467433038,Si1,Si1,combo_002,20.754100784131282,2.3961008630377276,gp,0.5868689635946396,0.4131310364053604,0.8262620728107208,0.0,0.0,386.65571578331185,1.389826935065248,0.6209905649688466,0.0,0.35215037040101105,0.9999999599999999,0.6671849210112621,0.5815379189623707,0.24352576611442106,0.001693565436130605,0.0009891955960028198,0.05520683747372732,6.482482195519942e-05,1104.4068558702306,7.258080148947794
10.395073474035579,0.9792395435604411,2.9865459528825467,1.0848507339892988,Si1,PU,combo_001,11.277103088180187,2.9245438957229877,gp,0.4131199796199212,0.5868800203800788,0.8262399592398424,0.0,0.0,358.4626792938615,2.362980644688923,0.4887741616536319,0.0,0.3521890071531029,0.9999999629999999,0.6671766508370297,0.5002033279421013,0.28277715771533574,0.0007714015948493662,0.0011389454049457878,0.05526622046430922,6.616410398474544e-05,970.3477465261299,10.957339230594219
12.10136849591772,1.03112160232109,2.2976520894161685,2.387610745730139,Si1,Si1,combo_002,28.89335745889332,2.3691587040152,gp,0.5691215236975609,0.43087847630243914,0.8617569526048783,0.0,0.0,381.69149936953664,1.1436738707601415,0.5977099637553763,0.0,0.1860213158490444,0.9999999599999999,0.6671226249964233,0.5457923284489845,0.20867948320096516,0.0003038808551583217,0.0010477688029134475,0.05517853140839403,5.092154510747256e-05,1069.771332790548,9.077894452299509
13.092888333156445,0.9743548944630901,2.4518556302944687,2.3931937034663626,Si1,PU,combo_001,31.333817919098205,2.3889775338943005,gp,0.5696843524020494,0.4303156475979506,0.8606312951959012,0.0,0.0,402.8567461068297,1.0310492654338084,0.696968261098804,0.0,0.19067713493305674,0.9999999629999999,0.6670461137929752,0.6144410175564272,0.20483590216881378,0.00041029488525062136,0.0010971989999905923,0.05533725669745585,2.321114933248502e-05,1186.9414565064644,8.090482377691297
14.588886783587487,1.3778546491104695,1.153538822770251,1.162250883492987,Si1,PU,combo_001,16.955946553403717,1.5894088298834081,gp,0.4344468423512211,0.5655531576487789,0.8688936847024422,0.0,0.0,405.66424031390056,0.8143734989054506,0.7101345188917918,0.0,0.15178522019004592,0.9999999629999999,0.6670033137163678,0.6172715903636794,0.19026395834997906,0.0005545240506943975,0.0009720474458848032,0.05519380650481057,6.067928810742739e-05,1200.3923929188418,4.824327365765074
15.781759549009863,0.9005179527508209,2.439369854920959,1.6290093626945954,Si1,PU,combo_001,25.7086340651319,2.196696347755489,gp,0.587506375340439,0.41249362465956096,0.8249872493191219,0.0,0.0,435.09372236298157,2.5970595359804505,0.8481494599009016,0.0,0.35610006749009426,0.9999999629999999,0.6669287746734793,0.7548542839901354,0.29280381111024634,0.0012768313585748755,0.000971917158067635,0.055108514771180575,6.224523810087507e-05,1379.8690485208933,19.06497912759239
14.949176128179161,1.3042724139705375,1.1866964201842474,2.1845148726212855,Si1,Si1,combo_002,32.656697585442465,1.5477754046039036,gp,0.5750810587651927,0.42491894123480733,0.8498378824696147,0.0,0.0,413.1646065346297,1.7949180910589377,0.7453088586839178,0.0,0.2392375647697125,0.9999999599999999,0.6668143901881318,0.6619370501101339,0.2429254666559275,0.0003921008750037308,0.0010968660818295643,0.05519754974857413,8.959861729563788e-05,1217.1600553283927,11.110414524958669
13.760033478977086,1.2224193536290733,1.4866142346437932,1.3880676771776215,Si1,Si1,combo_002,19.099857709050028,1.8172660118090451,gp,0.5783933386786373,0.4216066613213627,0.8432133226427254,0.0,0.0,397.093912116435,1.2444908531906482,0.6699423966305419,0.0,0.2699364196986736,0.9999999599999999,0.6667867501901872,0.6059081914068079,0.22533252223926523,0.0015895104136700753,0.0007089542570119625,0.055255716067834436,1.897567430193181e-05,1168.9057996384286,10.864848427030577
15.562152616473009,0.9316239172753213,2.51744507098053,0.8953881569962989,Si1,Si1,combo_002,13.934167150158899,2.3453120385523305,gp,0.42745741878212584,0.5725425812178742,0.8549148375642517,0.0,0.0,417.9787297832696,2.7001854736277027,0.7678855705357791,0.0,0.2148716412019177,0.9999999599999999,0.6667281146091666,0.6857349726790832,0.27577843632374927,0.0003346033857996278,0.0011074586187983563,0.05508392539809746,4.5006220500829295e-05,1303.9676723329621,17.37986643317462
11.739954491881688,1.3217253387275136,1.5004899202735436,1.4081293093024525,Si1,PU,combo_001,16.531374009895586,1.9832355481307693,gp,0.42433974142679176,0.5756602585732082,0.8486794828535835,0.0,0.0,370.7017018965854,1.0085672389459246,0.5461712976177304,0.0,0.24388984255148669,0.9999999629999999,0.666717851001941,0.5139453678800073,0.21191114730628885,0.0017007343281100211,0.0009348628816808818,0.05518383115199971,7.921731801078953e-05,1052.5670272300015,6.066559152375269
9.405745149773356,1.4648539674938093,1.3670409678490438,0.9844031460747207,Si1,PU,combo_001,9.259045116613937,2.002515385480249,gp,0.41574613168029373,0.5842538683197063,0.8314922633605875,0.0,0.0,327.89544604987447,1.5457392067805367,0.34542352823287437,0.0,0.3238072539294404,0.9999999629999999,0.6666807496404267,0.38760315921475164,0.24556196969520036,0.0004231462370694769,0.0007517174440705241,0.055339148834485125,8.04416819470059e-05,850.5484402957528,11.598658380357215
8.744153129528254,1.0775697997262021,2.656213673965137,1.0768632062143118,Si1,PU,combo_001,9.416256774692704,2.8622556366846124,gp,0.42387462568296996,0.57612537431703,0.8477492513659399,0.0,0.0,333.8837946905864,2.522117498937493,0.373506984917959,0.0,0.24788049504976797,0.9999999629999999,0.6666729588488817,0.4109190851321397,0.27354859330353576,0.00078935169257593,0.0011458528123995384,0.055385335358511915,6.446188864216503e-05,871.700125517809,15.275985011349002
9.052119023969022,1.5231015577012355,1.2785548407243748,1.737000347521882,Si1,Si1,combo_002,15.72353389044363,1.94736886951375,gp,0.40047824011668354,0.5995217598833165,0.8009564802333671,0.0,0.0,320.5590473015596,1.34984348637908,0.3110181439050315,0.0,0.4658579004681115,0.9999999599999999,0.6666231429025706,0.3754672735367615,0.2589694327177158,0.001740265254036445,0.0010284874117673952,0.05538190989262995,7.912568161975214e-05,806.7633822726569,8.433064328363752
11.979631683890927,0.9561906192033527,2.6995214927562134,1.9893807824417318,Si1,PU,combo_001,23.832049052662693,2.5812571277113228,gp,0.5712348130738008,0.42876518692619925,0.8575303738523985,0.0,0.0,386.12492925595626,1.4237743020819844,0.6185013444266965,0.0,0.20170839874100985,0.9999999629999999,0.6666054647937972,0.5651424214988549,0.22232850905238372,0.00021647545440136125,0.0009265005105673775,0.05517987655577733,5.731620918263182e-05,1095.1340058119506,9.152975200333334
11.785089071073493,1.425226575921826,1.2145946059352133,1.991387859162009,Si1,Si1,combo_002,23.468683295278634,1.7310725113501637,gp,0.5844399269757901,0.41556007302420994,0.8311201460484199,0.0,0.0,365.61596657169486,1.4156874541349775,0.5223208112353296,0.0,0.3247095343434439,0.9999999599999999,0.6665738740418872,0.5100229819522666,0.2404525504376869,-0.00012049617453487634,0.0003945913579263079,0.05518258300651398,7.78960010156816e-05,992.2686515848995,11.022550991744312
14.921463330661691,1.227083300321408,1.3784287308301715,1.5903335871673034,Si1,PU,combo_001,23.730104304436587,1.6914468762849368,gp,0.5683028509101575,0.43169714908984247,0.8633942981796849,0.0,0.0,419.1450940252212,1.077308877927306,0.7733554490670974,0.0,0.17354269172443518,0.9999999629999999,0.6665028863071674,0.6667316247194878,0.20413130535893156,0.001204716666850003,0.0010228423297672159,0.05519074777111733,8.678740762135784e-05,1271.0949589965333,9.883966008341826
15.587109080346782,0.900832371047317,2.694358931759427,2.109059328147145,Si1,Si1,combo_002,32.87413780475244,2.427165744949361,gp,0.4230375265192663,0.5769624734807337,0.8460750530385326,0.0,0.0,424.5120832920043,2.60089619255219,0.7985249272732123,0.0,0.25401567149474263,0.9999999599999999,0.6664580275330378,0.709952878589227,0.2776458769439757,0.00043060650295972556,0.0010663677740207179,0.05508588883933368,4.8894269881585304e-05,1304.6166124700496,16.64101020128827
9.063428017201892,1.59108791394804,1.1623045407201955,1.3769468028499914,Si1,Si1,combo_002,12.479858231147182,1.8493287070668307,gp,0.4226833136351047,0.5773166863648953,0.8453666272702094,0.0,0.0,315.41653156623755,1.2494690918970959,0.2869013753983614,0.0,0.25637394039353434,0.9999999599999999,0.6663366184862716,0.336480589672041,0.22349891404745095,0.0011851617253301992,0.0011449007084739114,0.05537736899525765,8.051122646757217e-05,795.0952379505304,7.304029413218511
14.816821467991847,1.0331466930822009,1.9626804870086105,2.2654278975839253,Si1,PU,combo_001,33.56644070710914,2.0277368547299095,gp,0.5819337315413122,0.4180662684586878,0.8361325369173755,0.0,0.0,425.6097404968861,1.9171568340729792,0.8036725915823337,0.0,0.2987058974635561,0.9999999629999999,0.6662391982482299,0.7101469755047766,0.25677539279728945,0.0003998649327293032,0.0010934565629242838,0.0551642712438451,7.170308016253495e-05,1319.7058624959332,12.126147359790954
8.657442778899389,1.1835172254427104,2.2072498246282883,1.602300206284879,Si1,PU,combo_001,13.871822350530028,2.612318188302981,gp,0.41258921955903816,0.5874107804409618,0.8251784391180763,0.0,0.0,333.03129095523025,1.8434070336355235,0.36950901266180436,0.0,0.349570045590361,0.9999999629999999,0.6662065342454928,0.4104691133264928,0.26143081390323186,0.0015005666326501394,0.0009815184501948226,0.055377220031668,5.725626147364664e-05,856.012752423637,15.270231045546586
15.769554486425072,1.2628052155490819,1.2019135296536734,2.1558225348089897,Si1,PU,combo_001,33.99636092573338,1.5177826738856648,gp,0.5778892317335931,0.4221107682664069,0.8442215365328138,0.0,0.0,431.90456266643514,2.264255123569544,0.8331933119587318,0.0,0.26052378529816006,0.9999999629999999,0.666183670737308,0.7309926599799725,0.2650459459713792,0.00046141233591343153,0.0011132472640214685,0.055128792254639195,7.438275777675094e-05,1300.5844166096724,11.614846894287925
9.16236252039427,1.091990450811275,2.51943071160687,0.7901732771260166,Si1,Si1,combo_002,7.239854018956529,2.7511942785553574,gp,0.4291661881255209,0.5708338118744791,0.8583323762510418,0.0,0.0,330.3232185692089,2.6760345643840666,0.356809011690608,0.0,0.19349425649704222,0.9999999599999999,0.6660326397749536,0.39556536754764504,0.2715978644753598,0.0010251209908999548,0.0010671816187322722,0.055389153847340514,5.446352800404108e-05,873.5237806472426,12.261211104019276
9.540698802963071,1.0710948456042617,2.4172419327019705,0.7914475400911559,Si1,Si1,combo_002,7.550962598355759,2.5890953746955643,gp,0.5713514961187514,0.42864850388124864,0.8572970077624973,0.0,0.0,336.96679261004687,2.6647620197687947,0.3879652677812427,0.0,0.1975523234077542,0.9999999599999999,0.6659335296650359,0.41765066718559485,0.27175197240398663,0.0009625402763845486,0.0010659253515848813,0.05533443580535432,7.833743170784901e-05,897.1246402652531,12.600291257041233
12.01918676604718,1.48612707484721,1.1066511051183237,0.9179386377486289,Si1,Si1,combo_002,11.032875926871698,1.6446241697259265,gp,0.5635280830756386,0.4364719169243614,0.8729438338487228,0.0,0.0,361.025290606405,0.8684299425855005,0.5007919963046162,0.0,0.12448160828633852,0.9999999599999999,0.6659268433416032,0.46862432086377376,0.18834841841963063,0.0002443376530046297,0.0008917102433948802,0.05516061994483288,2.861873823051485e-05,986.225969266711,7.606561574797001
14.897481628675802,1.1606102554159248,1.550925167498924,2.4631757638233256,Si1,PU,combo_001,36.69511568975748,1.800019654781912,gp,0.5704269762819081,0.4295730237180919,0.8591460474361838,0.0,0.0,424.8315515856432,2.279532019956474,0.8000231322918163,0.0,0.18875427364499148,0.9999999629999999,0.6659118546547135,0.7007726089468445,0.2548966098700074,0.0004428948489417897,0.001031731765615552,0.055184313798772734,8.389414839620089e-05,1291.2617284922464,14.397303093542313
11.836872445982323,1.499039294336113,1.159170113426978,2.3793139715169667,Si1,PU,combo_001,28.163635989789952,1.7376415488470893,gp,0.42197512257988024,0.5780248774201198,0.8439502451597605,0.0,0.0,369.45039229198755,1.2476429198268246,0.5403030522651725,0.0,0.2590442806503434,0.9999999629999999,0.6658319497599167,0.5141077559925724,0.22382581919426217,0.0010589247880847786,0.0010809954812355661,0.05517678938023537,7.089167542123019e-05,1013.3793265220097,10.599362082955386
15.335281901308978,1.3040334783803424,1.2522222391289897,1.116686409357449,Si1,PU,combo_001,17.124700882856995,1.6329397221965973,gp,0.4284590223993803,0.5715409776006197,0.8569180447987605,0.0,0.0,417.9685668038755,1.1016966068925893,0.7678379093843114,0.0,0.19824287380712963,0.9999999629999999,0.6657954382523182,0.665620369341213,0.20881984734125691,0.00028861859594444845,0.0010250730425142365,0.055154318821587375,7.238015242256549e-05,1276.0221163279289,6.3230355007965935
8.820092057911117,1.529514957934355,1.1897363659512006,2.423771883946485,Si1,PU,combo_001,21.377891143784655,1.8197195677208229,gp,0.5733285228635623,0.4266714771364377,0.8533429542728754,0.0,0.0,327.09065239774304,2.1547402832839713,0.3416493011418851,0.0,0.21472133328840307,0.9999999629999999,0.6657691384159619,0.3810697377979936,0.25375903523767857,0.0003598372241921423,0.0010441984227684967,0.05542207162850805,3.4398902495401794e-05,810.0405571988059,16.95821178700464
11.894095409939291,0.9717055386360592,2.7974862345745244,1.2337283879306722,Si1,Si1,combo_002,14.67408315599801,2.7183328683941994,gp,0.4038113638552545,0.5961886361447455,0.807622727710509,0.0,0.0,372.5120993811671,2.2744820728327433,0.554661487884106,0.0,0.427961634447018,0.9999999599999999,0.6657536683596306,0.5528820063331814,0.2905740579606719,0.00029155046128899475,0.0009267728421820967,0.05518792914887795,7.043281543779183e-05,1039.8400069934983,12.666740339600588
15.336233839641036,1.0134012622578308,2.1395712512561103,2.0538589570812453,Si1,Si1,combo_002,31.49846123943924,2.1682442067135086,gp,0.4117079698582131,0.5882920301417869,0.8234159397164262,0.0,0.0,421.9942051218745,2.026593953143298,0.7867168768787458,0.0,0.35387802124384315,0.9999999599999999,0.6657047370787965,0.7050561611676868,0.26946461948520806,0.0003245996177424021,0.0009107967470972484,0.055167323994050235,6.626002752920006e-05,1302.8928151568437,14.654016166479384
9.494599569049164,1.3986824481657898,1.4200918299135874,1.5164872246221988,Si1,PU,combo_001,14.398438949366492,1.9862575172837729,gp,0.5789412651752457,0.4210587348247543,0.8421174696495086,0.0,0.0,336.08407617999455,1.023609783622925,0.38382560756506007,0.0,0.26660225918095043,0.9999999629999999,0.665704486923715,0.4027479521203582,0.21592464945066658,0.0015117070145012597,0.0010971607683247261,0.05533366471079586,8.565890306952518e-05,870.4779286612926,9.6140472747092
11.455812905085388,1.0991155067201626,2.0851369519311125,1.8560152155718705,Si1,Si1,combo_002,21.262163058583074,2.2918063575027,gp,0.585601256195929,0.41439874380407105,0.8287974876081421,0.0,0.0,369.92404304408603,1.4216122623715743,0.5425243241346798,0.0,0.32796869827742553,0.9999999599999999,0.665602836791382,0.5245596251483237,0.24118036223368217,0.0012494902845305265,0.0008888802944297569,0.05517899702596277,4.473127932889193e-05,1021.641689933569,9.133476296363815
14.883082323045945,1.0574220140523782,1.8552171275718665,1.2769442527859158,Si1,PU,combo_001,19.004866436153176,1.961747431541511,gp,0.5924678969953447,0.40753210300465526,0.8150642060093105,0.0,0.0,421.21469154018627,1.584520075820612,0.78306120530379,0.0,0.39138570231346603,0.9999999629999999,0.665516795139683,0.7011542251348977,0.25726270191516304,-0.0003316893058400894,0.0008880051432436672,0.055176831099607894,8.019794978972149e-05,1322.3193275388187,12.394976309744886
9.235276437250596,1.0966376204664092,2.515532191100739,2.388738089060646,Si1,PU,combo_001,22.0606565886648,2.758627236255367,gp,0.4037852541410132,0.5962147458589868,0.8075705082820264,0.0,0.0,347.9807174905756,1.641772826284727,0.4396170838115017,0.0,0.42580554449518104,0.9999999629999999,0.6654462407209242,0.46484501110721943,0.26473458203805256,-0.0005921340571272755,0.00044937367920400086,0.055380763181504776,3.597021968165989e-05,906.7054117779039,11.837656424200055
13.810467816735759,0.9051970671296573,2.7391474312434374,2.032960151398247,Si1,Si1,combo_002,28.076130743591744,2.479468221197294,gp,0.5635911348990845,0.4364088651009155,0.872817730201831,0.0,0.0,402.8856884979872,0.9677855359006875,0.6971039917379503,0.0,0.12073821025732978,0.9999999599999999,0.6653719001849514,0.6068131887730431,0.19179374689620687,-5.8624504758673945e-05,0.0007593685302502641,0.05518530288905086,3.696554987671201e-05,1182.9431153307237,6.609660791810233
10.531051151606263,1.172019362206131,2.033158796085134,1.5997990795777373,Si1,Si1,combo_002,16.84756593932577,2.382901475451484,gp,0.42122243577074414,0.5787775642292559,0.8424448715414883,0.0,0.0,353.0176150813507,1.4017018083674615,0.4632385367035501,0.0,0.26194285841330417,0.9999999599999999,0.6653033171091178,0.46222757454239494,0.23047353229202378,0.0019821262665366173,0.0007869632890252443,0.05525594997499829,7.899153788165484e-05,947.6520772383795,8.877777050041702
10.218852083897415,1.1598198224124547,2.012829053383602,1.9142882065384914,Si1,PU,combo_001,19.561828028566108,2.3345190352419984,gp,0.5657148760433017,0.43428512395669827,0.8685702479133965,0.0,0.0,357.94244488660235,1.1458666323657107,0.4863344272094769,0.0,0.1398082299832331,0.9999999629999999,0.6652756201338336,0.4632334103687692,0.20183595103082727,0.001699408035790744,0.0006614988247827532,0.05533656022805711,7.178229910536519e-05,960.2717098200122,9.358750842052656
15.018490500600626,0.9885806540148023,2.292649730282288,1.2608338168123558,Si1,PU,combo_001,18.935820700632394,2.2664691697893242,gp,0.4153628104394613,0.5846371895605387,0.8307256208789227,0.0,0.0,421.7052660953703,1.6878622500986238,0.785361844444546,0.0,0.31366306315001086,0.9999999629999999,0.6649228877190406,0.6961831543467257,0.2497719160944002,-0.0009472159322871503,0.0009536249630183118,0.05519579056193275,8.0796688751059e-05,1323.808287076589,13.531907800531698
13.935128528061469,1.3230195740423494,1.2412178171252324,1.2392493992703533,Si1,Si1,combo_002,17.269099657155337,1.6421554677067995,gp,0.5735905673620891,0.42640943263791087,0.8528188652758217,0.0,0.0,395.6008018146457,1.021532632429273,0.6629401826643612,0.0,0.21045649619651519,0.9999999599999999,0.6649094669044877,0.5924896444077097,0.2074190166599962,0.0009301109093864529,0.0009007298011277049,0.05533117734144892,4.692774235966923e-05,1150.9248788229636,7.2785894646725815
15.99876999422202,1.2115818269566623,1.300957313828403,1.3797946987308745,Si1,Si1,combo_002,22.075018024242127,1.5762162390808483,gp,0.566143695488023,0.433856304511977,0.867712609023954,0.0,0.0,424.41343680519213,1.6871624276103883,0.798062306523196,0.0,0.14066756854788703,0.9999999599999999,0.6648729833716223,0.6877658644349605,0.2237943688309542,-5.0597585175347405e-05,0.0005984644186634261,0.055189997524666086,9.247620268854597e-05,1321.1504316836283,10.324114511991421
13.972402105701324,0.9851152321574566,2.2564621401472156,1.4723852337557046,Si1,Si1,combo_002,20.572758540531744,2.2228752250456356,gp,0.5916148288674492,0.4083851711325508,0.8167703422651016,0.0,0.0,403.7547015534839,1.3624713464668357,0.7011793874717422,0.0,0.37765375916284216,0.9999999599999999,0.6647776223188815,0.6399052326522122,0.24624807114440603,0.0005072805598601236,0.0008427741720336131,0.05529329879382713,5.591488460890094e-05,1206.4699057330427,10.032362116513568
10.07311257944647,1.2529147622385572,1.8223330281273773,0.598669343744047,Si1,Si1,combo_002,6.030463697397122,2.283227952655683,gp,0.4281886098699772,0.5718113901300228,0.8563772197399544,0.0,0.0,337.20602335716035,1.859723141761704,0.38908718414373145,0.0,0.19206027020576577,0.9999999599999999,0.6646800826215935,0.4086108555961316,0.2384623473931656,0.0011771479732167914,0.0009774339337983312,0.05539227336434606,4.00985797571114e-05,902.800800744842,11.717536274113382
13.885806883179926,0.8739751668832137,2.920007928261103,1.599530357114063,Si1,Si1,combo_002,22.210769642669703,2.552014416402305,gp,0.5673225788714262,0.43267742112857377,0.8653548422571475,0.0,0.0,401.5143009212235,1.365508425880815,0.6906726187633254,0.0,0.15008523714545774,0.9999999599999999,0.6646699030933882,0.6098286366767748,0.2122352729694731,0.0013863308888266248,0.0008272156027361407,0.055223147555663904,5.307682504406263e-05,1185.0518975448026,7.2444395076797825
12.416227645978651,0.9954258856086946,2.555015652229537,1.8452880383129844,Si1,Si1,combo_002,22.91151635609539,2.5433287183646636,gp,0.4251232642767775,0.5748767357232225,0.850246528553555,0.0,0.0,382.8945965553251,1.1795982480468283,0.6033521081481283,0.0,0.22054044787136748,0.9999999599999999,0.6646634653176824,0.5536076763320802,0.21530612062509277,0.001090907499113351,0.0009524108011432675,0.055226059137504314,8.136059139179175e-05,1080.8576814765004,6.669708756086513
11.078877107508,1.3212862046605942,1.491222513277734,0.8367379333385053,Si1,PU,combo_001,9.270116734647521,1.9703317348731697,gp,0.5817745030996946,0.4182254969003054,0.8364509938006108,0.0,0.0,357.7997126388965,1.671219319313683,0.485665058217037,0.0,0.2847032432344631,0.9999999629999999,0.664635747658781,0.48330765615685245,0.2447567626703503,0.0003474621862470377,0.0009372885430007021,0.05523375110427976,9.416281387722105e-05,997.4829056603802,10.2944091073487
11.718180506188524,1.2632569902360293,1.5762049046129576,1.0331299791340514,Si1,PU,combo_001,12.106403581847598,1.9911518637966326,gp,0.5782423221646695,0.42175767783533047,0.8435153556706609,0.0,0.0,370.80159021107085,1.5041552638136428,0.5466397421458473,0.0,0.25132947641758985,0.9999999629999999,0.6645836409222454,0.5207275860438048,0.23301329501247275,0.0006760547455552526,0.0010268334291329406,0.055184835773351204,7.970171750949981e-05,1059.2892812885652,8.795276487750552
9.559539935561938,1.1374992217902133,2.153711570927405,0.6181804500438585,Si1,PU,combo_001,5.909520699577917,2.4498452358905007,gp,0.5727938563894384,0.42720614361056164,0.8544122872211233,0.0,0.0,340.9315411444276,2.497730966891462,0.4065586814939248,0.0,0.19912291525073575,0.9999999629999999,0.6644101570177019,0.4288985243553409,0.26525148993343034,0.0013032305814693434,0.0009567412940715867,0.055335892904879086,8.100636315122498e-05,910.6962824052086,15.655568165875167
9.952931425469828,1.553644016472165,1.1836727555414366,1.1993460031884915,Si1,PU,combo_001,11.937008525146373,1.8390060941080726,gp,0.4296785934089087,0.5703214065910913,0.8593571868178174,0.0,0.0,333.32076310957075,1.600881492387842,0.37086654529654306,0.0,0.1754285173772591,0.9999999629999999,0.6643309614748851,0.39121076676711986,0.2255289516329373,0.001124094913296759,0.0010234248361343581,0.055395381719486665,4.8218924248069014e-05,873.6760556474901,13.938375933337445
9.204400428471464,1.0292070304867291,2.646757482032145,0.5473886963610457,Si1,Si1,combo_002,5.038384751326046,2.724061408500836,gp,0.5680065587805814,0.43199344121941863,0.8639868824388373,0.0,0.0,331.5519065026561,3.363250740847149,0.36257116857704275,0.0,0.15156502050800874,0.9999999599999999,0.6640416640090521,0.40332430591523993,0.29302271158798343,0.0012860294789062432,0.0010291619037293435,0.055384035580114836,4.5345657492952024e-05,882.1862501123298,14.535905246389953
8.301819962931722,1.3990691683560499,1.5900234643384723,0.8114238758599149,Si1,PU,combo_001,6.736294931013274,2.224552805918632,gp,0.4017576696566323,0.5982423303433677,0.8035153393132646,0.0,0.0,314.19017942867526,2.2733286938943698,0.28115017265412756,0.0,0.4335551699480686,0.9999999629999999,0.6640147126424477,0.36197014987501946,0.2913665749703418,0.0006278082978814818,0.0008679204236476284,0.05530564544915308,8.967316138154226e-05,789.9524034412575,16.025406803041626
15.307666409894637,0.9093719354170114,2.4592219189840643,1.125729799413525,Si1,Si1,combo_002,17.232296237099842,2.2363473960864755,gp,0.5843219874750503,0.41567801252494974,0.8313560250498995,0.0,0.0,418.33552013548507,2.2983512239675243,0.7695588041771837,0.0,0.30337326348073196,0.9999999599999999,0.6639815702345881,0.6911263195926901,0.2728484036441693,-0.0003910558473904216,0.0011012636157812252,0.05518261217526903,6.775136396500684e-05,1295.7269298511083,16.084488454995068
8.457422728727897,1.2865742188799274,1.7349462466778243,1.9048088081855523,Si1,Si1,combo_002,16.109773308229588,2.2321371121181834,gp,0.5957175871347147,0.4042824128652853,0.8085648257305706,0.0,0.0,323.2908097793865,1.5045714778294943,0.3238292438965094,0.0,0.409728436943875,0.9999999599999999,0.663981088976878,0.38060492878960195,0.2567899238283839,0.0017478604732338024,0.0009306148027500922,0.05533284269386792,7.881784366313199e-05,808.8417035516665,14.181839934731004
9.573474656207615,1.4715057680877126,1.2665621300409984,2.116676945497904,Si1,PU,combo_001,20.263953093103133,1.8637534799967888,gp,0.5781779872604034,0.42182201273959663,0.8436440254791933,0.0,0.0,337.9061636628042,1.3158455369433428,0.39237062021713504,0.0,0.24590978790150927,0.9999999629999999,0.6639662652510131,0.4100274593877457,0.2246061381448273,0.0008105519229157492,0.0010352520929960557,0.055333696952044306,8.872710223863086e-05,867.5292805270021,12.997232785386837
9.272792491377235,1.0877321293877382,2.5381542907466104,1.5800921977741267,Si1,Si1,combo_002,14.651867067203675,2.760831971388435,gp,0.41354058661718796,0.586459413382812,0.8270811732343759,0.0,0.0,337.23720727075676,1.752915916617212,0.38923342681250367,0.0,0.3219650841711789,0.9999999599999999,0.6638076669277793,0.4204730355678539,0.25364071996261917,0.0015493176382433151,0.0007547327566604191,0.05537452125767377,3.086251121015162e-05,884.7758553751924,7.925733739545177
15.82041532116245,0.9190619660271351,2.578461239888002,0.5323157262194324,Si1,Si1,combo_002,8.421455870777624,2.3697656564562313,gp,0.41919390028007797,0.580806099719922,0.8383878005601559,0.0,0.0,418.2658363196927,3.689223943888409,0.7692320091724387,0.0,0.26874920003228,0.9999999599999999,0.6637498109501565,0.7034612928626706,0.32374627054041605,0.0005487954214368814,0.001153760129272799,0.055116339890270136,5.9905111429259215e-05,1318.4343800979493,20.52289739743659
14.912386087363187,1.1006373131060545,1.7118942320789095,0.706844978159775,Si1,PU,combo_001,10.540745218232363,1.8841746679170834,gp,0.5846951701552996,0.4153048298447004,0.8306096596894008,0.0,0.0,416.60109331698123,2.2920022172364622,0.7614248922503205,0.0,0.3050319786367287,0.9999999629999999,0.6637478625589478,0.6855252975186301,0.2728411669745744,3.3429329195503506e-05,0.0008861274402689937,0.055183928119215804,8.35791589214561e-05,1315.1155356700613,13.353160372440477
11.86452503708276,1.0045779360869942,2.45226608477007,1.9944497643208243,Si1,PU,combo_001,23.66319916398823,2.4634924021744506,gp,0.5813391243761146,0.41866087562388543,0.8373217512477709,0.0,0.0,384.4804735306237,1.360322382988377,0.6107893684039669,0.0,0.27329142199321727,0.9999999629999999,0.663694382781276,0.5661712247570972,0.2305070570614779,0.00012709913049234781,0.0008958625351663228,0.055180247119312194,6.911378247647791e-05,1090.4213263454917,10.641215416568691
15.003204874718929,1.0627940789369519,1.9774847491844803,1.4173205360703944,Si1,PU,combo_001,21.264350375810587,2.101659082621389,gp,0.4101748603576141,0.5898251396423859,0.8203497207152282,0.0,0.0,422.0039311958834,1.3932524730459594,0.7867624890824657,0.0,0.3516455555973317,0.9999999629999999,0.6635856617407486,0.697567254943159,0.243588190329549,1.954021732905576e-05,0.0008348190135893825,0.05519446206930225,8.361419504117145e-05,1326.8529690020275,12.211803930240215
12.86334516636687,1.0415967518817526,2.149235301866227,0.5633700882392775,Si1,Si1,combo_002,7.246823901428387,2.2386365094534604,gp,0.5892065015486594,0.4107934984513406,0.8215869969026812,0.0,0.0,383.4757554920914,2.5983192739339285,0.6060775593212395,0.0,0.3450606352441341,0.9999999599999999,0.6634817713145884,0.5843145252139138,0.2911986988628344,0.0005790064023684194,0.001037999377072416,0.05522903229185354,3.260983261619588e-05,1121.7638185134153,12.65249081240851
12.05443477000626,1.0068879734777985,2.4096799559041022,1.1777257343024883,Si1,Si1,combo_002,14.196818041107068,2.4262777675303524,gp,0.586999053889997,0.41300094611000304,0.8260018922200061,0.0,0.0,376.0707659296949,2.1102528864465735,0.571350505820169,0.0,0.32420947137436285,0.9999999599999999,0.6634499599749333,0.5522967947819626,0.2683881562025825,0.0005534454336268342,0.000921739616116956,0.05517528205606058,4.7011501679971804e-05,1059.4591763630244,10.55153370569275
8.355921206900819,1.0528696357054514,2.8127199534737293,2.4159219257803244,Si1,Si1,combo_002,20.187253253844478,2.9614274327553396,gp,0.42850075019109113,0.5714992498089089,0.8570015003821823,0.0,0.0,330.8878783027188,2.110508707470231,0.3594570868310612,0.0,0.17928069179592762,0.9999999599999999,0.6634161472966722,0.38948147119365994,0.24665915608252445,-0.00032930715686083935,0.0008270397668104317,0.05530856130228381,7.239225993625471e-05,846.0481157814602,15.47814192005533
12.663046113046033,1.0914208641996996,1.9807559052307324,0.852722585276052,Si1,Si1,combo_002,10.798065418986475,2.1618383218555843,gp,0.5877648568440748,0.41223514315592524,0.8244702863118505,0.0,0.0,382.05645730247755,2.0244792353655385,0.5994215007610784,0.0,0.3308639329394428,0.9999999599999999,0.6633867991764841,0.5716236225154597,0.2659272233515788,0.00015858423614245642,0.0009523480140668886,0.055205190943982275,6.596549934892458e-05,1108.8206435653308,11.034592138407112
11.664593467812066,1.4185229498257628,1.2343427542488528,2.011865470331081,Si1,Si1,combo_002,23.467592823340578,1.750943524853139,gp,0.5875697188415927,0.4124302811584073,0.8248605623168146,0.0,0.0,364.2078490627743,1.4252683459866295,0.5157171865230954,0.0,0.32898975014917897,0.9999999599999999,0.6633800230013809,0.5059388607187957,0.2414809635043652,-9.041851185167811e-05,0.0004875266974882004,0.055189963946171657,8.221687984718875e-05,987.2125093307689,11.217682723970894
9.032122491630743,1.4639530288550424,1.299504511588784,0.5811809263078586,Si1,PU,combo_001,5.249297316211998,1.902413565751193,gp,0.599329434625389,0.400670565374611,0.801341130749222,0.0,0.0,320.1826431140125,2.0708534119529394,0.30925292759394396,0.0,0.43719498573794136,0.9999999629999999,0.6631811874437614,0.3796730668331599,0.2837470715633086,0.0010514656793711957,0.0010765034417478368,0.055384025325925346,7.869756630672251e-05,823.1107999994522,14.201484787577709
15.438669717359392,0.9849846368564408,2.256729049723879,1.7697760338990667,Si1,PU,combo_001,27.32298766106593,2.222843443525656,gp,0.4213936657768613,0.5786063342231387,0.8427873315537227,0.0,0.0,429.9398942885432,1.8962152768835896,0.8239796401100393,0.0,0.24345855375964898,0.9999999629999999,0.6631400871923975,0.7185958789440118,0.24764375468251507,0.00138607882125477,0.0009550436212361032,0.055120399715883464,5.228274314232314e-05,1354.870888599731,15.493759629655566
14.227803040255463,0.9254788539201438,2.5146978859327884,0.5605589533793741,Si1,PU,combo_001,7.975522381133479,2.3272997174284855,gp,0.6054154610103808,0.3945845389896192,0.7891690779792384,0.0,0.0,408.774694524336,3.0976375337700714,0.7247215630554925,0.0,0.493481610159876,0.9999999629999999,0.6631150474170019,0.68796075033696,0.3335984820614282,0.0005134467055190751,0.0011131443211717775,0.05530763699865431,4.890365733340903e-05,1264.3558199637769,14.662743384695489
13.841135632597393,1.1908349914745375,1.5642673923568808,0.8792460714827262,Si1,PU,combo_001,12.169764129820836,1.8627843468412033,gp,0.5805696875352169,0.41943031246478313,0.8388606249295663,0.0,0.0,401.6508243881783,1.6005818897289976,0.6913128705423648,0.0,0.2612874425670858,0.9999999629999999,0.6630765792974623,0.6241056348285017,0.23839570795754522,-2.783663769272398e-05,0.0008841183610404853,0.05528961030251638,2.3561259101606754e-05,1220.6020434531229,9.304416238951282
9.085420685140754,1.1280094235043359,2.2129765117709055,2.1220903335943073,Si1,PU,combo_001,19.280083412574964,2.4962583592713354,gp,0.5828713690112011,0.41712863098879893,0.8342572619775979,0.0,0.0,344.5859454278661,1.5875193512130648,0.42369667905572517,0.0,0.2822786764522506,0.9999999629999999,0.6630136626852331,0.43872291290578,0.2410176035932534,0.0007929135269512184,0.001041262441723989,0.05539054215605708,7.175521206752544e-05,893.5315870596371,13.177090228727645
10.984736691858272,1.2749091156399484,1.6788628626804303,1.0687966944889928,Si1,Si1,combo_002,11.740450266090075,2.1403975675406595,gp,0.424956738835391,0.575043261164609,0.849913477670782,0.0,0.0,353.38358574162874,1.2433331697931342,0.46495482307940617,0.0,0.2087597407687522,0.9999999599999999,0.6629551693130473,0.4562858827832109,0.21610933304294278,0.0008484072444973876,0.000992718190263038,0.05524008634379301,9.554480787280012e-05,966.2758814425207,8.68773529171956
8.060760020267127,1.2769938485729462,1.781349123279128,1.5644770411091702,Si1,Si1,combo_002,12.610873985598609,2.2747718725882575,gp,0.6023895691592145,0.3976104308407855,0.795220861681571,0.0,0.0,316.0867294215534,1.8535993567181743,0.2900443908721501,0.0,0.46318939974643714,0.9999999599999999,0.6628523573968357,0.3663232528045877,0.2788847552300019,0.0012453907208588204,0.0011284651460722675,0.055286196336764785,9.549715628052823e-05,786.850334562007,16.157570074380324
15.804441021971616,1.1688414119583888,1.4345786088123649,1.4234345057950293,Si1,PU,combo_001,22.496586695476854,1.6767948866895457,gp,0.5704687083351132,0.4295312916648868,0.8590625833297736,0.0,0.0,431.13419917536675,1.6527604013271269,0.8295805514080005,0.0,0.16465994104380086,0.9999999629999999,0.6627753112812416,0.7118314808742039,0.22600585130135237,0.00011122346362191183,0.0006930577140145781,0.055131802136535284,7.637032826123326e-05,1346.2321489285562,12.217026342581354
15.635360535766456,1.1307887434300214,1.689203611756197,2.07371441559702,Si1,Si1,combo_002,32.42327253607565,1.9101324295352438,gp,0.4038770668576319,0.5961229331423681,0.8077541337152638,0.0,0.0,424.39876951008193,2.1848681707094695,0.7979935215589883,0.0,0.40305849992180065,0.9999999599999999,0.6626419681152684,0.7196915528166379,0.28322461505435137,0.0003919977325582457,0.0009665513950253063,0.05507760693377483,4.0920912469560164e-05,1317.738810485228,15.42380642373332
15.365993213617552,0.9996804223723502,2.203393624674531,1.540434934706679,Si1,PU,combo_001,23.670312752722225,2.202689469367179,gp,0.4147293251065207,0.5852706748934793,0.8294586502130414,0.0,0.0,427.70345199443193,1.7086268562576454,0.8134914347526608,0.0,0.30169098967260477,0.9999999629999999,0.662631749863029,0.7149159174809689,0.24881350550485104,0.0006780689932885955,0.0009116235927109541,0.0551556417023546,6.276235232138296e-05,1350.5951746460346,14.922107787555994
14.071175232844332,0.9175240544940018,2.7724115499767645,2.154901302705281,Si1,Si1,combo_002,30.32199383985054,2.5437542860606808,gp,0.43251964588341707,0.5674803541165829,0.8650392917668341,0.0,0.0,405.5611963773432,1.1148059652154954,0.70965127549656,0.0,0.1356121322043824,0.9999999599999999,0.6626271551168939,0.6187777019047713,0.19995391325925133,2.3110443892326556e-05,0.0008077045410408913,0.05529210787737721,5.739198038333349e-05,1197.2467152205375,7.0455427803773585
11.914314699137979,1.0452912553821294,2.2558781546240096,2.3295208836126524,Si1,PU,combo_001,27.754644905575116,2.3580497082360523,gp,0.580839546509992,0.41916045349000797,0.8383209069800159,0.0,0.0,385.99344107060824,1.2440463155242298,0.6178847065220967,0.0,0.26009757096597447,0.9999999629999999,0.6626014884346721,0.5684788016346243,0.2238387679488531,0.00015070312344120493,0.0009964624930818805,0.055173429098874315,5.854918983559179e-05,1098.7009999966747,10.826003376995741
9.501307021020086,1.0843078304410572,2.3480247266093937,1.9416631048528687,Si1,PU,combo_001,18.44833729059422,2.545981597131788,gp,0.5866760512521694,0.4133239487478306,0.8266478974956613,0.0,0.0,350.5099740331353,1.4803631452884067,0.4514784951654667,0.0,0.3132222551986656,0.9999999629999999,0.6624286263478136,0.46002984968211774,0.24133771709228552,0.0015734408233889056,0.0009168482964365526,0.055335813135543595,7.669675690920542e-05,923.347243473451,12.580517936428851
11.019253093006073,1.4345158024995446,1.3167916657879175,0.9493895602033424,Si1,Si1,combo_002,10.461563847738356,1.8889584531724666,gp,0.4307655454909707,0.5692344545090293,0.8615310909819414,0.0,0.0,347.4133899252267,1.0519490659571642,0.4369564973854854,0.0,0.1493970832881388,0.9999999599999999,0.662295787539938,0.4285455925170442,0.19948674655758777,0.00044981510547275466,0.0009740932017017292,0.05523926535035582,9.603624348862869e-05,940.7964582026026,9.868735872669832
9.536549128265445,1.2689795703431932,1.8226583547914297,1.2791823170332182,Si1,Si1,combo_002,12.19898501039571,2.31291621594566,gp,0.41838652592250014,0.5816134740774999,0.8367730518450003,0.0,0.0,333.7250546924533,1.3232275114032082,0.37276254465082853,0.0,0.2643030097575553,0.9999999599999999,0.6622148766805036,0.3982261861437753,0.22766282315717254,0.0011773645622777306,0.0010217707082628594,0.055335744166248924,8.238497969025911e-05,870.4580844271763,11.0956433159586
8.881942067700635,1.2468029364813673,1.9564070881155513,1.4219278683071441,Si1,Si1,combo_002,12.629480950753111,2.4392541024154304,gp,0.4099070362788666,0.5900929637211334,0.8198140725577332,0.0,0.0,326.3357073944176,1.4432442282205722,0.3381088484106644,0.0,0.3433070562851095,0.9999999599999999,0.662197216296396,0.3832518792391353,0.2443534954738238,0.0012000883759218529,0.0011129695383173426,0.0554089716158088,6.64586284238045e-05,837.088682738778,12.899667320104601
10.778565651410904,0.9636238084736188,2.982675871121651,0.7342111620319957,Si1,Si1,combo_002,7.913743211960554,2.874177482372614,gp,0.43654405219983516,0.5634559478001648,0.8730881043996703,0.0,0.0,354.27299083491596,3.2190609026625863,0.46912585100570536,0.0,0.09463150504590037,0.9999999599999999,0.6621890939917154,0.4705578248529597,0.27866775901220087,0.0009740514249051258,0.0011176360065796693,0.05523936966452175,8.409558392646663e-05,967.6278719547959,17.52848388912942
13.583760455372452,1.051220884826709,2.1621612479294336,1.2088563141107145,Si1,Si1,combo_002,16.420814595844423,2.2729090601864006,gp,0.40712970909055457,0.5928702909094454,0.8142594181811091,0.0,0.0,395.672059208779,1.600464592644846,0.6632743572526657,0.0,0.3683341281432478,0.9999999599999999,0.6620826058032916,0.6151819922441043,0.2544479799566848,-8.278144455014624e-05,0.0009706389377896371,0.055132475495898656,9.661531221637435e-06,1172.8104392558773,10.119752396558836
12.709460951315751,1.0232167307206794,2.3849790028553555,1.6930593383068473,Si1,Si1,combo_002,21.51787154847136,2.440350418139123,gp,0.412844329357938,0.587155670642062,0.825688658715876,0.0,0.0,386.28315560263036,1.1739584614007257,0.619243375831323,0.0,0.3148289575491847,0.9999999599999999,0.66206099230816,0.5740954310263425,0.22922195429562064,0.0017760832734971103,0.0009795298573960977,0.05520190010044436,5.6086197546607495e-05,1104.0152316825865,6.918662626006471
12.947802961806374,1.0705457769203637,2.031377245849102,0.9590617052531092,Si1,PU,combo_001,12.41774198783128,2.1746823318758755,gp,0.5879235185206824,0.41207648147931764,0.8241529629586353,0.0,0.0,393.47674285569553,1.9389668409733594,0.6529790195208687,0.0,0.32168772107889654,0.9999999629999999,0.6620215593085165,0.6072109601732183,0.26110222596435684,0.00033637388459013004,0.0010678071264966366,0.055273347095515166,3.603178896263028e-05,1178.037440651724,9.294627072252721
12.440556113653367,1.0482117090698826,2.3088893720141646,1.4109700460687093,Si1,PU,combo_001,17.553252032801854,2.4202048746922555,gp,0.415210704623604,0.584789295376396,0.830421409247208,0.0,0.0,388.4236973783781,1.5323815024915526,0.6292818381601762,0.0,0.2919082237102972,0.9999999629999999,0.6619540793473094,0.5829601608650773,0.2402384221932793,0.0005553595049468006,0.000810920164575854,0.055223456664457715,8.204209043864892e-05,1130.0338243297745,9.576205180672156
11.028995635935475,1.239019563151739,1.7693028255154664,1.7997971744902053,Si1,PU,combo_001,19.84995518302147,2.1922008139533102,gp,0.4331914232510883,0.5668085767489117,0.8663828465021766,0.0,0.0,365.69630002031596,0.964766380315836,0.5226975496418707,0.0,0.12362660995855666,0.9999999629999999,0.6618949487150897,0.48498273177852813,0.19210525001055406,0.001829687890652072,0.0007938436390573937,0.05523679363163371,9.462659639075816e-05,1012.114890033956,7.273250199698407
9.132017390953765,1.143564152716146,2.305689120825745,1.7667992827256327,Si1,Si1,combo_002,16.134441776175116,2.636703425883929,gp,0.4122679972342951,0.5877320027657049,0.8245359944685902,0.0,0.0,335.2077278698475,1.3802945763327898,0.37971581181239716,0.0,0.3186240669807346,0.9999999599999999,0.6618580724953451,0.4091831261423776,0.23811239716180185,0.001908492961011208,0.0009202531176388774,0.05538948924595617,6.329703901844752e-05,871.2769646186621,9.293276758921273
8.471631806213765,1.5136001841652702,1.3294826233093158,1.0190073099458798,Si1,PU,combo_001,8.632654737701843,2.012305143485507,gp,0.40682750263718503,0.593172497362815,0.8136550052743701,0.0,0.0,313.1086508225795,1.9697111998682297,0.27607814636018757,0.0,0.3690552006317233,0.9999999629999999,0.661813643429547,0.3484713444855232,0.26944721439052716,0.00043439328010211423,0.0008241616406102858,0.055338986391969026,8.030801174163021e-05,782.963511758647,13.748349516050071
14.04872053694903,0.9949040706232608,2.3751786580975605,0.7416816379706622,Si1,Si1,combo_002,10.419678059236437,2.363074915398757,gp,0.4099336273849019,0.5900663726150981,0.8198672547698038,0.0,0.0,398.761664361306,2.3792128120642086,0.6777636259443914,0.0,0.33954483701504135,0.9999999599999999,0.6617470447209475,0.6314185685070303,0.28153514680783864,0.00020256668680967911,0.0009336783733518443,0.05530110025790522,5.5812077727246474e-05,1198.5587619317616,12.077594260824778
12.492814666963662,1.3981546368101436,1.2789017277335082,1.3732421978285378,Si1,PU,combo_001,17.15566027032577,1.7881023806551084,gp,0.4249171116639161,0.5750828883360839,0.8498342233278322,0.0,0.0,378.0681208669326,0.9032687245747707,0.580717467269826,0.0,0.19892517004793736,0.9999999629999999,0.661647914370961,0.5324179320017447,0.20091994058544538,0.0019086566639896596,0.000877026153329272,0.055215551109771006,8.637491619399502e-05,1076.8845310879854,5.880918772433833
9.549355161035798,1.0659418943527106,2.4449269394382,0.7083930652260535,Si1,PU,combo_001,6.764696973458383,2.60615005337873,gp,0.5710214261088709,0.42897857389112914,0.8579571477822583,0.0,0.0,343.6184511775887,2.6361885611648455,0.4191594377391437,0.0,0.16101212592031097,0.9999999629999999,0.661647137616324,0.4355033330324415,0.2651186253685807,0.0011828951331376337,0.0010186012708997317,0.05533432260818221,7.837992292947598e-05,919.7154732528601,15.659462565932525
9.039266298138992,1.2112583818540978,1.9381979193728904,1.672723239651329,Si1,PU,combo_001,15.120190806294131,2.3476584755325867,gp,0.5756451685205661,0.42435483147943387,0.8487096629588677,0.0,0.0,338.3377913334135,1.4510731070242042,0.39439481715671065,0.0,0.20414224090803404,0.9999999629999999,0.6616439587520841,0.40882578328320995,0.22379449867568707,0.0017988437131238526,0.0009625104132118703,0.05539242832625425,7.56115264885511e-05,872.2174675995959,11.68114430569352
9.348383053722738,1.109694964958173,2.2645830479610893,0.6180367399357697,Si1,Si1,combo_002,5.777644186193596,2.512996406052054,gp,0.5835759111261325,0.4164240888738675,0.832848177747735,0.0,0.0,332.1036850356032,2.6953319934134434,0.3651588349704838,0.0,0.2777738582691457,0.9999999599999999,0.6615941700809091,0.41006055594407936,0.28501803647276347,0.001330922465534014,0.0009578820189625078,0.05535604739417194,5.629251049759991e-05,880.5314214244661,14.246503596472122
15.308515971150234,1.1164353867291559,1.6212710559375014,1.1806986994420008,Si1,PU,combo_001,18.07474489752418,1.8100443783283713,gp,0.5857052065580035,0.4142947934419965,0.828589586883993,0.0,0.0,424.72864445268243,1.714369136915901,0.7995405304620828,0.0,0.29710323498018,0.9999999629999999,0.6615244743477233,0.7047576736329777,0.24835691848728325,-0.00010002706979769511,0.000948751883898984,0.05516677069648984,7.391741433388359e-05,1335.529870819852,13.386209263009855
13.116517841975096,1.4139014313633929,1.1274645901327807,1.8863200431743123,Si1,Si1,combo_002,24.7419505019711,1.5941237978002796,gp,0.582018902954502,0.417981097045498,0.835962194090996,0.0,0.0,384.5422747570065,1.3327269617930795,0.6110791965633374,0.0,0.2622839053081563,0.9999999599999999,0.6614714596399467,0.5649553881242738,0.22774305379315063,2.8458911282320956e-06,0.0008746465037163306,0.05527605375146703,2.866591231795505e-05,1068.5695227596536,9.36522018135153
13.427983260243419,1.4508631087246755,1.1183961311409314,0.8302728940338115,Si1,PU,combo_001,11.14889052251988,1.6226396876127815,gp,0.41619634267647143,0.5838036573235286,0.8323926853529429,0.0,0.0,385.06997857789463,1.0303910361282316,0.6135539601894417,0.0,0.27893059758599253,0.9999999629999999,0.6614700489074307,0.5648687688301812,0.2180473763243034,-0.0002641518719922242,0.0003623483502981936,0.055210734163360746,5.935581569455126e-05,1108.7334434507125,7.3963899697461075
15.587250853870891,0.8158251668164863,2.9860570277473037,0.9246743396608731,Si1,PU,combo_001,14.413130890431447,2.4361004727854856,gp,0.5911810393377266,0.4088189606622734,0.8176379213245468,0.0,0.0,426.93256556681075,3.515626097935032,0.8098762217952794,0.0,0.3473883269053514,0.9999999629999999,0.6614190834237186,0.7377758978190228,0.32854124098707504,0.00036051678366753144,0.0011499454459202314,0.05508682804263417,4.930894623178445e-05,1348.6087828956754,18.145478120185395
11.374528623719922,1.477868263390604,1.2213095261153506,2.401307358390728,Si1,Si1,combo_002,27.313739282364605,1.8049345884224945,gp,0.4148028059491651,0.5851971940508349,0.8296056118983302,0.0,0.0,358.9699610500698,1.830650439244353,0.49115315227063694,0.0,0.29120074330603574,0.9999999599999999,0.6613757367316437,0.48963609445198153,0.25216096685766776,0.0010384220650157976,0.0010737053329694414,0.05519997031800463,7.450309237850043e-05,961.1987661835864,13.56323789003546
8.247002400671805,1.0511078528524105,2.6059433280749813,1.3264859750009212,Si1,PU,combo_001,10.939533020290078,2.739127496227958,gp,0.5868389321410348,0.4131610678589652,0.8263221357179305,0.0,0.0,330.61427376911763,3.0116734136237664,0.358173968307201,0.0,0.30648004844077414,0.9999999629999999,0.6613701537502107,0.41168676830646983,0.302081464431847,0.0008993330180921892,0.001158874359445429,0.05530184585204123,8.459460012872946e-05,852.153415247506,18.95956642107476
10.019929066757129,1.1197969622103017,2.155560896794903,2.1991640868236066,Si1,Si1,combo_002,22.035468156132254,2.4137905440902463,gp,0.5809970078251183,0.4190029921748817,0.8380059843497634,0.0,0.0,351.2608248391825,1.2603408334863315,0.45499974740940424,0.0,0.2506354279006132,0.9999999599999999,0.6612010533168209,0.453700866950311,0.22307657559292554,0.00020152200056281568,0.0010449068868742376,0.055406664207159104,1.7317404767180623e-05,927.0987425596699,9.808768167374595
13.95443114483081,1.1470721512721058,1.6694540689016404,2.2452129068656292,Si1,Si1,combo_002,31.330668914341853,1.914984270264975,gp,0.5791960897425668,0.42080391025743324,0.8416078205148665,0.0,0.0,404.91938881758506,1.5124147652328237,0.7066414015085811,0.0,0.23337048892525789,0.9999999599999999,0.6611425892268974,0.6310280174968123,0.23065253775776803,0.0003166331422680457,0.0010255335059980995,0.05531567917349856,5.0205769830233866e-05,1199.7237197451614,13.312779632150583
14.196150091673655,1.24536049282858,1.389228912291413,0.6492879194331083,Si1,PU,combo_001,9.217388756982917,1.7300908028629463,gp,0.5858680268113972,0.41413197318860284,0.8282639463772057,0.0,0.0,402.7757074271019,1.7431699591863339,0.6965882153819467,0.0,0.29512936311551535,0.9999999629999999,0.661076929991382,0.6328255193313597,0.24922232475088663,1.5239035859664855e-06,0.000742524464503905,0.055335933054345206,1.7712501176265652e-05,1222.4209220342511,9.626547587787138
14.16935574788559,1.3274494377836548,1.215073001790958,0.8050033177366132,Si1,Si1,combo_002,11.406378387238249,1.6129479730935048,gp,0.5630641302686854,0.4369358697313146,0.8738717394626292,0.0,0.0,395.81895819198763,1.077766746931809,0.6639632669136657,0.0,0.08126179637320861,0.9999999599999999,0.6609448260844719,0.580934283108441,0.19030763566642075,-0.00026354408597190017,0.0006411845989332682,0.05534260143103235,1.2888493660196842e-05,1168.2014227013,6.309158586500907
10.187820493128962,0.9587265493643848,2.882420898247501,2.3103292164290883,Si1,Si1,combo_002,23.537219337010843,2.7634534415926173,gp,0.5792098843200506,0.4207901156799494,0.8415802313598988,0.0,0.0,356.51567101557913,1.8836968001662253,0.47964331007346334,0.0,0.23159068458518597,0.9999999599999999,0.6608980906691515,0.4762294183062479,0.24535872547484516,-0.0002807734777885727,0.0009511939837266988,0.05533844655042821,5.829057407167552e-05,947.2996774889402,12.531944521230386
13.897881298476936,0.9888939171857718,2.264370546168079,2.0634414837286097,Si1,Si1,combo_002,28.677464807213344,2.2392222593602376,gp,0.5730201488401008,0.4269798511598992,0.8539597023197985,0.0,0.0,405.1334837521739,0.9978216221972525,0.7076454388789415,0.0,0.17376151524950378,0.9999999599999999,0.6608906214252863,0.6198406188686357,0.20095854573691754,-0.00024669479745452114,0.000676617375407268,0.055264844313014615,4.9355137040683364e-05,1201.8321736185042,8.921400650737473
13.676988476673603,0.9740797902513344,2.503397027850202,2.4618416043235545,Si1,Si1,combo_002,33.67057925372891,2.4385084518041387,gp,0.4197447685609177,0.5802552314390823,0.8394895371218354,0.0,0.0,402.10734043123307,1.3187792699914624,0.6934537860585412,0.0,0.24067998311786704,0.9999999599999999,0.6608126083117765,0.620296498226532,0.22393997932586274,0.0005202332126349761,0.0011443429198655884,0.055120797113077255,2.058148542549586e-05,1174.8056066147408,6.912386448093299
11.098134271895711,0.9498671078338234,2.8272546056388066,0.7968559092536913,Si1,PU,combo_001,8.84361387625101,2.6855161553679903,gp,0.594449857758093,0.405550142241907,0.811100284483814,0.0,0.0,368.13748385090855,2.926566387467306,0.5341459278977208,0.0,0.3728219890118138,0.9999999629999999,0.6607689021315152,0.5405207002876202,0.3086005372548923,0.0008004533237697303,0.001129637200423237,0.05522968828688803,8.9721556218075e-05,1024.6391209813216,13.84163696456595
8.645609896494232,1.5870577495574931,1.2026167412898363,1.1216233618054527,Si1,PU,combo_001,9.697118036964353,1.9086222190116136,gp,0.4055402217042854,0.5944597782957146,0.8110804434085708,0.0,0.0,312.9524289967727,1.9540005836395393,0.275345515522951,0.0,0.3726404631313335,0.9999999629999999,0.6607337858294524,0.3481360057742565,0.26935142195240136,0.0007056986284387932,0.0010719591366602282,0.05539730897438444,4.820674327234267e-05,782.8977525966441,14.231451188470508
12.05225915366686,0.9316509880309876,2.8214387191952266,2.443258866088477,Si1,PU,combo_001,29.446789033592562,2.628596170407117,gp,0.5751813477583596,0.4248186522416404,0.8496373044832808,0.0,0.0,388.7462522008789,1.4441204534665315,0.6307945180206445,0.0,0.19254439013546643,0.9999999629999999,0.6607127693267426,0.5730656778338348,0.22177443264074967,0.0002565752564684342,0.001093172577980705,0.0551855190047485,5.823611254758478e-05,1101.0674648273862,8.41003090155363
15.414423151353011,0.9036906862758859,2.721521148697307,1.307453402045308,Si1,Si1,combo_002,20.15363998980245,2.4594133145806065,gp,0.4111367318465682,0.5888632681534318,0.8222734636931364,0.0,0.0,418.05879320792536,2.0145282021421718,0.7682610426155263,0.0,0.3194506929792217,0.9999999599999999,0.6606113569928902,0.688555318430916,0.26381392950432214,-0.0011714889089417097,0.0009590778358521364,0.05514759317141884,5.851382021182214e-05,1288.6824407722959,14.351999932829091
8.455690859348703,1.1862726211642185,2.222366483923977,2.321570040584753,Si1,PU,combo_001,19.63047857151029,2.636332514072004,gp,0.4063187132375674,0.5936812867624326,0.8126374264751348,0.0,0.0,334.6467103512567,2.0764907549965095,0.3770848175052512,0.0,0.3639835425342719,0.9999999629999999,0.6605555894310355,0.41989920094639566,0.27299269931766507,-8.337618245474036e-05,0.0009192786502496251,0.055325066061355996,7.017765812269279e-05,849.4941847959765,15.50111758085253
10.263674800795242,1.5188978573324265,1.2259614055639179,1.8329975978212196,Si1,PU,combo_001,18.813291254675864,1.8621101520832848,gp,0.41785925328122175,0.5821407467187782,0.8357185065624435,0.0,0.0,343.431036321465,1.228191269265187,0.4182805214786058,0.0,0.25625750302123307,0.9999999629999999,0.6605537533492984,0.4281891777597477,0.22262335133228595,0.001806140301715815,0.0007685394700799298,0.055321885656513296,8.376316607524002e-05,905.762604534662,12.566551971709242
15.723578034670862,1.293948540579048,1.1208842050098218,0.645209341484169,Si1,Si1,combo_002,10.14499942952493,1.4503664812305654,gp,0.581521670839976,0.41847832916002403,0.8369566583200481,0.0,0.0,414.0910178028354,1.9504105815361181,0.7496534338388033,0.0,0.2498337193392476,0.9999999599999999,0.6604710290568068,0.6678295086197017,0.2507856313960383,0.00023020539332197637,0.0010183782493449586,0.05511872298440035,6.81543780312855e-05,1282.1535088422947,9.215217755661088
15.809450173256764,1.0871481299556691,1.6343047134373103,0.8833392458835407,Si1,Si1,combo_002,13.965107793878042,1.7767313129911075,gp,0.5969598616359804,0.40304013836401964,0.8060802767280393,0.0,0.0,422.1616792494101,2.4565538008246057,0.7875022774438606,0.0,0.3937954119972789,0.9999999599999999,0.6604546201098818,0.7145518327659673,0.2927917605439717,0.00025606811496929925,0.001099298390414641,0.05512895380566408,7.528436491456835e-05,1341.7366067567273,16.474964957550547
13.179756939487788,0.9127357649810062,2.9782447686336875,1.2937042446703755,Si1,Si1,combo_002,17.05070749633919,2.7183505171995486,gp,0.4050280548036653,0.5949719451963347,0.8100561096073307,0.0,0.0,389.4297901207002,2.0071737673859946,0.6340000941678662,0.0,0.3750157801667213,0.9999999599999999,0.6604257006506846,0.600044422791843,0.2718521010268342,-0.0005602857007431329,0.0008789888912442897,0.055323032699783024,4.817410431368724e-05,1128.0472232095863,11.404635017022944
8.537009388581268,1.4966581227116467,1.333802035832134,0.7398835598419603,Si1,Si1,combo_002,6.316392896827746,1.9962456510174942,gp,0.43564393766509113,0.5643560623349089,0.8712878753301823,0.0,0.0,307.3861155159534,0.689185466042847,0.2492412699432202,0.0,0.08861372585799455,0.9999999599999999,0.6603419426494097,0.2868867047908864,0.1757396182356141,0.000771906109100523,0.0009870407439212545,0.05535866374863373,7.21964742549487e-05,774.3708034171634,6.627598282517208
11.408282130946773,1.3576570591104868,1.3761017152223944,1.3391208895590851,Si1,Si1,combo_002,15.277068915534459,1.8682742077257326,gp,0.5887304118589043,0.4112695881410957,0.8225391762821914,0.0,0.0,359.18331514985374,0.9965058173344743,0.4921537153606235,0.0,0.31524520103220266,0.9999999599999999,0.6602314565328911,0.4831296198068352,0.22212803448395518,0.001597071636796806,0.0008982921351824413,0.055194721120314635,6.998147878457902e-05,982.575166970719,9.322352655656294
13.45411159901241,0.908240585713176,2.9428165933641446,1.497226176043152,Si1,Si1,combo_002,20.14384806144717,2.672785466403504,gp,0.42069643475156226,0.5793035652484377,0.8413928695031245,0.0,0.0,394.1803375279644,1.5509660976470572,0.6562786554786325,0.0,0.22717947156906507,0.9999999599999999,0.6602209738462774,0.5955991958687078,0.23127859330401476,0.0003796807960480245,0.0008472766613402518,0.05516805543814335,5.356521143259018e-05,1148.8902235079179,8.924088761895721
12.851261297116853,1.1921966423697699,1.745150997360844,0.858732653942551,Si1,PU,combo_001,11.035797720182346,2.080563159481853,gp,0.42067901095862226,0.5793209890413777,0.8413580219172445,0.0,0.0,387.5495171973277,1.6369565779285695,0.6251822102456316,0.0,0.2269800205640885,0.9999999629999999,0.660174590236992,0.5748025526708516,0.2347165225333655,1.8258575305073817e-05,0.000833738931642468,0.055223215830603155,2.6862009745590366e-05,1155.3707005679462,8.852546102908706
15.185298478572639,1.0834580006328451,1.725590190333905,1.098187212343887,Si1,Si1,combo_002,16.676300604793553,1.8696044975308235,gp,0.5910452481109303,0.4089547518890697,0.8179095037781394,0.0,0.0,416.0958767899157,1.8959952531211084,0.7590555869032712,0.0,0.33620861255822027,0.9999999599999999,0.6601492470142283,0.6824215120861431,0.26154738987684273,4.4863057033332505e-05,0.001082260389754739,0.05520030634615893,8.306387700994385e-05,1299.0595207110941,14.841353465669407
10.8813438082246,1.3643591231879402,1.410882426332854,0.989072679173723,Si1,Si1,combo_002,10.762439873411106,1.9249503101127665,gp,0.5709587770472524,0.4290412229527476,0.8580824459054952,0.0,0.0,348.62739422890115,1.124770843632173,0.44264979270332366,0.0,0.1475990049071305,0.9999999599999999,0.6600037334450788,0.43319017013571687,0.20215381037044,0.0005607917435565168,0.0010012866599444013,0.05524616445861272,9.633214121362606e-05,944.6497525545176,10.075818426735133
10.741775065145617,1.0095749965752674,2.7274397493166873,2.0280204723592594,Si1,Si1,combo_002,21.78453974159353,2.7535549755756428,gp,0.41796198580135524,0.5820380141986448,0.8359239716027105,0.0,0.0,360.78256063507837,1.686956768614776,0.4996536696898997,0.0,0.2506779122928413,0.9999999599999999,0.6599618033435795,0.48987848334917494,0.24028762652328972,0.0005687907300912212,0.0010446143616040723,0.055239969042224946,8.244057911752225e-05,970.9970916432259,10.841672583351082
14.357173568238432,0.9103217506668697,2.81236582217625,0.9452963212740665,Si1,Si1,combo_002,13.571783357949052,2.5601577787591543,gp,0.4170155544710781,0.5829844455289219,0.8340311089421562,0.0,0.0,402.9517412613121,2.2566494151212364,0.6974137582577477,0.0,0.2594324609553827,0.9999999599999999,0.6599517071991878,0.6357502039446193,0.2645755218836098,0.0003210785204777834,0.0011322974137159016,0.05526805605239501,4.834953603697959e-05,1211.4999517214064,10.355545899054343
12.200492423711639,1.4789302810020288,1.1659112281015278,2.359635594450644,Si1,PU,combo_001,28.788716192815393,1.724301420199613,gp,0.41657978435890186,0.5834202156410981,0.8331595687178037,0.0,0.0,375.31468998964107,1.1685602952595409,0.5678047493542241,0.0,0.2628316943693815,0.9999999629999999,0.6598661381492588,0.5328264668610654,0.22120466662200353,0.0009755849477865047,0.0010857814313452918,0.055186191280538886,6.813473919541489e-05,1038.7294005152173,9.45503155080258
14.025464866330136,1.003860502096122,2.1615737097484375,0.9577452835719354,Si1,Si1,combo_002,13.432822825631574,2.1699184695858436,gp,0.5935937187711886,0.4064062812288114,0.8128125624576228,0.0,0.0,401.67308150894803,2.07134617225435,0.6914172493827718,0.0,0.35774787172215605,0.9999999599999999,0.6598614594960985,0.6392490581453208,0.2718498761764008,0.00024803253458760484,0.0010985379664589967,0.055311051023517126,5.350987643182288e-05,1211.795974042727,12.185190713646172
9.699201217534275,1.404426057605753,1.4591576309220633,0.5598171812186528,Si1,Si1,combo_002,5.4297794856725625,2.0492789990212237,gp,0.44043018971593995,0.55956981028406,0.8808603794318799,0.0,0.0,325.93274662577335,1.2582878618485702,0.3362190901532586,0.0,0.03995331373242035,0.9999999599999999,0.6598309600050021,0.34946254037602037,0.19139146569410362,0.0011025180811003162,0.0010421265032177069,0.05535182206171652,8.207809507736347e-05,857.4765163290373,10.63028873693209
8.935163584059358,1.4435118367811879,1.4341072782653965,1.596334768367806,Si1,PU,combo_001,14.263512290287851,2.0701508313901527,gp,0.41581496574079324,0.5841850342592068,0.8316299314815865,0.0,0.0,326.56990866666007,1.3576186733372435,0.33920717813046347,0.0,0.2694797999750424,0.9999999629999999,0.6598033400435174,0.37565137624803724,0.22982627785348625,0.0015227367045899747,0.0010954379783662755,0.05540421463493214,6.849487242135826e-05,826.4241872976079,10.756384288690967
10.451058535350242,1.4813988410108774,1.2074020176068339,1.2588992968791826,Si1,Si1,combo_002,13.1568302417956,1.7886439495169586,gp,0.5879790083474177,0.4120209916525823,0.8240419833051646,0.0,0.0,339.4162602202751,1.2543775665073384,0.39945249433744134,0.0,0.3041336632770489,0.9999999599999999,0.659706419044439,0.42009890242899384,0.23086082271933753,0.0013635876100680055,0.0009413658978758484,0.055277494900426986,9.079972660765353e-05,896.4673664169791,10.920297074505708
9.959685479747598,1.261064701144809,1.8268246584805696,0.5972843730617107,Si1,PU,combo_001,5.948764497662867,2.3037440919907675,gp,0.40829039729189276,0.5917096027081072,0.8165807945837855,0.0,0.0,341.49777672775247,2.067800924623755,0.40921414687043073,0.0,0.3388405100515426,0.9999999629999999,0.6596920671300951,0.4397753009003229,0.26887079870826647,0.0012038485712069916,0.0009731966845077814,0.05541164492977497,1.6190972687959836e-05,918.2678557831686,11.56002874554555
15.413568092245967,0.8194314360117938,2.991063984821028,0.9797958680469114,Si1,PU,combo_001,15.102150328642313,2.450971856285053,gp,0.5927590765964226,0.4072409234035774,0.8144818468071549,0.0,0.0,425.17301354377605,3.263396784397101,0.8016244806244158,0.0,0.34789625699235405,0.9999999629999999,0.6595973523641688,0.7291441950685754,0.31844546121172457,0.00024403460966415717,0.0011572003537471923,0.05514789754096885,5.867455443003095e-05,1337.1671980494405,16.393019877781313
12.252434154068402,1.0889998227674826,2.0421417245206532,2.3285472005381633,Si1,PU,combo_001,28.530371249234157,2.2238919760690727,gp,0.5794033702329102,0.4205966297670898,0.8411932595341796,0.0,0.0,389.9742002184098,1.0771726549063214,0.6365532049360015,0.0,0.2221543155683972,0.9999999629999999,0.659457884880339,0.5758296466014361,0.21141755529814332,0.00030653610840831184,0.0010134854604975302,0.05520134714937469,7.652354691523421e-05,1127.4326220671282,9.436763810976792
14.49951705848908,0.9219881109404233,2.7674434361155065,0.6226434337940967,Si1,PU,combo_001,9.028029089653721,2.5515499457986097,gp,0.3919081309395551,0.6080918690604449,0.7838162618791102,0.0,0.0,410.01617520289403,2.9730485776721234,0.7305437138609121,0.05394579373629933,0.48980060245010176,0.9999999629999999,0.6594434042721182,0.6902325963323063,0.3280218751138168,0.00048821327568120896,0.0010827556481566914,0.05520592256757905,2.9829598891862015e-05,1268.9713050866947,13.435478881592005
12.412379758714994,1.0500292768855752,2.16989047301981,0.9518842337294964,Si1,Si1,combo_002,11.815148595383933,2.27844852430589,gp,0.588466704959842,0.411533295040158,0.823066590080316,0.0,0.0,379.60056201960475,2.115436151112186,0.587904130457892,0.0,0.30662518739334316,0.9999999599999999,0.6594424793692133,0.5621856270714398,0.26595954564953544,0.000427171602151538,0.0010823372649497215,0.05521981081796028,8.429700460528922e-05,1088.5728373582003,10.887883390637368
9.200373327840524,1.0824025240602453,2.3923319157510177,2.3418611117726673,Si1,Si1,combo_002,21.545996510260203,2.5894661039987836,gp,0.5683095561034577,0.4316904438965423,0.8633808877930846,0.0,0.0,341.91151412380145,1.124509020099311,0.41115444409393376,0.0,0.11793399719108831,0.9999999599999999,0.6593710213287329,0.40817390851255164,0.1976935003255757,-0.0003834061425230835,0.000741656215941027,0.05538146343577918,5.2313476608240564e-05,888.5579314392852,7.181219689828835
8.520420085380552,1.170373984160856,2.2841458000529924,0.5471345196787724,Si1,Si1,combo_002,4.661815950876053,2.673304820412307,gp,0.40728161276561536,0.5927183872343846,0.8145632255312307,0.0,0.0,317.5126545269692,2.820994833034182,0.29673152756654236,0.0,0.34562524822558394,0.9999999599999999,0.6593550712494689,0.3703945122269241,0.3002635086110887,0.0013024680311219366,0.001016491354416165,0.05533769094994012,6.262084474703034e-05,827.3083916761682,16.432314874615187
9.708475626325974,1.5447826908249898,1.2190372875085251,2.2272413130460564,Si1,Si1,combo_002,21.623118001653896,1.8831477012134161,gp,0.39092590602405153,0.6090740939759485,0.7818518120481031,0.0,0.0,331.9112037211583,1.881906280525562,0.36425615862659977,0.060493959839656615,0.4978462835398198,0.9999999599999999,0.6592996999885612,0.4220633411771164,0.2852248567767742,0.0005958170795432883,0.001045867303345558,0.055351101262728124,8.354510532800519e-05,846.6965745973548,13.311538697213784
8.875669765081444,1.2685614818212216,1.7683699596510052,1.181593725796633,Si1,Si1,combo_002,10.487435706663108,2.243286016423013,gp,0.5899499250290887,0.4100500749709113,0.8201001499418226,0.0,0.0,324.39767621203,1.443218385606918,0.3290200965643029,0.0,0.3189867120579157,0.9999999599999999,0.6592526428062544,0.37445742075606636,0.24070440165210708,0.0009019690571891949,0.0010955850074700465,0.05541264767222098,6.075911937887732e-05,830.7587019137138,13.044776400976506
13.184210342674074,1.0077988091999373,2.3931983752775494,1.7852660722882736,Si1,Si1,combo_002,23.537323414688178,2.411862472783939,gp,0.41975773106273095,0.580242268937269,0.8395154621254619,0.0,0.0,393.1617512102063,0.9042424472533913,0.6515018085628894,0.0,0.2280765993609225,0.9999999599999999,0.659213528941468,0.5848933331213784,0.20533192307356077,0.0014862020415509734,0.0008860859298671593,0.055312799334303914,4.136320433687215e-05,1139.1952742377916,6.093854528757025
11.15885009774128,1.057987843323659,2.29362842714787,0.9229452450068144,Si1,PU,combo_001,10.29900763745414,2.426630993024011,gp,0.5861746062082318,0.4138253937917682,0.8276507875835364,0.0,0.0,368.25852005776625,2.2742076992294438,0.5347135493367108,0.0,0.2806005869312394,0.9999999629999999,0.6588491305781874,0.52417918346701,0.2684588362733459,0.0006133802069961333,0.0010982689201597578,0.05522171537816937,8.670364753520335e-05,1031.1701888199698,13.669214815182446
11.54275885926515,1.000538547403694,2.6651080484547327,1.6903435700120375,Si1,PU,combo_001,19.51122821795833,2.6665433354747923,gp,0.4215131730117889,0.5784868269882111,0.8430263460235778,0.0,0.0,377.66984476092483,1.6382198987079157,0.5788496785950431,0.0,0.2076125581427766,0.9999999629999999,0.6586908646241496,0.5404475907100555,0.2318623506987833,0.0018065616416522057,0.0009518144797955799,0.055176395549960844,4.5498515036808114e-05,1056.5109343227327,10.461041031330158
11.121612195090277,1.1538235352647201,2.044205599065423,1.4950502897741909,Si1,PU,combo_001,16.627369535025892,2.358652531121601,gp,0.41406171581172657,0.5859382841882734,0.8281234316234531,0.0,0.0,368.0538695044934,1.4000049082058834,0.5337538031206431,0.0,0.2765914813220059,0.9999999629999999,0.6586180986381426,0.5130335713307759,0.23260239314773898,0.001562514714414545,0.0009393637541675682,0.05522689982668819,8.997334908634856e-05,1023.9628939439714,10.517998637127695
11.404263286245659,1.26666598059273,1.6645395448123748,1.8301231063233159,Si1,Si1,combo_002,20.87120575075285,2.108415614765143,gp,0.4134499249814496,0.5865500750185504,0.8268998499628992,0.0,0.0,364.1589704058233,1.14489489493615,0.5154879611176177,0.0,0.28214332446614304,0.9999999599999999,0.6585978311808169,0.4978631965443223,0.223147026273736,0.0013923676244232016,0.0008286817526778037,0.055187910779572996,5.8712395230469415e-05,1002.1571789766829,8.992947178463394
11.061342734299469,1.5684944491068675,1.1100045589209688,2.394693224872103,Si1,Si1,combo_002,26.4885225038152,1.7410359891508564,gp,0.4046001498945486,0.5953998501054514,0.8092002997890972,0.0,0.0,350.8506732824851,2.044981889970134,0.45307626663566936,0.0,0.3635954619501138,0.9999999599999999,0.6584510511994082,0.4726913504949454,0.2716637890848963,0.0011279099814033217,0.0010652063477244668,0.05523717147010804,9.573290639623378e-05,923.6415875688721,15.61008051354202
14.315346639576227,0.8876092753630903,2.988078848094039,0.6614609798117037,Si1,Si1,combo_002,9.46904321455827,2.6522465010845275,gp,0.410785803467661,0.589214196532339,0.821571606935322,0.0,0.0,399.99500853456317,3.0038074891737483,0.6835476191194034,0.0,0.30583878461499525,0.9999999599999999,0.6584479880841199,0.6392935631796116,0.30166805536310326,0.0005144337327183557,0.0010872087497373634,0.055278212630649866,5.157489097820691e-05,1205.182323164183,12.804481070355145
13.087782678588013,0.9446582667320775,2.5824775824054447,1.3759213547965259,Si1,Si1,combo_002,18.007759674405325,2.4395587968695733,gp,0.5974313250315504,0.4025686749684496,0.8051373499368992,0.0,0.0,391.2238997870155,1.7598146187282941,0.6424138997301735,0.0,0.38197934454819876,0.9999999599999999,0.658377191264325,0.6037802819768097,0.26292107167026907,-0.00018766437047368074,0.0007959651064001627,0.05534056992095726,2.0631263790820753e-05,1131.836710053274,7.8198447835614004
11.649951900716006,1.496615326659981,1.1761759395219125,1.7317756859339068,Si1,PU,combo_001,20.175103443959483,1.7602829379371971,gp,0.4224005683571761,0.5775994316428239,0.8448011367143522,0.0,0.0,363.72260809286695,1.0008643397519803,0.5134415602064216,0.0,0.19622380916581972,0.9999999629999999,0.6582929148810649,0.4861791927763833,0.20445059777844463,0.0015359571937263834,0.001031785589266588,0.0551902090839656,8.176340931876047e-05,1000.9774530908314,9.548433175059765
15.550457603113784,0.9161303166530879,2.6161388947306192,2.1323806905530276,Si1,Si1,combo_002,33.15949552214335,2.3967241540380213,gp,0.41489590635663376,0.5851040936433662,0.8297918127132675,0.0,0.0,424.32209094944653,2.5416881087106886,0.7976339234184192,0.0,0.26551628896793533,0.9999999599999999,0.6581967022248227,0.7097970207844501,0.2769832105768612,0.00041748249899955093,0.0010702445055499302,0.055089623722801566,4.7489756030325386e-05,1303.7730485043771,16.64483921896101
11.437236125351271,1.1165341043119803,2.013800120527961,2.4120613589378297,Si1,Si1,combo_002,27.587315311007625,2.248476513837045,gp,0.5940823673986984,0.40591763260130165,0.8118352652026033,0.0,0.0,371.72025841361983,1.4501094780596202,0.5509480047775269,0.0,0.3491701313351245,0.9999999599999999,0.6581783343667158,0.5329047000807059,0.24550982031050514,0.0003505206415091443,0.0010358538375776975,0.05518120398849275,4.7895290721784375e-05,1023.4865320547585,10.531748853763258
14.120504180758235,0.9866510298711573,2.224950708919849,0.8068677820432774,Si1,Si1,combo_002,11.393379889661222,2.1952499083683303,gp,0.5950449391293091,0.4049550608706909,0.8099101217413818,0.0,0.0,401.9740669677545,2.3536170906390548,0.692828775765482,0.0,0.3578835259751125,0.9999999599999999,0.6581436676405692,0.6435031191624598,0.28325371924815634,0.00013914610104469067,0.0009610020954116573,0.055322039865753264,4.267830374753446e-05,1216.4654091666234,12.867478989217323
14.124818368575628,0.9254230735358451,2.563903815538289,1.8771037667721393,Si1,PU,combo_001,26.513749764625615,2.372695749225724,gp,0.5806065621907806,0.41939343780921945,0.8387868756184389,0.0,0.0,414.8464538919367,1.2061335102825494,0.7531961896066277,0.0,0.2231051564561068,0.9999999629999999,0.6581410822215737,0.659060753354248,0.21676094831240864,0.0008643504955537765,0.0007605207731240493,0.05531085452556433,4.9788231351769195e-05,1259.9591740683566,10.001488656748908
11.048982048102994,1.4177581335323253,1.3587136647987963,0.8095798758751118,Si1,PU,combo_001,8.94503351504956,1.9263273494100068,gp,0.4167445315247562,0.5832554684752438,0.8334890630495124,0.0,0.0,352.7200749755759,1.6246785338144667,0.4618431679343049,0.0,0.24754650394441477,0.9999999629999999,0.6581049845876541,0.4623803993472387,0.23730634288740546,0.0003493600414118713,0.0009210190607936183,0.05523671804761568,9.52602399670305e-05,975.9516913514228,11.180065509620563
11.88561886043076,1.0339387055885125,2.3078843826058355,2.2623708569115126,Si1,PU,combo_001,26.889677726196375,2.386210991199421,gp,0.5835517167037381,0.41644828329626193,0.8328965665925239,0.0,0.0,385.51460829373303,1.2496320786395632,0.6156391325992039,0.0,0.24992752772797117,0.9999999629999999,0.6580557967722391,0.5659542567379875,0.22253852556931253,-3.058187789631945e-05,0.0009208225610376392,0.05517653098040766,6.455563902920098e-05,1095.5442595766724,10.865862374877945
12.668650662949691,1.1900770793511541,1.7706661834235424,0.7959649854809563,Si1,Si1,combo_002,10.083802340998059,2.1072292400745445,gp,0.4100460066878213,0.5899539933121787,0.8200920133756426,0.0,0.0,378.9282941957783,1.6409893807270182,0.5847514074880146,0.0,0.30924369121125017,0.9999999599999999,0.6579996320710286,0.5547738249106712,0.2472187085994636,-3.223182884757637e-05,0.0007848888303471456,0.05520480238431389,6.532848964986526e-05,1098.2912353807328,10.234426005891212
12.083787174989036,1.0943671348065804,2.1494444046483574,1.2508211784527248,Si1,Si1,combo_002,15.114656914391707,2.352281314541059,gp,0.41956363029049726,0.5804363697095027,0.8391272605809945,0.0,0.0,375.0250169434098,1.6610294606432459,0.566446274600205,0.0,0.2196145554442785,0.9999999599999999,0.6578974051964239,0.5332282273266509,0.23458251978392008,0.0006831843511636808,0.0007274612155151271,0.05517527220164675,4.661133085472344e-05,1059.6671774707645,9.385435264232786
9.518564274238493,1.2309875679227265,1.8389329886830879,1.04642296329218,Si1,PU,combo_001,9.960444234135721,2.263703647311865,gp,0.5873809839733326,0.4126190160266674,0.8252380320533348,0.0,0.0,340.0936629289029,1.681402815033114,0.4026292982891643,0.0,0.28366465087575365,0.9999999629999999,0.6577992368423318,0.4251961028746595,0.24501165647770504,0.000696170587078779,0.0010180011587006216,0.05533565260610743,8.241756368452757e-05,895.3817277296354,10.313078130385643
8.549198209409493,1.2967461964579354,1.8376103008724525,2.1198410599713564,Si1,Si1,combo_002,18.122941394139843,2.3829141682282753,gp,0.39778314140355064,0.6022168585964494,0.7955662828071013,0.0,0.0,324.9151774338757,1.4055015696757789,0.3314470132353496,0.014779057309662518,0.4215847774094659,0.9999999599999999,0.6577290292849303,0.3859814822317745,0.25457305790271106,0.0009983566635459002,0.0009798042052548246,0.055354338266577284,6.659773955642149e-05,814.8247073622232,13.81300822757674
12.98533925646345,1.290363903089134,1.3861021617105154,1.5939428875071253,Si1,Si1,combo_002,20.697889149706977,1.7885761954650667,gp,0.59517710896003,0.40482289103997005,0.8096457820799401,0.0,0.0,385.87748080299,1.1341744552502926,0.6173408896289541,0.0,0.3553192432400062,0.9999999599999999,0.6576571352519913,0.576354313614803,0.2336910774128721,0.001870328310013907,0.0010108289312068064,0.055271273235703654,4.0615056339559344e-05,1097.8925759915892,9.095483210109816
10.823672971805534,1.4548852463769375,1.2463732702767283,1.2662470357560025,Si1,PU,combo_001,13.70544381654112,1.8133300824041871,gp,0.5659227001487324,0.43407729985126764,0.8681545997025353,0.0,0.0,351.15791713283625,1.318787555836775,0.45451714289067463,0.0,0.08075066465962183,0.9999999629999999,0.6574614616310548,0.43704801193569304,0.19995091616084848,0.001453743064256839,0.0008719805713197263,0.055248949811267004,9.616809808624857e-05,952.9908846032862,11.362888915667337
15.898122826869184,1.036632317615453,2.0126784814156444,2.2442150591315193,Si1,Si1,combo_002,35.678806659982385,2.08640755880465,gp,0.39192825610948034,0.6080717438905197,0.7838565122189607,0.0,0.0,429.3946815638129,2.9281314136466436,0.8214227652756276,0.05381162593679785,0.4734292847326858,0.9999999599999999,0.6573701909929175,0.7516932485192056,0.323754745945395,0.0004929573760910989,0.0011440712732444242,0.055147571566058866,7.782492393018024e-05,1342.1758132366047,18.173064445370215
13.515621064508403,1.361090929861141,1.266675507170395,2.3516111904984713,Si1,PU,combo_001,31.783485741834824,1.7240605438868855,gp,0.4362878795932801,0.5637121204067199,0.8725757591865602,0.0,0.0,398.4646387002523,1.3889438308729454,0.6763706697577977,0.0,0.059249477763738734,0.9999999629999999,0.6573501228890727,0.5910037279065357,0.19955501861352254,0.0006544191460484699,0.0010780321631544975,0.05519019241436617,4.7768101065028295e-05,1143.2161881307213,8.735984096003948
11.9712334459619,1.4965896083420345,1.153867255436525,1.3704767920593095,Si1,Si1,combo_002,16.406297610014978,1.7268657438924473,gp,0.4049509354850329,0.5950490645149671,0.8099018709700658,0.0,0.0,362.0544018150831,1.090052555317289,0.5056182016221494,0.0,0.35138275629638704,0.9999999599999999,0.6573059427915589,0.4972463949031438,0.23132124492745984,0.0018708212807495425,0.000951038861788374,0.05516081310766382,3.470142508528861e-05,985.503695893094,8.366362039654339
12.126493074319697,1.041538327919357,2.3890990848599603,0.7997398504881927,Si1,Si1,combo_002,9.698039758202539,2.488338266078709,gp,0.4086949046118207,0.5913050953881793,0.8173898092236414,0.0,0.0,373.33786056363584,2.382037387932708,0.5585340460452033,0.0,0.3163469933033753,0.9999999599999999,0.6572941504215839,0.5456706239862839,0.2781693804805705,0.0004436792588169278,0.001046884017806122,0.05518774986678012,6.0516434340205554e-05,1057.373521116669,11.59654537762679
12.229484548637199,1.3307369619625429,1.3620539643899836,1.5965785520884381,Si1,Si1,combo_002,19.525332733451105,1.8125355546013644,gp,0.594447252291161,0.405552747708839,0.811105495417678,0.0,0.0,373.8110871961449,1.0741512040173002,0.5607533289282916,0.0,0.3448873752497053,0.9999999599999999,0.6571934052712112,0.5350082248194672,0.22970566394387978,0.0019282017537008557,0.001015010085660865,0.055191776830031694,7.30581680801207e-05,1040.876297529398,8.595643142812078
15.37321120234572,0.8332626916363668,2.921968397912286,1.5243746392226538,Si1,PU,combo_001,23.434533280269417,2.434767252120794,gp,0.5848731565966716,0.4151268434033284,0.8302536868066568,0.0,0.0,428.0425189341393,2.5376451993455658,0.815081551208119,0.0,0.2550205028501963,0.9999999629999999,0.6571282446955287,0.7209141980685315,0.2752457996099299,0.0004246181555407708,0.0007816100957978485,0.05516672764947957,6.109028246005408e-05,1338.1422610443751,13.970317230991753
8.278695975544284,1.05821104842118,2.871101446314689,1.7166562066753353,Si1,Si1,combo_002,14.211674829596216,3.0382312716282334,gp,0.39449471258311064,0.6055052874168894,0.7889894251662213,0.0,0.0,325.1529967314233,2.5893843229627076,0.3325623103468351,0.03670191611259587,0.4466842346324742,0.9999999599999999,0.657012586677153,0.4029132591494734,0.3060819077469162,0.0013680229706293625,0.001024260396035216,0.055304937838350374,7.654491799379223e-05,835.9293190349489,17.69265213547005
9.307805959242565,1.2413907521366334,1.948724828284527,0.503062238843013,Si1,PU,combo_001,4.682405704572903,2.419128980291461,gp,0.40839326184919855,0.5916067381508014,0.8167865236983971,0.0,0.0,332.16962329439696,2.3626095229515633,0.3654680645003304,0.0,0.3168802415577227,0.9999999629999999,0.6570018004853324,0.41035390717701054,0.2774658761821829,0.0012126916335528086,0.001049712971639979,0.055361372926024964,5.652538365016454e-05,876.9242818506377,14.861540523895817
9.261785886572445,1.438931673922994,1.4156712568214,1.1764135173206958,Si1,Si1,combo_002,10.895690111493868,2.037054211302686,gp,0.4235993172313499,0.5764006827686501,0.8471986344626998,0.0,0.0,322.78433744693575,0.813789178308827,0.3214540492203218,0.0,0.17360174216838237,0.9999999599999999,0.6568281750367977,0.3473701807392459,0.19351287156389574,0.0009523996102513636,0.0010645236992631933,0.0553569447294561,7.320134317191431e-05,828.4344138624778,8.235716042724073
11.784804972043796,1.208452564832624,1.7901852507810236,1.1738943789587262,Si1,Si1,combo_002,13.83411631380706,2.1633539578318626,gp,0.4243313095479948,0.5756686904520052,0.8486626190959896,0.0,0.0,367.9909467410168,1.3178470354751977,0.5334587153078549,0.0,0.16641171997007967,0.9999999599999999,0.6567823008006857,0.5008623808446223,0.21276214445791758,0.0010829550653889465,0.0007037186301125112,0.05518095991632052,7.592798640078315e-05,1032.9041803284208,7.883500497958669
15.141402020009409,1.0168124798021063,2.1432519488199953,2.0508510454732747,Si1,PU,combo_001,31.05276016266745,2.1792853289203564,gp,0.4167038757585999,0.5832961242414001,0.8334077515171998,0.0,0.0,427.5290959269086,1.839893819331982,0.812673760070732,0.0,0.23733428697145806,0.9999999629999999,0.65674812038636,0.7094203801310787,0.24445376829119023,0.0002575009925452884,0.0008800415546560764,0.05521037519168159,7.920310468351113e-05,1336.8173723698042,13.295106173037121
12.438151556771363,1.0630000714699828,2.259330328747339,0.6526461955208938,Si1,Si1,combo_002,8.117712292839112,2.401668300932721,gp,0.4019418489419593,0.5980581510580407,0.8038836978839186,0.0,0.0,376.5807699673215,2.4141634329901107,0.5737422630740021,0.0,0.3745613634908785,0.9999999599999999,0.6566774255339898,0.5625079807799895,0.28819712350048265,0.0005146524182120242,0.0010033157860702567,0.05522303172874826,8.237269495034638e-05,1081.3866067899908,11.832027501021605
8.047554690855799,1.105272176397126,2.365660688155484,1.97068217581832,Si1,Si1,combo_002,15.859172588192633,2.6146989374147345,gp,0.5971777483012488,0.4028222516987512,0.8056445033975024,0.0,0.0,324.2486379666523,2.33917444291485,0.32832115444192395,0.0,0.36627110241908006,0.9999999599999999,0.6566680521350401,0.3890201284947129,0.28392940886496565,0.0013637299672107398,0.0010663245680035513,0.05528858863263075,9.278154704187025e-05,823.3017094484451,15.099325568923355
11.855946843289413,1.0645254492828822,2.17380837753596,2.2930979486361864,Si1,Si1,combo_002,27.186847385486622,2.314074339751361,gp,0.5830673044610535,0.4169326955389465,0.833865391077893,0.0,0.0,377.7817441012192,1.2508493678998986,0.5793744510264414,0.0,0.23394391973021372,0.9999999599999999,0.6565873824564814,0.5389846445822941,0.22019007507720528,9.371100671917319e-05,0.0009720215269778564,0.05517723595235067,6.825938723604785e-05,1053.2858990764817,9.826739026153877
10.0171191387928,1.0250077450618567,2.5658758097259,2.3263109750152786,Si1,Si1,combo_002,23.30293419060929,2.6300425778359102,gp,0.5734082395231894,0.4265917604768106,0.8531835209536212,0.0,0.0,353.63875001210454,1.4607612241640002,0.46615146261518253,0.0,0.14333319774873682,0.9999999599999999,0.656528523922995,0.4530861604610953,0.21506384665688916,-0.00035030347364889555,0.0008574933040718791,0.05540072181516838,2.5987745142925997e-05,936.6009678778278,8.07756140484291
11.215659825193544,1.549537891049995,1.1186434734778734,0.6817664218845513,Si1,Si1,combo_002,7.646460268096514,1.733380448729745,gp,0.43098522164240194,0.5690147783575981,0.8619704432848039,0.0,0.0,343.9186071893081,1.313778976634687,0.42056707427796863,0.0,0.10191484235589082,0.9999999599999999,0.656475651993405,0.4153416707240407,0.2029235550819412,0.000544155370104405,0.0008996787034415134,0.055221172814463974,8.879753630966971e-05,927.7489316247763,10.874742110175477
15.144404815172265,0.9965348900738771,2.0330306667277855,2.382350489002457,Si1,Si1,combo_002,36.07928021707681,2.025985991984395,gp,0.6092540942357232,0.3907459057642768,0.7814918115285536,0.0,0.0,423.0790308196513,2.542938043708174,0.7918043654874184,0.0,0.4771397718835139,0.9999999599999999,0.6564318371037381,0.7268930807252576,0.30877714071752393,0.00048364040335626454,0.0011357540325403225,0.05520684963914686,8.225395160391719e-05,1298.8956620418212,15.163318402640307
14.115284162471859,0.9324273916801744,2.6892890762986195,1.6065031511228227,Si1,Si1,combo_002,22.676248486005115,2.5075667988871073,gp,0.4223306592064944,0.5776693407935056,0.8446613184129887,0.0,0.0,403.9421673075165,1.0254334940759418,0.7020585424273369,0.0,0.18176513267750866,0.9999999599999999,0.656357073115289,0.617048307021885,0.20327262709412028,0.0014880470970811007,0.0007994738041639081,0.05530114664662741,5.415759975029105e-05,1199.0217641118052,7.842351636039651
10.583400172105843,0.941013365711798,2.925105856199577,0.506850208043733,Si1,PU,combo_001,5.364198579041926,2.7525637068056548,gp,0.6034250893918909,0.3965749106081091,0.7931498212162182,0.0,0.0,359.20434666408113,3.461924223118671,0.4922523464948917,0.0,0.4215975923575364,0.9999999629999999,0.6562860348341246,0.5222413393225551,0.337506927644951,0.001060321048399578,0.0011204118090946981,0.05524201373063426,6.629247297700761e-05,988.1792173179351,14.863158221542147
15.318774694847477,0.9729874432762765,2.378361213034184,0.5348227056235775,Si1,PU,combo_001,8.19282852913632,2.3141155958575945,gp,0.39228039773729506,0.6077196022627049,0.7845607954745901,0.0,0.0,419.8061221079756,3.159811287369636,0.776455461214595,0.051464015084699735,0.46148792750457296,0.9999999629999999,0.6562614658893737,0.7216914991509762,0.33130678895174404,0.0005120422020295641,0.001133678398883424,0.05518296889943293,6.568032259960367e-05,1337.4145490344397,17.702013475125252
13.068067097490399,1.4309942457136495,1.1091342200047623,1.7471778474774453,Si1,PU,combo_001,22.832237342084102,1.5871646865509117,gp,0.5799193635269262,0.4200806364730738,0.8401612729461476,0.0,0.0,386.9701926004629,0.7941864094120541,0.622465361545132,0.0,0.20170375631980783,0.9999999629999999,0.6562210768745345,0.5606624309225866,0.1969376285795183,0.001003542430363582,0.0010788940762706902,0.055275752414163506,4.036008056796592e-05,1089.674888316878,7.586280954087724
14.293103375702335,0.8912018247415503,2.924241059876313,2.3174062205110317,Si1,PU,combo_001,33.12292667325982,2.606088968545935,gp,0.4309295127577286,0.5690704872422714,0.8618590255154572,0.0,0.0,416.51808217606606,2.00564060892422,0.7610355963158084,0.0,0.10011604158174137,0.9999999629999999,0.6561786048746925,0.6614616351332536,0.23055531107630878,0.0003824451098944063,0.0011174093378499572,0.05528442112296715,5.3451412562565234e-05,1259.482127319661,9.19538623081827
13.051827972250386,1.4263700314657342,1.1861882358873446,2.1255441406868316,Si1,PU,combo_001,27.742236471669298,1.6919433513469153,gp,0.4195352570596924,0.5804647429403076,0.8390705141193848,0.0,0.0,388.32170435054576,1.0036531375255517,0.6288035231937034,0.0,0.20632917990737068,0.9999999629999999,0.6561615348862432,0.5679752374733995,0.2060788707508512,-1.2513037233169043e-05,0.0009940963901822577,0.055280867449947736,4.044822479516066e-05,1097.072363645344,7.4450106944329955
9.385419096524583,0.9563606181889992,2.986375980427362,1.564840120068243,Si1,PU,combo_001,14.686680345896308,2.856052378786291,gp,0.5819078995452287,0.4180921004547713,0.8361842009095426,0.0,0.0,349.43871071619674,2.307448944889664,0.4464546098233489,0.0,0.21969215375291276,0.9999999629999999,0.6561478930834455,0.45669010008737804,0.2606631328880358,0.0013177972465852,0.0006974209346398041,0.05534917467077814,5.073688815731903e-05,919.3409325369456,10.766578711816063
11.149343913982241,1.159753231851345,1.9104235199053825,0.9483632594217144,Si1,PU,combo_001,10.573628134677852,2.2156198514150898,gp,0.5959682781698916,0.4040317218301084,0.8080634436602168,0.0,0.0,365.6148468215478,1.9178615250349518,0.5223155599621256,0.0,0.35061069816056684,0.9999999629999999,0.6561079678441779,0.5183956531432466,0.26458953186204226,0.0005490750489760606,0.0010515164073572503,0.055224040954613265,8.895905892357092e-05,1026.288793343129,11.330043756222121
13.583130318959377,1.3467422862889415,1.2275978524898574,1.7262234311100266,Si1,PU,combo_001,23.447517824408685,1.6532579385055854,gp,0.578365189377223,0.42163481062277697,0.8432696212455539,0.0,0.0,397.4283295910013,0.7816171039856294,0.6715107085684723,0.0,0.18585867189961858,0.9999999629999999,0.6560494831729062,0.59326483733551,0.1940539677016046,0.001078540976413325,0.0010843303303850306,0.0551991690828443,4.797788722548321e-05,1146.7215386894252,6.305919098755909
9.953592006074507,1.0489041209794452,2.6629860405898933,2.46985001129462,Si1,PU,combo_001,24.58387932862516,2.793217032085475,gp,0.3971290703065051,0.6028709296934949,0.7942581406130103,0.0,0.0,358.8679348324021,1.6880763955800315,0.4906746816543582,0.019139531289965962,0.4141484045795795,0.9999999629999999,0.655994331914167,0.4999531419978688,0.2648533534234471,-0.00038571932515693997,0.0007494632931946947,0.05539711463155211,3.5616116102276636e-05,951.6168884074312,10.851121198052658
15.926696150572116,1.1372516542128062,1.6499993348082433,1.642381871938804,Si1,PU,combo_001,26.157717037577175,1.8764644729607045,gp,0.4069282178616902,0.5930717821383098,0.8138564357233804,0.0,0.0,433.3633801113057,1.8847412252421154,0.8400347032975629,0.0,0.3225125123812778,0.9999999629999999,0.6559716337499328,0.7376076108843879,0.25903911994007295,0.0009645594896079293,0.001095082108763269,0.05516227172453928,8.44374797080672e-05,1371.2029906815353,15.257798027308334
8.320721037856188,1.1363486279968475,2.4631889201758495,2.018557045109615,Si1,PU,combo_001,16.795850071356398,2.799041349938863,gp,0.3976859509662063,0.6023140490337937,0.7953719019324126,0.0,0.0,332.49645530061593,2.2592013633602384,0.3670008029964743,0.015426993558624867,0.40872216567477415,0.9999999629999999,0.6559650356904941,0.41941951049984083,0.28707189367312613,0.0012768147796720151,0.0010431967890961128,0.055306795356541066,7.933105784052353e-05,848.5588852227538,16.428626153038465
8.520691950681504,1.1686557753064402,2.2931285372014556,1.0442325108841233,Si1,Si1,combo_002,8.897583550130285,2.6798779085204902,gp,0.4015345003406594,0.5984654996593406,0.8030690006813188,0.0,0.0,321.16387857455766,2.303640026350894,0.3138546108304119,0.0,0.3726149375817199,0.9999999599999999,0.6559410237600467,0.37911849114479373,0.283447942955925,0.0007174575539241441,0.0010983400228518586,0.05533754310401033,6.235384806909544e-05,830.8581306305443,14.240409827449989
11.666386404306037,0.9499298169579362,2.9621476739686643,1.8490715593243685,Si1,PU,combo_001,21.571983300290775,2.8138323977354296,gp,0.41162463607156496,0.588375363928435,0.8232492721431299,0.0,0.0,379.88545253354187,1.6700286578054406,0.5892401766516209,0.0,0.2780356691477043,0.9999999629999999,0.6558891834185834,0.5551297624219134,0.24370860925068466,0.0012401216249107027,0.001051180810062374,0.055188165405333195,7.215265196009519e-05,1062.4578233402685,10.069766872508179
13.78122418762458,0.9015703009350904,2.930992426942427,1.9797261951269864,Si1,Si1,combo_002,27.283050525158007,2.6424957243969547,gp,0.4238197405483959,0.5761802594516041,0.8476394810967918,0.0,0.0,400.5187027140532,0.9554479313468877,0.6860035787984962,0.0,0.16390283992166244,0.9999999599999999,0.6558492324273346,0.6032172043613169,0.1977708872239612,0.0002607864212756607,0.0008428983835555322,0.05514778480507844,2.9555344588733576e-05,1174.123513220539,6.138868559361598
8.23910439173307,1.078779087001596,2.758724577220833,1.7255880963032588,Si1,Si1,combo_002,14.217300462574487,2.9760543807031543,gp,0.39595026627614516,0.6040497337238548,0.7919005325522903,0.0,0.0,324.3335952158495,2.467298080655327,0.3287195770073192,0.026998224825699094,0.42400232326732945,0.9999999599999999,0.6558472326991176,0.39654843304696474,0.2977560953429787,0.0014044093745602315,0.001036740103542541,0.055303024640174926,7.98814609097786e-05,833.2473894565669,15.642444375319021
8.090405629655475,1.0732169345126454,2.7585857500344613,2.3548882351628486,Si1,Si1,combo_002,19.052001034970957,2.9605609422422514,gp,0.41934027737144675,0.5806597226285533,0.8386805547428935,0.0,0.0,326.65688776607254,2.367948890247771,0.3396150825323968,0.0,0.20549935021617138,0.9999999599999999,0.6558220977983791,0.3811802524771732,0.26097406942249995,-0.00010384175027416476,0.0009664853624322648,0.05529526719012668,8.605422795360288e-05,831.024035867315,16.750042763521005
9.287264242384317,1.1951499464235695,2.0848673747603126,1.9501765861603702,Si1,PU,combo_001,18.111805274982324,2.4917291312450356,gp,0.42196897006084555,0.5780310299391545,0.8439379401216911,0.0,0.0,343.5405894490896,1.1902653952221975,0.41879429091638454,0.0,0.17929287247816325,0.9999999629999999,0.6556079021284522,0.4204153577398918,0.20954917224884653,0.001713633921548816,0.0008263526758676171,0.0553666053491347,5.0863467825425064e-05,892.8709930977932,11.266124665073816
12.273868027729783,1.012133787783855,2.3632500846844184,2.239715089105724,Si1,Si1,combo_002,27.48996742339871,2.3919252596921563,gp,0.5715818703703519,0.4284181296296481,0.8568362592592962,0.0,0.0,383.6136490953356,0.9957026117394813,0.606724236605112,0.0,0.11905959140050143,0.9999999599999999,0.6556026333421947,0.5437011688908308,0.19266780115528317,-8.568274300919303e-05,0.0008074207586758145,0.05520905424885399,7.932620196885256e-05,1080.4297878553275,7.94660145128129
11.43879293394573,1.2918000743225129,1.603197046953729,1.4831223793968205,Si1,PU,combo_001,16.96512979362113,2.0710100644084606,gp,0.4136346400481159,0.5863653599518841,0.8272692800962318,0.0,0.0,367.89806326177353,1.0245426247995597,0.5330231212363351,0.0,0.2562217104691943,0.9999999629999999,0.6554979555447386,0.5061589053508849,0.21440518700523722,0.0017816613466226454,0.00096995224697758,0.055186053314121984,5.887910539267682e-05,1035.999978737866,6.92985912483522
15.76475692977087,0.9429715648441632,2.4620173787487114,1.6513619008247227,Si1,PU,combo_001,26.033318969586144,2.3216123803121973,gp,0.4037912202443579,0.5962087797556421,0.8075824404887157,0.0,0.0,432.8166493471632,2.3192549672449676,0.8374707093395604,0.0,0.3474497731366702,0.9999999629999999,0.6554154733285417,0.7433131649262112,0.28030289213248294,0.0014122208096805236,0.0009538221679166025,0.05510205358415034,5.6662411588527496e-05,1369.7393900143993,17.93884462128534
12.15265608100336,1.4479661687031609,1.154731275581775,1.608124064446942,Si1,PU,combo_001,19.54297869080897,1.6720118209858563,gp,0.5849806128655928,0.4150193871344072,0.8300387742688144,0.0,0.0,372.7888162905012,0.8644617723887202,0.5559592024634613,0.0,0.24242333263448287,0.9999999629999999,0.6553859810869666,0.518989815224445,0.2058796481231808,0.001882090785610554,0.0010430575985615486,0.055177117763645714,5.737010228108673e-05,1038.226650199112,8.335526748242819
11.270884955910631,1.0859063322339535,2.1485833164695984,1.872768231156889,Si1,Si1,combo_002,21.107755282453542,2.3331602286865656,gp,0.5959012477868271,0.40409875221317293,0.8081975044263459,0.0,0.0,367.68562651566975,1.4849208961807987,0.532026860244287,0.0,0.3443360830967417,0.9999999599999999,0.6553842928364986,0.5195776037734263,0.24618859698914078,0.0012517673460884465,0.0008810717856223678,0.05520382126100975,7.290992794659823e-05,1008.8631974297808,9.366446774898028
12.207987038796503,1.0576529371004895,2.2925100079430356,1.797108652445485,Si1,PU,combo_001,21.939079136363528,2.424679943233218,gp,0.4150629620922359,0.5849370379077641,0.8301259241844718,0.0,0.0,386.8801980110734,1.199038843286664,0.6220433154511839,0.0,0.24077142971718765,0.9999999629999999,0.6552264621754258,0.568938621464721,0.21912477372768557,0.0013876288174180782,0.0009742775097085471,0.05519931710639292,7.212048156147537e-05,1113.6168926579014,9.58523246641283
9.512858127909217,1.2317120912109738,1.9412176684152485,2.488950624001566,Si1,Si1,combo_002,23.677034173498015,2.3910212738594363,gp,0.4082750842305245,0.5917249157694755,0.816550168461049,0.0,0.0,342.1405071312808,1.1498555630113514,0.4122283487031298,0.0,0.30400626045114526,0.9999999599999999,0.6552112560390599,0.4278249200558165,0.226626521782461,-8.293643250749567e-05,0.0008537886947769698,0.05533596421527648,8.00802424674733e-05,882.9240679660421,11.877549873621973
14.598724428155833,1.3225513260963138,1.2683459862133684,1.666637969522852,Si1,Si1,combo_002,24.330788438565296,1.6774526660154272,gp,0.41450415963325327,0.5854958403667467,0.8290083192665065,0.0,0.0,404.9136297513685,1.1404982947874684,0.7066143933137776,0.0,0.24526428593107807,0.9999999599999999,0.6551338875962525,0.6279131360186755,0.21743786326039352,0.0011681750876461473,0.0010890173454380348,0.05518672143361581,5.575202318556479e-05,1198.7608792412188,8.767888736752337
9.819064159165237,1.5251671678095018,1.234513732197725,1.3150874150994685,Si1,Si1,combo_002,12.912927703772446,1.8828398125579422,gp,0.41202060656419803,0.587979393435802,0.8240412131283961,0.0,0.0,328.2802016339444,1.2353249221983174,0.3472279099460753,0.0,0.26843944973568423,0.9999999599999999,0.6551332899989137,0.3797527405752475,0.22473833069834503,0.0013080869759363226,0.0010579972849750125,0.05537502202204478,7.035178583350069e-05,850.9060864440125,9.484737318229978
8.819593106794201,1.0451568271088285,2.8524336559502865,1.2945570239459228,Si1,Si1,combo_002,11.417466204745477,2.981240509391437,gp,0.4000087205884313,0.5999912794115687,0.8000174411768626,0.0,0.0,329.8576368037081,2.587726150269517,0.3546255808101954,0.0,0.3802630661753903,0.9999999599999999,0.6550964824615084,0.41169632556549346,0.2960518612591705,0.0008849225502620347,0.0011454312691737004,0.05539259673640966,7.217186199416155e-05,861.1783377328375,14.231723471646994
12.800824013388103,1.2224968456641836,1.5763834906069918,1.562485134719235,Si1,PU,combo_001,20.001097233075928,1.9271238448241426,gp,0.586423471217131,0.413576528782869,0.827153057565738,0.0,0.0,390.76068435823436,0.9565532382377351,0.6402415662187946,0.0,0.25289346250248695,0.9999999629999999,0.6550021031420005,0.5800955938574555,0.21116405616455028,0.0018845252664195277,0.0009754280650356161,0.0552096056021104,2.946504216906773e-05,1147.5029692696862,7.304368427051613
15.725757662393303,0.9125580631923813,2.3725473404321655,1.386282894667885,Si1,PU,combo_001,21.800348853068257,2.1650872058170125,gp,0.5942615667185578,0.4057384332814422,0.8114768665628844,0.0,0.0,433.207211159286,2.5045317231053774,0.8393023204216256,0.0,0.3259748189019981,0.9999999629999999,0.654992597416658,0.7445826227308601,0.28455353814462825,-0.0006369200540997571,0.000919786321414931,0.05509442630988168,5.746268097507614e-05,1377.9640891484917,18.83516162760485
12.014996826002063,1.0281077585477625,2.4618582421706314,1.8611046320526181,Si1,PU,combo_001,22.361166246969944,2.5310555592203827,gp,0.409862509361858,0.590137490638142,0.819725018723716,0.0,0.0,384.69113456429284,1.2764404485923444,0.6117773018676369,0.0,0.2871229001716642,0.9999999629999999,0.6549464095663069,0.5672794081584243,0.22919896634444153,0.00102101084535996,0.0009610936744257602,0.055177955452686465,5.2451764942275513e-05,1095.6365861483403,9.906905187825018
13.879673019642983,1.053752023717426,1.9852935425295895,0.7538503098559816,Si1,PU,combo_001,10.46319580655757,2.0920070881136925,gp,0.5898648100975947,0.4101351899024053,0.8202703798048105,0.0,0.0,404.7587527311857,2.2055159634573016,0.7058880691885843,0.0,0.28396294103675834,0.9999999629999999,0.6548676315231752,0.643546091868984,0.26619297122206087,-3.1162214859777916e-05,0.0008445274839352074,0.05527538225563818,4.2166867307822345e-05,1250.1491538835346,9.916766652338447
12.085821770769563,1.0218910409324358,2.4804645073124423,1.5114359259027623,Si1,PU,combo_001,18.266945218398856,2.534764457373473,gp,0.4167817270970886,0.5832182729029114,0.8335634541941772,0.0,0.0,384.2087796247138,1.5991413392481226,0.6095152101182671,0.0,0.22157074257965934,0.9999999629999999,0.6548217883661244,0.5628590039917296,0.23238010806536713,0.0011477074932445036,0.0009362334089772318,0.05518406692386896,5.641542440172973e-05,1099.2984837907695,10.11365867211087
8.645012218209366,1.1527162377116111,2.137717721175325,1.9270999520971221,Si1,Si1,combo_002,16.659802631590306,2.4641819288426596,gp,0.6006783839055174,0.3993216160944826,0.7986432321889652,0.0,0.0,330.3986836391157,1.557022986814796,0.35716291894436336,0.0,0.3845032732326735,0.9999999599999999,0.6548181362521914,0.4020203501182246,0.25512142735356125,0.00167436041622839,0.0009506316898189295,0.055380458528621175,5.6478154711171395e-05,844.2060047253949,12.935286651780885
14.814940667898425,1.21942050951038,1.399122455736582,1.6339610822752724,Si1,PU,combo_001,24.207036487563258,1.706118617841717,gp,0.5812586187642808,0.41874138123571925,0.8374827624714385,0.0,0.0,418.31640216742284,1.077109303595328,0.7694691469677933,0.0,0.2032018281590595,0.9999999629999999,0.6548116923874172,0.6669748273261483,0.20857212733861352,0.0012143725167243229,0.0010662561190376688,0.05517754643823651,7.834248271366281e-05,1267.0702637084426,10.238578141757671
15.194572233061532,1.0443434526178863,1.8576657631535904,1.0759016460470987,Si1,PU,combo_001,16.347865276532442,1.9400410769018612,gp,0.5996436462812937,0.40035635371870626,0.8007127074374125,0.0,0.0,424.0703215558595,2.0035294485131554,0.7964532047789996,0.0,0.3746243595031884,0.9999999629999999,0.6547897786037923,0.7136804672994719,0.27164641933896494,4.3244280857907685e-05,0.0011042754146719039,0.055200773817867956,8.136653865103004e-05,1344.6651383147312,14.440018008702257
11.743850838391687,1.2880638981739694,1.5055768410184,0.5907887806436697,Si1,PU,combo_001,6.938135316874563,1.939279174842611,gp,0.5968792516431733,0.40312074835682665,0.8062414967136533,0.0,0.0,367.22003417825323,1.8977789528791886,0.5298433797849412,0.0,0.3487026896953381,0.9999999629999999,0.6547743221199881,0.5232429275476724,0.26349343540467973,0.0006817205954768164,0.0008342119548705124,0.05518391358644267,7.93711190299347e-05,1052.1001137220483,10.914983318382218
8.891355957991653,0.9838425324238278,2.8730683158256474,1.070045628716392,Si1,PU,combo_001,9.514156576210416,2.826646807668567,gp,0.5927202482378675,0.4072797517621325,0.814559503524265,0.0,0.0,339.23563984225973,2.9657912763253633,0.39860544202523074,0.0,0.3098683116979645,0.9999999629999999,0.6547721426555864,0.43979895573376077,0.3007393571667547,0.0007845176477688462,0.0011612518752833934,0.05540174193036631,7.410131781853633e-05,889.25248643523,14.61416707892797
12.781908566251513,1.106359116159883,1.9230264344332895,2.2715411234122804,Si1,PU,combo_001,29.034630943936012,2.127557826351705,gp,0.5792969098467893,0.4207030901532107,0.8414061803064214,0.0,0.0,396.85939914220927,0.8693767166793043,0.6688426051272578,0.0,0.18433976141263345,0.9999999629999999,0.6547408771044034,0.5922564717241487,0.19736532359021247,0.00022576151067097246,0.0009420181361793654,0.05520582087729248,4.049451076379519e-05,1168.7158821409575,7.784907669979931
10.501982760735853,1.0437293748365084,2.4233671150979075,1.0127386238112797,Si1,Si1,combo_002,10.635763568397412,2.5293394440404917,gp,0.5875989752220505,0.4124010247779495,0.824802049555899,0.0,0.0,352.66381038479494,2.408246855778967,0.46157930484067017,0.0,0.2614490920489052,0.9999999599999999,0.654692630081195,0.47261450994018417,0.27099167752122166,0.0007499122571700791,0.0011084952116263253,0.05525629306860013,7.430052831046192e-05,954.789656579936,11.687848796987142
10.025481826173644,1.5373880332764907,1.2113978904535105,1.9019498882688939,Si1,PU,combo_001,19.06796403913279,1.8623886203196123,gp,0.4121004727842603,0.5878995272157397,0.8242009455685206,0.0,0.0,339.6382700206898,1.3297540369969199,0.4004936499193363,0.0,0.26413596026101455,0.9999999629999999,0.6546774775249983,0.4176964561591648,0.22790096960250017,0.0016375576273050143,0.0007467979661730653,0.05539254208804434,4.739461329755994e-05,886.259153485158,13.258543426855367
8.56627861253933,1.3105393635225824,1.659354987505382,2.191029317872826,Si1,Si1,combo_002,18.76896758514063,2.1746500291833257,gp,0.6000458484799651,0.3999541515200349,0.7999083030400698,0.0,0.0,325.8064095738346,1.5576610355504874,0.3356266094313245,0.0,0.3767267596781507,0.9999999599999999,0.6545782116356262,0.38617463393084095,0.25398068171556815,0.000638762466540584,0.0010235480529345155,0.05536517901069181,6.63803056250166e-05,812.896986287263,14.156590449894521
14.29735789199489,1.176482188725737,1.5554221225851648,1.8856829849754169,Si1,PU,combo_001,26.960284507038757,1.8299264231714263,gp,0.5884640059503567,0.41153599404964325,0.8230719880992865,0.0,0.0,414.1840119397319,0.9941083798736466,0.7500895468596359,0.0,0.26854132753262555,0.9999999629999999,0.6545669084975887,0.6589866906688142,0.21502576942821686,0.00014412570281907642,0.0008512376668382309,0.05530299030961112,5.1415731842855124e-05,1252.5997377446924,10.99817209884161
15.88244658822818,0.9102108673236492,2.3574499247355947,1.7541599597335473,Si1,Si1,combo_002,27.860351867676563,2.1457765406656573,gp,0.5908249086834587,0.4091750913165413,0.8183501826330826,0.0,0.0,429.1830931522767,2.6415635108579028,0.8204304827037603,0.0,0.29042459246203406,0.9999999599999999,0.6545474580227928,0.7293962429669009,0.2847472572675338,0.0013658839764305057,0.0010091211191252637,0.05514093158189157,7.468238077277681e-05,1342.3111428918132,19.806145280606238
15.347989349109824,0.9730904735495987,2.111261384502872,1.3288893086571323,Si1,Si1,combo_002,20.395778955415583,2.054448340432881,gp,0.6046752352500846,0.3953247647499154,0.7906495294998308,0.0,0.0,420.6331766784772,2.003421731507609,0.7803340849555335,0.0,0.419062270554957,0.9999999599999999,0.654466489896331,0.7068396330741122,0.27830776150734443,-0.000694718503923057,0.0009201846570455673,0.055156670793612715,6.592874862544241e-05,1312.3776819046063,16.144261801821113
9.462114884049754,1.543350363746582,1.2129340996498694,0.9680315596147117,Si1,Si1,combo_002,9.15962582846026,1.871982283895259,gp,0.4326614518807901,0.5673385481192099,0.8653229037615802,0.0,0.0,319.9585111219405,1.021068264966569,0.30820181960595827,0.0,0.07022787204835101,0.9999999599999999,0.6544205441712685,0.33014457724295876,0.1863659959060877,0.0003702971286808083,0.0006998891719962955,0.055332901055541596,8.611484654269844e-05,823.8608004610704,7.5070782117708
13.860836110553585,0.9688180954240206,2.3726016054359342,2.360234610463759,Si1,PU,combo_001,32.714825118094446,2.2986193685784153,gp,0.5747575571508037,0.4252424428491963,0.8504848856983926,0.0,0.0,413.401117039068,1.3729581272220548,0.7464180179706377,0.0,0.13892994953258883,0.9999999629999999,0.654351109841013,0.6478207258009513,0.2108624137687494,0.0004227680501178614,0.0011029159703817536,0.05523955971035264,4.442874455645994e-05,1247.3816983593572,8.50809494073762
15.292506312275002,0.8786459576836256,2.8908368690679236,2.2446299518274935,Si1,PU,combo_001,34.326017707043476,2.5400221293293197,gp,0.4191486714982773,0.5808513285017227,0.8382973429965546,0.0,0.0,428.84985480497676,2.87984011363812,0.8188677004988996,0.0,0.19536490187851493,0.9999999629999999,0.6542947112510321,0.7215418354491153,0.2800975848738969,0.00044059428434796227,0.0011368217101966698,0.055207494438204816,6.092026090967642e-05,1328.5151357040247,14.172337003012847
10.296047287388156,1.4745213882059471,1.3016714442516972,0.9249158504861775,Si1,PU,combo_001,9.522977333460517,1.9193423849660527,gp,0.4154993082815963,0.5845006917184037,0.8309986165631926,0.0,0.0,339.9165235879608,1.6031936438143228,0.40179857093726096,0.0,0.22812015939582886,0.9999999629999999,0.6541274723047739,0.41815899035846515,0.2335259429791731,0.0004029292869575686,0.0008649069808420266,0.0553123918651253,8.516287132485905e-05,910.8992503931344,12.461380320634362
12.25625116689723,1.2156517686939203,1.7359234665799104,1.5222055725212278,Si1,PU,combo_001,18.656533824470763,2.1102784324651496,gp,0.4062043310233605,0.5937956689766395,0.812408662046721,0.0,0.0,382.49918943964775,1.0535748523587676,0.6014977741284613,0.0,0.31400541335004994,0.9999999629999999,0.6540162926945404,0.5602040524394332,0.2242435616532761,0.0018036682190948612,0.0009386421384051286,0.055199722379655626,7.673805786518309e-05,1111.0681894315728,7.885225238197775
9.763419424484209,1.16695928867463,2.1443271051264725,1.4100780284532248,Si1,Si1,combo_002,13.767183213038612,2.502342433284117,gp,0.41089874264937976,0.5891012573506202,0.8217974852987595,0.0,0.0,341.0044574426045,1.5645419187801228,0.4069006358162844,0.0,0.27014579513058334,0.9999999599999999,0.6540105134532506,0.42548763995887506,0.23827103108004943,0.0012611130734765498,0.0010438319376668702,0.055367256413520416,6.788479534128636e-05,899.2995799350733,10.346823430268381
8.514550842710458,1.4091659465805917,1.558763800764218,0.5089104132566118,Si1,PU,combo_001,4.333143588058212,2.19655686679947,gp,0.39369960138739657,0.6063003986126034,0.7873992027747931,0.0,0.0,314.3882190102381,2.3981102389819036,0.2820789155087005,0.04200265741735634,0.4302389867977325,0.9999999629999999,0.6539551554935354,0.36372642943531663,0.29590137006774553,0.0011005421864189037,0.0011021654660382052,0.0553486163586592,7.3226675368452e-05,799.4087357184765,15.993789288294064
8.854950930638804,1.2599610260136085,1.925362989434071,1.1669595748432635,Si1,Si1,combo_002,10.33336977327622,2.42588232761598,gp,0.40148472561529047,0.5985152743847095,0.8029694512305809,0.0,0.0,323.6441336366713,1.5392033844763386,0.3254862207756454,0.0,0.356713505481451,0.9999999599999999,0.6538444296714703,0.3768623607527596,0.2502343286380373,0.0008847546106469533,0.00109808621219928,0.05541076369395016,6.254165567980461e-05,831.7116575131685,13.44734061767943
10.261016690131255,1.004387251105642,2.6322206483929813,2.1058705837144878,Si1,Si1,combo_002,21.60837320675081,2.643768861342937,gp,0.584016137639054,0.415983862360946,0.831967724721892,0.0,0.0,356.11160529304755,1.669130933978873,0.4777483699326211,0.0,0.22096457644247366,0.9999999599999999,0.6537901569078559,0.4713680442510285,0.2351117412551834,0.0004213295948632854,0.0010719929308951176,0.05531500331604925,7.039346231226614e-05,949.5039963727761,9.566852502291837
15.381575826882628,1.2512516994392389,1.366152554845971,1.4684885004478527,Si1,Si1,combo_002,22.58766722054381,1.709400705944279,gp,0.42396715857685763,0.5760328414231424,0.8479343171537153,0.0,0.0,415.4159351135233,1.1735081537033836,0.7558668759976418,0.0,0.14634230948133212,0.9999999599999999,0.6537758727166139,0.652878027728605,0.2039307969596293,0.0006687725133209991,0.000698981126219003,0.0551336725622373,6.27336223283614e-05,1275.1129492290925,9.27122284123496
13.97113893807996,1.3364100273608663,1.213033457579016,1.1528088247653456,Si1,PU,combo_001,16.106052259841316,1.6211100762328192,gp,0.5797209485174335,0.4202790514825665,0.840558102965133,0.0,0.0,399.7655966151449,0.9528787534143471,0.6824717499460181,0.0,0.18025657792652625,0.9999999629999999,0.6537107866327792,0.6023506952721643,0.20012033789952566,0.000653753330093579,0.0010258705416411505,0.05533695309711667,5.0262911915710534e-05,1172.664101488775,5.765639495097786
15.068969019349016,1.0464434129324254,2.0502000281847246,0.7477314525907848,Si1,PU,combo_001,11.267542093883373,2.145418314687778,gp,0.40258519772820023,0.5974148022717998,0.8051703954564005,0.0,0.0,418.21412660123497,2.3629200402910344,0.768989506986004,0.0,0.3446282682046592,0.9999999629999999,0.6536120234281563,0.6955972974742306,0.28164060280316544,0.00015397178809816088,0.0009104413685565041,0.05520426648981135,8.25767955852872e-05,1329.5225023987741,14.599484240410892
15.523293803235724,1.191451315855997,1.3771351672087733,1.8985859316039904,Si1,Si1,combo_002,29.472307226978746,1.6407895070824612,gp,0.5961231862172554,0.40387681378274465,0.8077536275654893,0.0,0.0,422.3559378390291,1.834303348600663,0.7884132886448754,0.0,0.3324415972690886,0.9999999599999999,0.65359516576757,0.7018843654467076,0.2584944104297143,0.0004021058507183823,0.0010185933262781097,0.05508118186365177,1.6977529872500515e-05,1292.0868164095302,12.186437618137584
11.28657998718638,1.2607732844980408,1.6913774203999887,1.1656032505785046,Si1,Si1,combo_002,13.155674320978742,2.1324434656435174,gp,0.42059277014752183,0.5794072298524782,0.8411855402950437,0.0,0.0,358.97679707396134,1.1778569032106323,0.4911852110555165,0.0,0.17626092353777995,0.9999999599999999,0.6535740177830194,0.4706428315319002,0.20859396656807933,0.0011855310887939742,0.0007168229612035897,0.0552039976556362,7.453621065989626e-05,990.3914412721452,8.133734722379454
15.21468289490765,1.21965108444777,1.472109629790214,0.5358002715585785,Si1,Si1,combo_002,8.152031226769177,1.7954601063996398,gp,0.40952559196031757,0.5904744080396824,0.8190511839206351,0.0,0.0,408.2316007580587,2.083840977556617,0.7221746254644682,0.0,0.2778565396668951,0.9999999599999999,0.6533564865581407,0.6529340578411315,0.2603700701226339,0.000404668955199359,0.0010785458016457136,0.0551938975433956,8.253363881956763e-05,1277.4050228677925,12.069898250675323
9.868652415098811,1.5708348917443862,1.1667888777258122,1.2489787011577662,Si1,PU,combo_001,12.325736675587565,1.83283268043098,gp,0.41921181025787746,0.5807881897421225,0.8384236205157549,0.0,0.0,331.65112980517387,1.6301803963339667,0.3630364944098549,0.0,0.18605038294375195,0.9999999629999999,0.6531769514454224,0.38712951022038106,0.22830380527843885,0.001211267800834747,0.001038872265113455,0.05538392479958569,6.288476158636009e-05,865.2307621552877,14.246497626288845
10.289620782220235,1.5758322449250044,1.1439603282821533,2.1972672665138795,Si1,PU,combo_001,22.609046929613463,1.8026895722220106,gp,0.4093129285263615,0.5906870714736385,0.818625857052723,0.0,0.0,343.3555122252476,1.6070102072278438,0.4179263374101662,0.0,0.2773387306469296,0.9999999629999999,0.6530358783881438,0.43441425983201665,0.24106264402776523,0.0006443290518992946,0.0010609113379685705,0.055313955003490345,8.628052205981817e-05,898.1270608796902,15.16235267175067
12.112524764772163,1.3060026912029614,1.4357528645447135,0.6783020884388578,Si1,Si1,combo_002,8.215950844212342,1.8750971049977567,gp,0.5777192568681073,0.4222807431318927,0.8445614862637854,0.0,0.0,367.5284896298887,1.2298298194046666,0.5312899380658656,0.0,0.15555543185681966,0.9999999599999999,0.6529397515289592,0.4972444419188849,0.2075841200833628,0.0002942524274890217,0.0007302463833115715,0.05516867055169301,4.092146394178247e-05,1035.797400298629,8.722498235730741
15.999021603584048,1.2505058636322528,1.1738255324398195,2.1326502074160794,Si1,Si1,combo_002,34.12031674133785,1.4678757111972454,gp,0.6024728746394317,0.39752712536056833,0.7950542507211367,0.0,0.0,427.8823095742474,2.513049473173124,0.8143302201001602,0.0,0.386296278638781,0.9999999599999999,0.6529022266259996,0.7332324427617242,0.29394526269288607,0.00047706695987818096,0.0011147189803895057,0.05519284814904235,9.331228947850923e-05,1298.438443570831,13.567459326897533
10.342073937452675,1.2023806359110827,1.8532558963457655,0.5785393865624474,Si1,PU,combo_001,5.983297111557346,2.228319003154185,gp,0.5970835519274829,0.40291644807251714,0.8058328961450343,0.0,0.0,349.7291886205138,2.2637514097709013,0.4478168591066326,0.0,0.33561702910324487,0.9999999629999999,0.652853686833094,0.4687326633923139,0.2762896186411997,0.00112011617959539,0.0010022745854795356,0.05529698088093323,8.269961071413808e-05,955.7907656558691,12.215553880234301
14.392679649444815,0.899934128262244,2.8521211219514937,1.6516198242902729,Si1,Si1,combo_002,23.77123503368223,2.5667211355817505,gp,0.4277825409851346,0.5722174590148654,0.8555650819702691,0.0,0.0,407.15517284027777,1.0125223185667407,0.7171265197816933,0.0,0.1024583516762445,0.9999999599999999,0.6527159533320386,0.6195164458582636,0.19085592470352541,0.0019739177384483103,0.0006400913539160159,0.05525539141665465,4.318244515857561e-05,1216.9041358062402,6.611099632753032
11.206101887424353,1.23932368983427,1.6765846557854398,1.4512852891275914,Si1,PU,combo_001,16.2632508176839,2.0778310819275307,gp,0.5885864326717183,0.4114135673282817,0.8228271346565634,0.0,0.0,366.79652533755035,1.2143073485347577,0.527857257583777,0.0,0.2545826250977261,0.9999999629999999,0.6526323238507911,0.5045654297088976,0.22181220528134268,0.00161541941943721,0.0009828894176832934,0.055217359638950164,8.534895735267101e-05,1025.858894695659,7.790808640727202
13.593894266425014,1.2566139259545772,1.5005546347704861,0.8778529695608067,Si1,Si1,combo_002,11.933440449676823,1.8856178507082773,gp,0.419852290100863,0.580147709899137,0.839704580201726,0.0,0.0,390.4950952937136,1.303238154026558,0.6389960377038392,0.0,0.1739021099291488,0.9999999599999999,0.6523864735244456,0.5753192167272569,0.21329655218516372,-6.567404541566607e-05,0.0008039968561631926,0.05517482277864091,3.504881457622052e-05,1151.208280460136,9.92941610147833
15.850518869981663,0.9103507876500292,2.6295998035336545,1.5301676812277043,Si1,Si1,combo_002,24.253951705535812,2.3938582523512246,gp,0.4089584972376201,0.5910415027623799,0.8179169944752402,0.0,0.0,424.762513141968,2.38837174066298,0.7996993638777035,0.0,0.27555425248512383,0.9999999599999999,0.652383494082289,0.7104800590793926,0.27230592278047605,0.00046622858333675527,0.0009046916724910689,0.05512549587746868,6.26987657732112e-05,1322.0236553922698,18.333149759374255
8.07288710731198,1.397472364502954,1.4599489092077857,2.0915561335063377,Si1,Si1,combo_002,16.884896544402608,2.040238254204113,gp,0.6094837991448401,0.3905162008551599,0.7810324017103198,0.0,0.0,315.5806099495768,1.9059865536563776,0.2876708509997216,0.0,0.4471394472012786,0.9999999599999999,0.6523139443223915,0.3636604037790614,0.2785899468371413,0.0011132159283386248,0.0010086310831731806,0.05528506318421943,9.675807884139347e-05,770.6703699290633,14.559395931399349
9.291197642185045,1.1327965355286302,2.3468054952373416,0.5168092741458846,Si1,Si1,combo_002,4.8017771094036075,2.658453134564412,gp,0.40967480832614456,0.5903251916738554,0.8193496166522891,0.0,0.0,328.9549375199291,2.717037386115694,0.3503922073450442,0.0,0.2681211605778596,0.9999999599999999,0.6522877315232729,0.39900874418462995,0.2844454725352747,0.0012842892005077797,0.0010234176192106142,0.055369267333521086,3.982162042646069e-05,872.9776449704971,13.817063257499381
15.691336836856188,0.9357765541924075,2.4969872354204883,0.8147401947402411,Si1,Si1,combo_002,12.784362830194928,2.33662211102421,gp,0.4157890574763883,0.5842109425236117,0.8315781149527766,0.0,0.0,418.85685691348095,2.9292324832389878,0.7720037083906178,0.0,0.21098242425498392,0.9999999599999999,0.652278455197763,0.6908679095720973,0.28443212109433014,0.0003786663596041084,0.0010472057098757344,0.05508664383689431,5.20743713580949e-05,1313.0003177209392,18.536296110170706
13.55660240314699,0.9889485340302886,2.466286286960764,1.5196763087045688,Si1,PU,combo_001,20.601647498589905,2.439030207988851,gp,0.4031112937290118,0.5968887062709882,0.8062225874580236,0.0,0.0,404.33270500102566,1.2271911899314498,0.7038900404007503,0.0,0.32896869149887714,0.9999999629999999,0.6522349597981318,0.6353754365789552,0.2334896981447296,0.0008217116066513544,0.0008659155093494257,0.05512635105546254,1.648321601496273e-05,1213.2579286569448,8.560984729046634
13.54810787551614,1.1489686122437457,1.8156109569405885,1.4359648847395694,Si1,Si1,combo_002,19.454607163904786,2.086080001570567,gp,0.39605960850684596,0.603940391493154,0.7921192170136919,0.0,0.0,395.1933105827891,1.2663808968868135,0.6610291779707472,0.026269276621027068,0.3935817922577262,0.9999999599999999,0.6520808946880778,0.61228570056356,0.24476211549258428,0.0012215916136212846,0.000823226461608652,0.05515411794304084,1.950563658919835e-05,1170.275270709052,10.972669607080174
8.942296614065343,1.5584482811529887,1.134011671795579,1.0428564097278032,Si1,PU,combo_001,9.325531341665275,1.7672985407172472,gp,0.5984818946318171,0.4015181053681829,0.8030362107363658,0.0,0.0,318.14356003519003,1.8725501373827953,0.2996902743890045,0.0,0.3423011791176239,0.9999999629999999,0.6520380251278625,0.3612049072195819,0.26151577459195097,0.000502595425553424,0.0009125763035960946,0.055398171209725997,6.930112579207515e-05,804.4496617613424,15.22206620082746
9.703413678796416,1.1126454279110556,2.3729440480232835,0.9264301023326151,Si1,PU,combo_001,8.98953452742306,2.640245345721859,gp,0.42115183249427446,0.5788481675057255,0.8423036649885489,0.0,0.0,345.2908367771803,2.058531988197522,0.4270023960177561,0.0,0.15779093628244864,0.9999999629999999,0.651876338691521,0.43401531790472064,0.24133956256653022,0.0007476246986677375,0.0010748623118283208,0.05535178305889925,7.181682300145066e-05,923.3441104651989,14.268390500867474
8.30857085563253,0.9967978785467928,2.8174261119522974,1.6981646346197172,Si1,Si1,combo_002,14.109321191267247,2.8084043713563887,gp,0.6123957627694665,0.3876042372305335,0.775208474461067,0.0,0.0,328.56503414310356,2.895344924100282,0.34856368411578437,0.0,0.46942555048389145,0.9999999599999999,0.6516872175689254,0.4199137405485135,0.32183196373934747,0.001352242298540285,0.0010134433500893158,0.055305946513501514,7.999128091076118e-05,847.5953376019962,17.48897235335656
8.708667713289483,1.0373327549727,2.9253148010076933,2.248825148683725,Si1,PU,combo_001,19.584270965175374,3.034524861691726,gp,0.3960714065731281,0.6039285934268719,0.7921428131462562,0.0,0.0,341.26527263102474,2.2680003187742956,0.40812377636575325,0.02619062284581271,0.3903925103936758,0.9999999629999999,0.6516864331425287,0.44647401106165674,0.28467729194096814,0.00016438905163357608,0.0010522547227807312,0.05537024235140786,6.284745735929244e-05,877.0697674021213,14.192568872282155
12.511541885659785,1.152059490064758,1.9068644083205748,1.5613079503787135,Si1,PU,combo_001,19.534369817576902,2.196821237872438,gp,0.4021275990962465,0.5978724009037535,0.804255198192493,0.0,0.0,388.16154481798543,1.1078773745781805,0.6280524257601333,0.0,0.3332873058384206,0.9999999629999999,0.651612036317225,0.5813461910374341,0.22932577175100882,0.0017248614815826868,0.0009650065583912102,0.055218001621759556,8.152268758999148e-05,1138.0034065425093,8.111741490295435
14.139479285111445,1.0905406963619844,1.9482503590474711,1.6352368588761896,Si1,Si1,combo_002,23.121397692330593,2.1246463032431153,gp,0.40800424002074465,0.5919957599792554,0.8160084800414893,0.0,0.0,404.6324644560592,1.2003589031125301,0.7052958172144361,0.0,0.27823366864457305,0.9999999599999999,0.6515857755202374,0.6309768064962001,0.22479734483241742,0.001536773516550071,0.000985133520904332,0.055326627077420754,3.6691073718251655e-05,1218.372388130742,11.151922447989179
14.92240087435554,1.220057538032195,1.5003113737965077,0.690090063712722,Si1,PU,combo_001,10.297800570130793,1.8304662009958674,gp,0.4065231671201559,0.5934768328798441,0.8130463342403118,0.0,0.0,412.1248084330735,1.8714097655613802,0.7404325352267694,0.0,0.2918383620273733,0.9999999629999999,0.6515577648976594,0.6646650683223936,0.2539003628173178,-1.6127570157200536e-05,0.0008305956738432938,0.05518696261048067,8.494767865004035e-05,1285.5617762671086,11.064513715443024
15.703697377065454,1.2397039716650506,1.3878814814019849,2.2207872689089037,Si1,Si1,combo_002,34.8745712097851,1.7205621846944148,gp,0.3979252285936923,0.6020747714063077,0.7958504571873846,0.0,0.0,423.4304811260305,2.2848114753280693,0.7934525560067643,0.013831809375384934,0.37197565859843984,0.9999999599999999,0.6515436561618126,0.7145561755277638,0.2825927284109129,0.0004783059467223464,0.0011287343691413713,0.05510018171989302,5.9574692897487456e-05,1293.5738167936215,13.044181738250828
13.554292878774552,0.8845128104829727,2.8802181586802797,1.504573602151251,Si1,Si1,combo_002,20.393431261230877,2.547589858338387,gp,0.5871361652378084,0.4128638347621916,0.8257276695243831,0.0,0.0,397.1188269530051,1.6076586025455772,0.6700592393154978,0.0,0.23125453783337094,0.9999999599999999,0.6513778694306771,0.6063063426286313,0.23417616331056545,0.0004526677815673895,0.0008410016109603569,0.055122658307592824,2.5784457529424763e-05,1162.0182528619773,8.53886183825503
15.698225382074423,1.2286723850012482,1.4096182654592293,1.661110766286489,Si1,Si1,combo_002,26.076491193755658,1.7319590361631139,gp,0.40609236827273776,0.5939076317272622,0.8121847365454755,0.0,0.0,420.7835616217787,1.4942373396740876,0.781039342664242,0.0,0.2942552373091012,0.9999999599999999,0.6513522923571058,0.688985604303978,0.23905218607471002,0.0009462613073455594,0.0011089283812164145,0.055098048448658454,5.8199049918529945e-05,1301.4625733206526,10.933338718643485
15.432790131303722,1.10261133158865,1.6457155512020831,1.354473263064555,Si1,PU,combo_001,20.903301607337415,1.8145846153270782,gp,0.5906428981970748,0.40935710180292517,0.8187142036058503,0.0,0.0,427.80064111962815,1.6760015246062472,0.8139472209387144,0.0,0.26333994711494957,0.9999999629999999,0.6512953564897094,0.7110239427407924,0.24174512626993308,-0.00011250427485549463,0.0007699064072333589,0.05511025254242882,4.8649292884567024e-05,1346.5725302571916,14.00700401552758
10.077249542107523,0.9481529090070095,2.9434471046952426,1.168742852372636,Si1,PU,combo_001,11.777713373913587,2.790837934825054,gp,0.5984474795992583,0.40155252040074174,0.8031050408014835,0.0,0.0,356.5896431466566,2.511824945169651,0.47999021591740415,0.0,0.33615258321924,0.9999999629999999,0.651291497447796,0.4941659611394208,0.2863743257464846,0.0007846104843535996,0.0011196280816036428,0.055377424034318806,3.9841750273275575e-05,958.6950183970628,10.873917320330097
8.050595638725497,1.5529205758352438,1.176240227351223,0.939481072698312,Si1,Si1,combo_002,7.563382226530183,1.8266076511788392,gp,0.5690122757431766,0.4309877242568234,0.8619754485136468,0.0,0.0,300.74804538104655,1.2435050448860823,0.21811082542654167,0.0,0.06117751746650682,0.9999999599999999,0.6512599192144954,0.268738842502668,0.19397893097100946,0.00028843888730723454,0.000594266153078903,0.05528221329587333,9.797069421106477e-05,739.9598468677193,9.732831720972314
12.035989079039048,1.249762198605116,1.5728199580738313,0.6100637949358092,Si1,PU,combo_001,7.342721173364517,1.9656509288123578,gp,0.5958886505829071,0.4041113494170929,0.8082226988341858,0.0,0.0,373.05211097763726,1.9158906311161696,0.5571939710758511,0.0,0.31193078223756215,0.9999999629999999,0.6512480184333416,0.5389198399814064,0.25870806175157424,0.0005659354876887248,0.0007913944672822734,0.05515876492007879,8.20272480190619e-06,1081.9799957843445,10.73669071334774
8.07724294020264,1.6299912909515668,1.1841041425044982,0.5397876820671734,Si1,PU,combo_001,4.359996244185424,1.9300794398620051,gp,0.38609297313871593,0.6139070268612841,0.7721859462774319,0.0,0.0,299.32968725988786,2.849699383850155,0.21145917548941268,0.09271351240856057,0.4799228215602003,0.9999999629999999,0.6512250267861386,0.32446436757298786,0.32156574964435636,0.0009762732544967494,0.0011391404170132458,0.05528452868303637,9.724897695302153e-05,740.1173451064086,18.69643015237925
13.045770523623231,0.9839096266482517,2.3756035535990807,1.0490139150358206,Si1,Si1,combo_002,13.685194811644914,2.3373792054859313,gp,0.6042010776055236,0.39579892239447645,0.7915978447889529,0.0,0.0,389.29261318497373,2.1286803010173054,0.6333567778274519,0.0,0.38884311507958286,0.9999999599999999,0.6511621456334868,0.6023768768611427,0.27882634832082576,0.0003671534016329958,0.0011068045940292406,0.0553289777813419,2.5198618661266193e-05,1132.6805481879828,10.068148376917033
9.990093261958453,0.9555254804269993,2.8987069833342316,1.7688275234201567,Si1,Si1,combo_002,17.670751923286364,2.769788382867539,gp,0.6013999348650998,0.3986000651349002,0.7972001302698004,0.0,0.0,351.41970029633256,2.209754342497446,0.45574482293638074,0.0,0.3609612247011032,0.9999999599999999,0.6509395100583135,0.4761944836877645,0.27791363977282263,0.0016588732137501915,0.0009800413560870915,0.055397332881999835,3.1826704284133925e-05,934.0345262942766,13.14469789756419
10.748469163728307,1.3746294080836865,1.4598115998293597,2.070348197219978,Si1,PU,combo_001,22.253073755999427,2.0066999553871323,gp,0.4219774563528631,0.5780225436471369,0.8439549127057262,0.0,0.0,357.87377220416926,0.7714144527984058,0.48601237409963505,0.0,0.14267576181459743,0.9999999629999999,0.6509271509387624,0.45898015357943817,0.18716507602100832,0.0004123789886421519,0.0008967447615248803,0.05524928968186807,9.311866231203201e-05,971.377170473803,7.357404859751275
10.076808022221895,0.9976746136509316,2.9639049805517805,0.6307831015204068,Si1,PU,combo_001,6.356280217682844,2.9570127563700694,gp,0.3943179610781158,0.6056820389218842,0.7886359221562316,0.0,0.0,350.53776630347005,2.946485481441284,0.45160883210256825,0.03788025947922823,0.40021236169730456,0.9999999629999999,0.6508478926758313,0.48571328547013104,0.31351239555470556,0.0012347712889623818,0.0010477664787863633,0.05536846000150662,3.8808324145000736e-05,946.858023072294,12.160035330604769
11.319154784453387,1.3142722089032877,1.5497570753184389,1.9386431930956363,Si1,PU,combo_001,21.943802374476462,2.0368026546422633,gp,0.4269074048286825,0.5730925951713175,0.853814809657365,0.0,0.0,367.7313570748358,0.6888307413873372,0.5322413220691702,0.0,0.09604103819841384,0.9999999629999999,0.65084748506242,0.4857253855479308,0.1768394101086081,0.0005688080913714155,0.0006064697264233701,0.05520086247656324,7.245057491585796e-05,1025.8600902263531,5.710845156572145
8.608757342835034,1.2836842819319574,1.7418774047142245,0.5966964328214295,Si1,PU,combo_001,5.136814797494953,2.2360206454840807,gp,0.6018457951033156,0.3981542048966844,0.7963084097933688,0.0,0.0,322.0765201648689,2.5082164423347186,0.31813461056126674,0.0,0.3632033175624893,0.9999999629999999,0.6506936391404173,0.3835305323559189,0.2902864112581147,0.0011988662634665644,0.0010280735624901202,0.05537766766721405,5.94124266846371e-05,826.0982328795681,16.61836384236804
15.347727689696,0.82723967889569,2.954989010229489,1.3158509880433835,Si1,PU,combo_001,20.19532264470728,2.4444841599625353,gp,0.5912967366660098,0.4087032633339902,0.8174065266679804,0.0,0.0,426.5175178100044,2.689358427178149,0.8079297793952379,0.0,0.26385381948491493,0.9999999629999999,0.6505794167128923,0.7185393838826591,0.28268912757399145,-0.0010221099900377642,0.0009861193392561383,0.055179237912011216,6.21213421171714e-05,1335.0719419167954,14.229556504702161
14.630056290531217,1.0530564731256977,1.8827154981425072,1.01966100097858,Si1,Si1,combo_002,14.917697841576032,1.9826057423730397,gp,0.6027525659271475,0.39724743407285246,0.7944948681457049,0.0,0.0,409.40899365276647,1.9282241033345273,0.7276962248808846,0.0,0.37066287986935076,0.9999999599999999,0.6505650667465082,0.6642867378143938,0.26801526341834075,0.00019755976120459354,0.0011150269620289765,0.05516407815770401,3.711299544260092e-05,1261.5523936957863,13.933425683997143
14.262999825302945,1.4166932438474815,1.1209648427887975,1.9702102400853405,Si1,PU,combo_001,28.101108310147286,1.5880633193694436,gp,0.4045148575424946,0.5954851424575054,0.8090297150849892,0.0,0.0,404.3392460432581,1.0503057652283538,0.7039207158151644,0.0,0.30282199171041974,0.9999999629999999,0.6505635807800083,0.6307441018575506,0.22243421181219025,-0.0001124696557373865,0.0009411346468728659,0.055318245006890296,4.5360855648429876e-05,1164.0595016738207,6.360820355541051
10.67825613804999,1.0867824921568374,2.373288682309596,2.2530070846996155,Si1,PU,combo_001,24.058186731263785,2.5792485887680394,gp,0.3996918851934481,0.6003081148065519,0.7993837703868962,0.0,0.0,367.0688126713332,1.4267823099752204,0.5291341988580711,0.0020540987103460453,0.3476285190225186,0.9999999629999999,0.6505369497912646,0.5172120909786346,0.24433783481844312,-8.178104845318825e-05,0.0009961748064933806,0.055242587488232554,8.018278614881052e-05,997.4591122943712,11.843397275387504
15.054738509213216,0.888917260837087,2.8601964995953004,1.4105481779164761,Si1,Si1,combo_002,21.23543397317971,2.5424780378760787,gp,0.4131669717395994,0.5868330282604006,0.8263339434791988,0.0,0.0,413.8729549068075,1.6193715383702916,0.7486307879872258,0.0,0.22175425493336876,0.9999999599999999,0.6505232689341063,0.6604913590714385,0.2332234831946581,-0.0007048026161718934,0.0007297294434368697,0.0552034081722483,7.412662524233768e-05,1261.5987494776734,10.235902873743118
11.560781204463623,1.0603465752004433,2.3887502348899803,0.8852362214465814,Si1,PU,combo_001,10.234022270410037,2.532903130574845,gp,0.4005902508244503,0.5994097491755497,0.8011805016489006,0.0,0.0,372.6462942562549,2.232470685734472,0.5552908193055045,0.0,0.3389403044400477,0.9999999629999999,0.6504980734124522,0.543936335303482,0.27552661277569135,0.0005685776718858334,0.0010936967143694932,0.055177713358506214,5.3557921213481415e-05,1055.267250256377,12.904327681608253
15.890176552348079,0.98290027738519,2.2531220849438984,1.3736773229938466,Si1,PU,combo_001,21.8279751883291,2.2145943222740554,gp,0.39818126243145,0.60181873756855,0.7963625248629,0.0,0.0,432.8271041434157,2.3145075334861622,0.8375197390195812,0.012124917123666663,0.361007967284705,0.9999999629999999,0.6504447517032413,0.7446486034764402,0.2821451655126258,-0.0007017042854792294,0.0009247211682973781,0.055142116087020715,7.372364059587584e-05,1383.2651200463797,18.829891655709012
14.78773800197337,1.2422475009311051,1.3353838285432382,1.9647462718633757,Si1,Si1,combo_002,29.054153108669542,1.6588772237916491,gp,0.5880666524157334,0.4119333475842666,0.8238666951685332,0.0,0.0,412.08372055493305,1.530947981319984,0.740239846104063,0.0,0.23228771387138952,0.9999999599999999,0.6503976773961644,0.6546521975949781,0.231237533853191,6.366987904441943e-05,0.0009154138357325001,0.05517719717968675,7.629156787637925e-05,1228.7706913179768,11.506797423222336
12.136485225766773,1.39288592123253,1.2458585774752693,2.2351119730499693,Si1,Si1,combo_002,27.126403438855373,1.7353388724120897,gp,0.5824502199958204,0.41754978000417964,0.8350995600083593,0.0,0.0,372.8785650707646,1.5570993618941424,0.5563800957905349,0.0,0.1795144373215429,0.9999999599999999,0.6503524248976995,0.5209743703405868,0.22437618204093468,0.0004683407034097882,0.0010654775154748876,0.05517348703765515,5.1336479151455035e-05,1021.236352406051,11.362508419209066
14.871174464576656,0.8776257380439659,2.9704966968245645,1.6648194416684725,Si1,PU,combo_001,24.757820369070956,2.606984355907821,gp,0.4121118724827397,0.5878881275172603,0.8242237449654795,0.0,0.0,420.57547745989507,1.8025767952745313,0.7800634939123203,0.0,0.2301311840160596,0.9999999629999999,0.6503348673799705,0.6854429033413432,0.24186837220630447,0.002039165944157287,0.0006022973404477501,0.055154219776662516,6.37422243349377e-05,1296.22199607079,9.149885710919365
8.372938138016448,1.0570004360330425,2.561819608669844,2.304768533357545,Si1,Si1,combo_002,19.29768435224962,2.7078444434020237,gp,0.5820413321527838,0.41795866784721625,0.8359173356944325,0.0,0.0,331.61548957205,2.002867206291106,0.36286935301525153,0.0,0.17532502270066969,0.9999999599999999,0.6503046246825848,0.3902342064913424,0.24172481129219825,-1.4338157555894679e-05,0.0009796105023888197,0.05531199332681344,7.695050493217379e-05,849.4997004628818,11.747412064476038
10.060692034167117,1.2504639626290421,1.837264683636525,1.9788329570797811,Si1,Si1,combo_002,19.908428968239914,2.2974332766985226,gp,0.402092428430052,0.597907571569948,0.804184856860104,0.0,0.0,346.19292662329974,1.1570323013632289,0.43123291141348935,0.0,0.3228288164658151,0.9999999599999999,0.65023018091186,0.4430930625170646,0.22973933055351423,0.0013617277760077993,0.0007815306670245254,0.05539642235517358,3.5189001636979524e-05,910.7182487200746,10.133712469350572
15.766604801928041,0.9963933495486923,1.969453340019403,1.5238403243849854,Si1,PU,combo_001,24.025788175819894,1.9623502102417925,gp,0.6010059881277527,0.39899401187224726,0.7979880237444945,0.0,0.0,434.6427382856858,2.231806114184173,0.8460344875503786,0.0,0.3513948897030144,0.9999999629999999,0.6501850260727791,0.748694704168578,0.2773679995509926,0.0005246914398029458,0.000979457408683585,0.05510995875446028,6.638632066310696e-05,1386.697219802063,17.768752945985188
15.664368667677952,1.3086710177255436,1.230274467970166,2.1327448012880765,Si1,PU,combo_001,33.408100841449986,1.6100245400802689,gp,0.4097953869240314,0.5902046130759686,0.8195907738480628,0.0,0.0,427.8818276438669,1.9763013350335548,0.8143279599994584,0.0,0.25035076659787414,0.9999999629999999,0.6501553963607248,0.7134517045390962,0.251907317968589,0.00043678871563726377,0.001083653124885068,0.05509599924313878,5.103191505739664e-05,1288.3207835246822,10.040146058561087
12.656039990213294,1.3529314585296237,1.2882400048794842,0.7933215889023628,Si1,PU,combo_001,10.040309754247854,1.74290042873781,gp,0.5911810589542768,0.40881894104572325,0.8176378820914465,0.0,0.0,379.1295899094959,1.3759018822225701,0.585695420570127,0.0,0.259198631171034,0.9999999629999999,0.6501213673354808,0.5473756947891474,0.22902143253099796,-0.00019559187844292978,0.0004873193925866539,0.05520759099028756,6.958602313756618e-05,1093.256660064176,8.379324698260534
8.511066589820096,1.2690500247339274,1.9302354029848532,0.9711174795129895,Si1,PU,combo_001,8.265245534673307,2.4495652859002304,gp,0.40871268447509124,0.5912873155249088,0.8174253689501825,0.0,0.0,323.47037974780966,2.216784120476896,0.32467137012073577,0.0,0.2589324653308333,0.9999999629999999,0.6499602226828114,0.37432119071200654,0.2628928250300536,0.0005503408087470005,0.0009196811630947517,0.0553418941894516,6.940406743222204e-05,826.6543554600894,16.4799680083292
15.421504481241033,1.0466644646758412,1.8094058572669807,0.9012044856613195,Si1,Si1,combo_002,13.897929014140558,1.8938408129776758,gp,0.6032755764875901,0.3967244235124099,0.7934488470248198,0.0,0.0,418.34608690334454,2.3542616898671254,0.769608358968544,0.0,0.3707647598248793,0.9999999599999999,0.6499527740255047,0.6985443780939068,0.2852118998907652,0.00023144717678547983,0.0010917467734034344,0.055115565336370353,5.168106848370917e-05,1319.766045210815,16.61217690722681
10.294048658754328,0.9897923236297893,2.9541440894237834,1.5545797326999575,Si1,Si1,combo_002,16.00291941232666,2.9239891426079745,gp,0.39477141852833597,0.605228581471664,0.7895428370566719,0.0,0.0,352.0704748677028,2.197903544976157,0.45879674936607795,0.03485720981109367,0.387920581644229,0.9999999599999999,0.6498154148365567,0.48089021872817644,0.281479621272881,0.0013987532052365773,0.0006925730957202052,0.05529532710686989,6.656809566711756e-05,941.2627228778746,13.821849322724253
9.215553207308853,1.0302306305869195,2.8376334297335353,2.218567459998157,Si1,Si1,combo_002,20.445326471617072,2.9234168776889033,gp,0.4170073808054724,0.5829926191945276,0.8340147616109448,0.0,0.0,341.21447863856355,1.5199123829462797,0.4078855686439368,0.0,0.18026351281433134,0.9999999599999999,0.6497998600020769,0.41667462713050146,0.22298885721624362,0.00019090977768824725,0.0010585671676558235,0.055386034667839555,3.319374173966438e-05,888.4500912352561,10.785797180895845
9.96806566380436,1.1469662543269576,2.2070863537054093,1.1494253369873584,Si1,PU,combo_001,11.457547234730443,2.5314535680856363,gp,0.4102625716216437,0.5897374283783563,0.8205251432432874,0.0,0.0,349.5592592172542,1.660837610487442,0.4470199440767494,0.0,0.24272517316024442,0.9999999629999999,0.6497371019245866,0.45193864746527757,0.23804137590838687,0.0009693011433762574,0.001020690255928239,0.055409054462046414,1.8909566027514215e-05,937.615836353235,12.762715594283076
14.864884474622833,1.040249120376447,1.9219556787980134,1.5874810766737948,Si1,PU,combo_001,23.59772281040583,1.9993127042721506,gp,0.591017110877317,0.408982889122683,0.817965778245366,0.0,0.0,423.0887188768411,1.3554329629903386,0.7918497994043087,0.0,0.2537525582609201,0.9999999629999999,0.6496197154028256,0.6909033024269616,0.22737904570162554,0.0011772463109362185,0.0009799073554226463,0.05517259054456124,7.787420494996831e-05,1323.3473623954585,11.90782170281589
11.175020533788945,1.3336116793119221,1.4343656176338901,2.404442554680162,Si1,Si1,combo_002,26.869694920866763,1.9128867400800147,gp,0.5963572639306847,0.40364273606931533,0.8072854721386307,0.0,0.0,361.9812699714378,1.6506709237430317,0.5052752364598757,0.0,0.3033746888321379,0.9999999599999999,0.6495916214804518,0.498665159176527,0.2467287980247215,0.0007591444939601038,0.0010674234787511228,0.055223621020421075,8.96392776202542e-05,978.4405647049197,12.680580265341398
10.506182042869538,1.0555471560135798,2.5492432821596642,1.2383448947801206,Si1,Si1,combo_002,13.01027689641807,2.6908464964703573,gp,0.39766351455980953,0.6023364854401905,0.7953270291196191,0.0,0.0,352.6819271208535,2.1107627000167333,0.46166426658937615,0.015576569601269961,0.3583550661701785,0.9999999599999999,0.6494858450322851,0.4789368610554499,0.2735305553160676,0.0009073690319690495,0.0009649029249464086,0.055251395148124424,6.787527602548426e-05,950.832558046783,10.720776544716319
15.819076446763543,1.3209008082275697,1.198498712843695,2.315263818303118,Si1,Si1,combo_002,36.62533533616268,1.5830979184549387,gp,0.39648270766974747,0.6035172923302525,0.7929654153394949,0.0,0.0,422.9330873864181,2.437759606821304,0.7911199370528726,0.023448615535017016,0.36864713407760635,0.9999999599999999,0.649392481316162,0.7143528132321055,0.2882615817173104,0.00047937009100345186,0.0011200398764441121,0.05513991961486469,7.955701678147866e-05,1274.1616488545799,12.387523870430497
12.445927845629829,0.9841002393646736,2.4750664856624596,2.349861886664031,Si1,Si1,combo_002,29.246211488616105,2.435713520983908,gp,0.5756127249558745,0.42438727504412554,0.8487745500882511,0.0,0.0,386.3904030352101,0.9400652302855436,0.6197463322902981,0.0,0.10665293862640124,0.9999999599999999,0.6491937152055787,0.5509348966574801,0.1885630444646695,0.00021635725851817272,0.0010237305434181018,0.05522385625904939,8.163556421222893e-05,1091.3632028553359,6.503150044905636
8.847180301452081,1.3478464128057812,1.6565415853008165,0.5664931965934037,Si1,Si1,combo_002,5.011867449807782,2.2327636334113077,gp,0.4299730427995314,0.5700269572004686,0.8599460855990628,0.0,0.0,316.0215072168539,1.4432781640233567,0.2897385194090005,0.0,0.05443622515771995,0.9999999599999999,0.6491830975816664,0.3205059568457663,0.20102423937658698,0.0012003094921419436,0.0010346210170029792,0.0554156675628312,5.490881835010697e-05,813.390170435161,13.31546472702579
14.820109564706826,1.0945162160788908,1.8749596545766092,2.113654037980792,Si1,PU,combo_001,31.324584424760342,2.0521737464277745,gp,0.40971232627654786,0.5902876737234521,0.8194246525530957,0.0,0.0,422.8735020095929,1.5311177882322928,0.7908405005254537,0.0,0.24321616044173758,0.9999999629999999,0.6491420928501052,0.6911674572233514,0.2328836493060206,0.0001883096234979087,0.0009200588285054014,0.05516375126223781,7.160394721786926e-05,1310.5332495175917,11.693714076317779
15.853287597131168,0.9425682718290307,2.2050000775007454,2.083699839531138,Si1,PU,combo_001,33.0334928221832,2.0783631124327564,gp,0.593456506712073,0.40654349328792705,0.8130869865758541,0.0,0.0,438.6247128789753,3.0052730300360535,0.8647086860182983,0.0,0.2726133231823089,0.9999999629999999,0.6491192114757562,0.7628006506549007,0.2967433393108595,0.00045592776066514926,0.0010377650457892363,0.05513341696260585,7.324205599901025e-05,1390.8879309269812,19.584012297849515
10.989148690036394,1.1166046955009494,2.2169070983606702,0.6706047619715829,Si1,PU,combo_001,7.369375441552188,2.4754088755189096,gp,0.40524353994777584,0.5947564600522242,0.8104870798955517,0.0,0.0,361.7730730745346,2.331698517521418,0.5042988590164516,0.0,0.28450606713047477,0.9999999629999999,0.649088446148265,0.5039418781647085,0.2713631629600781,0.0009310169340767401,0.0010196117229668547,0.05523868562946016,9.404854359408994e-05,1009.615578090608,13.896438867758174
11.193292437347674,1.012532848187364,2.6682827465421806,1.6088541954090272,Si1,Si1,combo_002,18.00837549826694,2.701723929125557,gp,0.40000005099133773,0.5999999490086623,0.8000001019826755,0.0,0.0,364.7613714267273,1.8808302370444352,0.5183130309311209,0.0,0.33273725415149896,0.9999999599999999,0.6489977406671696,0.513379850291142,0.2604151074074509,0.0017084377099312498,0.0008522196127032301,0.055216451497689625,8.138957938291117e-05,995.7358021968441,11.1023325406167
11.50539229182143,1.0296148737918704,2.5342721480959733,1.2275594328648172,Si1,PU,combo_001,14.123552836635554,2.6093242979160878,gp,0.4084074925252992,0.5915925074747008,0.8168149850505984,0.0,0.0,374.4538282834726,1.9693793724965571,0.5637675808646226,0.0,0.25384216443313745,0.9999999629999999,0.6489432142964221,0.5383288215843528,0.2521518769402819,0.0006442936191894,0.0008653114443412781,0.05517408893679603,3.362118763033782e-05,1052.0763829125756,11.803365881571567
12.295166589273684,1.3754195240039406,1.2665030609768206,2.120907730405933,Si1,Si1,combo_002,26.076913865819304,1.7419730372782725,gp,0.5851357095786796,0.41486429042132045,0.8297285808426409,0.0,0.0,375.33281999874026,1.4401564677331722,0.5678897733492828,0.0,0.19286204206855687,0.9999999599999999,0.6488514029858259,0.5290184469867497,0.22166221933416974,-7.390829704365012e-05,0.0009272865998531882,0.05520258419731259,8.234539119313265e-05,1034.3943017516954,10.519955649502469
8.46956075290763,1.0661827555441892,2.5036748586301507,1.1171951824248687,Si1,Si1,combo_002,9.462152470403149,2.6693749597610026,gp,0.5977885029759307,0.40221149702406933,0.8044229940481387,0.0,0.0,325.04507487703546,2.8381309151975143,0.33205619106338696,0.0,0.3097574430417884,0.9999999599999999,0.6486980160189737,0.3917324442630877,0.29557440620715125,0.000780006297115754,0.0011491433094650838,0.05532694947438133,6.771319379188382e-05,845.1288519082154,14.503296427205234
8.6344366332375,1.1372517680519785,2.1902701318271367,1.509273307143601,Si1,Si1,combo_002,13.031724732768224,2.490888579931851,gp,0.609286531334817,0.390713468665183,0.781426937330366,0.0,0.0,327.97749224944414,1.9430467268897256,0.34580829889838405,0.0,0.41653011797965334,0.9999999599999999,0.6486285493288195,0.4017227050416222,0.27549311974870627,0.0012665632687417986,0.0010599253598275154,0.05537620581806561,5.7512176430743775e-05,843.7439115892291,13.534110895564952
15.211006153081723,1.1049965450682153,1.6478485772584697,2.0774789076339033,Si1,Si1,combo_002,31.6005444469168,1.8208669846661831,gp,0.6007767612161672,0.3992232387838328,0.7984464775676656,0.0,0.0,421.30374438168354,1.9994643333145596,0.7834788348986786,0.0,0.3365832021588821,0.9999999599999999,0.6485616270556913,0.700747452628276,0.26577630626542686,0.0002753233920760683,0.0009480468756413938,0.05519525877873214,8.236692070299451e-05,1293.4831593886565,15.009920758677247
13.655371656752825,1.2933664415578836,1.4121520281532174,1.1934887824274614,Si1,Si1,combo_002,16.297532892212395,1.826430043591275,gp,0.4048960466548408,0.5951039533451592,0.8097920933096816,0.0,0.0,392.00462066223804,1.076815453119038,0.6460752331290663,0.0,0.28291493290529623,0.9999999599999999,0.6484691260028279,0.5885670119627049,0.2205172421221955,0.000698931152107703,0.0009752475811344757,0.055198522561338476,3.8987953112164874e-05,1145.201576686256,8.984233072984683
15.068944828336043,0.9108184948495177,2.7327333382422383,1.7413791467479651,Si1,PU,combo_001,26.240746287559983,2.4890240659628935,gp,0.4027630804983744,0.5972369195016256,0.8055261609967488,0.0,0.0,424.14911792923795,1.75085846453881,0.7968227347899397,0.0,0.30280434244113796,0.9999999629999999,0.648466785289218,0.7038457705756358,0.25068363569114577,0.002051916258337266,0.0006562625715696383,0.05520661865630313,7.499653438935152e-05,1315.454908187111,11.90678234470311
12.92943419723807,1.0879340494446685,1.9757580556164127,1.8622290182632308,Si1,PU,combo_001,24.077567551821694,2.1494944621696885,gp,0.5758208133039489,0.42417918669605115,0.8483583733921023,0.0,0.0,397.71830819631134,0.7908882915811097,0.6728706162977021,0.0,0.10216742933873911,0.9999999629999999,0.64837028822908,0.585954474450486,0.18187417217958315,0.00047970218015361927,0.0008026209325840226,0.055262157728635415,3.4854131776878555e-05,1180.1579080260428,6.425493017710898
12.644775898465973,1.3733734643455184,1.252434998730506,1.244025826088688,Si1,PU,combo_001,15.730427782795465,1.7200609930740898,gp,0.582468704856268,0.417531295143732,0.835062590287464,0.0,0.0,380.93565699725485,1.0203060397426487,0.5941653026482361,0.0,0.16368139889955058,0.9999999629999999,0.6483020050081347,0.5396555857242832,0.20035328616690262,0.0013177947797512642,0.0009067297435206156,0.055208423744473316,7.17792299604528e-05,1087.8766118946974,6.587381115780369
15.4080242962526,1.0900764639620673,1.6819529919613856,1.8703939850447242,Si1,PU,combo_001,28.819075965133834,1.8334573700276866,gp,0.5981978049720453,0.40180219502795467,0.8036043900559093,0.0,0.0,430.74193548357687,1.814637031268149,0.8277409590498304,0.0,0.30901025857485226,0.9999999629999999,0.6481129099153115,0.7268439987736329,0.25418660172066043,0.0005473252135317448,0.0009948150767053502,0.05512245337725959,5.554565923018683e-05,1346.5784375498156,14.69587126533949
10.617824479010778,1.162353577525038,1.9486539432858585,0.90639410782884,Si1,Si1,combo_002,9.623933545736191,2.26502488233659,gp,0.5950248081873895,0.40497519181261055,0.8099503836252211,0.0,0.0,350.93771841670355,1.9340035285445871,0.4534844807199082,0.0,0.27902312975112775,0.9999999599999999,0.6480651907813644,0.46324113450743987,0.254502375062039,0.0005644770320855579,0.001031615754352238,0.05525072644877927,8.425081627234444e-05,953.0847728352855,10.238485052279175
11.998851021704905,0.9904795752339675,2.48215147704859,1.3476121970794517,Si1,Si1,combo_002,16.16979798778877,2.458520340653452,gp,0.6042910032332429,0.3957089967667571,0.7914179935335142,0.0,0.0,376.35308988113013,2.001066346988057,0.5726745156494214,0.0,0.3644035937101292,0.9999999599999999,0.6479237579989658,0.5559849272871052,0.2700139714217601,0.0003235417275481489,0.0007756331443788476,0.05517401143566968,4.915427491039053e-05,1055.9694198992786,10.177318252486772
12.558680251755629,1.4793238108347504,1.1316182375773594,1.1024714595405753,Si1,Si1,combo_002,13.845586547056428,1.6740298036230432,gp,0.4168975929053147,0.5831024070946853,0.8337951858106294,0.0,0.0,370.15808663667417,0.7573163793178114,0.5436219143868881,0.0,0.16583651401450902,0.9999999599999999,0.6478203952114181,0.5014604636233164,0.19007063763082988,0.0008581638587511022,0.0010369727742797336,0.055213576375497925,8.301743716108059e-05,1021.3936240931695,5.408742702557477
10.848970819059772,1.09912492288349,2.295863795427729,1.5446654505341186,Si1,PU,combo_001,16.75803039805447,2.523441117100499,gp,0.4061018957445697,0.5938981042554303,0.8122037914891393,0.0,0.0,365.79700155375247,1.5107670511312838,0.5231698079090595,0.0,0.26654665817317785,0.9999999629999999,0.6478140292031338,0.5058965336469731,0.2355625141525743,0.00167683197234873,0.0008544010201224492,0.05524275397785984,9.198805123888907e-05,1005.0845386844162,11.945104209122324
15.005186442024446,0.830236520338022,2.949548786256229,0.6424769071464004,Si1,PU,combo_001,9.640485776426965,2.448823120868608,gp,0.6150633361372968,0.3849366638627032,0.7698733277254064,0.0,0.0,418.3330086497373,3.6582466332295844,0.7695470261052235,0.0,0.463054255023347,0.9999999629999999,0.6476814941696797,0.7227553787911534,0.3516427682065696,0.0005205069530845549,0.0011047919880990702,0.05519121102998942,7.692725066946734e-05,1309.7521875101772,15.895203653586664
10.491706790149857,1.1676219330015747,2.077173302104516,0.7215534319734709,Si1,Si1,combo_002,7.570327041691997,2.4253531061825386,gp,0.39990125419060973,0.6000987458093903,0.7998025083812195,0.0,0.0,346.73865125810147,2.0943621513932116,0.43379218694384925,0.0006583053959352546,0.3224686227855887,0.9999999599999999,0.6475641323356627,0.4556487879405683,0.2674861832224408,0.0009223529901076337,0.0010151288941114282,0.05526036726527229,7.786982645707263e-05,939.7850147201534,11.044829160382749
9.874548010461893,1.2204886594584625,1.8432872508111418,2.267644514800514,Si1,PU,combo_001,22.39196463205824,2.2497111857393652,gp,0.573414010240441,0.42658598975955897,0.8531719795191179,0.0,0.0,353.0059710616871,1.0741485633832601,0.46318392994274127,0.0,0.07300804900554586,0.9999999629999999,0.6475125003566679,0.43952168277883014,0.18892365896508023,0.00013646372062231244,0.0010060510835875024,0.055396746543805664,4.920905561278135e-05,929.8722771723723,6.740776398439919
8.197169156167982,1.0925263083029262,2.6615194958533612,2.1984900471186313,Si1,Si1,combo_002,18.02139480438314,2.907780069280938,gp,0.4102341568760437,0.5897658431239563,0.8204683137520874,0.0,0.0,326.6403685534536,2.1095998509983205,0.3395376126621721,0.0,0.2252389929190032,0.9999999599999999,0.6474630298972242,0.3801231972163365,0.2535162486510554,0.0005292577014280452,0.0010697323933356487,0.055300502515886384,8.301444465191917e-05,833.7203651827906,13.84236591010898
9.203914690555479,1.0816727428056208,2.367877316242886,1.6609863477675761,Si1,Si1,combo_002,15.287576647030086,2.561268351287655,gp,0.6024725703856291,0.39752742961437093,0.7950548592287419,0.0,0.0,338.12638573852047,1.744562907750787,0.3934033919369429,0.0,0.34371405849358666,0.9999999599999999,0.6474475218698132,0.4254706622124102,0.25656620379920847,0.001752759125733794,0.0008522661394162498,0.055380294831508324,5.3066101727627003e-05,884.1437601873953,9.530131443205207
13.994667968985286,1.1547599588249642,1.64425203776038,2.038116493824135,Si1,PU,combo_001,28.52276361318122,1.89871641542204,gp,0.5893705475776301,0.4106294524223699,0.8212589048447398,0.0,0.0,411.4898518967276,0.9173913980566782,0.7374547903666671,0.0,0.2210653959533519,0.9999999629999999,0.6474010046119336,0.6445108072873347,0.20481051731666705,-0.0002711145269720411,0.0007812689983939543,0.05532468547394658,5.0823522240723524e-05,1241.566676891663,10.377353087563858
8.820053934421301,1.0482122572214894,2.8515976378323287,1.3265524508618092,Si1,Si1,combo_002,11.70026416343992,2.9890795966396926,gp,0.391657704376712,0.608342295623288,0.783315408753424,0.0,0.0,329.93549415454396,2.5331149177941774,0.3549907071031019,0.05561530415525354,0.3976615384748805,0.9999999599999999,0.6473403449394064,0.4130625109227957,0.29645925613220947,0.0009075867802149948,0.0011384411995745693,0.05539241880857684,7.23082494444974e-05,860.9435510312303,14.062684168473714
13.230481184996712,1.1184983893955591,1.8145257088782007,0.5605141092310276,Si1,Si1,combo_002,7.415871376106303,2.0295440828971025,gp,0.6036333230154867,0.39636667698451333,0.7927333539690267,0.0,0.0,387.61486333253134,2.2240692064550767,0.6254886629035568,0.0,0.3529753776821205,0.9999999599999999,0.64724609044771,0.5943815279779888,0.2772930562728229,0.0004682461675921954,0.0009455942735128102,0.055275290196909986,3.5797130119570815e-05,1150.2051157232768,12.412034672875576
12.841168214054449,1.2882424298362376,1.4945184950001316,1.6663100376405868,Si1,Si1,combo_002,21.397367490110174,1.9253021374341663,gp,0.39309206106383954,0.6069079389361605,0.7861841221276791,0.0,0.0,383.40874586460427,1.1110690832108856,0.6057633054118686,0.046052926241069894,0.38334524140983484,0.9999999599999999,0.6472213378981009,0.5707863760664994,0.23696317769170286,0.0016364643388778882,0.0010526261926180804,0.05521894571511518,1.82366444889124e-05,1093.633464758413,9.59970071823833
15.89792408540789,0.8049349061064117,2.979880694380511,1.6847610911786797,Si1,PU,combo_001,26.78420392960761,2.3986099869394857,gp,0.6039641735126224,0.39603582648737756,0.7920716529747551,0.0,0.0,435.4019737273341,3.3910171058702847,0.8495950610771691,0.0,0.3556871779544124,0.9999999629999999,0.647197905064996,0.7649731807621603,0.32476080483761427,0.0016062615909716656,0.0009317994321632997,0.05514157772598396,6.949106816649056e-05,1372.5975050318773,19.959950414150736
14.660399299653669,0.9541637244953047,2.3089380813320517,1.8272200763309057,Si1,Si1,combo_002,26.787775927354733,2.2031049593128333,gp,0.5945785609440577,0.4054214390559423,0.8108428781118846,0.0,0.0,414.28520170593214,1.3366708869774846,0.7505640947837061,0.0,0.2677017258536348,0.9999999599999999,0.6471484040570332,0.663182042258655,0.22871477851448568,0.0011693620927917332,0.0008411484727121553,0.05515009832694211,3.0298560024793866e-05,1256.482605664331,11.928527350503034
15.461795428180217,0.9390604600573955,2.5208334868278133,0.9739663567280936,Si1,PU,combo_001,15.05926856165978,2.3672150538686147,gp,0.4065742996984625,0.5934257003015375,0.813148599396925,0.0,0.0,424.8257567499,2.5198343859552805,0.7999959563492727,0.0,0.25678515951724334,0.9999999629999999,0.6471283514259967,0.7103255247312281,0.27479221900013173,0.00021447803130923303,0.0011355284840168908,0.05511848617173755,5.266274718619962e-05,1345.2800872275022,16.69691743264168
15.98613571778834,1.1041313876556755,1.5468008481096125,0.6032944952585142,Si1,Si1,combo_002,9.644347678997223,1.7078713668502423,gp,0.6073668950248816,0.3926331049751184,0.7852662099502368,0.0,0.0,422.10898236601054,2.97208780977179,0.787255145766802,0.0,0.38641506001005854,0.9999999599999999,0.6470658456049116,0.7195809738088526,0.31247529720030726,0.0003612118067263604,0.00109201961237661,0.055183482113879655,9.066110249519964e-05,1350.642484202318,16.793521183624037
9.107324293031041,0.9584381651517675,2.9719267648082948,1.0746354249555259,Si1,PU,combo_001,9.787053311849197,2.8484080354282906,gp,0.6040784043028964,0.3959215956971036,0.7918431913942072,0.0,0.0,342.7571511387397,2.97196708081337,0.41512021360823154,0.0,0.35558078327991866,0.9999999629999999,0.6470476936951449,0.4560017028423244,0.30784528735198435,0.0007876629341922864,0.0011644220970943254,0.055395668202154455,6.39441819469827e-05,901.9524753839502,13.711399050094553
11.606988282892999,1.3814719159434536,1.3858676774406313,1.6635101517574935,Si1,Si1,combo_002,19.308342839922783,1.9145372755980132,gp,0.3986331160436407,0.6013668839563593,0.7972662320872814,0.0,0.0,362.49109921765273,1.0617666468729337,0.5076661739974009,0.009112559709062069,0.32990944886698026,0.9999999599999999,0.6470010866541385,0.4962067244043807,0.22695952734830427,0.001862770918754917,0.0010011420069259657,0.05518768383615274,7.678656461612198e-05,993.6745516671093,9.30469999444111
12.142607883330967,1.1606304022812144,1.90811654334905,1.3399695939156449,Si1,Si1,combo_002,16.270725354503906,2.214618071306648,gp,0.4123735450274921,0.5876264549725079,0.8247470900549843,0.0,0.0,375.20460342619594,1.3612289890820866,0.5672884782715583,0.0,0.20143492366403698,0.9999999599999999,0.6469715553196957,0.5285453977732342,0.21976514370819453,0.0009786883126236027,0.0007990540087112764,0.055180284047684595,5.522125941478871e-05,1064.075063656269,8.508806208190814
15.45618496347204,1.2250099945217028,1.4414431741065101,0.6804322661565527,Si1,Si1,combo_002,10.516886960830115,1.765782294815562,gp,0.40540648719212413,0.5945935128078759,0.8108129743842483,0.0,0.0,411.85128148640337,1.9293364761777625,0.739149780561019,0.0,0.2660218153976243,0.9999999599999999,0.646915318852971,0.6618529375036092,0.2523639638086109,0.000120745881525261,0.0009410916623276619,0.05509860303257876,4.0876033166926426e-05,1292.4378065907974,11.37914828535626
15.59058769680577,1.2465183754240972,1.2513416321525375,1.3184801144933418,Si1,Si1,combo_002,20.555879851502958,1.5598203384113192,gp,0.5751287155810587,0.4248712844189413,0.8497425688378826,0.0,0.0,418.23834318242837,1.2726731300955207,0.7691030750746056,0.0,0.08419199063158964,0.9999999599999999,0.6468950288005288,0.6570709497495427,0.19860740006429825,0.0002053090607800039,0.0004678569885296322,0.055084536785277596,2.83588670665674e-05,1285.0917440047574,7.650787429305035
10.347322999286597,0.9977593357183228,2.6630247774442024,1.408422346472428,Si1,PU,combo_001,14.57340093836335,2.6570578329441616,gp,0.5886213085014731,0.4113786914985269,0.8227573829970538,0.0,0.0,360.9706216964209,1.9765549773777158,0.5005356164480524,0.0,0.21007256428705604,0.9999999629999999,0.6468885862365081,0.48977216638041726,0.2458758165763208,0.0009841687212714398,0.0010010846429994345,0.05528681959499559,7.435803833450434e-05,977.339863083467,12.043718182414834
12.41202886461759,0.9418356482829178,2.898499103152002,1.674589984984444,Si1,Si1,combo_002,20.78505923002645,2.7299097818646216,gp,0.4041204831958112,0.5958795168041888,0.8082409663916224,0.0,0.0,381.38088793790115,1.6646632863096864,0.5962532946117457,0.0,0.277659492023563,0.9999999599999999,0.6468685563978813,0.5599395052399679,0.24343580613639818,0.0017028921248862616,0.0009963321406349813,0.05523147235536772,7.892439308280126e-05,1076.5862429096399,10.995391666446745
9.821372038168565,1.1723470490620098,2.1351388286773396,0.5822214471711408,Si1,Si1,combo_002,5.718213441268679,2.5031237051375954,gp,0.40055979610016834,0.5994402038998317,0.8011195922003367,0.0,0.0,335.813438506804,2.3052013001992018,0.38255640267596475,0.0,0.3104194595558711,0.9999999599999999,0.6468079475680399,0.4210081871933505,0.27418158470943893,0.0013090213742401797,0.0009582578034568615,0.05538227498774153,5.86675939557836e-05,896.9387674488314,13.010380029405555
14.20543743776669,1.1128198153469873,1.749528379085446,2.0643903035086977,Si1,PU,combo_001,29.325567303624993,1.9469098477581799,gp,0.5869763298320834,0.41302367016791663,0.8260473403358333,0.0,0.0,415.4774052366954,1.0216548803804482,0.7561551513879212,0.0,0.19395493157326518,0.9999999629999999,0.6467906488457796,0.6560913749367728,0.2049487124636451,-0.0001388107497430856,0.000814646170640639,0.05532783402404109,2.8893967529306987e-05,1266.4549562438485,10.281066337345827
10.049620146694222,0.9750854023259983,2.8012304029942046,0.6107135750799124,Si1,PU,combo_001,6.137439447982742,2.731438874511422,gp,0.6004762306534133,0.39952376934658673,0.7990475386931735,0.0,0.0,352.0892427526096,3.136451805031993,0.4588847647964535,0.0,0.31815208736518746,0.9999999629999999,0.6465598109723583,0.4847892712806895,0.30886436565806463,0.0012265747371969812,0.0010422148863082786,0.05538843071928081,3.512682196966078e-05,954.3894728012542,13.702974491730386
14.373453953695442,0.8705051923517177,2.827977444222243,1.182894290950346,Si1,PU,combo_001,17.002276623064017,2.461769049049003,gp,0.600823660547519,0.399176339452481,0.798352678904962,0.0,0.0,414.0556588630862,2.2167020129874486,0.7494876116209508,0.0,0.3195631704518208,0.9999999629999999,0.6463251712265549,0.6777546842022082,0.27198411954603485,-0.0005816405374001189,0.0010736722653189945,0.05526344620802066,4.900914385319939e-05,1269.6575049987207,10.813424636415455
8.975976435635971,0.9997166451366923,2.760593491919691,1.3583626521139578,Si1,Si1,combo_002,12.192631156422868,2.75981126432814,gp,0.6061372240816354,0.3938627759183646,0.7877255518367292,0.0,0.0,334.947826363513,2.6512808430000043,0.3784969561422529,0.0,0.3687702223070816,0.9999999599999999,0.6462756950282966,0.4279893039570077,0.296890984839591,0.0009424926493366073,0.0011209309889552517,0.05540153910264382,7.556598142381281e-05,878.3360427779012,12.844028719130405
12.733460575467735,1.170274554115958,1.7109076548183384,1.7314942779126206,Si1,Si1,combo_002,22.047914124448326,2.0022316928761104,gp,0.6000773683215925,0.39992263167840747,0.7998452633568149,0.0,0.0,386.1803311402293,1.1736445585156456,0.6187611617003063,0.0,0.31202720566310577,0.9999999599999999,0.6462520769040438,0.5734740890439929,0.22878903235560374,0.0014253654479850259,0.001030457715456099,0.055203154460404386,5.1297316486275616e-05,1111.1472470971787,10.632688004621969
8.375404961688046,1.598278142982712,1.2018577966374497,1.6781685782522664,Si1,Si1,combo_002,14.055341436843007,1.920903047338997,gp,0.3887561397844479,0.6112438602155521,0.7775122795688958,0.0,0.0,308.0639384626552,1.5171311161799947,0.2524200446782852,0.07495906810368083,0.4154681005230132,0.9999999599999999,0.6461521925878417,0.3313371723686262,0.25815738172379044,0.0014021402740044316,0.001133080087666849,0.05531734006678895,8.899172446052318e-05,756.2737360558085,9.316010998930835
10.776335731726668,1.2697091350040073,1.617371957579443,2.078879938537999,Si1,Si1,combo_002,22.402708163636778,2.0535919492379326,gp,0.6034996464313451,0.3965003535686549,0.7930007071373097,0.0,0.0,356.9177885077053,1.341189903894716,0.4815291136313367,0.0,0.3421972304132651,0.9999999599999999,0.6460251694643018,0.4823591756474824,0.2400713482867603,0.00034617245257948615,0.0009194165608976896,0.05524804372352844,9.349853231927586e-05,959.8808823483206,10.915865609050643
8.816625141064423,1.4937700646743934,1.3395161655436063,2.404470608070934,Si1,PU,combo_001,21.199316014068657,2.0009291492364683,gp,0.41658532302216145,0.5834146769778386,0.8331706460443229,0.0,0.0,328.097376175121,1.9497990179236513,0.34637051650393474,0.0,0.15406326139245513,0.9999999629999999,0.6459387933648709,0.3759473743345417,0.2363953998577647,0.0002504405087105903,0.0010076264642297909,0.05542220776032888,3.80808039516945e-05,816.3085727343076,14.255778896484788
12.591758925439336,0.9791663933439158,2.6653456913315487,1.206462318736616,Si1,Si1,combo_002,15.19148267015802,2.6098169275958583,gp,0.38831789265043426,0.6116821073495657,0.7766357853008685,0.0,0.0,381.918680319133,2.0355893325686893,0.5987753703875638,0.07788071566377174,0.4173994544224766,0.9999999599999999,0.6458756162413828,0.5799528979413139,0.2793556024605721,7.701935128203092e-05,0.0009439285667840674,0.055218405836964926,6.732471326391093e-05,1087.9514118616396,9.706195010385311
10.970706582870124,1.3090524772790575,1.5020431600016164,2.475290708607202,Si1,Si1,combo_002,27.155688071434284,1.9662533195801797,gp,0.6037076526811234,0.39629234731887664,0.7925846946377533,0.0,0.0,360.26860647697663,1.6860578956400059,0.49724338762331427,0.0,0.34261769951085513,0.9999999599999999,0.6458303290632972,0.49737490748640534,0.25404234462312786,0.0007165316366375582,0.001079905288775427,0.055241882069566366,9.633267955809746e-05,969.7014867269759,12.931697201555
11.21162560097606,1.4785483457582744,1.2418107173236836,1.8618327539608848,Si1,Si1,combo_002,20.874171769043617,1.8360771818438286,gp,0.38836041616173134,0.6116395838382687,0.7767208323234627,0.0,0.0,353.92786279137175,1.4042771003521104,0.4675073098947574,0.0775972255884579,0.4163085940028045,0.9999999599999999,0.6457867134684179,0.4806819627764035,0.2537322496746959,0.0011439781612399488,0.0008211732266081584,0.05521999997841262,8.782401930402332e-05,949.2105511884778,11.369459871138398
11.84192425203546,1.350564386458971,1.3554104950737202,1.109315821677212,Si1,Si1,combo_002,13.136433931886021,1.830569143679289,gp,0.5918398447682307,0.4081601552317693,0.8163203104635386,0.0,0.0,364.7379126240852,0.9369216560713779,0.5182030165836923,0.0,0.23116728139315304,0.9999999599999999,0.6457426770453696,0.4922697885459182,0.2071134210020371,0.0009530493222598693,0.0009568437057739015,0.05517536752119599,6.923766315094449e-05,1010.001383029854,8.184588158776451
15.79510895597624,0.8276039802531611,2.8649807736703607,2.3826605215016294,Si1,PU,combo_001,37.6343825422214,2.371069491638371,gp,0.5943200019502228,0.40567999804977717,0.8113599960995543,0.0,0.0,437.6568070989591,4.102118488083971,0.860169514757706,0.0,0.2539735796864205,0.9999999629999999,0.6456988860172299,0.7703975045957762,0.33818124639155256,0.0005433183944278224,0.001185140405777747,0.05510954766566628,5.723880425494734e-05,1370.0679187642008,20.47723496494124
10.269275327892068,1.4192460034983996,1.3145118887086507,2.0431648771759656,Si1,Si1,combo_002,20.98182266399877,1.8656157446008854,gp,0.6103884068225796,0.38961159317742045,0.7792231863548409,0.0,0.0,344.18734752801794,1.5138719456940004,0.4218273812698467,0.0,0.40321583976600667,0.9999999599999999,0.6456054293815547,0.4486595285715533,0.25618810593611074,0.0007929467618134241,0.0009274835727110012,0.05532019775618169,8.413279265605023e-05,900.9674146377902,12.535160994110342
13.665916005331542,0.9211620985094655,2.6395138256145914,1.758133134651937,Si1,PU,combo_001,24.026499744343624,2.4314200946478843,gp,0.5971378963288032,0.4028621036711968,0.8057242073423936,0.0,0.0,408.2248661478515,1.2402388054162703,0.722143042277618,0.0,0.2794184187449087,0.9999999629999999,0.6455892896328157,0.6433478499394203,0.22658334485882503,0.0019596350784987435,0.0007263716370682528,0.05511913412158573,2.0938563989379824e-05,1223.9401178247354,8.868549592543099
8.269582244263018,1.0917390335983241,2.6958178107916764,1.2611171369740313,Si1,PU,combo_001,10.428911883856262,2.9431295315108548,gp,0.3969247372863265,0.6030752627136735,0.793849474572653,0.0,0.0,328.0946842314231,2.8152986640502076,0.3463578921413978,0.020501751424490212,0.3333350310401264,0.9999999629999999,0.6453972823465197,0.4038383127014299,0.2981902599005549,0.0008597565489204543,0.0011645243145849877,0.055304104342265716,7.931412756275285e-05,845.2535134176904,17.995480256837478
8.170644234675812,1.1663708907064367,2.3394346468674527,1.0369052054050991,Si1,PU,combo_001,8.472183538448512,2.728648472816289,gp,0.41074333139121677,0.5892566686087832,0.8214866627824335,0.0,0.0,323.0620678862292,2.8373184680005155,0.32275651693387497,0.0,0.20427014992528034,0.9999999629999999,0.6453855815737616,0.37466458205173747,0.27971854810803143,0.0007033943795543753,0.0011094401250504096,0.05529726186420659,8.744665540861757e-05,828.8862572019375,19.840163977366643
14.262149098921622,1.3416471745433884,1.1594736576848428,1.6815424865835031,Si1,Si1,combo_002,23.982409659825333,1.5556045567903574,gp,0.5959037225393331,0.4040962774606669,0.8081925549213338,0.0,0.0,401.1694492320226,1.1981182670445898,0.6890553736666372,0.0,0.2662530402001227,0.9999999599999999,0.6453783713760994,0.6183846157530127,0.22290988961225927,0.0011609996744242528,0.0010976464310785583,0.05531870580314601,4.59339661358647e-05,1163.5599651081084,8.669267382740484
14.629754745133411,1.3050215887907926,1.2050553752558308,1.9320399047783148,Si1,Si1,combo_002,28.265269964717653,1.572623280397249,gp,0.5920275256906393,0.4079724743093607,0.8159449486187214,0.0,0.0,408.07249505201565,1.4283378076520221,0.7214284701431779,0.0,0.22965633725159199,0.9999999599999999,0.6453247118660315,0.6400387854052442,0.22670473761725016,4.7430300353015894e-05,0.0009561122076558639,0.05518611476664283,6.21052382360816e-05,1197.8557765513704,10.069195331690043
9.049607336757804,1.012505325016698,2.694374642083319,1.9438917588288465,Si1,Si1,combo_002,17.59145712256056,2.72806867269932,gp,0.5999149896225617,0.40008501037743827,0.8001700207548765,0.0,0.0,339.2821166742309,1.8887180720413002,0.398823403632985,0.0,0.30264251265994435,0.9999999599999999,0.6452439848243734,0.42681852350732075,0.2562189988428205,0.0013815187915963128,0.0010519480646196554,0.055397514205251484,7.245881910354696e-05,885.2821343330515,9.51262621994335
9.461005045103684,1.1596546643067334,2.213169982932941,2.42945817338653,Si1,PU,combo_001,22.98511603527834,2.5665128936118387,gp,0.4041789451833324,0.5958210548166676,0.8083578903666648,0.0,0.0,349.5746306047146,1.432087539799352,0.4470920310108668,0.0,0.26434468888390517,0.9999999629999999,0.6452327418471501,0.45151531923936067,0.2320592109843577,-0.0004687105688220963,0.000517887297533233,0.055338861353652694,7.227521393335754e-05,912.7690541773165,11.67002079358995
9.368500776918628,1.4810053049093423,1.3489276923609563,0.9296264196367862,Si1,PU,combo_001,8.709205834611314,1.9977690683256937,gp,0.3959102341675873,0.6040897658324127,0.7918204683351746,0.0,0.0,326.2169323407738,1.6215348635472844,0.33755183106341136,0.027265105549418113,0.34145336363578344,0.9999999629999999,0.6452242917491989,0.38473092700637973,0.25126559308981455,0.00032265381249479286,0.0005356595249190041,0.05534281623114168,7.821047217584761e-05,845.1380347289339,12.015495684631915
14.469436912275528,0.8719034640624241,2.8199392019474905,2.258757330703167,Si1,Si1,combo_002,32.68294669674935,2.4587147586234446,gp,0.581486660371695,0.41851333962830495,0.8370266792566099,0.0,0.0,412.2702743064808,1.7978329601680776,0.741114724057129,0.0,0.13028618412338772,0.9999999599999999,0.6451980471815608,0.6481396039778206,0.22670031115772832,0.0003171792855997939,0.0010719194433841347,0.05522064109140878,3.714208032770139e-05,1230.7540739590147,8.879888784569681
8.348959698057685,1.5022522000625482,1.369390539307652,0.9045845998234443,Si1,PU,combo_001,7.552340367409576,2.05716995041976,gp,0.3898407656670031,0.6101592343329969,0.7796815313340062,0.0,0.0,311.08452643903246,2.121787213903129,0.2665856446938503,0.06772822888664616,0.39770474457699656,0.9999999629999999,0.6451734344407973,0.34644382228649356,0.27987760698739494,0.0003062337769583334,0.00042421934590384255,0.05531247839185942,8.915908160388662e-05,776.7652955824007,14.539819126362652
8.106760840587516,1.289722920958734,1.8954739787232118,2.478268910022446,Si1,PU,combo_001,20.090733352215473,2.4446362364401737,gp,0.4074850034431279,0.5925149965568721,0.8149700068862558,0.0,0.0,327.35898760775586,2.4919616824091624,0.34290770820860894,0.0,0.2329808994596019,0.9999999629999999,0.6451677602687604,0.38766216570406986,0.2700975223612324,-6.10776549334009e-05,0.0009824875656793465,0.05529055928846186,9.307253231897054e-05,810.0734373512482,17.28954457782236
8.374116946785222,1.1318537928775898,2.4535801692430006,2.1353146091966186,Si1,Si1,combo_002,17.881374255591467,2.777094020686929,gp,0.4077164472651589,0.5922835527348411,0.8154328945303178,0.0,0.0,327.66850420262114,1.6929322605021468,0.3443592429148749,0.0,0.23026692787302055,0.9999999599999999,0.6450968106362431,0.3792001379330568,0.23746696004965123,0.0008325624068037088,0.0010424697675318812,0.05531147582981955,7.516831390055081e-05,837.4069529081914,10.839766848760531
15.894740485862936,1.19897708818486,1.4836618612802166,0.6538775376497208,Si1,Si1,combo_002,10.393213770477383,1.778876578288684,gp,0.3970779967132785,0.6029220032867215,0.794155993426557,0.0,0.0,417.25378332962873,2.3361090077942728,0.7644858014923707,0.019480021911476943,0.3295504368998495,0.9999999599999999,0.6450956966043162,0.6906279938312517,0.2782976853731035,0.00025721154897342,0.0010296650067111418,0.05515523795539718,8.342703100735837e-05,1328.2546149012646,13.54257376673056
11.262478182353673,1.0104811009097419,2.486234352093404,0.917608888104128,Si1,PU,combo_001,10.334550082206555,2.5122928252229615,gp,0.6003840114396155,0.3996159885603845,0.799231977120769,0.0,0.0,370.6107455938786,2.4622256327120233,0.5457447413932087,0.0,0.3058192043308468,0.9999999629999999,0.645090148857925,0.5365892899524285,0.2798240649539691,0.0006393507895686864,0.0011191480369919654,0.05520402756288512,7.176344192547611e-05,1039.1966125382664,13.676592061300784
15.575433442564046,0.9331386560397148,2.554225978246633,0.8163068573160096,Si1,PU,combo_001,12.714333124834132,2.383446996562789,gp,0.4000898028036204,0.5999101971963796,0.8001796056072408,0.0,0.0,424.9118537877057,2.912943239416938,0.8003997241619034,0.0,0.3011937102075708,0.9999999629999999,0.6450641140043123,0.7195785589766884,0.2973068975802319,0.0003810497420370947,0.0010441205589522297,0.0550851187385576,4.7146495375066494e-05,1350.86158780581,17.819379469450322
15.01762160958486,1.1297209790940732,1.7573308120429914,0.8782494785974287,Si1,PU,combo_001,13.189218348391382,1.985293485573391,gp,0.3986346928618616,0.6013653071381384,0.7972693857237232,0.0,0.0,417.1417044005209,1.89015400599463,0.7639601868463709,0.009102047587589516,0.31445973162816304,0.9999999629999999,0.6450237597851806,0.6836125393013818,0.25804949085559514,0.00014214679388115418,0.0010288519149252698,0.05519786327074325,8.559138627222678e-05,1318.1052734789623,12.675048555815891
15.70645104319275,0.836149986073053,2.8317339510750967,0.7258274147661454,Si1,Si1,combo_002,11.400172755831623,2.3677543037540336,gp,0.5836018902672322,0.4163981097327678,0.8327962194655356,0.0,0.0,419.662245479824,3.6810021999016076,0.7757807254406585,0.0,0.1485602597476652,0.9999999599999999,0.6450099775409095,0.6959317663283622,0.3053863608701216,0.00048357974828358666,0.0010720464014977525,0.05508931959644872,5.234235316787221e-05,1312.4301587103896,19.519122866846814
12.917859501898338,1.0781640546073286,2.1440711932988403,0.7381471708976726,Si1,PU,combo_001,9.535281445379876,2.311660491133851,gp,0.39917432735049374,0.6008256726495063,0.7983486547009875,0.0,0.0,390.2628021448627,2.160675884678451,0.6379066564778288,0.005504484330041876,0.3090849624000726,0.9999999629999999,0.644980436569192,0.5979546415800849,0.2681529520796023,0.00015897095343488479,0.000905651866593205,0.05525917828451179,3.519673718168253e-05,1166.791418096394,10.521464985217486
9.205122734163837,1.0988639660615536,2.5219836604306742,1.4673176646073975,Si1,PU,combo_001,13.506839192717743,2.771316967443285,gp,0.39884785390145794,0.6011521460985421,0.7976957078029159,0.0,0.0,342.1877481166276,1.664153690989245,0.41244989394796194,0.007680973990280559,0.3120464669322953,0.9999999629999999,0.6449694730690224,0.4347099508254835,0.24857330173022663,0.0012245494117823948,0.001002215993781034,0.05538499388014163,4.286782922091489e-05,898.1996641559901,12.935124592662335
11.345652832640209,1.3295303324299812,1.4447603301912877,0.8056442892653666,Si1,PU,combo_001,9.140560412604014,1.9208526820808722,gp,0.5971437925490193,0.4028562074509807,0.8057124149019614,0.0,0.0,361.23784429683565,1.6688662796289555,0.5017888057284834,0.0,0.27451546462301474,0.9999999629999999,0.6449541383726458,0.49354838898350517,0.2431337018828809,0.0002842495680407631,0.0009061301488670167,0.05520005575960257,7.298360055077482e-05,1015.5269096620231,10.201026131321058
13.253171967094282,0.9241523259930091,2.6589553020903223,0.5088360873370829,Si1,Si1,combo_002,6.743692168541764,2.4572797271382156,gp,0.6081872057731914,0.3918127942268086,0.7836255884536172,0.0,0.0,388.423987600948,3.23654832588835,0.6292831992120221,0.0,0.3775325421080086,0.9999999599999999,0.6449471203952319,0.6111595686885294,0.3218081519187971,0.0006622990229979581,0.0011470745740662295,0.05528059000810551,5.483800089483934e-05,1140.1731958881483,13.872013225393605
12.475478847461025,1.1829003204114266,1.8060955373252718,1.9236258697803632,Si1,Si1,combo_002,23.998153848873738,2.136430989795712,gp,0.4029804937321728,0.5970195062678272,0.8059609874643456,0.0,0.0,382.04452656566497,1.1046776835187837,0.5993655493877366,0.0,0.2727457538036858,0.9999999599999999,0.6448760306131136,0.5551743540811802,0.22011550052343912,-5.531911653389675e-05,0.0006363178328397603,0.055218312416098335,8.404407845401276e-05,1089.7632194562782,9.950495937194885
8.184593064710535,1.0533483057420203,2.8850254518443235,2.2758334787622094,Si1,Si1,combo_002,18.62677090671323,3.0389366717228246,gp,0.40529228008972495,0.594707719910275,0.8105845601794499,0.0,0.0,327.58830720855656,2.4177396904918127,0.3439831444369448,0.0,0.250719983284162,0.9999999599999999,0.6448184981608411,0.38933366663957236,0.2697651407111562,0.0001771256611872822,0.001056691382241467,0.0553013825257752,8.027952909150108e-05,835.4502930999365,18.73737672330239
14.76451104318444,1.1012458372746996,1.7078361308887184,2.1899552493310015,Si1,Si1,combo_002,32.3336184628273,1.8807474298885303,gp,0.6017605998120814,0.3982394001879186,0.7964788003758372,0.0,0.0,416.2176754705136,1.8498445301612374,0.7596267841023817,0.0,0.31608899199676255,0.9999999599999999,0.6447598418895657,0.6802776228276581,0.2566682684466159,0.00030881912119882674,0.001038239925183081,0.055164927032234065,6.733180957517992e-05,1263.8152786642922,14.36614163906451
11.057206600813569,1.1729656916321196,1.857801359115224,2.1924572582025053,Si1,Si1,combo_002,24.24245286739836,2.1791372561096805,gp,0.6097737889423342,0.39022621105766575,0.7804524221153315,0.0,0.0,364.31096508655344,1.4012165929582732,0.516200767984544,0.0,0.3906095841553476,0.9999999599999999,0.6447253590121831,0.5121622181866989,0.24975397326024407,0.00010582551149515204,0.0010205806502495618,0.05523448453007301,9.391513428154023e-05,991.6400079860678,9.995579231592016
8.093088383774525,1.0171677413674072,2.7527708899757903,1.575531742345245,Si1,PU,combo_001,12.75091764224234,2.800029748658622,gp,0.603480462230948,0.396519537769052,0.793039075538104,0.0,0.0,331.22362446193773,3.248227465079778,0.36103162987878995,0.0,0.33106931514327725,0.9999999629999999,0.6446225469592602,0.4188717190044181,0.31530966768377244,0.0011635313556713613,0.0010207564177238551,0.05529344943396229,8.881902313671592e-05,848.9478940120208,20.21175109938372
10.430195177570306,1.077422296049338,2.268587059878312,1.708996058435796,Si1,Si1,combo_002,17.8251624471837,2.4442262788419082,gp,0.6025546003866964,0.3974453996133036,0.7948907992266072,0.0,0.0,355.3055697977488,1.66578475334325,0.4739683189908689,0.0,0.3196313286575465,0.9999999599999999,0.6442642821346793,0.4785501279155809,0.24977680844539513,0.0020723115537788278,0.0007960819815003572,0.05527117786285442,7.849074695138985e-05,952.6827454777163,9.512865639068828
11.374074476284108,1.0869914268973102,2.124585433972289,1.9406243595249573,Si1,Si1,combo_002,22.07280599572801,2.3094061524387794,gp,0.6070654752537337,0.39293452474626633,0.7858690494925327,0.0,0.0,369.48611046369655,1.4398915808444401,0.5404705591670319,0.0,0.3616565936628934,0.9999999599999999,0.6442545160785651,0.5267014000965308,0.24697071964605083,0.0006608754415138932,0.0008613771037698183,0.055186676694427686,5.2364202356354873e-05,1017.0126158567539,9.406335038386207
13.6812292705321,1.3574507787638088,1.271906005470236,1.7505171185990052,Si1,Si1,combo_002,23.94922604154422,1.726549797639937,gp,0.3971697477919065,0.6028302522080935,0.794339495583813,0.0,0.0,392.7278792385021,1.2000023204771106,0.6494670865626722,0.018868348053956797,0.32168812602028407,0.9999999599999999,0.644198185092125,0.5962380321040607,0.23130113308160866,0.0009193527187812484,0.001069746967636809,0.055223139252286675,3.9487307270230225e-05,1126.169178745345,8.604993267211183
9.763890703874441,1.2600897737457568,1.7219620685295842,1.939225089908607,Si1,Si1,combo_002,18.934381828078724,2.169826793332219,gp,0.6004245102614334,0.3995754897385666,0.7991509794771332,0.0,0.0,342.1795067480123,1.2132537218643518,0.41241124454185357,0.0,0.2983585313109407,0.9999999599999999,0.6440859631947904,0.4281186706351274,0.22833609983321657,0.001780361857037767,0.0006030357249862261,0.0553673983690683,7.347309352082129e-05,891.1264043661247,11.112993586994746
10.84094146377225,1.0277127213538793,2.628010706469899,2.1638401558634035,Si1,Si1,combo_002,23.45806446667498,2.700840034893311,gp,0.4053581356110669,0.5946418643889331,0.8107162712221339,0.0,0.0,362.52983073144657,1.5524213088342254,0.5078478125183417,0.0,0.24429523125853164,0.9999999599999999,0.6440741852454368,0.49342594923254707,0.2339046433922713,3.65134031346144e-05,0.0010152129064552285,0.05524165186780539,9.017500617536183e-05,977.1245896560226,9.916413356625062
11.47473883999128,0.9674829554158314,2.8762697491964957,2.329181182299928,Si1,PU,combo_001,26.7267457779138,2.782741957525778,gp,0.41238383564368064,0.5876161643563194,0.8247676712873613,0.0,0.0,379.2793814116302,1.5509282658021397,0.5863978952278954,0.0,0.17864242711892048,0.9999999629999999,0.6440639878435505,0.5418285236360428,0.2239965113940221,-0.00010841394059876816,0.0009835353029323053,0.05517369290963858,1.632277942504842e-05,1052.1042038204369,9.89083561786899
10.102431625933765,1.5106275891166137,1.1505859147797701,2.190071427815788,Si1,Si1,combo_002,22.12504685542013,1.7381068265152977,gp,0.6231394606705294,0.3768605393294706,0.7537210786589412,0.0,0.0,339.1692043755768,1.8787200072450811,0.3982938807480099,0.0,0.5098959331115105,0.9999999599999999,0.6440259065061107,0.44705799823164827,0.28690380735584253,0.000607245582857153,0.0010667789215924408,0.05536935084637345,6.595678566473094e-05,874.5196744109076,14.576787602416516
8.58460014769954,1.5503567707705215,1.1483777144379046,0.6902376017339255,Si1,PU,combo_001,5.925413817792832,1.7803951649807819,gp,0.6149257914187558,0.3850742085812442,0.7701484171624884,0.0,0.0,311.16458085133723,2.2703861599603554,0.2669610745085286,0.0,0.43284595113326474,0.9999999629999999,0.6439760645420044,0.3519329543564784,0.29114152487512657,0.0008359821573118518,0.0010600133810263613,0.05537619477233339,6.488016432834276e-05,781.6831748959969,16.540614657758457
8.487188298525847,1.198000908891525,1.9856588918383817,1.724881850861413,Si1,Si1,combo_002,14.63939706097059,2.3788211571709197,gp,0.6137127321284197,0.3862872678715803,0.7725745357431606,0.0,0.0,325.5796414120451,1.6825712602475158,0.33456313864308795,0.0,0.4214949326551572,0.9999999599999999,0.6439723321824073,0.39134628224668405,0.26573331965679736,0.0016695015465369271,0.0010323270321192907,0.0553375124781227,7.329083398934557e-05,825.4187531123716,14.508397507157069
8.051101457063725,0.9804038485803852,2.9367302479791055,1.0690468117235727,Si1,PU,combo_001,8.607004343536985,2.8791816373611443,gp,0.6070934877097613,0.39290651229023865,0.7858130245804773,0.0,0.0,328.27071351368727,3.975474151989764,0.34718341367001476,0.0,0.3596388245870526,0.9999999629999999,0.6439625332361365,0.42041451669884244,0.34892368743700186,0.0007553004693409455,0.0011749431667556149,0.055291736193421225,8.924750078167243e-05,845.9243810770362,23.364721786780045
8.223571870268481,1.2856523090644698,1.7705063515447228,0.603942782459809,Si1,Si1,combo_002,4.966566877088162,2.276255579076783,gp,0.5762581928972281,0.4237418071027719,0.8474836142055437,0.0,0.0,310.789529045213,2.158329342483679,0.2652022004375792,0.0,0.071227804659301,0.9999999599999999,0.6438837555447461,0.31324876857403616,0.23237974600519742,0.0011689085316208163,0.0010484086482020097,0.055297744961738386,9.195560683054517e-05,788.5158991558745,17.082711547523488
8.162138442626066,1.05857251970825,2.555491903199381,1.0752702756774517,Si1,Si1,combo_002,8.776504853320056,2.7051735030638002,gp,0.6024895918004916,0.39751040819950845,0.7950208163990169,0.0,0.0,320.9768132827352,3.2223092696912534,0.3129773339156271,0.0,0.31596399428160266,0.9999999599999999,0.6438722003005017,0.38342454066761655,0.31199863338705097,0.0007401311935229208,0.001151406489788482,0.05529653149878013,8.81077717153402e-05,830.4535906874805,17.15274450410397
12.564937697246572,1.1931947156109364,1.666875065472396,1.2501526772751874,Si1,PU,combo_001,15.70809050200873,1.9889065197052966,gp,0.605175482632859,0.39482451736714097,0.7896490347342819,0.0,0.0,386.82727563527334,1.3438968627695225,0.6217951262862531,0.0,0.34036308461084575,0.9999999629999999,0.643786468579822,0.5803931607801968,0.2399053938071993,0.000983065456712063,0.0008207154427543583,0.05521306441656708,7.984770793091503e-05,1136.685037612841,8.299068506207535
13.854054096341319,0.9238507044887503,2.6064842383938664,2.171633026141052,Si1,PU,combo_001,30.085921421559533,2.4080022998789974,gp,0.5860011217087902,0.41399887829120985,0.8279977565824197,0.0,0.0,412.38987007931917,1.269183532304406,0.741675590317218,0.0,0.16115972393130934,0.9999999629999999,0.6437553823669919,0.645528275647527,0.21001183110289898,-3.557681402238807e-05,0.0007102165375103555,0.055221578459844586,4.5381089583492986e-05,1239.8702733512218,9.306427576840465
11.300494348579502,1.0307830689488866,2.387608430859505,1.2294159882248104,Si1,PU,combo_001,13.893008426987752,2.461106345809596,gp,0.5974344931968574,0.4025655068031426,0.8051310136062853,0.0,0.0,372.7440449531207,2.0379454547669376,0.5557492390846576,0.0,0.26786643617969935,0.9999999629999999,0.6437547732229254,0.5349084525930471,0.2570206684823138,0.000810324718857783,0.0008370406633003466,0.05519715290286195,6.445769502466613e-05,1044.0608789129813,12.817374503381796
15.846997245032494,1.1186867677143613,1.7192228963315235,1.958978090699956,Si1,PU,combo_001,31.04392040640122,1.9232719048776343,gp,0.40003294366570685,0.5999670563342931,0.8000658873314137,0.0,0.0,434.40218469261856,2.2092647104894754,0.8449063674597382,0.0,0.2900382927873125,0.9999999629999999,0.643567045720172,0.7415096302464987,0.2672554544289246,0.00046342726095951017,0.0009463899163706554,0.05513598510636846,7.627229566682168e-05,1369.9454937396872,16.102473025758638
11.387726565090428,1.0123094062522426,2.6596589324227518,1.0640068083027039,Si1,PU,combo_001,12.11661859634578,2.6923977547143494,gp,0.3959482564431198,0.6040517435568802,0.7918965128862396,0.0,0.0,371.8697136533681,2.22063427919421,0.5516489024713075,0.027011623712534696,0.3280962697932164,0.9999999629999999,0.6435586200893446,0.5401662067182356,0.2734226659004779,0.0006969623041248035,0.0010998479575768645,0.0551802940436405,3.119935470929651e-05,1040.8022804744926,12.087172007990702
15.724990475552737,2.4536138540078527,2.9462974732652274,2.498806102546987,Si1,Si1,combo_002,39.29370216280442,7.229076298431893,gp,0.3239149165041795,0.6760850834958205,0.647829833008359,0.0,0.0,365.66039850173064,5.2796066151534,0.5225291829012862,0.5072338899721369,1.0,0.9999999599999999,0.6435064235756174,0.6222193560599997,0.4975712561018474,0.0006594332964704287,0.0011765667347662552,0.05535292115803032,7.831695143931042e-05,1055.14027556113,21.375993384063598
8.497412890598667,1.1495292660695944,2.1856953165427626,0.8154370167225493,Si1,PU,combo_001,6.929105017369512,2.5125207330771517,gp,0.5853428699153937,0.41465713008460625,0.8293142601692125,0.0,0.0,327.25907270654733,2.8089453994726252,0.3424391389971893,0.0,0.15269429278806,0.9999999629999999,0.6434579508802362,0.3829579070739816,0.2708379330582098,0.0008462542802140774,0.0010312217125520986,0.055336853215970025,6.932530130148524e-05,846.9734426374721,19.165357454097634
13.733844355997364,1.2947285592191013,1.3214486288871012,2.1478465502182194,Si1,PU,combo_001,29.498190221262902,1.7109172793610536,gp,0.5873117162664983,0.41268828373350175,0.8253765674670035,0.0,0.0,403.6635686278084,1.1524679092274825,0.7007520029414905,0.0,0.1704937152935879,0.9999999629999999,0.6433841003320523,0.6164703242003194,0.2067049918357488,8.514083418691631e-05,0.001004585569112836,0.05525382963968839,2.83313936537367e-05,1174.4307353681356,9.028000754622576
14.624549135268186,0.9375078707461211,2.392561846587604,0.9692646082530236,Si1,Si1,combo_002,14.175057888472814,2.2430455624227523,gp,0.5986987087144939,0.40130129128550607,0.8026025825710121,0.0,0.0,409.23100575039234,2.2307750423611843,0.7268615180448781,0.0,0.2760203327360467,0.9999999599999999,0.6432877664182024,0.657724289137356,0.2660202342235858,0.00023535274948696157,0.0011256518134243382,0.0551545535713888,1.721107090550062e-05,1248.4244291686325,13.379090624129814
14.148578121515357,0.9114909772553184,2.603892480885823,1.377579897363991,Si1,Si1,combo_002,19.490796796483533,2.373424502070394,gp,0.6044442926840929,0.39555570731590706,0.7911114146318141,0.0,0.0,405.0974405291006,1.5411325234185138,0.707476407589232,0.0,0.32905911029102053,0.9999999599999999,0.6432126096866659,0.6415122802365049,0.246163968175945,-0.0005859949620833634,0.0008507923499702804,0.055311683148753475,4.8640280523520274e-05,1208.8387691425332,9.646783323353059
9.483880230928788,1.0743290711541384,2.605080850308964,1.974308113598154,Si1,PU,combo_001,18.72410168831584,2.7987140901938625,gp,0.3951379272830593,0.6048620727169407,0.7902758545661186,0.0,0.0,349.61306274657346,1.4028264590043709,0.44727226557234,0.032413818112938156,0.332277554831879,0.9999999629999999,0.6431253904343729,0.45809761332185744,0.24106909240789232,0.0013119295969600334,0.001016655024519021,0.05533395929320025,7.06882479174614e-05,919.2603807266306,10.974524770517112
9.4229212453599,1.028214433076788,2.607883532635325,0.8939734077259578,Si1,Si1,combo_002,8.423841016447716,2.6814634880389216,gp,0.5864013318426657,0.41359866815733426,0.8271973363146685,0.0,0.0,337.1152912340822,2.8285026102055233,0.3886616792505981,0.0,0.15949051017670934,0.9999999599999999,0.6430630281478733,0.41621865191183893,0.2726460734921292,0.0008203450100452398,0.0011115312358469498,0.05534331370767912,6.389173540492817e-05,896.0746220729327,12.384514517978594
11.035967385439445,1.2389248701283777,1.6869894010630062,1.321276793087125,Si1,Si1,combo_002,14.581567595647533,2.0900531246199345,gp,0.5902840337115833,0.40971596628841667,0.8194319325768333,0.0,0.0,357.4800946074116,1.2786954509390522,0.48416615097540544,0.0,0.1957163040190316,0.9999999599999999,0.6430613938988741,0.46883692556731704,0.21557891679205993,0.0014036187588701782,0.0008159416327504858,0.05523674395517361,9.489262715294599e-05,977.4350779848551,8.822523744518863
14.369296366745251,1.007880818740626,2.0944964221952875,0.8013601921995218,Si1,PU,combo_001,11.514982098226865,2.1110027688514985,gp,0.6062180231458854,0.39378197685411465,0.7875639537082293,0.0,0.0,412.16220429029784,2.3167419781756595,0.7406079099418322,0.0,0.34315792495587744,0.9999999629999999,0.6428979795857875,0.6750510649651251,0.2795577704292738,9.107415274087942e-05,0.0009388081434747942,0.05526954851559201,5.655286632097286e-05,1287.6449115755347,11.872982890001964
8.171829806536715,0.9678540555644288,2.9851374610388697,0.596958387109376,Si1,PU,combo_001,4.8782423410424816,2.8891773980837723,gp,0.6131113361426799,0.3868886638573201,0.7737773277146403,0.0,0.0,326.9401944548446,4.5072781564809405,0.3409437010882092,0.0,0.40740666743040665,0.9999999629999999,0.6428865978807905,0.4269511393364415,0.37753559392535146,0.0011783551905603625,0.0010937090113213735,0.055299008867703815,8.432404422662967e-05,850.2032163591816,24.225359465304514
13.765318301364443,1.3703337358490362,1.143790801567957,0.6397372094895014,Si1,PU,combo_001,8.806186317849653,1.5673751221423822,gp,0.6095544597919798,0.39044554020802025,0.7808910804160405,0.0,0.0,392.422584667359,1.3770513744278963,0.6480353518091876,0.0,0.3734466798664289,0.9999999629999999,0.6427889197151253,0.6024516963889743,0.24620499685561473,5.678760965159189e-05,0.0005617515190922083,0.05528661877244755,2.2677975973256825e-05,1148.0614181767435,7.8086306256813645
15.391039837763813,1.2088350034758495,1.346145887037381,1.6315973671616522,Si1,Si1,combo_002,25.111980077175538,1.627268268035833,gp,0.5973426955026468,0.40265730449735315,0.8053146089947063,0.0,0.0,418.8822966691595,1.4549766774829056,0.772123012779781,0.0,0.25914965965156694,0.9999999599999999,0.6427478542715785,0.6787812401376128,0.2322030352408675,0.0010164141868230622,0.0010868721692634216,0.05512990533479148,6.168594761428055e-05,1280.6079189413763,10.477330850164766
10.088653689585929,1.2449774726974878,1.8561088286374465,2.0183391972079505,Si1,Si1,combo_002,20.362325188747892,2.3108136785285427,gp,0.3942789420321162,0.6057210579678838,0.7885578840642324,0.0,0.0,346.94816141869006,1.1589651160629164,0.43477472317762395,0.038140386452558676,0.3372932418653182,0.9999999599999999,0.6427408766237168,0.447041043878588,0.23198694141681592,0.0010655237114804382,0.0008932559450028038,0.055386948505715086,4.458647332475136e-05,913.4102421051067,10.107038624440476
15.756883179873899,1.0931910547840578,1.6028425990466133,0.5563482500845834,Si1,Si1,combo_002,8.76631438391005,1.7522131915045878,gp,0.6114799763415419,0.38852002365845806,0.7770400473169161,0.0,0.0,419.31977629647014,2.931494971418136,0.7741746535410854,0.0,0.3910231160078599,0.9999999599999999,0.6427383105592301,0.7104177095558862,0.31152946706837037,0.00041509639312229546,0.0011121756947901418,0.05511386985792796,6.887725453809335e-05,1337.7055187336812,16.83043919228125
10.814762703512082,1.0431847796541205,2.377404380095892,1.3325735614793106,Si1,Si1,combo_002,14.411466852372714,2.480072064399074,gp,0.6016389567948863,0.3983610432051137,0.7967220864102273,0.0,0.0,359.15607907988374,2.0602234171695724,0.4920259868269048,0.0,0.2990850432156824,0.9999999599999999,0.6427269658094554,0.49368073111788735,0.26260189054355265,0.0009230572607951614,0.0009236269361511676,0.055243298657670796,9.097431576407447e-05,976.1006521654488,10.618584769944048
8.87267019820144,1.0983795379863566,2.5712227264540837,1.5659193141133811,Si1,Si1,combo_002,13.893885631121837,2.8241784303426565,gp,0.3926050763635942,0.6073949236364058,0.7852101527271884,0.0,0.0,331.3122522495665,1.9001404582217645,0.36144726610578676,0.04929949090937209,0.3526216670622164,0.9999999599999999,0.6427031721204,0.4057847555235239,0.26417651696071287,0.0014029896096943268,0.0008638808631446042,0.05540118475683437,7.30716949257229e-05,862.8578818802762,9.117768686790473
9.089979062066726,1.4958060628877774,1.2326597108764796,0.8441149391590246,Si1,PU,combo_001,7.672987122933262,1.843819869006533,gp,0.6086398166500828,0.3913601833499172,0.7827203666998344,0.0,0.0,321.52149398186754,1.828514807820173,0.31553171371864847,0.0,0.3638536889317416,0.9999999629999999,0.6426535978186604,0.37394177481417856,0.26297278285258796,0.00036848427049571153,0.0006262703731286029,0.05537300617114654,8.114378309178669e-05,823.0496212091906,13.803019849193685
14.807911225054436,1.324257330146012,1.256011314917542,2.264551526537832,Si1,Si1,combo_002,33.53327796953372,1.6632821905258863,gp,0.4040791866570146,0.5959208133429854,0.8081583733140292,0.0,0.0,410.16331755740003,1.765206593694486,0.7312337648561427,0.0,0.2446800613026668,0.9999999599999999,0.6425942929782615,0.6522863875168157,0.24254362815077227,0.0004659886570853685,0.00110750207881529,0.05517870911961045,7.845337854608814e-05,1207.6955603492293,11.035310748844761
11.069993302515451,1.2223618295553487,1.7332278519208235,2.2566986722851614,Si1,PU,combo_001,24.981639187992247,2.118631568110225,gp,0.5815753383545541,0.4184246616454459,0.8368493232908918,0.0,0.0,369.48265723109176,1.075552840537427,0.5404543646008672,0.0,0.1102706374148061,0.9999999629999999,0.6425278925757243,0.49735342646727865,0.1945696792803897,0.00024090418761924112,0.0010395714585144098,0.05523362208872436,9.376503154171281e-05,1022.1202117958511,7.777509899719777
10.011838042742319,1.2851812834636065,1.7368344697202898,2.1063652053595163,Si1,PU,combo_001,21.088587294927144,2.2321471529589543,gp,0.41834034828852396,0.581659651711476,0.8366806965770479,0.0,0.0,351.2304416030236,0.6958864375113475,0.45485725966398155,0.0,0.10767176772829237,0.9999999629999999,0.6420941495677625,0.4328009130876978,0.17886856348452904,0.0006570816794892236,0.0010101672677962936,0.055408053562767005,1.842162180555415e-05,928.3345798628862,4.090055658343185
10.605790826146771,1.2517182323484146,1.6874972532053167,1.040945924787653,Si1,PU,combo_001,11.040054739627756,2.112271078874964,gp,0.606007507694585,0.393992492305415,0.78798498461083,0.0,0.0,355.04352360924963,1.578769088842527,0.47273940544128434,0.0,0.33427630752174553,0.9999999629999999,0.6420118901870598,0.47815176080996474,0.24846436539938094,0.0007426685603782253,0.0010186719606932427,0.055254249585966975,8.713260517739827e-05,972.8471861865496,8.752705752333567
15.89704792389336,1.1061139169110157,1.7664550007318707,0.9816142960043411,Si1,Si1,combo_002,15.604769506359855,1.9539004599065806,gp,0.3890825054872096,0.6109174945127904,0.7781650109744191,0.0,0.0,421.40721891299535,2.2429402599511112,0.7839640976468006,0.07278329675193632,0.37906379149139713,0.9999999599999999,0.6418787792772176,0.7081406127501308,0.28196735509251675,0.00023685573231649977,0.0011307904537260168,0.055150635629298284,8.051116575663464e-05,1342.9269676090034,16.93139916066138
12.238953297910939,1.069767959421384,2.2380167014534065,1.926502103181026,Si1,PU,combo_001,23.57836926915978,2.3941585598647874,gp,0.41052307436407887,0.5894769256359211,0.8210461487281577,0.0,0.0,387.66729128108227,1.0690801409588584,0.6257345333614336,0.0,0.17837104863911524,0.9999999629999999,0.641804379548757,0.5637850049477389,0.2045237082537506,0.0002743729691170828,0.0008125379999567531,0.05520362676662804,7.581677305775185e-05,1117.4694428103053,9.32827235205411
11.852935527729736,0.9464630891785721,2.9705366738116625,0.853077049756902,Si1,Si1,combo_002,10.111467270954451,2.8115033168140267,gp,0.40412466927972446,0.5958753307202755,0.8082493385594489,0.0,0.0,369.51844468839295,2.950518013211841,0.5406221964301889,0.0,0.2378606043258448,0.9999999599999999,0.6417750565909646,0.531833928744874,0.2893222564879272,0.0006647017104870217,0.0011420713140547737,0.05519252141577755,7.493460728667303e-05,1035.259302035099,16.669440080473773
15.556560173305186,0.8997714551801832,2.7537355047079446,1.2787046908215767,Si1,PU,combo_001,19.89224646665346,2.4777326022524035,gp,0.4006113495715624,0.5993886504284376,0.8012226991431248,0.0,0.0,427.33084204589346,2.365449686837239,0.8117440122196655,0.0,0.2702239233923046,0.9999999629999999,0.6417202702308324,0.7181141641545999,0.2705819673244585,-0.0011798777376440164,0.0009928444922789337,0.05509425833653759,5.083093221333014e-05,1345.8595261611558,15.254126159281594
12.273378202324277,1.5068434178787382,1.1199538966248426,1.4134848030772957,Si1,PU,combo_001,17.348233571405505,1.687595157456789,gp,0.411099297163247,0.588900702836753,0.822198594326494,0.0,0.0,370.3613898790743,1.0801683539815021,0.5445753421420901,0.0,0.17210533873459904,0.9999999629999999,0.6416906681240476,0.5064747624853527,0.20403102010369417,0.0021049256791774063,0.0009193137822037684,0.055199269157117654,8.032131489806348e-05,1030.9301856400332,9.3794071186086
13.237780039014766,1.1739070227285342,1.6525893640855034,0.8231190638906827,Si1,Si1,combo_002,10.896269113704598,1.9399862601864548,gp,0.5973923159949948,0.40260768400500524,0.8052153680100105,0.0,0.0,388.39990493159524,1.693084158795009,0.6291702591275,0.0,0.2507601190742666,0.9999999599999999,0.6416137683755607,0.5806189186288245,0.2405470645236576,-0.00015155471308504103,0.000739672133575967,0.05526893522630235,3.4473376414554006e-05,1143.3627657101247,11.246033475995144
12.987825703881825,1.182319566937885,1.7602547029945117,1.8245160154548647,Si1,PU,combo_001,23.69649600266874,2.0811835781448464,gp,0.4091683451231347,0.5908316548768653,0.8183366902462694,0.0,0.0,395.2299045095547,0.7337451597831481,0.6612007918861882,0.0,0.1894561555071348,0.9999999629999999,0.6416046569818172,0.5858560462462421,0.19266299803925901,0.0006940491254509689,0.0009100266592206711,0.0552895530678171,3.759739352612702e-05,1171.2966185030903,7.422538091718651
14.868761538142703,1.23729530526422,1.3325563210041338,0.7853507196145486,Si1,Si1,combo_002,11.677192573757495,1.6487656799785755,gp,0.590945361987508,0.409054638012492,0.818109276024984,0.0,0.0,406.8043914433588,1.5999951999452366,0.7154814662356564,0.0,0.1897859029548249,0.9999999599999999,0.6415109441084608,0.6338667375017146,0.2276468163876779,-0.00010017950151376188,0.0008436440923195744,0.055185750861783324,8.420648384596714e-05,1242.8530649455652,9.466951897382609
9.629556894092095,1.283995500232449,1.6692230187010166,1.6715343672984107,Si1,Si1,combo_002,16.096135290330277,2.1432748448965304,gp,0.6013674254640762,0.3986325745359238,0.7972651490718476,0.0,0.0,337.76953992989354,1.1989060550768176,0.3917298982225494,0.0,0.2870272711583513,0.9999999599999999,0.6415069440729295,0.41234328321524283,0.22605779437643353,0.0019568746168751217,0.0009250737244731342,0.05534159116902008,8.462528160954909e-05,877.3038951220764,10.840404907244386
11.666122358106854,1.5001727073373157,1.171572281987953,1.940771621840013,Si1,PU,combo_001,22.641279209527077,1.7575607621112246,gp,0.41681028741780324,0.5831897125821968,0.8336205748356065,0.0,0.0,364.86492676997017,0.96984289917377,0.5187986726615804,0.0,0.11706620574079085,0.9999999629999999,0.6414682034667128,0.4816559709481027,0.1913259165493293,0.00023134188690279142,0.0006124626959092362,0.055189792917927936,8.215025540647877e-05,1002.0351877323404,9.725688397076262
9.454266184315463,1.011464746956436,2.9896175065537367,0.8357501486254312,Si1,PU,combo_001,7.901404368686037,3.023892714762906,gp,0.3891431871319071,0.6108568128680929,0.7782863742638142,0.0,0.0,343.03860241684106,2.7120652683795594,0.41644013087620513,0.07237875245395282,0.37516592619447825,0.9999999629999999,0.64145199170464,0.4558894769878543,0.300301670971892,0.0009771136245238844,0.0011336993136146325,0.05533215236257819,6.296697332477953e-05,909.7745065177634,11.425933114916095
8.413712700221444,1.4624113449474878,1.445086843340883,1.0631266888533646,Si1,PU,combo_001,8.944842523949925,2.11331139413606,gp,0.3892563401009852,0.6107436598990148,0.7785126802019704,0.0,0.0,314.80840014801163,1.9506862039021016,0.2840494318380819,0.07162439932676548,0.3739135017937044,0.9999999629999999,0.6414268405094482,0.3543178615847524,0.26940871458459204,0.0005618360900028604,0.0009765470257896152,0.055324278298459664,8.428571658636002e-05,787.7280660219918,13.799240045420376
13.05704011806083,0.8811551938077371,2.9253905820380455,0.5642076271469165,Si1,PU,combo_001,7.366881622573195,2.577723105279063,gp,0.6306622236301109,0.36933777636988907,0.7386755527397781,0.0,0.0,393.3970605333027,3.481639115846208,0.6526053346899167,0.0,0.5597599482498576,0.9999999629999999,0.6414191350994027,0.6485318287386103,0.3590263483448686,0.000673243884159432,0.001146143111939377,0.055344112413721676,9.731556477404774e-06,1168.2464166777004,15.2206971522338
8.472839286498955,1.3032987650990542,1.842260932148672,1.384937288821147,Si1,PU,combo_001,11.734351070061164,2.4010163978595966,gp,0.38880488275361813,0.6111951172463819,0.7776097655072363,0.0,0.0,324.5037771434037,1.8893773371030569,0.3295176762960879,0.07463411497587927,0.37727472009612295,0.9999999629999999,0.6413176444416984,0.3857753317044521,0.2674404174209424,0.0010886715238145948,0.0011442131325147687,0.05533360051120297,7.428636044073431e-05,820.4962938395724,14.665028159953444
14.002985062096524,1.4306163204635305,1.1132284183932295,2.192019863189185,Si1,PU,combo_001,30.694821400057027,1.5926027437571577,gp,0.4109241049003174,0.5890758950996826,0.8218482098006348,0.0,0.0,401.39381507045863,1.3264493017881323,0.6901075783199356,0.0,0.16999722349148028,0.9999999629999999,0.6412111335383075,0.6109742540140287,0.2136468848669623,0.000346940737203789,0.0010850205010570439,0.05534144261889712,5.017408020279665e-05,1143.8277449016316,7.75534401405872
14.194068151187297,1.3666010851205064,1.1240467462870767,0.7775981081811651,Si1,Si1,combo_002,11.03728054175777,1.5361235032020935,gp,0.5772671189578205,0.42273288104217954,0.8454657620843591,0.0,0.0,394.7409784664148,0.9250742637351603,0.6589078837443042,0.0,0.0596971903572987,0.9999999599999999,0.6412002710949498,0.5734796765358405,0.18091512263043674,-0.0002876147612529851,0.0005330196880240648,0.05533823531587351,2.521516664953454e-05,1157.6694193439891,5.403046979527397
11.477866284059488,1.0943129040659514,2.243989597359981,1.7780485463531976,Si1,PU,combo_001,20.408203461608352,2.4556267729807857,gp,0.39422207596595626,0.6057779240340437,0.7884441519319125,0.0,0.0,375.8746443920915,1.356138761865847,0.5704307579837034,0.03851949356029171,0.3254696260108082,0.9999999629999999,0.6411581997305179,0.5430898126762198,0.2381650695045348,0.0017163987688702462,0.0009399063120855384,0.05517507367459286,3.481795352841021e-05,1054.653933568275,11.118297830158786
11.34896061614263,1.4404958776933112,1.2230858558236046,0.9348652244816686,Si1,Si1,combo_002,10.609748614043797,1.761850133378898,gp,0.5913959053767428,0.4086040946232572,0.8172081892465144,0.0,0.0,352.6285885760201,1.0291590420041705,0.46141412572361373,0.0,0.1900766992151083,0.9999999599999999,0.641009499130407,0.44947129908726424,0.20466960693954955,0.0003766453269806608,0.0009641469187794859,0.05520400081237977,7.775393365502581e-05,958.0723541792563,9.363919638934497
8.53716294400803,1.100698834989678,2.6127964352488635,1.1591147853213626,Si1,Si1,combo_002,9.89555179309736,2.875901992343608,gp,0.39187522573033107,0.6081247742696689,0.7837504514606621,0.0,0.0,323.9412477925333,2.5812010851090386,0.3268795919748353,0.05416516179779303,0.3458381467187468,0.9999999599999999,0.6409615023896165,0.3887564572856262,0.2906249788175961,0.0008256448004353184,0.0011537826031111614,0.05533466120109959,5.3573593967065104e-05,842.7563955731919,13.075247801157339
12.48611202094856,0.8948827943555608,2.94758718080198,0.977317792382576,Si1,PU,combo_001,12.202899435754992,2.6377450529627056,gp,0.6131023850086876,0.38689761499131237,0.7737952299826247,0.0,0.0,388.29663934301925,2.8214974599657228,0.6286859762545695,0.0,0.391630033235602,0.9999999629999999,0.6408762075630945,0.6073688965579687,0.30718449688207483,0.000516374527012945,0.0011535214663222408,0.05522839033775171,7.568553458122632e-05,1126.2680924232222,12.93219941394532
11.228721284751273,1.458428897846898,1.2692131060407865,2.215789650036416,Si1,PU,combo_001,24.880484405895476,1.8510570713759023,gp,0.4137296629738785,0.5862703370261215,0.827459325947757,0.0,0.0,361.8534780447304,1.0288788926123207,0.5046759328365042,0.0,0.1408834686342567,0.9999999629999999,0.6408359670948421,0.4748320133260709,0.1972793248649613,0.0005046424033086243,0.0010594405391977993,0.05521751355878455,8.628104588417035e-05,987.8486001794021,9.218283957477079
12.983604592880994,0.9932018223785726,2.562394116182602,0.6404132636091258,Si1,PU,combo_001,8.314872590737352,2.544974505844692,gp,0.3765110419726341,0.6234889580273659,0.7530220839452682,0.0,0.0,390.9889915752771,2.677676850925165,0.6413122546882539,0.15659305351577296,0.48755725654870397,0.9999999629999999,0.640746291353738,0.6241428609678246,0.3157735454914232,0.000519923569242702,0.0010588656436227514,0.05530769232416201,2.75243782397968e-05,1161.2670293015228,12.159364678078157
9.682098692658949,1.3689805493700313,1.5628386912152323,2.287327387530141,Si1,Si1,combo_002,22.14612950848859,2.1394957700765693,gp,0.3844341250318166,0.6155658749681834,0.7688682500636332,0.0,0.0,338.64444410510373,1.434759622808705,0.39583292144018123,0.10377249978788933,0.4130601929392733,0.9999999599999999,0.6406760515422649,0.43053628134765726,0.25447429660050164,0.0003001507399506411,0.001006350490569688,0.055349545852519014,8.208189475835103e-05,872.5051857160591,12.391520829498566
14.919349497966177,0.9688343949008048,2.189014299314234,0.9253604205595076,Si1,Si1,combo_002,13.80577552591226,2.120792344105315,gp,0.6040510110550485,0.39594898894495145,0.7918979778899029,0.0,0.0,412.8743020155392,2.3185378969047905,0.7439474225223798,0.0,0.30538031129815746,0.9999999599999999,0.6406494286021005,0.6736316553277675,0.27396355420772434,0.00024446276425851284,0.0011017098798102273,0.055178393564426595,8.005442238245754e-05,1277.8101909836028,15.077803127170561
9.021119072133194,1.5281628710324275,1.172921344853185,1.9943755635952094,Si1,PU,combo_001,17.991499433745133,1.7924148498460593,gp,0.6053370449709234,0.39466295502907656,0.7893259100581531,0.0,0.0,327.16317911215174,1.7145348836809817,0.34198942843987856,0.0,0.3166524711627653,0.9999999629999999,0.6405558056043301,0.38642873562958047,0.25129598819327614,0.0013881967537150894,0.0009734225402671296,0.05538308461723879,7.885860685164382e-05,820.0773166548499,15.132249102583376
8.66991331703193,1.047459230692971,2.5556782145424823,1.9055888158020073,Si1,PU,combo_001,16.52128985090893,2.6769687365034547,gp,0.6102906358186431,0.38970936418135693,0.7794187283627139,0.0,0.0,340.1766252806089,2.229711900024929,0.40301836541775266,0.0,0.3625855466223425,0.9999999629999999,0.6405173173343022,0.4396783540783256,0.2789621420761772,0.0015195019269208573,0.0010397055611989826,0.05537743110071649,5.7804941427100106e-05,879.8562670572471,14.966823431286212
8.712563298798134,1.3550090879409933,1.6566824090369345,0.8733961397725953,Si1,Si1,combo_002,7.60951915269468,2.2448197200770243,gp,0.4129966241345926,0.5870033758654074,0.8259932482691852,0.0,0.0,316.1224226558766,1.1865743341595534,0.29021178082557597,0.0,0.1435229312863255,0.9999999599999999,0.6402976324021794,0.3267880765229952,0.20403482655055694,0.0004681068189012706,0.0006890135270206275,0.05540791981200871,4.2819134801781985e-05,806.2108281696969,12.67066593029839
13.440750322812882,1.04439888868579,2.0645409528162117,2.381044771775688,Si1,PU,combo_001,32.003028284876,2.1562042767675536,gp,0.5990180463561501,0.4009819536438499,0.8019639072876998,0.0,0.0,407.5723983263676,1.038946459225803,0.7190831750416856,0.0,0.2554747458278009,0.9999999629999999,0.6402739189466434,0.6364922127153542,0.2148740238860497,0.00048489672066172676,0.0010934831795197254,0.055184544410197885,4.6162053825227894e-05,1222.5205341132353,4.843508515135367
13.862974194610903,1.2586840083801083,1.4808101630226072,1.5535633764142556,Si1,PU,combo_001,21.537008996923408,1.8638720716432968,gp,0.408136557394414,0.591863442605586,0.816273114788828,0.0,0.0,403.07556023710697,0.849499832446668,0.6979944300008531,0.0,0.18818811374551062,0.9999999629999999,0.6402085421917999,0.6128185557542177,0.1971409762885698,0.001758035358006743,0.0009282855568439931,0.05529696074588172,3.0916684439611304e-05,1204.1893862484128,8.562249783031042
9.230878044025282,1.6118151220213612,1.1578600629601825,0.7173155202049988,Si1,PU,combo_001,6.621452086098897,1.8662563586638277,gp,0.38255825455743775,0.6174417454425623,0.7651165091148755,0.0,0.0,316.8872572690425,2.1322012797677257,0.2937986126917219,0.11627830295041514,0.4249623712946717,0.9999999629999999,0.6399578925643671,0.3683386571721655,0.28438623214892633,0.0007818122821618306,0.0010178065489986048,0.05535503379759106,7.903225746530217e-05,813.6876482528835,15.58297155474709
9.421706838669467,1.081340179653202,2.5760417757907073,1.6168248864561403,Si1,PU,combo_001,15.2332500896548,2.785577476627677,gp,0.39894806602566746,0.6010519339743325,0.7978961320513349,0.0,0.0,346.5653422393208,1.495211644292714,0.4329794225885857,0.007012893162217092,0.2717747748626362,0.9999999629999999,0.6399302186012269,0.44310684059488503,0.23571940916753564,0.0016795161036404632,0.0006761755306925922,0.055342644633674845,6.108998192158388e-05,912.9779091673968,11.77299252479327
10.876918356453533,1.0472880790548962,2.362049477052003,1.4772592561008957,Si1,PU,combo_001,16.068028319924725,2.473746259454414,gp,0.5958111886298809,0.4041888113701191,0.8083776227402382,0.0,0.0,367.8860543067486,1.7768753786163998,0.5329668030443743,0.0,0.22223505639214702,0.9999999629999999,0.6398500115918,0.5113894659975299,0.23964745965420822,0.0012960481355508795,0.0009411488163201722,0.055242701662299915,9.319566665533768e-05,1013.8030585434918,12.65441588427497
9.034598054260545,1.279461154701139,1.7319618316087242,1.7771135712807402,Si1,PU,combo_001,16.055506813292986,2.2159778849683978,gp,0.5861493704534837,0.4138506295465163,0.8277012590930326,0.0,0.0,336.3478882819926,1.2757038895437667,0.3850628026891206,0.0,0.13174253910730543,0.9999999629999999,0.639809587818921,0.3930327357285477,0.20586220804011027,0.0019788698483602834,0.0008981620432230396,0.055390616085968625,7.649655609801691e-05,860.3248186888524,9.646682774558737
8.676862752017676,1.0718062210526633,2.7131992601549397,2.1059996957248104,Si1,Si1,combo_002,18.273470315595166,2.9080238459895478,gp,0.40361309729195227,0.5963869027080477,0.8072261945839045,0.0,0.0,332.7077584145774,1.6777064512610496,0.3679917476131617,0.0,0.22580921723906705,0.9999999599999999,0.6396195253701951,0.3951216829039155,0.2361842730636449,0.0008480801016799675,0.001077657975560081,0.05536825957840288,5.9129560446247275e-05,858.6746523389498,10.492770188326013
14.422739326336103,0.8877705530482516,2.720072229895417,1.7232647555158722,Si1,Si1,combo_002,24.85419835906774,2.414800027865445,gp,0.5894268201160742,0.41057317988392583,0.8211463597678517,0.0,0.0,409.7862627364425,1.1551144911979798,0.7294654972806255,0.0,0.16023206531149656,0.9999999599999999,0.6395405628133299,0.6355740998095958,0.2052724759337534,0.0022682895605132215,0.00047917729759182326,0.0552431716405892,4.509915564264252e-05,1227.1606765057013,8.902051758009911
11.662269879749434,0.9416133837301617,2.7858729684969656,1.6522273974713657,Si1,Si1,combo_002,19.268721812027106,2.623215272508818,gp,0.6028651668249552,0.39713483317504483,0.7942696663500897,0.0,0.0,373.1373925279596,2.023512747279735,0.5575939145107126,0.0,0.2847922926310681,0.9999999599999999,0.6394298347996945,0.5377260118857581,0.25897750052269375,0.0016760175779506215,0.0009723999739173334,0.05518510144767563,7.217444088089018e-05,1033.0039253720854,12.144849203664682
13.549452426034986,1.3916890217500906,1.1377560327351244,2.377529183835771,Si1,PU,combo_001,32.214218567892566,1.5834025801874092,gp,0.5814199632307862,0.41858003676921385,0.8371600735384277,0.0,0.0,398.3244479485767,1.5035934175301424,0.6757132195760288,0.0,0.08349776244927916,0.9999999629999999,0.6392838836291639,0.5942893750529878,0.2078158796343311,0.0006720249284313615,0.001066304863189106,0.055202149610303286,5.294350193538427e-05,1126.772163096997,9.345126552442599
13.181409413026184,1.413033682181311,1.1147401162827915,1.9068708907869265,Si1,Si1,combo_002,25.135245909244418,1.5751653311862956,gp,0.5990358889871459,0.4009641110128541,0.8019282220257082,0.0,0.0,385.6036593216778,1.354765736229842,0.6160567536891062,0.0,0.2471473855410712,0.9999999599999999,0.639185793983418,0.5671799648274348,0.22636136124949777,-0.00012160274338195436,0.0008479213296748056,0.055267257723881406,1.8795746479734e-05,1072.1132563705537,9.636467495926885
9.160570547893867,1.0330499113449312,2.6081045122883073,0.9589980582476372,Si1,PU,combo_001,8.784969367870712,2.6943021351977507,gp,0.5917738763200759,0.40822612367992406,0.8164522473598481,0.0,0.0,340.98079516071107,2.6133958550127674,0.40678966721567433,0.0,0.17866507897988793,0.9999999629999999,0.6390956685145323,0.42834716320754046,0.26684737815201204,0.00077153287295096,0.001119940923862256,0.05538811189194478,5.648028419743264e-05,901.6293774446597,14.828583552889695
13.426240398116825,1.3296199695107074,1.3573944572461234,1.0300839674284001,Si1,PU,combo_001,13.83015497693964,1.8048187768575938,gp,0.39841280665115164,0.6015871933488484,0.7968256133023033,0.0,0.0,391.4065751873874,1.0539018927236603,0.6432705894457482,0.010581288992322541,0.2699288275871918,0.9999999629999999,0.6390537506727664,0.5850411328620495,0.21764526275765156,0.00044852316841510385,0.0010636758014341318,0.05520340723627878,5.443428178933976e-05,1152.4994678776684,7.121228611900342
11.74097320303045,1.1440928342644958,2.0354887311157315,0.698269641728146,Si1,PU,combo_001,8.198365152019834,2.3287880714956395,gp,0.3903051916314553,0.6096948083685447,0.7806103832629105,0.0,0.0,372.0526132651419,2.1382354759618485,0.5525066436672773,0.06463205579029832,0.3453742210876639,0.9999999629999999,0.6390248395461218,0.5415449920148876,0.27269135824974455,0.0005552185465469299,0.0009770049059606436,0.055184015576334934,7.764414693894359e-05,1068.9104573295822,12.382259339637107
12.816815845725966,1.0374430044550471,2.1711812100288452,2.322683505517463,Si1,PU,combo_001,29.769406758122553,2.2524767577486697,gp,0.5941449674405987,0.40585503255940125,0.8117100651188025,0.0,0.0,398.71079330680686,0.8939246277240687,0.6775250568260476,0.0,0.20016252332525453,0.9999999629999999,0.6390146103396459,0.6001993139715465,0.20072871241154527,0.0002936004743431239,0.001002617446673507,0.05521223639030651,3.6425610148920637e-05,1172.633918110505,7.187596085435967
12.344671620705157,1.2473364342391355,1.651361495507781,0.6703632528915344,Si1,PU,combo_001,8.27541422353372,2.059803359446482,gp,0.4001827095610224,0.5998172904389776,0.8003654191220448,0.0,0.0,377.28073901565944,1.7490690942297171,0.5770248960049335,0.0,0.2520755870234399,0.9999999629999999,0.6388828375105012,0.5448937901155835,0.2430021601877672,0.0002850791423409666,0.0007683458848290412,0.05521132285939458,8.455725047169397e-05,1106.4585371717567,9.975202221950882
9.52157045194732,1.0161896357611324,2.9124574079089007,2.000962706333027,Si1,Si1,combo_002,19.05230738006909,2.9596090325127578,gp,0.39602447379829187,0.6039755262017081,0.7920489475965837,0.0,0.0,343.98569896075367,1.7135531368871264,0.42088171341646297,0.026503508011387712,0.28996062039155523,0.9999999599999999,0.6387643170058541,0.4389728376961337,0.247252617987823,0.0010539949017246745,0.0010885306040578024,0.05532779510950802,7.156919616292334e-05,901.8086725307003,12.02857000351078
13.06779719936738,1.3675836838558761,1.2930252575954553,2.410877263591842,Si1,Si1,combo_002,31.504855153183964,1.768320245101086,gp,0.41274217159849513,0.5872578284015049,0.8254843431969903,0.0,0.0,386.73792309998464,1.6925675942772862,0.6213760912224923,0.0,0.13363401506268685,0.9999999599999999,0.6387265563724505,0.5634444386518526,0.22295731677384056,0.0007795718402149197,0.0010698838867516712,0.055287744701383285,3.65724456128303e-05,1084.6076818459355,11.43939706903093
10.174630627907229,1.2463438505687772,1.8413223792721376,1.2200759587172052,Si1,Si1,combo_002,12.413822217937351,2.2949208243204984,gp,0.40579065017530525,0.5942093498246948,0.8115813003506105,0.0,0.0,343.21999937127083,1.3951166155560843,0.4172908250856072,0.0,0.198389955686967,0.9999999599999999,0.6387105525133874,0.423633009175314,0.22067502751646803,0.0012138296598111136,0.0008661520879734808,0.05535392372284829,6.573705075256828e-05,913.7358539622204,9.683436905052213
11.48880080329084,1.3211406034317115,1.4358590324872187,2.346797370353425,Si1,Si1,combo_002,26.961887513677258,1.8969716686230376,gp,0.6009804323258265,0.39901956767417346,0.7980391353483469,0.0,0.0,366.6222522487261,1.5732960385289398,0.5270399720456408,0.0,0.26110417264428026,0.9999999599999999,0.6386487342246454,0.5087818811895515,0.23726782612275413,0.0006979047372023836,0.001070161608307801,0.05518903680962245,6.859522755255922e-05,1001.0263253095292,12.015171987562493
11.223086476045133,1.0918089732246388,2.2813646130912026,2.012287508851456,Si1,Si1,combo_002,22.584076726505323,2.4908143557701314,gp,0.3924886759399442,0.6075113240600558,0.7849773518798884,0.0,0.0,366.3544736318744,1.3849990034369268,0.52578417522439,0.05007549373370556,0.3218787834175499,0.9999999599999999,0.6386256264951626,0.5118106582768882,0.23879032598584343,0.0003481579358708895,0.0009284138651406236,0.05521126012584132,7.868605541515278e-05,999.7438640459193,9.009066483796053
8.021035263673312,0.9773463736747174,2.946612359279281,1.0588797336893294,Si1,PU,combo_001,8.493311683911116,2.879860903966709,gp,0.6120579039811105,0.3879420960188895,0.775884192037779,0.0,0.0,327.920813003989,4.051184001914111,0.34554249120578223,0.0,0.36358407194998626,0.9999999629999999,0.6385321784851268,0.42053275185246697,0.3525687210394707,0.0007541108725287401,0.001174822365027834,0.05528976813345268,9.053816699546133e-05,844.6736328455484,23.904417722378273
8.393487989223472,1.388792465367532,1.6190080423718722,1.351320015392556,Si1,PU,combo_001,11.342288318794695,2.2484661706154943,gp,0.38364979214469486,0.6163502078553051,0.7672995842893897,0.0,0.0,319.7041733768257,1.8656392410114202,0.30700905621209806,0.10900138570203442,0.40342531669837994,0.9999999629999999,0.6385039619453367,0.3723608384182818,0.27040569080467014,0.0010459461616717713,0.0011523531402237936,0.055319274585286245,8.397008133496606e-05,800.2349576361387,13.902825020325874
10.739996371341554,1.1310289771748387,2.181779265325966,2.1100629451717596,Si1,PU,combo_001,22.66206837444697,2.467655570882899,gp,0.3973974019324089,0.6026025980675911,0.7947948038648178,0.0,0.0,366.29149526209204,1.2733632048232075,0.5254888266356563,0.017350653783940736,0.27486752393560615,0.9999999629999999,0.6384723492964044,0.5056164807620821,0.22723656002280818,0.0002445386502446321,0.0010090434696805226,0.05524375708128916,8.699869391982358e-05,999.1618769756699,11.122359332842146
15.135600919715227,0.9653575782712298,2.423587773858461,1.4642966666017951,Si1,PU,combo_001,22.163009973754072,2.3396288240997647,gp,0.39074857797942286,0.6092514220205771,0.7814971559588457,0.0,0.0,424.0448020957335,1.6036716231806798,0.7963335266012457,0.061676146803847726,0.3347395015557078,0.9999999629999999,0.6381926010374162,0.7050009009895484,0.24953812037922585,-8.927682273171728e-05,0.0007416734328695218,0.05521421073663548,7.55220293067331e-05,1327.4945013245735,13.895585296892657
15.113432987351663,1.026085108325666,1.9162519037796413,0.987610771662093,Si1,Si1,combo_002,14.926189215101708,1.9662375422689968,gp,0.6101445318180936,0.3898554681819064,0.7797109363638128,0.0,0.0,415.48198444827665,2.1652490293221542,0.7561766264385252,0.0,0.3428970811943845,0.9999999599999999,0.6381697833340387,0.6841775255506739,0.27340919641409533,0.00020491960418558722,0.001122591164276975,0.05520587547701016,8.451475837370933e-05,1298.2201988339793,15.642720556204647
15.710309875374566,1.2683085702061776,1.3294984614625371,0.9539450154868812,Si1,PU,combo_001,14.986771797367892,1.6862142927488635,gp,0.392337356086216,0.607662643913784,0.784674712172432,0.0,0.0,422.3773056818461,1.5761591871575338,0.7885134970536053,0.05108429275856011,0.31869834899085797,0.9999999629999999,0.6380372643503003,0.6976057568588623,0.24602241882651327,0.0002862944619935627,0.0011203257335389652,0.0551038327035455,6.135251790727327e-05,1316.635806100689,8.768148348334972
10.884083222911201,1.5583903620999429,1.1430846472803757,2.352461996914315,Si1,PU,combo_001,25.604392153151277,1.7813720973861502,gp,0.3981426881543655,0.6018573118456345,0.796285376308731,0.0,0.0,353.2713497330476,1.5775507898179244,0.4644284717804744,0.012382078970896899,0.26441571380129,0.9999999629999999,0.6380245131343429,0.4653340101954688,0.2379361444617205,0.001016826375760021,0.0010556252804734322,0.05524711860423583,9.696448553244414e-05,941.5674513190327,14.233166096445387
13.228744856128422,1.384840300772547,1.2519312184375093,1.9215916427642223,Si1,PU,combo_001,25.42024555979657,1.7337248050875416,gp,0.4104029560063225,0.5895970439936775,0.820805912012645,0.0,0.0,391.49291240108965,0.8204690831978336,0.6436754836071927,0.0,0.14964678339456397,0.9999999629999999,0.6379809871099243,0.5706066575012105,0.1901890171377021,-0.00024061500212764107,0.0007834827100087368,0.05526370325490431,2.784673987888861e-05,1121.0014845046676,6.435959793831649
8.75474141153334,0.9848590970395403,2.8396385510575426,2.1564374170032874,Si1,PU,combo_001,18.87905195601867,2.7966438593132,gp,0.6151172334925548,0.38488276650744524,0.7697655330148905,0.0,0.0,344.2050021762639,2.489240069336393,0.4219101759732038,0.0,0.38616067014553496,0.9999999629999999,0.6377664661853717,0.45825051080242113,0.29296473004501766,0.0005728857717676192,0.0011028371173448744,0.05539011743825058,6.402739724665244e-05,889.7325001546776,14.202129558634857
8.665648981188516,1.2985193632907064,1.6903080693194226,1.1136424494451118,Si1,PU,combo_001,9.650434557442317,2.1948977579377997,gp,0.6129125691383024,0.3870874308616976,0.7741748617233952,0.0,0.0,326.01602109204066,1.9146681725405172,0.3366096210001923,0.0,0.3644774661981449,0.9999999629999999,0.6376247370273849,0.3897513777167755,0.2665407647186141,0.0007305240764927796,0.0010724252624763578,0.05539735954348305,4.8293137794863485e-05,829.7337138967316,13.665455024701645
12.519836814624647,1.163187218052986,1.8822225237359231,0.6702264740299728,Si1,PU,combo_001,8.391126083696523,2.189377181141059,gp,0.39852070052566546,0.6014792994743345,0.7970414010513309,0.0,0.0,382.38158424756995,1.9877950456751232,0.6009462430610809,0.009861996495563739,0.2577190864796592,0.9999999629999999,0.6376186054740619,0.564953769341539,0.25347608729980664,0.0003004759925539618,0.0008608132464444435,0.05521750468494152,8.109785195414348e-05,1131.992276777804,10.624636670882111
11.949863827588015,1.3898799003390487,1.267009948014458,0.6186152214289383,Si1,PU,combo_001,7.39236765774902,1.7609916602749183,gp,0.6098573948171122,0.3901426051828878,0.7802852103657756,0.0,0.0,366.3113488585855,1.6693105123969922,0.5255819337091786,0.0,0.3356009122431017,0.9999999629999999,0.6375784144543515,0.5163172419418537,0.25231443416038,0.0005289144964756127,0.0006468738207634163,0.0551624262269023,4.115566962227336e-05,1038.542876993789,10.577685201793019
8.750487917209272,1.0460588568296263,2.8326035042503657,2.338377737086729,Si1,Si1,combo_002,20.46194613424858,2.963069983507731,gp,0.4085423073409231,0.5914576926590769,0.8170846146818462,0.0,0.0,335.46971669247625,1.6953564754620551,0.38094445633423596,0.0,0.16360945829711443,0.9999999599999999,0.6375449909665198,0.3981719730463737,0.22756610398400712,-0.0002668784763378382,0.0008738293011333701,0.055382201636226765,6.65185189904073e-05,864.7995836841212,12.738917560474706
14.769269955719839,0.8879735239354224,2.6518898684347714,1.4066932555223146,Si1,PU,combo_001,20.775832435699453,2.3548079915626676,gp,0.6036815037527674,0.3963184962472326,0.7926369924944652,0.0,0.0,420.85394159105476,1.8638417477998905,0.7813694024081295,0.0,0.27763301034765253,0.9999999629999999,0.637536619385754,0.6918131387566471,0.25146435507881726,-0.0005959143494545508,0.0007752978666073059,0.055146115334206325,5.579191817009587e-05,1303.4419415537948,12.378402384431787
9.60368878506725,1.298345680336683,1.752398969775728,1.381198260144171,Si1,PU,combo_001,13.264598240900973,2.2752196326347702,gp,0.3955937807321277,0.6044062192678723,0.7911875614642554,0.0,0.0,340.4536025406077,1.0733923948676423,0.40431730095918833,0.029374795119148825,0.2839164342612411,0.9999999629999999,0.6374750528898123,0.4193971681700957,0.2205294217930755,0.0013063564588165866,0.0010691968594694675,0.05533918854461647,8.35174915011054e-05,892.1317480576082,6.626455286005337
10.400451849961593,1.0239869626426015,2.71227355593707,2.3883453638470993,Si1,Si1,combo_002,24.839870957770756,2.7773327603998483,gp,0.40565741147901235,0.5943425885209876,0.8113148229580247,0.0,0.0,357.66469399401774,1.5326421448052638,0.4850318635764724,0.0,0.18944525650115027,0.9999999599999999,0.637405367900159,0.47174188485012564,0.22487948791285245,-0.0003719232579721105,0.0008332261796512787,0.055269308557198686,7.016869261703746e-05,952.8244454481734,9.934322315592137
10.00842410133005,1.320649061994503,1.6416005252044346,1.9162208715231146,Si1,PU,combo_001,19.178351154023613,2.16797819378092,gp,0.42332069809600625,0.5766793019039937,0.8466413961920125,0.0,0.0,348.7492115018755,0.49521030373091507,0.4432210770947854,0.0,0.024365473746646698,0.9999999629999999,0.6373768720981645,0.414012693245085,0.1582797001262439,0.0018641857117218863,0.00042906453515747356,0.05540725313766825,2.2225060955631616e-05,921.7919760905128,4.312906151498038
11.346699723591291,0.9865460049812919,2.8466420590134835,0.6370065087655533,Si1,PU,combo_001,7.227921576935957,2.8083433509314712,gp,0.379838087153189,0.620161912846811,0.759676174306378,0.0,0.0,368.41886503659407,2.9258392814308074,0.5354655164544848,0.13441275231207342,0.4291977903993654,0.9999999629999999,0.6372480754622384,0.5470736144386388,0.3170275845418747,0.0009604955988762787,0.0010981021921130305,0.05518808920574938,4.664827559259317e-05,1033.1854759507562,13.823700417595045
15.824392920821762,0.8665200082274414,2.5994194660129377,1.2677294420338214,Si1,PU,combo_001,20.061048808037327,2.252448977076102,gp,0.6030463942672952,0.3969536057327048,0.7939072114654095,0.0,0.0,433.3540104630632,2.9167018416108736,0.8399907626176929,0.0,0.26921966183109824,0.9999999629999999,0.6372181896386795,0.7441381890254665,0.2926623682095656,-0.001013762709196377,0.0010235265383779994,0.055119956036075224,6.476799200215345e-05,1377.655031857996,19.509526973964594
15.818546077022335,0.8296078848427646,2.8313048015291065,2.4286934388648436,Si1,PU,combo_001,38.41839906964535,2.3488727877417253,gp,0.6028820814075573,0.3971179185924427,0.7942358371848854,0.0,0.0,438.35674900378683,4.2204668746286815,0.8634520203941793,0.0,0.26743871845411843,0.9999999629999999,0.6371865015850239,0.7754054251268861,0.3449738016875386,0.0005528268130521371,0.0011867890856021334,0.055116610172601575,6.0534904583025584e-05,1373.0105967345385,20.9376909334949
9.109939733909687,1.2139097095602782,2.0570931902367335,2.0730535767056693,Si1,Si1,combo_002,18.88539314895457,2.4971253970986993,gp,0.39205938010667296,0.607940619893327,0.7841187602133459,0.0,0.0,334.76093471277693,1.044930962208282,0.3776204935491153,0.052937465955513734,0.3144894925411123,0.9999999599999999,0.6371657156573751,0.4034387656393487,0.22396758003416573,0.0010961970964010438,0.0009910455359046586,0.05538826161768284,6.928011811056401e-05,859.9656337955423,11.328621600728676
14.087615333188165,1.1680344778409593,1.583035758990568,0.5223517580842864,Si1,PU,combo_001,7.358690636505988,1.8490403461561147,gp,0.6054026186308477,0.39459738136915234,0.7891947627383047,0.0,0.0,403.0510565158428,2.1737728375827494,0.6978795153163494,0.0,0.29042888530444705,0.9999999629999999,0.6371179840603624,0.6382209428630473,0.2658827178347203,0.0004511896020391366,0.0010101511557645874,0.05533912543512215,3.4556699690379595e-05,1241.8530766006734,10.856640408777892
10.735441199869465,1.0413866509659049,2.6052701738032007,0.7970323985986597,Si1,PU,combo_001,8.556494449546832,2.713093581158276,gp,0.39541821523476983,0.6045817847652302,0.7908364304695397,0.0,0.0,360.51753650785616,2.4348295654561647,0.4984107905517769,0.030545231768201262,0.28252010150763823,0.9999999629999999,0.6370862561614662,0.5008099467330758,0.2752243638123838,0.0008494928237057177,0.0011014476390099328,0.05524043193573397,8.255769145579636e-05,992.697797210739,13.466795785525411
11.13223984669734,1.4352850152575443,1.3352537737881336,0.5642790332104205,Si1,PU,combo_001,6.281689538160895,1.9164697330841949,gp,0.3841011295656074,0.6158988704343926,0.7682022591312148,0.0,0.0,351.3414618216749,1.84997097219457,0.4553779092935748,0.1059924695626176,0.3876546080400902,0.9999999629999999,0.637023275518632,0.4744614292764465,0.2674082104902864,0.0008443035654815773,0.0009411897748895925,0.055228682609325355,9.216432496181678e-05,976.4184367284153,12.48162127271418
9.400404903837579,1.5284613898040642,1.1631007932917585,0.6895390753999371,Si1,PU,combo_001,6.4819465057771986,1.7777546549969307,gp,0.6189568683111304,0.3810431316888696,0.7620862633777392,0.0,0.0,323.3414945978242,1.9933169484283264,0.32406693962676614,0.0,0.41577578801554055,0.9999999629999999,0.6369694535888806,0.3870075524422167,0.27740728125907316,0.0008260085658828858,0.0010362030067916134,0.055334627048137824,8.514897180663956e-05,836.8795486468846,15.383085669428386
11.43658514009007,0.9935215100491704,2.5396580665793436,2.2745813355160647,Si1,PU,combo_001,26.01344310168925,2.523204917316466,gp,0.6017553532948909,0.39824464670510906,0.7964892934102181,0.0,0.0,379.9826592811281,1.521756591421382,0.589696045481097,0.0,0.2549839380396343,0.9999999629999999,0.6369381473182417,0.5514352533729097,0.23427129516856934,-0.00011293931059294757,0.000961409724351598,0.05517566865354751,2.635920032438315e-05,1059.3055693019878,11.495353355469684
10.76105915012344,1.2756316791615374,1.7089310155199144,0.5572909720840776,Si1,Si1,combo_002,5.99704111442655,2.1799665408988997,gp,0.4101616832070363,0.5898383167929637,0.8203233664140726,0.0,0.0,346.36485240051996,1.7254815694185648,0.43203918880435277,0.0,0.143643508541124,0.9999999599999999,0.636923445985742,0.4322888029758336,0.22578610413652855,0.00101614175702916,0.001002773899249744,0.05524701443234145,9.177011690371683e-05,946.9176120150199,10.345110225209208
11.33878007510971,1.0273978542271518,2.598681503977488,0.7572046905264198,Si1,PU,combo_001,8.585777457720583,2.669879801006259,gp,0.38878837783917675,0.6112116221608233,0.7775767556783535,0.0,0.0,368.9635821729834,2.5421190615794167,0.53802006713669,0.07474414773882183,0.3426051331027883,0.9999999629999999,0.6368565030671502,0.5357811716947982,0.28856391722634567,0.000765775163756401,0.0010909356456536474,0.055188933256389315,5.0058413312467355e-05,1035.7400587171467,13.282036539554369
9.628398634812935,1.1068361240636349,2.2464923651274717,1.0596647341062548,Si1,PU,combo_001,10.202874479228075,2.4864989021562387,gp,0.5918512504425735,0.4081487495574265,0.816297499114853,0.0,0.0,346.124302727712,2.010749302552631,0.43091108709848575,0.0,0.1615924382302437,0.9999999629999999,0.6368160351576104,0.4365809825528189,0.23998279529752736,0.0007842046242296614,0.0010875744245667166,0.055341106521829414,7.979460933124807e-05,922.2534763095468,14.289647210128816
12.783833066105275,1.4257808008319184,1.2030940822420275,0.9604874237454206,Si1,Si1,combo_002,12.278710887254977,1.7153484440551798,gp,0.4181679708437116,0.5818320291562884,0.8363359416874232,0.0,0.0,374.74705972357407,0.5765634973442224,0.565142743357803,0.0,0.06744300659676618,0.9999999599999999,0.6367344692724821,0.504602993393787,0.16802216233228387,0.00029733255481977176,0.000952682679575817,0.05520862062742546,3.3077581990687734e-05,1048.3970542685654,3.892064196992347
10.221941148234349,1.588178361471495,1.1372131803418042,2.394554261255835,Si1,PU,combo_001,24.476992734810924,1.8060973653990344,gp,0.39508066431741895,0.604919335682581,0.7901613286348379,0.0,0.0,342.9278787625598,1.799849986119712,0.4159208720394899,0.032795571217207144,0.28237024897618623,0.9999999629999999,0.6366634619981303,0.4357355552497884,0.2495942644822719,0.0009280574348294703,0.0010362268105213318,0.05533430740171794,8.087878424125715e-05,892.5069390723288,16.044473949166832
10.120718065550875,1.2766974566424865,1.761672600415619,1.9164425040268436,Si1,Si1,combo_002,19.39577427209403,2.249122928387376,gp,0.39308359962313943,0.6069164003768606,0.7861671992462789,0.0,0.0,345.79818294704165,1.156220484406458,0.4293816887143736,0.046109335845737245,0.30098168576038076,0.9999999599999999,0.6366598959303502,0.4396031395099539,0.22642952178254713,0.001821098067423471,0.0004587618507546972,0.05537504946780818,5.49434950272634e-05,910.9899289787047,10.101318087444763
11.467864264568217,1.3459047858471735,1.393179297260106,0.6425604957563263,Si1,PU,combo_001,7.3687965471072125,1.8750866837255789,gp,0.612058063965776,0.387941936034224,0.775883872068448,0.0,0.0,361.2542158227661,1.799474583314343,0.5018655829949591,0.0,0.34889677443408895,0.9999999629999999,0.6366504456911416,0.5025451799381588,0.2595581039590885,0.0006121796861090649,0.000840344987593214,0.05519051522885628,6.883594668814422e-05,1018.9550526180388,11.02783653609228
8.012742219943641,1.646845309142959,1.14306651243752,1.2853039986463517,Si1,Si1,combo_002,10.298809615416006,1.8824537240461316,gp,0.40284830192160825,0.5971516980783917,0.8056966038432165,0.0,0.0,298.5739730471215,1.5867804394224132,0.20791511540977053,0.0,0.20895937595738648,0.9999999599999999,0.6365465101650918,0.2803353739965051,0.2299899090423527,0.00088899377096961,0.0011713742582138067,0.055280496707109834,9.814985129036785e-05,727.4655193302847,11.842894510341893
9.818777612835834,1.2036165117644646,2.023016465374093,1.482426742179404,Si1,PU,combo_001,14.555618508780292,2.434936021295643,gp,0.39733143543534766,0.6026685645646523,0.7946628708706953,0.0,0.0,347.72344084456324,1.1714727432688261,0.4384105379041289,0.017790430431015764,0.2593649049123515,0.9999999629999999,0.6364074859451643,0.44193739817458305,0.22080210216345458,0.0014820470430342834,0.0010088185523509275,0.05538232148288193,6.0060187030035425e-05,922.1282874291763,9.88466213808843
13.125387188665226,1.3205235239348276,1.3094714497993372,2.390014013999692,Si1,Si1,combo_002,31.369859320081908,1.7291878533810685,gp,0.5862959893083541,0.41370401069164586,0.8274080213832917,0.0,0.0,389.673377195034,1.6888701434723477,0.6351424403239654,0.0,0.10612237446555976,0.9999999599999999,0.6363521654852775,0.5702871156041135,0.21868145892757018,0.0007257918548356173,0.0010811322309407265,0.055283596969085524,2.135057798693148e-05,1097.9524595407033,11.879278569892277
14.129212832602672,0.9062092460864051,2.916705287448843,0.6384852859319061,Si1,Si1,combo_002,9.021294495417074,2.6431452995952474,gp,0.3907384717074649,0.6092615282925351,0.7814769434149298,0.0,0.0,397.61860532467705,2.9560923331170605,0.6724030414377675,0.061743521950234165,0.32024332202301525,0.9999999599999999,0.6363234589521265,0.6323830213402987,0.30190446676391214,0.0005191467725347646,0.0010933845022030697,0.05529364621776747,5.580017219442362e-05,1191.9133442061463,12.630368769471442
12.464266258102484,1.4171459686788523,1.1814629696536907,1.8487116491669155,Si1,PU,combo_001,23.04283422967218,1.674305484588073,gp,0.5870300925469394,0.4129699074530606,0.8259398149061212,0.0,0.0,379.7430205099815,0.6724257902974738,0.5885722156152454,0.0,0.11250464151091266,0.9999999629999999,0.6362920372920665,0.5266143476100777,0.17864736747573812,0.00045517370688148186,0.0009045423211944151,0.055215508200107136,8.812528467000117e-05,1065.1749969358382,7.114815256107689
11.337893631620643,0.9966013579575245,2.740712980986269,2.055528607032673,Si1,PU,combo_001,23.305364703289793,2.7313982786227307,gp,0.3996400381583669,0.6003599618416331,0.7992800763167338,0.0,0.0,376.26442269237526,1.5032827922829073,0.5722586946436342,0.0023997456108874418,0.23651780512871454,0.9999999629999999,0.6362409291419411,0.5371696327323483,0.2307563590605719,0.0001868848124513009,0.0009762589099186388,0.055189263328997276,4.9798214089024334e-05,1041.8234188240774,10.278405193905042
8.999349215977196,1.616957540736541,1.1652209384621837,0.5970988761274132,Si1,PU,combo_001,5.3735013027381004,1.8841127830705369,gp,0.37679541344985523,0.6232045865501448,0.7535908268997105,0.0,0.0,312.5631043918269,2.2914236331286295,0.27351970655032365,0.1546972436676319,0.4485321609696154,0.9999999629999999,0.6360869267456123,0.35833501910757143,0.294342861034284,0.0010059660992093682,0.0010880619544311122,0.05538943820591182,7.643358720524e-05,797.629684339734,15.962427209230015
13.322082053278097,1.4004201380049512,1.1303101895069994,0.8246264588093812,Si1,PU,combo_001,10.985741347562728,1.5829091515777947,gp,0.6048286621146701,0.3951713378853299,0.7903426757706598,0.0,0.0,386.51079267947523,1.1681050650689822,0.6203109215557037,0.0,0.2769451725400354,0.9999999629999999,0.636076888256277,0.5709868898930525,0.22330332970620279,-0.00027706064965185486,0.00031535066390010356,0.055237220526385584,5.484316357786172e-05,1112.436644792594,7.795290091949348
12.666199006151976,0.985043591650181,2.6294554176321614,0.9454057861213356,Si1,Si1,combo_002,11.97469782858039,2.590128208668411,gp,0.38473429608768583,0.6152657039123142,0.7694685921753717,0.0,0.0,381.4882731067262,2.3531431208188103,0.5967568970100455,0.1017713594154279,0.3733350359023988,0.9999999599999999,0.6359458953243209,0.5777924937755106,0.28555233135919567,0.00046608195779624295,0.0011237217439803494,0.055207532881400984,6.005029737714456e-05,1092.4490958249432,10.797199121706806
8.060988859505239,1.4736440485203972,1.4385067336422543,2.1740286439706673,Si1,PU,combo_001,17.52482067929283,2.1198468867884244,gp,0.39309914226089404,0.606900857739106,0.7861982845217881,0.0,0.0,317.4580933184731,2.348777634693054,0.2964756527958138,0.046005718260706534,0.29400507527738384,0.9999999629999999,0.6357847293834356,0.35961232636056617,0.273476785256761,0.0007816905343414224,0.0010049224434472985,0.055284944813990725,9.648846488714155e-05,772.0881967757446,16.341712362096274
8.983199052012148,1.2983732533429069,1.8044852884866633,1.382618858119435,Si1,Si1,combo_002,12.420340415552626,2.342895434621843,gp,0.38916426059907394,0.6108357394009261,0.7783285211981479,0.0,0.0,325.57348463861035,1.2421112185744043,0.33453426532751335,0.07223826267284053,0.330687618415642,0.9999999599999999,0.6357792179711783,0.37717020035979615,0.23434923552375048,0.0011846266724913563,0.0011161217039737691,0.05539905399359796,7.46310185650419e-05,833.7953738817412,12.232131381884846
12.063416699837257,1.0481101870070733,2.20139287004895,0.5665291595834598,Si1,PU,combo_001,6.8342773246638755,2.3073022927030427,gp,0.6196850907261648,0.38031490927383516,0.7606298185476703,0.0,0.0,379.0544439098227,2.690376959312971,0.5853430096546146,0.0,0.41318497445007535,0.9999999629999999,0.6357668445699987,0.5776734964546131,0.30512987644732487,0.0007523700188563033,0.001052728461666918,0.05517090736628963,4.036064063941432e-05,1102.9462528451809,13.773842971686117
10.254909303487654,1.08320127068363,2.2629356529428604,0.9582000182974557,Si1,Si1,combo_002,9.826254282240619,2.451214774742996,gp,0.6075759286037226,0.39242407139627744,0.7848481427925549,0.0,0.0,348.1137857970568,2.3042457793556763,0.44024113198328235,0.0,0.3001333314091933,0.9999999599999999,0.6357626427253498,0.4603478750387099,0.2726001309946044,0.0006945555694673237,0.001084748807073824,0.05532150571439983,7.371228596260199e-05,937.1838341099595,11.678156072820746
15.324130058023586,1.2317631679910517,1.2809260113108454,0.7932696429464074,Si1,PU,combo_001,12.15616717959268,1.5777974816543885,gp,0.6195664244852708,0.3804335755147292,0.7608671510294585,0.0,0.0,419.0872400354772,1.8861862896922734,0.7730841321962008,0.0,0.41066860719182097,0.9999999629999999,0.635586365814985,0.6995744711472287,0.27232081109624456,3.6791605882776886e-05,0.0009516926697568857,0.05515871663776532,7.478182412291492e-05,1292.8027685308525,9.359242071196654
10.02595108984517,1.1530556411676733,2.0305828581636742,1.4874063057824989,Si1,PU,combo_001,14.912662872502624,2.341375019464002,gp,0.603734215419081,0.396265784580919,0.792531569161838,0.0,0.0,353.1211114340677,1.3881617475152135,0.4637239017871446,0.0,0.2621860185249087,0.9999999629999999,0.6354947305596484,0.4624356329572398,0.2299639596668533,0.0014967033129665778,0.0009957492406730468,0.055405986691732426,1.988256925712152e-05,944.9312754164374,10.42493455126155
12.507582748640605,1.1451149226691735,1.8034174225006556,0.7128775781380994,Si1,Si1,combo_002,8.916375298212786,2.0651202023070785,gp,0.6100940203592131,0.3899059796407869,0.7798119592815738,0.0,0.0,378.1300953803235,1.9540431757748788,0.5810081080903287,0.0,0.3207971966652257,0.9999999599999999,0.6353990342890428,0.5569159843867244,0.26157664919918505,0.00015313357268797626,0.0008498201125402361,0.055216706395554864,8.324546550468143e-05,1093.6294891103803,10.870888504715595
15.517708846484215,1.2282063081332115,1.2650296143341793,0.8154080195455682,Si1,PU,combo_001,12.653264238396437,1.5537173523005627,gp,0.6221597930237976,0.37784020697620235,0.7556804139524047,0.0,0.0,421.86055701929786,1.9433243444671704,0.7860901096470858,0.0,0.4330886961678737,0.9999999629999999,0.6353577357955809,0.7115790294941902,0.27798810276073077,0.0001095247907912342,0.0010087122924522262,0.055087855950031676,2.4585103833401356e-05,1305.1807911149,9.391073305942106
8.390356482643622,1.0809288449265377,2.433434768219045,1.1474825147701406,Si1,Si1,combo_002,9.627787356521855,2.6303698332150893,gp,0.6090996360890699,0.3909003639109301,0.7818007278218602,0.0,0.0,323.8822768155452,2.77586757481166,0.3266030367878738,0.0,0.3107871561154615,0.9999999599999999,0.6353056290285157,0.38730078695822306,0.29321789100039775,0.0007966509887254602,0.0011509673310570782,0.055314922975635755,7.710575504686887e-05,839.1276527670633,14.983176465761163
9.2614448575292,0.9853635049972345,2.7803077502907954,2.3215902720833093,Si1,PU,combo_001,21.501280286675783,2.739613789797514,gp,0.6250770574221463,0.37492294257785375,0.7498458851557075,0.0,0.0,351.76078230857536,2.130390213945127,0.4573443894432071,0.0,0.4593650363004693,0.9999999629999999,0.6352358472583517,0.48624009964649084,0.2894735947667667,-0.0003001162452033879,0.00087467255284251,0.05537624037843153,3.321280728856206e-05,919.2283819683745,11.403412023803718
13.10355119922124,1.2602217088280392,1.4424824488399097,0.5283494302662529,Si1,PU,combo_001,6.923253810573217,1.8178476966314856,gp,0.6082162056060554,0.3917837943939446,0.7835675887878892,0.0,0.0,387.0543608187615,1.8012380237348855,0.6228600838057531,0.0,0.3019854150499708,0.9999999629999999,0.6352343521290554,0.5825705135625718,0.25259251653491227,0.0005309210125769173,0.0008520174643779166,0.05529139898659154,2.7254715431540403e-05,1149.2883390607033,9.817230305740168
15.979594504474987,0.9140362735646852,2.2902504557963645,0.5997738912207813,Si1,Si1,combo_002,9.584143576079175,2.0933719921459306,gp,0.607092515266686,0.39290748473331405,0.7858149694666281,0.0,0.0,423.67183426050497,3.776998381954084,0.7945844256931321,0.0,0.2908865448857919,0.9999999599999999,0.6351560665400768,0.724433087581967,0.33060666261155236,0.0004702567781967701,0.001114396120691291,0.05517319363024577,8.559759093629667e-05,1350.4918826100547,22.685683088577946
8.045788709078648,1.4141991829581744,1.4329387845794783,2.443644179202147,Si1,PU,combo_001,19.661044746030395,2.0264608583813777,gp,0.5959710468251558,0.4040289531748442,0.8080579063496884,0.0,0.0,321.99766231305614,2.6440307502178646,0.31776479223595977,0.0,0.18628787985086392,0.9999999629999999,0.6350538002378129,0.3671450170983023,0.2692262502957837,0.00014557877559535947,0.0010613487899896342,0.0552833380239078,9.718871399503676e-05,781.8369708952223,18.17048753480695
15.578263276665716,0.9611173562615749,2.1387389463708075,2.308018052700416,Si1,PU,combo_001,35.95491287226441,2.055579121869577,gp,0.6077684679399056,0.3922315320600944,0.7844630641201888,0.0,0.0,436.27589505198665,3.017742698827042,0.853693475037271,0.0,0.2952716187027081,0.9999999629999999,0.6349096129367294,0.7574995125324399,0.30064496368168414,0.0004866703552439286,0.001152376070246387,0.05507241698758551,3.098480468585723e-05,1373.711949155262,17.743599031736483
8.534286718538564,1.0440871798228286,2.6038647057229776,1.011427076172275,Si1,PU,combo_001,8.63180866294734,2.718661757238503,gp,0.5971096196462611,0.4028903803537389,0.8057807607074778,0.0,0.0,332.56454063657856,3.0181269341001373,0.3673201016375715,0.0,0.1951752399862228,0.9999999629999999,0.634830981718502,0.40703294057812234,0.2856460024141334,0.0007446833268527923,0.0011343451496136142,0.05533946553756419,6.000886780383482e-05,866.4012910545903,17.81998040984115
9.066455172552647,1.6529935954061945,1.109408633601214,1.6954632236120173,Si1,Si1,combo_002,15.37184131358996,1.833845366031144,gp,0.3746919076332915,0.6253080923667085,0.749383815266583,0.0,0.0,315.0760620338911,1.7014628814497315,0.2853046812280791,0.16872061577805664,0.4581769322473527,0.9999999599999999,0.6348074028914805,0.3607512380748548,0.27199748580372757,0.0015658469671014272,0.0010957311775984374,0.05537642561766303,8.077766374838285e-05,788.3625030425428,10.69066596437762
9.362103550176375,1.2324604628424216,1.8332831330018342,0.9289450160307344,Si1,Si1,combo_002,8.696879432499989,2.2594489786206453,gp,0.6012854771551872,0.3987145228448128,0.7974290456896256,0.0,0.0,330.6647144094601,1.7046056883711898,0.358410518919601,0.0,0.23386748773784033,0.9999999599999999,0.6347948011356934,0.38953059256055905,0.23847781306136623,0.0005195360435238322,0.0008726491191529008,0.05534944587272111,6.897435097659727e-05,863.5550166106701,12.72464549952406
14.7534658963604,1.1677674037252763,1.6700732254575847,1.08209922665238,Si1,PU,combo_001,15.964714036893849,1.9502570745237018,gp,0.3846484544931741,0.6153515455068259,0.7692969089863482,0.0,0.0,414.3429344470157,1.45852970903437,0.7508348430368236,0.10234363671217289,0.36469271209861487,0.9999999629999999,0.6347361183612394,0.6744747661706831,0.24817778113745015,0.00016394789097949044,0.0010845772115322177,0.05516092242783735,6.348608688949851e-05,1291.7675621217172,10.980894097128324
15.067053593317443,0.8712307009080855,2.984099048963161,1.8096442285511343,Si1,Si1,combo_002,27.26600657641754,2.5998387060073265,gp,0.40968595698217314,0.5903140430178269,0.8193719139643463,0.0,0.0,415.5493104252632,1.6219112078494926,0.7564923639267583,0.0,0.12982321098282595,0.9999999599999999,0.6345841648892769,0.6568306208199405,0.2195362470526689,0.0017115601632827389,0.0008336504240350928,0.05520688745312448,7.211202829265015e-05,1262.0199123141467,9.451751475512886
10.816032068681336,1.1196918990935867,2.232849623792358,0.5030325359745532,Si1,Si1,combo_002,5.440816040690866,2.500103635654466,gp,0.39228624313068394,0.6077137568693161,0.7845724862613679,0.0,0.0,351.04643255216365,2.544503165060636,0.45399431555041453,0.05142504579544052,0.2919045555686645,0.9999999599999999,0.6345436851265545,0.4719205580294524,0.2810549768908349,0.0010667712790317894,0.0010755937587478377,0.05524312441313409,9.084685553451971e-05,963.068159282447,12.318454819684614
8.00798293014648,1.2189083174898525,2.1704572442672276,0.7054730383486637,Si1,Si1,combo_002,5.649416048774673,2.645588387793428,gp,0.3917778141334054,0.6082221858665946,0.7835556282668108,0.0,0.0,310.2776525922712,2.7903346161642144,0.26280166214951506,0.05481457244396414,0.2964304642303961,0.9999999599999999,0.6345155748424773,0.34137084998068473,0.2916478178200056,0.0011327104281001464,0.0010380145298208283,0.05528646993163589,9.363359222138642e-05,793.3637658807568,18.600827916680398
15.609570642519827,0.8290722543012783,2.872469977374095,1.5935540704697144,Si1,Si1,combo_002,24.874694835672027,2.3814851595542827,gp,0.5985617631585569,0.4014382368414431,0.8028764736828862,0.0,0.0,423.6353231131805,2.5144451801316343,0.7944131999870271,0.0,0.2062377046887712,0.9999999599999999,0.6345118835413013,0.7013007531254852,0.26699276303322794,0.0011350892678739515,0.0008995639073767818,0.05508205891754755,4.8145105716962535e-05,1308.5849935439398,16.132771926532246
9.036509871336001,1.565072135207995,1.1084495928933653,2.365293584577485,Si1,PU,combo_001,21.373998825642158,1.734803571120052,gp,0.6045169371266468,0.3954830628733532,0.7909661257467064,0.0,0.0,328.13363655215977,2.109705158049431,0.3465405661768997,0.0,0.26162033655701955,0.9999999629999999,0.6344863917345268,0.3886646127261952,0.25897769749687494,0.0004461376440169869,0.0010284610566885343,0.055378613879951015,8.042523628519457e-05,817.0517950740873,18.085319479286337
14.814255788272302,2.495303579651848,2.9656099721717633,2.097424517516567,Si1,PU,combo_001,31.071783299084043,7.400097179411419,gp,0.3333662541554645,0.6666337458445355,0.666732508310929,0.0,0.0,354.7130160169537,4.203687027753717,0.4711894296116822,0.4442249722969034,0.8407616680973701,0.9999999629999999,0.6344075356654166,0.5579605631079294,0.4302955421096578,0.0005461777541060047,0.001133131092554832,0.0552562664649998,0.00010009519471283536,1014.4127935629583,22.732359885453192
14.834214456823904,0.984035508520284,2.153824463197748,1.9273173944453006,Si1,PU,combo_001,28.590239555568658,2.1194397509062237,gp,0.5933719075727595,0.4066280924272405,0.813256184854481,0.0,0.0,424.8738929283077,1.5238729394581874,0.8002216997657646,0.0,0.1561017474375431,0.9999999629999999,0.6342944477347067,0.6889393776358191,0.2195243152117352,0.0003603713753321271,0.0008019924645417113,0.05516328138264526,7.196965229756487e-05,1322.6047736374503,11.715000075811082
13.621340403895678,0.9693515922649321,2.365995547954376,2.4556914645514043,Si1,Si1,combo_002,33.4498093655958,2.2934815517013147,gp,0.6040701178680763,0.3959298821319237,0.7918597642638474,0.0,0.0,403.0288284074436,1.3468457014700235,0.6977752725347625,0.0,0.2552786110030149,0.9999999599999999,0.6342082188210059,0.6251047930743003,0.2272616438492803,0.0005184208546456875,0.0011380336814033002,0.05512964136014883,2.045370466450769e-05,1180.7527634288379,7.8700143392231885
9.257919353948978,1.281309430926307,1.8278029678740073,0.9595903239522097,Si1,Si1,combo_002,8.883809831979331,2.341981180612059,gp,0.3969904721996045,0.6030095278003955,0.793980944399209,0.0,0.0,326.96403481401336,1.4659761113534948,0.34105550481478614,0.020063518669303594,0.24535780337226779,0.9999999599999999,0.6342054047008143,0.3757815383704466,0.23057784482588373,0.0005328508393701945,0.0008716553003428244,0.05536696883318317,5.966047017016026e-05,849.8979361141596,12.439281444813561
10.24009364508427,0.968402173333598,2.8056285702395316,1.1378022044877043,Si1,Si1,combo_002,11.651201123537414,2.7169768049867975,gp,0.6040242196115173,0.3959757803884827,0.7919515607769654,0.0,0.0,350.9665981766772,2.7290978506632477,0.4536199176386578,0.0,0.2545478727298579,0.9999999599999999,0.634169485172019,0.47004977761899347,0.282895856905794,0.0008014396034784134,0.001107991969195523,0.05532044916555644,6.660995089415004e-05,944.0858823872015,13.806410264474708
11.020478909470087,1.4369948427697246,1.3308661504539603,2.0260673868891637,Si1,Si1,combo_002,22.3282329063772,1.9124477946191372,gp,0.37791040845672796,0.622089591543272,0.7558208169134559,0.0,0.0,353.5623739084483,1.4306864387592437,0.4657932829019602,0.1472639436218137,0.4223965606339219,0.9999999599999999,0.6340719382941935,0.4803952384476227,0.2557104873300927,0.000346818724473695,0.0007501345814641953,0.05523901943718678,9.592598873001789e-05,947.3345511667999,11.666873991331892
15.626590932814025,1.1908882776339667,1.5397077827662708,0.8061082803838093,Si1,PU,combo_001,12.59672434511194,1.833619949478138,gp,0.3843145333565303,0.6156854666434697,0.7686290667130606,0.0,0.0,422.40055797007415,2.0440256111430264,0.7886225429139017,0.10456977762313134,0.3624969444288998,0.9999999629999999,0.6340555687141829,0.7074528738487318,0.2714604468457225,0.00014190104932126327,0.0010013897331281345,0.05507833360341251,3.722772480885664e-05,1340.6049139975441,12.897101149048721
8.358599713614161,1.120355417367168,2.539160418336956,1.0532442912674806,Si1,PU,combo_001,8.803647431354115,2.844762130248093,gp,0.3987133908030671,0.6012866091969329,0.7974267816061342,0.0,0.0,327.08569738909495,2.771708027643376,0.3416260637221736,0.008577394646219389,0.22768538122727291,0.9999999629999999,0.6340014785938872,0.3894588008237283,0.28058487791826925,0.0007524289873702016,0.0011363504508342017,0.05530951138494317,7.506985950358593e-05,846.0356567436163,18.157065073236847
8.752518355252034,1.6449842449474599,1.132523098841331,1.2749712041434327,Si1,PU,combo_001,11.159208866683183,1.8629826546330646,gp,0.3854874990053361,0.6145125009946639,0.7709749980106722,0.0,0.0,312.85263876586873,2.0064418257368812,0.2748775309757364,0.09675000663109296,0.35038490982235515,0.9999999629999999,0.6339064069866578,0.346187108127775,0.26812795299218706,0.0010021535459470955,0.0011433692787818958,0.055424493767997206,9.695080753531057e-06,781.5483996999005,15.30777570994562
15.061968473914556,1.1813738554275015,1.4479877731167263,1.1374062943728622,Si1,Si1,combo_002,17.13157774787603,1.7106148981387892,gp,0.598890517926435,0.401109482073565,0.80221896414713,0.0,0.0,412.8495621179371,1.51546744548075,0.7438314002457246,0.0,0.20436816838422933,0.9999999599999999,0.6338793035588235,0.6541959586393269,0.22642529895877317,0.00017747817074217578,0.0010146634316451787,0.055203519139901805,8.913622601844599e-05,1269.9616682775195,11.540848044289428
8.337032771907719,1.6970821539732057,1.1005899258374168,2.353423487348137,Si1,Si1,combo_002,19.62056874019877,1.867791521981374,gp,0.3624893871537438,0.6375106128462562,0.7249787743074876,0.0,0.0,308.2234630556447,2.386977637117114,0.25316816444655804,0.25007075230837483,0.5648173290032824,0.9999999599999999,0.6338786555139932,0.35681846376654913,0.31563916248819823,0.0003105538106511216,0.0009977733640269446,0.05531051952690038,9.146587901542899e-05,744.8103141019054,16.72506575273498
15.21710303737855,2.498335468886948,2.9396780882940217,1.9984124732557123,Si1,PU,combo_001,30.410048516714678,7.3443020350947315,gp,0.3306954527901098,0.6693045472098902,0.6613909055802196,0.0,0.0,359.4789856206169,4.280500735919943,0.49354031613438026,0.4620303147326013,0.8610986183738019,0.9999999629999999,0.6338194580363479,0.5765249538957476,0.4364438478311248,0.0004527116344310453,0.0011050678925696186,0.05527703038408023,9.858199682963149e-05,1041.4091830762088,22.23855444371889
11.162735822548937,1.0566725057627906,2.2739041931816013,0.9649217155235881,Si1,Si1,combo_002,10.771166199830532,2.4027720416737193,gp,0.6097647966315947,0.39023520336840534,0.7804704067368107,0.0,0.0,361.75106891498285,2.295740444056537,0.5041956664839624,0.0,0.30526174755381014,0.9999999599999999,0.6338024794008186,0.5055308892688687,0.2730263880445704,0.0006395221812747899,0.0011010013723291691,0.05522122328706289,8.650837128988732e-05,997.0547437564219,11.434853953774283
15.431632521829753,1.0493831410690186,1.7792354345036663,0.7648834285267914,Si1,Si1,combo_002,11.803399991062678,1.8670996689607575,gp,0.6195581604389702,0.38044183956102984,0.7608836791220597,0.0,0.0,417.7142146000757,2.560794728557755,0.7666450781838023,0.0,0.3966643417960182,0.9999999599999999,0.633802205940803,0.7014397877542577,0.2974259552303832,0.00015123060645417434,0.0009763098934956842,0.055110173256033984,4.876657896410117e-05,1320.832288358814,16.912807154221305
15.236434321194242,1.0479170783671927,1.8210356639687775,2.0673163339945066,Si1,Si1,combo_002,31.49852954403936,1.9082943725886221,gp,0.6128107135006644,0.3871892864993356,0.7743785729986712,0.0,0.0,422.5701364382699,2.0697900889673386,0.7894178121695896,0.0,0.3332960859821211,0.9999999599999999,0.6337519772957847,0.7053863437703507,0.2681193541843088,0.00027570399613267995,0.0009276602691436186,0.05519179129901532,7.92435373219819e-05,1304.3874287081915,15.355647660476661
8.468530328682139,1.321604100215511,1.6406583799348484,1.1644836504954834,Si1,Si1,combo_002,9.861465111475493,2.1683008419748333,gp,0.6034077797165196,0.3965922202834804,0.7931844405669608,0.0,0.0,316.85700831995604,1.3428646921358807,0.29365675471009683,0.0,0.2454803184896505,0.9999999599999999,0.6337449247423876,0.3411961307232012,0.22563135279353685,0.0008041883798255772,0.0011118647559541649,0.05533647259810055,7.867727729079446e-05,798.8338551097065,13.122181870521256
11.552894408493861,1.4660682701828593,1.2372991212722617,2.4638351050135583,Si1,Si1,combo_002,28.464426808162024,1.8139649824223967,gp,0.3939361014328142,0.6060638985671858,0.7878722028656284,0.0,0.0,362.1606751134118,1.8487890951332722,0.5061165897003091,0.040425990447905395,0.2699477298417813,0.9999999599999999,0.6337035422680601,0.49819419942841725,0.24970451526534693,0.0010542703431813984,0.0010899375877681152,0.05519029875897087,7.552089306291001e-05,974.7510278681942,13.346227910787624
11.53136680348478,1.07161235630344,2.3359831829235005,1.1399076395113772,Si1,Si1,combo_002,13.144693113300189,2.503268442937862,gp,0.39476290632268274,0.6052370936773173,0.7895258126453655,0.0,0.0,366.5489314686881,1.9675130905441436,0.5266961208315825,0.03491395784878189,0.26218873524382746,0.9999999599999999,0.63369814270316,0.513191952369877,0.25332859820842724,0.000798776231104086,0.0009356343878739875,0.05517599514594069,4.6135066178627985e-05,1016.3419219353888,10.382596099492238
8.239957231049505,1.0595755724634017,2.880831303179508,0.6724689816256946,Si1,Si1,combo_002,5.541115647803139,3.0524584772369145,gp,0.3946127540698683,0.6053872459301317,0.7892255081397366,0.0,0.0,317.4348258821587,3.769335604249217,0.2963665358957945,0.03591497286754489,0.2633993061772784,0.9999999599999999,0.6336736935238112,0.37284354757007676,0.32617455031511666,0.001240291779392621,0.0010604479740434518,0.055303690762736224,7.794142648248159e-05,827.4679678765212,20.875959330099505
14.654553184940843,0.9529341923477038,2.3236914225228062,1.9421042083593358,Si1,PU,combo_001,28.46066941209932,2.2143250089870574,gp,0.5953123869446983,0.40468761305530165,0.8093752261106033,0.0,0.0,422.5845766220698,1.457387414267145,0.7894855320537512,0.0,0.16887368603239344,0.9999999629999999,0.6336104600536832,0.6819351839444378,0.21875886046736312,0.00031610118042659337,0.0007728746452666805,0.055150364895404466,2.7867875352995688e-05,1306.3099097279146,11.41423154469288
12.978348086016952,1.065139237114486,2.1890435207269476,1.4808772930406424,Si1,PU,combo_001,19.219340981759988,2.3316361456775097,gp,0.38671900292365535,0.6132809970763446,0.7734380058473107,0.0,0.0,395.85788201256526,1.2252626081892182,0.664145807292457,0.08853998050896444,0.3357680581823188,0.9999999629999999,0.6335063533918748,0.6082121882584746,0.23443182680167768,0.0010000854099040054,0.0008967720007876583,0.05529787379263961,3.344778267510644e-05,1175.180517307501,7.008273950708646
15.353397932015406,1.278181444343235,1.2006261400567066,1.3017279370276398,Si1,PU,combo_001,19.985947016406847,1.5346180538139247,gp,0.5873730358597129,0.4126269641402871,0.8252539282805742,0.0,0.0,421.4274884559712,1.060472085636979,0.7840591553774608,0.0,0.09385856842201196,0.9999999629999999,0.6334933054997695,0.6660618072253929,0.19149968832969372,0.0004311369529956564,0.00040973953768478575,0.055147546321108756,7.074929808149495e-05,1275.5133837795306,6.418460868156038
8.115320458712468,0.9803293863291993,2.9223379326094285,0.8297113916388624,Si1,PU,combo_001,6.733373831393653,2.864853752121542,gp,0.6140509097603797,0.3859490902396203,0.7718981804792406,0.0,0.0,327.5294611885226,4.160658141613607,0.34370717525848404,0.0,0.3425614649685638,0.9999999629999999,0.6334560785590412,0.4184071704336238,0.35383023154068466,0.0009247944251490018,0.0011447678706603026,0.05529556615236334,8.686356833031372e-05,848.0061471898084,23.18188972849989
11.929410227657954,1.4181166089108697,1.2186912841155861,0.8422823401675814,Si1,Si1,combo_002,10.047931563370822,1.7282463511392283,gp,0.590768101743123,0.409231898256877,0.818463796513754,0.0,0.0,361.90690350706166,0.8435125149639928,0.5049264813177765,0.0,0.12443759536992274,0.9999999599999999,0.6333513302501128,0.4712269515113583,0.18733693998721712,8.209294886125571e-05,0.0007561601100276431,0.05516512491597741,4.881578529773589e-05,997.0672718649761,7.103329386141489
8.665247313731406,1.3720006232205002,1.488560383597434,2.263383565973902,Si1,Si1,combo_002,19.612778364999166,2.0423057739970263,gp,0.6194252896159185,0.3805747103840815,0.761149420768163,0.0,0.0,325.40773457976115,1.6856196961519612,0.3337569500979698,0.0,0.3905509892954899,0.9999999599999999,0.6331779130948292,0.38772268110489827,0.26121466626802003,0.00035035382384927425,0.0010264242196273247,0.05540161473733465,4.4381091403498256e-05,809.3579532078417,13.41568743951967
15.321261445546076,0.8817796315240964,2.9248711504889657,0.5551546170018666,Si1,Si1,combo_002,8.505669029787597,2.5790918053336203,gp,0.3928864018172362,0.6071135981827638,0.7857728036344724,0.0,0.0,411.2679193253871,3.5146821568490463,0.7364139969646466,0.047423987885092014,0.2753335999110964,0.9999999599999999,0.633138421720685,0.6791359910091936,0.31769496398657454,0.0005683504721938314,0.0011486299599680655,0.055199501438512724,5.975900646693729e-05,1274.3036727672225,16.44813254738188
12.415444984554384,1.2647178357682045,1.5994150807142904,0.9023885551724755,Si1,PU,combo_001,11.203555461435387,2.0228087793760055,gp,0.39501609219598777,0.6049839078040122,0.7900321843919755,0.0,0.0,379.28963340022665,1.463462626821279,0.5864459738043041,0.033226052026748366,0.25542977490410607,0.9999999629999999,0.6331349997589291,0.5485331028427939,0.2319872765484124,0.00017428784843172252,0.0008869314593107747,0.0552160880303127,8.63173266502916e-05,1109.675009292031,8.629483969744557
11.802458125498578,1.0764155380650244,2.1161437057778234,2.282232392312232,Si1,Si1,combo_002,26.935952242921562,2.2778499656777504,gp,0.6057838955609327,0.3942161044390673,0.7884322088781346,0.0,0.0,376.99518831021635,1.2861074409494124,0.575685753722337,0.0,0.26266341241528984,0.9999999599999999,0.6331051614124952,0.5396807619466113,0.22591989571035573,8.874590596914431e-05,0.0009727468511620426,0.05518076434671336,7.457288415299344e-05,1050.3718829273262,10.010690485797726
