{
  "input_csv": "initial_dataset.csv",
  "model_kind": "gp",
  "objective": {
    "constraint": "p_tp <= 0.5",
    "maximize": "tmax_pred_given_notp"
  },
  "n_training_rows": 140,
  "n_valid_combos": 14,
  "trials_per_combo": 80,
  "top_k_per_celld_bin": 10,
  "n_total_evaluations": 1120,
  "n_total_feasible_evaluations": 753,
  "gp_params": {
    "kernel": "Matern32",
    "constant": 1.5751320499779735,
    "length_scale": 0.8066708658064159
  },
  "tmax_params": {
    "kernel": "Matern32",
    "constant": 2.934468834676318,
    "length_scale": 0.6916370856988064,
    "noise_level": 4.7269920584759407e-07,
    "alpha": 3.265141291769448e-10,
    "normalize_y": true
  },
  "trust_weights": {
    "feasibility_margin": 0.35,
    "tmax_uncertainty": 0.3,
    "clf_uncertainty": 0.2,
    "data_support": 0.15
  },
  "cell_d_trial_quota": {
    "col": "A_Cell_D",
    "bins": [
      8.0,
      10.0,
      12.0,
      14.0,
      16.000001
    ],
    "labels": [
      "8-10",
      "10-12",
      "12-14",
      "14-16"
    ],
    "ratio_by_label": {
      "8-10": 0.2465753424657534,
      "10-12": 0.273972602739726,
      "12-14": 0.2191780821917808,
      "14-16": 0.2602739726027397
    },
    "trial_quota_by_label": {
      "8-10": 20,
      "10-12": 22,
      "12-14": 17,
      "14-16": 21
    }
  },
  "training_nn_count": 140,
  "runtime_sec": 49.043,
  "output_files": {
    "best_by_combo": "outputs\\z_surrogate_optimize_gp\\best_by_combo.csv",
    "top_overall_feasible": "outputs\\z_surrogate_optimize_gp\\top_overall_feasible.csv",
    "top_by_celld_bin": "outputs\\z_surrogate_optimize_gp\\top_by_celld_bin.csv",
    "summary": "outputs\\z_surrogate_optimize_gp\\summary.json"
  },
  "best_solution": {
    "discrete_combo_id": "combo_002",
    "A_Cell_D": 15.99812138448888,
    "C_Barrier_Thx": 0.44215603961645034,
    "E_Barrier_Outer_Thx": 2.9684035125168102,
    "F_ThermalResin_Thx": 1.9429044377446791,
    "B_Barrier_Type": "Si1",
    "D_Barrier_Outer_Type": "Si1",
    "p_tp": 0.43192859680300444,
    "p_notp": 0.5680714031969956,
    "tmax_pred_given_notp": 437.24777472944163,
    "tmax_std_given_notp": 2.3002003648751015,
    "clf_uncertainty_raw": 0.09723642719811866,
    "nn_distance_raw": 1.3869097037577351,
    "feasibility_margin": 0.06807140319699556,
    "robust_tmax_lower_95": 432.73938201428643,
    "is_feasible": true,
    "objective_score": 437.24777472944163,
    "cell_d_bin_label": "14-16",
    "cell_d_bin_weight": 0.2602739726027397,
    "cell_d_bin_trial_quota": 21,
    "n_trials": 80,
    "n_feasible_trials": 56,
    "trust_feasibility_score": 0.1928864954995221,
    "trust_tmax_unc_score": 0.20512519023289377,
    "trust_clf_unc_score": 0.41551473818965756,
    "trust_support_score": 0.3435921198341101,
    "trust_score": 0.2636895961077489,
    "trust_level": "low"
  }
}